"MB_CODE21","access_demo","accessibility_demo"
"50018380000",0.0427,0.01026473
"50018390000",0,0.01725348
"50018400000",0.0162,0.00840834
"50018420000",0,0.00818994
"50018430000",0,0.0150695
"50018440000",0,0.0149603
"50018450000",0,0.00797154
"50018460000",0,0.00939113
"50018470000",0,0.01146592
"50018480000",0,0.00971873
"50018490000",0,0.01124752
"50018500000",0,0.01223032
"50018510000",0,0.01102912
"50018520000",0.0583,0.00862674
"50018530000",0,0.01266711
"50018540000",0,0.00775315
"50018550000",0.0441,0.00655195
"50018560000",0,0.01539709
"50018570000",0,0.01528789
"50018580000",0,0.00655195
"50018590000",0,0.00644276
"50018600000",0,0.01026473
"50018610000",0.0131,0.01135672
"50018620000",0.0326,0.01539709
"50018630000",0.0162,0.01168432
"50018640000",0.007,0.01637989
"50018650000",0,0.01157512
"50018660000",0.007,0.00731635
"50018670000",0.007,0.00851754
"50018680000",0,0.01015553
"50018700000",0,0.01266711
"50018710000",0.007,0.00928194
"50018720000",0,0.01233951
"50018730000",0,0.01026473
"50018740000",0,0.00666115
"50018750000",0,0.01201192
"50018760000",0.0514,0.0138683
"50018770000",0.0514,0.01244871
"50018790000",0.0096,0.00960953
"50018800000",0.1038,0.01332231
"50018810000",0,0.01364991
"50018820000",0,0.01070153
"50018830000",0,0.01266711
"50018840000",0,0.01310391
"50018850000",0,0.01004633
"50018860000",0,0.00709795
"50018870000",0,0.01550629
"50018890000",0,0.01266711
"50018900000",0,0.01026473
"50018910000",0.0394,0.01059233
"50018920000",0,0.00677035
"50018930000",0,0.0138683
"50018940000",0.0166,0.01670748
"50018960000",0.08,0.02391463
"50018971000",0.0166,0.00622436
"50018972000",0.0166,0.00305758
"50019010000",0.065,0.01244871
"50019020000",0,0.01168432
"50019030000",0,0.01790868
"50019040000",0,0.00906354
"50019050000",0,0.01102912
"50019060000",0,0.01004633
"50019070000",0,0.00939113
"50019080000",0,0.01146592
"50019090000",0.008,0.00862674
"50019100000",0.008,0.01070153
"50019120000",0,0.01124752
"50019130000",0.008,0.01321311
"50019140000",0.008,0.00884514
"50019150000",0,0.00742555
"50019160000",0.0162,0.01135672
"50019190000",0.0162,0.01146592
"50019200000",0,0.01212112
"50019220000",0.0427,0.00589676
"50019230000",0.0068,0.00884514
"50019240000",0,0.01102912
"50019250000",0.0068,0.01102912
"50019260000",0,0.00535076
"50019270000",0.0068,0.01026473
"50019280000",0.0068,0.0143051
"50019290000",0,0.01288551
"50019300000",0,0.0145235
"50019310000",0,0.0140867
"50019320000",0,0.01124752
"50019330000",0,0.00720715
"50019340000",0.008,0.01244871
"50019350000",0,0.01910987
"50019360000",0.0188,0.01190272
"50019370000",0.0188,0.00808074
"50019380000",0.0205,0.01321311
"50019390000",0.0084,0.01310391
"50019400000",0,0.01354071
"50019421000",0.0021,0.00917274
"50019422000",0.038,0.00939113
"50019430000",0,0.00840834
"50019440000",0.0174,0.01070153
"50019452000",0,0.00611516
"50019453000",0,0.01801788
"50019500000",0,0.01594309
"50019510000",0.1004,0.01070153
"50019520000",0,0.0140867
"50019540000",0,0.00797154
"50019550000",0,0.01692588
"50019560000",0,0.00808074
"50019571000",0,0.00742555
"50019572000",0,0.00360358
"50019590000",0.0583,0.01637989
"50019600000",0,0.01070153
"50019611000",0,0.00720715
"50019612000",0,0.00698875
"50019640000",0,0.01758108
"50019650000",0,0.01321311
"50019660000",0,0.01561549
"50019680000",0,0.00829914
"50019690000",0,0.01102912
"50019700000",0,0.01102912
"50019710000",0,0.00698875
"50019720000",0,0.01528789
"50019740000",0,0.01354071
"50019750000",0,0.01616149
"50019760000",0,0.01539709
"50019770000",0,0.00797154
"50019800000",0,0.0141959
"50019810000",0,0.01048313
"50019820000",0,0.00655195
"50019830000",0,0.01244871
"50019840000",0,0.01015553
"50019850000",0.0759,0.01081073
"50019861000",0,0.00393117
"50019862000",0,0.00447717
"50019870000",0,0.00786235
"50019880000",0.0869,0.00709795
"50019890000",0,0.00840834
"50019910000",0.0759,0.00524156
"50019920000",0,0.01692588
"50019930000",0,0.01102912
"50019940000",0,0.01081073
"50019950000",0.0437,0.01288551
"50019970000",0,0.01026473
"50019980000",0,0.01037393
"50019990000",0,0.01605229
"50020010000",0,0.0149603
"50020020000",0,0.01233951
"50020030000",0,0.00742555
"50020040000",0,0.00939113
"50020050000",0.0525,0.00556916
"50020070000",0,0.01332231
"50020080000",0,0.01867307
"50020090000",0,0.01059233
"50020120000",0,0.01223032
"50020130000",0.0231,0.00578756
"50020180000",0,0.01124752
"50020190000",0.0261,0.0139775
"50020200000",0,0.0145235
"50020210000",0,0.01725348
"50020220000",0,0.0139775
"50020230000",0,0.01736268
"50020240000",0,0.01015553
"50020260000",0,0.00491397
"50020270000",0,0.00633356
"50020280000",0,0.01048313
"50020290000",0.031,0.00655195
"50020300000",0,0.01736268
"50020310000",0,0.01266711
"50020320000",0.022,0.01332231
"50020330000",0,0.01015553
"50020340000",0.0057,0.00808074
"50020350000",0,0.00840834
"50020360000",0.0415,0.01037393
"50020370000",0.0057,0.00775315
"50020380000",0,0.01354071
"50020390000",0.0081,0.00873594
"50020400000",0.0155,0.01081073
"50020410000",0,0.01517869
"50020420000",0,0.0145235
"50020430000",0.0303,0.01212112
"50020440000",0.0081,0.01517869
"50020450000",0,0.01113832
"50020460000",0.0081,0.01190272
"50020470000",0,0.01299471
"50020480000",0,0.01102912
"50020490000",0,0.00939113
"50020500000",0,0.01561549
"50020510000",0,0.01004633
"50020520000",0,0.01201192
"50020530000",0.0093,0.0144143
"50020540000",0.0634,0.01157512
"50020550000",0.0165,0.00982793
"50020560000",0,0.01004633
"50020580000",0,0.01572469
"50020590000",0,0.01277631
"50020600000",0,0.01113832
"50020610000",0,0.00982793
"50020650000",0.0173,0.00829914
"50020670000",0,0.01201192
"50020680000",0.0173,0.00884514
"50020690000",0.0208,0.00971873
"50020700000",0.0052,0.01037393
"50020710000",0,0.01703508
"50020720000",0,0.01725348
"50020730000",0.0275,0.00851754
"50020740000",0.0394,0.01244871
"50020760000",0.0293,0.00895434
"50020770000",0,0.0149603
"50020800000",0,0.01637989
"50020810000",0.0052,0.00960953
"50020820000",0.0242,0.01157512
"50020830000",0,0.01081073
"50020840000",0,0.01081073
"50020850000",0,0.01779948
"50020860000",0,0.01627069
"50020870000",0,0.0148511
"50020900000",0.0327,0.01026473
"50020920000",0.0262,0.01299471
"50020970000",0.0062,0.01201192
"50020990000",0.0101,0.01026473
"50021000000",0.0101,0.01124752
"50021010000",0.006,0.01310391
"50021020000",0,0.01212112
"50021030000",0.0101,0.01889147
"50021050000",0.0101,0.01026473
"50021060000",0,0.00687955
"50021070000",0,0.01223032
"50021080000",0.0261,0.00764395
"50021090000",0.0175,0.00873594
"50021110000",0.0175,0.00687955
"50021120000",0.0175,0.00939113
"50021130000",0.0175,0.00447717
"50021140000",0,0.01070153
"50021150000",0,0.00327598
"50021160000",0,0.01201192
"50021170000",0,0.01081073
"50021180000",0,0.00502317
"50021190000",0,0.00829914
"50021200000",0,0.00327598
"50021210000",0,0.00305758
"50021220000",0,0.00436797
"50021230000",0,0.00524156
"50021240000",0,0.00502317
"50021250000",0,0.00360358
"50021260000",0,0.00873594
"50021270000",0,0.00185639
"50021280000",0,0.0148511
"50021290000",0,0.00141959
"50021320000",0,0.00283918
"50021330000",0.0278,0.00262078
"50021340000",0.0278,0.00251158
"50021350000",0,0.0141959
"50021360000",0.0634,0.00338518
"50021370000",0.0081,0.00218398
"50021380000",0,0.00556916
"50021390000",0,0.00677035
"50021400000",0,0.00655195
"50021410000",0,0.00786235
"50021420000",0,0.01201192
"50021440000",0,0.01157512
"50021450000",0,0.01310391
"50021460000",0,0.03232298
"50021470000",0,0.00425877
"50021481000",0.0124,0.00666115
"50021482000",0,0.00742555
"50021490000",0,0.01113832
"50021510000",0,0.01681668
"50021520000",0,0.00196559
"50021530000",0,0.00611516
"50021540000",0,0.00524156
"50021550000",0,0.01091992
"50021560000",0,0.01233951
"50021570000",0.0231,0.0147419
"50021580000",0,0.00917274
"50021590000",0.0405,0.00950033
"50021640000",0,0.01779948
"50021650000",0.0521,0.01026473
"50021670000",0.0405,0.0145235
"50021680000",0,0.01135672
"50021690000",0.0228,0.0146327
"50021700000",0.0228,0.01004633
"50021720000",0.0112,0.01637989
"50021730000",0.0112,0.01015553
"50021740000",0.0112,0.01015553
"50021750000",0,0.00960953
"50021760000",0.0116,0.01561549
"50021770000",0.0303,0.0138683
"50021790000",0.0303,0.0141959
"50021800000",0.0303,0.01943747
"50021810000",0,0.0139775
"50021820000",0.0303,0.00960953
"50021830000",0.0303,0.01179352
"50021840000",0,0.01190272
"50021850000",0,0.01605229
"50021860000",0,0.01059233
"50021870000",0,0.01255791
"50021880000",0,0.01517869
"50021890000",0,0.01244871
"50021900000",0,0.01004633
"50021910000",0,0.01146592
"50021920000",0,0.00535076
"50021930000",0,0.01091992
"50021960000",0.0254,0.01517869
"50021970000",0,0.01736268
"50021980000",0.0242,0.01659828
"50021990000",0,0.01113832
"50022000000",0,0.00971873
"50022020000",0.0242,0.01201192
"50022030000",0.0242,0.00753475
"50022040000",0.0128,0.01146592
"50022060000",0.0128,0.00753475
"50022070000",0.0128,0.00917274
"50022080000",0.0128,0.00808074
"50022090000",0.0128,0.01179352
"50022100000",0.0209,0.0147419
"50022120000",0.0209,0.0148511
"50022130000",0,0.00775315
"50022140000",0.0337,0.00884514
"50022150000",0,0.00677035
"50022160000",0,0.00884514
"50022170000",0.0128,0.01233951
"50022180000",0,0.0150695
"50022190000",0.0166,0.01517869
"50022200000",0.0166,0.00491397
"50022210000",0.0166,0.00971873
"50022230000",0,0.01026473
"50022240000",0,0.00775315
"50022250000",0.0166,0.00884514
"50022260000",0.0166,0.01168432
"50022270000",0,0.01648909
"50022300000",0.1056,0.00731635
"50022310000",0.0501,0.00753475
"50022330000",0,0.01517869
"50022340000",0,0.00895434
"50022350000",0,0.01594309
"50022380000",0,0.01212112
"50022390000",0.0555,0.01004633
"50022400000",0.0632,0.01637989
"50022410000",0.0129,0.00960953
"50022430000",0.0129,0.00808074
"50022440000",0.0129,0.01102912
"50022450000",0.0077,0.00666115
"50022460000",0.0077,0.01637989
"50022490000",0.0077,0.00742555
"50022500000",0.0077,0.01004633
"50022510000",0,0.0148511
"50022520000",0,0.00993713
"50022530000",0,0.01627069
"50022540000",0.005,0.01102912
"50022560000",0.0262,0.00895434
"50022570000",0.0262,0.00666115
"50022580000",0.0262,0.00950033
"50022590000",0.0391,0.00993713
"50022610000",0,0.01932827
"50022650000",0,0.01146592
"50022660000",0.0129,0.00502317
"50022670000",0.0129,0.00436797
"50022701000",0,0.00272998
"50022702000",0,0.00371277
"50022703000",0,0.00720715
"50022730000",0.013,0.00720715
"50022740000",0.0342,0.01277631
"50022750000",0,0.01867307
"50022770000",0.0581,0.01343151
"50022780000",0.0239,0.01168432
"50022790000",0,0.01747188
"50022800000",0.0094,0.01124752
"50022820000",0.0094,0.01277631
"50022830000",0,0.01299471
"50022840000",0,0.00873594
"50022850000",0,0.01048313
"50022890000",0.0717,0.01059233
"50022900000",0.0375,0.01288551
"50022910000",0,0.01135672
"50022920000",0,0.01048313
"50022930000",0,0.01550629
"50022940000",0,0.01605229
"50022950000",0,0.01725348
"50022962000",0,0.00797154
"50022970000",0.0722,0.01343151
"50022980000",0,0.01168432
"50022990000",0,0.01157512
"50023000000",0.0722,0.01135672
"50023010000",0,0.00917274
"50023020000",0.0294,0.01233951
"50023030000",0.0953,0.01081073
"50023040000",0,0.01310391
"50023050000",0.0067,0.0140867
"50023060000",0.0328,0.01637989
"50023070000",0,0.00698875
"50023080000",0.0328,0.00808074
"50023090000",0,0.00982793
"50023100000",0,0.01517869
"50023110000",0,0.01572469
"50023120000",0.0294,0.0150695
"50023130000",0,0.01277631
"50023140000",0,0.0144143
"50023150000",0.0294,0.00917274
"50023180000",0.0328,0.00436797
"50023200000",0,0.01135672
"50023220000",0,0.01310391
"50023230000",0,0.01299471
"50023240000",0,0.01091992
"50023250000",0,0.00775315
"50023260000",0,0.01725348
"50023270000",0,0.01758108
"50023280000",0,0.01233951
"50023290000",0,0.01190272
"50023300000",0,0.01135672
"50023310000",0,0.01201192
"50023330000",0,0.00993713
"50023340000",0,0.00939113
"50023350000",0,0.00862674
"50023371000",0,0.00535076
"50023372000",0,0.01354071
"50023440000",0.0217,0.00698875
"50023461000",0,0.00567836
"50023480000",0.0217,0.00491397
"50023541000",0,0.00775315
"50023542000",0,0.01091992
"50023551000",0,0.01070153
"50023552000",0,0.00928194
"50023560000",0.0052,0.0141959
"50023570000",0,0.00840834
"50023590000",0,0.01528789
"50023601000",0,0.01048313
"50023602000",0,0.01135672
"50023603000",0,0.01146592
"50023610000",0,0.01703508
"50023640000",0.0447,0.01179352
"50023650000",0.0322,0.01616149
"50023680000",0,0.0137591
"50023690000",0,0.01157512
"50023710000",0,0.01135672
"50023720000",0,0.01354071
"50023730000",0.013,0.01354071
"50023750000",0.0154,0.01255791
"50023760000",0,0.01168432
"50023770000",0.0154,0.01561549
"50023800000",0.013,0.00993713
"50023830000",0.0327,0.0150695
"50023840000",0,0.01135672
"50023890000",0.0193,0.01605229
"50023900000",0,0.01168432
"50023910000",0,0.00589676
"50023920000",0.0193,0.01266711
"50023930000",0,0.01779948
"50023940000",0.0193,0.01539709
"50023950000",0.009,0.01343151
"50023970000",0.009,0.01026473
"50023980000",0.009,0.00884514
"50023990000",0.009,0.0148511
"50024000000",0.009,0.01135672
"50024010000",0,0.01015553
"50024020000",0,0.01059233
"50024030000",0.0857,0.01266711
"50024040000",0,0.01102912
"50024060000",0.0544,0.01627069
"50024070000",0.0857,0.01015553
"50024080000",0.0857,0.0143051
"50024090000",0,0.0137591
"50024140000",0.0134,0.0138683
"50024150000",0.0293,0.01812707
"50024160000",0,0.02020186
"50024170000",0,0.02140305
"50024180000",0,0.01321311
"50024190000",0,0.01539709
"50024200000",0.0192,0.0137591
"50024210000",0.0192,0.0143051
"50024250000",0,0.01091992
"50024260000",0,0.01004633
"50024270000",0,0.01157512
"50024280000",0,0.01048313
"50024300000",0.1089,0.00851754
"50024310000",0,0.01605229
"50024320000",0,0.01889147
"50024330000",0.0457,0.00971873
"50024340000",0,0.0140867
"50024350000",0,0.01255791
"50024360000",0.0334,0.00742555
"50024370000",0.014,0.0140867
"50024380000",0,0.02096625
"50024400000",0,0.0144143
"50024410000",0,0.0137591
"50024420000",0,0.01321311
"50024430000",0,0.01135672
"50024440000",0,0.01878227
"50024450000",0.0984,0.01812707
"50024470000",0.0527,0.00928194
"50024480000",0,0.01026473
"50024490000",0.0415,0.00873594
"50024510000",0.0406,0.00950033
"50024530000",0.0217,0.0143051
"50024540000",0.0652,0.00808074
"50024550000",0,0.01343151
"50024560000",0,0.01113832
"50024570000",0.0652,0.0141959
"50024580000",0.0652,0.00928194
"50024591000",0,0.00502317
"50024592000",0.0189,0.01081073
"50024610000",0.0406,0.01135672
"50024620000",0,0.00775315
"50024640000",0.0189,0.01310391
"50024650000",0,0.00950033
"50024660000",0,0.01015553
"50024670000",0,0.0143051
"50024680000",0.022,0.01244871
"50024690000",0,0.01113832
"50024700000",0,0.00960953
"50024710000",0.0189,0.01146592
"50024720000",0,0.01212112
"50024730000",0,0.00982793
"50024740000",0,0.01321311
"50024750000",0,0.0150695
"50024760000",0,0.0149603
"50024770000",0,0.01670748
"50024781000",0,0.01091992
"50024782000",0,0.00742555
"50024800000",0,0.01616149
"50024810000",0.0728,0.00939113
"50024820000",0.0119,0.01113832
"50024840000",0.0119,0.01233951
"50024861000",0,0.00906354
"50024862000",0,0.01004633
"50024880000",0,0.01976506
"50024891000",0.0609,0.0138683
"50024892000",0,0.01102912
"50024900000",0,0.01255791
"50024910000",0,0.01223032
"50024930000",0,0.00950033
"50024940000",0.022,0.0139775
"50024950000",0,0.01223032
"50024970000",0,0.00666115
"50024980000",0,0.01124752
"50024991000",0,0.01059233
"50024992000",0,0.00950033
"50025001000",0,0.01343151
"50025002000",0,0.00272998
"50025010000",0.0622,0.01725348
"50025020000",0.0692,0.00884514
"50025030000",0,0.00928194
"50025040000",0,0.01004633
"50025050000",0,0.00950033
"50025060000",0,0.0141959
"50025070000",0,0.01758108
"50025080000",0,0.01758108
"50025090000",0,0.01517869
"50025100000",0,0.0139775
"50025111000",0,0.01102912
"50025112000",0,0.00884514
"50025120000",0,0.00818994
"50025130000",0,0.01113832
"50025140000",0,0.02009266
"50025150000",0,0.0147419
"50025160000",0,0.01015553
"50025170000",0,0.01081073
"50025270000",0,0.01354071
"50025280000",0,0.00950033
"50025310000",0.0146,0.01146592
"50025321000",0.0146,0.00862674
"50025322000",0,0.00960953
"50025330000",0,0.01015553
"50025350000",0,0.01725348
"50025360000",0,0.01102912
"50025380000",0.0256,0.01321311
"50025390000",0,0.00851754
"50025401000",0.082,0.01037393
"50025402000",0.082,0.01070153
"50025410000",0,0.0138683
"50025420000",0.0203,0.00982793
"50025430000",0,0.01681668
"50025441000",0,0.01004633
"50025442000",0,0.00272998
"50025443000",0.082,0.00971873
"50025460000",0.0624,0.00917274
"50025470000",0,0.01201192
"50025480000",0,0.01201192
"50025490000",0,0.01747188
"50025500000",0,0.01102912
"50025510000",0,0.01266711
"50025520000",0,0.01124752
"50025530000",0,0.01321311
"50025540000",0,0.0143051
"50025550000",0.0052,0.01004633
"50025560000",0.0052,0.0140867
"50025570000",0,0.01364991
"50025580000",0,0.01048313
"50025590000",0,0.00764395
"50025600000",0,0.01627069
"50025610000",0,0.00917274
"50025620000",0,0.01910987
"50025630000",0,0.00851754
"50025640000",0,0.00928194
"50025660000",0,0.01048313
"50025670000",0.0124,0.0146327
"50025680000",0,0.01201192
"50025690000",0,0.01179352
"50025710000",0.0115,0.01277631
"50025720000",0,0.01266711
"50025730000",0.0848,0.01212112
"50025740000",0.0093,0.01091992
"50025750000",0,0.01070153
"50025760000",0.0941,0.01037393
"50025780000",0.0208,0.00753475
"50025790000",0.0093,0.01321311
"50025800000",0.0093,0.00818994
"50025820000",0,0.01212112
"50025830000",0.0081,0.01637989
"50025840000",0,0.00884514
"50025850000",0.0074,0.01026473
"50025920000",0.0275,0.0140867
"50025970000",0.0448,0.00939113
"50025980000",0.0275,0.00851754
"50026010000",0.0634,0.01277631
"50026020000",0,0.01113832
"50026030000",0.1086,0.01987426
"50026050000",0.0452,0.00600596
"50026060000",0,0.01004633
"50026070000",0,0.00545996
"50026080000",0.0452,0.00382197
"50026090000",0,0.01299471
"50026100000",0,0.01146592
"50026110000",0,0.00993713
"50026120000",0,0.00928194
"50026140000",0,0.00687955
"50026150000",0,0.00589676
"50026160000",0,0.00720715
"50026170000",0,0.00906354
"50026190000",0.0057,0.01299471
"50026200000",0.0131,0.01015553
"50026210000",0,0.00185639
"50026230000",0.0057,0.00851754
"50026240000",0,0.0143051
"50026253000",0,0.00316678
"50026260000",0,0.00742555
"50026270000",0,0.0141959
"50026280000",0,0.00655195
"50026300000",0,0.01059233
"50026310000",0,0.00687955
"50026320000",0,0.00829914
"50026330000",0,0.00698875
"50026340000",0,0.00709795
"50026350000",0,0.00709795
"50026360000",0,0.01070153
"50026370000",0.0566,0.00545996
"50026381000",0,0.00589676
"50026382000",0,0.00818994
"50026390000",0,0.01266711
"50026400000",0,0.00687955
"50026410000",0,0.00677035
"50026420000",0,0.00917274
"50026430000",0,0.00971873
"50026440000",0.0057,0.00644276
"50026450000",0,0.01070153
"50026460000",0,0.00687955
"50026470000",0,0.01179352
"50026480000",0,0.00469557
"50026490000",0,0.00829914
"50026500000",0,0.00458637
"50026510000",0,0.00687955
"50026520000",0,0.00917274
"50026530000",0.0278,0.01015553
"50026540000",0.0278,0.00939113
"50026550000",0,0.00829914
"50026560000",0,0.00545996
"50026570000",0,0.00567836
"50026580000",0.0278,0.00283918
"50026600000",0.0278,0.00589676
"50026610000",0,0.00611516
"50026620000",0,0.00753475
"50026630000",0,0.00982793
"50026640000",0,0.00862674
"50026650000",0,0.0139775
"50026660000",0.0236,0.00425877
"50026670000",0,0.01932827
"50026690000",0.0564,0.00797154
"50026700000",0,0.0150695
"50026710000",0.0564,0.00764395
"50026721000",0,0.01037393
"50026722000",0.0564,0.00174719
"50026723000",0.0564,0.00600596
"50026730000",0,0.01004633
"50026740000",0.0564,0.00513236
"50026750000",0,0.00622436
"50026760000",0.031,0.00524156
"50026770000",0.031,0.00906354
"50026780000",0,0.00993713
"50026790000",0,0.00720715
"50026800000",0,0.00851754
"50026820000",0,0.00906354
"50026830000",0,0.00906354
"50026840000",0,0.00808074
"50026850000",0,0.00960953
"50026860000",0,0.00633356
"50026870000",0,0.01124752
"50026880000",0,0.01343151
"50026890000",0.031,0.00982793
"50026902000",0,0.00666115
"50026903000",0,0.00556916
"50026920000",0,0.00480477
"50026930000",0,0.01670748
"50026940000",0.1264,0.00742555
"50026950000",0,0.00786235
"50026960000",0,0.0139775
"50026970000",0,0.01179352
"50026980000",0,0.00742555
"50026990000",0,0.00425877
"50027000000",0,0.00939113
"50027020000",0.1224,0.00895434
"50027060000",0,0.01015553
"50027070000",0.0953,0.0145235
"50027080000",0.1224,0.01168432
"50027100000",0.2573,0.00895434
"50027110000",0.1894,0.00939113
"50027130000",0,0.01266711
"50027160000",0.0566,0.01081073
"50027170000",0.0566,0.01277631
"50027180000",0.0566,0.01703508
"50027190000",0,0.00950033
"50027200000",0,0.00600596
"50027220000",0,0.0292654
"50027240000",0.0953,0.0141959
"50027250000",0.0566,0.01179352
"50027261000",0,0.01364991
"50027262000",0,0.00436797
"50027263000",0,0.02074786
"50027270000",0,0.01179352
"50027280000",0.0175,0.0139775
"50027290000",0,0.0143051
"50027300000",0.0254,0.00884514
"50027310000",0,0.01528789
"50027330000",0,0.04892126
"50027350000",0.0161,0.01026473
"50027360000",0.1264,0.00950033
"50027380000",0.0394,0.01976506
"50027390000",0,0.00524156
"50027400000",0.0634,0.00818994
"50027410000",0,0.01561549
"50027420000",0,0.00764395
"50027430000",0,0.01048313
"50027440000",0.0286,0.01681668
"50027460000",0.046,0.0139775
"50027490000",0.0667,0.01048313
"50027500000",0,0.00928194
"50027510000",0.0126,0.01091992
"50027520000",0,0.01255791
"50027530000",0,0.01714428
"50027540000",0,0.01834547
"50027550000",0.0081,0.01212112
"50027560000",0,0.01539709
"50027580000",0,0.01233951
"50027590000",0,0.01299471
"50027600000",0,0.01244871
"50027610000",0.0111,0.00884514
"50027620000",0.0069,0.01288551
"50027630000",0,0.01004633
"50027640000",0.0881,0.01091992
"50027650000",0,0.01539709
"50027690000",0,0.01627069
"50027700000",0,0.01113832
"50027710000",0.1003,0.0143051
"50027720000",0.006,0.01059233
"50027740000",0.0787,0.00513236
"50027760000",0.0667,0.00414957
"50027770000",0.0069,0.00917274
"50027780000",0.0279,0.00393117
"50027790000",0,0.00294838
"50027800000",0,0.00196559
"50027810000",0,0.00218398
"50027840000",0,0.00917274
"50027860000",0,0.0145235
"50027870000",0,0.00971873
"50027880000",0.008,0.00753475
"50027890000",0,0.01255791
"50027900000",0,0.01244871
"50027910000",0,0.00982793
"50027920000",0.0081,0.00884514
"50027930000",0.0726,0.01517869
"50027950000",0,0.01135672
"50027960000",0,0.01004633
"50027970000",0.0463,0.00895434
"50028010000",0,0.00687955
"50028020000",0,0.00939113
"50028030000",0,0.00829914
"50028040000",0.0103,0.00491397
"50028060000",0,0.00808074
"50028080000",0,0.00818994
"50028090000",0.0397,0.01812707
"50028100000",0.0211,0.00928194
"50028110000",0.0052,0.01233951
"50028120000",0.0498,0.00207479
"50028130000",0.0174,0.0147419
"50028150000",0,0.00797154
"50028220000",0,0.00862674
"50028230000",0.0667,0.01179352
"50028240000",0.0021,0.00862674
"50028250000",0.0527,0.01223032
"50028260000",0,0.00797154
"50028280000",0.0394,0.00829914
"50028290000",0,0.01026473
"50028312000",0,0.01878227
"50028313000",0.043,0.0139775
"50028314000",0,0.0139775
"50028320000",0,0.00687955
"50028340000",0.0068,0.01539709
"50028360000",0.0065,0.00436797
"50028370000",0,0.00982793
"50028380000",0,0.00480477
"50028390000",0,0.01059233
"50028400000",0,0.01321311
"50028410000",0.0102,0.00775315
"50028420000",0.0199,0.00655195
"50028430000",0,0.01354071
"50028440000",0,0.01146592
"50028470000",0.0065,0.01364991
"50028480000",0,0.00720715
"50028490000",0,0.01201192
"50028500000",0,0.0139775
"50028510000",0,0.00753475
"50028520000",0,0.01168432
"50028530000",0,0.0145235
"50028540000",0,0.01070153
"50028560000",0,0.00982793
"50028570000",0,0.01266711
"50028580000",0,0.01965586
"50028600000",0,0.00829914
"50028620000",0.006,0.00950033
"50028630000",0.006,0.00862674
"50028690000",0.0054,0.01037393
"50028700000",0.0071,0.01583389
"50028720000",0,0.00982793
"50028740000",0.0593,0.01168432
"50028750000",0.0051,0.01965586
"50028760000",0,0.01070153
"50028780000",0.0081,0.00895434
"50028790000",0,0.00786235
"50028800000",0,0.0138683
"50028810000",0,0.01102912
"50028820000",0,0.00928194
"50028830000",0.0081,0.00753475
"50028840000",0.0071,0.01725348
"50028860000",0,0.00993713
"50028870000",0,0.00786235
"50028900000",0,0.00939113
"50028920000",0,0.0150695
"50028930000",0.0156,0.01048313
"50028940000",0,0.01201192
"50028950000",0.0103,0.01135672
"50028960000",0.0396,0.00764395
"50028970000",0,0.01212112
"50028980000",0.0134,0.00666115
"50028990000",0,0.01070153
"50029000000",0.0579,0.00939113
"50029030000",0.0669,0.00808074
"50029050000",0,0.00950033
"50029060000",0,0.00917274
"50029070000",0.0191,0.00545996
"50029100000",0,0.00939113
"50029130000",0,0.00622436
"50029140000",0,0.01277631
"50029150000",0.0068,0.00677035
"50029160000",0.0014,0.0147419
"50029170000",0.046,0.01091992
"50029180000",0,0.0143051
"50029190000",0,0.0138683
"50029200000",0,0.00950033
"50029210000",0.0508,0.00775315
"50029230000",0,0.00404037
"50029260000",0.0054,0.00884514
"50029270000",0,0.00950033
"50029280000",0,0.01190272
"50029290000",0.0527,0.01736268
"50029300000",0,0.0143051
"50029310000",0,0.01299471
"50029320000",0.006,0.0145235
"50029350000",0,0.0140867
"50029390000",0,0.01343151
"50029400000",0.1399,0.01190272
"50029410000",0,0.01146592
"50029420000",0.0069,0.01616149
"50029430000",0.0881,0.00829914
"50029452000",0,0.01157512
"50029460000",0,0.01113832
"50029470000",0,0.01321311
"50029480000",0,0.01081073
"50029490000",0,0.00982793
"50029500000",0.0065,0.01212112
"50029510000",0,0.01048313
"50029520000",0.0103,0.01987426
"50029530000",0,0.00982793
"50029540000",0,0.01037393
"50029550000",0,0.00917274
"50029560000",0,0.01561549
"50029570000",0,0.0144143
"50029580000",0,0.01725348
"50029590000",0,0.00742555
"50029600000",0,0.01288551
"50029610000",0,0.00851754
"50029620000",0,0.0147419
"50029630000",0,0.01048313
"50029640000",0.0181,0.00873594
"50029650000",0.0579,0.00873594
"50029660000",0.0667,0.00895434
"50029670000",0.0126,0.00829914
"50029690000",0,0.01321311
"50029700000",0,0.00840834
"50029720000",0,0.00655195
"50029730000",0,0.01135672
"50029760000",0.0057,0.01081073
"50029770000",0.0156,0.00960953
"50029780000",0.0167,0.0138683
"50029790000",0.0029,0.0145235
"50029800000",0.0031,0.01113832
"50029810000",0.046,0.01113832
"50029820000",0,0.00666115
"50029830000",0.046,0.00687955
"50029850000",0,0.01059233
"50029860000",0,0.01190272
"50029870000",0,0.01255791
"50029880000",0,0.01769028
"50029890000",0.0054,0.00775315
"50029900000",0,0.01244871
"50029910000",0,0.01528789
"50029920000",0,0.00928194
"50029953000",0,0.00742555
"50029960000",0,0.01343151
"50029970000",0.0396,0.0138683
"50029980000",0.014,0.01583389
"50029990000",0,0.0139775
"50030000000",0,0.0137591
"50030010000",0,0.00917274
"50030040000",0,0.01048313
"50030050000",0,0.00862674
"50030070000",0,0.01364991
"50030080000",0.0707,0.02129385
"50030090000",0,0.01070153
"50030100000",0.0069,0.01135672
"50030110000",0,0.01081073
"50030120000",0.0527,0.01102912
"50030140000",0.006,0.0147419
"50030150000",0,0.01332231
"50030160000",0,0.00480477
"50030170000",0,0.01223032
"50030190000",0.0505,0.01179352
"50030200000",0,0.01605229
"50030210000",0,0.01212112
"50030230000",0,0.01616149
"50030250000",0.0667,0.01135672
"50030270000",0,0.01146592
"50030290000",0,0.0143051
"50030300000",0,0.00939113
"50030320000",0.0212,0.01834547
"50030330000",0.0126,0.00862674
"50030340000",0.0191,0.00611516
"50030360000",0,0.00698875
"50030370000",0,0.00851754
"50030380000",0,0.01081073
"50030390000",0,0.00840834
"50030400000",0,0.00939113
"50030410000",0,0.00818994
"50030420000",0,0.01135672
"50030430000",0,0.00414957
"50030440000",0.0667,0.01212112
"50030460000",0,0.01048313
"50030480000",0,0.00709795
"50030490000",0,0.00305758
"50030500000",0,0.01113832
"50030520000",0,0.00873594
"50030530000",0,0.00862674
"50030540000",0,0.0146327
"50030570000",0,0.0144143
"50030580000",0.0396,0.01168432
"50030600000",0,0.0140867
"50030610000",0,0.01048313
"50030620000",0,0.01015553
"50030630000",0.0101,0.0144143
"50030640000",0,0.00851754
"50030650000",0.0655,0.00829914
"50030660000",0,0.00939113
"50030670000",0.0527,0.01332231
"50030680000",0.006,0.01091992
"50030690000",0,0.00982793
"50030700000",0,0.00698875
"50030720000",0,0.0145235
"50030730000",0.0346,0.01616149
"50030770000",0,0.01190272
"50030780000",0,0.0148511
"50030790000",0.0251,0.00993713
"50030801000",0.0572,0.01146592
"50030810000",0,0.01048313
"50030820000",0,0.01255791
"50030830000",0.017,0.01332231
"50030840000",0,0.01910987
"50030870000",0,0.0137591
"50030890000",0.008,0.01364991
"50030910000",0,0.01157512
"50030920000",0,0.00884514
"50030930000",0,0.00895434
"50030940000",0,0.00797154
"50030960000",0,0.00808074
"50030990000",0.0103,0.01692588
"50031000000",0.0257,0.01583389
"50031010000",0,0.00906354
"50031020000",0.0394,0.01091992
"50031040000",0,0.01616149
"50031051000",0.0069,0.00524156
"50031052000",0.0069,0.00895434
"50031060000",0,0.01212112
"50031070000",0,0.01168432
"50031080000",0,0.01648909
"50031090000",0.0059,0.01081073
"50031100000",0.0346,0.00666115
"50031155000",0,0.00808074
"50031160000",0,0.01124752
"50031170000",0,0.00982793
"50031180000",0.0228,0.00764395
"50031190000",0.0126,0.01692588
"50031200000",0,0.00666115
"50031210000",0,0.01572469
"50031220000",0,0.01255791
"50031230000",0.013,0.01102912
"50031240000",0,0.01332231
"50031300000",0,0.0140867
"50031310000",0,0.00797154
"50031350000",0,0.01561549
"50031360000",0,0.01244871
"50031370000",0,0.02052946
"50031380000",0.0235,0.00960953
"50031390000",0,0.00917274
"50031400000",0.0126,0.0137591
"50031410000",0.0187,0.0137591
"50031420000",0.0463,0.01255791
"50031430000",0,0.01091992
"50031450000",0,0.01102912
"50031460000",0.013,0.0146327
"50031510000",0,0.01113832
"50031520000",0,0.00906354
"50031540000",0.0515,0.01747188
"50031550000",0,0.00775315
"50031560000",0,0.01769028
"50031590000",0,0.01113832
"50031600000",0,0.00797154
"50031620000",0,0.01212112
"50031670000",0,0.01201192
"50031680000",0,0.01015553
"50031690000",0,0.00939113
"50031700000",0,0.00742555
"50031710000",0,0.00840834
"50031830000",0.0726,0.01070153
"50031840000",0.0065,0.01878227
"50031860000",0.0065,0.00971873
"50048140000",0.15,0.01321311
"50048270000",0,0.01201192
"50048280000",0,0.01288551
"50048310000",0,0.0150695
"50048320000",0,0.01517869
"50048330000",0,0.00196559
"50048340000",0,0.00502317
"50048350000",0.0152,0.0139775
"50048420000",0.0312,0.00971873
"50048430000",0.0635,0.01102912
"50048440000",0.0143,0.01157512
"50048450000",0.0427,0.01244871
"50048490000",0.0201,0.00960953
"50048500000",0.006,0.01026473
"50048540000",0,0.01059233
"50048560000",0,0.01758108
"50048580000",0,0.01517869
"50048590000",0,0.01910987
"50048620000",0,0.01212112
"50048630000",0,0.01113832
"50048640000",0,0.00851754
"50048650000",0.1826,0.00709795
"50048660000",0.0231,0.00502317
"50048670000",0.0411,0.01190272
"50048700000",0,0.01550629
"50048710000",0,0.01637989
"50048720000",0,0.01867307
"50048730000",0,0.01572469
"50048740000",0.0445,0.01081073
"50048750000",0,0.01146592
"50048760000",0.095,0.00862674
"50048770000",0,0.00982793
"50048780000",0,0.00545996
"50048791000",0,0.00502317
"50048792000",0,0.00589676
"50048800000",0,0.01223032
"50048810000",0,0.01059233
"50048820000",0,0.01168432
"50048832000",0,0.00666115
"50048840000",0,0.01266711
"50048860000",0,0.00895434
"50048870000",0.0089,0.00775315
"50048880000",0,0.00753475
"50048890000",0,0.00447717
"50048900000",0.0089,0.00928194
"50048910000",0,0.00687955
"50048920000",0,0.01026473
"50048930000",0,0.00513236
"50048940000",0,0.00327598
"50048951000",0.0168,0.00589676
"50048960000",0,0.01299471
"50048970000",0,0.01015553
"50048980000",0,0.01004633
"50049000000",0.0425,0.01179352
"50049010000",0,0.01113832
"50049020000",0.0115,0.01157512
"50049030000",0,0.01168432
"50049040000",0,0.0143051
"50049050000",0,0.01364991
"50049060000",0,0.00895434
"50049100000",0.0228,0.01572469
"50049110000",0.024,0.01168432
"50049121000",0.0482,0.00545996
"50049122000",0.0411,0.00731635
"50049130000",0.0166,0.0145235
"50049140000",0.0234,0.00971873
"50049150000",0,0.00906354
"50049160000",0,0.01277631
"50049170000",0,0.01921907
"50049180000",0.0904,0.01157512
"50049190000",0,0.01288551
"50049210000",0,0.00928194
"50049220000",0,0.01190272
"50049230000",0,0.01637989
"50049270000",0,0.01528789
"50049280000",0.0588,0.01539709
"50049290000",0,0.0139775
"50049300000",0.0596,0.01135672
"50049320000",0,0.0147419
"50049331000",0.02,0.00971873
"50049332000",0.02,0.00404037
"50049351000",0.0416,0.00906354
"50049352000",0.0416,0.00513236
"50049360000",0,0.01157512
"50049370000",0,0.01583389
"50049380000",0,0.01670748
"50049390000",0,0.01146592
"50049421000",0.0097,0.01550629
"50049430000",0,0.01310391
"50049440000",0,0.01703508
"50049450000",0,0.01812707
"50049460000",0,0.01179352
"50049470000",0.0445,0.00939113
"50049480000",0.2682,0.01157512
"50049510000",0,0.01572469
"50049520000",0.0075,0.00589676
"50049530000",0,0.00633356
"50049540000",0,0.00971873
"50049550000",0,0.01201192
"50049560000",0,0.00382197
"50049570000",0,0.00578756
"50049580000",0,0.00895434
"50049590000",0,0.01288551
"50049611000",0,0.01004633
"50049612000",0,0.00950033
"50049620000",0,0.00917274
"50049641000",0,0.00567836
"50049670000",0,0.00251158
"50049680000",0,0.00731635
"50049690000",0,0.01583389
"50049710000",0.047,0.01605229
"50049720000",0.0693,0.01310391
"50049730000",0.039,0.01277631
"50049740000",0.065,0.01703508
"50049750000",0,0.01026473
"50049770000",0,0.01037393
"50049780000",0,0.01539709
"50049790000",0,0.02708141
"50049800000",0,0.01190272
"50049810000",0.0285,0.01179352
"50049820000",0,0.01594309
"50049830000",0.0867,0.01801788
"50049850000",0,0.0141959
"50049860000",0.0073,0.01528789
"50049871000",0,0.01026473
"50049872000",0.0073,0.00360358
"50049880000",0.0058,0.00873594
"50049890000",0,0.0141959
"50049901000",0,0.01190272
"50049902000",0.0638,0.00524156
"50049910000",0.0333,0.0148511
"50049930000",0,0.01266711
"50049940000",0.0161,0.01670748
"50049950000",0,0.01594309
"50049960000",0,0.01102912
"50049970000",0,0.01190272
"50049980000",0.0432,0.00775315
"50049990000",0.0231,0.01277631
"50050000000",0.0411,0.00829914
"50050010000",0,0.01168432
"50050020000",0,0.01627069
"50050030000",0,0.01124752
"50050050000",0,0.01059233
"50050060000",0,0.01539709
"50050070000",0,0.01157512
"50050080000",0,0.01343151
"50050090000",0,0.01244871
"50050102000",0.0075,0.00666115
"50050106000",0,0.01037393
"50050110000",0,0.00316678
"50050120000",0,0.01572469
"50050130000",0,0.00677035
"50050150000",0,0.01026473
"50050160000",0.0152,0.0150695
"50050170000",0,0.00797154
"50050180000",0,0.01015553
"50050190000",0.0089,0.01223032
"50050200000",0,0.00480477
"50050210000",0,0.00720715
"50050220000",0,0.00545996
"50050230000",0.0089,0.02063866
"50050240000",0,0.01212112
"50050280000",0.1056,0.01255791
"50050290000",0.0522,0.01223032
"50050300000",0.0373,0.01648909
"50050310000",0.1264,0.01168432
"50050320000",0,0.01135672
"50050330000",0,0.01561549
"50050340000",0,0.01310391
"50050350000",0,0.01266711
"50050360000",0,0.01277631
"50050370000",0,0.03417936
"50050380000",0,0.01299471
"50050390000",0,0.01758108
"50050401000",0.0102,0.00829914
"50050402000",0,0.00786235
"50050410000",0.0258,0.01212112
"50050420000",0.0161,0.0148511
"50050430000",0.0255,0.01801788
"50050441000",0,0.01015553
"50050442000",0,0.00611516
"50050450000",0,0.01146592
"50050461000",0.0411,0.00764395
"50050462000",0.0411,0.01081073
"50050470000",0.0231,0.00611516
"50050480000",0.0333,0.01223032
"50050490000",0,0.01233951
"50050500000",0,0.02085706
"50050510000",0,0.01299471
"50050520000",0,0.01277631
"50050530000",0,0.01343151
"50050540000",0,0.0146327
"50050550000",0,0.01135672
"50050560000",0.0075,0.01081073
"50050570000",0,0.00687955
"50050580000",0,0.00578756
"50050600000",0,0.00535076
"50050620000",0,0.00742555
"50050630000",0,0.00829914
"50050640000",0,0.00928194
"50050660000",0,0.00567836
"50050680000",0.0089,0.01037393
"50050700000",0.0165,0.01026473
"50050720000",0.0188,0.01725348
"50050730000",0.0124,0.00939113
"50050750000",0.0285,0.01266711
"50050760000",0,0.01725348
"50050770000",0,0.01539709
"50050780000",0,0.0144143
"50050790000",0.0588,0.01288551
"50050800000",0.0258,0.01878227
"50050810000",0,0.01921907
"50050820000",0,0.01528789
"50050830000",0,0.01550629
"50050840000",0,0.01769028
"50050850000",0,0.01102912
"50050860000",0,0.01550629
"50050870000",0,0.01004633
"50050890000",0,0.02118465
"50050900000",0.0231,0.00764395
"50050910000",0,0.00840834
"50050920000",0,0.01190272
"50050950000",0,0.00906354
"50050960000",0,0.01015553
"50050972000",0.0152,0.00545996
"50050980000",0,0.00917274
"50050992000",0,0.02369624
"50051000000",0,0.00884514
"50051010000",0,0.01037393
"50051020000",0.0089,0.01364991
"50051040000",0.033,0.00917274
"50051050000",0.0166,0.01157512
"50051060000",0,0.01190272
"50051080000",0,0.01288551
"50051090000",0.095,0.00578756
"50051110000",0,0.01354071
"50051142000",0,0.01714428
"50051210000",0.1925,0.01354071
"50051240000",0,0.01026473
"50051250000",0,0.01070153
"50051260000",0.0731,0.00404037
"50051270000",0.0683,0.00644276
"50051280000",0.0465,0.00993713
"50051340000",0,0.00578756
"50051350000",0,0.00666115
"50051360000",0,0.01703508
"50051370000",0,0.0143051
"50051380000",0.2643,0.00829914
"50051390000",0,0.0137591
"50051400000",0.0088,0.01354071
"50051410000",0.0448,0.01070153
"50051420000",0,0.0144143
"50051440000",0.0092,0.01048313
"50051460000",0,0.00971873
"50051470000",0.004,0.01244871
"50051480000",0,0.0143051
"50051490000",0.0134,0.00993713
"50051500000",0,0.01605229
"50051520000",0.0164,0.01539709
"50051580000",0,0.00982793
"50051590000",0.0117,0.0144143
"50051600000",0,0.01004633
"50051620000",0.0086,0.01124752
"50051630000",0,0.0150695
"50051640000",0,0.01244871
"50051660000",0,0.01288551
"50051670000",0,0.00851754
"50051690000",0,0.0148511
"50051700000",0,0.00731635
"50051710000",0,0.02074786
"50051720000",0,0.01288551
"50051750000",0.0281,0.01561549
"50051770000",0,0.01081073
"50051780000",0,0.02424223
"50051790000",0,0.01233951
"50051800000",0,0.02020186
"50051830000",0.0696,0.01648909
"50051850000",0.0136,0.01102912
"50051860000",0.0092,0.01255791
"50051870000",0,0.00797154
"50051880000",0,0.01102912
"50051890000",0.019,0.00982793
"50051900000",0.0246,0.01299471
"50051910000",0,0.01091992
"50051920000",0,0.01703508
"50051930000",0,0.00829914
"50051940000",0.0434,0.00764395
"50051950000",0,0.01539709
"50051960000",0,0.01113832
"50051990000",0,0.00513236
"50052000000",0,0.00294838
"50052050000",0.0086,0.01168432
"50052100000",0.0614,0.01179352
"50052110000",0,0.01059233
"50052120000",0.0044,0.01583389
"50052190000",0.0367,0.0145235
"50052220000",0,0.01190272
"50052250000",0.0285,0.01659828
"50052310000",0.0134,0.01310391
"50052380000",0,0.01627069
"50052390000",0,0.00950033
"50052400000",0,0.00731635
"50052410000",0.0408,0.01113832
"50052420000",0,0.01091992
"50052490000",0.093,0.00666115
"50052500000",0,0.01714428
"50052530000",0.1098,0.0137591
"50052540000",0,0.0143051
"50052720000",0,0.00742555
"50052730000",0,0.01670748
"50052740000",0.026,0.01244871
"50052760000",0,0.01332231
"50052770000",0.0223,0.00982793
"50052780000",0,0.01179352
"50052790000",0,0.01004633
"50052800000",0,0.00545996
"50052810000",0,0.00928194
"50052830000",0.0535,0.01255791
"50052840000",0,0.02085706
"50052850000",0,0.01343151
"50052860000",0.1039,0.0138683
"50052870000",0.1039,0.0138683
"50052880000",0.0049,0.01288551
"50052890000",0.2886,0.00917274
"50052900000",0,0.01070153
"50052910000",0.0344,0.0137591
"50052920000",0,0.00960953
"50052930000",0,0.01168432
"50052940000",0,0.0150695
"50052950000",0,0.01332231
"50052960000",0,0.01190272
"50052970000",0,0.01670748
"50052980000",0,0.01015553
"50052990000",0.0163,0.01550629
"50053010000",0.0141,0.01048313
"50053020000",0,0.01146592
"50053030000",0,0.0148511
"50053040000",0,0.0137591
"50053050000",0,0.01747188
"50053060000",0,0.01091992
"50053070000",0.0163,0.01048313
"50053080000",0,0.01310391
"50053100000",0,0.01681668
"50053130000",0.0043,0.01692588
"50053180000",0.0088,0.01321311
"50053200000",0.0098,0.01244871
"50053210000",0,0.01561549
"50053230000",0.0104,0.01681668
"50053240000",0.0086,0.00818994
"50053250000",0,0.01539709
"50053260000",0,0.01299471
"50053270000",0,0.01059233
"50053280000",0,0.01015553
"50053290000",0,0.00786235
"50053300000",0,0.01091992
"50053310000",0.0296,0.01004633
"50053320000",0,0.00873594
"50053330000",0,0.01135672
"50053380000",0.0221,0.0138683
"50053390000",0,0.01572469
"50053400000",0,0.01037393
"50053410000",0,0.01299471
"50053420000",0,0.02162145
"50053430000",0,0.01277631
"50053440000",0,0.01670748
"50053450000",0,0.01048313
"50053460000",0.1824,0.00993713
"50053470000",0.0592,0.0140867
"50053480000",0.0614,0.00928194
"50053510000",0.0281,0.00775315
"50053520000",0.0145,0.01157512
"50053550000",0.0336,0.01364991
"50053560000",0.0243,0.01059233
"50053570000",0.0309,0.00917274
"50053580000",0.0157,0.0141959
"50053600000",0.0092,0.01135672
"50053650000",0.063,0.02598942
"50053670000",0,0.01561549
"50053680000",0.0186,0.01364991
"50053690000",0.0171,0.01070153
"50053700000",0.0186,0.01539709
"50053710000",0.0461,0.01255791
"50053730000",0.0186,0.00840834
"50053740000",0,0.0145235
"50053770000",0.0187,0.01179352
"50053830000",0,0.01201192
"50053860000",0.0243,0.01627069
"50053870000",0.0136,0.00840834
"50053930000",0,0.01856387
"50054010000",0,0.01157512
"50054030000",0,0.00862674
"50054040000",0.0453,0.01223032
"50054050000",0,0.02118465
"50054060000",0.0194,0.0148511
"50054071000",0,0.01605229
"50054080000",0,0.0137591
"50054090000",0,0.01070153
"50054110000",0.029,0.01758108
"50054120000",0.0051,0.01223032
"50054130000",0,0.01157512
"50054140000",0.0065,0.01758108
"50054150000",0,0.01255791
"50054160000",0,0.01364991
"50054170000",0,0.00950033
"50054180000",0,0.01091992
"50054200000",0.0462,0.00993713
"50054210000",0,0.00971873
"50054220000",0,0.01255791
"50054230000",0.0195,0.00982793
"50054250000",0.0247,0.01277631
"50054260000",0.2059,0.01670748
"50054270000",0,0.01583389
"50054280000",0.0365,0.01081073
"50054290000",0,0.01845467
"50054300000",0,0.00840834
"50054310000",0.0049,0.00698875
"50054320000",0,0.02282264
"50054330000",0,0.01223032
"50054340000",0.0216,0.01616149
"50054350000",0.0264,0.00753475
"50054360000",0.0206,0.00971873
"50054370000",0.0249,0.01867307
"50054380000",0,0.0138683
"50054390000",0,0.01725348
"50054400000",0,0.00818994
"50054410000",0,0.0143051
"50054420000",0.1032,0.01867307
"50054430000",0.0497,0.00840834
"50054440000",0.0051,0.01965586
"50054450000",0.0171,0.00993713
"50054460000",0.0171,0.0137591
"50054470000",0,0.02020186
"50054480000",0,0.01026473
"50054490000",0.0091,0.01081073
"50054500000",0.0201,0.00655195
"50054520000",0.0176,0.01605229
"50054530000",0,0.0141959
"50054540000",0,0.00797154
"50054550000",0.0343,0.01550629
"50054570000",0.0619,0.01157512
"50054580000",0.0195,0.01146592
"50054600000",0.0242,0.01801788
"50054620000",0.0454,0.01321311
"50054630000",0.0067,0.01266711
"50054640000",0.0081,0.01168432
"50054650000",0,0.01146592
"50054660000",0,0.01616149
"50054670000",0.0049,0.00808074
"50054680000",0.0062,0.01157512
"50054710000",0.0071,0.01113832
"50054720000",0.0168,0.01364991
"50054740000",0,0.01354071
"50054750000",0,0.01736268
"50054760000",0.0535,0.01212112
"50054770000",0,0.00884514
"50054780000",0,0.01517869
"50054790000",0.0151,0.01627069
"50054800000",0,0.01517869
"50054810000",0.0592,0.0138683
"50054830000",0.026,0.01561549
"50054870000",0.0284,0.01561549
"50054880000",0.0088,0.01725348
"50054890000",0,0.01528789
"50054900000",0.0157,0.01943747
"50054910000",0.03,0.00993713
"50054920000",0.021,0.01091992
"50054960000",0.037,0.00917274
"50054970000",0.0462,0.01004633
"50054980000",0,0.00960953
"50055080000",0.0572,0.01878227
"50055130000",0,0.00742555
"50055140000",0.0059,0.00720715
"50055180000",0,0.01550629
"50055190000",0,0.01048313
"50055210000",0.0067,0.00851754
"50055220000",0.0569,0.02009266
"50055250000",0,0.01168432
"50055270000",0.0202,0.01135672
"50055280000",0,0.01932827
"50055290000",0,0.01190272
"50055300000",0,0.00895434
"50055310000",0,0.00993713
"50055320000",0,0.01059233
"50055330000",0,0.0138683
"50055350000",0.0076,0.01048313
"50055360000",0.0195,0.00928194
"50055370000",0.0193,0.0144143
"50055380000",0.0743,0.0146327
"50055390000",0.0247,0.0143051
"50055400000",0,0.0145235
"50055420000",0,0.01517869
"50055440000",0,0.01037393
"50055450000",0,0.01812707
"50055470000",0.0117,0.01179352
"50055490000",0.0049,0.00884514
"50055500000",0,0.00720715
"50055510000",0,0.0140867
"50055520000",0.0117,0.01201192
"50055530000",0.0115,0.0147419
"50055540000",0,0.00895434
"50055550000",0.0055,0.01266711
"50055560000",0.0558,0.01343151
"50055580000",0,0.01594309
"50055590000",0,0.01026473
"50055600000",0.0229,0.01583389
"50055610000",0,0.01299471
"50055620000",0,0.0141959
"50055631000",0.0186,0.00818994
"50055632000",0.0186,0.00797154
"50055640000",0,0.01091992
"50055650000",0.0164,0.01201192
"50055660000",0.0071,0.01594309
"50055670000",0,0.01113832
"50055700000",0.0194,0.00644276
"50055710000",0,0.01212112
"50055720000",0,0.01364991
"50055730000",0.0041,0.01561549
"50055740000",0.0176,0.01048313
"50055750000",0.0278,0.01845467
"50055770000",0,0.01583389
"50055780000",0,0.0149603
"50055800000",0.0216,0.01255791
"50055810000",0,0.01059233
"50055820000",0.0033,0.01026473
"50055830000",0,0.01769028
"50055840000",0.0151,0.01201192
"50055850000",0.0385,0.01594309
"50055870000",0,0.01790868
"50055880000",0.0186,0.01310391
"50055890000",0.0242,0.01190272
"50055910000",0.0092,0.01059233
"50055940000",0,0.00971873
"50055960000",0,0.01343151
"50055970000",0.0059,0.01168432
"50055980000",0.0141,0.00753475
"50056010000",0.0145,0.01550629
"50056050000",0.021,0.01157512
"50056090000",0,0.00895434
"50056120000",0.019,0.01528789
"50056150000",0.0086,0.0143051
"50056160000",0.0387,0.01834547
"50056190000",0,0.01146592
"50056220000",0,0.01354071
"50056240000",0.0256,0.01223032
"50056250000",0.0296,0.0144143
"50056270000",0,0.00960953
"50056290000",0,0.01212112
"50056300000",0.0092,0.01823627
"50056310000",0.1113,0.01037393
"50056320000",0,0.00786235
"50056330000",0,0.00687955
"50056350000",0,0.01277631
"50056360000",0.0193,0.01758108
"50056370000",0.0049,0.01998346
"50056380000",0.0173,0.01102912
"50056400000",0,0.01081073
"50056410000",0.0076,0.01113832
"50056420000",0,0.01113832
"50056430000",0,0.00917274
"50056440000",0,0.01277631
"50056450000",0,0.00764395
"50056460000",0.0318,0.01823627
"50056470000",0,0.00917274
"50056480000",0,0.01616149
"50056490000",0,0.01550629
"50056500000",0.008,0.01321311
"50056510000",0.0167,0.01190272
"50056530000",0,0.00742555
"50056540000",0.0344,0.01834547
"50056560000",0.006,0.01048313
"50056570000",0,0.0148511
"50056580000",0,0.01026473
"50056591000",0.0059,0.00600596
"50056592000",0.0059,0.00622436
"50056600000",0,0.01900067
"50056610000",0.0158,0.01998346
"50056620000",0.0908,0.01354071
"50056630000",0.0171,0.01135672
"50056650000",0,0.0150695
"50056660000",0,0.01223032
"50056680000",0,0.00939113
"50056690000",0.0096,0.01070153
"50056701000",0.0222,0.00687955
"50056702000",0.0158,0.00218398
"50056710000",0.0072,0.0139775
"50056720000",0,0.0140867
"50056730000",0.0576,0.01637989
"50056740000",0.0176,0.0141959
"50056750000",0.0088,0.01834547
"50056760000",0.0039,0.01878227
"50056770000",0,0.0147419
"50056780000",0.0058,0.0146327
"50056790000",0.0089,0.00884514
"50056800000",0,0.0143051
"50056810000",0,0.01343151
"50056830000",0.0136,0.01343151
"50056840000",0,0.00950033
"50056850000",0.0295,0.01321311
"50056860000",0,0.01299471
"50056870000",0.0243,0.0137591
"50056880000",0,0.01943747
"50056890000",0,0.02424223
"50056900000",0.0219,0.01277631
"50056910000",0,0.01561549
"50056920000",0.004,0.01747188
"50056930000",0.0805,0.00873594
"50056940000",0.0743,0.01561549
"50056950000",0,0.01190272
"50056990000",0.0141,0.00993713
"50057010000",0.1349,0.00884514
"50057031000",0.0092,0.00578756
"50057080000",0.0243,0.01277631
"50057090000",0,0.01223032
"50057112000",0.0608,0.01310391
"50057130000",0.0462,0.0149603
"50057140000",0,0.01135672
"50057150000",0.0076,0.01299471
"50057160000",0,0.01299471
"50057180000",0.0148,0.02118465
"50057190000",0.0094,0.01627069
"50057200000",0.0461,0.01190272
"50057210000",0,0.02020186
"50057220000",0,0.01299471
"50057230000",0,0.00895434
"50057250000",0,0.02063866
"50057260000",0.0157,0.01605229
"50057290000",0,0.00971873
"50057300000",0,0.01004633
"50057311000",0.0055,0.00720715
"50057312000",0.0097,0.00633356
"50057321000",0.0531,0.00698875
"50057322000",0.0577,0.00775315
"50057330000",0.0586,0.01223032
"50057340000",0.019,0.01343151
"50057350000",0.0908,0.00950033
"50057360000",0,0.01124752
"50057380000",0.0578,0.01146592
"50057390000",0.0051,0.01343151
"50057400000",0,0.0144143
"50057410000",0.0158,0.01637989
"50057420000",0,0.01004633
"50057430000",0.0578,0.00818994
"50057440000",0.0072,0.01779948
"50057450000",0,0.01223032
"50057470000",0,0.00950033
"50057480000",0.1032,0.01517869
"50057490000",0.0088,0.01059233
"50057500000",0.0058,0.01255791
"50057510000",0.0115,0.01343151
"50057520000",0.0168,0.00982793
"50057530000",0.0171,0.0140867
"50057540000",0.0117,0.01288551
"50057570000",0,0.01343151
"50057580000",0.0171,0.01223032
"50057590000",0,0.01703508
"50057600000",0.0151,0.01321311
"50057610000",0.0153,0.01266711
"50057620000",0,0.01091992
"50057630000",0.0343,0.01900067
"50057662000",0.0207,0.00895434
"50057670000",0,0.01277631
"50057690000",0.0062,0.01026473
"50057720000",0.0497,0.01343151
"50057731000",0.0256,0.00458637
"50057732000",0.028,0.00873594
"50057750000",0,0.01288551
"50057760000",0.0076,0.01550629
"50057770000",0,0.01048313
"50057780000",0.0514,0.0137591
"50057790000",0.0281,0.01932827
"50057800000",0.021,0.0139775
"50057810000",0.0247,0.01976506
"50057820000",0,0.01190272
"50057830000",0,0.01572469
"50057840000",0.0922,0.01550629
"50057850000",0.0273,0.01037393
"50057860000",0,0.00840834
"50057880000",0.0049,0.00873594
"50057890000",0,0.01867307
"50057900000",0.0115,0.01321311
"50057910000",0.006,0.00982793
"50057920000",0.0264,0.00928194
"50057940000",0.0059,0.01190272
"50057950000",0.0115,0.01703508
"50057960000",0.0071,0.01070153
"50057980000",0.0569,0.00720715
"50057990000",0.0194,0.0137591
"50058000000",0.0086,0.01769028
"50058010000",0.0027,0.01081073
"50058020000",0.0176,0.01070153
"50058030000",0.0585,0.01637989
"50058040000",0.0136,0.01157512
"50058060000",0,0.02096625
"50058070000",0,0.01878227
"50058090000",0,0.01594309
"50058102000",0,0.02260424
"50058103000",0.0441,0.01190272
"50058110000",0.0041,0.01627069
"50058120000",0.0247,0.0137591
"50058130000",0,0.00611516
"50058140000",0,0.00742555
"50058152000",0,0.01015553
"50058160000",0.0339,0.01834547
"50058170000",0.0158,0.0143051
"50058180000",0.0242,0.01026473
"50058210000",0.0448,0.00884514
"50058230000",0,0.00971873
"50058240000",0.0207,0.01321311
"50058250000",0,0.00786235
"50058260000",0.0497,0.01364991
"50058280000",0.0437,0.01769028
"50058310000",0.0117,0.01594309
"50058330000",0,0.01113832
"50058350000",0.0158,0.01223032
"50058381000",0,0.01583389
"50058382000",0,0.00502317
"50058440000",0,0.00917274
"50058450000",0,0.01648909
"50058470000",0.0086,0.01255791
"50058480000",0,0.01113832
"50058490000",0,0.01244871
"50058510000",0.0193,0.01670748
"50058530000",0,0.01004633
"50058540000",0,0.01059233
"50058550000",0,0.01091992
"50058560000",0,0.02074786
"50058570000",0,0.01769028
"50058580000",0.0145,0.01648909
"50058590000",0.0145,0.00808074
"50058600000",0.0089,0.00982793
"50058620000",0,0.0137591
"50058630000",0.0375,0.01223032
"50058640000",0.0264,0.01790868
"50058660000",0.0283,0.01343151
"50058670000",0,0.00950033
"50058680000",0,0.01856387
"50058690000",0.0169,0.02096625
"50058700000",0.0098,0.01277631
"50058732000",0.0118,0.01070153
"50058740000",0.0137,0.01004633
"50058750000",0.0067,0.00600596
"50058770000",0.0301,0.0139775
"50058790000",0.0067,0.01081073
"50058800000",0.0067,0.00960953
"50058830000",0.009,0.0145235
"50058840000",0,0.01528789
"50058940000",0,0.00808074
"50058950000",0,0.01037393
"50058960000",0.0194,0.01321311
"50058991000",0,0.01091992
"50058992000",0,0.01572469
"50059000000",0.0148,0.01758108
"50059030000",0.0048,0.01124752
"50059050000",0.0168,0.0145235
"50059060000",0.012,0.01113832
"50059070000",0,0.0139775
"50059090000",0.0509,0.01517869
"50059101000",0,0.01659828
"50059103000",0,0.01233951
"50059120000",0,0.01124752
"50059130000",0,0.01823627
"50059150000",0.0088,0.0143051
"50059170000",0.0088,0.01124752
"50059190000",0.006,0.01179352
"50059200000",0.0283,0.01681668
"50059221000",0.039,0.01157512
"50059222000",0.0107,0.00928194
"50059231000",0.0553,0.01299471
"50059240000",0.0339,0.01747188
"50059270000",0,0.0138683
"50059280000",0.0531,0.01201192
"50059300000",0.008,0.01233951
"50059310000",0.0291,0.00698875
"50059320000",0.0411,0.01954666
"50059330000",0.0282,0.01681668
"50059340000",0,0.01572469
"50059360000",0.008,0.01124752
"50059390000",0,0.01539709
"50059450000",0.0558,0.00600596
"50059460000",0.0334,0.02085706
"50059480000",0,0.01070153
"50059490000",0,0.01692588
"50059530000",0,0.0143051
"50059540000",0.0173,0.01659828
"50059550000",0,0.00960953
"50059560000",0,0.01736268
"50059570000",0.0201,0.00993713
"50059610000",0.0166,0.01921907
"50059620000",0.0092,0.01648909
"50059633000",0,0.01212112
"50059640000",0,0.01255791
"50059662000",0,0.00775315
"50059670000",0.0164,0.01976506
"50059690000",0.0027,0.01135672
"50059720000",0,0.00720715
"50059751000",0,0.01605229
"50059760000",0.0167,0.0146327
"50059770000",0,0.01091992
"50059790000",0.0091,0.01026473
"50059800000",0,0.01179352
"50059820000",0,0.00873594
"50059830000",0,0.01299471
"50059870000",0,0.00687955
"50059880000",0,0.00720715
"50059890000",0,0.00480477
"50059900000",0.0141,0.00655195
"50059910000",0,0.00753475
"50059930000",0.0064,0.01659828
"50059940000",0.0155,0.01517869
"50059970000",0,0.01354071
"50059980000",0,0.01321311
"50059990000",0.0033,0.00884514
"50060000000",0.0143,0.00840834
"50060010000",0,0.00666115
"50060030000",0,0.00578756
"50060042000",0.0033,0.01113832
"50060100000",0.0194,0.01266711
"50060120000",0,0.02074786
"50060130000",0.0194,0.01135672
"50060140000",0.0304,0.0140867
"50060151000",0,0.01135672
"50060152000",0.0143,0.00545996
"50060210000",0.0086,0.01332231
"50060220000",0.0182,0.00851754
"50060230000",0.0064,0.01277631
"50060250000",0.0251,0.01037393
"50060260000",0.0096,0.0144143
"50060270000",0.0096,0.01113832
"50060280000",0,0.00535076
"50060310000",0.0128,0.01288551
"50060330000",0,0.01703508
"50060350000",0,0.01878227
"50060360000",0,0.00873594
"50060370000",0,0.01790868
"50060380000",0,0.01561549
"50060390000",0,0.01572469
"50060440000",0.0274,0.01747188
"50060470000",0.0088,0.01102912
"50060480000",0,0.00950033
"50060490000",0.0334,0.01146592
"50060500000",0.0232,0.00687955
"50060510000",0,0.02391463
"50060540000",0,0.01321311
"50060560000",0,0.01801788
"50060571000",0,0.00840834
"50060590000",0,0.01539709
"50060610000",0,0.00950033
"50060631000",0,0.00786235
"50060640000",0.0301,0.01037393
"50060670000",0,0.01834547
"50060681000",0.0221,0.0138683
"50060683000",0,0.01517869
"50060700000",0,0.01637989
"50060712000",0,0.01277631
"50060721000",0,0.00764395
"50060730000",0,0.01113832
"50060760000",0.0243,0.01059233
"50060770000",0,0.01288551
"50066850000",0,0.00709795
"50066860000",0,0.01288551
"50066870000",0,0.01561549
"50066880000",0,0.01321311
"50066890000",0,0.01823627
"50066910000",0,0.0137591
"50066920000",0.0511,0.01233951
"50066931000",0.0657,0.01583389
"50066932000",0.0653,0.01212112
"50066940000",0,0.01277631
"50066950000",0.1815,0.00840834
"50066960000",0,0.00971873
"50066970000",0.0106,0.0150695
"50066980000",0,0.01037393
"50066990000",0.0106,0.00895434
"50067000000",0.0106,0.00840834
"50067010000",0.0106,0.01015553
"50067020000",0,0.01201192
"50067030000",0,0.01528789
"50067040000",0,0.01070153
"50067050000",0,0.01354071
"50067060000",0.0118,0.01179352
"50067070000",0,0.01102912
"50067080000",0.0118,0.00840834
"50067090000",0.0118,0.0147419
"50067130000",0.0102,0.01637989
"50067151000",0,0.00644276
"50067152000",0,0.00578756
"50067160000",0.0225,0.01627069
"50067170000",0.1002,0.01332231
"50067180000",0,0.01594309
"50067190000",0.0091,0.0138683
"50067210000",0.0225,0.01070153
"50067220000",0,0.01779948
"50067230000",0,0.01288551
"50067240000",0,0.01954666
"50067250000",0,0.01081073
"50067270000",0,0.0145235
"50067290000",0,0.01059233
"50067301000",0,0.00677035
"50067302000",0,0.00720715
"50067320000",0,0.01179352
"50067331000",0,0.01212112
"50067340000",0,0.00447717
"50067350000",0,0.00808074
"50067360000",0,0.00709795
"50067370000",0,0.00862674
"50067380000",0,0.00873594
"50067390000",0,0.01354071
"50067400000",0,0.01583389
"50067410000",0,0.0137591
"50067420000",0,0.00993713
"50067430000",0.0299,0.00698875
"50067441000",0,0.00928194
"50067442000",0.0299,0.00742555
"50067450000",0,0.00666115
"50067471000",0.0299,0.01081073
"50067472000",0,0.00589676
"50067480000",0,0.01561549
"50067490000",0,0.00906354
"50067501000",0,0.00655195
"50067502000",0.0601,0.00545996
"50067510000",0,0.00960953
"50067520000",0,0
"50067530000",0,0.00382197
"50067540000",0,0.00611516
"50067550000",0,0.00884514
"50067560000",0,0.00808074
"50067570000",0,0.0145235
"50067580000",0,0.01539709
"50067610000",0,0.00622436
"50067620000",0,0.00709795
"50067630000",0,0.00425877
"50067640000",0,0.00622436
"50067650000",0.0601,0.00644276
"50067661000",0,0.01233951
"50067690000",0,0.00633356
"50067700000",0,0.00829914
"50067710000",0,0.00458637
"50067720000",0,0.00775315
"50067730000",0,0.00535076
"50067740000",0,0.00207479
"50067770000",0,0.01059233
"50067780000",0,0.01168432
"50067790000",0,0.00917274
"50067800000",0,0.00939113
"50067810000",0,0.01179352
"50067820000",0,0.01059233
"50067830000",0,0.01321311
"50067840000",0,0.01026473
"50067850000",0,0.01714428
"50067860000",0,0.01026473
"50067870000",0,0.01321311
"50067880000",0,0.01157512
"50067890000",0.0102,0.0148511
"50067910000",0,0.00556916
"50067920000",0,0.01059233
"50067931000",0,0.00764395
"50067932000",0,0.00775315
"50067940000",0,0.00677035
"50067970000",0.0601,0.00600596
"50067980000",0.0601,0.00502317
"50067990000",0,0.02489743
"50069890000",0.0683,0.01823627
"50069930000",0.0239,0.01288551
"50069940000",0,0.01113832
"50071860000",0.0683,0.0139775
"50071870000",0.0307,0.00862674
"50071880000",0.0435,0.01517869
"50071890000",0,0.00829914
"50073360000",0,0.01113832
"50073370000",0.0196,0.0141959
"50073380000",0.0372,0.01987426
"50074630000",0.0372,0.01244871
"50074640000",0.0307,0.01900067
"50075450000",0.0372,0.0139775
"50077430000",0.0239,0.01310391
"50077510000",0.0239,0.01714428
"50077570000",0,0.01889147
"50077840000",0,0.01812707
"50083130000",0,0.00928194
"50083140000",0,0.01015553
"50083150000",0,0.01026473
"50083160000",0,0.01135672
"50083170000",0,0.01091992
"50083180000",0,0.01266711
"50083190000",0,0.0147419
"50083200000",0,0.01037393
"50083210000",0,0.00262078
"50083220000",0.0704,0.00513236
"50083230000",0.134,0.00371277
"50083240000",0,0.00709795
"50083250000",0,0.00294838
"50083260000",0.048,0.01113832
"50083270000",0.048,0.00545996
"50083280000",0,0.0138683
"50083290000",0,0.01910987
"50083300000",0,0.00327598
"50083310000",0,0.00993713
"50083320000",0,0.01015553
"50083330000",0,0.00829914
"50083340000",0,0.01037393
"50083350000",0,0.02074786
"50083360000",0,0.01627069
"50083370000",0,0.00589676
"50083380000",0,0.01310391
"50083390000",0,0.01255791
"50083400000",0,0.00720715
"50083410000",0,0.00971873
"50083420000",0,0.01081073
"50083430000",0.0125,0.01124752
"50083440000",0,0.00687955
"50083450000",0.0125,0.00611516
"50083470000",0.0125,0.01714428
"50083480000",0,0.00567836
"50083490000",0.0125,0.0149603
"50083500000",0,0.00644276
"50083520000",0,0.00982793
"50083530000",0,0.01856387
"50083540000",0,0.01572469
"50083550000",0,0.01364991
"50083560000",0,0.01146592
"50083580000",0.0205,0.00720715
"50083590000",0.0841,0.00524156
"50083610000",0.0205,0.00742555
"50083620000",0.0205,0.00775315
"50083630000",0.0704,0.01223032
"50083650000",0,0.00982793
"50083660000",0,0.02162145
"50083680000",0,0.01299471
"50083690000",0,0.01146592
"50083700000",0.0704,0.00491397
"50083720000",0,0.00655195
"50083730000",0.1272,0.01091992
"50083750000",0,0.00698875
"50083760000",0,0.01015553
"50083770000",0,0.01255791
"50083780000",0,0.01790868
"50083790000",0,0.00851754
"50083800000",0,0.00764395
"50083810000",0,0.01299471
"50083820000",0,0.00753475
"50083830000",0,0.01233951
"50083840000",0,0.00251158
"50083850000",0,0.01059233
"50083890000",0,0.00982793
"50083900000",0,0.01124752
"50083910000",0,0.01015553
"50083920000",0,0.01059233
"50083930000",0.0489,0.00338518
"50083940000",0,0.00513236
"50083950000",0,0.01081073
"50083960000",0,0.00797154
"50083970000",0,0.00720715
"50083980000",0.0489,0.00545996
"50083990000",0.1506,0.00786235
"50084000000",0.0489,0.00753475
"50084010000",0.0489,0.00655195
"50084020000",0,0.01168432
"50084030000",0,0.00556916
"50084050000",0.0864,0.01223032
"50084060000",0.0311,0.00404037
"50084100000",0.0685,0.01102912
"50084120000",0,0.00971873
"50102990000",0.0077,0.00600596
"50103010000",0,0.01026473
"50103020000",0,0.01572469
"50103030000",0,0.00917274
"50103040000",0,0.0150695
"50103090000",0.0054,0.01146592
"50103110000",0.0411,0.00786235
"50103120000",0,0.01659828
"50103150000",0.0861,0.00917274
"50103160000",0.0359,0.00786235
"50103170000",0.027,0.00513236
"50103180000",0,0.00556916
"50103200000",0.0431,0.00633356
"50103210000",0.0054,0.01102912
"50103220000",0,0.00447717
"50103230000",0.0952,0.0140867
"50103240000",0,0.01616149
"50103250000",0,0.01070153
"50103260000",0,0.01233951
"50103341000",0.0165,0.01834547
"50103350000",0,0.01223032
"50103360000",0.0861,0.01212112
"50103370000",0.0077,0.00709795
"50103380000",0,0.00458637
"50103390000",0.0168,0.00829914
"50103400000",0.018,0.01277631
"50103410000",0,0.01714428
"50103420000",0.049,0.00742555
"50103430000",0.0152,0.01124752
"50103440000",0,0.01113832
"50103450000",0,0.00775315
"50103460000",0,0.01102912
"50103470000",0,0.00513236
"50103480000",0,0.00917274
"50103491000",0.0352,0.00786235
"50103492000",0.0165,0.00633356
"50103500000",0,0.01627069
"50103510000",0,0.00928194
"50103530000",0.1081,0.01048313
"50103540000",0,0.01266711
"50103550000",0,0.01233951
"50103560000",0.0298,0.00567836
"50103570000",0,0.0143051
"50103580000",0.1086,0.01037393
"50103590000",0,0.01517869
"50103600000",0.0134,0.01332231
"50103610000",0.0431,0.00589676
"50103620000",0,0.01026473
"50103630000",0,0.01310391
"50103640000",0.0119,0.01867307
"50103650000",0,0.01583389
"50103660000",0,0.01059233
"50103670000",0,0.00098279
"50103680000",0,0.00720715
"50103690000",0,0.00709795
"50103700000",0,0.00950033
"50103710000",0,0.00851754
"50103721000",0,0.00622436
"50103722000",0.0179,0.00633356
"50103730000",0.005,0.01299471
"50103740000",0,0.01670748
"50103750000",0,0.01157512
"50103760000",0.005,0.01321311
"50103770000",0.0466,0.01102912
"50103790000",0.0054,0.0146327
"50103810000",0,0.01954666
"50103820000",0.0015,0.01113832
"50103830000",0,0.01517869
"50103841000",0.0959,0
"50103842000",0.0359,0.01113832
"50103850000",0.0347,0.01124752
"50103860000",0,0.00818994
"50103870000",0.0054,0.00797154
"50103880000",0.0187,0.00971873
"50103890000",0.0187,0.00775315
"50103900000",0.0119,0.0138683
"50103910000",0,0.01113832
"50103920000",0,0.01026473
"50117460000",0.011,0.00687955
"50117472000",0.0681,0.00229318
"50117494000",0.0572,0.00589676
"50117520000",0,0.01015553
"50117630000",0,0.01190272
"50117640000",0,0.01233951
"50117650000",0,0.00753475
"50117660000",0,0.00808074
"50117680000",0,0.01059233
"50117690000",0,0.0139775
"50117700000",0,0.01190272
"50117710000",0,0.00731635
"50117720000",0.0225,0.00862674
"50117731000",0,0.00873594
"50117732000",0,0.00283918
"50117750000",0,0.01124752
"50117760000",0,0.00960953
"50117770000",0,0.01310391
"50117780000",0,0.00971873
"50117790000",0,0.00960953
"50117810000",0,0.01517869
"50117820000",0,0.00753475
"50117830000",0,0.01539709
"50117840000",0,0.01266711
"50117850000",0,0.01059233
"50117860000",0,0.0138683
"50117870000",0,0.01223032
"50117880000",0.1998,0.01364991
"50117890000",0,0.01954666
"50117960000",0,0.01081073
"50117970000",0,0.01070153
"50117980000",0.0709,0.0147419
"50118010000",0.0068,0.0147419
"50118020000",0.01,0.01539709
"50118030000",0.01,0.01168432
"50118040000",0.01,0.01255791
"50118050000",0,0.01168432
"50118120000",0,0.01070153
"50118140000",0.0584,0.01048313
"50118160000",0,0.01015553
"50118170000",0.0097,0.01343151
"50118200000",0,0.01004633
"50118210000",0,0.00753475
"50118260000",0,0.00917274
"50118270000",0,0.01364991
"50118280000",0.0068,0.01026473
"50118290000",0,0.01605229
"50118300000",0.018,0.0141959
"50118321000",0.018,0.00742555
"50118322000",0.0068,0.00775315
"50118330000",0,0.01299471
"50118350000",0,0.01124752
"50118360000",0,0.01179352
"50118370000",0,0.0149603
"50118380000",0,0.00950033
"50118390000",0.01,0.01550629
"50118410000",0,0.01856387
"50118420000",0,0.00928194
"50118450000",0,0.00873594
"50118510000",0.0106,0.00906354
"50118520000",0.0106,0.0138683
"50118540000",0,0.00960953
"50118650000",0.0271,0.00141959
"50118720000",0.0104,0.00698875
"50118730000",0.0104,0.01266711
"50118740000",0.0104,0.00251158
"50118750000",0.0064,0.00622436
"50118760000",0.0223,0.00840834
"50118770000",0.0183,0.01135672
"50118780000",0.0183,0.00808074
"50118790000",0.0119,0.00480477
"50118800000",0.0064,0.00851754
"50118870000",0.0064,0.00960953
"50118890000",0.0211,0.01015553
"50118900000",0.0147,0.01004633
"50118910000",0.0175,0.00709795
"50118920000",0.0234,0.00818994
"50118940000",0.0059,0.01354071
"50118950000",0.0692,0.01233951
"50118970000",0.0147,0.00589676
"50118990000",0.0147,0.00371277
"50119000000",0.0155,0.00633356
"50119030000",0.0142,0.00895434
"50119042000",0,0.00633356
"50119050000",0.0155,0.00873594
"50119080000",0.0297,0.00677035
"50119090000",0.0054,0.00644276
"50119100000",0.0271,0.00818994
"50119110000",0.0209,0
"50119120000",0,0.01201192
"50119140000",0.044,0.00895434
"50119150000",0.0209,0.01091992
"50119170000",0,0.0141959
"50119180000",0.1168,0.00775315
"50119200000",0.0225,0.01758108
"50119210000",0,0.00862674
"50119220000",0,0.00535076
"50119230000",0.0225,0.01233951
"50119250000",0,0.01845467
"50119260000",0,0.00939113
"50119270000",0,0.01081073
"50119280000",0,0.01179352
"50119290000",0,0.00535076
"50119300000",0.0709,0.00851754
"50119310000",0.0709,0.00862674
"50119320000",0,0.00786235
"50119330000",0,0.00174719
"50119340000",0,0.00480477
"50119350000",0.0918,0.00720715
"50119370000",0.0477,0.00797154
"50119380000",0.0477,0.01266711
"50119391000",0.0728,0.00174719
"50119392000",0.0477,0.00404037
"50119393000",0.0477,0.00480477
"50119400000",0.0477,0.00939113
"50119410000",0,0.00513236
"50119440000",0.0477,0.00436797
"50119450000",0,0.00709795
"50119460000",0.0808,0.00829914
"50119470000",0.1285,0.00644276
"50119480000",0,0.01048313
"50119500000",0,0.01637989
"50119510000",0.018,0.00655195
"50119520000",0.018,0.00775315
"50119530000",0.0596,0.00677035
"50119540000",0.018,0.00906354
"50119550000",0,0.00764395
"50119560000",0,0.00677035
"50119580000",0,0.01212112
"50119590000",0,0.00917274
"50119600000",0,0.01037393
"50119610000",0,0.01015553
"50119620000",0,0.00731635
"50119630000",0,0.00862674
"50119640000",0,0.01266711
"50119650000",0,0.00950033
"50119680000",0,0.01212112
"50119690000",0,0.00960953
"50119721000",0,0.00971873
"50119722000",0,0.00491397
"50119730000",0,0.02762741
"50119740000",0,0.01124752
"50119760000",0,0.00753475
"50119770000",0.0097,0.01714428
"50119780000",0.0097,0.01266711
"50119790000",0,0.01070153
"50119800000",0.0097,0.00928194
"50119810000",0,0.01048313
"50119820000",0,0.00971873
"50119830000",0,0.00633356
"50119840000",0,0.01343151
"50119850000",0,0.01244871
"50119860000",0,0.00982793
"50119870000",0,0.02096625
"50119890000",0,0.0144143
"50119900000",0.0477,0.00917274
"50119910000",0,0.0139775
"50119920000",0,0.01539709
"50119930000",0,0.01026473
"50119940000",0,0.01299471
"50119950000",0,0.01648909
"50119960000",0,0.0148511
"50119970000",0,0.01157512
"50119980000",0,0.01867307
"50119990000",0,0.01354071
"50120000000",0,0.01102912
"50120011000",0,0.00578756
"50120012000",0,0.00873594
"50120110000",0,0.00939113
"50120120000",0,0.00731635
"50120130000",0,0.00895434
"50120140000",0,0.0138683
"50120150000",0,0.01637989
"50120160000",0,0.00535076
"50120170000",0,0.00709795
"50120180000",0,0.00731635
"50120190000",0.0093,0.01004633
"50120200000",0,0.01081073
"50120210000",0,0.01561549
"50120220000",0,0.0137591
"50120230000",0,0.00895434
"50120240000",0.0093,0.00535076
"50120251000",0.0093,0.01168432
"50120253000",0.0093,0.00611516
"50120260000",0,0.00775315
"50120270000",0,0.00666115
"50120280000",0.0093,0.01244871
"50120290000",0,0.01146592
"50120300000",0,0.01517869
"50120310000",0,0.0144143
"50120320000",0,0.00524156
"50120330000",0,0.01965586
"50120340000",0,0.01146592
"50120350000",0,0.00775315
"50120370000",0,0.01299471
"50120380000",0,0.01026473
"50120390000",0.0477,0.00786235
"50120400000",0.01,0.00524156
"50120410000",0.0577,0.00829914
"50120421000",0.01,0.00786235
"50120422000",0.01,0.00272998
"50120430000",0.01,0.00131039
"50120440000",0.0577,0.00338518
"50120450000",0,0.01616149
"50120460000",0.1998,0.0150695
"50120471000",0,0.01102912
"50120481000",0,0.00829914
"50120482000",0,0.00808074
"50120490000",0,0.01223032
"50120500000",0,0.01288551
"50120510000",0,0.01113832
"50120520000",0,0.00535076
"50120530000",0.0052,0.01517869
"50120540000",0,0.00633356
"50120550000",0.0052,0.01015553
"50120561000",0.0052,0.00469557
"50120562000",0.0052,0.00382197
"50120563000",0.0052,0.00414957
"50120571000",0.01,0.00950033
"50120572000",0,0.01266711
"50120580000",0.01,0.01004633
"50120590000",0.0168,0.01616149
"50120600000",0,0.01670748
"50120610000",0.018,0.01528789
"50120620000",0.018,0.01583389
"50120640000",0,0.01321311
"50120650000",0,0.00786235
"50120660000",0.018,0.01921907
"50120670000",0,0.01594309
"50120680000",0.0068,0.01233951
"50120690000",0.0068,0.0150695
"50120700000",0,0.01310391
"50120710000",0,0.01288551
"50120720000",0,0.01714428
"50120730000",0,0.0140867
"50120740000",0,0.01277631
"50120750000",0,0.01146592
"50120760000",0,0.01758108
"50120770000",0,0.00698875
"50120781000",0.0108,0.00775315
"50120782000",0.0108,0.00993713
"50120790000",0,0.01146592
"50120800000",0,0.01179352
"50120810000",0,0.01354071
"50120820000",0,0.0143051
"50120830000",0,0.01146592
"50120840000",0,0.01310391
"50120850000",0,0.01616149
"50120860000",0,0.00622436
"50120870000",0,0.00917274
"50120900000",0.0106,0.01135672
"50120910000",0.0106,0.01364991
"50120930000",0,0.00982793
"50120940000",0.1409,0.00742555
"50120950000",0.1565,0.01223032
"50120960000",0,0.01059233
"50120970000",0.0262,0.02140305
"50120990000",0.0652,0.01048313
"50121000000",0,0
"50121010000",0,0.01976506
"50121031000",0,0.00884514
"50121032000",0,0.00917274
"50121041000",0,0.00240238
"50121043000",0,0.01223032
"50121100000",0,0.00262078
"50121110000",0,0.00895434
"50121131000",0.0751,0.00207479
"50121132000",0.0059,0.00764395
"50121140000",0.0989,0.00906354
"50121160000",0.018,0.00960953
"50199190000",0.0325,0.00950033
"50199200000",0.018,0.01048313
"50199210000",0,0.00895434
"50199220000",0,0.01146592
"50199230000",0,0.00950033
"50199250000",0.0362,0.00840834
"50199260000",0,0.01539709
"50199270000",0.0209,0.01223032
"50199280000",0,0.01539709
"50199290000",0,0.01233951
"50199300000",0,0.01146592
"50199310000",0,0.01135672
"50199320000",0,0.00873594
"50199330000",0,0.01233951
"50199340000",0,0.01244871
"50199350000",0,0.00906354
"50199360000",0,0.01223032
"50199370000",0,0.00808074
"50199380000",0,0.0138683
"50199390000",0,0.01048313
"50199400000",0,0.00808074
"50199410000",0,0.01081073
"50199430000",0.0768,0.0138683
"50199450000",0,0.01266711
"50199460000",0,0.00163799
"50199470000",0,0.0140867
"50199480000",0,0.01692588
"50199500000",0,0.01179352
"50199510000",0.0115,0.01517869
"50199520000",0,0.01135672
"50199540000",0,0.00917274
"50199550000",0,0.01856387
"50199560000",0.0154,0.01255791
"50199570000",0,0.01135672
"50199580000",0,0.01157512
"50199590000",0.0068,0.0137591
"50199600000",0,0.00993713
"50199610000",0,0.01179352
"50199620000",0,0.0143051
"50199640000",0,0.01637989
"50199670000",0.0094,0.01168432
"50199680000",0.021,0.01102912
"50199700000",0,0.01081073
"50199710000",0,0.01168432
"50199730000",0,0.01321311
"50199740000",0.0064,0.00666115
"50199750000",0,0.01004633
"50199760000",0,0.00840834
"50199770000",0.0173,0.0145235
"50199780000",0,0.00808074
"50199790000",0.0288,0.01223032
"50199810000",0,0.01201192
"50199820000",0,0.00786235
"50199830000",0.064,0.00993713
"50199840000",0.0127,0.01201192
"50199850000",0.0146,0.00873594
"50199860000",0.02,0.01856387
"50199870000",0.0447,0.0144143
"50199880000",0,0.0146327
"50199890000",0.0235,0.01190272
"50199900000",0,0.01004633
"50199940000",0,0.00687955
"50199950000",0,0.01277631
"50199970000",0,0.01048313
"50199980000",0.0086,0.01769028
"50199990000",0,0.01354071
"50200000000",0.0746,0.01343151
"50200010000",0,0.00840834
"50200020000",0.0186,0.01627069
"50200030000",0.0981,0.0141959
"50200060000",0,0.00567836
"50200080000",0.0432,0.00797154
"50200090000",0,0.01124752
"50200100000",0,0.00764395
"50200120000",0.0168,0.01037393
"50200130000",0,0.01190272
"50200140000",0,0.0137591
"50200150000",0,0.00840834
"50200160000",0.0892,0.01048313
"50200170000",0,0.00808074
"50200180000",0,0.01856387
"50200190000",0.0095,0.01026473
"50200200000",0,0.01321311
"50200210000",0.0061,0.00753475
"50200220000",0,0.00840834
"50200230000",0,0.01048313
"50200240000",0.0062,0.00884514
"50200250000",0,0.00895434
"50200260000",0,0.0137591
"50200270000",0.0385,0.01091992
"50200280000",0.0319,0.01266711
"50200290000",0.0679,0.0137591
"50200300000",0,0.01310391
"50200310000",0,0.01299471
"50200320000",0,0.01299471
"50200330000",0.0296,0.00404037
"50200340000",0,0.00294838
"50200350000",0,0.01769028
"50200360000",0.0068,0.00731635
"50200370000",0,0.00491397
"50200380000",0,0.00262078
"50200390000",0,0.00294838
"50200400000",0,0.00305758
"50200410000",0,0.00283918
"50200420000",0,0.00567836
"50200430000",0,0.00469557
"50200440000",0,0.00513236
"50200450000",0,0.00393117
"50200460000",0,0.00928194
"50200470000",0,0.00644276
"50200480000",0,0.00698875
"50200490000",0,0.00480477
"50200520000",0,0.00535076
"50200530000",0,0.00283918
"50200550000",0,0.00687955
"50200560000",0,0.00589676
"50200590000",0,0.00818994
"50200600000",0,0.01539709
"50200610000",0.0135,0.00491397
"50200620000",0.0103,0.01070153
"50200630000",0.0142,0.00960953
"50200640000",0.0852,0.01517869
"50200650000",0.0415,0.0143051
"50200660000",0,0.01244871
"50200670000",0,0.01310391
"50200680000",0,0.01627069
"50200690000",0.0133,0.00873594
"50200700000",0.0678,0.00786235
"50200710000",0.0279,0.00993713
"50200720000",0.0103,0.01801788
"50200730000",0.1354,0.01681668
"50200740000",0.0516,0.00818994
"50200750000",0,0.00709795
"50200770000",0.0161,0.00491397
"50200780000",0,0.00491397
"50200790000",0,0.01135672
"50200810000",0,0.01223032
"50200820000",0,0.01288551
"50200830000",0,0.00731635
"50200860000",0,0.00884514
"50200870000",0,0.01102912
"50200880000",0,0.00971873
"50200890000",0.0481,0.00884514
"50200900000",0,0.0146327
"50200910000",0,0.00698875
"50200930000",0,0.01190272
"50200940000",0.0135,0.01113832
"50200950000",0.063,0.00950033
"50200960000",0,0.01244871
"50200970000",0,0.01736268
"50200980000",0,0.0150695
"50200990000",0,0.01081073
"50201020000",0,0.01332231
"50201030000",0,0.0143051
"50201050000",0,0.01299471
"50201060000",0.0127,0.01212112
"50201070000",0,0.00600596
"50201080000",0,0.01277631
"50201090000",0.0064,0.0143051
"50201100000",0,0.01288551
"50201110000",0,0.00229318
"50201120000",0,0.00720715
"50201130000",0.0084,0.01233951
"50201140000",0,0.00731635
"50201150000",0,0.01070153
"50201160000",0,0.01255791
"50201170000",0,0.00600596
"50201180000",0,0.00742555
"50201190000",0,0.01070153
"50201200000",0,0.00524156
"50201220000",0,0.01299471
"50201230000",0,0.0138683
"50201240000",0.0242,0.01550629
"50201251000",0,0.00753475
"50201252000",0,0.00436797
"50201260000",0,0.01091992
"50201270000",0.0147,0.00884514
"50201290000",0,0.00535076
"50201300000",0,0.01681668
"50201310000",0,0.01714428
"50201320000",0,0.01616149
"50201340000",0.0646,0.01157512
"50201350000",0,0.01081073
"50201360000",0,0.01299471
"50201380000",0,0.00677035
"50201390000",0,0.01244871
"50201400000",0,0.01900067
"50201410000",0,0.01102912
"50201430000",0.0257,0.0141959
"50201450000",0.0243,0.0145235
"50201460000",0,0.00840834
"50201470000",0,0.00884514
"50201480000",0,0.01048313
"50201490000",0,0.0141959
"50201500000",0.0111,0.0146327
"50201530000",0.0156,0.01081073
"50201550000",0,0.00873594
"50201560000",0,0.01146592
"50201580000",0.0147,0.00698875
"50201590000",0.0362,0.00742555
"50201600000",0.0303,0.01004633
"50201610000",0,0.01135672
"50201620000",0,0.00950033
"50201630000",0,0.00829914
"50201640000",0.0182,0.01004633
"50201650000",0.0123,0.0147419
"50201660000",0,0.00731635
"50201670000",0,0.0145235
"50201680000",0.0209,0.00884514
"50201690000",0,0.01048313
"50201700000",0,0.01059233
"50201710000",0,0.01070153
"50201720000",0,0.01277631
"50201730000",0,0.0141959
"50201740000",0,0.00884514
"50201750000",0,0.01004633
"50201760000",0,0.00797154
"50201770000",0,0.01266711
"50201780000",0.015,0.01343151
"50201790000",0.0582,0.01583389
"50201800000",0.0095,0.01059233
"50201810000",0,0.01605229
"50201820000",0.0109,0.00982793
"50201830000",0,0.01364991
"50201850000",0.0115,0.01561549
"50201870000",0.0094,0.01168432
"50201880000",0,0.0143051
"50201890000",0,0.01310391
"50201900000",0.0064,0.00906354
"50201910000",0,0.01113832
"50201920000",0,0.0143051
"50201930000",0.0071,0.01244871
"50201940000",0,0.01037393
"50201950000",0.0151,0.01102912
"50201960000",0,0.01059233
"50201970000",0,0.00993713
"50201980000",0,0.00808074
"50202000000",0,0.00862674
"50202010000",0.0168,0.01943747
"50202020000",0,0.01201192
"50202030000",0,0.01070153
"50202040000",0,0.00971873
"50202050000",0,0.01179352
"50202060000",0,0.00873594
"50202070000",0.0061,0.00884514
"50202080000",0,0.01725348
"50202090000",0,0.00873594
"50202100000",0,0.01004633
"50202110000",0,0.01048313
"50202120000",0,0.01244871
"50202130000",0,0.0139775
"50202150000",0,0.00382197
"50202160000",0,0.00382197
"50202170000",0,0.00862674
"50202180000",0,0.00633356
"50202190000",0,0.00545996
"50202200000",0.0143,0.00829914
"50202210000",0,0.00906354
"50202220000",0,0.00425877
"50202230000",0,0.00960953
"50202240000",0,0.00404037
"50202260000",0,0.00589676
"50202270000",0.0209,0.01364991
"50202280000",0,0.01081073
"50202290000",0.0582,0.00797154
"50202300000",0.015,0.00928194
"50202310000",0,0.01572469
"50202320000",0.0536,0.0147419
"50202330000",0,0.01648909
"50202340000",0,0.01670748
"50202350000",0.0582,0.01124752
"50202360000",0.0103,0.01059233
"50202380000",0,0.01081073
"50202390000",0.0165,0.0143051
"50202400000",0.0165,0.00884514
"50202410000",0.0279,0.01223032
"50202420000",0.0172,0.00906354
"50202430000",0,0.0145235
"50202440000",0,0.01026473
"50202460000",0.0135,0.00567836
"50202480000",0.0103,0.00873594
"50202490000",0,0.01288551
"50202500000",0.02,0.01059233
"50202510000",0,0.01081073
"50202520000",0.0883,0.00960953
"50202530000",0,0.00622436
"50202550000",0,0.02380544
"50202560000",0,0.01277631
"50202570000",0,0.01998346
"50202580000",0,0.01572469
"50202590000",0.0095,0.01616149
"50202600000",0,0.01878227
"50202610000",0,0.01070153
"50202640000",0,0.01758108
"50202650000",0,0.01124752
"50202660000",0,0.01179352
"50202670000",0,0.01004633
"50202680000",0,0.01190272
"50202700000",0.0108,0.01364991
"50202710000",0,0.00960953
"50202720000",0.0433,0.00939113
"50202730000",0.0481,0.0137591
"50202740000",0.0433,0.01048313
"50202750000",0,0.01779948
"50202760000",0.0481,0.0144143
"50202770000",0,0.01255791
"50202790000",0,0.01747188
"50202800000",0,0.01288551
"50202810000",0.0742,0.01026473
"50202820000",0,0.01277631
"50202830000",0,0.01201192
"50202840000",0,0.01266711
"50202850000",0.064,0.01364991
"50202860000",0.0247,0.01168432
"50202870000",0,0.00786235
"50202880000",0,0.00873594
"50202900000",0,0.00862674
"50202910000",0,0.01670748
"50202920000",0,0.01113832
"50202930000",0.0564,0.00808074
"50202940000",0.0128,0.0141959
"50202950000",0.0128,0.01277631
"50202960000",0,0.01627069
"50202970000",0,0.01059233
"50202990000",0,0.01070153
"50203000000",0,0.0141959
"50203010000",0,0.00742555
"50203020000",0,0.00633356
"50203030000",0.0067,0.00895434
"50203040000",0.0067,0.00797154
"50203050000",0,0.00862674
"50203060000",0,0.01004633
"50203070000",0.0138,0.01736268
"50203080000",0,0.01310391
"50203090000",0,0.00982793
"50203100000",0,0.01354071
"50203110000",0,0.01354071
"50203120000",0,0.02282264
"50203130000",0.0543,0.00808074
"50203140000",0,0.01157512
"50203150000",0,0.01081073
"50203160000",0.0981,0.01299471
"50203170000",0,0.00917274
"50203190000",0.0186,0.01321311
"50203200000",0,0.01168432
"50203210000",0,0.00917274
"50203220000",0.0168,0.0138683
"50203230000",0.0168,0.00906354
"50203240000",0.0166,0.01124752
"50203250000",0.0166,0.00950033
"50203260000",0.0147,0.00960953
"50203280000",0,0.01627069
"50203290000",0,0.01102912
"50203300000",0,0.0150695
"50203321000",0,0.01277631
"50203340000",0,0.00950033
"50203350000",0,0.0143051
"50203360000",0,0.01769028
"50203370000",0.0234,0.01277631
"50203380000",0.0154,0.01943747
"50203400000",0,0.0138683
"50203410000",0,0.01561549
"50203420000",0.0163,0.00939113
"50203430000",0,0.01004633
"50203440000",0,0.01059233
"50203450000",0,0.00851754
"50203460000",0,0.0138683
"50203470000",0,0.01091992
"50203480000",0,0.0141959
"50203490000",0,0.00939113
"50203510000",0.0286,0.01594309
"50203520000",0.0156,0.01168432
"50203530000",0.0245,0.01364991
"50203540000",0,0.01343151
"50203580000",0,0.00840834
"50203590000",0,0.01343151
"50203600000",0.0147,0.00524156
"50203610000",0,0.00698875
"50203620000",0,0.00545996
"50203630000",0.0215,0.00829914
"50203640000",0,0.00556916
"50203670000",0,0.00829914
"50203680000",0,0.01113832
"50203690000",0,0.01233951
"50203700000",0,0.01091992
"50203710000",0,0.0144143
"50203720000",0,0.0145235
"50203730000",0,0.00950033
"50203740000",0,0.00939113
"50203750000",0,0.01321311
"50203760000",0.0215,0.01223032
"50203770000",0.0109,0.00939113
"50203780000",0,0.00808074
"50203800000",0,0.00753475
"50203810000",0,0.01015553
"50203820000",0.0094,0.0150695
"50203830000",0,0.01255791
"50203870000",0,0.01343151
"50203890000",0,0.00906354
"50203900000",0,0.00982793
"50203910000",0,0.00993713
"50203920000",0,0.00906354
"50203930000",0,0.01343151
"50203940000",0.0196,0.01725348
"50203960000",0,0.00906354
"50203970000",0,0.01091992
"50203980000",0.0123,0.01747188
"50204000000",0,0.00906354
"50204010000",0,0.00971873
"50204020000",0,0.00687955
"50204040000",0,0.00556916
"50204050000",0,0.00698875
"50204060000",0,0.00687955
"50204070000",0,0.01310391
"50204080000",0,0.00469557
"50204090000",0,0.00884514
"50204100000",0,0.0145235
"50204110000",0,0.01867307
"50204120000",0,0.01026473
"50204130000",0,0.00851754
"50204140000",0.015,0.01102912
"50204150000",0,0.0141959
"50204160000",0,0.01255791
"50204170000",0,0.00742555
"50204190000",0,0.00840834
"50204200000",0.0103,0.00993713
"50204210000",0,0.00884514
"50204230000",0,0.01223032
"50204240000",0,0.01168432
"50204250000",0,0.00982793
"50204260000",0.0264,0.01102912
"50204270000",0.0137,0.01190272
"50204290000",0.163,0.0140867
"50204300000",0,0.01266711
"50204310000",0,0.01201192
"50204320000",0,0.01670748
"50204340000",0.02,0.01845467
"50204350000",0.0883,0.00742555
"50204360000",0,0.01135672
"50204370000",0.0161,0.00862674
"50204380000",0,0.00404037
"50204390000",0,0.02151225
"50204400000",0,0.00742555
"50204410000",0,0.01714428
"50204430000",0,0.01288551
"50204440000",0,0.01004633
"50204450000",0,0.01845467
"50204460000",0.0068,0.01048313
"50204480000",0.0068,0.01823627
"50204490000",0,0.01758108
"50204510000",0,0.01605229
"50204520000",0,0.00873594
"50204530000",0,0.00687955
"50204550000",0.0115,0.00808074
"50204560000",0,0.01048313
"50204570000",0,0.00622436
"50204580000",0.0108,0.01277631
"50204590000",0,0.0147419
"50204600000",0.0433,0.00982793
"50204610000",0,0.01059233
"50204620000",0.0433,0.00906354
"50204640000",0,0.0146327
"50204660000",0,0.01037393
"50204670000",0,0.01310391
"50204680000",0,0.01288551
"50204700000",0.063,0.00797154
"50204710000",0,0.01157512
"50204720000",0.064,0.0144143
"50204730000",0.0127,0.01659828
"50204740000",0.0127,0.0147419
"50204750000",0,0.01223032
"50204760000",0,0.01725348
"50204770000",0,0.01201192
"50204780000",0.0564,0.01266711
"50204800000",0.0521,0.0143051
"50204810000",0,0.00873594
"50204820000",0,0.01124752
"50204830000",0,0.01157512
"50204850000",0.0128,0.01321311
"50204860000",0,0.01233951
"50204870000",0,0.01354071
"50204880000",0,0.01026473
"50204890000",0.0064,0.01277631
"50204900000",0.0064,0.01627069
"50204920000",0,0.01277631
"50204930000",0,0.00829914
"50204940000",0,0.01179352
"50204950000",0,0.00742555
"50204960000",0.0067,0.00873594
"50204970000",0,0.00677035
"50204980000",0,0.00862674
"50204990000",0,0.0139775
"50205000000",0.0095,0.00873594
"50205010000",0,0.01015553
"50205031000",0,0.00600596
"50205032000",0,0.00971873
"50205040000",0,0.00436797
"50205050000",0.0087,0.01310391
"50205060000",0,0.00753475
"50205070000",0.0104,0.01223032
"50205080000",0.0054,0.0146327
"50205090000",0,0.01354071
"50205100000",0.0186,0.0137591
"50205110000",0,0.00982793
"50205120000",0.0166,0.01081073
"50205130000",0.0147,0.00971873
"50205140000",0.0239,0.01179352
"50205150000",0.0147,0.00928194
"50205160000",0,0.01135672
"50205170000",0,0.01550629
"50205180000",0.0289,0.01081073
"50205190000",0.0634,0.01343151
"50205200000",0,0.01201192
"50205210000",0,0.0143051
"50205220000",0.0634,0.01168432
"50205230000",0,0.01364991
"50205240000",0,0.0141959
"50205250000",0,0.01758108
"50205260000",0.0154,0.01517869
"50205270000",0.0646,0.01255791
"50205280000",0,0.01889147
"50205290000",0.0689,0.01059233
"50205300000",0.0088,0.00960953
"50205310000",0.0111,0.01616149
"50205320000",0,0.00709795
"50205340000",0.0385,0.01616149
"50205350000",0.0239,0.00786235
"50205360000",0.0156,0.00993713
"50205370000",0.0156,0.01343151
"50205380000",0,0.01037393
"50205390000",0,0.01616149
"50205400000",0.0245,0.01648909
"50205410000",0,0.00960953
"50205420000",0,0.01364991
"50205430000",0,0.01070153
"50205440000",0,0.00687955
"50205450000",0.0362,0.00753475
"50205460000",0.0123,0.01146592
"50205470000",0,0.01015553
"50205480000",0,0.01135672
"50205490000",0,0.01179352
"50205500000",0.0768,0.00917274
"50205510000",0,0.00622436
"50205530000",0,0.01572469
"50205540000",0,0.01015553
"50205550000",0,0.01190272
"50205560000",0,0.00829914
"50205570000",0.0062,0.01354071
"50205580000",0,0.01299471
"50205590000",0,0.01332231
"50205600000",0,0.01681668
"50205610000",0,0.01648909
"50205630000",0,0.01179352
"50205640000",0,0.00535076
"50205650000",0,0.00687955
"50205660000",0,0.00982793
"50205670000",0,0.00556916
"50205680000",0,0.00971873
"50205690000",0,0.01812707
"50205700000",0,0.00851754
"50205710000",0,0.00873594
"50205720000",0.031,0.00753475
"50205730000",0.0215,0.0149603
"50205740000",0,0.00720715
"50205750000",0,0.00644276
"50205760000",0,0.00753475
"50205770000",0,0.01135672
"50205780000",0,0.00971873
"50205790000",0.015,0.00797154
"50205800000",0,0.0141959
"50205810000",0,0.0144143
"50205820000",0,0.00720715
"50205830000",0,0.00491397
"50205840000",0,0.00808074
"50205850000",0,0.01091992
"50205860000",0.0582,0.00458637
"50205870000",0,0.00873594
"50205880000",0,0.02238584
"50205890000",0,0.01233951
"50205900000",0.0359,0.01157512
"50205910000",0,0.01233951
"50205920000",0,0.01244871
"50205930000",0.0323,0.00786235
"50205940000",0,0.0140867
"50205950000",0.0135,0.01059233
"50205960000",0.0103,0.00950033
"50205970000",0,0.0148511
"50205980000",0.0516,0.01627069
"50205990000",0,0.0141959
"50206000000",0,0.00840834
"50206010000",0,0.00928194
"50206020000",0,0.0144143
"50206030000",0,0.01059233
"50206040000",0,0.01102912
"50206060000",0,0.01091992
"50206070000",0,0.0150695
"50206081000",0,0.00414957
"50206082000",0,0.00294838
"50206090000",0,0.01113832
"50206100000",0,0.00633356
"50206110000",0,0.0145235
"50206120000",0,0.01747188
"50206130000",0,0.00742555
"50206140000",0.0108,0.0146327
"50206150000",0,0.00982793
"50206160000",0.0433,0.01354071
"50206170000",0,0.01343151
"50206180000",0.0481,0.0147419
"50206190000",0,0.01124752
"50206200000",0,0.01081073
"50206210000",0,0.0145235
"50206230000",0.0247,0.00971873
"50206250000",0,0.01954666
"50206260000",0,0.01703508
"50206270000",0.0168,0.0148511
"50206290000",0.031,0.01539709
"50206300000",0,0.00731635
"50206311000",0,0.00873594
"50206312000",0,0.00982793
"50206330000",0,0.01310391
"50206350000",0.0128,0.01081073
"50206360000",0.0161,0.00829914
"50206370000",0,0.01070153
"50206380000",0,0.01288551
"50206400000",0.0151,0.01747188
"50206410000",0,0.01233951
"50206420000",0,0.01332231
"50206430000",0,0.00939113
"50206440000",0.0146,0.01102912
"50206450000",0,0.01190272
"50206460000",0,0.00731635
"50206470000",0.0067,0.00753475
"50206480000",0,0.00382197
"50206490000",0.0648,0.00960953
"50206500000",0,0.01255791
"50206510000",0,0.00884514
"50206520000",0,0.01266711
"50206530000",0,0.00567836
"50206540000",0,0.00895434
"50206550000",0,0.01277631
"50206560000",0,0.01364991
"50206570000",0,0.01364991
"50206580000",0,0.01190272
"50206590000",0,0.01004633
"50206610000",0,0.00808074
"50206620000",0,0.01703508
"50206630000",0,0.01201192
"50206640000",0,0.01310391
"50206660000",0.0186,0.01583389
"50206670000",0.0168,0.0150695
"50206680000",0.0166,0.01659828
"50206690000",0.1052,0.01157512
"50206710000",0.0746,0.01354071
"50206720000",0,0.00960953
"50206730000",0,0.01758108
"50206740000",0,0.01233951
"50206750000",0.0701,0.01561549
"50206760000",0,0.01124752
"50206780000",0.0142,0.01343151
"50206800000",0.0154,0.01146592
"50206810000",0.0154,0.01266711
"50206820000",0,0.01037393
"50206830000",0.0239,0.01113832
"50206840000",0,0.01681668
"50206850000",0,0.0139775
"50206880000",0,0.00786235
"50206890000",0,0.01146592
"50206900000",0,0.01102912
"50206910000",0.0239,0.01102912
"50206920000",0.013,0.01266711
"50206940000",0,0.01135672
"50206950000",0.0245,0.01627069
"50206960000",0,0.01288551
"50206970000",0,0.01070153
"50206980000",0.0252,0.01714428
"50207000000",0,0.00993713
"50207010000",0,0.00982793
"50207020000",0.0173,0.00982793
"50207030000",0,0.00535076
"50207040000",0,0.00742555
"50207050000",0.0542,0.00797154
"50207060000",0,0.00753475
"50207070000",0,0.00545996
"50207080000",0.0328,0.01223032
"50207090000",0,0.01113832
"50207100000",0,0.00895434
"50207110000",0,0.01583389
"50207120000",0,0.01736268
"50207130000",0,0.00786235
"50207140000",0.0182,0.01059233
"50207150000",0.0883,0.00535076
"50207160000",0,0.01157512
"50207170000",0,0.00960953
"50207180000",0,0.00993713
"50207190000",0,0.00622436
"50207200000",0,0.00513236
"50207210000",0,0.00655195
"50207220000",0,0.01048313
"50207230000",0,0.00982793
"50207240000",0.0359,0.00928194
"50207250000",0.0165,0.00982793
"50207260000",0,0.01561549
"50207270000",0,0.01670748
"50207280000",0.0516,0.01834547
"50207290000",0,0.00775315
"50207300000",0,0.00829914
"50207310000",0,0.00535076
"50207320000",0,0.01212112
"50207330000",0.031,0.0150695
"50207340000",0,0.01594309
"50207350000",0.0115,0.01255791
"50207360000",0.0668,0.0143051
"50207370000",0,0.01048313
"50207380000",0,0.01015553
"50207390000",0,0.0138683
"50207400000",0.021,0.00808074
"50207410000",0,0.01812707
"50207430000",0,0.01310391
"50207480000",0,0.02009266
"50207490000",0,0.01528789
"50207500000",0,0.0149603
"50207510000",0.0043,0.01113832
"50207520000",0.0127,0.00895434
"50207530000",0,0.01517869
"50207540000",0.0235,0.01233951
"50207550000",0.0107,0.00818994
"50207560000",0.1354,0.01354071
"50207580000",0,0.01255791
"50207590000",0,0.01266711
"50207600000",0.0151,0.0139775
"50207610000",0,0.00502317
"50207620000",0,0.01212112
"50207631000",0.0296,0.02260424
"50207632000",0.0296,0.02151225
"50207640000",0,0.0145235
"50207650000",0,0.00425877
"50207660000",0.0067,0.0147419
"50207670000",0,0.00818994
"50207680000",0.0981,0.01801788
"50207690000",0,0.01070153
"50207700000",0,0.00808074
"50207710000",0,0.00862674
"50207720000",0.0095,0.01255791
"50207730000",0,0.01004633
"50207740000",0,0.00775315
"50207750000",0.0168,0.00971873
"50207760000",0.0166,0.00939113
"50207770000",0,0.01091992
"50207780000",0.0258,0.0138683
"50207790000",0.0147,0.00829914
"50207800000",0,0.01070153
"50207810000",0.0746,0.01310391
"50207820000",0,0.01146592
"50207830000",0.0234,0.01223032
"50207840000",0.0319,0.0137591
"50207850000",0,0.0147419
"50207860000",0,0.00906354
"50207870000",0,0.00982793
"50207880000",0,0.01070153
"50207890000",0,0.01135672
"50207900000",0,0.01102912
"50207910000",0,0.01725348
"50207920000",0.0156,0.01561549
"50207930000",0.0385,0.01059233
"50207950000",0.0111,0.01310391
"50207970000",0,0.00677035
"50207980000",0.0209,0.00851754
"50207990000",0,0.00720715
"50208000000",0,0.00786235
"50208010000",0,0.0144143
"50208020000",0.1058,0.01244871
"50208040000",0.0536,0.00720715
"50208050000",0,0.01070153
"50208060000",0,0.01015553
"50208080000",0,0.00764395
"50208090000",0,0.01212112
"50208100000",0,0.00666115
"50208110000",0,0.01637989
"50208120000",0.0415,0.01179352
"50208130000",0,0.0137591
"50208140000",0.02,0.01736268
"50208150000",0,0.01146592
"50208160000",0.0115,0.01703508
"50208170000",0,0.00797154
"50208180000",0,0.0141959
"50208190000",0.0108,0.01113832
"50208200000",0,0.00666115
"50208210000",0.0107,0.0140867
"50208220000",0,0.01616149
"50208230000",0,0.00906354
"50208250000",0,0.00698875
"50208260000",0,0.01659828
"50208270000",0,0.01910987
"50208280000",0,0.00775315
"50208300000",0,0.01102912
"50208310000",0,0.01244871
"50208330000",0,0.01059233
"50208340000",0.0111,0.01244871
"50208350000",0,0.01725348
"50208360000",0,0.00775315
"50208391000",0,0.01026473
"50208392000",0.0578,0.00371277
"50208401000",0,0.00611516
"50208402000",0,0.00644276
"50208410000",0,0.00327598
"50208420000",0,0.01004633
"50208430000",0,0.01900067
"50208450000",0,0.01343151
"50208460000",0,0.00950033
"50208480000",0.018,0.01321311
"50208500000",0,0.01157512
"50208510000",0,0.01091992
"50208530000",0,0.00895434
"50208540000",0,0.0141959
"50208550000",0,0.01528789
"50208560000",0,0.01124752
"50208580000",0.0087,0.01102912
"50208600000",0,0.00786235
"50208610000",0,0.00666115
"50208620000",0,0.00742555
"50208630000",0,0.01091992
"50208640000",0,0.00666115
"50208650000",0.0143,0.00425877
"50208660000",0.0143,0.0137591
"50208680000",0.0205,0.01113832
"50208690000",0,0.01223032
"50208700000",0,0.01091992
"50208710000",0,0.01299471
"50208760000",0,0.01157512
"50208780000",0.0092,0.01113832
"50208800000",0,0.01266711
"50208810000",0,0.00753475
"50208841000",0,0.00600596
"50208842000",0.0136,0.00589676
"50208860000",0.0088,0.01364991
"50208870000",0.0257,0.01135672
"50208890000",0,0.01233951
"50208900000",0,0.01190272
"50208910000",0,0.00906354
"50208920000",0,0.0148511
"50208940000",0.0742,0.00917274
"50208950000",0,0.0146327
"50208960000",0,0.01223032
"50208970000",0.052,0.01517869
"50208980000",0,0.01048313
"50208990000",0.0282,0.01277631
"50209000000",0.0247,0.0143051
"50209010000",0.075,0.01681668
"50209020000",0.0234,0.01266711
"50209030000",0,0.01288551
"50209040000",0,0.02173065
"50209050000",0,0.00851754
"50209060000",0.0163,0.00873594
"50209070000",0,0.00950033
"50209080000",0,0.0138683
"50209090000",0.0433,0.00742555
"50209100000",0.075,0.01201192
"50209110000",0,0.0137591
"50209120000",0,0.01364991
"50209130000",0,0.00469557
"50209140000",0,0.00840834
"50209160000",0,0.01277631
"50209170000",0,0.01255791
"50209180000",0,0.0146327
"50209190000",0,0.01015553
"50209200000",0,0.01670748
"50209210000",0.0932,0.01354071
"50209230000",0,0.01517869
"50209250000",0,0.0141959
"50209260000",0,0.00764395
"50209270000",0,0.00600596
"50209280000",0,0.00982793
"50209300000",0,0.00982793
"50209310000",0,0.00622436
"50209320000",0,0.00884514
"50209330000",0.0142,0.0138683
"50209350000",0.0115,0.01015553
"50209360000",0.0689,0.0147419
"50209370000",0,0.01310391
"50209380000",0,0.00906354
"50209390000",0,0.0148511
"50209400000",0,0.01605229
"50209410000",0,0.01113832
"50209420000",0,0.0138683
"50209440000",0,0.00775315
"50209450000",0,0.00917274
"50209460000",0,0.01594309
"50209470000",0.0147,0.00971873
"50209480000",0,0.0140867
"50209490000",0.0223,0.01266711
"50209500000",0.0307,0.01070153
"50209512000",0,0.00797154
"50209520000",0,0.01288551
"50209530000",0,0.0150695
"50209540000",0.0054,0.01801788
"50209550000",0,0.01725348
"50209580000",0,0.01070153
"50209590000",0,0.00993713
"50209600000",0,0.00535076
"50209620000",0.0312,0.00469557
"50209640000",0.0131,0.00884514
"50209650000",0.0067,0.00731635
"50209660000",0.004,0.00687955
"50209670000",0.0296,0.00524156
"50209680000",0,0.00425877
"50209690000",0,0.01244871
"50209700000",0,0.00567836
"50209710000",0,0.00928194
"50209720000",0,0.00294838
"50209730000",0,0.0143051
"50209740000",0,0.01059233
"50209750000",0,0.01823627
"50209760000",0,0.01059233
"50209770000",0,0.00851754
"50209780000",0,0.00829914
"50209790000",0,0.00873594
"50209800000",0,0.00578756
"50209810000",0,0.00939113
"50209820000",0.0215,0.00895434
"50209830000",0,0.01037393
"50209840000",0.0432,0.00404037
"50209850000",0.1484,0.00720715
"50209860000",0,0.01299471
"50209870000",0,0.00469557
"50209880000",0,0.00917274
"50209890000",0.0186,0.00808074
"50209900000",0.0186,0.00666115
"50209910000",0.0173,0.01146592
"50209920000",0.0173,0.01190272
"50209930000",0.0209,0.00786235
"50209940000",0,0.00600596
"50209950000",0.0073,0.00666115
"50209960000",0.0073,0.00404037
"50209970000",0.1518,0.00622436
"50209980000",0,0.00884514
"50209990000",0.0094,0.0145235
"50210001000",0,0.01168432
"50210002000",0.0094,0.00294838
"50210010000",0,0.00567836
"50210020000",0,0.00753475
"50210030000",0.013,0.01190272
"50210040000",0.0239,0.01299471
"50210050000",0,0.0146327
"50210070000",0.0129,0.0139775
"50210080000",0,0.00884514
"50210090000",0,0.00895434
"50210100000",0,0.01070153
"50210110000",0,0.00939113
"50210120000",0,0.01070153
"50210130000",0,0.00950033
"50210140000",0,0.00862674
"50210150000",0.0109,0.00895434
"50210160000",0.0109,0.00917274
"50210170000",0.064,0.00906354
"50210180000",0.0742,0.01135672
"50210192000",0.0109,0.00960953
"50210220000",0.0043,0.01703508
"50210231000",0.0043,0.01004633
"50210233000",0.0043,0.01332231
"50210234000",0,0.00611516
"50210240000",0,0.01102912
"50210300000",0,0.00611516
"50210310000",0,0.00851754
"50210320000",0,0.00272998
"50210330000",0.0147,0.01124752
"50210340000",0.0154,0.01758108
"50210372000",0,0.02031106
"50210390000",0.021,0.00971873
"50210400000",0.021,0.00993713
"50210410000",0.021,0.00895434
"50210420000",0,0.02173065
"50210470000",0,0.0144143
"50216730000",0,0.00644276
"50216740000",0,0.00917274
"50216750000",0,0.01113832
"50216760000",0,0.00851754
"50216780000",0,0.01081073
"50216790000",0,0.01070153
"50216800000",0,0.01157512
"50216810000",0,0.02020186
"50216820000",0,0.01135672
"50216830000",0,0.01015553
"50216840000",0,0.0148511
"50216850000",0.0196,0.01124752
"50216860000",0,0.01255791
"50216870000",0,0.01299471
"50216880000",0,0.00491397
"50216900000",0,0.00469557
"50216910000",0,0.00633356
"50216920000",0,0.00818994
"50216930000",0,0.00731635
"50216940000",0,0.01091992
"50216950000",0,0.01233951
"50216970000",0.0538,0.00742555
"50216980000",0.0095,0.00436797
"50216990000",0.0366,0.0146327
"50217020000",0,0.01059233
"50217030000",0,0.01288551
"50217040000",0,0.01277631
"50217060000",0,0.00469557
"50217070000",0,0.00393117
"50217080000",0,0.00349438
"50217100000",0,0.00917274
"50217110000",0,0.03057579
"50217120000",0,0.00393117
"50217130000",0,0.00294838
"50217140000",0,0.00272998
"50217150000",0,0.00382197
"50217160000",0,0.00709795
"50217170000",0.0172,0.00786235
"50217180000",0.0172,0.00382197
"50217190000",0.0172,0.01266711
"50217200000",0.0892,0.00371277
"50217210000",0,0.00338518
"50217220000",0.0055,0.01332231
"50217230000",0,0.00316678
"50217240000",0,0.00545996
"50217251000",0,0.01146592
"50217252000",0,0.00163799
"50217260000",0,0.00589676
"50217270000",0.0055,0.01321311
"50217290000",0.0055,0.00884514
"50217300000",0,0.01779948
"50217320000",0,0.00906354
"50217330000",0.0476,0.01244871
"50217340000",0.0761,0.01223032
"50217350000",0,0.0143051
"50217360000",0,0.01157512
"50217370000",0,0.02031106
"50217380000",0.0696,0.01135672
"50217390000",0,0.01550629
"50217400000",0,0.01670748
"50217420000",0.0196,0.0137591
"50217430000",0.09,0.00960953
"50217440000",0.0677,0.01081073
"50217450000",0.0331,0.01299471
"50217460000",0.0331,0.01037393
"50217480000",0.0058,0.0146327
"50217490000",0.0148,0.0141959
"50217500000",0.0206,0.01790868
"50217530000",0,0.00633356
"50217540000",0.0055,0.01255791
"50217550000",0,0.01015553
"50217560000",0,0.01037393
"50217570000",0,0.01157512
"50217580000",0.0172,0.00829914
"50217590000",0.0172,0.00556916
"50217600000",0,0.00928194
"50217610000",0.0321,0.01146592
"50217620000",0,0.01812707
"50217640000",0.0172,0.00840834
"50217650000",0.0055,0.00535076
"50217660000",0.0055,0.01277631
"50217670000",0,0.01124752
"50217681000",0.0172,0.01004633
"50217682000",0.0288,0.01288551
"50217710000",0.0959,0.00971873
"50217720000",0.0295,0.01255791
"50217730000",0.0179,0.01113832
"50217740000",0.0295,0.01277631
"50217750000",0.0295,0.00939113
"50217760000",0.0148,0.00808074
"50217770000",0.0172,0.00928194
"50217790000",0,0.0144143
"50217820000",0,0.01692588
"50217830000",0.0055,0.00764395
"50230660000",0.0269,0.00906354
"50230670000",0,0.01266711
"50230680000",0,0.00917274
"50230690000",0,0.00950033
"50230700000",0,0.01179352
"50230720000",0.0222,0.01091992
"50230730000",0.0222,0.00775315
"50230740000",0,0.01288551
"50230750000",0,0.01026473
"50230760000",0,0.01004633
"50230770000",0,0.00895434
"50230780000",0,0.00895434
"50230810000",0,0.01823627
"50230820000",0,0.01212112
"50230830000",0,0.01648909
"50230840000",0,0.00873594
"50230850000",0.0329,0.01725348
"50230860000",0,0.00928194
"50230870000",0,0.01190272
"50230880000",0,0.00906354
"50230890000",0,0.0137591
"50230900000",0,0.0143051
"50230910000",0,0.01288551
"50230930000",0.0229,0.01146592
"50230940000",0,0.0139775
"50230960000",0,0.01594309
"50230970000",0.0229,0.01692588
"50230981000",0.0587,0.01572469
"50230982000",0.0296,0.00862674
"50231000000",0,0.0141959
"50231040000",0,0.01190272
"50231050000",0,0.01299471
"50231060000",0,0.01572469
"50231070000",0,0.01572469
"50231080000",0,0.01059233
"50231090000",0,0.0143051
"50231110000",0,0.0143051
"50231120000",0,0.01135672
"50231130000",0.0282,0.00862674
"50231140000",0,0.01026473
"50231150000",0,0.01157512
"50231170000",0.06,0.00371277
"50231180000",0,0.01179352
"50231190000",0.06,0.01550629
"50231200000",0,0.00425877
"50231210000",0,0.01277631
"50231220000",0,0.01310391
"50231230000",0.0269,0.01299471
"50231240000",0,0.01113832
"50231250000",0.0269,0.01124752
"50231260000",0,0.01146592
"50231270000",0,0.01550629
"50231280000",0,0.01124752
"50231290000",0,0.00939113
"50231300000",0,0.01736268
"50231310000",0,0.00808074
"50231320000",0,0.00873594
"50231330000",0,0.01343151
"50231360000",0,0.01714428
"50231370000",0,0.01921907
"50231380000",0,0.01965586
"50231390000",0,0.0147419
"50231400000",0,0.01081073
"50231410000",0.0179,0.00851754
"50231520000",0,0.00950033
"50231530000",0,0.01594309
"50231540000",0,0.01135672
"50231550000",0,0.01266711
"50231600000",0,0.00895434
"50231610000",0,0.01157512
"50231620000",0,0.00906354
"50231630000",0,0.01714428
"50231640000",0,0.01769028
"50231650000",0,0.00884514
"50231660000",0,0.01255791
"50231670000",0,0.00644276
"50231700000",0,0.01878227
"50231710000",0,0.0139775
"50231720000",0,0.01332231
"50231730000",0.0222,0.00851754
"50231770000",0,0.01070153
"50231780000",0,0.01277631
"50231790000",0,0.01943747
"50231800000",0,0.01004633
"50231810000",0,0.01364991
"50231821000",0,0.00556916
"50231822000",0,0.00469557
"50231850000",0,0.01277631
"50231861000",0,0.00458637
"50231862000",0,0.00229318
"50231863000",0,0.00709795
"50231864000",0,0.00262078
"50231870000",0,0.01736268
"50231881000",0,0.00666115
"50231882000",0,0.00644276
"50231891000",0,0.00720715
"50231892000",0,0.00655195
"50231900000",0,0.00666115
"50231910000",0,0.01266711
"50231920000",0,0.0145235
"50231941000",0,0.02249504
"50231942000",0,0.00545996
"50231943000",0,0.00502317
"50232000000",0,0.01332231
"50232010000",0,0.01943747
"50232020000",0,0.0146327
"50232030000",0,0.01179352
"50232040000",0,0.01124752
"50232060000",0.0222,0.01004633
"50232070000",0.0222,0.01343151
"50232080000",0,0.01070153
"50232090000",0,0.01266711
"50232100000",0,0.01845467
"50232110000",0,0.0149603
"50232120000",0,0.00393117
"50232130000",0,0.00993713
"50232140000",0,0.01070153
"50232150000",0,0.01135672
"50232160000",0,0.01233951
"50232170000",0,0.01179352
"50232190000",0,0.00895434
"50232201000",0,0.00829914
"50232202000",0,0.00393117
"50232210000",0,0.01354071
"50232220000",0,0.01102912
"50232230000",0,0.0144143
"50232240000",0,0.01637989
"50232250000",0,0.01091992
"50232260000",0,0.01517869
"50232270000",0,0.01168432
"50232280000",0,0.01212112
"50232300000",0,0.01648909
"50232320000",0,0.00775315
"50232330000",0,0.01048313
"50232340000",0,0.00895434
"50232350000",0,0.01037393
"50232360000",0.0649,0.02315024
"50232370000",0,0.0140867
"50232380000",0,0.0147419
"50232390000",0,0.01637989
"50232400000",0,0.01900067
"50232410000",0,0.01113832
"50232420000",0,0.01889147
"50232430000",0,0.01736268
"50232440000",0,0.01594309
"50232450000",0,0.01528789
"50232460000",0.0388,0.0146327
"50232470000",0,0.01790868
"50232500000",0.0388,0.00895434
"50232510000",0,0.01190272
"50232520000",0.0388,0.00993713
"50232530000",0,0.00906354
"50232540000",0,0.01670748
"50232550000",0,0.01321311
"50232560000",0,0.01037393
"50232570000",0,0.01070153
"50232580000",0,0.00928194
"50232590000",0,0.01124752
"50232600000",0,0.01048313
"50232610000",0,0.01081073
"50232620000",0,0.01277631
"50232630000",0,0.01244871
"50232640000",0,0.01037393
"50232650000",0,0.01572469
"50232670000",0,0.01004633
"50232680000",0,0.01332231
"50232700000",0,0.00971873
"50232720000",0,0.0141959
"50232730000",0,0.0145235
"50232740000",0,0.01277631
"50232750000",0,0.0137591
"50232760000",0,0.01299471
"50232770000",0,0.01364991
"50232780000",0,0.01124752
"50232790000",0,0.01332231
"50232800000",0,0.01233951
"50232810000",0,0.00873594
"50232820000",0.2396,0.01157512
"50232830000",0,0.01091992
"50232840000",0,0.00993713
"50232850000",0.2396,0.01146592
"50232870000",0,0.01059233
"50232880000",0,0.01037393
"50232890000",0,0.00294838
"50232900000",0,0.01124752
"50232910000",0,0.01157512
"50232920000",0,0.00982793
"50232930000",0,0.00906354
"50232940000",0,0.01528789
"50232960000",0.0117,0.01146592
"50232980000",0.0269,0.00720715
"50232990000",0,0.00818994
"50233000000",0,0.01015553
"50233010000",0,0.00971873
"50233020000",0,0.01113832
"50237010000",0.0474,0.01070153
"50237020000",0,0.01900067
"50237030000",0,0.00414957
"50237041000",0.0247,0.00447717
"50237042000",0,0.00709795
"50237050000",0.0058,0.01015553
"50237060000",0.0058,0.01179352
"50237070000",0,0.02052946
"50237080000",0,0.0144143
"50237100000",0,0.00567836
"50237121000",0,0.00513236
"50237122000",0,0.00174719
"50237123000",0,0.00327598
"50237124000",0,0.00174719
"50237130000",0,0.01528789
"50237140000",0,0.0148511
"50237170000",0,0.01102912
"50237180000",0,0.01277631
"50237760000",0,0.00338518
"50237830000",0,0.00600596
"50237840000",0,0.00545996
"50237870000",0,0.02205825
"50237880000",0,0.00971873
"50237890000",0,0.00687955
"50237910000",0,0.00360358
"50237950000",0,0.05110525
"50238000000",0,0.0004368
"50238010000",0,0.01528789
"50238050000",0.0292,0.01692588
"50238070000",0.0292,0.00316678
"50238100000",0,0.05328923
"50238120000",0,0.02380544
"50238160000",0.0041,0.00513236
"50238170000",0.0256,0.0138683
"50238210000",0,0.01288551
"50238220000",0,0.01779948
"50238230000",0,0.00611516
"50238240000",0,0.00720715
"50238250000",0,0.00633356
"50238260000",0,0.00764395
"50238270000",0,0.00535076
"50238290000",0.1799,0.01190272
"50238300000",0,0.00622436
"50238310000",0,0.01681668
"50238330000",0,0.01310391
"50238340000",0,0.00545996
"50238350000",0,0.00545996
"50238370000",0,0.00720715
"50238380000",0,0.00545996
"50238420000",0,0.00349438
"50238430000",0,0.00600596
"50238440000",0.0943,0.00535076
"50238450000",0.0943,0.00917274
"50238460000",0,0.00840834
"50238520000",0,0.00742555
"50238531000",0,0.00371277
"50238533000",0,0.00840834
"50238540000",0,0.00797154
"50238572000",0,0.00840834
"50238582000",0,0.00677035
"50238610000",0,0.00316678
"50238641000",0,0.00098279
"50238670000",0,0.00480477
"50238680000",0,0.00753475
"50238691000",0,0.01070153
"50238692000",0,0.00524156
"50238720000",0,0.00917274
"50238740000",0,0.01201192
"50238760000",0,0.00251158
"50238770000",0,0.00600596
"50238780000",0.0168,0.00917274
"50238881000",0.0168,0.00731635
"50238882000",0.0168,0.00742555
"50238920000",0.0252,0.00611516
"50238992000",0.0292,0.01168432
"50239022000",0.0162,0.0138683
"50239023000",0.0162,0.0149603
"50239031000",0,0.00687955
"50239041000",0,0.02140305
"50239052000",0.0292,0.00382197
"50239091000",0,0.0139775
"50239111000",0.0888,0.00502317
"50239121000",0,0.00622436
"50239122000",0.0888,0.00960953
"50239132000",0.0888,0.01954666
"50239134000",0,0.00971873
"50239240000",0.0748,0.00666115
"50239250000",0.0748,0.00393117
"50239280000",0,0.00655195
"50239310000",0,0.01212112
"50239350000",0.1725,0.00545996
"50239360000",0,0.00556916
"50239370000",0,0.00939113
"50239382000",0,0.02042026
"50239412000",0,0.00502317
"50239430000",0,0.00524156
"50239450000",0.0815,0.0146327
"50239460000",0.0815,0.00808074
"50239480000",0,0.01343151
"50239490000",0,0.01146592
"50239500000",0,0.00873594
"50239510000",0.0898,0.01528789
"50239520000",0.0898,0.01550629
"50239540000",0.0898,0.00818994
"50239550000",0.0898,0.00436797
"50239580000",0.0898,0.00655195
"50239590000",0.0172,0.02052946
"50239620000",0,0.01015553
"50239630000",0,0.01070153
"50239730000",0.0606,0.00906354
"50239740000",0.0565,0.00873594
"50239750000",0.0607,0.00698875
"50239760000",0.0607,0.00797154
"50239770000",0.0916,0.01190272
"50239780000",0.0607,0.00939113
"50239790000",0.098,0.00928194
"50239800000",0.1422,0.00491397
"50239831000",0.0172,0.00764395
"50239832000",0.0172,0.00545996
"50239840000",0.0172,0.00851754
"50239870000",0.0172,0.01091992
"50239880000",0.0172,0.00349438
"50239900000",0.0172,0.00098279
"50239970000",0.0655,0.00535076
"50239990000",0.0655,0.00414957
"50240010000",0.0346,0.00567836
"50240030000",0,0.01146592
"50265320000",0.0164,0.00742555
"50265330000",0,0.00633356
"50265340000",0,0.00851754
"50265350000",0,0.00895434
"50265360000",0,0.01081073
"50265370000",0,0.00840834
"50265380000",0,0.0141959
"50265410000",0,0.01004633
"50265420000",0,0.00960953
"50265450000",0.0977,0.00775315
"50265480000",0,0.01266711
"50265490000",0,0.00873594
"50265500000",0,0.00556916
"50265510000",0,0.01343151
"50265520000",0,0.01124752
"50265530000",0,0.01233951
"50265540000",0,0.01091992
"50265550000",0,0.01070153
"50265560000",0,0.00818994
"50265570000",0,0.00775315
"50265580000",0,0.01157512
"50265590000",0,0.01168432
"50265600000",0,0.00786235
"50265610000",0,0.01212112
"50265620000",0.0273,0.00982793
"50265630000",0,0.00917274
"50265640000",0.0273,0.01070153
"50265650000",0,0.00917274
"50265660000",0,0.00862674
"50265670000",0,0.01583389
"50265680000",0,0.01146592
"50265700000",0,0.00993713
"50265710000",0,0.00611516
"50265720000",0,0.01190272
"50265730000",0,0.00764395
"50265740000",0,0.00950033
"50265750000",0,0.01244871
"50265760000",0,0.00873594
"50265770000",0,0.01190272
"50265780000",0.0077,0.01048313
"50265790000",0,0.01354071
"50265800000",0.0077,0.01135672
"50265810000",0,0.00677035
"50265820000",0,0.01037393
"50265830000",0,0.01113832
"50265840000",0,0.01026473
"50265850000",0,0.01015553
"50265860000",0,0.00982793
"50265870000",0,0.01146592
"50265880000",0,0.00884514
"50265890000",0.0077,0.00666115
"50265900000",0.0371,0.00939113
"50265910000",0,0.00840834
"50265930000",0,0.00971873
"50265950000",0,0.00884514
"50265960000",0.0213,0.00786235
"50265970000",0.0213,0.00906354
"50265980000",0.0136,0.00687955
"50265990000",0.0947,0.00687955
"50266000000",0,0.01102912
"50266010000",0.0947,0.00862674
"50266020000",0,0.00797154
"50266030000",0,0.00600596
"50266040000",0,0.00906354
"50266050000",0,0.00840834
"50266060000",0,0.00797154
"50266070000",0.0136,0.01201192
"50266090000",0.0136,0.01037393
"50266100000",0.1302,0.01266711
"50266110000",0,0.01201192
"50266120000",0,0.01364991
"50266130000",0,0.01299471
"50266140000",0,0.01277631
"50266150000",0.0371,0.0141959
"50266160000",0.0076,0.0143051
"50266170000",0,0.01004633
"50266180000",0,0.01048313
"50266190000",0.0066,0.00971873
"50266200000",0,0.00687955
"50266210000",0,0.00786235
"50266220000",0.0077,0.00982793
"50266230000",0.0077,0.00797154
"50266250000",0,0.01332231
"50266260000",0,0.00829914
"50266270000",0,0.00720715
"50266320000",0,0.00895434
"50266330000",0,0.01539709
"50266340000",0,0.01015553
"50266350000",0,0.01037393
"50266360000",0,0.00960953
"50266370000",0,0.00917274
"50266380000",0,0.01179352
"50266390000",0,0.00939113
"50266400000",0,0.00971873
"50266410000",0.0371,0.01015553
"50266420000",0,0.00862674
"50266430000",0,0.00906354
"50266440000",0,0.00884514
"50266450000",0,0.00873594
"50266460000",0,0.01201192
"50266470000",0,0.01201192
"50266490000",0,0.01168432
"50266520000",0.0076,0.01113832
"50266540000",0.0994,0.00851754
"50266570000",0,0.01102912
"50266600000",0.0076,0.01266711
"50266610000",0,0.00436797
"50266620000",0,0.01845467
"50266630000",0,0.00305758
"50266680000",0,0.00753475
"50266690000",0.0228,0.00414957
"50266700000",0.0086,0.01135672
"50266710000",0,0.00873594
"50266730000",0,0.00808074
"50266770000",0,0.00567836
"50266780000",0,0.01124752
"50266790000",0,0.00786235
"50266830000",0,0.00502317
"50266840000",0,0.00382197
"50266870000",0.0278,0.01048313
"50266880000",0.0229,0.00458637
"50266890000",0.0094,0.00655195
"50266930000",0.0458,0.00829914
"50266960000",0.0417,0.00491397
"50266980000",0.0977,0.00578756
"50266990000",0.1166,0.00436797
"50267010000",0,0.00196559
"50267020000",0,0.00229318
"50267030000",0.0386,0.00818994
"50267060000",0.011,0.00294838
"50267070000",0,0.01343151
"50267080000",0,0.00294838
"50267150000",0,0.01004633
"50267160000",0,0.01288551
"50267170000",0,0.01070153
"50267180000",0,0.01179352
"50267190000",0.0199,0.00611516
"50267200000",0,0.01310391
"50267221000",0.0094,0.00447717
"50267230000",0.0094,0.00305758
"50267240000",0.0229,0.00513236
"50267250000",0.0143,0.00272998
"50267260000",0.0143,0.00196559
"50267290000",0.0228,0.00393117
"50267330000",0,0.00960953
"50267380000",0,0.00556916
"50267450000",0,0.00906354
"50267480000",0.0094,0.01059233
"50267490000",0,0.00414957
"50267510000",0,0.00960953
"50267530000",0.0422,0.01212112
"50267550000",0.0103,0.00687955
"50267560000",0.0103,0.00906354
"50267570000",0,0.00502317
"50267580000",0,0.00720715
"50267600000",0,0.00578756
"50267630000",0.048,0.01659828
"50267640000",0,0.00808074
"50267650000",0,0.01233951
"50267660000",0,0.00393117
"50267670000",0,0.01201192
"50267680000",0,0.00513236
"50267690000",0,0.00567836
"50267700000",0,0.00709795
"50267710000",0.0189,0.01102912
"50267720000",0,0.00906354
"50267730000",0,0.01004633
"50267740000",0,0.00502317
"50267750000",0,0.01233951
"50267770000",0.0087,0.02293184
"50267790000",0,0.00775315
"50267820000",0,0.00775315
"50267892000",0.0064,0.00698875
"50267900000",0.0223,0.0141959
"50267910000",0,0.01801788
"50267920000",0.048,0.00971873
"50267930000",0.1166,0.0148511
"50267940000",0,0.01004633
"50267951000",0.0032,0.02325944
"50267952000",0,0.00731635
"50267960000",0.0116,0.01102912
"50267970000",0.0116,0.01124752
"50267980000",0.0189,0.01004633
"50268000000",0,0.01321311
"50268010000",0,0.01048313
"50268020000",0.0081,0.01113832
"50268030000",0,0.01026473
"50268040000",0.0073,0.0140867
"50268050000",0.0081,0.0137591
"50268070000",0.0081,0.01168432
"50268080000",0.0081,0.00753475
"50268090000",0,0.00862674
"50268100000",0.0154,0.01703508
"50268120000",0.0157,0.00939113
"50268130000",0,0.00764395
"50268140000",0,0.01004633
"50268150000",0,0.00502317
"50268160000",0,0.00862674
"50268170000",0.0076,0.01004633
"50268180000",0,0.00993713
"50268190000",0,0.01627069
"50268200000",0,0.00939113
"50268210000",0,0.01779948
"50268220000",0,0.01233951
"50268230000",0,0.01201192
"50268240000",0.0076,0.01583389
"50268250000",0.0328,0.01812707
"50268261000",0,0.00666115
"50268281000",0.0072,0.01015553
"50268282000",0.04,0.01048313
"50268300000",0.0328,0.01310391
"50268321000",0,0.00797154
"50268322000",0,0.00600596
"50268350000",0.0101,0.01648909
"50268360000",0,0.01223032
"50268370000",0,0.01201192
"50268380000",0,0.00928194
"50268400000",0.0269,0.01659828
"50268410000",0,0.01605229
"50268420000",0,0.01190272
"50268430000",0,0.01572469
"50268440000",0.2145,0.01190272
"50268450000",0.0088,0.0149603
"50268460000",0.0088,0.01026473
"50268470000",0.0088,0.00982793
"50268490000",0.0492,0.01627069
"50268500000",0.0087,0.01987426
"50268510000",0.0087,0.0146327
"50268520000",0,0.00709795
"50268530000",0,0.00960953
"50268540000",0,0.00808074
"50268560000",0,0.01091992
"50268570000",0.0066,0.01244871
"50268581000",0,0.00993713
"50268582000",0,0.00633356
"50268590000",0,0.0149603
"50268600000",0.0066,0.01026473
"50268610000",0,0.00873594
"50268630000",0,0.00666115
"50268650000",0,0.00786235
"50268660000",0,0.00742555
"50268680000",0,0.00906354
"50268691000",0,0.00808074
"50268692000",0,0.00808074
"50268701000",0,0.00939113
"50268702000",0,0.00305758
"50268710000",0,0.01070153
"50268720000",0,0.00742555
"50268731000",0,0.00731635
"50268732000",0.0072,0.00338518
"50268740000",0,0.01037393
"50268750000",0,0.00556916
"50268760000",0,0.01124752
"50268770000",0.0087,0.01550629
"50268790000",0.0279,0.01048313
"50268800000",0,0.01081073
"50268810000",0,0.01747188
"50268830000",0.1111,0.00917274
"50268840000",0,0.0150695
"50268850000",0.0221,0.00895434
"50268860000",0.0039,0.01528789
"50268870000",0.0182,0.01059233
"50268880000",0,0.01081073
"50268890000",0.0276,0.00731635
"50268901000",0,0.00709795
"50268910000",0,0.01299471
"50268920000",0,0.00633356
"50268930000",0,0.01288551
"50268940000",0,0.00447717
"50268970000",0.0131,0.00939113
"50268980000",0,0.00851754
"50269030000",0.1896,0.00502317
"50269040000",0.1896,0.00677035
"50269050000",0,0.00425877
"50269080000",0,0.00753475
"50269090000",0,0.01212112
"50269100000",0,0.00982793
"50269110000",0,0.00753475
"50269120000",0,0.00928194
"50269130000",0,0.00950033
"50269140000",0,0.00917274
"50269150000",0,0.00829914
"50269160000",0.1331,0.01124752
"50269170000",0,0.00829914
"50269180000",0,0.00906354
"50269190000",0,0.01223032
"50269210000",0.0138,0.01124752
"50269220000",0.0138,0.00425877
"50269230000",0.0635,0.00502317
"50269240000",0.0138,0.01026473
"50269250000",0,0.00698875
"50269260000",0,0.00928194
"50269270000",0.0418,0.00829914
"50269280000",0.0087,0.00742555
"50269290000",0,0.00458637
"50269300000",0,0.00742555
"50269350000",0.0249,0.00764395
"50269370000",0,0.01004633
"50269380000",0,0.00775315
"50269410000",0.0371,0.00677035
"50269420000",0,0.00698875
"50269430000",0.1302,0.00644276
"50269440000",0,0.00971873
"50269450000",0,0.00742555
"50269460000",0,0.00698875
"50269470000",0,0.00720715
"50269480000",0,0.00469557
"50269490000",0,0.00709795
"50269500000",0,0.00677035
"50269510000",0,0.00666115
"50269520000",0,0.00775315
"50269550000",0.0087,0.00666115
"50269560000",0.0087,0.00764395
"50269570000",0.0131,0.00666115
"50269580000",0.0131,0.00469557
"50269590000",0,0.00556916
"50269600000",0,0.00720715
"50269610000",0,0.00262078
"50269620000",0,0.00655195
"50269640000",0.0189,0.00535076
"50269650000",0.0189,0.00458637
"50269660000",0.0189,0.00556916
"50269670000",0.0189,0.00600596
"50269680000",0.0189,0.01135672
"50269690000",0,0.00753475
"50269700000",0,0.00600596
"50269710000",0,0.00447717
"50269720000",0,0.00436797
"50269730000",0,0.00775315
"50269750000",0,0.00425877
"50269760000",0,0.00622436
"50269780000",0,0.00829914
"50269792000",0,0.00305758
"50269810000",0.1381,0.00535076
"50269820000",0,0.00469557
"50269830000",0,0.00687955
"50269840000",0,0.00764395
"50269850000",0.011,0.00851754
"50269860000",0,0.00698875
"50269870000",0.011,0.00808074
"50269880000",0.0276,0.02336864
"50269890000",0.0276,0.00414957
"50269900000",0.0276,0.00567836
"50269910000",0.0276,0.00404037
"50269920000",0,0.00491397
"50269930000",0,0.00666115
"50269940000",0,0.00567836
"50269950000",0,0.00720715
"50269960000",0,0.00578756
"50269970000",0,0.00535076
"50270000000",0,0.01277631
"50270020000",0.1111,0.00993713
"50270040000",0,0.00960953
"50270050000",0,0.00862674
"50270060000",0,0.00775315
"50270070000",0,0.00622436
"50270080000",0,0.00993713
"50270090000",0,0.00786235
"50270100000",0,0.00993713
"50270110000",0,0.00862674
"50270120000",0,0.01081073
"50270130000",0,0.00939113
"50270140000",0,0.00797154
"50270150000",0,0.00436797
"50270160000",0,0.00709795
"50270170000",0,0.00851754
"50270180000",0,0.00753475
"50270190000",0,0.00818994
"50270200000",0,0.00818994
"50270210000",0,0.00545996
"50270220000",0,0.00709795
"50270230000",0,0.00829914
"50270240000",0,0.01157512
"50270250000",0,0.01277631
"50270260000",0,0.01059233
"50270271000",0,0.00840834
"50270280000",0,0.01364991
"50270290000",0,0.00895434
"50270300000",0.382,0.00687955
"50270310000",0,0.01135672
"50270320000",0,0.00611516
"50270330000",0,0.00687955
"50270340000",0,0.01157512
"50270350000",0,0.01266711
"50270360000",0,0.00687955
"50270370000",0,0.01190272
"50270380000",0,0.01026473
"50270390000",0,0.00862674
"50270400000",0,0.00666115
"50270410000",0,0.00764395
"50270420000",0,0.00829914
"50270430000",0,0.00436797
"50270440000",0,0.00873594
"50270450000",0,0.00404037
"50270480000",0,0.00687955
"50270490000",0,0.00764395
"50270500000",0,0.00567836
"50270510000",0,0.00720715
"50270520000",0,0.00764395
"50270530000",0,0.00447717
"50270540000",0,0.00644276
"50270550000",0,0.00862674
"50270580000",0.1381,0.00414957
"50270590000",0,0.00611516
"50270600000",0,0.00524156
"50270622000",0.0081,0.00687955
"50270650000",0,0.00829914
"50270660000",0,0.01081073
"50270680000",0.0229,0.00251158
"50270690000",0,0.01070153
"50270720000",0,0.00851754
"50270730000",0,0.00578756
"50270740000",0,0.00666115
"50270750000",0,0.00611516
"50270760000",0,0.01124752
"50270790000",0,0.00764395
"50270810000",0.0086,0.00687955
"50270820000",0,0.01059233
"50270832000",0,0.00644276
"50270833000",0,0.02151225
"50270871000",0.048,0.01321311
"50270890000",0,0.00829914
"50270910000",0,0.00851754
"50270920000",0,0.00829914
"50270930000",0,0.01190272
"50270940000",0,0.01310391
"50270950000",0.0072,0.00611516
"50270963000",0,0.00524156
"50270970000",0,0.00971873
"50270981000",0.0066,0.00884514
"50270982000",0.0066,0.00731635
"50271020000",0.0072,0.00786235
"50271040000",0.0458,0.00425877
"50271050000",0.0543,0.0141959
"50271060000",0,0.01310391
"50271070000",0.0038,0.01146592
"50271080000",0.0414,0.01332231
"50271100000",0,0.00709795
"50271110000",0,0.01146592
"50271120000",0.0082,0.00928194
"50271140000",0,0.01091992
"50271150000",0.0082,0.01332231
"50271180000",0,0.0148511
"50271190000",0.1304,0.00895434
"50271200000",0,0.01605229
"50271210000",0,0.01332231
"50271220000",0,0.01212112
"50271230000",0,0.01255791
"50271240000",0,0.00775315
"50271250000",0,0.02194905
"50271260000",0,0.01113832
"50271270000",0,0.00862674
"50271280000",0,0.01364991
"50271300000",0,0.00851754
"50271310000",0,0.0147419
"50271320000",0.0173,0.01758108
"50271330000",0,0.00851754
"50271340000",0,0.01059233
"50271350000",0,0.01223032
"50271360000",0,0.01255791
"50271380000",0.0173,0.01310391
"50271390000",0.0264,0.01714428
"50271400000",0.0264,0.01244871
"50271410000",0,0.00993713
"50271420000",0,0.01233951
"50271430000",0,0.00622436
"50271440000",0,0.0146327
"50271470000",0,0.01244871
"50271490000",0,0.00895434
"50271500000",0.086,0.01146592
"50271510000",0,0.01015553
"50271540000",0.0188,0.01168432
"50271560000",0,0.01550629
"50271570000",0,0.02020186
"50271580000",0,0.01233951
"50271590000",0,0.00786235
"50271600000",0.0501,0.01091992
"50271610000",0,0.00644276
"50271620000",0,0.0146327
"50271630000",0,0.01201192
"50271650000",0,0.01037393
"50271660000",0.0537,0.01146592
"50271670000",0,0.00884514
"50271680000",0,0.0144143
"50271700000",0.0116,0.01059233
"50271710000",0,0.00655195
"50271720000",0.0151,0.01354071
"50271730000",0.0492,0.0139775
"50271750000",0.0116,0.01244871
"50271780000",0,0.00666115
"50271790000",0,0.01168432
"50271800000",0,0.00993713
"50271820000",0,0.01364991
"50271830000",0.0075,0.00644276
"50271840000",0,0.01179352
"50271850000",0.0066,0.01102912
"50271860000",0,0.01201192
"50271870000",0.025,0.02129385
"50271880000",0.0075,0.00698875
"50271890000",0.0066,0.01921907
"50271900000",0.0075,0.01070153
"50271920000",0.0075,0.00622436
"50271940000",0.025,0.02380544
"50271950000",0.0066,0.01583389
"50271960000",0,0.01124752
"50271970000",0,0.00928194
"50271980000",0.0344,0.01070153
"50271990000",0,0.0143051
"50272000000",0.0207,0.01725348
"50272010000",0,0.01255791
"50272020000",0,0.01266711
"50272030000",0,0.00786235
"50272040000",0,0.01070153
"50272050000",0,0.00698875
"50272061000",0,0.00873594
"50272062000",0,0.00993713
"50272070000",0.0259,0.01769028
"50272100000",0,0.01233951
"50272110000",0,0.01179352
"50272120000",0,0.01146592
"50272130000",0,0.00862674
"50272150000",0,0.01113832
"50272160000",0,0.01135672
"50272170000",0,0.01255791
"50272180000",0,0.00960953
"50272190000",0,0.01321311
"50272200000",0,0.00982793
"50272210000",0,0.01146592
"50272220000",0,0.00960953
"50272230000",0,0.01364991
"50272240000",0,0.01179352
"50272250000",0,0.00950033
"50272260000",0,0.01223032
"50272270000",0,0.01233951
"50272280000",0,0.01091992
"50272290000",0,0.0140867
"50272300000",0,0.01244871
"50272310000",0,0.00939113
"50272320000",0,0.01048313
"50272330000",0.0153,0.01277631
"50272340000",0.024,0.00786235
"50272350000",0.024,0.00677035
"50272360000",0,0.01026473
"50272370000",0,0.01212112
"50272380000",0,0.00906354
"50272390000",0.0035,0.00687955
"50272400000",0.0068,0.01081073
"50272410000",0.0109,0.00851754
"50272420000",0.0097,0.01364991
"50272430000",0,0.00644276
"50272450000",0,0.01310391
"50272460000",0,0.0137591
"50272480000",0,0.0150695
"50272490000",0.0293,0.0147419
"50272500000",0.0304,0.00862674
"50272510000",0.0293,0.00960953
"50272520000",0,0.0144143
"50272530000",0,0.01102912
"50272540000",0,0.00775315
"50272560000",0,0.00971873
"50272570000",0,0.01692588
"50272580000",0,0.0148511
"50272590000",0,0.01364991
"50272600000",0,0.02347784
"50272610000",0.0383,0.01081073
"50272620000",0.0434,0.01288551
"50272640000",0,0.00818994
"50272670000",0,0.0143051
"50272680000",0,0.01102912
"50272690000",0.0084,0.01091992
"50272700000",0,0.01102912
"50272710000",0,0.0138683
"50272720000",0,0.01124752
"50272730000",0,0.01714428
"50272740000",0,0.01168432
"50272750000",0,0.01015553
"50272770000",0.0501,0.00851754
"50272780000",0,0.00862674
"50272790000",0.0501,0.01266711
"50272800000",0,0.01091992
"50272810000",0,0.0137591
"50272820000",0,0.01550629
"50272830000",0,0.01364991
"50272840000",0.0162,0.01201192
"50272850000",0,0.01015553
"50272860000",0,0.01266711
"50272870000",0,0.01310391
"50272880000",0,0.01223032
"50272890000",0,0.01201192
"50272900000",0,0.00764395
"50272910000",0,0.00797154
"50272950000",0,0.01288551
"50272970000",0,0.00862674
"50272980000",0,0.00982793
"50272990000",0,0.00851754
"50273000000",0,0.00971873
"50273010000",0,0.01343151
"50273020000",0,0.00808074
"50273030000",0,0.01714428
"50273041000",0,0.0146327
"50273050000",0,0.01310391
"50273070000",0,0.01059233
"50273090000",0,0.01266711
"50273120000",0.0109,0.00917274
"50273130000",0,0.00764395
"50273140000",0.0151,0.01364991
"50273150000",0,0.00775315
"50273170000",0.0198,0.0143051
"50273200000",0.0153,0.01124752
"50273230000",0.0316,0.01528789
"50273310000",0.0172,0.00589676
"50273350000",0,0.00993713
"50273360000",0,0.00731635
"50273380000",0,0.01190272
"50273610000",0.0062,0.02031106
"50273620000",0.0259,0.01277631
"50273630000",0,0.01998346
"50273640000",0,0.01910987
"50273650000",0.0121,0.00829914
"50273661000",0.0264,0.00862674
"50273690000",0.0066,0.01364991
"50273730000",0,0.01550629
"50273740000",0,0.01769028
"50273750000",0,0.01266711
"50273770000",0.0259,0.0146327
"50273780000",0,0.02325944
"50273800000",0.0501,0.01190272
"50273830000",0,0.00971873
"50274034000",0,0.0141959
"50274042000",0,0.01637989
"50274043000",0,0.00862674
"50274051000",0,0.01266711
"50274052000",0,0.01102912
"50274090000",0.0209,0.01048313
"50274190000",0.0103,0.01288551
"50274240000",0.043,0.0148511
"50274280000",0.0066,0.0145235
"50274300000",0.0343,0.01354071
"50274360000",0.0355,0.00764395
"50274390000",0.0355,0.01354071
"50274410000",0,0.01539709
"50274430000",0.0129,0.01354071
"50274540000",0.0056,0.0141959
"50274550000",0.0056,0.00655195
"50274580000",0.033,0.0148511
"50274690000",0.0537,0.00666115
"50274720000",0.0501,0.00840834
"50274780000",0,0.00895434
"50274800000",0.0051,0.00720715
"50274840000",0,0.00993713
"50274860000",0,0.02042026
"50274890000",0,0.01670748
"50274910000",0.0135,0.01146592
"50274921000",0.0225,0.00742555
"50274922000",0,0.00458637
"50274930000",0.0225,0.01310391
"50274941000",0.0099,0.0145235
"50274951000",0.0099,0.00960953
"50274961000",0.0099,0.00578756
"50274971000",0,0.00709795
"50274974000",0,0.00775315
"50274980000",0.0324,0.00950033
"50274990000",0,0.0141959
"50275000000",0.0434,0.01102912
"50275010000",0.0225,0.00851754
"50275020000",0,0.01048313
"50275030000",0,0.0148511
"50275040000",0,0.0150695
"50275050000",0.0225,0.0138683
"50275060000",0.0225,0.01736268
"50275070000",0.0225,0.0139775
"50275080000",0,0.01343151
"50275090000",0,0.01769028
"50275100000",0,0.01157512
"50275110000",0.0213,0.01233951
"50275130000",0,0.01212112
"50275140000",0,0.01321311
"50275150000",0,0.01081073
"50275170000",0,0.01026473
"50275180000",0,0.01332231
"50275190000",0.0222,0.0137591
"50275200000",0.0345,0.01758108
"50275210000",0.0288,0.01288551
"50275220000",0.0655,0.01233951
"50275230000",0.0499,0.0149603
"50275240000",0.0093,0.01364991
"50275250000",0.0499,0.01223032
"50275260000",0,0.01037393
"50275270000",0,0.01332231
"50275280000",0.0105,0.00950033
"50275290000",0,0.01244871
"50275310000",0,0.01364991
"50275320000",0,0.01779948
"50275330000",0.0086,0.0145235
"50275340000",0,0.00851754
"50275350000",0,0.01889147
"50275360000",0.0269,0.01179352
"50275370000",0.0265,0.00207479
"50275380000",0.0086,0.01124752
"50275390000",0.0086,0.0137591
"50275400000",0.0218,0.01070153
"50275410000",0,0.01900067
"50275420000",0,0.01244871
"50275430000",0,0.00633356
"50275440000",0,0.0150695
"50275450000",0.0383,0.00535076
"50275460000",0.0383,0.01124752
"50275470000",0.0831,0.01081073
"50275480000",0,0.02446063
"50275491000",0.0249,0.0141959
"50275500000",0.0924,0.01539709
"50275510000",0,0.01343151
"50275520000",0.0831,0.00928194
"50275530000",0,0.01517869
"50275540000",0.0383,0.0146327
"50275550000",0,0.0150695
"50275560000",0.0471,0.01528789
"50275590000",0.0248,0.01583389
"50275600000",0.0248,0.01801788
"50275610000",0.0248,0.01343151
"50275620000",0,0.0139775
"50275630000",0,0.01244871
"50275640000",0,0.02992059
"50275650000",0.0259,0.01266711
"50275660000",0.0259,0.01736268
"50275670000",0.0591,0.02249504
"50275681000",0,0.0148511
"50275682000",0,0.01692588
"50275690000",0,0.01725348
"50275700000",0,0.02151225
"50275710000",0.0591,0.02413303
"50275720000",0.0591,0.01637989
"50275730000",0,0.01343151
"50275750000",0,0.00840834
"50275760000",0,0.00742555
"50275770000",0,0.01517869
"50275781000",0.0183,0.00993713
"50275782000",0.0183,0.00939113
"50275790000",0.0183,0.01004633
"50275800000",0.0183,0.00786235
"50275810000",0.0183,0.00982793
"50275830000",0,0.02140305
"50275840000",0,0.02336864
"50275850000",0.012,0.00873594
"50275860000",0,0.01561549
"50275870000",0,0.01747188
"50275880000",0,0.0141959
"50275890000",0,0.00884514
"50275900000",0.012,0.01812707
"50275910000",0,0.01081073
"50275920000",0,0.00884514
"50275930000",0.012,0.01179352
"50275940000",0.012,0.01725348
"50275950000",0,0.0137591
"50275960000",0.0222,0.00797154
"50275970000",0.0517,0.01921907
"50275980000",0.0093,0.01943747
"50275990000",0.0424,0.0148511
"50276000000",0,0.01343151
"50276010000",0.0183,0.00808074
"50276060000",0,0.0146327
"50276070000",0.0257,0.01769028
"50276080000",0,0.01364991
"50276090000",0,0.01354071
"50276100000",0.0044,0.01244871
"50276110000",0,0.01179352
"50276120000",0.0257,0.01867307
"50276130000",0,0.0148511
"50276140000",0,0.01539709
"50276150000",0,0.01714428
"50276161000",0.0977,0.01266711
"50276162000",0.0965,0.00960953
"50276170000",0.041,0.01070153
"50276180000",0.0165,0.0144143
"50276190000",0.0165,0.00960953
"50276200000",0.0541,0.01135672
"50276210000",0.0376,0.00709795
"50276220000",0,0.01572469
"50276230000",0.0129,0.02042026
"50276240000",0.0129,0.0144143
"50276250000",0.0067,0.0143051
"50276260000",0.0067,0.01594309
"50276270000",0.0491,0.01223032
"50276280000",0.0058,0.02107545
"50276290000",0.0114,0.01932827
"50276300000",0.0114,0.01572469
"50276310000",0.0056,0.01965586
"50276320000",0.0067,0.0141959
"50276330000",0.0123,0.01091992
"50276340000",0,0.01212112
"50276350000",0,0.01801788
"50276360000",0,0.01321311
"50276370000",0.0264,0.02806421
"50276380000",0.0346,0.00960953
"50276390000",0.0082,0.01758108
"50276400000",0.0082,0.0144143
"50276410000",0.0082,0.01004633
"50276420000",0,0.01801788
"50276430000",0,0.01266711
"50276441000",0.0118,0.01725348
"50276442000",0,0.00655195
"50276450000",0,0.01659828
"50276460000",0.0118,0.01332231
"50276470000",0,0.02009266
"50276480000",0.0118,0.01845467
"50276490000",0,0.01965586
"50276500000",0.0233,0.01572469
"50276510000",0.0539,0.01834547
"50276520000",0.0116,0.01736268
"50276530000",0.0116,0.01539709
"50276540000",0.0608,0.01212112
"50276550000",0.0066,0.0147419
"50276560000",0.0182,0.00928194
"50276570000",0.0653,0.02260424
"50276580000",0.0233,0.02052946
"50276590000",0.0094,0.01343151
"50276600000",0,0.0150695
"50276750000",0.0156,0.00797154
"50276760000",0.0784,0.00720715
"50276770000",0.0578,0.00611516
"50276780000",0.0264,0.02446063
"50276793000",0.0414,0.01321311
"50276800000",0.0414,0.01113832
"50276810000",0.0708,0.00818994
"50276820000",0.0708,0.00917274
"50276830000",0.0708,0.00884514
"50276840000",0.0294,0.00917274
"50276850000",0,0.0146327
"50276860000",0,0.01703508
"50276870000",0.0543,0.0149603
"50276880000",0,0.01190272
"50276891000",0,0.00720715
"50276892000",0.0105,0.00622436
"50276900000",0,0.01070153
"50276910000",0,0.01343151
"50276930000",0,0.01354071
"50276940000",0,0.01605229
"50276950000",0.0082,0.01343151
"50276960000",0,0.0138683
"50276970000",0,0.01354071
"50276980000",0,0.01212112
"50276990000",0.0403,0.00862674
"50277000000",0.0082,0.01102912
"50277010000",0,0.0147419
"50277020000",0.0459,0.0146327
"50277030000",0.0082,0.01266711
"50277040000",0,0.01102912
"50277050000",0.0082,0.01244871
"50277060000",0,0.01081073
"50277070000",0,0.01059233
"50277080000",0,0.01113832
"50277090000",0,0.01135672
"50277100000",0,0.01015553
"50277110000",0.0543,0.00818994
"50277120000",0,0.00928194
"50277130000",0.033,0.01091992
"50277140000",0.1241,0.0147419
"50277150000",0,0.00960953
"50277160000",0,0.01212112
"50277170000",0,0.01364991
"50277180000",0,0.0139775
"50277190000",0,0.01048313
"50277200000",0.0068,0.01102912
"50277210000",0.0068,0.01212112
"50277220000",0,0.00982793
"50277230000",0.0068,0.01081073
"50277240000",0,0.01201192
"50277250000",0,0.01179352
"50277260000",0,0.01102912
"50277270000",0,0.01321311
"50277280000",0,0.0140867
"50277330000",0.0263,0.01310391
"50277340000",0.0107,0.00971873
"50277350000",0.0051,0.01244871
"50277360000",0.0207,0.01102912
"50277370000",0.0734,0.01124752
"50277380000",0,0.0139775
"50277390000",0.0026,0.01550629
"50277400000",0.011,0.00851754
"50277410000",0.0084,0.00939113
"50277420000",0.0084,0.01179352
"50277430000",0,0.01354071
"50277440000",0.0084,0.0148511
"50277450000",0.0887,0.01561549
"50277460000",0,0.00993713
"50277471000",0.0746,0.00545996
"50277472000",0.0746,0.00840834
"50277480000",0,0.01616149
"50277490000",0.0122,0.0140867
"50277500000",0,0.00731635
"50277510000",0,0.01703508
"50277521000",0,0.0150695
"50277522000",0,0.00906354
"50277531000",0,0.02096625
"50277532000",0,0.01037393
"50277540000",0,0.01157512
"50277550000",0,0.01627069
"50277560000",0,0.0144143
"50277570000",0,0.02282264
"50277580000",0,0.01255791
"50277590000",0,0.0144143
"50277601000",0,0.01212112
"50277602000",0,0.01321311
"50277630000",0,0.01539709
"50277660000",0,0.01070153
"50277690000",0,0.01572469
"50277700000",0,0.01856387
"50277710000",0,0.01517869
"50277720000",0,0.00960953
"50277750000",0,0.01659828
"50277780000",0.0101,0.01081073
"50277790000",0.0101,0.01244871
"50277860000",0.0658,0.01714428
"50277870000",0.0101,0.01681668
"50277880000",0.0407,0.01212112
"50277910000",0.0251,0.01900067
"50277920000",0,0.0144143
"50277941000",0,0.01321311
"50277942000",0.0188,0.00720715
"50277960000",0,0.00797154
"50277970000",0,0.00906354
"50277980000",0,0.00524156
"50277990000",0,0.01015553
"50278000000",0,0.00993713
"50278010000",0,0.01026473
"50278021000",0,0.00797154
"50278022000",0,0.00873594
"50278040000",0,0.00742555
"50278050000",0,0.00545996
"50278060000",0.0026,0.00731635
"50278070000",0,0.00720715
"50278080000",0,0.00556916
"50278090000",0,0.00633356
"50278100000",0,0.00666115
"50278110000",0,0.00556916
"50278120000",0,0.00808074
"50278130000",0,0.00633356
"50278140000",0,0.01299471
"50278150000",0,0.01223032
"50278160000",0.0173,0.01124752
"50278170000",0,0.01244871
"50278180000",0,0.00502317
"50278190000",0,0.00502317
"50278200000",0,0.00818994
"50278210000",0,0.00545996
"50278220000",0,0.01343151
"50278230000",0,0.01201192
"50278240000",0.0173,0.00884514
"50278250000",0.0051,0.01179352
"50278260000",0,0.00753475
"50278270000",0,0.01168432
"50278280000",0.0122,0.00797154
"50278290000",0,0.01059233
"50278300000",0,0.01321311
"50278310000",0,0.00491397
"50278320000",0,0.01343151
"50278330000",0,0.01037393
"50278340000",0,0.01233951
"50278350000",0,0.00928194
"50278360000",0,0.01517869
"50278370000",0,0.0139775
"50278380000",0,0.0147419
"50278390000",0.0095,0.01179352
"50278400000",0,0.00950033
"50278410000",0.0095,0.01070153
"50278420000",0.0095,0.01113832
"50278430000",0.0095,0.01004633
"50278440000",0.0095,0.01004633
"50278452000",0.0095,0.00327598
"50278461000",0.0095,0.00928194
"50278490000",0.0151,0.01059233
"50278530000",0,0.01528789
"50278540000",0,0.0143051
"50278550000",0,0.01059233
"50278560000",0,0.01332231
"50278571000",0,0.01539709
"50278572000",0,0.00404037
"50278573000",0,0.01037393
"50278580000",0,0.0148511
"50278590000",0,0.0144143
"50278600000",0,0.01081073
"50278610000",0,0.01168432
"50278620000",0,0.0139775
"50278640000",0,0.00862674
"50278650000",0,0.01070153
"50278660000",0,0.01168432
"50278670000",0.0103,0.01091992
"50278680000",0,0.00567836
"50278690000",0.0066,0.00808074
"50278700000",0,0.00960953
"50278710000",0.0066,0.01179352
"50278720000",0.0409,0.0145235
"50278740000",0.0151,0.01201192
"50278750000",0.0151,0.01190272
"50278760000",0.0151,0.00687955
"50278770000",0.0151,0.01124752
"50278780000",0.0151,0.01266711
"50278790000",0.0343,0.01048313
"50278810000",0,0.01321311
"50278880000",0,0.01004633
"50278900000",0,0.01550629
"50278910000",0,0.01201192
"50278940000",0.0207,0.01637989
"50278951000",0.0207,0.01015553
"50278952000",0,0.01332231
"50278960000",0.0224,0.00818994
"50278970000",0.0103,0.01113832
"50278980000",0.0103,0.01135672
"50278990000",0,0.01059233
"50279000000",0,0.02238584
"50279010000",0.0103,0.0143051
"50279020000",0,0.00829914
"50279030000",0.0412,0.00884514
"50279040000",0.0412,0.01343151
"50279060000",0,0.01266711
"50279070000",0,0.01070153
"50279080000",0.0412,0.01561549
"50279090000",0,0.01266711
"50279100000",0,0.01637989
"50279110000",0,0.01354071
"50279130000",0,0.00851754
"50279140000",0,0.01310391
"50279150000",0,0.01528789
"50279160000",0,0.0148511
"50279180000",0,0.00709795
"50279190000",0,0.01354071
"50279200000",0.0094,0.00993713
"50279212000",0.0094,0.01801788
"50279213000",0,0.00513236
"50279214000",0,0.00622436
"50279220000",0.0094,0.0141959
"50279231000",0,0.00611516
"50279232000",0.0094,0.00720715
"50279233000",0.0094,0.01081073
"50279240000",0,0.01179352
"50279251000",0,0.00349438
"50279252000",0,0.01048313
"50279260000",0,0.02085706
"50279270000",0,0.01616149
"50279280000",0,0.01091992
"50279290000",0,0.0140867
"50279300000",0,0.00884514
"50279310000",0,0.02042026
"50279320000",0,0.0139775
"50279330000",0,0.00993713
"50279340000",0,0.01201192
"50279350000",0.0462,0.01212112
"50279360000",0.0462,0.01015553
"50279370000",0.0298,0.01583389
"50279380000",0,0.01124752
"50279390000",0.0224,0.01048313
"50279400000",0.0164,0.01190272
"50279410000",0.0244,0.01288551
"50279420000",0,0.0149603
"50279430000",0,0.01310391
"50279440000",0,0.0144143
"50279450000",0.0332,0.0137591
"50279460000",0.0332,0.01550629
"50279470000",0.0198,0.0138683
"50279480000",0.0244,0.01288551
"50279491000",0,0.01146592
"50279492000",0,0.00545996
"50279500000",0.0244,0.01517869
"50279510000",0,0.01648909
"50279520000",0,0.01681668
"50279530000",0,0.01179352
"50279540000",0,0.01572469
"50279550000",0,0.01070153
"50279560000",0.0087,0.0147419
"50279570000",0.0087,0.01168432
"50279580000",0.0087,0.01102912
"50279590000",0.0153,0.00720715
"50279601000",0,0.00906354
"50279602000",0.006,0.00720715
"50279611000",0,0.00939113
"50279612000",0.006,0.00840834
"50279621000",0.006,0.01113832
"50279622000",0,0.00720715
"50279630000",0.006,0.00698875
"50279660000",0.0134,0.01146592
"50279671000",0.0471,0.01037393
"50279672000",0.0411,0.00502317
"50279680000",0.0169,0.00797154
"50279690000",0.0304,0.01539709
"50279700000",0.014,0.01146592
"50279710000",0.0068,0.00786235
"50279730000",0.0097,0.01179352
"50279740000",0.0135,0.01190272
"50279750000",0.0316,0.01812707
"50279760000",0.0178,0.01190272
"50279770000",0.0539,0.01277631
"50279791000",0,0.00851754
"50279792000",0.032,0.00600596
"50279800000",0,0.00818994
"50279810000",0,0.00764395
"50279820000",0,0.00939113
"50279830000",0.0065,0.01201192
"50279840000",0.0065,0.00666115
"50279850000",0,0.00491397
"50279860000",0,0.00556916
"50279870000",0,0.00720715
"50279880000",0,0.00567836
"50279890000",0,0.00524156
"50279900000",0,0.00382197
"50279910000",0,0.01037393
"50279920000",0.0182,0.00960953
"50279930000",0,0.00578756
"50279950000",0.0105,0.00797154
"50279960000",0.0105,0.00840834
"50279970000",0,0.01026473
"50279980000",0,0.00960953
"50280000000",0,0.0143051
"50280020000",0.0103,0.01015553
"50280030000",0.0192,0.00895434
"50280040000",0.0192,0.0147419
"50280050000",0.0192,0.00884514
"50280060000",0.0192,0.01201192
"50280070000",0.0103,0.01364991
"50280080000",0.0103,0.00622436
"50280090000",0.0103,0.0148511
"50280100000",0,0.00982793
"50280110000",0,0.01747188
"50280122000",0,0.02205825
"50280124000",0,0.0281734
"50280125000",0.0384,0.01834547
"50280126000",0.0511,0.01790868
"50280130000",0,0.00720715
"50280141000",0.0432,0.02271344
"50280142000",0,0.01550629
"50280150000",0.0499,0.01212112
"50280160000",0.0194,0.01823627
"50280170000",0.0626,0.01834547
"50280183000",0.0432,0.02183985
"50280190000",0,0.02456983
"50280200000",0.0432,0.01244871
"50280210000",0,0.00742555
"50280220000",0,0.01146592
"50280230000",0,0.01102912
"50280240000",0,0.00884514
"50280260000",0,0.00873594
"50280270000",0,0.00371277
"50280280000",0,0.00404037
"50280290000",0,0.00786235
"50280300000",0,0.0139775
"50280310000",0,0.00535076
"50280320000",0,0.00545996
"50280330000",0,0.00436797
"50280350000",0,0.00567836
"50280360000",0,0.01179352
"50280370000",0,0.01288551
"50280380000",0,0.00753475
"50280390000",0,0.01081073
"50280400000",0,0.00884514
"50280410000",0,0.00993713
"50280420000",0,0.00808074
"50280430000",0,0.00797154
"50280440000",0,0.00687955
"50280450000",0,0.00556916
"50280460000",0,0.00633356
"50280470000",0,0.01015553
"50280480000",0,0.00939113
"50280490000",0,0.00993713
"50280500000",0,0.00764395
"50280510000",0,0.00469557
"50280520000",0,0.01135672
"50280530000",0,0.00917274
"50280540000",0,0.00982793
"50280550000",0,0.00698875
"50280560000",0,0.00687955
"50280570000",0,0.01201192
"50280580000",0,0.00971873
"50280590000",0,0.01714428
"50280600000",0,0.00960953
"50280610000",0,0.0140867
"50280640000",0,0.01223032
"50280650000",0,0.00469557
"50280660000",0,0.00764395
"50280670000",0,0.00535076
"50280680000",0,0.00950033
"50280690000",0,0.01157512
"50280701000",0,0.00720715
"50280702000",0,0.00338518
"50280703000",0,0.00316678
"50280710000",0,0.01026473
"50280720000",0,0.01004633
"50280730000",0,0.00513236
"50280740000",0,0.00677035
"50280750000",0,0.00633356
"50280760000",0,0.00655195
"50280770000",0,0.01070153
"50280780000",0,0.00545996
"50280790000",0,0.00884514
"50280800000",0,0.00371277
"50280810000",0,0.0138683
"50280820000",0,0.00818994
"50280830000",0,0.00600596
"50280840000",0,0.00611516
"50280850000",0,0.01070153
"50280860000",0,0.00404037
"50280870000",0,0.00950033
"50280880000",0,0.00545996
"50280890000",0.086,0.00753475
"50280900000",0.086,0.00698875
"50280910000",0,0.00633356
"50280920000",0,0.00764395
"50280930000",0.086,0.00556916
"50280940000",0,0.00545996
"50280950000",0,0.00677035
"50280960000",0,0.00709795
"50280970000",0,0.00709795
"50280980000",0,0.00589676
"50280990000",0,0.00709795
"50281000000",0,0.00578756
"50281010000",0,0.00535076
"50281020000",0,0.01037393
"50281030000",0,0.00425877
"50281040000",0,0.00600596
"50281050000",0,0.00687955
"50281060000",0,0.00502317
"50281070000",0,0.00611516
"50281080000",0,0.00622436
"50281090000",0,0.00895434
"50281100000",0,0.01015553
"50281110000",0,0.0147419
"50281120000",0,0.01102912
"50281130000",0,0.00655195
"50281140000",0,0.00960953
"50281150000",0,0.00644276
"50281160000",0,0.00928194
"50281170000",0,0.00567836
"50281180000",0,0.00589676
"50281190000",0,0.0139775
"50281200000",0,0.00720715
"50281210000",0,0.00611516
"50281220000",0,0.00633356
"50281230000",0,0.00993713
"50281240000",0,0.00556916
"50281250000",0,0.00764395
"50281260000",0,0.00873594
"50281270000",0.0537,0.00851754
"50281280000",0.0537,0.01037393
"50281290000",0,0.00655195
"50281300000",0,0.00786235
"50281310000",0.0537,0.00611516
"50281320000",0,0.00458637
"50281330000",0,0.0148511
"50281340000",0,0.00469557
"50281350000",0,0.00491397
"50281360000",0,0.00742555
"50281370000",0,0.00316678
"50281380000",0,0.00786235
"50281390000",0,0.00655195
"50281400000",0,0.00982793
"50281410000",0,0.00884514
"50281420000",0,0.01113832
"50281430000",0.0537,0.00611516
"50281440000",0.0537,0.00797154
"50281450000",0,0.00731635
"50281460000",0,0.00840834
"50281470000",0,0.00764395
"50281480000",0,0.00873594
"50281490000",0,0.00764395
"50281500000",0,0.00928194
"50281510000",0,0.01233951
"50281520000",0,0.01059233
"50281530000",0,0.01048313
"50281540000",0,0.00851754
"50281550000",0,0.00818994
"50281560000",0,0.00447717
"50281570000",0,0.00382197
"50281580000",0,0.00502317
"50281590000",0,0.00808074
"50281600000",0,0.00447717
"50281610000",0,0.00775315
"50281620000",0,0.00808074
"50281630000",0,0.00589676
"50281640000",0,0.01517869
"50281650000",0,0.00960953
"50281660000",0,0.01627069
"50281670000",0,0.00720715
"50281680000",0,0.01070153
"50281690000",0,0.00731635
"50281700000",0,0.00742555
"50281710000",0,0.00797154
"50281720000",0,0.00677035
"50281730000",0,0.00960953
"50281740000",0,0.00840834
"50281750000",0,0.0148511
"50281760000",0,0.00327598
"50281770000",0,0.00589676
"50281780000",0,0.01255791
"50281790000",0,0.00600596
"50281800000",0,0.00939113
"50281810000",0,0.01747188
"50281820000",0,0.00742555
"50281830000",0,0.00567836
"50281840000",0,0.00709795
"50281850000",0,0.00960953
"50281890000",0,0.00982793
"50281900000",0,0.01233951
"50281910000",0,0.00818994
"50281920000",0.0102,0.01321311
"50281931000",0,0.0137591
"50281932000",0,0.00873594
"50281933000",0,0.00349438
"50281940000",0.0102,0.00818994
"50281950000",0,0.01081073
"50281961000",0.0102,0.01004633
"50281962000",0.0102,0.00950033
"50281970000",0,0.01255791
"50281980000",0,0.00993713
"50281990000",0,0.00753475
"50282000000",0,0.00928194
"50282010000",0.0075,0.0137591
"50282020000",0,0.00982793
"50282030000",0.0075,0.00993713
"50282040000",0,0.01135672
"50282050000",0.0075,0.01801788
"50282070000",0,0.01135672
"50282080000",0,0.01048313
"50282090000",0,0.00622436
"50282100000",0,0.00840834
"50282110000",0,0.00862674
"50282120000",0,0.00589676
"50282130000",0,0.00578756
"50282140000",0,0.00458637
"50282150000",0,0.00829914
"50282160000",0,0.00742555
"50282170000",0,0.00786235
"50282180000",0,0.00884514
"50282190000",0,0.00578756
"50282200000",0,0.00545996
"50282210000",0,0.01113832
"50282220000",0,0.00840834
"50282230000",0,0.00742555
"50282240000",0,0.00797154
"50282250000",0,0.00917274
"50282260000",0,0.00469557
"50282270000",0,0.00687955
"50282280000",0,0.00829914
"50282290000",0,0.01212112
"50282300000",0,0.00808074
"50282310000",0,0.00535076
"50282320000",0,0.00524156
"50282330000",0,0.00753475
"50282340000",0,0.01070153
"50282350000",0,0.00753475
"50282360000",0,0.00644276
"50282370000",0,0.00928194
"50282380000",0,0.00578756
"50282400000",0,0.00939113
"50282420000",0,0.00906354
"50282440000",0.0162,0.00545996
"50282450000",0,0.01244871
"50282460000",0,0.01321311
"50282470000",0,0.01091992
"50282480000",0,0.00622436
"50282490000",0,0.01015553
"50282500000",0.0162,0.00939113
"50282520000",0.0162,0.01026473
"50282530000",0.0162,0.01070153
"50282540000",0.0162,0.01223032
"50282550000",0,0.00982793
"50282560000",0,0.01146592
"50282570000",0,0.00742555
"50282580000",0.0102,0.00775315
"50282590000",0,0.00371277
"50282600000",0,0.00862674
"50282610000",0,0.00917274
"50282620000",0,0.00873594
"50282630000",0,0.01572469
"50282640000",0,0.0144143
"50282650000",0,0.01244871
"50282660000",0,0.00633356
"50282670000",0,0.0139775
"50282680000",0,0.00939113
"50282690000",0,0.00589676
"50282700000",0,0.01277631
"50282710000",0,0.01714428
"50282720000",0,0.01364991
"50282730000",0,0.01310391
"50282740000",0,0.00742555
"50282750000",0,0.01299471
"50282760000",0.006,0.0138683
"50282770000",0.006,0.0149603
"50282780000",0,0.00753475
"50282790000",0,0.00884514
"50282820000",0.0145,0.01113832
"50282830000",0.0352,0.00556916
"50282850000",0,0.00840834
"50282860000",0,0.00687955
"50282870000",0,0.00502317
"50282880000",0,0.00840834
"50282890000",0,0.00829914
"50282900000",0,0.01528789
"50282910000",0,0.01091992
"50282920000",0,0.0140867
"50282930000",0,0.01364991
"50282941000",0,0.00960953
"50282942000",0,0.00797154
"50282950000",0,0.01354071
"50282960000",0,0.01212112
"50282970000",0,0.00720715
"50282980000",0,0.00731635
"50282990000",0,0.01004633
"50283000000",0,0.01113832
"50283010000",0,0.01310391
"50283030000",0.0126,0.00818994
"50283050000",0,0.00808074
"50283070000",0,0.00851754
"50283080000",0.0126,0.00502317
"50283100000",0,0.00829914
"50283110000",0,0.00818994
"50283120000",0.0126,0.01528789
"50283130000",0.0126,0.00545996
"50283140000",0.0126,0.00535076
"50283150000",0.0126,0.00677035
"50283160000",0.0126,0.00808074
"50283170000",0.0126,0.00469557
"50283180000",0.0126,0.00644276
"50283190000",0,0.01212112
"50283200000",0,0.00906354
"50283210000",0.0207,0.00764395
"50283220000",0.013,0.00687955
"50283230000",0.0265,0.0144143
"50283240000",0.0185,0.01135672
"50283250000",0.0207,0.01343151
"50283260000",0.0451,0.01070153
"50283270000",0.0265,0.00775315
"50283280000",0.0329,0.01037393
"50283290000",0.0243,0.01037393
"50283300000",0.0178,0.01321311
"50283310000",0.0261,0.00458637
"50283320000",0.0261,0.00677035
"50283330000",0.0223,0.00971873
"50283340000",0.0136,0.00851754
"50283350000",0.0022,0.01168432
"50283360000",0.0114,0.01179352
"50283370000",0,0.01354071
"50283380000",0,0.01212112
"50283390000",0,0.01146592
"50283400000",0,0.00982793
"50283410000",0,0.00950033
"50283420000",0,0.00818994
"50283430000",0,0.01703508
"50283440000",0,0.00939113
"50283450000",0,0.01004633
"50283460000",0,0.00873594
"50283470000",0,0.00753475
"50283480000",0.0182,0.00960953
"50283490000",0,0.00491397
"50283500000",0,0.01135672
"50283520000",0,0.01102912
"50283530000",0,0.0145235
"50283540000",0,0.00622436
"50283550000",0,0.01037393
"50283560000",0,0.00862674
"50283570000",0.0109,0.00873594
"50283580000",0,0.00666115
"50283590000",0,0.01070153
"50283600000",0,0.00764395
"50283610000",0,0.00644276
"50283620000",0,0.00513236
"50283630000",0,0.00895434
"50283640000",0,0.00917274
"50283650000",0,0.0140867
"50283660000",0,0.00764395
"50283670000",0,0.00698875
"50283680000",0.0261,0.00709795
"50283690000",0,0.01135672
"50283700000",0,0.00600596
"50283730000",0,0.00895434
"50283740000",0,0.00611516
"50283750000",0,0.00666115
"50283760000",0.0145,0.00895434
"50283770000",0.0145,0.00687955
"50283780000",0.0222,0.00622436
"50283790000",0.0222,0.00720715
"50283800000",0.0145,0.00666115
"50283810000",0,0.01364991
"50283820000",0,0.00720715
"50283830000",0,0.00731635
"50283840000",0,0.00720715
"50283850000",0,0.01004633
"50283860000",0,0.01070153
"50283870000",0,0.01736268
"50283880000",0.0077,0.00742555
"50283890000",0.0352,0.01146592
"50283900000",0,0.00950033
"50283910000",0,0.00808074
"50283921000",0,0.00895434
"50283922000",0,0.00589676
"50283930000",0,0.02096625
"50283941000",0,0.00502317
"50283942000",0,0.0146327
"50283950000",0,0.00906354
"50283960000",0,0.00436797
"50283970000",0,0.00600596
"50283980000",0,0.00589676
"50283991000",0,0.01233951
"50283992000",0,0.00917274
"50284000000",0,0.01747188
"50284010000",0,0.01364991
"50284020000",0,0.00764395
"50284030000",0,0.00611516
"50284040000",0,0.00993713
"50284050000",0,0.00818994
"50284060000",0,0.00687955
"50284082000",0,0.02271344
"50284280000",0,0.00622436
"50284290000",0,0.01059233
"50284300000",0,0.01703508
"50284310000",0,0.01102912
"50284320000",0,0.00895434
"50284350000",0,0.01310391
"50284360000",0,0.02042026
"50284370000",0,0.0141959
"50284380000",0,0.0139775
"50284390000",0,0.00775315
"50284400000",0,0.01113832
"50284410000",0,0.02391463
"50284440000",0,0.01299471
"50284460000",0.0445,0.01179352
"50284470000",0.0445,0.01354071
"50284480000",0.0445,0.01124752
"50284490000",0.0445,0.0145235
"50284500000",0,0.01605229
"50284510000",0,0.0148511
"50284520000",0,0.03308737
"50284530000",0,0.02216745
"50284550000",0,0.00567836
"50284560000",0,0.00567836
"50284570000",0,0.00545996
"50284580000",0,0.00666115
"50284590000",0,0.00950033
"50284620000",0.2699,0.01059233
"50284670000",0,0.00917274
"50284680000",0,0.00709795
"50284700000",0,0.00818994
"50284710000",0,0.0140867
"50284720000",0,0.0150695
"50284730000",0.0097,0.00960953
"50284740000",0.0097,0.01081073
"50284751000",0,0.00414957
"50284790000",0,0.01288551
"50284800000",0,0.0146327
"50284810000",0,0.01354071
"50284820000",0,0.01659828
"50284830000",0,0.00971873
"50284840000",0,0.0149603
"50284850000",0,0.01102912
"50284861000",0,0.00589676
"50284862000",0,0.00786235
"50284870000",0,0.00742555
"50284880000",0,0.01277631
"50284890000",0,0.00928194
"50284900000",0,0.01539709
"50284910000",0,0.01539709
"50284920000",0.0223,0.00731635
"50284930000",0.0136,0.00851754
"50284940000",0.0223,0.00600596
"50284950000",0,0.00393117
"50284960000",0.0224,0.00971873
"50284970000",0.0207,0.00917274
"50284980000",0,0.01179352
"50284990000",0,0.00840834
"50285000000",0.0366,0.01266711
"50285010000",0,0.00513236
"50285020000",0,0.0139775
"50285040000",0,0.0141959
"50285050000",0,0.01070153
"50285060000",0,0.01299471
"50285070000",0.0223,0.01550629
"50285080000",0.0223,0.01048313
"50285090000",0,0.0141959
"50285100000",0,0.00993713
"50285110000",0,0.00939113
"50285120000",0,0.00862674
"50285130000",0.0537,0.01594309
"50285160000",0,0.01747188
"50285170000",0,0.01921907
"50285180000",0,0.01627069
"50285190000",0.0326,0.01015553
"50285200000",0,0.01637989
"50285210000",0,0.01070153
"50285220000",0,0.0147419
"50285230000",0.0104,0.00939113
"50285240000",0,0.00797154
"50285250000",0,0.02031106
"50285260000",0,0.00862674
"50285280000",0,0.01364991
"50285290000",0,0.00993713
"50285300000",0,0.00502317
"50285310000",0,0.00436797
"50285320000",0,0.00982793
"50285330000",0,0.00928194
"50285340000",0,0.01244871
"50285360000",0.0643,0.01201192
"50285370000",0,0.01070153
"50285390000",0.016,0.01070153
"50285400000",0.0106,0.01627069
"50285420000",0,0.01648909
"50285440000",0,0.01670748
"50285450000",0,0.01637989
"50285480000",0,0.00851754
"50285500000",0,0.0148511
"50285550000",0,0.01627069
"50285570000",0,0.00950033
"50285610000",0.042,0.0144143
"50285620000",0,0.01354071
"50285640000",0,0.01135672
"50285660000",0.0149,0.00840834
"50285670000",0,0.01714428
"50285680000",0.0393,0.00644276
"50285690000",0,0.01146592
"50285710000",0,0.00633356
"50285720000",0,0.00611516
"50285730000",0,0.00240238
"50285740000",0,0.00349438
"50285750000",0,0.00316678
"50285760000",0,0.00502317
"50285770000",0,0.00349438
"50285780000",0,0.00371277
"50285790000",0,0.00262078
"50285800000",0,0.00425877
"50285810000",0,0.01310391
"50285820000",0,0.00283918
"50285830000",0,0.00655195
"50285840000",0,0.00338518
"50285850000",0,0.00556916
"50285860000",0.1512,0.00524156
"50285870000",0.0097,0.01037393
"50285880000",0,0.00556916
"50285890000",0.0537,0.01714428
"50285900000",0,0.0137591
"50285910000",0,0.00404037
"50285920000",0,0.00764395
"50285930000",0,0.0143051
"50285940000",0,0.00906354
"50285950000",0,0.01266711
"50285960000",0,0.01081073
"50285970000",0,0.01517869
"50285980000",0.0358,0.01201192
"50285990000",0,0.01550629
"50286000000",0.055,0.00808074
"50286010000",0,0.00971873
"50286020000",0,0.0148511
"50286030000",0,0.0137591
"50286050000",0,0.01725348
"50286060000",0.0427,0.01288551
"50286070000",0.0269,0.01758108
"50286080000",0.0149,0.01004633
"50286100000",0.0135,0.01233951
"50286110000",0,0.01212112
"50286120000",0.0395,0.01561549
"50286150000",0.0533,0.00698875
"50286160000",0,0.01364991
"50286170000",0,0.02031106
"50286180000",0,0.01637989
"50286190000",0,0.01146592
"50286210000",0,0.01048313
"50286230000",0,0.0145235
"50286240000",0,0.0147419
"50286250000",0,0.01627069
"50286260000",0,0.01070153
"50286300000",0,0.01059233
"50286330000",0,0.01179352
"50286340000",0,0.01102912
"50286390000",0,0.01233951
"50286400000",0.0115,0.01288551
"50286420000",0.0115,0.00382197
"50286440000",0,0.00709795
"50286450000",0,0.00535076
"50286460000",0,0.00862674
"50286470000",0,0.01605229
"50286480000",0,0.00349438
"50286520000",0,0.01364991
"50286530000",0,0.01113832
"50286540000",0,0.01364991
"50286550000",0,0.0137591
"50286560000",0,0.01135672
"50286570000",0.0144,0.00939113
"50286590000",0,0.02173065
"50286600000",0,0.01212112
"50286610000",0,0.00775315
"50286620000",0.042,0.01266711
"50286630000",0,0.00753475
"50286640000",0,0.00928194
"50286650000",0,0.00545996
"50286660000",0,0.00764395
"50286670000",0,0.00829914
"50286680000",0,0.00513236
"50286690000",0.0643,0.00895434
"50286700000",0.0872,0.00677035
"50286710000",0,0.00491397
"50286720000",0,0.00818994
"50286730000",0,0.00818994
"50286740000",0.2238,0.00283918
"50286750000",0,0.00775315
"50286760000",0,0.00698875
"50286770000",0,0.01168432
"50286780000",0.0393,0.01102912
"50286790000",0.0768,0.00895434
"50286800000",0,0.00393117
"50286810000",0,0.01725348
"50286830000",0.0078,0.00491397
"50286840000",0,0.01146592
"50286850000",0,0.01004633
"50286860000",0,0.01157512
"50286870000",0.0726,0.01321311
"50286880000",0.0726,0.00698875
"50286890000",0,0.00993713
"50286900000",0,0.00829914
"50286910000",0,0.01266711
"50286920000",0,0.00993713
"50286930000",0,0.00742555
"50286960000",0,0.00873594
"50286970000",0.0398,0.01637989
"50286980000",0,0.01550629
"50286990000",0,0.00840834
"50287010000",0,0.01255791
"50287020000",0,0.01627069
"50287030000",0,0.0150695
"50287040000",0,0.01212112
"50287050000",0,0.01670748
"50287060000",0.0218,0.0146327
"50287070000",0,0.01823627
"50287080000",0,0.00185639
"50287091000",0,0.01976506
"50287092000",0,0.00262078
"50287100000",0,0.0150695
"50287110000",0.0325,0.01146592
"50287120000",0.0318,0.01135672
"50287130000",0.051,0.00960953
"50287140000",0,0.0149603
"50287150000",0,0.01004633
"50287160000",0.0264,0.00469557
"50287170000",0,0.00808074
"50287190000",0.017,0.01310391
"50287200000",0,0.00644276
"50287210000",0,0.00939113
"50287220000",0,0.01779948
"50287230000",0,0.01113832
"50287240000",0,0.00687955
"50287250000",0,0.01528789
"50287260000",0.0106,0.00895434
"50287270000",0,0.01135672
"50287300000",0,0.01616149
"50287330000",0.0138,0.01517869
"50287340000",0.0167,0.00928194
"50287350000",0,0.0148511
"50287360000",0,0.00906354
"50287370000",0,0.01048313
"50287380000",0,0.01102912
"50287390000",0.0318,0.00611516
"50287410000",0,0.00316678
"50287420000",0,0.00425877
"50287430000",0,0.00600596
"50287440000",0,0.00316678
"50287450000",0,0.00109199
"50287460000",0,0.00283918
"50287470000",0,0.00240238
"50287480000",0.0097,0.00480477
"50287490000",0.0333,0.00862674
"50287510000",0,0.00709795
"50287530000",0,0.01070153
"50287540000",0.011,0.01037393
"50287550000",0,0.01157512
"50287560000",0.0358,0.00928194
"50287570000",0,0.00928194
"50287580000",0,0.01026473
"50287590000",0,0.0150695
"50287610000",0,0.01135672
"50287620000",0,0.01146592
"50287630000",0,0.01670748
"50287640000",0,0.01594309
"50287650000",0,0.01692588
"50287660000",0.0269,0.01146592
"50287670000",0,0.01561549
"50287690000",0.028,0.01364991
"50287700000",0.0149,0.01517869
"50287710000",0.0149,0.01124752
"50287720000",0,0.02020186
"50287750000",0.0533,0.00524156
"50287760000",0,0.01179352
"50287780000",0,0.01179352
"50287790000",0,0.01059233
"50287800000",0.034,0.01091992
"50287810000",0,0.0145235
"50287820000",0.0357,0.01605229
"50287830000",0,0.01004633
"50287840000",0.011,0.01299471
"50287860000",0,0.01943747
"50287870000",0,0.01037393
"50287880000",0,0.0148511
"50287890000",0.0427,0.01277631
"50287900000",0.0262,0.01124752
"50287910000",0,0.01255791
"50287920000",0.0215,0.01124752
"50287930000",0,0.00862674
"50287940000",0,0.0141959
"50287950000",0,0.00960953
"50287960000",0.0326,0.00862674
"50287980000",0,0.01823627
"50287990000",0,0.01299471
"50288000000",0,0.01059233
"50288010000",0.0115,0.00556916
"50288020000",0,0.0149603
"50288030000",0.0815,0.01288551
"50288040000",0,0.01266711
"50288050000",0,0.00950033
"50288060000",0.0815,0.00655195
"50288070000",0,0.00808074
"50288080000",0,0.00698875
"50288090000",0.1512,0.02631702
"50288100000",0,0.00600596
"50288110000",0.0264,0.00873594
"50288120000",0,0.00840834
"50288130000",0,0.00917274
"50288140000",0,0.00873594
"50288150000",0,0.01179352
"50288160000",0,0.0147419
"50288170000",0,0.00742555
"50288190000",0.0815,0.00753475
"50288200000",0,0.01190272
"50288210000",0,0.00884514
"50288220000",0,0.00818994
"50288230000",0,0.00928194
"50288250000",0,0.01113832
"50288260000",0,0.00611516
"50288270000",0,0.00764395
"50288280000",0,0.01255791
"50288290000",0,0.0146327
"50288300000",0,0.01299471
"50288310000",0,0.00884514
"50288320000",0,0.00600596
"50288330000",0,0.00687955
"50288340000",0.144,0.00993713
"50288350000",0,0.00425877
"50288360000",0,0.00382197
"50288370000",0,0.00535076
"50288380000",0.0643,0.01244871
"50288390000",0,0.00502317
"50288400000",0,0.01081073
"50288410000",0,0.00939113
"50288420000",0,0.00382197
"50288430000",0.0643,0.00862674
"50288440000",0.0643,0.00851754
"50288450000",0.0104,0.00447717
"50288460000",0,0.01201192
"50288470000",0,0.00644276
"50288480000",0.0933,0.00709795
"50288490000",0.0165,0.00960953
"50288500000",0,0.0141959
"50288510000",0,0.0150695
"50288520000",0,0.01255791
"50288530000",0,0.00939113
"50288540000",0,0.01113832
"50288550000",0.0105,0.01157512
"50288560000",0,0.00840834
"50288580000",0.0144,0.00971873
"50288610000",0.0568,0.01266711
"50288620000",0.0568,0.01332231
"50288630000",0,0.00775315
"50288640000",0,0.01015553
"50288650000",0,0.00884514
"50288660000",0,0.00971873
"50288670000",0,0.00698875
"50288690000",0,0.01113832
"50288700000",0.0326,0.0144143
"50288710000",0,0.00283918
"50288721000",0,0.00818994
"50288722000",0,0.02173065
"50288730000",0,0.01539709
"50288740000",0,0.01758108
"50288750000",0.0138,0.00950033
"50288770000",0.0195,0.00993713
"50288780000",0,0.00349438
"50288790000",0,0.01266711
"50288800000",0.0044,0.01091992
"50288810000",0.0046,0.01332231
"50288820000",0,0.01605229
"50288830000",0,0.0137591
"50288840000",0,0.01659828
"50288850000",0.0478,0.0150695
"50288870000",0,0.01244871
"50288880000",0.0218,0.01212112
"50288890000",0,0.01364991
"50288910000",0.096,0.0141959
"50288920000",0,0.00764395
"50288930000",0.0318,0.00993713
"50288940000",0,0.00971873
"50288950000",0,0.00786235
"50288960000",0,0.01015553
"50288970000",0,0.00993713
"50288980000",0,0.0147419
"50288990000",0,0.01059233
"50289000000",0.016,0.01091992
"50289030000",0.0318,0.00567836
"50289040000",0.0548,0.01081073
"50289050000",0.0223,0.00753475
"50289060000",0,0.00939113
"50289070000",0,0.00196559
"50289080000",0,0.00251158
"50289090000",0,0.00775315
"50289100000",0.0619,0.01528789
"50289110000",0,0.00884514
"50289130000",0.011,0.01255791
"50289150000",0,0.01572469
"50289160000",0.2663,0.0144143
"50289170000",0.011,0.01659828
"50289180000",0,0.01266711
"50289190000",0,0.01747188
"50289200000",0,0.0150695
"50289210000",0.0427,0.01517869
"50289230000",0.028,0.0141959
"50289240000",0,0.01004633
"50289261000",0,0.01703508
"50289290000",0,0.01332231
"50289300000",0.034,0.01343151
"50289310000",0,0.01572469
"50289320000",0.0357,0.01070153
"50289330000",0.0106,0.0140867
"50289340000",0,0.00622436
"50289350000",0.011,0.01179352
"50289360000",0.011,0.0150695
"50289370000",0,0.01616149
"50289380000",0,0.0140867
"50289400000",0,0.01354071
"50289410000",0.0257,0.0150695
"50289420000",0,0.00939113
"50289430000",0,0.01976506
"50289440000",0,0.00829914
"50289450000",0,0.01190272
"50289460000",0.0326,0.01616149
"50289470000",0,0.01616149
"50289480000",0,0.01932827
"50289490000",0.0105,0.01135672
"50289510000",0,0.01299471
"50289520000",0,0.0138683
"50289530000",0,0.00666115
"50289540000",0,0.00851754
"50289550000",0,0.00425877
"50289560000",0,0.00600596
"50289570000",0,0.00917274
"50289581000",0,0.02784581
"50289590000",0,0.01037393
"50289600000",0,0.00567836
"50289610000",0.0264,0.00753475
"50289620000",0.0264,0.0149603
"50289630000",0,0.00851754
"50289640000",0,0.01561549
"50289650000",0,0.02424223
"50289660000",0,0.00851754
"50289680000",0,0.00764395
"50289700000",0,0.00982793
"50289720000",0,0.00851754
"50289730000",0,0.01910987
"50289740000",0,0.01135672
"50289750000",0.0144,0.01070153
"50289760000",0,0.0138683
"50289770000",0,0.01244871
"50289780000",0,0.01255791
"50289790000",0,0.00622436
"50289800000",0,0.00950033
"50289810000",0,0.00513236
"50289820000",0,0.00360358
"50289830000",0,0.00404037
"50289840000",0,0.00600596
"50289850000",0,0.00971873
"50289860000",0,0.00928194
"50289870000",0,0.00971873
"50289880000",0,0.00666115
"50289890000",0,0.00687955
"50289900000",0,0.00906354
"50289910000",0,0.00556916
"50289920000",0,0.00895434
"50289931000",0,0.01179352
"50289932000",0,0.00524156
"50289940000",0,0.01266711
"50289950000",0.0104,0.01048313
"50289960000",0.0768,0.00873594
"50289970000",0,0.00971873
"50289980000",0.0165,0.00644276
"50289990000",0,0.00556916
"50290020000",0,0.0145235
"50290030000",0,0.00589676
"50290060000",0.0726,0.01026473
"50290070000",0.0144,0.00589676
"50290080000",0.0144,0.01190272
"50290090000",0,0.00917274
"50290100000",0.0568,0.00939113
"50290110000",0.042,0.00775315
"50290120000",0,0.00840834
"50290130000",0,0.00971873
"50290140000",0.0326,0.01157512
"50290160000",0,0.01004633
"50290170000",0,0.01594309
"50290190000",0.0885,0.00818994
"50290200000",0.035,0.0145235
"50290210000",0,0.01288551
"50290220000",0,0.01266711
"50290230000",0,0.00524156
"50290240000",0,0.01627069
"50290250000",0.0393,0.00818994
"50290260000",0.0046,0.01124752
"50290270000",0,0.01124752
"50290280000",0,0.01648909
"50290290000",0,0.01517869
"50290310000",0.0478,0.01703508
"50290320000",0.016,0.01201192
"50290330000",0,0.00873594
"50290340000",0.043,0.03297817
"50290350000",0.0097,0.00928194
"50290360000",0.0624,0.01190272
"50290370000",0,0.01266711
"50290390000",0,0.00556916
"50290401000",0.051,0.00666115
"50290402000",0,0.00371277
"50290410000",0,0.00655195
"50290420000",0,0.01572469
"50290430000",0,0.01812707
"50290440000",0,0.01539709
"50290450000",0.011,0.00917274
"50290460000",0,0.0140867
"50290470000",0,0.01921907
"50290490000",0.0721,0.0137591
"50290500000",0,0.01048313
"50290530000",0,0.01692588
"50290550000",0.0149,0.00950033
"50290560000",0.028,0.01255791
"50290571000",0,0.01190272
"50290580000",0,0.01332231
"50290590000",0,0.01288551
"50290610000",0.0276,0.00840834
"50290620000",0,0.01233951
"50290630000",0.034,0.01310391
"50290640000",0,0.01233951
"50290650000",0.0106,0.00742555
"50290660000",0,0.00764395
"50290670000",0,0.01124752
"50290680000",0.011,0.01081073
"50290690000",0,0.01157512
"50290700000",0.0257,0.01878227
"50290710000",0.0262,0.00491397
"50290720000",0.017,0.01233951
"50290730000",0.0215,0.01517869
"50290740000",0,0.00939113
"50290770000",0.017,0.01310391
"50290780000",0,0.00797154
"50290790000",0,0.01091992
"50290810000",0.026,0.0150695
"50290820000",0.0105,0.01539709
"50290830000",0,0.00797154
"50290840000",0,0.01037393
"50290850000",0,0.00655195
"50290860000",0,0.00993713
"50290870000",0.0815,0.00720715
"50290880000",0,0.00753475
"50290891000",0,0.00207479
"50290910000",0.0264,0.00939113
"50290920000",0.0264,0.00600596
"50290930000",0,0.01233951
"50290940000",0,0.00873594
"50290950000",0,0.01059233
"50290960000",0.0144,0.01004633
"50290970000",0,0.00698875
"50290980000",0,0.02140305
"50290990000",0.0815,0.00939113
"50291000000",0,0.00764395
"50291010000",0,0.00906354
"50291020000",0,0.00895434
"50291030000",0.0253,0.01255791
"50291040000",0,0.01703508
"50291050000",0,0.01070153
"50291060000",0,0.01572469
"50291070000",0,0.01845467
"50291080000",0,0.01190272
"50291090000",0,0.01561549
"50291100000",0,0.01212112
"50291110000",0,0.00764395
"50291120000",0,0.00393117
"50291130000",0,0.00884514
"50291140000",0,0.00753475
"50291150000",0,0.00436797
"50291160000",0,0.01004633
"50291170000",0,0.00622436
"50291180000",0,0.00655195
"50291190000",0,0.00993713
"50291200000",0,0.00436797
"50291210000",0.0104,0.00447717
"50291220000",0.0104,0.00687955
"50291230000",0,0.00611516
"50291240000",0,0.01157512
"50291250000",0,0.00698875
"50291270000",0.0165,0.00950033
"50291280000",0,0.00862674
"50291290000",0,0.0141959
"50291300000",0,0.0141959
"50291310000",0.0726,0.0137591
"50291320000",0,0.00524156
"50291330000",0,0.00786235
"50291360000",0.0144,0.00906354
"50291370000",0,0.01255791
"50291380000",0,0.00742555
"50291400000",0,0.00982793
"50291410000",0,0.00764395
"50291420000",0,0.01277631
"50291440000",0,0.01146592
"50291450000",0.0393,0.01201192
"50291460000",0,0.01354071
"50291470000",0.0195,0.01572469
"50291480000",0,0.0137591
"50291490000",0,0.00960953
"50291500000",0,0.01288551
"50291510000",0,0.01354071
"50291520000",0.0383,0.01059233
"50291530000",0,0.00862674
"50291540000",0,0.0141959
"50291550000",0,0.0138683
"50291560000",0.0434,0.01954666
"50291570000",0.0638,0.01332231
"50291580000",0,0.0147419
"50291590000",0,0.0139775
"50291600000",0,0.00917274
"50291610000",0.1512,0.01659828
"50291620000",0,0.01091992
"50291630000",0,0.00840834
"50291640000",0,0.0148511
"50291650000",0,0.01070153
"50291680000",0.0269,0.02085706
"50291690000",0.0149,0.0147419
"50291701000",0,0.01572469
"50291711000",0,0.00436797
"50291712000",0.0357,0.00491397
"50291720000",0,0.01157512
"50291730000",0.011,0.0137591
"50291740000",0,0.01168432
"50291750000",0.0744,0.01779948
"50291770000",0.0385,0.01648909
"50291780000",0,0.0146327
"50291790000",0,0.01583389
"50291800000",0.017,0.02129385
"50291810000",0,0.01004633
"50291820000",0,0.01091992
"50291830000",0,0.00360358
"50291840000",0,0.00840834
"50291850000",0,0.01113832
"50291860000",0,0.00535076
"50291870000",0,0.00818994
"50291890000",0,0.00666115
"50291900000",0,0.01747188
"50291910000",0,0.00840834
"50291920000",0,0.01834547
"50291930000",0,0.01856387
"50291940000",0,0.00687955
"50291950000",0,0.01037393
"50291960000",0,0.0148511
"50291970000",0,0.00873594
"50291980000",0,0.00731635
"50291990000",0,0.00556916
"50292000000",0,0.00545996
"50292010000",0,0.00447717
"50292020000",0,0.00709795
"50292030000",0,0.00818994
"50292040000",0,0.00775315
"50292050000",0,0.01113832
"50292060000",0,0.01113832
"50292070000",0,0.00775315
"50292080000",0,0.02194905
"50292110000",0,0.01015553
"50292120000",0,0.0146327
"50292130000",0,0.01091992
"50292150000",0,0.0147419
"50292160000",0,0.00982793
"50292170000",0,0.00939113
"50292180000",0,0.01179352
"50292190000",0,0.00808074
"50292200000",0,0.01856387
"50292210000",0,0.01124752
"50292220000",0,0.01102912
"50292230000",0,0.01233951
"50292240000",0,0.0141959
"50292250000",0.0228,0.01015553
"50292260000",0,0.01091992
"50292270000",0,0.00753475
"50292280000",0,0.00982793
"50292290000",0.016,0.01048313
"50292300000",0,0.00818994
"50292311000",0,0.0147419
"50292312000",0,0.01037393
"50292320000",0.0115,0.01627069
"50292330000",0,0.00950033
"50292340000",0,0.00436797
"50292360000",0,0.01070153
"50292370000",0,0.01321311
"50292390000",0.0215,0.01091992
"50292400000",0,0.00960953
"50292420000",0.026,0.00862674
"50292430000",0,0.00393117
"50292440000",0,0.00797154
"50292450000",0,0.02031106
"50292470000",0,0.01212112
"50292480000",0,0.00786235
"50292490000",0,0.01113832
"50292500000",0,0.00578756
"50292510000",0,0.01670748
"50292520000",0,0.00447717
"50292550000",0,0.01266711
"50292560000",0.035,0.00971873
"50292580000",0,0.01277631
"50292600000",0.0115,0.01124752
"50292612000",0.0533,0.01190272
"50292622000",0,0.01255791
"50292640000",0.026,0.01157512
"50292650000",0,0.00818994
"50292660000",0,0.01790868
"50292680000",0,0.01277631
"50292700000",0,0.01223032
"50292711000",0.0169,0.01135672
"50292780000",0,0.00535076
"50292791000",0,0.00076439
"50292792000",0,0.00884514
"50292801000",0,0.00633356
"50292802000",0,0.00895434
"50292812000",0.0144,0.00709795
"50292820000",0.0144,0.00928194
"50292830000",0,0.01233951
"50292840000",0,0.01113832
"50292850000",0,0.01627069
"50292860000",0.051,0.00677035
"50292880000",0,0.01233951
"50292890000",0,0.01758108
"50292900000",0.0264,0.00960953
"50292920000",0,0.00731635
"50292930000",0,0.00666115
"50292940000",0,0.00928194
"50292950000",0.0138,0.00939113
"50292960000",0.0138,0.02107545
"50292970000",0,0.00414957
"50292980000",0,0.00436797
"50292990000",0,0.00720715
"50293000000",0,0.0138683
"50293010000",0,0.00797154
"50293020000",0,0.00371277
"50293030000",0,0.0138683
"50293040000",0,0.00753475
"50293050000",0,0.00272998
"50293060000",0.0568,0.00829914
"50293070000",0,0.00742555
"50293080000",0.0643,0.00731635
"50293090000",0,0.01725348
"50293110000",0,0.01135672
"50293122000",0.0395,0.01583389
"50293130000",0.0816,0.01190272
"50293150000",0.042,0.01288551
"50293160000",0.0167,0.00993713
"50293170000",0,0.00982793
"50293180000",0,0.01037393
"50293190000",0,0.00502317
"50293200000",0,0.01059233
"50293210000",0,0.01659828
"50293220000",0,0.00720715
"50293230000",0,0.00873594
"50293240000",0,0.00971873
"50293250000",0,0.00644276
"50293270000",0.0568,0.01255791
"50293280000",0,0.00655195
"50293290000",0,0.00294838
"50293300000",0.0104,0.00731635
"50293310000",0.0104,0.00677035
"50293320000",0.0115,0.00589676
"50293330000",0.0115,0.00687955
"50293360000",0,0.00272998
"50293370000",0,0.00720715
"50293380000",0,0.00240238
"50293390000",0.0253,0.00862674
"50293400000",0,0.00917274
"50293410000",0,0.00818994
"50293430000",0,0.01124752
"50293440000",0,0.00950033
"50293450000",0,0.00360358
"50293460000",0,0.00098279
"50293470000",0,0.00720715
"50293480000",0.0872,0.01091992
"50293490000",0,0.00808074
"50293500000",0,0.00272998
"50293510000",0,0.03144938
"50293520000",0,0.01244871
"50293530000",0,0.00764395
"50293540000",0,0.01004633
"50293550000",0,0.0150695
"50293560000",0,0.01146592
"50293571000",0,0.01102912
"50293572000",0,0.00797154
"50293620000",0,0.00753475
"50293640000",0.0278,0.01168432
"50293660000",0.0129,0.01135672
"50293720000",0,0.00731635
"50293730000",0.0591,0.00971873
"50293740000",0,0.01212112
"50293760000",0,0.00818994
"50293770000",0,0.00447717
"50293780000",0,0.00840834
"50293790000",0,0.00578756
"50293800000",0,0.00764395
"50293810000",0,0.00862674
"50293820000",0,0.01550629
"50293830000",0,0.00906354
"50293840000",0,0.00633356
"50293850000",0,0.01310391
"50293860000",0,0.00884514
"50293870000",0,0.00960953
"50293880000",0,0.02598942
"50293890000",0,0.00993713
"50293900000",0,0.00589676
"50293920000",0,0.01015553
"50293940000",0,0.0144143
"50293950000",0,0.01059233
"50293960000",0.0149,0.00895434
"50293970000",0.0129,0.01572469
"50293990000",0.0129,0.01878227
"50294000000",0,0.00971873
"50294010000",0.0052,0.01059233
"50294020000",0.0052,0.0139775
"50294030000",0,0.01670748
"50294040000",0.0108,0.00982793
"50294050000",0.0108,0.01343151
"50294060000",0.0056,0.01583389
"50294070000",0,0.01528789
"50294080000",0,0.01310391
"50294090000",0.0591,0.01583389
"50294100000",0,0.01550629
"50294110000",0,0.01124752
"50294120000",0,0.01790868
"50294130000",0,0.01310391
"50294140000",0,0.01212112
"50294150000",0,0.03581735
"50294160000",0,0.01255791
"50294170000",0,0.00808074
"50294180000",0,0.01856387
"50294190000",0,0.00797154
"50294220000",0,0.01201192
"50294230000",0.0318,0.01550629
"50294240000",0,0.01801788
"50294251000",0,0.00928194
"50294252000",0,0.00687955
"50294260000",0,0.01048313
"50294270000",0,0.01299471
"50294280000",0,0.01627069
"50294290000",0,0.01015553
"50294310000",0,0.01539709
"50294320000",0,0.01059233
"50294330000",0,0.00262078
"50294340000",0,0.00371277
"50294370000",0,0.00305758
"50294380000",0,0.00414957
"50294390000",0,0.00393117
"50294400000",0,0.00305758
"50294410000",0,0.01179352
"50294420000",0,0.00338518
"50294430000",0,0.01113832
"50294440000",0,0.00524156
"50294450000",0.0211,0.00491397
"50294460000",0.0211,0.00414957
"50294470000",0,0.01135672
"50294480000",0,0.01081073
"50294490000",0.1891,0.01157512
"50294500000",0,0.01026473
"50294510000",0,0.01561549
"50294520000",0.0211,0.01048313
"50294530000",0.0211,0.00709795
"50294540000",0,0.01102912
"50294550000",0,0.01157512
"50294560000",0,0.01364991
"50294570000",0,0.00873594
"50294580000",0.0211,0.00600596
"50294590000",0.0211,0.00229318
"50294600000",0.0211,0.00928194
"50294610000",0.0211,0.01102912
"50294630000",0,0.01212112
"50294640000",0,0.00950033
"50294650000",0,0.01201192
"50294660000",0,0.01026473
"50294670000",0,0.00851754
"50294680000",0,0.01364991
"50294690000",0,0.00469557
"50294700000",0,0.00818994
"50294710000",0,0.01015553
"50294720000",0,0.00786235
"50294730000",0,0.01594309
"50294740000",0,0.01015553
"50294750000",0,0.00469557
"50294760000",0,0.01233951
"50294770000",0,0.00687955
"50294780000",0,0.00797154
"50294800000",0,0.01223032
"50294810000",0,0.00851754
"50294820000",0,0.00709795
"50294830000",0,0.00939113
"50294840000",0,0.00993713
"50294860000",0,0.00720715
"50294870000",0,0.01004633
"50294880000",0,0.01703508
"50294890000",0,0.01310391
"50294910000",0,0.00545996
"50294920000",0,0.0148511
"50294930000",0,0.01244871
"50294940000",0,0.01212112
"50294950000",0,0.0148511
"50294970000",0,0.00840834
"50294980000",0,0.00524156
"50294990000",0,0.02566182
"50295000000",0,0.01223032
"50295010000",0,0.0144143
"50295020000",0,0.01157512
"50295030000",0,0.01332231
"50295040000",0,0.01364991
"50295050000",0,0.0146327
"50295060000",0,0.00371277
"50295070000",0,0.00535076
"50295080000",0,0.01528789
"50295090000",0,0.01223032
"50295100000",0,0.01758108
"50295110000",0,0.0150695
"50295120000",0.0119,0.00556916
"50295130000",0,0.01354071
"50295140000",0,0.01223032
"50295150000",0,0.01048313
"50295160000",0,0.00993713
"50295170000",0,0.00764395
"50295180000",0,0.0147419
"50295190000",0,0.00753475
"50295200000",0,0.00677035
"50295210000",0,0.00666115
"50295220000",0,0.00982793
"50295230000",0,0.00687955
"50295240000",0,0.00611516
"50295250000",0,0.00524156
"50295260000",0,0.01157512
"50295270000",0,0.01201192
"50295280000",0,0.00731635
"50295290000",0,0.00873594
"50295300000",0,0.00666115
"50295310000",0,0.01747188
"50295320000",0,0.01059233
"50295330000",0,0.00797154
"50295340000",0,0.00327598
"50295350000",0,0.00808074
"50295360000",0,0.00829914
"50295370000",0,0.01081073
"50295380000",0,0.00851754
"50295390000",0,0.00458637
"50295400000",0,0.01146592
"50295410000",0.0278,0.0148511
"50295420000",0,0.0148511
"50295430000",0.0278,0.01102912
"50295440000",0,0.00382197
"50295450000",0,0.00895434
"50295460000",0,0.00425877
"50295470000",0,0.01135672
"50295480000",0,0.01266711
"50295490000",0,0.01354071
"50295500000",0,0.00698875
"50295530000",0.0149,0.0150695
"50295540000",0.0278,0.00709795
"50295550000",0,0.00589676
"50295560000",0,0.00425877
"50295570000",0,0.00928194
"50295580000",0,0.00928194
"50295591000",0.0119,0.00808074
"50295592000",0.0609,0.00404037
"50295610000",0,0.00928194
"50295620000",0,0
"50295640000",0,0.00939113
"50295650000",0,0.00993713
"50295660000",0,0.00535076
"50295670000",0,0.00764395
"50295680000",0.1023,0.00720715
"50295690000",0,0.00960953
"50295700000",0,0.01605229
"50295710000",0,0.00436797
"50295720000",0,0.00251158
"50295730000",0,0.00720715
"50295740000",0.1124,0.00884514
"50295830000",0,0.00982793
"50295850000",0,0.00491397
"50295870000",0,0.01790868
"50295890000",0.0432,0.01179352
"50295900000",0.0054,0.01561549
"50295931000",0.0111,0.00731635
"50295932000",0.0111,0.00786235
"50295940000",0,0.01255791
"50295950000",0,0.00797154
"50295960000",0,0.00971873
"50296011000",0,0.00917274
"50296020000",0,0.01070153
"50296030000",0,0.01190272
"50296060000",0,0.00753475
"50296080000",0,0.00873594
"50296170000",0.0387,0.00851754
"50296220000",0,0.00687955
"50296230000",0,0.00993713
"50296253000",0,0.00480477
"50296300000",0.0035,0
"50296322000",0.0118,0.00775315
"50296341000",0,0.02981139
"50296342000",0,0.00829914
"50296343000",0,0.00993713
"50296352000",0.0035,0.00873594
"50296373000",0,0.00535076
"50296383000",0,0.0006552
"50296400000",0,0.01321311
"50296414000",0,0.00829914
"50296420000",0.0432,0.0148511
"50296431000",0.0432,0.00666115
"50296432000",0.0432,0.01201192
"50296433000",0.0432,0.00240238
"50296442000",0,0.000546
"50296501000",0,0.00764395
"50296522000",0.1006,0.01124752
"50296560000",0.0532,0.00545996
"50296570000",0,0.01212112
"50296580000",0,0.00469557
"50296590000",0.0532,0.00327598
"50296600000",0.0532,0.00917274
"50296610000",0.0532,0.01561549
"50296660000",0,0.01146592
"50296670000",0,0.00698875
"50296681000",0,0.02566182
"50296700000",0,0.01354071
"50296710000",0,0.01004633
"50296720000",0,0.00906354
"50296730000",0,0.00950033
"50296740000",0,0.00513236
"50296750000",0,0.00283918
"50296760000",0.0387,0.01048313
"50296770000",0,0.00895434
"50296780000",0,0.00611516
"50296790000",0.0739,0.01517869
"50296800000",0,0.00600596
"50296810000",0.0075,0.00458637
"50296820000",0.0075,0.00425877
"50296830000",0.0075,0.00283918
"50296850000",0.0075,0.00993713
"50296860000",0,0.01081073
"50296870000",0,0.00535076
"50296880000",0.0075,0.00382197
"50296890000",0,0.00393117
"50296900000",0.0075,0.00677035
"50296910000",0.0075,0.00862674
"50296920000",0.0075,0.01091992
"50296930000",0.0054,0.01299471
"50296940000",0.0132,0.01070153
"50296950000",0.0132,0.01583389
"50296960000",0.0793,0.00666115
"50296970000",0.0793,0.01026473
"50297000000",0.0793,0.00458637
"50297010000",0.0793,0.00644276
"50297020000",0,0.01004633
"50297030000",0.0387,0.01201192
"50297040000",0,0.00611516
"50297050000",0,0.00917274
"50297060000",0.0387,0.00436797
"50297070000",0.0387,0.00971873
"50297080000",0.0055,0.01266711
"50297090000",0.0055,0.01113832
"50297100000",0,0.00895434
"50297110000",0,0.01223032
"50297120000",0,0.00873594
"50297130000",0,0.00731635
"50297140000",0,0.01004633
"50297150000",0,0.01747188
"50297160000",0,0.01179352
"50297170000",0,0.0150695
"50297180000",0,0.01703508
"50297190000",0.0387,0.0139775
"50297200000",0.0055,0.0139775
"50297210000",0.0055,0.00491397
"50297220000",0.0055,0.00469557
"50297240000",0.0055,0.00786235
"50297250000",0,0.00906354
"50297260000",0,0.01299471
"50297270000",0,0.00677035
"50297290000",0,0.01823627
"50297300000",0,0.01528789
"50297310000",0,0.01758108
"50297320000",0,0.01856387
"50297330000",0,0.0145235
"50297340000",0,0.00797154
"50297350000",0,0.00960953
"50297360000",0.0383,0.00513236
"50297370000",0.0383,0.00862674
"50297380000",0,0.00786235
"50297390000",0,0.00611516
"50297400000",0,0.01517869
"50297420000",0.1023,0.01233951
"50297430000",0,0.01277631
"50297440000",0.0383,0.01954666
"50297450000",0,0.01179352
"50297460000",0,0.01550629
"50297470000",0,0.01244871
"50297490000",0,0.01168432
"50297500000",0,0.01091992
"50297510000",0,0.01255791
"50297520000",0,0.00818994
"50297530000",0,0.00349438
"50297550000",0,0.01670748
"50297560000",0,0.00535076
"50297570000",0,0.01201192
"50297580000",0,0.00545996
"50297590000",0,0.00731635
"50297600000",0,0.01146592
"50297610000",0.0074,0.0150695
"50297630000",0,0.00884514
"50297640000",0,0.01037393
"50297650000",0,0.01037393
"50297660000",0,0.00698875
"50297670000",0,0.00829914
"50297680000",0,0.00655195
"50297690000",0,0.00982793
"50297700000",0,0.01201192
"50297710000",0.0074,0.01091992
"50297720000",0,0.0145235
"50297730000",0,0.01354071
"50297740000",0,0.00600596
"50297750000",0,0.00917274
"50297760000",0,0.00600596
"50297770000",0,0.00502317
"50297780000",0,0.00829914
"50297790000",0,0.00545996
"50297801000",0,0.00338518
"50297802000",0,0.00393117
"50297810000",0,0.00742555
"50297830000",0,0.00742555
"50297841000",0,0.029047
"50297842000",0,0
"50297843000",0,0.02555262
"50297850000",0,0.00327598
"50297860000",0,0.01037393
"50297870000",0,0.01113832
"50297880000",0,0.00709795
"50297890000",0,0.00786235
"50297900000",0,0.00895434
"50297930000",0,0.01343151
"50297960000",0,0.01146592
"50297970000",0,0.00873594
"50297980000",0,0.00524156
"50297990000",0,0.01015553
"50298000000",0,0.00535076
"50298010000",0,0.00545996
"50298020000",0,0.00786235
"50298030000",0.0602,0.00862674
"50298040000",0.0602,0.00895434
"50298050000",0.0602,0.00469557
"50298060000",0,0.00436797
"50298070000",0.0602,0.00338518
"50298080000",0,0.00414957
"50298090000",0,0.00567836
"50298100000",0,0.00316678
"50298110000",0.0602,0.00600596
"50298120000",0.0602,0.00600596
"50298130000",0.0602,0.00447717
"50298140000",0,0.01321311
"50298150000",0.0739,0.01026473
"50298200000",0,0.00480477
"50298210000",0,0.00829914
"50298460000",0.0062,0.00851754
"50309060000",0.0418,0.01266711
"50309070000",0.0211,0.01233951
"50309080000",0.0211,0.01550629
"50309090000",0.0211,0.0138683
"50309100000",0,0.0138683
"50309120000",0,0.01091992
"50309130000",0.0311,0.00764395
"50309140000",0,0.0139775
"50309150000",0,0.01157512
"50309160000",0.0311,0.00993713
"50309370000",0.0418,0.00928194
"50311230000",0.0623,0.01070153
"50311240000",0.0623,0.01190272
"50311260000",0.0623,0.01277631
"50311270000",0.011,0.01288551
"50311280000",0,0.01201192
"50311290000",0.011,0.01190272
"50311300000",0,0.00895434
"50311310000",0,0.01059233
"50311320000",0,0.00950033
"50311330000",0,0.00906354
"50311340000",0,0.01299471
"50311350000",0,0.01081073
"50311360000",0,0.00960953
"50311370000",0,0.00666115
"50311380000",0,0.01048313
"50311390000",0,0.00884514
"50311400000",0,0.01212112
"50311410000",0,0.01157512
"50311420000",0,0.0146327
"50311430000",0,0.01004633
"50311440000",0,0.01037393
"50311450000",0,0.01124752
"50311460000",0,0.01201192
"50311470000",0,0.01102912
"50311480000",0,0.01135672
"50311490000",0,0.01594309
"50311510000",0,0.02293184
"50311520000",0.0374,0.0150695
"50311530000",0,0.01124752
"50311550000",0,0.00611516
"50311570000",0.011,0.01102912
"50311580000",0,0.00993713
"50311590000",0,0.01037393
"50311600000",0,0.01310391
"50311610000",0,0.01244871
"50311620000",0.0137,0.00644276
"50311630000",0.0137,0.01059233
"50311640000",0,0.01703508
"50311650000",0,0.00862674
"50311660000",0.0362,0.01616149
"50311670000",0.0137,0.00884514
"50311690000",0,0.00655195
"50311700000",0,0.01299471
"50311710000",0.0124,0.00917274
"50311720000",0,0.01113832
"50311730000",0,0.00786235
"50311740000",0,0.00851754
"50311750000",0.009,0.00818994
"50311760000",0,0.00851754
"50311770000",0.0124,0.00928194
"50311780000",0,0.00862674
"50311790000",0.009,0.0149603
"50311800000",0,0.00873594
"50311810000",0.0336,0.01157512
"50311820000",0.0498,0.0137591
"50311830000",0.0498,0.00840834
"50311840000",0,0.01026473
"50311850000",0,0.01834547
"50311890000",0.009,0.01113832
"50311920000",0.0089,0.01081073
"50311930000",0,0.00709795
"50311940000",0,0.00971873
"50311950000",0,0.00928194
"50311981000",0,0.04564528
"50311982000",0,0.0292654
"50311985000",0,0.00720715
"50311986000",0,0.03013899
"50311987000",0,0.00808074
"50312010000",0,0.01124752
"50312020000",0,0.00753475
"50312030000",0,0.01255791
"50312040000",0,0.0146327
"50312170000",0,0.0141959
"50312180000",0,0.01310391
"50312210000",0,0.0143051
"50312250000",0.0623,0.00687955
"50312270000",0.0623,0.00633356
"50312290000",0,0.01004633
"50312300000",0,0.0146327
"50312310000",0,0.01616149
"50312330000",0,0.00687955
"50312390000",0,0.0145235
"50312410000",0,0.00862674
"50312440000",0.0336,0.01637989
"50312470000",0.0387,0.00873594
"50312540000",0.0336,0.01299471
"50312560000",0,0.01517869
"50312570000",0,0.01659828
"50312590000",0,0.01332231
"50312601000",0,0.00622436
"50312602000",0,0.00720715
"50312611000",0.011,0.00262078
"50312612000",0,0.00644276
"50312621000",0,0.00666115
"50312622000",0,0.00578756
"50312640000",0,0.00939113
"50312650000",0,0.01277631
"50312660000",0,0.0139775
"50312670000",0,0.00971873
"50312680000",0,0.00655195
"50312700000",0.0091,0.02740901
"50312730000",0,0.01081073
"50312740000",0.0137,0.01266711
"50312750000",0,0.01364991
"50312760000",0.0089,0.01561549
"50312770000",0.0089,0.01299471
"50312781000",0.0089,0.00545996
"50312782000",0.009,0.01026473
"50312790000",0.009,0.01364991
"50312800000",0.0498,0.01059233
"50312810000",0,0.01605229
"50312820000",0,0.0145235
"50312830000",0,0.01354071
"50312841000",0,0.00764395
"50312842000",0,0.00939113
"50312852000",0.011,0.00644276
"50312860000",0.0374,0.01343151
"50312870000",0.0374,0.00884514
"50312880000",0,0.01059233
"50312890000",0.009,0.01616149
"50312900000",0.0986,0.01255791
"50312910000",0.0498,0.0145235
"50312920000",0,0.01528789
"50312941000",0.0273,0.01091992
"50312942000",0.0273,0.01179352
"50312950000",0,0.01004633
"50312960000",0,0.00753475
"50312990000",0.0397,0.00655195
"50313013000",0.0097,0.01223032
"50313020000",0.0101,0.00775315
"50313030000",0.0273,0.01157512
"50313050000",0,0.01113832
"50313060000",0.0362,0.01561549
"50313070000",0.0427,0.01004633
"50313090000",0.009,0.00971873
"50313110000",0,0.01168432
"50313120000",0,0.01244871
"50313130000",0,0.00939113
"50313140000",0,0.01670748
"50313150000",0,0.00797154
"50313160000",0,0.00491397
"50313170000",0.0191,0.01987426
"50313180000",0,0.00884514
"50313190000",0,0.00928194
"50313200000",0,0.01332231
"50313210000",0,0.00513236
"50313220000",0,0.01026473
"50313240000",0,0.00567836
"50313250000",0,0.00327598
"50313280000",0,0.00698875
"50313310000",0,0.00720715
"50313320000",0.011,0.00687955
"50313330000",0.011,0.00851754
"50313340000",0.011,0.00425877
"50313360000",0.011,0.00196559
"50313370000",0.011,0.00556916
"50313400000",0.011,0.01976506
"50313410000",0,0.01201192
"50313420000",0,0.00862674
"50313440000",0,0.01102912
"50313450000",0.011,0.00742555
"50313460000",0,0.00283918
"50313470000",0,0.00251158
"50313480000",0,0.00436797
"50313510000",0.0191,0.00240238
"50313520000",0.1879,0.01179352
"50313550000",0,0.01179352
"50313560000",0,0.00917274
"50313570000",0,0.00513236
"50313580000",0,0.00884514
"50313590000",0.011,0.01004633
"50313600000",0,0.00622436
"50313610000",0,0.00622436
"50313620000",0,0.00294838
"50313630000",0,0.00262078
"50313640000",0.011,0.00720715
"50313650000",0,0.00491397
"50313660000",0,0.01539709
"50313670000",0,0.00600596
"50313680000",0,0.00950033
"50313690000",0,0.00950033
"50313700000",0.011,0.00272998
"50313710000",0,0.00480477
"50313720000",0,0.00797154
"50313730000",0.011,0.00731635
"50313740000",0.011,0.01004633
"50313751000",0,0.00666115
"50313752000",0.011,0.00272998
"50313760000",0,0.00993713
"50313770000",0,0.01539709
"50313780000",0,0.00753475
"50313790000",0.0362,0.01517869
"50313800000",0.0088,0.00906354
"50313810000",0,0.00786235
"50313820000",0,0.00644276
"50313830000",0,0.01299471
"50313840000",0,0.00731635
"50313850000",0,0.00655195
"50313860000",0,0.01572469
"50313870000",0,0.01081073
"50313890000",0.0244,0.01081073
"50313901000",0,0.01015553
"50313902000",0.011,0.00447717
"50313910000",0,0.00644276
"50313920000",0,0.00393117
"50313930000",0,0.01070153
"50313940000",0,0.01266711
"50313950000",0,0.01856387
"50313960000",0,0.01212112
"50313970000",0,0.0139775
"50313980000",0.0336,0.00753475
"50313990000",0,0.00469557
"50314000000",0,0.00895434
"50314010000",0,0.01212112
"50314020000",0.0191,0.00950033
"50314030000",0,0.01233951
"50314040000",0,0.01168432
"50314050000",0,0.00917274
"50314060000",0,0.00851754
"50314070000",0,0.00666115
"50314080000",0.0986,0.01070153
"50314090000",0,0.01277631
"50314100000",0,0.00698875
"50314110000",0.0191,0.00731635
"50314120000",0,0.01616149
"50314130000",0,0.00829914
"50314140000",0,0.0149603
"50314150000",0,0.01146592
"50314160000",0,0.00775315
"50314170000",0,0.00884514
"50314180000",0,0.00993713
"50314190000",0.0244,0.00917274
"50314200000",0.0273,0.01026473
"50314210000",0,0.01146592
"50314220000",0,0.01004633
"50314230000",0.0273,0.01190272
"50314240000",0,0.00720715
"50314250000",0,0.00939113
"50314260000",0,0.00851754
"50314280000",0,0.00786235
"50314290000",0,0.00873594
"50314300000",0,0.01113832
"50314310000",0,0.00895434
"50314320000",0.0244,0.00982793
"50314330000",0,0.00960953
"50314340000",0,0.01190272
"50314350000",0,0.01015553
"50314360000",0,0.01070153
"50314370000",0,0.00611516
"50314380000",0,0.00589676
"50314390000",0,0.00818994
"50314400000",0,0.01037393
"50314410000",0,0.01190272
"50314420000",0,0.01113832
"50314430000",0,0.00491397
"50314440000",0,0.01266711
"50314450000",0,0.00960953
"50314460000",0,0.00502317
"50314470000",0.0101,0.00873594
"50314480000",0.0101,0.00502317
"50314490000",0,0.00502317
"50314500000",0,0.00567836
"50314510000",0.0101,0.01648909
"50314520000",0,0.01277631
"50314530000",0.011,0.00698875
"50314540000",0.011,0.01288551
"50314560000",0,0.00698875
"50314580000",0,0.00884514
"50314590000",0,0.00447717
"50314610000",0,0.00556916
"50314620000",0,0.00797154
"50314630000",0.0387,0.01354071
"50314640000",0,0.00545996
"50314650000",0,0.00535076
"50314660000",0,0.00818994
"50314670000",0,0.00655195
"50314680000",0,0.00971873
"50314690000",0,0.00687955
"50314700000",0,0.00436797
"50314710000",0,0.00971873
"50314720000",0,0.00436797
"50314730000",0,0.00349438
"50314740000",0,0.01102912
"50314760000",0,0.00928194
"50314770000",0,0.00709795
"50314780000",0.0191,0.00491397
"50314790000",0,0.0138683
"50314800000",0,0.00971873
"50314820000",0,0.00917274
"50314830000",0,0.01037393
"50314860000",0.0101,0.00818994
"50314880000",0.0101,0.01081073
"50314890000",0.0101,0.00404037
"50314900000",0,0.00917274
"50314920000",0.0149,0.01659828
"50314930000",0.0149,0.01321311
"50314940000",0,0.00873594
"50314950000",0.0244,0.01714428
"50314960000",0.0124,0.0144143
"50314970000",0,0.01146592
"50314980000",0,0.01015553
"50314990000",0.011,0.00950033
"50315000000",0.011,0.00611516
"50315020000",0,0.00764395
"50315030000",0.0101,0.01091992
"50315040000",0.0101,0.00993713
"50315050000",0,0.00829914
"50315060000",0,0.00764395
"50315070000",0,0.00971873
"50315120000",0,0.00993713
"50315130000",0,0.00829914
"50315140000",0,0.01081073
"50315150000",0,0.00753475
"50315190000",0,0.01277631
"50315200000",0,0.00917274
"50315230000",0.1256,0.01605229
"50315240000",0,0.0145235
"50315250000",0,0.01059233
"50315260000",0,0.00971873
"50315270000",0.0994,0.00928194
"50315280000",0.0623,0.00545996
"50315290000",0.0273,0.01135672
"50315350000",0.1256,0.00371277
"50315380000",0.0124,0.01015553
"50315400000",0,0.01201192
"50315410000",0,0.00993713
"50315420000",0,0.00971873
"50315430000",0,0.01364991
"50315440000",0,0.00753475
"50315450000",0,0.01277631
"50315460000",0,0.00917274
"50315480000",0,0.00917274
"50315491000",0,0.02140305
"50315500000",0,0.00917274
"50315520000",0.0273,0.00993713
"50315570000",0,0.00840834
"50315580000",0,0.00633356
"50315591000",0,0.0148511
"50315592000",0,0.00371277
"50315611000",0.0498,0.00797154
"50315612000",0,0.00513236
"50315621000",0.0149,0.00436797
"50315623000",0.1179,0.00469557
"50315631000",0,0.00633356
"50315640000",0,0.01179352
"50316050000",0,0.00720715
"50316060000",0.0299,0.00950033
"50316070000",0,0.01233951
"50316080000",0,0.0139775
"50316090000",0,0.01539709
"50316100000",0,0.01321311
"50316110000",0,0.0140867
"50316120000",0.0164,0.01190272
"50316130000",0.0164,0.01364991
"50316140000",0,0.01364991
"50316150000",0.0164,0.01212112
"50316170000",0,0.01201192
"50316180000",0.0039,0.01070153
"50316190000",0.0046,0.00677035
"50316200000",0.011,0.01987426
"50316210000",0.0415,0.00873594
"50316230000",0,0.0138683
"50316240000",0,0.0138683
"50316250000",0,0.01048313
"50316260000",0,0.01190272
"50316270000",0,0.00884514
"50316280000",0,0.0146327
"50316290000",0.0159,0.01113832
"50316300000",0,0.00884514
"50316310000",0,0.01343151
"50316320000",0,0.00993713
"50316330000",0.0311,0.02194905
"50316340000",0,0.00950033
"50316350000",0,0.01212112
"50316360000",0,0.00950033
"50316370000",0,0.00950033
"50316380000",0,0.01714428
"50316390000",0,0.00950033
"50316400000",0.1694,0.00687955
"50316410000",0,0.0144143
"50316420000",0,0.00491397
"50316430000",0,0.00895434
"50316440000",0,0.01059233
"50316450000",0,0.00425877
"50316460000",0,0.00524156
"50316480000",0,0.01616149
"50316490000",0,0.01135672
"50316500000",0,0.01146592
"50316510000",0,0.01179352
"50316520000",0.011,0.01113832
"50316530000",0.011,0.00982793
"50316540000",0,0.00928194
"50316560000",0,0.01157512
"50316570000",0,0.00971873
"50316580000",0,0.0145235
"50316590000",0,0.01659828
"50316600000",0.004,0.00666115
"50316610000",0,0.01277631
"50316620000",0.0299,0.01703508
"50316630000",0,0.0141959
"50316650000",0,0.01212112
"50316660000",0,0.01255791
"50316670000",0,0.00840834
"50316680000",0.0473,0.00851754
"50316690000",0,0.01048313
"50316710000",0,0.00982793
"50316720000",0,0.00906354
"50316770000",0,0.01004633
"50316780000",0,0.00327598
"50316800000",0.1694,0.00906354
"50316820000",0,0.00928194
"50316830000",0.0114,0.0137591
"50316870000",0.0299,0.01201192
"50316880000",0,0.01168432
"50316890000",0,0.00939113
"50316900000",0.0404,0.00840834
"50316910000",0,0.01113832
"50316920000",0,0.00709795
"50316931000",0,0.00600596
"50316932000",0,0.00349438
"50316960000",0,0.00851754
"50316970000",0,0.00786235
"50316980000",0.0589,0.01004633
"50316990000",0.0589,0.00971873
"50317020000",0,0.01769028
"50317030000",0.0252,0.00709795
"50317090000",0.0583,0.01266711
"50317100000",0.0058,0.01288551
"50317201000",0,0.01037393
"50317202000",0,0.00960953
"50317210000",0,0.00982793
"50317220000",0,0.01157512
"50317230000",0,0.00808074
"50317240000",0,0.00709795
"50317251000",0.011,0.01048313
"50317252000",0.0259,0.00611516
"50317260000",0,0.00939113
"50317271000",0,0.00873594
"50317272000",0.0052,0.00895434
"50317280000",0,0.00950033
"50317290000",0,0.00644276
"50317310000",0,0.01736268
"50317320000",0.011,0.01594309
"50317330000",0,0.01015553
"50317340000",0.0463,0.01659828
"50317350000",0.0164,0.01124752
"50317380000",0.0052,0.0149603
"50317390000",0.0052,0.00797154
"50317400000",0.0058,0.00808074
"50317410000",0.0058,0.00895434
"50317420000",0,0.00677035
"50317430000",0.0058,0.00644276
"50317440000",0.0211,0.00851754
"50317450000",0.0215,0.01856387
"50317460000",0,0.01550629
"50317470000",0.0159,0.01659828
"50317480000",0.0159,0.01102912
"50317490000",0,0.01048313
"50317500000",0.0299,0.01015553
"50317510000",0.0164,0.00960953
"50317520000",0,0.00950033
"50317532000",0,0.0150695
"50317540000",0,0.01321311
"50317550000",0,0.01201192
"50317560000",0,0.0143051
"50317570000",0,0.01212112
"50317580000",0.0078,0.01255791
"50317590000",0.0062,0.00873594
"50317600000",0,0.01321311
"50317610000",0.1041,0.01168432
"50317620000",0.1041,0.01113832
"50317630000",0.0038,0.00786235
"50317640000",0.0062,0.01168432
"50317660000",0,0.00818994
"50317670000",0,0.00502317
"50317680000",0,0.00906354
"50317691000",0,0.00884514
"50317692000",0,0.00349438
"50317700000",0,0.00502317
"50317710000",0,0.01201192
"50317721000",0,0.00906354
"50317722000",0,0.00272998
"50317723000",0,0.00382197
"50317730000",0,0.01113832
"50317740000",0,0.01015553
"50317750000",0,0.01659828
"50317760000",0.0404,0.0149603
"50317770000",0,0.00589676
"50317781000",0,0.00829914
"50317782000",0,0.00895434
"50317790000",0,0.00425877
"50317800000",0,0.00720715
"50317810000",0,0.00469557
"50317820000",0,0.01266711
"50317830000",0,0.01212112
"50317840000",0,0.00873594
"50317850000",0,0.01168432
"50317860000",0,0.01266711
"50317870000",0.1506,0.00491397
"50317880000",0.0281,0.00709795
"50317890000",0.0259,0.00818994
"50317900000",0.0305,0.00709795
"50317910000",0.0061,0.00982793
"50317920000",0.0242,0.00720715
"50317930000",0.016,0.01157512
"50317940000",0.0242,0.00818994
"50317950000",0.1483,0.00829914
"50317960000",0.0343,0.00731635
"50317970000",0.0282,0.01714428
"50317980000",0.0343,0.01157512
"50317990000",0.0297,0.0140867
"50318010000",0,0.01070153
"50318020000",0,0.01266711
"50318030000",0,0.02052946
"50318040000",0.0082,0.0148511
"50318050000",0,0.0139775
"50318062000",0,0.0141959
"50318070000",0,0.00895434
"50318080000",0.0676,0.01212112
"50318090000",0,0.01048313
"50318100000",0,0.00906354
"50318110000",0.0676,0.00950033
"50318140000",0.0676,0.00764395
"50318150000",0.0676,0.00917274
"50318160000",0,0.00338518
"50318170000",0,0.01539709
"50318180000",0.0404,0.01364991
"50318190000",0.0404,0.01790868
"50318210000",0,0.00917274
"50318220000",0,0.00775315
"50318230000",0,0.01113832
"50318240000",0,0.0145235
"50318250000",0,0.01670748
"50318260000",0,0.01015553
"50318270000",0,0.01212112
"50318280000",0,0.00535076
"50318290000",0,0.01135672
"50318300000",0.0987,0.00928194
"50318310000",0.0987,0.00829914
"50318330000",0,0.00808074
"50318340000",0,0.01233951
"50318360000",0.0975,0.00797154
"50318370000",0,0.01801788
"50318380000",0,0.01779948
"50318390000",0.0182,0.01364991
"50318400000",0,0.00644276
"50318410000",0,0.01244871
"50318420000",0,0.01081073
"50318430000",0,0.00939113
"50318440000",0,0.01070153
"50318451000",0,0.00764395
"50318452000",0,0.01616149
"50318460000",0,0.01201192
"50318470000",0,0.00884514
"50318480000",0,0.01179352
"50318490000",0,0.01223032
"50318500000",0,0.00928194
"50318510000",0,0.00371277
"50318520000",0,0.00917274
"50318530000",0,0.00731635
"50318540000",0,0.01266711
"50318550000",0,0.00950033
"50318560000",0,0.00786235
"50318570000",0,0.01157512
"50318580000",0,0.00513236
"50318590000",0,0.01059233
"50318600000",0,0.01124752
"50318610000",0,0.00677035
"50318620000",0,0.00262078
"50318630000",0,0.00753475
"50318640000",0,0.01113832
"50318650000",0,0.00884514
"50318660000",0,0.00928194
"50318670000",0,0.01048313
"50318680000",0,0.00840834
"50318690000",0,0.01703508
"50318702000",0,0.00687955
"50318716000",0,0.00360358
"50318730000",0.0589,0.00567836
"50318740000",0,0.00207479
"50318750000",0,0.00622436
"50318770000",0,0.01113832
"50318780000",0,0.00633356
"50318790000",0,0.00272998
"50318800000",0,0.00480477
"50318810000",0,0.00382197
"50318820000",0,0.00971873
"50318830000",0,0.00709795
"50318840000",0.1066,0.02009266
"50318850000",0.1066,0.00928194
"50318870000",0,0.01070153
"50318880000",0,0.01212112
"50318890000",0.0664,0.00567836
"50318900000",0,0.00928194
"50318910000",0.0664,0.00316678
"50318921000",0.0664,0.00272998
"50318922000",0.0664,0.00316678
"50318930000",0.0846,0.02315024
"50318940000",0.0182,0.00742555
"50318950000",0.0182,0.00731635
"50318960000",0,0.00906354
"50318970000",0,0.00545996
"50318980000",0,0.00797154
"50318990000",0,0.00644276
"50319000000",0,0.00611516
"50319010000",0,0.00851754
"50319020000",0,0.00425877
"50319031000",0,0.00382197
"50319032000",0,0.00152879
"50319040000",0,0.00731635
"50319080000",0,0.00535076
"50319090000",0.0503,0.00709795
"50319100000",0.0503,0.00633356
"50319110000",0.0503,0.00556916
"50319120000",0.0976,0.00797154
"50319130000",0.0321,0.00316678
"50319141000",0.0321,0.00698875
"50319142000",0.0321,0.01288551
"50319151000",0.0082,0.00829914
"50319160000",0,0.01769028
"50319172000",0,0.00251158
"50319173000",0,0.00633356
"50319180000",0,0.00567836
"50319190000",0.0655,0.01244871
"50319200000",0,0.01059233
"50319221000",0.0082,0.00371277
"50319222000",0.0082,0.02577102
"50319223000",0,0.00120119
"50319230000",0.0082,0.01124752
"50319240000",0.0082,0.00262078
"50319260000",0,0.00993713
"50319280000",0.0082,0.00993713
"50319291000",0.0737,0.01081073
"50319292000",0.0737,0.02118465
"50319350000",0.0082,0.00611516
"50319361000",0.0082,0.00840834
"50319362000",0,0.00414957
"50319373000",0,0.02085706
"50319374000",0.0162,0.01124752
"50319390000",0,0.01037393
"50319420000",0.0252,0.00611516
"50319480000",0,0.00600596
"50319490000",0,0.01157512
"50319500000",0.0076,0.01059233
"50319510000",0,0.00928194
"50319540000",0.0252,0.00338518
"50319550000",0.0252,0.00960953
"50319563000",0,0.01266711
"50319572000",0.0888,0.00742555
"50319590000",0.0076,0.00469557
"50319600000",0.0165,0.00425877
"50319610000",0.0076,0.00731635
"50319620000",0.0165,0.01081073
"50319630000",0.0165,0.00425877
"50319660000",0.0165,0.00655195
"50319670000",0.0165,0.01364991
"50319680000",0.0165,0.01070153
"50319720000",0.0888,0.00633356
"50319732000",0,0.01059233
"50319740000",0,0.00895434
"50319750000",0.0089,0.0141959
"50319760000",0.0089,0.00742555
"50319770000",0,0.01015553
"50319780000",0,0.00589676
"50319790000",0.0236,0.00480477
"50319800000",0.0236,0.01299471
"50319810000",0,0.01310391
"50319820000",0.0236,0.00404037
"50319830000",0.0236,0.00644276
"50319840000",0.0236,0.00414957
"50319850000",0.0574,0.01212112
"50319890000",0.0259,0.00655195
"50319900000",0.016,0.02216745
"50319911000",0,0.00349438
"50319912000",0,0
"50319913000",0,0.00950033
"50319914000",0,0.00218398
"50319915000",0,0.00087359
"50319920000",0.0975,0.00939113
"50319930000",0,0.00469557
"50319946000",0,0.00600596
"50319950000",0,0.00513236
"50319960000",0.0299,0.01637989
"50357400000",0,0.01288551
"50357450000",0,0.02609862
"50357740000",0,0.02162145
"50357760000",0,0.02489743
"50390570000",0,0.0143051
"50391428800",0.0145,0.01758108
"50391431400",0,0.01299471
"50391431600",0,0.0428061
"50391432200",0,0.00742555
"50391433500",0,0.00305758
"50391433700",0.0716,0.0144143
"50391433800",0,0.01823627
"50391434500",0.0101,0.01179352
"50391435300",0,0.0143051
"50391435500",0.0075,0.00862674
"50391435900",0,0.01539709
"50391436300",0,0.01321311
"50391436400",0,0.0140867
"50391436600",0.0105,0.0143051
"50391437100",0.0748,0.00731635
"50391438200",0.0162,0.00742555
"50391438300",0.0162,0.01015553
"50391438700",0.0374,0.00895434
"50391438800",0.0292,0.01299471
"50391440100",0,0.00677035
"50391440600",0.0058,0.00971873
"50391441200",0,0.00731635
"50391441500",0,0.01343151
"50391442700",0,0.00884514
"50391443600",0,0.01321311
"50391443700",0.0194,0.02129385
"50391443800",0,0.00764395
"50391444700",0,0.0150695
"50391445700",0,0.01201192
"50391447200",0,0.00939113
"50391447300",0.0092,0.0148511
"50391448200",0.0297,0.00535076
"50391448300",0,0.00709795
"50391449000",0,0.01670748
"50391449800",0,0.00524156
"50391450000",0,0
"50391450500",0,0.01223032
"50391452600",0,0.01212112
"50391452800",0,0.0141959
"50391453700",0.0066,0.00917274
"50391453800",0,0.01048313
"50391454900",0,0.01244871
"50391455200",0,0.00382197
"50391455300",0.0143,0.01244871
"50391456000",0.0546,0.01878227
"50391456100",0,0.00764395
"50391457900",0.0172,0.01255791
"50391459100",0.0252,0.02664462
"50391459500",0.0107,0.00818994
"50391463300",0.0396,0.00840834
"50391464000",0,0.01900067
"50391464400",0.0167,0.01070153
"50391465500",0.0111,0.00939113
"50391465700",0.016,0.00862674
"50391466900",0.0872,0.00644276
"50391467100",0.0367,0.00818994
"50391467600",0.0113,0.01179352
"50391468600",0.0302,0.01037393
"50391468900",0,0.00677035
"50391469000",0.0144,0.00589676
"50391469100",0,0.01015553
"50391469200",0,0.00709795
"50391469300",0,0.0144143
"50391469400",0,0.00808074
"50391471000",0.0072,0.01517869
"50391471200",0.0505,0.0148511
"50391472800",0,0.00939113
"50391473300",0,0.00851754
"50391473400",0,0.01015553
"50391473700",0,0.01179352
"50391473800",0,0.00720715
"50391473900",0.011,0.01550629
"50391474100",0,0.01288551
"50391474300",0.0669,0.00775315
"50391474400",0.0326,0.00633356
"50391475600",0,0.01364991
"50391475900",0,0.01015553
"50391476100",0,0.02173065
"50391476200",0,0.01343151
"50391476800",0,0.01321311
"50391476900",0.0168,0.00633356
"50391477100",0.0062,0.00775315
"50391477500",0,0.0139775
"50391477800",0.0251,0.00851754
"50391478200",0.0252,0.00993713
"50391478800",0,0.00283918
"50391479100",0,0.00294838
"50391479700",0,0.01244871
"50391479800",0,0.01212112
"50391480100",0,0.01004633
"50391480300",0,0.00655195
"50391480400",0,0.00502317
"50391480500",0.0105,0.00720715
"50391480600",0.0105,0.00644276
"50391480700",0.0776,0.00895434
"50391480800",0,0.00578756
"50391480900",0,0.01364991
"50391481100",0,0.00589676
"50391481200",0,0.00950033
"50391481600",0,0.00491397
"50391482800",0.0888,0.00808074
"50391483700",0,0.00939113
"50391483800",0,0.01616149
"50391484600",0.0331,0.01244871
"50391485300",0,0.00436797
"50391485400",0.0155,0.00655195
"50391485500",0,0.00152879
"50391485600",0,0.01059233
"50391486500",0,0.00917274
"50391487200",0,0.01113832
"50391487500",0,0.0147419
"50391487900",0,0.00818994
"50391488400",0,0.00917274
"50391489700",0,0.00371277
"50391490100",0,0.00917274
"50391490200",0.2314,0.00578756
"50391490600",0,0.01594309
"50391490800",0.0435,0.0146327
"50391492400",0,0.00545996
"50391493400",0,0.0137591
"50391493700",0.0162,0.01616149
"50391493800",0.0701,0.01190272
"50391494900",0,0.01081073
"50391495400",0,0.01037393
"50391498700",0,0.00666115
"50391498800",0,0.00731635
"50391499100",0,0.00764395
"50391499700",0,0.01747188
"50391500400",0,0.00873594
"50391500500",0,0.01310391
"50391502300",0.045,0.00720715
"50391503300",0.0262,0.00677035
"50391503900",0.0251,0.00818994
"50391504700",0,0.00895434
"50391504800",0,0.00556916
"50391506600",0,0.00720715
"50391507600",0,0.00709795
"50391509300",0,0.00709795
"50391510200",0,0.00775315
"50391510300",0,0.01102912
"50391510400",0.1225,0.00939113
"50391512100",0,0.00939113
"50391512200",0.0172,0.00535076
"50391512500",0.0233,0.00687955
"50391512600",0.0188,0.00862674
"50391512700",0.0188,0.00818994
"50391513400",0.1128,0.01998346
"50391513500",0,0.01987426
"50391514100",0,0.01364991
"50391516400",0,0.01059233
"50391516500",0,0.00393117
"50391516600",0,0.00786235
"50391517100",0,0.00545996
"50391517300",0,0.01146592
"50391517400",0,0.00862674
"50391517500",0.0111,0
"50391517600",0.0294,0.00982793
"50391517700",0,0.00382197
"50391517900",0.0607,0.00851754
"50391518300",0,0.02555262
"50391518400",0,0.01987426
"50391518600",0,0.0144143
"50391519100",0,0.01561549
"50391519200",0.0421,0.01124752
"50391519300",0,0.02052946
"50391519800",0,0.00862674
"50391520500",0,0.01255791
"50391520800",0,0.01517869
"50391520900",0,0.00698875
"50391521700",0.0072,0.01266711
"50391521800",0,0.01561549
"50391522400",0.0421,0.01703508
"50391522600",0.0129,0.00971873
"50391522700",0.0327,0.00971873
"50391524700",0,0.01670748
"50391525300",0,0.00982793
"50391525400",0,0.0137591
"50391526300",0,0.01954666
"50391527400",0.0106,0.0138683
"50391527500",0,0.01725348
"50391529200",0,0.01299471
"50391530200",0,0.00305758
"50391530300",0.0668,0.00502317
"50391532200",0.0128,0.00862674
"50391535100",0,0.00884514
"50391535300",0.0066,0.01364991
"50391535700",0,0.01244871
"50391535800",0.0154,0.00851754
"50391535900",0.0348,0.00797154
"50391536000",0.0035,0.01113832
"50391536500",0,0.00513236
"50391536600",0.0305,0.00535076
"50391536900",0,0.0148511
"50391537300",0,0.01212112
"50391537400",0,0.01048313
"50391540100",0,0.01190272
"50391540200",0,0.00829914
"50391540300",0.0503,0.00687955
"50391542200",0.0505,0.01703508
"50391542700",0,0.00709795
"50391543400",0.0239,0.01550629
"50391543500",0.0375,0.00742555
"50391544100",0,0.02391463
"50391544200",0,0.0138683
"50391545000",0.0088,0.01517869
"50391545400",0.0264,0.01135672
"50391546100",0,0.01004633
"50391546800",0,0.00840834
"50391546900",0,0.00786235
"50391547200",0.0051,0.0148511
"50391548400",0,0.01572469
"50391548600",0.0188,0.01354071
"50391548700",0.0188,0.00917274
"50391548800",0,0.00808074
"50391549000",0.0252,0.0139775
"50391549600",0,0.00666115
"50391550700",0,0.01157512
"50391552100",0,0.01277631
"50391552500",0,0.0138683
"50391552600",0,0.01648909
"50391554200",0,0.00524156
"50391554300",0.006,0.01059233
"50391554600",0,0.00818994
"50391555000",0,0.00786235
"50391555100",0,0.01124752
"50391556100",0,0.0145235
"50391556900",0,0.00971873
"50391557200",0,0.01648909
"50391558000",0.0168,0.00087359
"50391558100",0,0.01572469
"50391558500",0,0.01364991
"50391559600",0.0128,0.01692588
"50391562000",0.0327,0.01233951
"50391562100",0,0.00840834
"50391563300",0,0.01659828
"50391563400",0,0.00458637
"50391563500",0.0294,0.00950033
"50391564200",0.0118,0.00371277
"50391564400",0,0.00404037
"50391564500",0,0.01070153
"50391565600",0.0111,0.01594309
"50391565700",0.043,0.0146327
"50391565800",0.043,0.01091992
"50391566000",0.0083,0.00677035
"50391566100",0,0.01255791
"50391567100",0.0141,0.01168432
"50391568300",0.0182,0.01124752
"50391568400",0.0501,0.00742555
"50391570000",0,0.01004633
"50391570100",0,0.00098279
"50391570200",0,0.00873594
"50391570800",0,0.00971873
"50391570900",0,0.00884514
"50391571100",0,0.00873594
"50391571200",0,0.00797154
"50391573100",0.0182,0.00993713
"50391574500",0.0182,0.01102912
"50391574600",0.0182,0.01081073
"50391575100",0,0.01081073
"50391575400",0,0.01190272
"50391575500",0,0.00884514
"50391575600",0,0.00982793
"50391575900",0,0.01627069
"50391576300",0.0143,0.00283918
"50391578000",0,0.01299471
"50391578200",0,0.0143051
"50391578300",0,0.01703508
"50391578700",0.0089,0.00764395
"50391579800",0,0.00447717
"50391579900",0,0.00742555
"50391580500",0.0144,0.00818994
"50391582800",0,0.01244871
"50391582900",0,0.01354071
"50391583200",0.0187,0.00808074
"50391583800",0.011,0.00895434
"50391584100",0.0118,0.00600596
"50391584400",0,0.01102912
"50391584800",0,0.00993713
"50391584900",0.0094,0.01015553
"50391585100",0,0.00906354
"50391586000",0.0207,0.01233951
"50391586400",0,0.01135672
"50391586500",0,0.0146327
"50391586600",0,0.01769028
"50391587400",0.0086,0.00764395
"50391587500",0,0.00196559
"50391587700",0,0.00960953
"50391587800",0,0.01113832
"50391588800",0.0142,0.00644276
"50391588900",0,0.00709795
"50391589000",0,0.01091992
"50391589100",0.0789,0.00818994
"50391589400",0,0.00775315
"50391590100",0,0.02173065
"50391590200",0,0.0143051
"50391590300",0.0187,0.01965586
"50391590400",0,0.00786235
"50391590700",0.0396,0.00895434
"50391591000",0.0117,0.01627069
"50391592000",0.0147,0.00578756
"50391592300",0.011,0.00709795
"50391592400",0,0.00589676
"50391593200",0.0094,0.00960953
"50391593400",0,0.01354071
"50391593500",0,0.00829914
"50391593600",0.0149,0.00698875
"50391594200",0.009,0.01157512
"50391594300",0.0091,0.00829914
"50391594600",0,0.00993713
"50391595600",0,0.01102912
"50391595700",0,0.01190272
"50391595800",0,0.00960953
"50391596600",0,0.00895434
"50391596800",0,0.01201192
"50391598300",0.0182,0.00556916
"50391598500",0,0.00818994
"50391598800",0,0.01037393
"50391598900",0,0.00917274
"50391599000",0,0.00698875
"50391599300",0,0.01190272
"50391599400",0,0.00895434
"50391599900",0.0137,0.00939113
"50391600200",0,0.00535076
"50391601200",0,0.00818994
"50391601800",0,0.0138683
"50391601900",0,0.00960953
"50391602500",0,0.00884514
"50391603300",0,0.01627069
"50391603700",0,0.01725348
"50391604700",0,0.00950033
"50391604800",0,0.00666115
"50391605400",0,0.00240238
"50391605500",0.0128,0.00174719
"50391607500",0.0105,0.00666115
"50391607600",0,0.00971873
"50391608000",0.0264,0.01037393
"50391609200",0,0.00797154
"50391609800",0,0.00436797
"50391609900",0.0264,0.01223032
"50391610100",0,0.0143051
"50391610200",0,0.01157512
"50391610800",0,0.00775315
"50391610900",0,0.01648909
"50391611100",0.0398,0.01190272
"50391611200",0,0.00502317
"50391611300",0,0.01288551
"50391611400",0.0226,0.00818994
"50391611500",0.0226,0.00950033
"50391612000",0.1538,0.00862674
"50391612100",0,0.01266711
"50391612200",0,0.00556916
"50391613300",0.009,0.00775315
"50391613700",0,0.00982793
"50391614000",0,0.01364991
"50391614100",0,0.00786235
"50391614400",0,0.00851754
"50391614500",0.0129,0.00786235
"50391615100",0,0.02598942
"50391615300",0,0.00644276
"50391615400",0,0.00939113
"50391616700",0,0.00993713
"50391616800",0,0.00950033
"50391617000",0,0.00960953
"50391617500",0,0.00818994
"50391617700",0,0.00786235
"50391618200",0,0.00731635
"50391618700",0,0.02631702
"50391618800",0,0.00851754
"50391618900",0,0.00950033
"50391619700",0,0.00818994
"50391619800",0,0.01059233
"50391620100",0,0.00939113
"50391620900",0,0.00797154
"50391621400",0,0.01004633
"50391621600",0.0298,0
"50391622200",0,0.00644276
"50391622400",0,0.01255791
"50391623800",0.0458,0.00545996
"50391623900",0,0.00677035
"50391624000",0.0127,0.01059233
"50391624100",0,0.00502317
"50391625500",0.0147,0.00687955
"50391627000",0,0.01266711
"50391627400",0,0.0139775
"50391627800",0,0.00535076
"50391627900",0,0.00687955
"50391629000",0.0358,0.01201192
"50391629100",0.0568,0.00775315
"50391629200",0,0.01015553
"50391629300",0,0.01233951
"50391630800",0.006,0.01081073
"50391632400",0,0.01168432
"50391632500",0,0.01627069
"50391633400",0,0.00960953
"50391634900",0,0.01081073
"50391635100",0,0.00928194
"50391635400",0.0546,0.00982793
"50391635700",0.0223,0.01670748
"50391636300",0.0726,0.00960953
"50391636400",0,0.00611516
"50391637700",0,0.01834547
"50391638500",0,0.01026473
"50391639500",0.0141,0.00687955
"50391639900",0,0.00163799
"50391640800",0.006,0.00666115
"50391640900",0.006,0.00950033
"50391642600",0.1725,0.00873594
"50391644100",0,0.00939113
"50391644200",0,0.00731635
"50391644300",0,0.00873594
"50391646300",0,0.0143051
"50391646500",0,0.00775315
"50391646900",0,0.00862674
"50391647100",0.0317,0.01037393
"50391647400",0,0.01091992
"50391648200",0,0.00917274
"50391648600",0.0626,0.00567836
"50391648800",0,0.01233951
"50391649600",0,0.0138683
"50391649800",0.0306,0.00753475
"50391649900",0.043,0.01113832
"50391650000",0,0.00731635
"50391651000",0,0.00753475
"50391651100",0.0326,0.00764395
"50391651700",0,0.00862674
"50391652300",0.208,0.03079419
"50391652400",0.1849,0.00851754
"50391653200",0,0.00808074
"50391653300",0,0.00829914
"50391654700",0,0.00425877
"50391656000",0,0.0138683
"50391656100",0.0169,0.00917274
"50391656700",0.1799,0.00207479
"50391658000",0,0.02151225
"50391658100",0,0.03177698
"50391659500",0,0.01102912
"50391661100",0,0.01091992
"50391661400",0,0.01561549
"50391663200",0.0679,0.00862674
"50391664200",0,0.00840834
"50391666000",0.0035,0.00775315
"50391666100",0.0111,0.00196559
"50391666400",0,0.01648909
"50391666500",0.0128,0.01812707
"50391667200",0,0.01048313
"50391667700",0,0.00993713
"50391668400",0,0.01583389
"50391668500",0,0.01201192
"50391668800",0,0.01561549
"50391669200",0,0.00578756
"50391669700",0,0.01124752
"50391669800",0.0373,0.0145235
"50391670100",0.0142,0.00360358
"50391672300",0,0.01790868
"50391672800",0.0064,0.00753475
"50391674500",0.0292,0.00305758
"50391676900",0.0334,0.01812707
"50391677500",0,0.00753475
"50391677800",0.0252,0.01747188
"50391678000",0,0.03363337
"50391678200",0,0.00840834
"50391678300",0.0221,0.02063866
"50391680600",0,0.0288286
"50391681500",0.0477,0.01091992
"50391682500",0.0075,0.00600596
"50391684100",0,0.00775315
"50391684200",0,0.01550629
"50391684300",0,0.00982793
"50391686100",0,0.02413303
"50391687200",0,0.01168432
"50391687400",0,0.01201192
"50391687500",0.0194,0.00775315
"50391689300",0,0.00928194
"50391689700",0,0.01037393
"50391691500",0.0297,0.00982793
"50391691900",0,0.00862674
"50391693600",0.054,0.00502317
"50391694000",0,0.01670748
"50391694600",0,0.00775315
"50391694700",0,0.01550629
"50391696300",0,0.01135672
"50391696500",0,0.02205825
"50391696600",0,0.01091992
"50391697100",0.006,0.01124752
"50391698600",0,0.00491397
"50391704700",0.1372,0.00589676
"50391704800",0,0.00349438
"50391705500",0,0.00633356
"50391705600",0,0.0149603
"50391705700",0,0.00698875
"50391705800",0,0.01091992
"50391706000",0,0.01266711
"50391706100",0,0.0147419
"50391706400",0,0.00917274
"50391706500",0.0144,0.00971873
"50391707000",0,0.00666115
"50391707700",0.1103,0.00611516
"50391707900",0.0194,0.00556916
"50391708000",0,0.0148511
"50391708300",0,0.00687955
"50391708400",0,0.00939113
"50391708500",0,0.01102912
"50391709800",0,0.00993713
"50391709900",0.0532,0.01015553
"50391711000",0,0.00731635
"50391711100",0.0066,0.00950033
"50391711400",0,0.00917274
"50391712100",0,0.00808074
"50391712900",0.0273,0.01900067
"50391713000",0.1349,0.00753475
"50391713600",0,0.02042026
"50391715300",0.0273,0.00829914
"50391715900",0.0076,0.00720715
"50391716000",0,0.00808074
"50391716400",0,0.01354071
"50391717100",0.0095,0.00982793
"50391717600",0,0.01026473
"50391717700",0,0.02052946
"50391717800",0,0.0140867
"50391717900",0.0054,0.00764395
"50391719400",0,0.01004633
"50391719600",0,0.00862674
"50391720400",0.0088,0.00950033
"50391720700",0.035,0.00982793
"50391721400",0,0.0006552
"50391721700",0.0838,0.00414957
"50391722400",0.0142,0.00687955
"50391724600",0.0543,0.00786235
"50391727200",0,0.00928194
"50391733900",0,0.00578756
"50391735100",0.0768,0.01528789
"50391741200",0,0.00556916
"50391742400",0.098,0
"50391742600",0.035,0.00600596
"50391742800",0,0.01310391
"50391743800",0,0.00349438
"50391746400",0.1725,0.01889147
"50391746500",0.1725,0.02609862
"50391747800",0,0.02522503
"50391748100",0,0.02085706
"50391748200",0,0.0288286
"50391748400",0.0748,0.01004633
"50391748500",0.0252,0.00797154
"50391748600",0.0172,0.00578756
"50391748700",0,0.01015553
"50391748800",0,0.00928194
"50391748900",0,0.01834547
"50391749700",0.1725,0.02052946
"50391749800",0,0.01747188
"50391749900",0,0.00917274
"50391750200",0,0.0137591
"50391751600",0,0.01801788
"50391751700",0,0.0004368
"50391759700",0,0.01059233
"50391767500",0,0.02271344
"50391767600",0,0.03887493
"50391768500",0.0076,0.01048313
"50391768600",0.0754,0.02063866
"50391770200",0.0252,0.0146327
"50391775500",0,0.01343151
"50391782800",0,0.00971873
"50391791600",0,0.01048313
"50391791700",0,0.01124752
"50391791800",0,0.01212112
"50391792600",0,0.01004633
"50391792800",0,0.00971873
"50391792900",0,0.00982793
"50391794600",0,0.01190272
"50391795200",0,0.01616149
"50391795300",0,0.01102912
"50391795700",0,0.00971873
"50391795800",0,0.0146327
"50391796100",0.0372,0.01736268
"50391796200",0,0.02304104
"50391796300",0,0.01878227
"50391796400",0,0.01201192
"50391796500",0.0128,0.01212112
"50391796600",0,0.00928194
"50391796800",0.0128,0.01146592
"50391796900",0.0922,0.01266711
"50391797200",0.0371,0.01627069
"50391797300",0,0.00950033
"50391798800",0,0.0150695
"50391798900",0,0.05885839
"50391799000",0,0.00152879
"50391799200",0,0.01015553
"50391799300",0.0397,0.01113832
"50391799400",0.0141,0.00862674
"50391799500",0.0158,0.00229318
"50391800400",0,0.01157512
"50391800500",0,0.00775315
"50391800600",0,0.0147419
"50391800700",0,0.01212112
"50391800800",0.0126,0.00928194
"50391800900",0.0593,0.00720715
"50391801000",0.046,0.00982793
"50391801100",0,0.01135672
"50391801200",0,0.01157512
"50391801700",0.0082,0.01637989
"50391801800",0.0154,0.00873594
"50391803700",0,0.00840834
"50391807100",0,0.00720715
"50391808800",0,0.0141959
"50391808900",0.011,0.01179352
"50391809000",0,0.00349438
"50391809100",0.0134,0
"50391809700",0.0938,0.01878227
"50391812300",0,0.0146327
"50391812400",0.0059,0.01266711
"50391813900",0.008,0.00950033
"50391814000",0.008,0.01135672
"50391821000",0.0415,0.01681668
"50391821100",0,0.01223032
"50391821200",0,0.00960953
"50391821300",0.0488,0.01332231
"50391821400",0,0.01364991
"50391822000",0,0.01288551
"50391822100",0.0207,0.01091992
"50391822200",0,0.00939113
"50391822300",0.043,0.00687955
"50391822400",0.043,0.00840834
"50391822500",0.0409,0.00698875
"50391822900",0.0124,0.01561549
"50391824900",0,0.01168432
"50391831400",0,0.00742555
"50391832700",0.0151,0.00753475
"50391832800",0,0.00775315
"50391832900",0,0.00502317
"50391833000",0,0.00960953
"50391833100",0,0.00753475
"50391833200",0,0.01113832
"50391834000",0,0.00906354
"50391834800",0.0095,0.00818994
"50391834900",0,0.00829914
"50391835000",0.0129,0.00720715
"50391835100",0.0101,0.00982793
"50391835200",0.0101,0.01113832
"50391835300",0.0207,0.00764395
"50391835400",0.0129,0.00731635
"50391835900",0.0261,0.00928194
"50391836700",0.0129,0.00960953
"50391836800",0,0.00873594
"50391836900",0,0.00873594
"50391837000",0,0.00971873
"50391841600",0,0.01135672
"50391843300",0,0.01299471
"50391843400",0,0.01026473
"50391845300",0.0301,0
"50391848000",0,0
"50391855300",0,0.00622436
"50391856200",0.0059,0.01223032
"50391856300",0.0117,0.01070153
"50391857200",0,0.00349438
"50391860100",0.0326,0.00862674
"50391861400",0,0.01124752
"50391861500",0,0.00797154
"50391861600",0,0.00677035
"50391861700",0.0326,0.00698875
"50391861800",0,0.01004633
"50391861900",0,0.01637989
"50391862000",0,0.01594309
"50391863300",0,0.00709795
"50391863400",0.0568,0.00720715
"50391863500",0,0.00720715
"50391863600",0,0.01059233
"50391863700",0,0.00414957
"50391863800",0,0.01954666
"50391863900",0,0.01266711
"50391864000",0,0.01900067
"50391865200",0.1925,0.01037393
"50391866100",0,0.00666115
"50391866300",0,0.00360358
"50391866400",0,0.00873594
"50391866500",0,0.00687955
"50391866800",0.0225,0.00840834
"50391866900",0.0225,0.00655195
"50391867000",0.0297,0.00251158
"50391867100",0.0239,0.00862674
"50391867300",0,0.0140867
"50391867400",0.0147,0.00622436
"50391875600",0.0075,0.00786235
"50391883700",0,0.01332231
"50391884200",0,0.00655195
"50391884300",0,0.00884514
"50391884400",0.0682,0.01299471
"50391884700",0.011,0.00349438
"50391886900",0,0.00873594
"50391887000",0.0093,0.00272998
"50391898800",0.0668,0.0150695
"50391906200",0,0.00928194
"50391906300",0.0167,0.00709795
"50391906400",0,0.00851754
"50391906500",0,0.00677035
"50391906600",0.0726,0.00611516
"50391907100",0,0.00993713
"50391907200",0.0144,0.00993713
"50391907700",0,0.00720715
"50391907800",0.1006,0.00174719
"50391914600",0,0.00829914
"50391915400",0,0.00556916
"50391915700",0,0.00687955
"50391915800",0,0.01168432
"50391916000",0,0.02380544
"50391917700",0.0169,0.01277631
"50391917800",0.0169,0.00797154
"50391917900",0,0.01223032
"50391918000",0.0169,0.01113832
"50391918400",0,0.00742555
"50391918500",0,0.0144143
"50391918600",0,0.00873594
"50391918700",0,0.00513236
"50391919600",0,0.00677035
"50391919700",0,0.00928194
"50391919800",0.1349,0.00644276
"50391919900",0,0.00982793
"50391920700",0,0.01004633
"50391924800",0,0.00917274
"50391925000",0,0.00753475
"50391925300",0.0101,0.00709795
"50391928800",0,0.00873594
"50391929600",0.0142,0.00371277
"50391930300",0.0172,0.00687955
"50391932100",0,0.00982793
"50391932200",0.0167,0.01550629
"50391932800",0,0.01769028
"50391937800",0.0346,0.01310391
"50391939500",0,0.01867307
"50391940700",0,0.00720715
"50391941400",0,0.01037393
"50391942300",0,0.0139775
"50391945000",0.0496,0.00917274
"50391946700",0,0.01081073
"50391946900",0,0.01627069
"50391947000",0,0.01288551
"50391947900",0.0751,0.00152879
"50391949000",0,0.00742555
"50391950000",0.0065,0.03090339
"50391950700",0,0.00960953
"50391950900",0,0.00709795
"50391951200",0,0.01637989
"50391951800",0,0.00622436
"50391951900",0,0.00677035
"50391952500",0,0.00753475
"50391952600",0.0074,0.00491397
"50391953400",0,0.00840834
"50391954200",0.0041,0.01976506
"50391954400",0,0.00982793
"50391957300",0,0.01299471
"50391958000",0.0147,0.01048313
"50391958500",0.0092,0.00840834
"50391958800",0.0195,0.00818994
"50391959100",0.0082,0.01616149
"50391959800",0.0421,0.00731635
"50391960000",0.0054,0.01102912
"50391960400",0.0115,0.00950033
"50391960700",0,0.02304104
"50391960900",0.0262,0.00709795
"50391964300",0,0.01277631
"50391965200",0.0124,0.00185639
"50391966800",0.0173,0.00939113
"50391969500",0,0.00731635
"50391972100",0.0094,0.00993713
"50391972200",0,0.00731635
"50391972300",0.0127,0.00797154
"50391972900",0,0.01736268
"50391973000",0.006,0.01758108
"50391973200",0,0.00687955
"50391973700",0.0292,0.00971873
"50391974400",0,0.01255791
"50391975600",0.0559,0.00655195
"50391975800",0.011,0.01102912
"50391978400",0,0.01201192
"50391979100",0.0336,0.01288551
"50391980100",0.0089,0.00709795
"50391981100",0,0.00917274
"50391981200",0.0584,0.01288551
"50391981500",0.0118,0.00928194
"50391981600",0.0229,0.00458637
"50391982000",0,0.00600596
"50391982500",0.0334,0.00818994
"50391982600",0.0059,0.01157512
"50391982800",0,0.00742555
"50391983700",0,0.01190272
"50391984100",0,0.00720715
"50391984700",0,0.01070153
"50391985900",0.006,0.00862674
"50391986500",0.0137,0.00655195
"50391987600",0,0.00928194
"50391989100",0,0.01004633
"50391989400",0,0.01135672
"50391990400",0,0.00720715
"50391991100",0,0.01004633
"50391991500",0.0135,0.01179352
"50391991600",0,0.00960953
"50391991800",0.0155,0.00589676
"50391992400",0,0.00600596
"50391994600",0.0147,0.01026473
"50391995500",0.042,0.00993713
"50391997200",0,0.00928194
"50391998200",0,0.00950033
"50392001100",0.0182,0.01747188
"50392001700",0.0377,0.01015553
"50392002900",0.0035,0.00742555
"50392003500",0.043,0.00764395
"50392004600",0,0.02096625
"50392005000",0,0.03210458
"50392006100",0.0386,0.01321311
"50392007700",0.2338,0.00327598
"50392007800",0.0292,0.0150695
"50392009100",0,0.01081073
"50392010900",0,0.02260424
"50392012000",0,0.03090339
"50392012200",0.0231,0.00600596
"50392013600",0.0273,0.00939113
"50392014000",0.2094,0.00873594
"50392014300",0,0.00851754
"50392016500",0.0369,0.01059233
"50392016900",0.0369,0.01965586
"50392017500",0.1023,0.0143051
"50392018400",0,0.0148511
"50392018900",0.0066,0.01223032
"50392019000",0,0.00720715
"50392019100",0.1997,0.01070153
"50392019400",0,0.0147419
"50392020900",0.0306,0.0138683
"50392022300",0.0543,0.00698875
"50392026700",0,0.01244871
"50392027100",0,0.03068499
"50392027400",0.0172,0.00316678
"50392029800",0.0565,0.00393117
"50392029900",0.0292,0.00535076
"50392030800",0.0477,0.00545996
"50392035300",0,0.00960953
"50392036200",0,0.00687955
"50392038000",0,0.00240238
"50392038100",0,0.00742555
"50392040300",0.042,0.00884514
"50392040700",0,0.01146592
"50392041300",0,0.02566182
"50392041600",0,0.00502317
"50392046000",0,0.01223032
"50392046100",0,0.01070153
"50392046200",0.0128,0.01616149
"50392046800",0.006,0.00731635
"50392046900",0.0461,0.00950033
"50392047200",0,0.01703508
"50392047300",0.0288,0.02588022
"50392047400",0,0.00939113
"50392049100",0,0.0141959
"50392049800",0,0.02435143
"50392051300",0.0257,0.01026473
"50392054400",0,0.01015553
"50392054700",0,0.01048313
"50392054800",0,0.00906354
"50392054900",0.0543,0.01102912
"50392055500",0.0251,0.0144143
"50392056600",0,0.00971873
"50392057500",0.0261,0.01004633
"50392058900",0,0.00917274
"50392059000",0,0.00939113
"50392065800",0,0.01310391
"50392066900",0,0.00829914
"50392070400",0,0.01277631
"50392071800",0,0.00251158
"50392071900",0,0.01255791
"50392073100",0,0.00655195
"50392073200",0,0.00720715
"50392075000",0,0.01288551
"50392075500",0.011,0.00545996
"50392078900",0.0726,0.00545996
"50392081800",0,0.01321311
"50392085600",0.0111,0.00436797
"50392085800",0,0.00982793
"50392086600",0.0129,0.00873594
"50392087000",0.1225,0.00698875
"50392087300",0,0.00895434
"50392087400",0,0.00851754
"50392087900",0.0328,0.01233951
"50392088000",0.0328,0.01124752
"50392088400",0,0.01190272
"50392088500",0,0.01670748
"50392088700",0,0.00655195
"50393893000",0,0.02478823
"50393894000",0,0.01790868
"50393895000",0,0.0149603
"50393896000",0,0.0147419
"50393897000",0,0.01168432
"50393898000",0,0.01157512
"50393899000",0,0.00753475
"50396730000",0,0.01146592
"50396750000",0.0532,0.00677035
"50396761000",0,0.01528789
"50396762000",0,0.01212112
"50396770000",0.0285,0.00524156
"50396781000",0,0.00884514
"50396782000",0,0.02162145
"50396790000",0,0.0141959
"50396810000",0,0.0137591
"53975200000",0,0.01758108
"53975300000",0,0.00982793
"53975400000",0.0035,0.00305758
"53975800000",0.0146,0.01299471
"53975900000",0,0.00862674
"53978900000",0,0.00764395
"53980800000",0.0252,0.01343151
"53986900000",0,0.00567836
"53987000000",0,0.01190272
"53987100000",0,0.00556916
"53989700000",0,0.0147419
"53990000000",0,0.01900067
"53990200000",0,0.00469557
"53991500000",0.0959,0.00578756
"53991600000",0.2289,0.02271344
"53992000000",0.0041,0.00698875
"53992100000",0.0069,0.00797154
"54001400000",0.0962,0.02194905
"54002000000",0,0.00818994
"54002900000",0,0.00971873
"54003200000",0.0292,0.00731635
"54003800000",0.0126,0.01037393
"54005100000",0,0.00960953
"54018100000",0.0199,0.01550629
"54018200000",0,0.00971873
"54019700000",0,0.00633356
"54019900000",0.0962,0.00644276
"54021300000",0.0102,0.00939113
"54024100000",0.0296,0.01321311
"54025800000",0.0035,0.01670748
"54035600000",0,0.00818994
"54035700000",0.0102,0.01081073
"54035800000",0.0199,0.01779948
"54035900000",0,0.00567836
"54036000000",0.0126,0.00753475
"54036900000",0.0507,0.00305758
"54037000000",0.0208,0.0425877
"54037100000",0.0962,0
"54037600000",0.0292,0.00851754
"54039700000",0.0962,0.02304104
"54041500000",0.0199,0.00655195
"54041900000",0.038,0.03308737
"54046500000",0.0035,0.01255791
"54052600000",0.026,0.00960953
"54053100000",0,0.00818994
"54053700000",0,0.01616149
"54054300000",0,0.00797154
"54054900000",0,0.01517869
"54055900000",0,0.02063866
"54057000000",0.1456,0.00884514
"54057100000",0.026,0.0147419
"54057200000",0,0.00808074
"54057400000",0,0.00600596
"54058200000",0,0.00240238
"54058500000",0,0.00469557
"54060100000",0,0.00698875
"54060300000",0,0.01998346
"54060600000",0,0.0144143
"54060700000",0.0252,0.0149603
"54060900000",0.0252,0.01572469
"54061000000",0.0162,0.00535076
"54061100000",0.0252,0.00666115
"54061200000",0,0.00436797
"54061300000",0,0.00622436
"54061400000",0,0.02424223
"54061500000",0,0.00633356
"54061800000",0,0.01037393
"54061900000",0.0162,0.00928194
"54062000000",0,0.01834547
"54062900000",0.0252,0.01648909
"54063200000",0.0655,0.00589676
"54063300000",0,0.00786235
"54063400000",0.0252,0.00655195
"54063500000",0,0.00578756
"54063600000",0,0.04247851
"54063700000",0.0442,0.07993385
"54063900000",0,0.01124752
"54064000000",0,0.03079419
"54064100000",0,0.00928194
"54064200000",0,0.01015553
"54064300000",0.0607,0.00469557
"54064400000",0,0.00502317
"54064500000",0,0.0140867
"54064600000",0,0.00600596
"54064900000",0,0.00808074
"54065300000",0,0.00709795
"54065400000",0,0.00917274
"54065800000",0,0.01648909
"54067000000",0,0.01048313
"54067100000",0,0.01124752
"54067200000",0,0.00535076
"54067400000",0,0.00808074
"54067700000",0.0898,0.00600596
"54067800000",0.0898,0.00633356
"54068000000",0,0.00600596
"54068100000",0,0.01517869
"54068200000",0.0162,0.01048313
"54068300000",0,0.02347784
"54068400000",0.0442,0.00829914
"54068500000",0,0.01081073
"54069900000",0,0.07425549
"54071900000",0.0655,0.01026473
"54072000000",0,0.01277631
"54072100000",0,0.00862674
"54072200000",0,0.03363337
"54072700000",0,0.00939113
"54072900000",0,0.0147419
"54074700000",0,0.00884514
"54074900000",0,0.01070153
"54075800000",0.0102,0.00600596
"54076900000",0,0.00633356
"54081700000",0,0.04236931
"54081800000",0,0.00993713
"54082300000",0.0228,0.00458637
"54082400000",0.0228,0.00589676
"54082500000",0,0.00709795
"54083500000",0.0143,0.01648909
"54083800000",0,0.01015553
"54083900000",0,0.00764395
"54085400000",0.0285,0.00633356
"54085600000",0.0102,0.03832893
"54085800000",0,0.00633356
"54085900000",0.3219,0.0144143
"54086300000",0.0102,0.01026473
"54087400000",0,0.00971873
"54087500000",0.0051,0.00731635
"54087600000",0,0.00960953
"54087700000",0,0.0144143
"54087800000",0,0.00950033
"54088200000",0,0.0137591
"54088300000",0.0126,0.00939113
"54088400000",0,0.01168432
"54088500000",0,0.01528789
"54088600000",0,0.01299471
"54088800000",0,0.01026473
"54088900000",0,0.00840834
"54089000000",0,0.03297817
"54089100000",0.0218,0.0143051
"54089200000",0,0.01146592
"54089300000",0.0114,0.01255791
"54089400000",0,0.00829914
"54089500000",0,0.01310391
"54089600000",0,0.00960953
"54089700000",0,0.00982793
"54089800000",0.0142,0.00633356
"54089900000",0,0.0149603
"54091000000",0,0.02489743
"54092000000",0,0.01026473
"54092300000",0,0.01910987
"54092700000",0,0.00797154
"54093700000",0.0088,0.02325944
"54094100000",0,0.00950033
"54094500000",0,0.00895434
"54094600000",0,0.01736268
"54094700000",0,0.00950033
"54094800000",0,0.00786235
"54094900000",0,0.00950033
"54095000000",0.0647,0.01015553
"54095100000",0,0.00939113
"54095200000",0,0.00917274
"54095700000",0.0248,0.00524156
"54095800000",0.0087,0.00720715
"54095900000",0.0023,0.01659828
"54096100000",0.0172,0.00622436
"54096200000",0.0172,0.0143051
"54096300000",0.0172,0.00917274
