lon,lat,y,residual,Temperature,Shortwave radiation,soil-depth,Wind speed,Soil bulk density,Soil C,Soil N,Soil P,Soil pH,Soil CEC,Soil sand,Soil clay,Distance to manmade land,Distance to water,Slope,cos(Aspect),sin(Aspect),Elevation,Precipitation
113.33249,-23.988663,26.82,-3.693204364,23.22005169,270.3489392,0.975205546,7.983501306,1.531375566,0.466211818,0.193308773,0.137403181,7.013710336,2.696619656,90.97052006,5.825663706,19.95139321,5.807886896,0.197110963,0.243751057,-0.375747476,27.14285714,1813.272442
113.33249,-24.488663,10.39,-19.10729115,22.97711679,269.3258021,0.722082207,8.101530075,1.504171142,0.646028652,0.231214622,0.169393087,7.370163197,3.356518775,90.71193101,6.167411046,27.48618008,3.643453206,0.123274568,0.155099452,0.018590632,14.81818182,1876.3224
113.33249,-26.488663,30.21,0.473598371,21.64497848,262.2457674,0.715257395,8.570431306,1.425237068,0.845749054,0.270537945,0.199653567,7.681868203,3.287374438,94.91557702,3.229917653,10.59647451,3.688993355,0.171435059,-0.488223886,-0.076617959,33.33333333,2551.901509
113.83249,-21.988663,14,-14.50724956,24.13055785,272.75505,0.467049682,7.112908916,1.409904982,0.921994517,0.144095976,0.206480071,6.721927111,1.46390749,86.96624482,8.269242398,19.12057218,14.5019012,0.814512361,0.244124552,0.000671773,113.0357143,2060.510172
113.83249,-23.488663,9.142857143,-16.76156417,24.45582646,272.2079062,0.989548308,7.484140306,1.532456689,0.429988679,0.11577444,0.133094201,6.717361675,2.247520733,80.27515729,12.30220948,62.09081838,14.1234083,0.135857424,-0.077096613,-0.067692349,27.42666667,1895.495652
113.83249,-24.488663,28.22,-1.247588105,23.79928889,270.4678261,1.369372516,7.774549895,1.551166504,0.370777551,0.17113906,0.135951767,6.36837482,3.247955464,86.88999975,7.890513243,132.3718654,4.635139186,0.04664283,-0.101091899,-0.031544238,15.89908257,1760.698747
113.83249,-25.488663,15.83,-15.07605293,23.20693106,268.0372368,1.450853152,7.689004297,1.563329631,0.3648702,0.184859836,0.122566225,5.991127296,3.665534942,87.70174228,7.373573433,25.52219654,19.90164095,0.059999599,-0.047979281,0.192491256,15.16216216,1681.991194
114.33249,-22.988663,7.75,-15.12056295,25.43601235,272.6826665,0.733780354,6.791875581,1.508722884,0.323645476,0.144062458,0.160848161,6.613530675,1.436067824,77.86052759,13.33636856,176.0285026,44.68521117,0.122320762,0.007966591,0.011002224,79.68,2065.937297
114.33249,-23.988663,7.625,-17.46974626,25.08022041,271.6007141,0.883836124,6.931294866,1.558484256,0.316941899,0.094274923,0.12525283,6.042123447,2.223665276,84.66078086,9.28319656,313.3486722,30.22673852,0.129531486,0.031528246,-0.054094801,72.00909091,1945.142559
114.33249,-24.988663,9.666666667,-19.60898919,24.25448414,269.2428789,1.306380835,7.118064646,1.570030139,0.336960139,0.133539522,0.119299283,5.537577861,3.417360962,88.09877163,6.926716025,229.275325,21.97907184,0.064013652,-0.024292282,0.016022905,64.17,1831.27636
114.33249,-25.988663,19.31,-6.578943597,23.84446354,267.0037294,0.934334114,7.288936782,1.557454186,0.320677709,0.083024871,0.109756891,6.335747461,3.565527709,86.11471395,8.713238371,63.49194126,14.02204773,0.120997814,0.056929188,-0.17237946,44.97260274,1729.70886
114.33249,-27.988663,21.21,-10.92411898,20.48221261,258.0442664,1.098886929,7.737295337,1.479382793,1.058327722,0.137333762,0.10574732,5.583005304,2.980556085,90.75981526,5.439345493,73.98084227,16.47595484,0.300317264,0.07184332,0.129859046,171.7176471,3586.353744
114.83249,-23.488663,7.666666667,-13.49969563,25.80004345,272.0524508,0.448642333,6.605145151,1.531468025,0.317888,0.110059417,0.13191636,5.988562747,2.520261111,82.05882778,10.81423333,429.3252723,30.48270634,0.164290667,0.137913413,-0.036688702,156.64,2257.703819
114.83249,-24.488663,27.65,3.627676607,24.83273474,271.2517095,0.615943798,6.749510787,1.557116279,0.34500621,0.074916055,0.122337568,5.669824943,3.359038769,85.20452487,8.926530658,510.8879536,39.0961866,0.278150985,-0.034811775,-0.109131519,192.4,2048.228565
114.83249,-26.988663,34.84,6.36631507,22.67170617,263.413271,0.978482249,7.204463915,1.554713248,0.435359775,0.056294111,0.097267474,5.454755721,3.023522222,89.38819722,7.373447222,341.2438564,136.3490398,0.12627788,0.016837032,0.111864607,199.15,2633.539163
114.83249,-28.488663,50.63,17.66930248,20.15214301,257.0219884,1.011519762,7.451005455,1.491644503,1.161831202,0.07885373,0.113785988,5.241362588,4.471926675,86.64242074,7.941749408,93.52589609,17.90334292,0.299015082,0.081788767,0.062639784,209.0102041,3947.783823
115.33249,-21.488663,7.759202727,-18.38031171,26.59706179,271.6611337,1.462805095,6.091859433,1.464306643,0.609008613,0.175065567,0.178972811,6.164546739,2.031534165,74.53214928,15.74596989,28.7229055,10.13786612,0.074708078,-0.298326618,-0.003597482,12.31578947,2530.516132
115.33249,-22.488663,3.9543525,-15.52635634,27.33430421,271.618343,0.626997993,6.041692339,1.490264158,0.477099826,0.150207713,0.161710879,6.203237372,1.846085679,75.42292616,14.36826095,341.4997333,23.65666713,0.131478679,-0.061225277,-0.02764275,82.24793388,2941.86197
115.33249,-23.488663,9,-10.44839704,26.1211062,271.7780789,0.316643277,6.505901497,1.52262345,0.341299389,0.099639529,0.130331414,5.802808196,3.379019444,80.31340833,11.84340278,589.0030138,79.4846992,0.145489276,0.004639806,0.036184983,220.3636364,2546.773752
115.33249,-23.988663,11.2,-7.213582289,25.500493,271.3106673,0.292113888,6.568617821,1.53411508,0.326558723,0.099640084,0.134718665,6.095732665,3.140908333,82.17343056,10.42754167,693.2250435,66.63002645,0.156791846,0.087354193,0.052666159,250.9090909,2205.812115
115.33249,-24.988663,32.01,11.28526173,25.16207336,269.4359777,1.016541932,6.622909386,1.555178895,0.289243981,0.080118247,0.12031062,6.007810977,4.141063505,83.87075847,9.353845128,588.7850057,18.86373208,0.171591177,-0.05707791,0.00322474,186.1727273,2077.889117
115.33249,-28.988663,31.72,1.068670742,20.24519134,255.9491522,1.084425583,7.07759855,1.500431056,0.88608386,0.063875805,0.09054339,5.35928197,4.489677778,87.20878611,7.906080556,102.3962163,21.18181154,0.279639097,0.025186167,0.034920778,222.1818182,4010.254114
115.33249,-29.488663,30.1,-1.417530137,20.14480609,253.341674,0.98245502,7.080569311,1.493772093,1.009731469,0.065964968,0.079292949,5.334010665,3.11871319,92.37334148,4.424333259,84.91569618,42.40251863,0.353928034,0.020153877,-0.023455421,176.2181818,4200.726761
115.33249,-34.488663,30.52,-10.59484636,16.38179833,214.6720419,1.300968501,8.158033371,1.280174235,4.074783702,0.249988273,0.123766072,5.246770111,11.8523575,93.53284172,4.222772942,19.31443654,14.91480774,0.133364141,-0.508145678,0.070175737,35.25,10474.13675
115.83249,-21.488663,16.37,-5.369294846,27.09175134,271.2452779,1.289813767,6.016391965,1.449269137,0.556390148,0.162237542,0.169352228,6.35366642,2.020726506,70.3856569,18.22056651,85.6704833,30.94625363,0.143283325,-0.050750061,-0.010311929,46.03191489,2778.200253
115.83249,-26.988663,27.67,7.685432854,23.09907265,264.7967823,0.426900527,6.923070539,1.517261372,0.522778776,0.046362583,0.11892772,5.574649303,6.619777778,79.58876111,12.81408611,659.5515005,20.95973948,0.180571014,-0.087805144,-0.089750812,301.89,1874.927694
115.83249,-29.488663,33.4,3.870454214,19.91918251,254.6598967,0.690317172,6.94941059,1.496530438,1.001071276,0.071039368,0.115074031,5.478415292,6.219522593,83.30624726,10.5152208,59.88392624,4.904598357,0.169793368,-0.01166435,-0.053036755,279.48,3428.500565
115.83249,-34.488663,28.54,-13.27376519,15.73635885,215.0257731,1.117403017,7.893616332,1.24307913,4.472303458,0.239759617,0.11341778,5.09739306,12.74087361,88.62202239,6.436290095,44.97021063,27.7372624,0.315499177,-0.024978414,0.027822944,112.9102564,11585.39143
116.33249,-26.988663,24.8,5.367086611,23.25944595,265.2044905,0.343356027,6.880170402,1.528464751,0.519498192,0.045553222,0.127061553,5.791535527,7.250586111,79.77680833,12.6147,675.1647816,27.00106988,0.126048384,0.053980303,-0.010638041,317.64,2044.659656
116.33249,-30.488663,32.32,2.792308125,18.90847993,249.7014263,0.583787378,6.843993486,1.473934323,1.319801301,0.089210508,0.108344856,5.376461917,6.131659674,84.5690322,9.543402151,150.9599512,9.39432057,0.153926644,-0.05890352,0.012518826,294.0636364,3721.687879
116.33249,-32.988663,19.23,-25.3968688,16.336088,232.432759,0.792182035,7.043993816,1.348171439,3.840470522,0.205269415,0.181378513,5.298353728,9.066795149,86.71942021,7.478303789,82.23380155,46.3221567,0.207259157,0.233836958,0.059462404,286.66,8451.687625
116.83249,-22.988663,94.18,78.34801441,27.0893334,268.4612147,0.32238016,5.855415146,1.460144496,0.593185031,0.109136608,0.131710182,6.101839744,5.642412781,75.48382441,15.01941405,368.7864347,38.36390413,0.381710863,-0.044741657,-0.081685721,295.5272727,3183.471721
116.83249,-23.488663,33.3,17.48928878,26.74195063,268.4921345,0.289524788,6.150564098,1.456014052,0.521274991,0.109067614,0.123759895,5.983398822,5.915693218,77.04994422,13.84482044,378.5853179,87.10963896,0.279832671,0.104462293,-0.048217487,330.7272727,2631.930921
116.83249,-25.988663,23.88,5.610439715,24.2466231,266.8139121,0.300661388,6.769681189,1.539114741,0.433095945,0.045395389,0.127549581,5.646992138,6.90075,79.65308611,12.64299722,744.1254279,53.21089039,0.108145237,-0.03000762,0.021844179,362.4,2149.450652
116.83249,-27.988663,14,-8.299378895,21.8432787,261.9128082,0.097872694,6.991061805,1.509723074,0.638971666,0.051070666,0.120629692,5.510508082,7.162588889,80.38532778,12.03389444,434.7787716,72.3414795,0.184915185,-0.015695363,0.02299653,416.6636364,2487.081338
116.83249,-28.988663,38.53,15.61297406,21.2161528,257.3342173,0.40320461,6.888051961,1.443878239,0.949007138,0.058696055,0.105231862,5.1788635,7.286194444,79.00794444,12.84751389,307.1522425,31.61836305,0.188165943,-0.079188536,0.067094968,357.5123967,2868.557002
116.83249,-30.488663,31.22,3.299351784,19.08536339,250.7539069,0.645844531,6.846751157,1.476169243,1.035503362,0.077019766,0.108251041,5.372565389,5.822398825,85.21916718,9.172282364,186.9798297,5.29598134,0.154092062,0.174384815,-0.028599714,315.5619835,3595.181549
116.83249,-31.988663,47.8,12.22757009,17.60862436,240.6109408,0.661003249,6.756063128,1.452429739,2.109932273,0.13344508,0.106662565,5.130210406,7.942352353,86.58400189,8.121548419,58.56842211,84.02580671,0.234789584,-0.062820923,-0.029552833,261.8636364,4687.871791
116.83249,-33.488663,60.42,21.86042852,15.81483302,230.793265,0.697176655,6.97404737,1.418565268,2.547904015,0.161296352,0.183513205,4.987076394,8.222990238,88.06392651,7.113175389,90.92151951,28.81185985,0.164037116,-0.053274041,0.008533746,272.8181818,5861.497887
116.83249,-33.988663,38.58,-0.159943339,15.24017295,224.7520653,0.610360804,7.112191264,1.387830934,3.11290114,0.186494028,0.170492528,5.010978138,10.05501667,86.30215278,8.116786111,137.8541766,64.85401377,0.16383249,-0.086293586,0.061812949,278.9008264,6849.359131
116.83249,-34.988663,37.71,-0.423458282,15.5831629,210.6614218,1.08614931,7.743924562,1.260521892,4.300946279,0.249954239,0.094753549,4.95338381,14.15720775,85.99399085,7.565685295,47.53158896,42.82421384,0.289409919,0.051712298,0.024531525,97.10606061,10793.36038
117.33249,-21.488663,10.5,-6.568123223,27.44475798,269.4161019,0.323754916,6.246402372,1.466251363,0.702440444,0.118718807,0.134762194,6.200812864,4.5189,72.93606389,17.25541111,300.6401116,44.57361783,0.327963776,-0.049130677,-0.03647234,296.19,4168.349955
117.33249,-21.988663,22.95,3.343944104,25.9288053,268.1425992,0.553403221,6.164706906,1.413031348,0.738630777,0.139475389,0.144877694,5.7877645,6.758911111,76.0344,14.89550278,342.4335679,89.20642836,0.474310382,-0.000767605,0.018579963,518.18,4442.361196
117.33249,-22.988663,4.806662044,-14.00875804,26.48643642,268.7684408,0.451108412,5.88643283,1.468712304,0.62717811,0.115979084,0.125910305,6.055377833,5.254688889,75.09569722,15.3383,167.9572004,110.3836622,0.483485318,-0.083940421,-0.008776023,426.12,3224.653514
117.33249,-29.488663,27.67,6.121228297,20.84470979,255.5299463,0.503775903,6.894264915,1.436468645,0.934229004,0.067863669,0.111877304,5.349306789,7.43528378,79.56333657,12.42889205,445.0395816,23.63498714,0.195518733,0.014516994,0.076222346,339.71,2858.214738
117.33249,-31.988663,47.34,17.66771073,17.74551169,241.7766836,0.84356221,6.766599014,1.469016482,1.411126442,0.095465335,0.083617621,5.30689137,6.174545841,87.68468879,7.387213196,68.24805074,15.97164956,0.212534245,-0.098671171,-0.028399329,272.26,3834.135297
117.33249,-34.988663,40.56,3.557565481,15.52086833,209.4608962,1.081356283,7.683611812,1.279843312,4.306338253,0.259782426,0.098947159,4.825312791,15.2705842,84.8910584,8.548743235,52.07371896,34.10505043,0.323500981,0.115652136,0.121141961,94.84745763,9499.472373
117.83249,-20.988663,27.24,7.004281851,27.70302118,269.5857841,0.378384642,6.146923429,1.474066524,0.529705755,0.164742545,0.172574813,6.237377203,1.718882153,76.35277267,14.72184959,137.4144866,31.2848494,0.173749853,0.030497932,-0.019917469,68.08181818,3517.62024
117.83249,-23.488663,36.33,20.44578356,26.83378981,268.2786921,0.403404637,6.069445302,1.45883527,0.490152111,0.105078861,0.1214475,6.139363166,6.352063889,75.07952222,15.17020556,152.2006885,78.14287875,0.34236768,-0.013933615,0.027022179,389.91,2947.691857
117.83249,-26.988663,38.44,16.02719242,22.82184852,263.7683283,0.158116611,6.928223385,1.51311557,0.608700998,0.044080277,0.128743109,5.423820531,6.863536111,78.755475,13.30783056,192.1578382,46.58944182,0.155832925,0.091727222,-0.03469883,488.44,2325.803469
117.83249,-30.488663,39.24,13.56062643,19.32701173,251.3645848,0.738442357,6.937135332,1.459223237,1.043684581,0.096096354,0.090504966,5.5338604,6.023644975,83.78976219,10.07432231,148.4137496,13.46916842,0.230968426,0.062592866,0.060733075,383.8,3285.84344
117.83249,-30.988663,32.29,6.547169538,18.90256476,248.3358665,0.721897373,6.835203548,1.45843017,1.08246708,0.100731364,0.086711047,5.735061015,6.191672399,84.57063571,9.493681355,89.57768975,6.56756264,0.242761081,0.089250005,-0.062789574,332.99,3355.121478
117.83249,-31.488663,46.85,20.6875048,18.40720964,244.8777781,0.779784847,6.798996713,1.456533643,1.240749829,0.092096904,0.087788148,5.63623977,6.354854809,84.91260587,9.090301472,90.80506668,9.70407851,0.233109109,0.042074932,0.005707349,302.35,3420.555922
117.83249,-31.988663,45.73,17.86665358,17.77894728,242.2513816,0.707202958,6.810745335,1.465888505,1.346909888,0.103919501,0.095077197,5.418015098,6.002989482,86.39588099,8.205210972,92.13964314,12.78771976,0.231472559,0.080310312,0.093816288,295.25,3665.435277
117.83249,-33.488663,16.33,-13.16547701,15.80374004,232.0159965,0.71436275,7.055870451,1.433187092,1.671780137,0.102834844,0.143786241,5.33660471,8.255361287,85.27130821,9.162374712,70.95809094,12.71736124,0.185202939,0.008841799,0.089057846,303.26,4152.229936
117.83249,-34.988663,39.67,2.054762161,15.56814986,209.1182426,1.025163913,7.682662257,1.292507449,4.089877927,0.228779879,0.121623629,4.704246607,12.95266942,88.0860958,7.193186747,43.24308703,32.65180988,0.251937581,-0.129697745,-0.068391357,77.13846154,8557.110229
118.33249,-20.488663,8.070034351,-16.44183106,27.27880587,267.2035293,1.277758185,6.030948431,1.481037183,0.63571189,0.163340285,0.174084307,5.944589429,1.120742979,81.93770405,10.34988671,66.83057615,10.26299278,0.073024262,0.048607366,-0.057985254,25.5,3113.898327
118.33249,-20.988663,8.784215245,-10.21938366,27.93957442,268.8623649,0.34114334,6.084150332,1.483767836,0.481568471,0.154598113,0.164456974,6.1422405,2.207513889,79.13054167,12.5741,229.7514807,29.13478604,0.143227922,0.082568642,0.041390908,96.51239669,3854.970363
118.33249,-29.488663,8.205464849,-13.60302158,20.96741505,255.20806,0.416922485,7.051283845,1.443933763,0.828648914,0.043515191,0.142430268,5.080586393,6.149450488,80.5545935,11.85089669,566.6324306,26.32930156,0.194315803,-0.086545906,-0.003398465,372.0181818,3199.880086
118.33249,-30.488663,29.55,4.489397074,19.30973064,250.6354094,0.669262478,6.986736727,1.434899849,1.119345573,0.100741716,0.103313497,5.556133787,5.870506655,83.61705408,10.02888187,197.2180339,20.63076087,0.230949768,-0.006046174,-0.027358071,424.8429752,3373.299572
118.33249,-31.988663,36.2,10.14574841,17.81060982,242.8265674,0.919457466,6.892178128,1.448721,1.236570235,0.085559595,0.084043896,5.715969169,6.733298418,84.98936997,9.052857656,64.9961885,7.25322841,0.184525134,0.110013317,0.029122833,313.2272727,3643.404279
118.33249,-32.488663,41.58,14.57452012,17.15141072,239.3264611,1.026759176,6.904933912,1.449386097,1.267128709,0.094003996,0.105356138,5.712627612,7.446046603,84.32032533,9.450546484,73.3114277,7.492027731,0.172599677,0.151061122,-0.084142809,304.1404959,3715.389209
118.33249,-33.488663,38.11,11.10158108,15.7113981,231.7928986,0.737073466,7.093768748,1.442430113,1.486943859,0.099198663,0.114570653,5.468340495,7.931619059,86.13959914,8.525372804,92.13259064,22.07757274,0.166990358,0.016498008,0.135430822,320.6818182,3828.878507
118.83249,-21.488663,16.42,0.191566635,27.47721357,269.830734,0.163611416,6.185486425,1.475776652,0.491486026,0.131945444,0.118978416,6.315961805,5.411630556,82.08085833,10.79409167,468.1893693,47.13297105,0.215966472,0.156467838,0.034937772,249.98,4211.828457
118.83249,-21.988663,13.97,-0.964963896,26.82959261,269.1493084,0.233669277,6.2863905,1.479865894,0.608254026,0.109293889,0.116752943,6.177408222,6.367308333,76.58796944,14.46608889,532.4542472,47.5515047,0.321674442,0.090322587,0.072253267,396.65,4075.559502
118.83249,-22.988663,77.33,56.79777835,24.52124934,267.1459343,0.51464722,6.327920294,1.431020762,0.706925943,0.140252639,0.16538464,5.427099585,7.686055556,74.16767778,16.23019167,383.3646475,99.53176654,0.431033406,-0.078258454,-0.019939402,757.32,3667.310076
118.83249,-23.988663,32.11,16.53905324,25.63225085,267.4886361,0.268184917,6.445779406,1.487414692,0.494534054,0.088349611,0.105899834,5.791476195,6.803211111,74.84660278,15.31634167,464.8713166,90.47479297,0.23917375,-0.058376402,-0.090973609,515.2636364,2952.994626
118.83249,-25.488663,23.17,3.596628701,24.13765655,265.3460768,0.371853747,6.838472618,1.548763528,0.455120443,0.054798417,0.119960526,5.219830861,6.137783333,77.624675,13.52109722,494.190702,71.01952264,0.12477446,0.014910968,-0.15050049,547.4363636,2341.674591
118.83249,-26.988663,10.63,-10.54531275,22.83388007,263.0153736,0.137395882,7.043859998,1.51903913,0.63156149,0.044003672,0.124617054,5.657632109,6.91190039,79.39432944,12.93074569,226.3910041,36.17891555,0.12665639,0.052029863,-0.053497157,502.57,2391.789894
118.83249,-27.488663,6.2,-15.88648475,22.35089463,261.5981773,0.291077778,7.118871958,1.517547101,0.55159043,0.033999137,0.132717013,5.264562691,5.564078323,80.54837086,12.34156569,378.6012596,52.2248214,0.161006449,-0.002535476,-0.087601338,508.4454545,2524.646305
118.83249,-28.488663,5.371755734,-15.32256962,21.45717162,258.3873596,0.305312639,7.136195393,1.488851787,0.64724486,0.038060388,0.132949693,5.400579278,7.156977778,78.63504444,13.35466667,459.2037034,42.74191873,0.161360881,0.055109788,-0.016462873,470.53,2750.469534
118.83249,-28.988663,7.868069091,-14.20898507,20.84273939,256.1727001,0.352714667,7.134063517,1.469960776,0.737793833,0.039030444,0.150165139,5.145863749,5.953511111,80.78513333,11.74256389,576.3898831,39.19814139,0.197065102,-0.130247784,-0.149001535,464.9,2808.449702
118.83249,-31.488663,42,16.00801619,18.14064041,245.4541322,0.903646122,6.974969508,1.425070056,1.238592694,0.09783974,0.086867835,5.60938621,5.184740184,86.04218606,8.673389563,116.2418629,13.86074533,0.21513976,-0.034861338,0.003802013,395.98,3498.526015
118.83249,-32.488663,42.1,14.28269382,16.99444642,239.0688422,0.997961856,6.986160868,1.446535594,1.363740653,0.089420719,0.107748572,5.351790811,6.231489637,85.97594104,8.367454236,210.079978,12.49958574,0.22565437,-0.102067618,-0.112663042,350.7727273,3804.685104
118.83249,-33.488663,32.6,6.183587851,15.78247565,231.0089723,0.796893135,7.154068591,1.455466077,1.559046687,0.085011341,0.09911741,5.533760969,6.326445474,86.50102247,8.095138724,163.0425259,25.54245136,0.166518742,0.031210666,0.010450885,324.74,4134.093344
118.83249,-34.488663,16.16,-8.249969736,16.02199122,215.5941652,0.792934041,7.554598324,1.38291677,2.206005814,0.13087677,0.113145683,5.269997182,7.570930793,86.68486471,7.73030433,54.32213201,15.87056897,0.226737781,-0.051567406,0.198884736,97.79310345,5684.93668
119.33249,-20.988663,13.25,-2.820312765,27.89077557,267.455762,0.148119151,6.182913251,1.482520163,0.58054686,0.120099612,0.128890305,6.302079,6.208588889,78.41615833,13.21263611,359.1076645,42.69121501,0.266929334,-0.023756353,-0.032112143,165.0363636,4189.067344
119.33249,-22.488663,16.78,3.416843566,26.45787584,268.3576191,0.471557083,6.232498247,1.450821584,0.609149471,0.103758224,0.115512361,6.471351583,7.532730556,71.50333333,17.90704167,408.9047574,24.01417711,0.216322399,-0.086997319,-0.06242142,454.4181818,3587.721652
119.33249,-22.988663,33.72,13.56712835,25.28290614,267.2859169,0.44077236,6.231892272,1.436529497,0.67460711,0.131025611,0.146463389,5.388799638,7.912888889,74.14464167,16.21894722,236.7779941,81.12732513,0.358164853,-0.056973748,-0.056198021,633.93,3451.169738
119.33249,-27.488663,12.1,-7.381210389,22.18812293,261.0129938,0.253967039,7.06444055,1.51238087,0.532946585,0.0360875,0.127755286,5.359677154,6.398696916,79.40611849,13.06932361,490.1239442,26.7076572,0.162040178,-0.009866611,0.037953291,527.4818182,2484.402182
119.33249,-28.488663,5.320596155,-13.57764415,21.55423397,258.4639582,0.311563794,7.03414259,1.498120329,0.610958024,0.045575998,0.120807636,5.556479593,7.564851834,79.47784947,12.71707746,594.500509,17.7630617,0.139604501,-0.058334059,-0.008073293,439.75,2537.480241
119.33249,-28.988663,7.877966033,-10.14670635,20.97900955,256.6666118,0.321390305,7.050843802,1.493357143,0.591430277,0.051759222,0.121615972,5.676800362,7.130194444,80.20928056,12.12665,699.5825605,15.24311821,0.148329198,-0.031582795,-0.000959508,433.4545455,2711.054457
119.33249,-29.988663,18.8,-1.938153955,19.89084303,252.1431638,0.537583276,7.082501264,1.413267067,1.117666583,0.077819083,0.157785556,5.83187525,7.504641667,77.12089722,13.99031667,527.510968,57.64895335,0.189072863,0.057398566,0.020863951,466.47,2954.94034
119.33249,-31.988663,25.79,1.885000586,17.49345439,242.0697363,0.876702333,7.019239946,1.432564726,1.208595245,0.087043083,0.076274782,5.709899328,4.260591578,86.89369938,8.040415688,316.733183,25.07037225,0.17790204,0.0419724,-0.05768417,420.56,3985.95317
119.33249,-32.488663,32.3,7.301326522,16.97036821,238.8667461,0.862398263,7.034946572,1.448000892,1.22979191,0.086900029,0.096139984,5.593271402,5.251877707,86.81411721,7.868609755,293.4975818,18.30314313,0.205049532,-0.043406063,0.010305381,358.3363636,3972.094574
119.33249,-34.488663,10.61,-12.81365352,16.43710923,212.7792057,0.831265687,7.76898298,1.371039938,2.269140219,0.143845481,0.101503889,5.338219614,7.421474129,86.53017524,7.727980539,35.31432081,16.03952354,0.145913066,0.394046601,-0.254515229,46.13888889,5762.286354
119.83249,-21.488663,23.85,10.20928076,27.34792941,268.6485442,0.048003628,6.377119329,1.485860804,0.52863786,0.111142584,0.103839334,6.23012361,7.095316667,79.81969167,12.21146111,609.8796507,48.97649472,0.268901702,0.170562859,0.059690721,306.49,4294.395657
119.83249,-22.988663,15.55,-2.773569296,26.12207464,267.8252784,0.475637194,6.233130596,1.47141477,0.60752786,0.099001224,0.118657806,5.710660695,7.496225,75.15125556,15.24461944,171.4385698,60.13460979,0.204566557,-0.011567252,0.034265527,487.87,3311.053124
119.83249,-23.988663,10.99,-7.004384649,24.79444071,267.2127504,0.306124001,6.509870081,1.483493219,0.553701331,0.080364111,0.103461862,5.684634472,7.464338889,76.17298333,14.90330833,273.3674102,66.32154536,0.126029975,-0.046813213,-0.135570222,603.4727273,2605.165973
119.83249,-26.488663,20.23,-3.118447637,22.93185986,262.3195634,0.394036395,6.923998457,1.51887387,0.740188971,0.043023027,0.124451111,5.08748564,6.741486111,77.14436389,14.63154444,183.3135705,61.78870406,0.153268754,0.03532522,-0.016371353,558.9,2596.945778
119.83249,-26.988663,19.34,-2.536845162,22.45602601,261.4317282,0.067262277,6.959759308,1.518021816,0.577373026,0.038966583,0.115056416,5.327362695,6.289086111,81.91073889,11.46618611,244.0978865,61.00539209,0.155558861,0.070360904,-0.065458142,548.56,2587.251674
119.83249,-29.988663,20.66,1.493806029,19.85029809,251.7103124,0.491973176,7.115560994,1.425550262,1.029847228,0.08126707,0.117588246,5.756216721,7.245845717,79.24801704,12.62691103,570.1959361,27.15999613,0.177496806,0.044207729,-0.020152188,447.88,2920.648224
119.83249,-30.488663,23.31,2.423567928,19.34733649,249.5753198,0.628950777,7.11552067,1.408245142,1.218907527,0.097268889,0.126013694,6.059898472,6.216352778,79.44797222,12.39215278,384.391335,32.98404889,0.183956048,-0.015135047,0.001859449,455.9818182,3299.248465
119.83249,-30.988663,24.67,3.89470779,19.12922802,247.4716834,0.665648494,7.08337399,1.412372059,1.163711939,0.098813122,0.091365819,6.078093001,6.594159281,81.26832361,11.1666002,244.4517907,17.7243998,0.197996772,-0.075916652,-0.022785246,390.26,3353.716651
119.83249,-31.988663,21.87,-0.512233572,17.50344353,241.6691434,0.839029939,7.081369304,1.420024988,1.219636633,0.082504074,0.081345973,5.789033051,4.521664781,86.22742995,8.274355082,390.6701997,19.5351101,0.141672794,0.012789527,-0.091730695,418.05,3800.727221
119.83249,-33.988663,25.23,2.369366651,16.42469624,221.6823061,0.693194643,7.431069227,1.409819952,1.789797813,0.134883218,0.116240798,5.690759475,7.060683338,85.42759914,8.50175945,52.5611106,34.74895794,0.442182295,-0.082731584,0.214261898,123.862069,4744.415862
120.33249,-19.988663,9.105186871,-13.23677488,27.68839094,262.4154488,0.405353246,6.190781163,1.535286693,0.506326795,0.09635405,0.113144093,5.55652938,4.372054733,90.74896924,5.503857407,75.91235157,18.71073404,0.182322071,0.019205773,-0.159378863,61.95180723,4275.875373
120.33249,-20.488663,19.16,-0.204838232,27.94868239,265.12095,0.344237805,6.261603546,1.531131134,0.549695025,0.096598197,0.12152861,5.624105229,5.203797222,84.53554444,9.509894444,254.84393,21.00614243,0.200452923,0.047767067,0.067215042,156.7454545,4395.250417
120.33249,-21.488663,21.64,9.816954081,27.14992845,267.8817064,0.07945728,6.4481187,1.465554757,0.610797551,0.114565762,0.099432722,6.219949829,6.740887978,77.03451734,14.10752464,664.4916493,32.50814321,0.294729112,0.049090462,0.059128503,341.7636364,4122.511394
120.33249,-21.988663,18.4,4.735281988,26.44201065,268.1874168,0.159171445,6.429845992,1.473918706,0.554488554,0.104103307,0.09724189,6.009553779,6.551708333,78.10896944,13.364925,636.125771,41.01865821,0.214087031,-0.114089746,-0.062236944,438.0272727,3720.038002
120.33249,-25.488663,28.46,10.99189263,23.74838106,264.9491388,0.27630373,6.741484048,1.532842641,0.487864968,0.050828273,0.102483484,5.647412726,6.829016568,78.78651432,12.85171543,475.182436,29.50937,0.107691341,-0.029552516,-0.050792806,563.6694215,2497.47955
120.33249,-26.988663,8.781582676,-11.83864027,22.52540973,261.2531095,0.116816993,6.903391777,1.514380265,0.564990758,0.040813358,0.10305543,5.415285701,6.680852194,80.83669076,11.98089273,185.1191533,33.41495567,0.158399371,0.018044018,0.035957945,526.7727273,2615.456242
120.33249,-27.988663,7.519004008,-13.30928319,21.90861875,258.8924416,0.091750621,6.975032386,1.512575518,0.510627817,0.037412864,0.110148989,5.500642437,7.688744242,79.34183988,12.95381406,169.8295538,49.37863764,0.171372628,0.055731298,-0.095766021,476.7272727,2442.915093
120.33249,-28.488663,7.341731707,-12.85084517,21.55727073,257.1903025,0.15219695,6.990814281,1.499041601,0.585459387,0.043792495,0.11320832,5.411038159,8.169978158,79.83027194,12.3649773,294.9682612,43.16033192,0.175540695,0.049854041,0.002527175,441.9181818,2423.045296
120.33249,-31.988663,14.11,-6.706295405,17.42563141,241.3850446,0.711009182,7.074737614,1.426919715,1.209119064,0.089052562,0.082390328,5.809543893,4.641189598,85.80074849,8.508575642,507.3431507,21.13612301,0.17972229,0.066862818,-0.045330845,428.8909091,3540.78795
120.83249,-19.988663,8.254049839,-12.03468169,27.85324897,261.9011422,0.385833651,6.258735452,1.523663585,0.558336266,0.090803458,0.100636334,5.59640467,4.693757087,89.56337334,6.106830798,119.8235807,25.59076338,0.18120671,-0.007767403,-0.010055098,84.65,4645.529667
120.83249,-20.488663,22.6,3.423910447,27.69016533,264.7726993,0.315949917,6.341312708,1.538277408,0.541392803,0.085103389,0.089173251,5.452817374,4.352347222,86.07566944,8.486019444,317.0448492,46.63087836,0.181343349,-0.010926291,-0.03139319,203.4,4442.881924
120.83249,-21.488663,21.02,10.0984043,27.34820833,267.1114566,0.123220361,6.473849266,1.482390027,0.565871693,0.10164439,0.096688334,6.290537834,6.735997222,77.05325,14.05966389,719.1466089,36.30227781,0.254056214,-0.055426552,0.030411563,313.53,4012.080369
120.83249,-22.488663,24.98,10.29610282,26.41543825,267.7417716,0.280883889,6.471950032,1.463855247,0.58331136,0.097320058,0.109955249,5.750451363,6.958986111,74.66026667,15.67375556,595.5148868,94.59612646,0.149864962,0.04096855,-0.12406347,450.6363636,3225.835556
120.83249,-24.988663,15.35,-0.749124424,23.78484272,265.3673343,0.11035743,6.639394803,1.525834094,0.439944584,0.050956092,0.100721975,5.328067891,4.566757175,83.29252485,9.909596214,721.6872664,24.22863553,0.174693696,0.016639545,0.025514512,591.55,2421.356045
120.83249,-27.988663,10.86,-11.02862336,21.83337326,258.0461853,0.117040181,6.990031446,1.522726129,0.490376276,0.03700684,0.124680198,5.164985469,6.463698731,79.47031235,13.26053168,97.13635521,38.49175942,0.153519884,-0.086038925,0.103331669,494.62,2400.10334
120.83249,-29.988663,12.54,-5.606296251,19.87879691,250.7797754,0.589116302,7.048980999,1.45139831,0.943161933,0.068509764,0.0897932,5.888411036,6.582427607,79.76967584,12.32471126,402.4207969,22.33451517,0.164233945,0.122408063,0.154856795,422.08,2650.551654
120.83249,-30.988663,21.11,0.96032321,18.59748035,246.6287311,0.627279265,7.079862374,1.416502707,1.209332692,0.079966758,0.082349961,6.313409415,6.288994383,82.6016165,10.45770438,153.3484675,26.49967422,0.207430567,-0.189826138,0.213993672,440.78,3084.294658
120.83249,-33.488663,40.79,16.65194057,16.42376781,224.6264246,0.870283026,7.208237964,1.454884852,1.640494046,0.082567442,0.091049964,5.649893271,7.043382983,86.81332191,7.974685973,160.0079171,20.09903139,0.236163578,0.043173881,0.043422809,198.76,5358.424184
120.83249,-33.988663,28.64,4.329685432,16.71176794,219.0388619,0.849845383,7.485952279,1.419049833,1.996295691,0.111873953,0.088444628,5.524902913,6.715587222,87.70390097,7.263518153,28.73447232,14.20950423,0.300148839,-0.080174427,-0.022344547,54.17647059,5346.132733
121.33249,-20.988663,16.65,1.429344758,27.52514161,266.4527901,0.230712527,6.430053234,1.541509351,0.45546947,0.087524224,0.080129361,5.731537282,5.197383333,83.48790278,10.00081944,591.8085232,45.48530826,0.152169354,-0.008762934,0.025931441,255.9181818,4061.04152
121.33249,-21.488663,19.16,6.654520153,27.35423453,267.559666,0.130178222,6.451537258,1.51763334,0.438574888,0.092479557,0.093929112,5.935911251,7.1922,81.56968333,10.97324722,789.1436115,39.47690378,0.217540366,-0.015096622,-0.037763471,302.69,3438.583611
121.33249,-22.488663,20.76,6.75373156,26.32311128,268.2895619,0.22887187,6.549339407,1.502299405,0.458405472,0.088890001,0.104497695,5.695813112,5.523991667,79.82046389,12.18224722,772.2998596,62.99790299,0.158170523,-0.09279544,0.029680036,428.8181818,3058.144417
121.33249,-27.988663,6.548948074,-12.88050407,21.90377837,257.4956071,0.061265638,7.008653268,1.513785506,0.489232017,0.035994013,0.115088024,5.289399076,7.137242134,79.24665806,12.95323469,272.0493402,24.9574349,0.118208749,0.007714976,-0.035716493,462.73,2370.105603
121.33249,-30.988663,22.53,3.577579352,18.82107109,246.2669189,0.661328398,6.976378176,1.403565364,1.22654969,0.076946305,0.08204223,6.615765836,7.654221392,79.1379127,12.00595608,60.85953062,24.59479158,0.177592776,-0.006510074,0.00157999,386.64,2852.282005
121.83249,-27.988663,8.348020644,-9.655473205,21.76992516,257.4421792,0.019430109,7.058064058,1.506158872,0.508781236,0.041616661,0.103839927,5.413448462,7.804956239,80.16607337,12.20973521,355.3997375,27.64146784,0.146636745,0.046079256,0.066787315,467.2181818,2357.411514
121.83249,-28.988663,7.569181435,-11.15031701,21.0079428,253.7878774,0.188681668,7.021249433,1.504462311,0.581718414,0.0492909,0.106809299,5.501769852,7.815507283,77.0786938,13.89147914,205.0545558,29.24580986,0.177571344,0.042566514,0.096168502,414.1652893,2419.418099
121.83249,-29.988663,9.085392989,-10.14190721,19.87813473,250.154274,0.686071285,6.990863926,1.464263916,0.84194335,0.065776374,0.085893965,5.689932839,7.015865858,80.5055349,11.56384207,354.6632544,22.05285759,0.164284148,-0.055200854,0.093079038,384.9545455,2565.7206
122.33249,-26.988663,6.531981887,-11.18902135,22.09470076,260.25088,0.024911194,6.993676424,1.520389119,0.548467415,0.040659694,0.099944835,5.040295473,5.771202778,79.55640556,12.66384167,698.3973649,29.16580277,0.110640047,0.02824525,-0.064037212,517.5,2340.421285
122.33249,-27.488663,6.41321858,-12.47097292,21.52488435,258.6842435,0.042550028,7.054208916,1.52149473,0.526008998,0.040359194,0.100240168,5.065969833,5.506427778,80.32768611,12.17071944,487.6058317,42.66761428,0.123356285,-0.033275265,0.09550679,539.4636364,2284.472265
122.33249,-28.488663,9.195673202,-11.05012752,21.12143657,255.0328645,0.136961131,7.082861384,1.515287389,0.551923002,0.043668722,0.102318976,5.329135242,6.951679314,78.69385384,13.02385251,97.31235229,27.01596071,0.157384752,-0.057036306,0.051751761,464,2395.867109
122.33249,-33.488663,35.64,13.35255602,16.46977753,222.7491841,1.006700379,7.271485064,1.414457986,1.585992877,0.095851659,0.084149851,5.838920103,5.970844682,86.00681193,8.001968636,141.0874355,19.75645677,0.114938306,0.012874629,-0.017309301,162.94,6061.296717
122.83249,-17.988663,2.683281573,-18.22237047,28.31127701,251.9892604,0.849325989,5.791727729,1.544030549,0.784724597,0.073546289,0.070485079,5.19348229,3.4695457,84.62011989,9.342153219,191.7902787,87.6044299,0.168861492,0.024839301,0.067699775,63.39,9159.123243
122.83249,-29.488663,11.24,-8.150309409,19.81189431,251.465036,0.522010282,7.091786827,1.474989146,0.836431323,0.062417727,0.082491182,5.647899152,6.801470797,81.50754805,10.97701732,413.1329503,22.20811687,0.19183396,-0.155598067,0.002919253,432.53,2384.071172
122.83249,-33.988663,18.03,-4.863217347,16.43612871,217.5014721,0.929818615,7.569929989,1.367557204,2.256974219,0.128252147,0.080665664,5.650906475,5.823017307,86.691446,7.404554913,28.88916015,19.6318613,0.19586371,-0.084629664,0.220044911,68.64864865,5892.544954
123.33249,-32.488663,6.175691966,-7.701646528,17.3975085,233.6864929,0.66595073,6.991003791,1.390335047,1.556647074,0.094954442,0.059724688,6.934318024,8.098264799,75.76738554,13.78412242,438.1598698,21.50402278,0.153858346,-0.048633,-0.047071127,214.107438,3777.95364
123.33249,-33.988663,10.92,-8.475859911,16.43900626,216.1128494,0.85312805,7.664288915,1.377215949,1.744543859,0.142815693,0.087638196,5.942191879,5.766922099,87.98037515,6.772705916,31.58179922,17.02277747,0.161611358,-0.04200132,-0.15083041,69.74468085,4547.911535
123.83249,-16.488663,10.75,-11.99089853,27.38852785,243.077209,0.849755804,5.165488086,1.428149288,1.535189128,0.152008876,0.132629557,5.574816497,6.362041834,83.92013678,9.589069407,33.21264773,24.75954022,0.354018195,0.103623953,0.192152843,89.90697674,11471.04404
123.83249,-31.488663,5.542287661,-6.570340885,18.67086535,240.6023894,0.733592852,6.887161888,1.397804031,1.193004905,0.07549473,0.055952316,6.973193641,7.090871656,80.90765926,10.96439144,667.328483,27.84438238,0.088397614,0.080145125,-0.013892446,202.15,2744.727908
123.83249,-32.488663,8.360936815,-1.698756536,17.42507863,232.9036233,0.657921638,7.009754276,1.383518323,1.151559197,0.109841679,0.059379775,7.561879182,11.04764894,67.36184251,19.71233672,288.8177587,55.31739243,0.055988768,-0.000279665,-0.087406927,159.6090909,3370.213469
124.33249,-30.988663,5.700638738,-2.65688918,19.1862931,243.2726336,0.792869153,6.866179037,1.413352018,0.911889176,0.078545032,0.042971722,7.233575801,9.396085757,75.62950996,14.20185727,798.2884183,22.82935402,0.066445032,-0.02959307,0.038512474,195.03,2561.965601
124.33249,-31.488663,7.078293099,-0.586595591,18.68144734,240.4855871,0.739464696,6.919612221,1.405426083,0.941327389,0.082356277,0.048192472,7.644304952,11.69922778,70.00024444,18.03378056,602.8486496,32.76090533,0.041772968,-0.047364317,-0.013420148,171.33,2561.291116
124.83249,-30.488663,7.838378264,-2.869643545,19.60222513,245.95828,1.22706306,6.843235753,1.428385295,0.797817971,0.078975778,0.046556639,7.143676168,10.76896389,76.23321944,13.53901111,900.6807987,81.37822917,0.030477876,0.067602067,-0.062114951,208.7272727,2585.428255
124.83249,-30.988663,7.71262888,-0.126857928,19.05694731,243.774637,0.676132944,6.89883347,1.429750246,0.834854222,0.102536584,0.054523722,7.639342881,17.11403889,65.856675,20.20210833,712.1605243,57.39190735,0.038891447,0.040517464,-0.023879239,190.6,2527.544818
124.83249,-32.488663,5.938165352,-5.167442622,17.18316956,230.049638,0.791798747,7.276134855,1.392019228,1.201077666,0.106194692,0.073329552,7.496755629,10.87116775,66.36435958,20.90945226,134.973559,80.90615937,0.050729541,0.060171921,0.107716463,124.6513761,3083.796397
125.33249,-14.988663,22.98,-4.312409503,26.76304201,240.077993,0.667047639,5.173874804,1.435148947,1.591986867,0.177545412,0.076579915,5.565634711,5.42783346,86.37468101,8.087247556,21.23495086,13.55596029,0.509974856,0.059278401,0.017220727,149.9733333,17797.01912
125.33249,-16.988663,10.73,-9.832045054,26.96844553,250.3304466,0.516527411,5.444735349,1.476677728,0.953701138,0.104109111,0.059750278,5.469554283,6.539480556,80.50582778,12.14748889,305.592145,190.5681233,0.446763697,-0.001490475,-0.033661236,351.9909091,11368.76297
125.33249,-29.488663,17.49,7.363073697,20.67093371,249.519546,1.58516465,6.774251517,1.482541106,0.516390955,0.064363528,0.044810833,6.678775502,8.39173657,82.12464785,9.968039228,1206.430685,25.40421985,0.091018895,-0.040446866,0.027522907,220.3545455,2283.520582
125.33249,-31.488663,7.193663169,-1.291967989,18.403142,240.3312959,0.732843833,7.025751773,1.417048228,0.79719461,0.130351025,0.061253389,7.778137842,18.47175,60.39761944,25.05577222,425.7966593,35.13726024,0.035601575,-0.014382478,0.000912713,154.5545455,2579.096171
125.33249,-32.488663,5.890660029,-7.287660671,17.26775039,229.7391676,0.803497764,7.36017412,1.405692357,1.286272154,0.100430098,0.070561593,7.414033985,8.694241708,71.37950375,17.5309876,74.60251371,45.19574225,0.089445681,-0.102547543,-0.129801563,103.6555556,2967.859642
125.83249,-30.488663,9.560446216,2.305611083,19.33924711,246.1891725,0.795767137,6.976362025,1.436406207,0.755375195,0.121195027,0.070771694,7.75737561,19.73516667,60.71074722,24.02047778,759.2910193,23.07699367,0.038380485,-0.011776684,-0.025161778,209.7,2382.280653
126.33249,-31.488663,6.175691966,-2.747170836,18.22917535,238.7203588,0.737441584,7.10901716,1.425051706,0.804733943,0.135426943,0.086614252,7.910494368,15.68584167,57.43669444,27.70888056,325.3767914,37.24842624,0.053188188,-0.055203014,0.014726993,142.96,2586.80932
126.83249,-13.988663,16.13,-0.507437096,27.49699296,237.7134552,1.009139115,5.673380296,1.470428131,1.097763377,0.142848088,0.055781517,5.340845112,4.273072835,87.0705168,7.798033293,28.52561929,12.32545922,0.248294528,0.125562266,0.012529314,52.06578947,10013.1412
127.83249,-14.488663,9.838699,-5.856272016,27.13051793,240.7736939,0.713998784,5.628820681,1.479245146,0.976661255,0.132290813,0.044676765,5.403031864,4.992419382,87.125858,7.626812806,52.48440197,9.983780102,0.436896534,-0.075945419,-0.093799221,123.7887324,8912.585114
127.83249,-31.988663,8.788484722,-3.165650691,17.70972674,230.2514142,0.720641448,7.337994305,1.418224763,1.154595474,0.117304257,0.088843751,7.690302177,7.872315279,75.11422032,14.87588942,78.23863944,21.34024854,0.126132082,0.148835195,0.04148027,40.81012658,2789.482587
128.33249,-30.988663,3.800425825,-4.366655892,18.31607804,240.2541598,0.553865525,7.007434815,1.428669451,0.7190415,0.133550665,0.064308416,7.884134981,15.68797222,57.65574722,27.72448333,383.3193398,76.8576472,0.036774104,0.015708235,0.032866815,157.0272727,2448.484869
128.83249,-15.488663,15.45,-1.464238585,28.42448897,244.5350001,1.113945733,5.541914506,1.522771973,0.862861465,0.080488751,0.051619334,5.659739984,9.842678461,76.6155449,16.23287344,103.4286103,39.4367789,0.254657034,-0.068175045,-0.010018961,59.75,10407.01405
129.33249,-29.488663,15.15,1.656453987,19.88381542,248.1971222,1.54245546,6.843576925,1.433787088,0.459577692,0.073216833,0.055370806,6.732281245,9.023369444,84.03311389,9.259469444,913.7905327,85.47591416,0.065587028,-0.00374856,-0.031088286,221.29,2341.464225
129.33249,-30.488663,4.819968751,-2.918091115,18.89259988,243.0007683,0.712247363,6.935305656,1.440573134,0.657379806,0.114740111,0.052604334,7.861107523,16.53865556,60.51541389,26.10828333,489.7086338,43.92510725,0.033156874,0.02518706,0.100015902,161.3818182,2380.509656
129.33249,-30.988663,5.813776741,-4.520062175,18.20635321,238.7540622,0.704886279,7.0313474,1.420690754,0.689900805,0.133657943,0.088835223,7.910184995,16.47594167,57.70210833,27.92435278,277.790657,133.2743835,0.034004998,-0.085979547,0.079150526,139.21,2523.795854
129.33249,-31.488663,10.57,-0.737678432,17.79487157,232.9520605,0.627468162,7.172948315,1.423086704,0.96518962,0.120987015,0.100353781,7.820937341,10.31630538,64.23113718,22.67090829,86.21166017,65.69128188,0.054290128,0.085407854,-0.134874029,104.5555556,2784.008594
129.83249,-16.988663,11,-4.329839332,27.92277009,256.1317981,0.684376857,6.283740148,1.460270848,0.921819166,0.087017444,0.064202111,5.838863584,13.46219444,71.23153056,19.31129167,608.7834462,291.6773663,0.247701988,-0.054108009,-0.040080553,313.8818182,7203.325167
129.83249,-25.988663,14.53,-5.611450179,21.05158417,262.5107369,1.462032795,6.78383483,1.493144365,0.482082889,0.064969278,0.090482639,6.001733866,8.093966667,79.7571,12.24058889,585.2503497,33.33382963,0.380116852,0.047202327,-0.160342759,726.9090909,2715.985652
129.83249,-26.988663,20.69,3.486784896,21.08371321,258.5895486,1.37288252,6.84467398,1.509134157,0.428886721,0.065545249,0.067373861,5.914546665,7.827683333,81.31060833,11.17451667,874.4537524,47.55821614,0.177200228,0.001355703,-0.081509453,562.4090909,2690.086206
129.83249,-28.488663,15.21,1.151878746,20.22128594,253.5113934,1.035484894,6.805658066,1.462981061,0.406614194,0.070773305,0.081017888,5.890956464,6.529294444,87.04701944,7.254961111,1310.693589,51.64357776,0.197317073,0.007248518,-0.116781582,380.3909091,2267.659692
129.83249,-31.488663,8.552705282,-1.901850041,17.74930969,232.0734901,0.69874169,7.257540929,1.414401396,0.939561108,0.120235853,0.092772144,7.789965044,10.59831897,64.04103051,22.91667304,77.28219936,77.28219936,0.050429957,-0.052308808,0.015568435,91.74025974,2668.355139
130.33249,-11.488663,21.41,-14.2022419,27.38056831,229.9277993,1.139534652,5.014116835,1.331821357,3.224030039,0.202257966,0.079918984,5.193415836,5.629007613,84.86904972,8.633891213,16.01827838,11.33550339,0.128126459,-0.124150114,-0.070408595,23.11940299,23276.84004
130.33249,-12.488663,7.011904762,-19.45483013,27.63178327,227.8662771,0.943499038,4.663982921,1.338780897,3.487647939,0.187064338,0.070991605,5.454523944,4.714544494,81.85905845,11.06094321,4.222374819,4.184553139,0.102777901,0.093668615,0.584264224,14.7,18124.10551
130.33249,-13.488663,12.67,-7.347848119,27.94515501,230.0793571,1.156322663,4.847700432,1.437227078,2.230619097,0.151603249,0.043958677,5.402522871,3.565940778,67.81592174,22.55741307,51.1205292,30.58867354,0.077413478,0.061807306,-0.071473649,17.06593407,15362.84459
130.33249,-13.988663,40.67,21.64843522,27.61447883,233.0803336,1.006788531,5.104170543,1.450427987,1.452104521,0.14867004,0.047879361,5.185463148,3.639723879,82.97723556,10.11053478,192.9030867,94.44294906,0.334524904,0.072258908,0.001238118,73.22727273,14397.4141
130.33249,-14.488663,39.43,20.44467303,27.14260538,236.8618824,0.832583194,5.387546825,1.431444355,1.585284082,0.122822445,0.050482166,5.028397685,3.993452778,82.63076389,10.38125833,182.2306554,51.91277314,0.341999971,-0.083731336,-0.123413389,219.45,12967.26377
130.33249,-16.488663,15.02,0.353590438,27.94667897,252.5621966,0.433611749,6.062991324,1.470922301,0.941392222,0.089677722,0.053383139,5.792015974,7.943611111,78.76411667,13.06271111,455.9657201,237.7546353,0.295312745,-0.131298435,-0.032752781,255.68,7710.0465
130.33249,-18.488663,19.32,-1.526158803,27.26197298,263.5855976,1.5682681,6.241189254,1.526329949,0.646936445,0.067790139,0.052212056,5.478654922,7.320327778,80.271525,11.97228056,157.108874,95.53910594,0.152679626,0.009891923,0.037928202,380.14,5245.490422
130.33249,-18.988663,24.38,3.294438511,27.04666177,264.9940255,1.544760627,6.231936186,1.530881669,0.616457666,0.065397305,0.056843416,5.44544865,6.787861111,82.4317,10.64332222,312.1394887,89.02068532,0.146932753,0.050363842,-0.0093224,395.6636364,4934.02332
130.33249,-26.488663,20.78,1.856665881,21.00639866,260.5109436,1.440256936,6.733337047,1.50281744,0.443436193,0.059684055,0.067596416,6.052761675,9.251191667,80.3347,11.84806111,579.1274242,39.41466029,0.197826975,0.07070872,-0.011059417,625.95,2538.938581
130.33249,-28.988663,15.97,4.448639604,20.37621383,251.2466901,1.026594433,6.762542478,1.460878787,0.334642023,0.069235986,0.062442213,6.355091199,8.04658328,85.75569269,7.987598104,1097.185505,26.70593742,0.137061276,-0.029330303,0.071968467,260.6363636,2164.337708
130.83249,-11.988663,20.59,-5.752913189,27.19879591,230.3535091,1.041587092,5.049150126,1.363457735,2.525935308,0.162374552,0.051663093,5.139067264,4.27877153,83.81971265,9.328334401,19.0110434,17.57621315,0.448824102,0.008654214,0.012613084,46.93103448,18506.81254
130.83249,-12.988663,24.95,4.312560425,27.67974991,230.8314234,0.935065037,4.729444946,1.405909525,1.818773412,0.117836324,0.042903794,4.916938366,2.745467867,79.5050681,12.32635889,71.8509048,71.67035812,0.237352062,-0.020339758,-0.005148323,72.13,16512.7257
130.83249,-13.988663,18.87,0.457486562,27.72635639,236.3615197,1.036137728,5.223640802,1.459186085,1.388121591,0.134039526,0.080478868,5.309312746,4.727416508,78.24373966,13.34874432,284.6765033,149.6341363,0.348745417,0.00042726,0.002326278,86.49090909,12444.16588
130.83249,-15.488663,46.5,28.64138222,28.14669792,246.3355904,0.693586969,5.744558638,1.488746915,1.007108416,0.112372167,0.076069889,5.598346057,9.548141667,79.16773611,13.46370833,296.8116242,197.8038239,0.398371768,0.045493154,-0.033138569,126.37,9390.831568
130.83249,-18.488663,24.87,1.484427194,27.76114206,264.1060816,1.464083353,6.196577024,1.548070335,0.617311333,0.072980972,0.051206139,5.35648805,6.007058333,84.38993333,8.925222222,122.7522985,198.808745,0.077292136,0.125703711,0.134924437,294.93,5111.042455
130.83249,-22.488663,5.914631307,-15.12346717,24.72608432,267.6076535,1.412802302,6.48128617,1.545777126,0.299397583,0.042395416,0.091826862,5.491294244,4.39055,83.1628,9.59075,426.3015433,48.31533492,0.133662638,-0.045089181,-0.089139063,590.9272727,3334.352157
130.83249,-30.488663,3.577708764,-6.421860952,19.16763141,242.5536693,0.799139831,6.887675233,1.441374577,0.580468443,0.143435167,0.064913444,7.840318669,15.29548333,58.84618333,26.21026667,438.5630357,197.7925518,0.035762811,-0.098910261,-0.025324298,117.0181818,2204.022679
131.33249,-11.988663,17,-6.255953176,27.58875278,230.9205119,1.081389455,5.013282975,1.367451903,2.902094655,0.143364181,0.052356965,5.492083799,4.421817159,81.17559028,11.39174096,8.383045597,5.454942797,0.258078772,0.54122039,-0.028282296,17.84615385,15239.06709
131.33249,-17.488663,27.66,10.36984564,28.30525791,260.4520482,1.127388864,6.180236359,1.443383827,0.693544584,0.073828833,0.054152667,6.439523916,22.84288333,60.12406944,29.08083333,469.2213397,399.461768,0.102170151,0.074279213,-0.110202601,197.2090909,6425.24786
131.33249,-17.988663,18.68,-0.265867321,28.27425502,262.5933419,0.500065383,6.211459923,1.562031948,0.623545056,0.073662583,0.044372111,5.443626056,6.119566667,82.85505,9.886625,334.909264,226.5925803,0.071167292,0.061487427,0.023872601,227.09,5074.59807
131.33249,-22.988663,16.96,-2.973849477,24.20826835,267.841552,1.018142628,6.475685569,1.536437215,0.271796722,0.043083749,0.076526527,5.612588508,5.30995,84.63774444,8.498955556,374.1054945,52.54232697,0.146568096,0.003506148,0.111599548,577.37,3084.467915
131.33249,-26.488663,15.33,-4.796958469,20.81327716,261.6651167,1.443109573,6.707814017,1.501043408,0.478309915,0.070532944,0.073151194,5.976993635,7.630683333,79.75003889,12.34346111,501.0691442,24.25245478,0.287195155,-0.164592983,0.123237264,630.99,2456.794655
131.33249,-28.488663,18.34,2.889985659,20.58703673,253.7266416,1.126197418,6.695210024,1.484695264,0.349782446,0.067806722,0.07904786,6.057473273,5.518205556,86.91915833,7.189608333,1247.684939,140.3865958,0.131949754,-0.078313989,-0.076103975,329.5,2260.562556
131.33249,-29.988663,22.36,10.03522582,19.68341611,246.3028742,0.648238362,6.904357446,1.463392729,0.375421723,0.07909225,0.044551361,6.743690915,8.101694444,83.90020833,9.296091667,636.2743057,78.93394763,0.219541516,0.019762231,0.008334154,189.64,2248.724529
131.83249,-13.988663,26.8,6.024988211,27.61450427,242.802331,0.880745193,5.502520735,1.414604779,1.252672878,0.099181076,0.065676436,5.230996785,4.692338038,83.8277253,9.699024892,99.15395775,149.1685759,0.226545342,-0.095504596,-0.075801613,157.322314,11923.70234
131.83249,-17.488663,32.66,9.412517215,28.27213919,260.6862467,1.793550335,6.295933704,1.550152325,0.668884084,0.06923175,0.0507095,5.694094523,4.777708333,87.29821389,7.421441667,625.1171016,404.0911999,0.068907177,-0.007255225,-0.051783179,224.2892562,5862.217734
131.83249,-26.988663,12.45,-5.244722817,21.19368843,259.5885745,1.482945767,6.661316703,1.502715358,0.436468359,0.060928527,0.065291666,5.87292717,7.697088889,80.35380833,11.79285,772.3518043,33.75061383,0.119888821,-0.007143381,0.029892534,515.3727273,2284.067386
131.83249,-31.488663,9.604547229,-4.955149309,18.14275337,233.5389243,0.673805265,7.082520714,1.430811983,1.046806005,0.116235736,0.076695924,7.851230121,9.209050708,84.35539477,9.228069767,107.504518,58.79244428,0.131612119,0.000394484,0.069295538,77.28971963,3003.480876
132.33249,-11.988663,1.742834942,-20.38667229,27.85140322,233.5268266,1.046243455,5.372212862,1.420621813,2.378131521,0.118512446,0.049320258,5.578994454,3.136725344,71.43490486,19.76992332,11.81983454,5.948208288,0.094490127,0.006691247,-0.767169029,13,13746.52788
132.33249,-13.488663,19.63,-4.015168193,27.54104317,242.4495139,0.793736859,5.476311931,1.435185532,1.532325999,0.143314722,0.068001355,5.063955035,3.514760583,82.21465419,10.89854686,251.5346914,203.156988,0.467578503,0.002471223,0.029114343,168.94,13465.13274
132.33249,-14.988663,13.4,-6.433934833,27.72397921,249.9332905,1.073653999,5.800822778,1.476369985,1.05225611,0.060715694,0.063269333,5.335378248,5.061452778,82.28135556,10.88594444,213.4987221,153.675266,0.156371484,-0.02539969,0.040647328,175.82,8903.728522
132.33249,-15.488663,10,-8.129548161,27.78548472,251.701694,1.036352493,5.889678708,1.458399084,1.114055888,0.053452833,0.055645778,5.420218167,5.311055556,73.24805556,17.78201389,424.4231618,238.0998655,0.0370805,0.058864152,-0.050027335,182.46,8553.081621
132.33249,-15.988663,30.5,11.01358787,27.5693353,253.6998012,1.62011124,6.048189233,1.426722921,1.163568305,0.06625575,0.055070722,5.263937081,6.499252778,68.04630833,21.14913611,636.7016502,405.2220228,0.064999452,-0.035800728,0.073909415,226.9909091,7829.72855
132.33249,-24.988663,24.77,3.536328384,22.71125746,265.3880574,1.495969131,6.445418531,1.524747559,0.376905334,0.04126711,0.053151583,5.890551803,5.271038889,83.5236,9.702138889,394.0179297,53.24297412,0.135420984,0.101940377,-0.047743452,527.72,2463.637672
132.33249,-25.488663,19.68,-0.714237781,22.45869007,264.418548,1.581484694,6.464843351,1.504370879,0.394808584,0.041559343,0.076050665,5.969058325,6.949112369,83.7469772,9.683557642,535.5096809,32.89141145,0.086641899,-0.000769461,0.082974584,497.8,2359.314343
132.33249,-27.488663,8.273451517,-8.636535852,21.18114961,257.7307853,1.395406214,6.611312095,1.493104562,0.330419807,0.058895721,0.105703999,6.021368092,7.201697222,83.994925,9.239583333,1055.018347,58.67661808,0.108990946,-0.056870864,-0.017245806,401.4545455,2157.792931
132.33249,-28.488663,13.64,-0.164336666,21.08549389,254.0889613,1.038811403,6.658319879,1.49800225,0.296198792,0.058565516,0.066898678,5.855018566,7.758945878,84.6043067,8.516729286,1053.497677,27.05006632,0.140576949,0.02581092,-0.013444131,294.18,2162.343507
132.33249,-29.488663,8.273451517,-3.064496211,20.49418148,250.0202921,0.80289825,6.750693039,1.477016586,0.315819822,0.061635603,0.039890173,6.421141528,8.410500626,84.23425312,8.915979322,950.1585264,55.28016637,0.133981788,-0.074940793,-0.007173753,212.12,2248.508937
132.33249,-29.988663,15.09,2.742421476,19.78304161,247.3547376,1.017601199,6.856225369,1.482134687,0.314248685,0.078561591,0.04409917,6.62462674,7.94769702,85.61433397,8.13581292,768.4290135,33.64528194,0.178822016,-0.077022818,0.165081864,199.1,2314.970944
132.33249,-30.488663,16.31,0.83402849,19.26648107,243.932498,1.208432867,6.917717825,1.479380964,0.357575945,0.11467611,0.054587667,6.815950916,8.022525,86.34457778,7.646963889,575.7660041,95.76703524,0.139749377,0.114747879,-0.019709664,171.4090909,2417.090358
132.33249,-30.988663,9.061573836,-4.198360471,18.94012332,239.833107,1.064886839,6.925662145,1.462222958,0.484130617,0.111915828,0.070848102,7.512342108,9.384668593,83.91078671,9.40906717,382.5122997,36.46839587,0.183037658,-0.019178015,-0.027974985,118.86,2629.233336
132.33249,-31.488663,10.62,-2.556502753,18.3877534,234.5572811,0.749474721,7.024989401,1.430928575,0.916448027,0.115199221,0.078476972,7.831831395,10.73312778,80.55686667,11.49649167,188.562858,48.49571549,0.094910811,-0.063543754,0.052729514,56.01,3074.038951
132.33249,-31.988663,12.87,-0.606879626,17.90081607,229.0776718,0.732980383,7.262652953,1.411418726,1.235156042,0.122880602,0.089215568,7.71721159,9.957864384,81.15682532,11.42967014,46.42426913,10.48498787,0.214352542,-0.03399931,0.026660589,44.32075472,2933.793467
132.83249,-12.488663,19.07,-7.163398865,27.99958794,238.0435157,1.122596447,5.476073534,1.500244307,1.945261672,0.135337505,0.077853993,4.932128622,2.135265633,80.94206904,11.89720513,54.78634153,28.67918193,0.213692401,-0.046289395,-0.079218738,34.86363636,14229.29448
132.83249,-13.488663,19.55,-7.509187744,26.70523046,246.4045421,0.755864776,5.87825965,1.441786249,1.431488472,0.136681473,0.075168611,5.104247305,2.773069444,86.705275,8.144591667,338.9429622,277.9944072,0.497465697,0.038879481,-0.038449487,266.12,13029.6302
132.83249,-13.988663,35.17,9.952961195,26.98773951,249.1391932,0.712571109,5.97243834,1.432350088,1.230282162,0.102929836,0.06222008,5.039262477,4.262403151,86.57620795,8.069083727,291.2491784,271.0109252,0.336664654,-0.070455817,-0.132834629,262.3818182,11450.93383
132.83249,-15.488663,20.86,1.150783624,27.77190305,253.2945931,1.179905765,5.871847664,1.466626587,0.997264339,0.053709776,0.060890995,5.279992864,4.515486572,81.33095342,12.00163631,463.5782964,196.6183264,0.070384372,0.01538719,0.100777627,185.54,8738.285003
132.83249,-16.488663,17.33,-0.848138584,27.21495046,257.0076447,1.652686931,6.173159573,1.453018415,1.048798527,0.075817832,0.078853695,5.313775428,6.251125,68.93468611,20.777575,868.9409817,270.2240282,0.097875035,-0.009315778,0.058042426,257.25,7001.606715
132.83249,-24.988663,18.85,-1.256401013,22.6646284,265.4709534,1.450835663,6.351097012,1.523179117,0.379039889,0.033748222,0.045984444,6.092776692,4.680236111,82.64621389,10.57897778,461.2114519,43.08809991,0.140029885,-0.101605446,-0.062608764,497.53,2430.777551
132.83249,-25.488663,17.48,-0.988080257,22.5227658,264.5914035,1.582623612,6.44091555,1.511157055,0.355483604,0.036078482,0.053644636,6.155210704,6.431595465,81.31189961,11.55300917,650.0083293,29.4234832,0.109695696,-0.015105215,-0.087702077,472.4545455,2342.220299
132.83249,-25.988663,29.41,8.587197282,21.69901521,263.043917,1.711710841,6.503217671,1.512523725,0.36317114,0.042881022,0.067625692,5.7148051,6.840285631,80.89206934,11.77254124,796.7238584,111.4988768,0.143360711,-0.038000186,-0.075127985,550.47,2396.206688
132.83249,-26.488663,20.46,2.405742523,21.34666874,261.5243691,1.606402372,6.503293657,1.510732242,0.360625667,0.047654306,0.05995311,5.84600939,8.394852778,78.64011944,13.14561389,897.2451761,21.26437846,0.163641755,-0.094406014,-0.215098887,518.84,2392.849608
132.83249,-28.488663,16.55,0.710990567,21.44040486,253.7532084,0.964660242,6.648084362,1.4995395,0.313668167,0.059109527,0.066334,5.567098247,7.202291667,84.42186389,8.739202778,846.9367355,81.05352928,0.110789076,0.066219526,0.046623841,273.61,2072.749389
132.83249,-30.488663,15.65,0.254786253,19.23118109,244.3243146,1.240505811,6.898443283,1.478238943,0.328328879,0.103920625,0.050443883,6.497615456,8.801121601,86.57671231,7.323005625,623.6480335,77.80081705,0.131625185,0.051841758,0.019093077,189.1090909,2286.456099
132.83249,-30.988663,11.48,-5.624788055,18.81871571,240.4499057,1.190274868,6.931791956,1.456179222,0.428187277,0.112760055,0.067168499,6.887208083,9.516022222,86.40959722,7.623952778,412.9266306,141.2421734,0.140605737,0.163039837,-0.094456837,144.26,2641.848272
133.33249,-15.488663,31.3,8.766236035,27.72112862,254.4158275,1.490005752,5.860535236,1.444106505,1.044573221,0.064230166,0.0785175,5.107754533,3.820936111,80.64014722,12.48511389,581.5648448,245.8414887,0.05306496,-0.028595077,-0.083751889,177.7909091,8883.312828
133.33249,-15.988663,21.49,4.587537732,27.59759027,256.2149246,1.596405863,5.984525598,1.43411499,1.11879863,0.079484334,0.089796935,5.381805457,5.038741579,65.60470414,23.61573527,750.2855869,122.3410169,0.045338022,-0.002951188,-0.041575199,198.5041322,7922.155652
133.33249,-16.988663,18.38,1.982721216,27.31145878,260.1803869,1.932184165,6.264188147,1.472845065,0.874436471,0.069130027,0.103966194,5.478671278,10.97730556,63.93046111,25.83732778,1040.82682,144.0894342,0.065529018,0.058625333,0.08777152,238.1545455,5897.983399
133.33249,-21.988663,14.12,-8.585264634,23.99634445,268.8052252,1.664328344,6.60029788,1.527988475,0.478947166,0.055395361,0.066850888,5.352189198,5.516377778,80.19279444,12.379625,656.6401009,80.50966714,0.158173005,-0.024130104,-0.01641533,551.0818182,3543.656991
133.33249,-30.988663,12.07,-5.478491564,18.88067131,241.3424748,1.251437838,6.914750034,1.462499728,0.344693223,0.114004443,0.059651583,6.570384083,10.10243611,86.61548333,7.188633333,461.2040449,170.6042101,0.11827996,0.069906113,0.027024349,140.2818182,2394.645868
133.83249,-11.988663,26.55,4.508040802,27.24511077,237.5679596,1.003461041,6.234118811,1.427030085,1.427185394,0.090666755,0.073607147,4.967233637,3.799585561,86.82761606,7.703205894,62.18511941,28.6365753,0.200904076,0.045266167,-0.013615346,33.24418605,13693.38175
133.83249,-12.988663,27,3.031895298,26.22305393,246.4582399,0.795503916,5.959203417,1.442965411,1.287152611,0.087487944,0.069141472,5.088818396,2.435133333,89.28274167,6.378913889,367.7503488,183.0865806,0.24532898,0.016780904,0.10016992,310.76,12135.10886
133.83249,-13.988663,10,-8.281850054,27.28968277,251.8718346,0.756638555,5.87453221,1.457720381,1.115884943,0.098799474,0.054875972,5.331600826,3.590733333,84.27133056,9.63765,608.9776743,102.3802969,0.236926937,0.083757931,0.023407113,203.3181818,9936.072992
133.83249,-19.988663,15.21,-9.085760348,26.88129218,269.7769975,2.01456366,6.759269571,1.540643911,0.411196027,0.03759286,0.050894333,5.105191614,6.684011111,84.66576111,9.154436111,204.7403053,43.65649221,0.082175054,0.01758802,0.104578858,306.54,4029.4788
133.83249,-20.988663,18.59,-4.307451558,25.53157011,270.0846502,1.626253668,6.838538309,1.537633045,0.397968154,0.039700113,0.059184017,5.243709802,5.477175713,84.6585778,9.332962794,589.7703334,90.09592543,0.161364928,-0.02080592,-0.07575972,414.5181818,3501.778161
133.83249,-25.988663,25.99,9.485219168,22.12764065,263.1846763,0.939454363,6.388319748,1.498695084,0.406902861,0.0449745,0.063032361,5.885434139,8.890291667,79.28220833,12.9555,966.9649895,63.08111068,0.178607221,-0.109444508,-0.044680586,430.46,2239.528368
133.83249,-27.488663,8.720665112,-7.977008932,21.9059387,258.5714228,1.247683281,6.58409279,1.503642885,0.352823695,0.044174778,0.060986277,5.759961414,12.8206,77.14948056,13.71406944,755.4414779,41.95761867,0.11114432,-0.05547173,-0.010057184,304.7090909,2016.491216
133.83249,-28.988663,5.916979879,-12.03486691,21.43322861,252.4317434,1.780112709,6.698375242,1.502359131,0.273741024,0.051583902,0.042414397,5.918407652,12.60269794,81.1578652,10.81196073,394.7925869,40.60156598,0.059687198,0.009458628,0.06884542,189.5636364,2007.535058
134.33249,-12.488663,24.36,2.502701414,27.32277468,240.7207962,0.978268161,5.903482272,1.440865973,1.319562387,0.085220348,0.057012662,4.939835894,3.832272151,86.57388826,7.77974365,150.9424398,82.05961401,0.212231684,0.047105134,0.061259202,61.92727273,12957.06
134.33249,-17.488663,7.264400667,-12.83328558,27.34349273,264.0093094,1.90574761,6.368347236,1.497497173,0.798091721,0.0692285,0.089033417,5.42078736,12.197925,59.46824722,29.49091389,860.7182223,212.2474072,0.064358812,0.060970536,-0.058735475,240.6818182,5663.198064
134.33249,-17.988663,15.64,-0.106552464,27.02627591,266.445171,1.991194245,6.482547465,1.472268572,0.637236471,0.062476082,0.057942861,6.304104832,21.4687,48.68256389,39.25977778,658.4579692,73.22083802,0.051172242,0.101633621,0.013342327,225.23,5107.957236
134.33249,-25.488663,22.37,3.161007367,22.91490541,265.0407612,1.339954218,6.262573416,1.528390612,0.35448189,0.040027611,0.059391389,6.051591389,7.202897222,83.11701944,10.472725,778.0400216,27.67029125,0.168476411,-0.092725621,-0.0488502,320.0818182,2255.789033
134.33249,-27.988663,8.359454131,-9.083326721,21.56158673,256.9095653,1.17085332,6.623242214,1.505949892,0.413868254,0.051840923,0.056948123,6.145740839,17.04875379,71.92492984,16.65860402,469.6154044,64.74653998,0.157150852,0.005824903,-0.116584606,252.58,1928.249412
134.33249,-28.488663,1.806565811,-15.12581254,21.29798286,255.0023481,1.135491504,6.713406456,1.497953763,0.3834477,0.050559167,0.052063492,6.212241142,17.88789439,73.04024368,15.78543372,288.9022605,32.22195933,0.153456119,0.018232264,-0.086816171,241.41,1784.375158
134.33249,-30.988663,17.05,2.96127861,19.26506569,243.2343825,1.351700254,6.862488729,1.472006433,0.340574278,0.088492603,0.041014292,6.751458168,10.82838609,85.88275805,7.552831525,555.2138031,23.43936824,0.170340276,0.051330894,-0.113636362,134.19,2164.829565
134.83249,-15.988663,33,12.5194029,27.58634915,257.2158248,0.746429777,5.884824098,1.477691959,0.947378082,0.077296278,0.046506666,5.531503472,6.902827778,80.55379444,12.30071389,420.7093343,237.2709227,0.195818191,-0.074926049,-0.035022793,162.3471074,7583.039729
134.83249,-25.988663,13.31,-1.958534153,23.05464748,263.3507346,1.538027597,6.305453886,1.513014515,0.395713639,0.039087583,0.041789499,6.035903083,12.43503611,73.92381111,16.89855556,1046.968187,28.78756814,0.101362079,-0.094990805,0.003465765,225.5363636,2105.872508
134.83249,-26.488663,12.57,-0.641786148,22.80554424,261.1212341,1.398017964,6.401615793,1.507568125,0.412283443,0.033037888,0.038032333,6.081871805,16.09066111,70.49014167,19.26278889,1067.690694,15.065819,0.150869779,-0.053864102,-0.06173574,232.3363636,2026.163189
134.83249,-27.488663,10.8,-4.716592196,22.16956903,258.3947352,1.44119688,6.508310695,1.511037267,0.410361416,0.042950277,0.038967416,6.040499502,18.80349444,68.47074444,19.80135278,644.7093463,36.96104963,0.137837124,0.031267453,0.058584336,201.7603306,1769.294323
134.83249,-30.988663,14.76,2.611079832,19.42024272,243.8268384,1.49777134,6.802562796,1.47201647,0.379589364,0.079259609,0.044690876,6.940831531,12.13920692,82.97309045,9.306373271,675.9775213,29.74197679,0.150630342,0.081839697,0.013214499,158.2181818,2040.02235
134.83249,-32.488663,22.28,8.978068955,18.01153125,233.0503727,0.762078242,6.973814743,1.442299337,0.970411052,0.109839187,0.049022321,7.520091647,9.545075023,84.20971932,9.392047572,230.8949947,9.119374103,0.108299287,-0.08599619,0.087378991,101.3057851,3416.257195
135.33249,-13.488663,17,-4.715719815,26.69020668,248.1806605,0.370383833,6.111670035,1.454018046,1.158266055,0.082680167,0.041465138,5.130907767,3.238,88.01097222,7.071827778,222.0884504,73.02660173,0.403884306,-0.014162412,-0.03827915,149.2,11672.82425
135.33249,-19.488663,10.51,-11.76928702,27.17600314,269.8612854,1.884890777,6.70661491,1.537199474,0.443820664,0.052960861,0.070847528,5.554887331,9.719547222,77.89494167,14.74691944,491.6687899,75.50001061,0.041456231,0.018274112,-0.020422787,230.1,4034.621071
135.33249,-25.488663,3.130495168,-14.6921576,23.53544406,265.0760806,1.454486878,6.229670447,1.524800699,0.321610529,0.043320389,0.03981636,5.919532389,8.010827778,83.99140556,9.931597222,972.2833622,44.61956462,0.096748255,0.070132235,0.012793346,175.5636364,2022.454332
135.33249,-29.488663,8.422522714,-4.120736431,20.77870573,252.0783379,1.760366506,6.700177171,1.465268447,0.33260614,0.057649139,0.05540675,6.954212467,20.41973056,66.78004722,18.331875,319.9359371,19.27276033,0.106445599,0.044594802,0.076934879,175.06,1815.805063
135.33249,-31.988663,17.06,3.911572542,18.36243483,237.7805951,1.20485927,6.864399472,1.433943509,0.782133934,0.148258415,0.05817531,6.984578687,14.00494353,77.7623005,12.59347673,449.0857073,20.61260242,0.227188866,-0.120965417,-0.012876942,178.02,2482.063074
135.33249,-33.488663,33.52,17.56497289,17.25268937,226.1774816,0.671389305,7.056046226,1.435161018,1.304632388,0.094268974,0.051807389,7.149474499,9.335266667,85.770725,8.399825,129.8805703,37.97708387,0.102571635,0.110610752,0.009633412,57.93,4090.494577
135.83249,-14.988663,12.93,-9.846911078,26.91297421,252.9286499,1.014847771,6.142392635,1.482939523,1.211274146,0.075986977,0.038861045,5.717688471,6.520953979,84.85219179,9.527367465,9.914162816,5.791524126,0.154926529,-0.750893491,0.276772641,9.411764706,8900.683976
135.83249,-16.988663,10.27,-9.326648706,27.31668865,260.4187547,0.494943777,5.933151683,1.477897808,0.99203486,0.078678861,0.094618222,5.788519275,9.139016667,79.54236389,12.736375,528.7453605,142.1131864,0.197265112,0.14554756,-0.013710789,171.84,6646.573346
135.83249,-24.988663,8.497058315,-10.30189309,23.94600554,266.3260423,1.754505699,6.295954119,1.523465005,0.300421667,0.050770833,0.043735416,5.936587533,7.271219444,86.65747778,7.904586111,987.9301026,47.62645169,0.062328963,0.115678983,0.00348129,180.25,2167.081458
135.83249,-25.988663,13.86,-0.19212001,23.44076811,263.5280592,1.696014536,6.332192213,1.521715693,0.322568751,0.042516666,0.038964805,6.171314246,10.134375,78.47413611,13.41405833,1259.543064,37.7964053,0.072134759,0.063100261,0.024402576,123.1,1900.414825
135.83249,-26.988663,7.946641582,-4.937272166,23.05691441,259.8720814,1.456943697,6.479060416,1.51933163,0.37029919,0.033470962,0.034352339,6.230321459,13.96615681,73.25609916,16.82526,970.5410699,18.63065783,0.134398699,0.003727164,0.051009851,100.77,1721.360371
135.83249,-28.488663,11.63,-1.434455236,21.72494007,255.8298667,1.356264654,6.587163711,1.502297668,0.355386723,0.049883746,0.04156266,6.578142905,17.16891773,69.51541666,17.67740044,508.7489251,16.79975226,0.234374596,0.001239077,0.036196361,144.51,1553.281034
135.83249,-32.488663,13.76,-1.251113457,17.81570078,235.1279214,1.086910693,6.903300355,1.417942617,1.03432375,0.164717931,0.072474374,6.826137309,13.69465914,75.75728397,13.49427335,286.3798844,21.53595838,0.332445079,0.026872165,-0.086518068,208.3909091,2857.795382
136.33249,-11.988663,13.43,-9.62350946,26.77483202,233.3468695,0.899166529,6.934413284,1.411435287,2.083581384,0.131013307,0.10995335,5.279947221,3.20383999,81.68129097,11.45248169,11.61524469,11.58809269,0.228004469,0.065199307,0.073210754,32.54285714,14343.33642
136.33249,-15.488663,10.11,-13.62715188,26.68903231,252.5715419,1.112791343,6.178190885,1.489984688,1.062025549,0.067465724,0.038531804,5.674385364,4.614862664,88.83054704,6.876907919,32.75714358,17.75085227,0.066056025,-0.056261819,-0.014677724,11.90243902,8865.926529
136.33249,-25.488663,8.04984472,-10.74275862,23.81554593,265.0410215,1.61782965,6.394079477,1.527337974,0.274395056,0.049511278,0.05419225,5.973621464,4.845816667,89.63018333,5.673522222,1283.835948,162.6489057,0.038160381,-0.032616073,-0.069488606,124.4636364,1936.113532
136.33249,-26.488663,9.322683414,-6.82275826,23.30717814,261.8954346,1.778448838,6.415404732,1.530430193,0.307866141,0.045252889,0.041882888,6.267313913,5.2449,85.23814722,8.007902778,1261.416427,137.0582699,0.030625306,-0.002951884,-0.066781623,71.03,1735.39257
136.33249,-27.988663,19.52,8.771173839,22.32930258,256.9224571,1.564002495,6.508641937,1.507043289,0.357734508,0.037637868,0.038112813,6.727058265,19.2757307,66.79612663,19.21667522,797.365004,22.98858762,0.117376938,0.001027083,0.109627064,53.55,1541.894565
136.33249,-28.988663,10.29,-0.220565676,21.5037267,254.2437284,1.590281136,6.522034528,1.497644791,0.316330443,0.051826416,0.044404043,7.138131812,15.70117857,71.48981301,15.07558673,634.8078613,9.715914159,0.101274788,0.04099313,0.002899575,84.30909091,1377.765892
136.33249,-32.488663,16.81,2.264061383,17.93194668,236.8652573,1.226327167,6.864149224,1.420426677,0.962481916,0.162939694,0.063699861,6.819822582,14.42003889,73.66698889,14.70658611,281.2975841,25.29118696,0.261930227,-0.097287834,0.032772571,213.0636364,2616.572978
136.33249,-33.488663,28.16,8.489414558,16.32629158,228.4188801,0.841324832,7.063787274,1.461358778,1.206342444,0.095851583,0.082947584,6.648053805,8.822944444,83.39294167,10.03423611,101.8714158,37.67014137,0.400153292,0.080782387,-0.016554462,237.65,3897.363329
136.83249,-16.988663,13.31,-7.857785391,26.74303986,258.5735654,0.384341805,5.920114383,1.483885065,0.960396249,0.064725861,0.050771111,5.687537911,7.974083333,82.65245,10.70150556,418.760726,188.3336598,0.184998732,-0.04198265,0.009526592,168.7818182,7630.678296
136.83249,-29.988663,12.69,-2.276349284,20.83474353,250.8764331,1.524514519,6.510842397,1.485070196,0.302882849,0.053861497,0.03746151,6.860766919,13.10062877,79.84898043,10.52159308,221.1455636,11.30646111,0.153614513,-0.014169901,0.146984301,107.8090909,2044.602492
136.83249,-30.488663,5.366563146,-11.49012207,20.43387154,248.7131391,1.657322071,6.531168365,1.482351095,0.316846469,0.064158066,0.037136543,6.862902985,11.82428334,82.07949722,9.399946075,73.59485865,8.34790327,0.059599571,-0.018643397,0.030044492,107.3305785,2014.55643
136.83249,-34.988663,20.58,0.074175349,16.32116874,215.0683793,0.664466065,7.676169395,1.348131829,2.104460331,0.155526923,0.102866305,6.789378067,15.27495014,85.93851153,8.347305665,14.18681667,12.95622991,0.239829151,-0.267551016,-0.081057381,24.86956522,6029.786355
137.33249,-17.488663,10.93,-12.10730864,26.31451137,260.7096217,0.751322055,5.992617766,1.47943943,1.023836277,0.064562083,0.068051389,5.511036636,5.098097222,83.73659722,9.944555556,480.7436128,110.4075663,0.160793445,-0.021087176,0.047045598,270.1272727,8296.232303
137.33249,-18.488663,9.167878706,-12.051018,26.84351383,266.0247434,1.103301757,6.244720602,1.516122755,0.755680585,0.065105123,0.071650775,5.529053219,7.563354614,79.68148506,13.03471794,654.2252137,147.5137107,0.158254411,-0.02045363,0.019884672,295.71,5458.811649
137.33249,-26.488663,14.06,5.20295286,23.15359638,261.8544375,1.209826199,6.467406407,1.49863795,0.38654213,0.089462392,0.082128776,6.927667765,3.298189588,83.0548537,6.859567238,1530.095971,43.57067998,0.044506923,0.040734672,0.05911304,37.98,1586.807621
137.33249,-29.488663,12.27,0.364489722,21.42477548,253.5636411,1.552790677,6.466514431,1.474884474,0.379749127,0.071532833,0.056380872,7.413220275,18.72941918,71.95675247,13.44572545,467.4954999,12.07172385,0.086401662,-0.073523477,0.00154991,7.61,1844.423795
137.33249,-31.488663,15.32,1.450922613,19.55031372,244.0011495,1.33388704,6.499983805,1.460070513,0.383195602,0.068670109,0.03544306,6.88014783,12.96944529,80.48626889,10.96458812,252.3749052,18.99773688,0.259540279,0.006166628,0.051189114,112.43,2073.606195
137.33249,-34.488663,20.33,6.883742556,16.79385034,221.5585889,0.783199379,7.553193808,1.364624789,1.605221646,0.138582698,0.060330483,7.58942397,18.89267812,75.47810181,14.45354224,11.45170253,10.68485773,0.503086273,-0.045212597,-0.242803074,31.47058824,4233.049121
137.33249,-34.988663,29.13,12.87262024,16.42536298,216.9040355,0.789762882,7.67198498,1.342855999,1.898010723,0.149940429,0.071943967,7.077435032,15.9571693,81.62420437,11.06062513,22.54821325,17.39045056,0.203687497,-0.058689236,0.04083313,34.9516129,5318.32616
137.83249,-16.988663,23.48,-0.460458757,26.30302623,255.6623856,0.778469889,5.913395886,1.465813928,1.105422249,0.072058777,0.033165583,5.452247139,6.102438889,82.12829167,10.87339167,183.6500137,108.5701274,0.290903588,-0.035618236,-0.006213254,125.41,9566.36719
137.83249,-17.488663,29.63,7.036134573,26.57093107,258.6992144,0.501076944,5.937721725,1.452251928,1.111040555,0.086076528,0.061738778,5.503384087,7.182838889,81.81679167,11.11884444,356.1625425,165.0021772,0.42797476,-0.021632596,0.027477878,207.6545455,8197.795116
137.83249,-19.488663,16.43,-5.492304323,26.71076135,269.3188513,2.03868127,6.39339001,1.463203619,0.550833329,0.059542693,0.102981112,6.385887278,32.14543333,42.57056389,44.87299722,228.5048695,72.19458713,0.026829975,-0.119588896,-0.167911576,260.4,4296.615476
137.83249,-26.488663,11.53,3.998090184,23.256839,262.1879833,1.073720765,6.499338675,1.485182041,0.488045948,0.107664504,0.093586455,6.926884186,7.521567158,78.20079693,10.20932406,1665.218314,4.241977742,0.046169835,-0.030319851,-0.001704915,24.85,1547.960084
137.83249,-32.488663,22.43,5.015486187,17.85572564,237.8432759,1.013764324,6.7158662,1.411131926,1.164603106,0.130965589,0.059104204,6.877213785,18.63802894,73.46464269,15.41325272,40.53356451,14.3696082,0.94183265,-0.14113462,0.047692877,161.76,2859.566816
137.83249,-32.988663,17.61,-2.904048051,17.67808925,234.9190498,1.105483264,6.786395352,1.422879393,1.238561979,0.125379631,0.072455344,6.772395354,21.34833143,76.50845333,13.52510695,21.27115783,10.32937106,1.327487867,0.022002961,-0.218022884,68.70212766,3255.875789
137.83249,-34.988663,30.51,15.79650013,16.5218912,217.368398,0.802788452,7.573761665,1.354249465,1.73288542,0.154118059,0.063614913,7.125045393,18.91434228,77.22041333,13.95823309,23.25319523,12.4079353,0.173168424,0.142139295,-0.265003635,50.18918919,4510.183881
137.83249,-35.988663,21.01,-5.096785623,15.61043873,208.7653707,0.748337264,7.874876272,1.317453162,2.997891796,0.207397804,0.104685838,6.025714065,34.7974193,82.89205716,10.00955767,12.18908541,8.758015705,0.237231493,0.076405348,-0.092820001,54.63636364,6280.791969
138.33249,-17.488663,38.03,16.21639507,27.02685808,257.69055,0.903318675,5.91231463,1.4850202,0.929194972,0.068020666,0.031385055,5.302364657,7.270891667,80.59073056,11.93535,251.2297085,74.47820215,0.201833489,0.013454437,0.003428068,91.00826446,8361.464989
138.33249,-19.988663,20.35,-2.776275215,26.75967848,269.6623943,1.448030277,6.482487804,1.500549162,0.626775971,0.058754777,0.073983,5.674844056,14.483425,66.48844722,23.70177222,116.1618358,82.57821327,0.107071273,0.017059131,-0.013927971,266.5909091,4101.923049
138.33249,-20.488663,18.14,-2.250086119,26.59335258,270.8954071,1.954552358,6.572170765,1.473625953,0.533570997,0.0526615,0.065380861,5.893520833,21.20472778,53.16967778,34.70094167,265.254234,39.77664158,0.067069011,0.059468517,-0.011430582,237.5272727,3783.032575
138.33249,-21.488663,13.8,-0.022256121,26.40349157,271.9519506,2.030586104,6.672843361,1.408290938,0.489125275,0.044379916,0.046167944,6.550820584,24.48674722,52.56831667,33.90969722,582.2554506,30.15809767,0.049420123,0.098848422,-0.057452841,189.5636364,2804.479761
138.33249,-25.988663,19.23,8.271701795,23.94212158,264.0207275,1.317343609,6.555535407,1.512536988,0.364422529,0.057663555,0.056138917,6.474903246,5.280730556,83.81106944,7.522327778,1472.244779,31.78452049,0.012471708,0.021044058,-0.139116883,35.87272727,1554.845027
138.33249,-26.988663,8.94427191,0.269045938,23.24949449,261.42589,1.360387054,6.554088658,1.502835181,0.501786378,0.094246412,0.059318039,6.940272425,10.33347413,77.41666273,10.95602273,1533.4538,7.815573216,0.015388626,0.02476416,-0.146541702,20.14545455,1571.290041
138.33249,-27.988663,13.99,1.87979082,22.58584729,258.0411493,1.469123638,6.529595826,1.510377097,0.432929603,0.074357925,0.050611092,6.75923173,11.06980904,79.2892259,10.88260169,1108.513879,16.32323614,0.062161004,0.166702969,-0.038459864,27.37272727,1776.097362
138.33249,-28.988663,8.131156281,-5.128778172,21.97411138,255.7086182,1.633132241,6.470731783,1.498837707,0.396791166,0.056776197,0.057360563,7.183173497,13.19679706,77.61902091,11.1092924,684.2782172,18.34994868,0.080250176,-0.056845488,-0.001934682,25.89256198,1836.124398
138.33249,-30.988663,10,-4.982080227,19.92488532,248.9718337,1.182155643,6.561261624,1.443613266,0.564858388,0.099186611,0.055278,6.970028834,16.74832778,71.30451111,15.40381111,180.7761386,42.96661987,0.61057338,0.032427376,-0.045384001,207.5,2850.528662
138.33249,-32.988663,30.51,7.657646824,16.19683445,234.5773819,0.696719081,6.791364835,1.424308591,1.822677822,0.164108684,0.08719667,6.185372119,16.28005989,68.73843474,18.24087516,39.36893373,20.07796581,0.775346514,-0.087208771,0.000167982,406.0363636,4205.152319
138.33249,-34.488663,5.408626507,-10.77960056,16.7408843,223.1297997,1.0363182,6.724638922,1.393908403,1.432931742,0.127531851,0.055901026,7.165268809,24.33169043,73.33002987,15.26758627,26.72007521,42.33756377,0.205544282,-0.103821927,-0.030868892,32.49122807,4427.53956
138.33249,-35.488663,29.8,-3.081735739,15.11890417,213.7426886,0.906341332,7.559847765,1.237276064,3.872262883,0.266945164,0.065708054,5.454037926,57.92583881,74.5769782,15.03724662,20.0466945,17.93563956,0.816364806,-0.053549241,-0.180086999,198.4444444,6356.499938
138.83249,-16.988663,28.37,1.291064086,26.45598731,254.0289523,1.261399911,5.885336296,1.500054541,0.981348316,0.08390214,0.035571633,5.34554294,4.856139607,81.74470711,11.33666852,71.83885362,21.18756878,0.039840517,-0.020667355,-0.053944336,11.21052632,11504.85099
138.83249,-18.488663,21.75,0.018321881,27.55902287,263.0799316,0.985174224,5.985708163,1.499032496,0.785247834,0.057399944,0.069300833,5.687658146,10.77391389,74.48034167,16.30239444,239.3208725,119.552436,0.155150161,0.056795547,-0.12933923,93.94,6128.315491
138.83249,-19.488663,30.45,10.27570632,26.97176747,267.7808683,0.418891082,6.327584778,1.484923761,0.864489666,0.065695138,0.05661125,6.04678436,13.03898333,73.85451667,16.78458333,358.468267,205.6658069,0.18561781,0.073361293,-0.018923584,249.25,4898.546255
138.83249,-19.988663,28.85,6.734210205,26.57930363,268.5907601,0.834632415,6.487232074,1.500570416,0.812821694,0.06387075,0.069775,5.506535829,10.65763333,74.09011944,17.01688611,298.7827078,83.07545112,0.099234402,0.112968997,-0.100620368,315.34,4575.376863
138.83249,-21.988663,15,0.234571504,26.06928765,271.9055878,1.905394276,6.713940833,1.445577433,0.45405922,0.040644721,0.04147836,6.467512169,19.79363333,56.09093333,31.323675,561.0831494,33.04476564,0.10300976,0.065659807,-0.025709761,198.56,2618.829081
138.83249,-24.988663,33.1,21.86014557,24.77521813,267.0748469,1.399830016,6.647930661,1.488073745,0.485628944,0.045927882,0.03993125,6.258898453,17.29681512,60.86357359,25.49113954,996.6132668,8.279415267,0.045922105,0.099419565,-0.022064951,71.39,1624.179191
138.83249,-25.988663,13.92,3.661035445,24.22915508,264.5543518,1.378085634,6.585350613,1.50604632,0.409574227,0.059830207,0.049938631,6.460802331,9.044415538,78.72733059,10.88427448,1388.174862,29.89399679,0.019813902,0.066166096,-0.065275579,40.27,1501.757958
138.83249,-28.488663,7.781516561,-5.422536169,22.32737018,256.656281,1.532375641,6.487895644,1.50964169,0.403291912,0.06598696,0.062320448,6.927593906,12.7474721,78.32139186,11.19621478,914.8138519,16.00054874,0.065693616,0.041898471,-0.068336032,30.06,1989.147902
138.83249,-29.488663,10.1,-2.941884714,21.54179203,254.1289153,1.484685244,6.572259192,1.491493064,0.34204114,0.045927444,0.04295111,6.918950279,15.03061944,74.16174444,13.84400278,506.6422966,26.60851785,0.124301515,0.077557628,-0.019273666,99.85,1992.048448
138.83249,-31.988663,9.298942906,-11.69255911,17.27069356,242.3352502,0.814652181,6.544217339,1.423816639,1.097814638,0.316603222,0.090287695,6.911969526,15.32923333,70.70818056,17.93696111,187.5615566,153.1298575,0.790829038,0.068017454,0.066089645,487.8,2969.517066
138.83249,-35.488663,18.53,-5.668746022,15.51324884,214.8740956,1.036855199,7.155878794,1.340628639,2.540234091,0.194689096,0.06769159,6.086451349,25.31698094,81.16266804,11.02308804,23.74249444,22.24610908,0.442793583,0.065593573,0.005484868,95.20833333,5353.517337
139.33249,-17.988663,17.21,-2.866984865,27.33129422,259.4942874,1.383710666,5.886734095,1.499253933,0.886592888,0.073261611,0.03197761,5.718736332,14.75053889,67.783,20.72304444,186.7065601,51.64438522,0.033480317,-0.073060686,0.024848874,23.14,7090.112991
139.33249,-20.488663,21.62,-1.169702441,25.87469507,268.8265672,0.299797945,6.568619472,1.497991352,0.7724158,0.074927943,0.074734246,5.474126037,9.690058529,77.03681654,14.53001057,127.4828361,93.59960186,0.20905293,-0.029244973,0.008853558,384.77,4357.638942
139.33249,-21.488663,22.99,0.695772353,25.57581247,271.0948356,0.668026627,6.706443041,1.499195526,0.635962415,0.056474555,0.069793278,5.686537611,9.936305556,74.79290556,16.32381667,326.0830916,147.1279892,0.257575523,0.044705735,-0.042470958,343.54,3374.248653
139.33249,-22.988663,14.19,-2.759840453,25.81793428,270.2359004,1.442440781,6.609721069,1.48892792,0.438131055,0.034151722,0.037506055,6.181683803,15.74314167,62.27762222,25.69348056,254.1251548,27.68357649,0.092644877,-0.020650654,1.42e-05,145.84,2152.502247
139.33249,-30.488663,17.89,3.872536321,19.80766616,248.8872939,0.941844015,6.316917545,1.430580501,0.747311769,0.113438482,0.063003508,6.698989833,15.78319481,71.00545835,15.91307198,403.0835039,67.70421687,0.778354948,0.054185892,0.059228688,281.7818182,2545.761932
139.33249,-32.488663,6.356821822,-10.2326631,17.28612198,241.9622951,0.73557841,6.596413638,1.437638428,0.722323499,0.261910083,0.096033029,7.339652942,16.39395556,72.736475,16.25335556,296.9510393,48.45360501,0.307813811,-0.017843537,0.063516584,340.0272727,2469.056489
139.33249,-34.488663,16.13,-1.712972819,16.06921204,225.6245876,0.530884376,6.507299748,1.41499275,1.517770404,0.149572066,0.061342657,7.02006231,13.99543806,77.9241438,12.46009135,112.9832043,92.96261856,0.48856935,-0.029951784,-0.071223398,178.34,4033.070385
139.33249,-35.988663,17.95,1.397964321,15.78172743,213.5253153,0.608926501,7.28513743,1.397168518,1.534354046,0.132615687,0.070401735,6.816231704,7.245344194,92.4187356,4.566348999,20.58843883,15.94745986,0.042687085,-0.010182077,0.149764348,10.65217391,4664.124316
139.83249,-20.488663,22.76,2.348846212,26.09707869,268.0981442,0.072577327,6.505188446,1.466788648,0.916923048,0.098369382,0.069847776,5.643664792,11.34019298,75.83589077,15.17569479,168.4061586,48.18920594,0.317373722,0.063180188,0.012523288,323.3272727,4473.312712
139.83249,-20.988663,18.9,-2.718954863,25.33731308,268.7415654,0.048436731,6.620803033,1.476179345,0.843827763,0.088841087,0.082129,5.572284257,9.775507252,77.85704591,13.74334905,175.628229,65.4860971,0.318290499,-0.064972463,0.157596005,414.4297521,4420.767685
139.83249,-21.988663,18.71,0.287608703,25.51388229,270.6715991,1.285722355,6.606579549,1.470248454,0.504949414,0.041372416,0.0600295,6.068515921,16.37907778,63.04888333,25.81775833,393.7073412,64.51369319,0.116046744,0.03690581,-0.031581759,269.3454545,2959.464043
139.83249,-25.988663,11.85,1.939222422,24.30285716,264.4320195,1.300179483,6.643118117,1.521196784,0.340256755,0.038387936,0.033311975,6.260427229,12.82192021,72.18095079,17.42131287,1310.826662,10.51168364,0.079655321,0.077745646,-0.0429039,58.15454545,1538.261282
139.83249,-27.488663,5.502481003,-2.827474355,23.28516745,260.2653383,1.561118808,6.512300448,1.497578864,0.426735102,0.073335805,0.049432492,6.482971419,13.12253554,72.27536368,14.39916468,1454.525399,5.573357847,0.020174864,0.080540718,-0.130686494,32.99173554,1619.18357
139.83249,-30.488663,8.429976275,-1.808762809,20.81756035,252.0105152,1.826614828,6.090642077,1.451054317,0.428394046,0.064469296,0.04620196,7.253148103,17.51771828,65.85428516,16.71575962,613.5987956,13.9116632,0.072895591,0.045951746,-0.014292761,15.27272727,2293.164246
139.83249,-31.488663,10.88,-0.27457328,20.31569693,247.5876086,1.94673661,6.177470612,1.468043243,0.428694804,0.064726083,0.035327333,7.34407509,14.49850556,76.10116111,11.48338333,608.5638334,31.97199352,0.089235613,0.094107155,0.045617773,81.4,2252.283128
139.83249,-33.488663,11.51,-3.691478423,17.94015479,234.5708506,1.333213974,6.396206938,1.436044717,0.903522499,0.164219112,0.048661833,7.367886446,13.73045,74.72196111,14.39258333,299.3608825,127.2745581,0.083505771,-0.017537421,-0.013572224,100.9818182,2912.2815
139.83249,-33.988663,10.34,-5.531402567,17.61900004,231.2972415,1.096745783,6.379828453,1.438394871,1.070328254,0.119146803,0.048138724,7.180974087,10.83496365,80.39899683,11.34263761,121.1429324,47.3424341,0.08806563,-0.004569305,0.07699858,48.26446281,2842.632695
140.33249,-17.988663,29.84,8.877991101,27.21566694,257.4833567,1.14367031,5.823171559,1.501782165,0.8991502,0.079049084,0.033441146,5.510119798,9.58644469,75.30294098,15.57399576,127.4028986,12.30584301,0.071137644,0.009918801,-0.006557726,18.94,7708.721856
140.33249,-19.488663,21.47,6.155546024,27.70250938,266.7514049,1.01743961,6.143533082,1.470553367,0.743657583,0.060645916,0.036615555,6.047881749,18.20576667,63.79838056,25.15461667,523.8387592,85.87241588,0.084527563,0.047619505,0.08575755,100.87,4714.269932
140.33249,-23.488663,4.91934955,-10.4733813,25.47424212,269.0790547,1.320137734,6.605541502,1.45249894,0.391275555,0.03509511,0.050368722,6.401056602,26.17746667,52.22175278,34.58413056,309.8401717,38.11283582,0.072128919,0.159311351,0.026435832,146.4,2304.523173
140.33249,-28.988663,4.695742753,-6.546419106,22.21374438,255.9456195,1.452111432,6.414230832,1.51551546,0.328399155,0.055467565,0.043334287,6.749640279,9.043828155,81.58989229,8.639235934,1069.462787,20.41677183,0.041113062,-0.057667092,0.006719633,41.31818182,1955.0878
140.33249,-29.988663,6.93181073,-3.678424201,21.14347371,253.5637124,1.613880393,6.249657406,1.466645029,0.429999915,0.07490935,0.048809624,7.236016063,14.73376243,75.67981426,11.46955733,855.1764957,10.57232916,0.069847167,0.024363872,0.110059766,37.9,2148.761964
140.33249,-30.988663,7.323122626,-5.450158223,20.79219414,249.6206594,1.592837822,6.112916717,1.480902382,0.426271798,0.070735543,0.039501507,7.032871982,13.02064996,79.08443384,9.891074395,626.0283999,10.21193664,0.050132101,0.021513088,-0.038634933,39.91,2158.227409
140.33249,-32.988663,13.75,0.044183384,18.55758499,237.925948,1.679072567,6.507133662,1.440825259,0.774231166,0.179068778,0.038857583,7.252654583,13.50250556,75.12183056,14.11650833,507.574497,86.87784318,0.156615061,0.015012668,-0.124275565,134.8,2457.428997
140.33249,-33.988663,8.632330422,-9.363089538,18.00641676,231.1998302,1.505648013,6.400382205,1.44812482,0.897922205,0.12205397,0.059747071,7.024509635,9.74608887,84.5631353,8.982255697,118.4127788,76.6120159,0.091244091,-0.021932832,-0.031107077,58.58181818,2783.260067
140.33249,-35.488663,19.64,1.207914801,16.19218196,219.7825618,0.99871555,6.812083843,1.422760463,1.013381221,0.11845561,0.04852725,6.755677138,9.815144444,89.23713333,6.4455,76.71075179,169.9152879,0.075420923,0.109741748,-0.099926355,88.94545455,3999.828386
140.33249,-37.488663,20.52,-6.341475326,14.53368833,198.0632186,1.052359812,6.684122505,1.237744852,4.130574806,0.283445225,0.041337635,6.113060386,33.64449948,77.42629683,14.52189218,49.63320208,60.22222193,0.120120152,-0.057443153,0.066043558,36.07843137,7602.785392
140.33249,-37.988663,16.77,-6.979982158,14.46943389,192.6449992,0.666647597,6.855207655,1.15918052,4.504988465,0.339388433,0.050757478,6.271611743,35.47024778,76.3177366,14.34047973,20.2044853,21.29697653,0.124185565,0.115206172,-0.302392633,17,7535.843023
140.83249,-18.488663,20.7,6.422263461,27.91818139,259.8286066,1.378775459,5.856752521,1.458365835,0.765967153,0.071395306,0.035745491,5.949942859,20.18414064,55.85435488,30.57858008,357.3325448,42.77309267,0.040851447,0.133340179,-0.003220766,29.1,6566.435477
140.83249,-18.988663,15.76,3.838028998,27.83478892,263.3850264,1.443847222,5.960489577,1.393356639,0.733911084,0.063537777,0.033337999,6.420933868,29.77383611,47.69619444,38.29846944,564.0467084,72.59043414,0.02298306,0.019171162,-0.037809487,48.57272727,5643.439241
140.83249,-25.988663,8.708896333,0.445624733,24.4401984,263.5471874,1.125114296,6.660981404,1.527213747,0.379645113,0.033505383,0.033783738,6.259958283,16.20937417,65.56348827,23.08634283,1361.346017,26.80100843,0.168818673,0.07157424,0.019059716,111.88,1799.21998
140.83249,-31.488663,8.90700411,-5.923231204,20.33807471,247.1503709,2.043512655,6.449891008,1.483369197,0.475113589,0.069814764,0.031754608,7.114419847,14.6309963,76.98668508,11.75020835,329.8748615,14.54469272,0.078987666,0.042234446,-0.088604556,93.83,2292.295473
140.83249,-35.488663,18.69,-2.132449494,16.29499295,220.7094367,1.011740246,6.814211009,1.425422873,0.991425749,0.122275611,0.059061555,6.652976554,9.858513889,89.10540833,6.524736111,97.18261523,315.6732001,0.042168327,0.065251888,0.002290683,116.4,3820.262818
140.83249,-35.988663,25.89,4.576420119,15.78299712,216.3041178,1.378663588,6.897702512,1.385283659,1.14765136,0.123399304,0.036906805,5.984440528,10.12491667,89.92731111,6.215605556,141.5681054,263.5203251,0.078545852,0.056692523,-0.060837148,115.93,4529.452308
140.83249,-37.988663,22.65,-2.393222033,14.33583862,193.3157336,1.067159837,6.269082682,1.168451371,4.456896985,0.307857087,0.046003336,5.917989973,27.54317037,80.37458079,11.3771912,33.67377155,38.11442625,0.112155436,0.060496678,0.126671501,41.109375,7964.899347
141.33249,-15.988663,18.29,-4.120473744,27.38070099,247.7671261,1.114577314,5.290917577,1.457677847,1.143849801,0.106864483,0.072266184,5.238913806,7.356979154,71.25623668,17.40884351,22.83717599,7.188962218,0.01630088,-0.085379632,-0.146365542,5.276595745,12056.83887
141.33249,-16.988663,23.17,3.261547495,27.43568453,251.1190213,1.188977183,5.339761129,1.503228238,1.108243703,0.095285473,0.047836114,5.110741234,8.553505577,65.16591642,21.48294321,114.7075539,37.76780384,0.029481869,0.050152197,-0.024666323,15.10091743,9281.167135
141.33249,-19.488663,15.76,0.016560175,27.58190269,265.6447879,1.42315393,6.049436881,1.455486486,0.701688117,0.052917479,0.034584362,6.140870733,18.71775688,63.9162,26.33403831,525.6624207,37.64942003,0.032748658,0.012447055,-0.088303178,81.46363636,4685.341323
141.33249,-21.988663,5.090909091,-13.45101451,25.8615965,269.5960327,0.926091122,6.609830549,1.47790628,0.650759769,0.063853913,0.08309481,5.786769761,16.9482226,65.22561423,24.38615806,584.565586,48.01389213,0.155881992,0.06962751,0.005121434,268.9545455,3561.887291
141.33249,-24.988663,27.11,16.01289735,25.00366266,265.6340676,0.935424443,6.593758917,1.520928091,0.464031331,0.029631722,0.031519555,5.905140138,15.50515556,61.43399167,26.92193056,1072.14576,23.28365873,0.087189828,-0.109281147,-0.096275347,119.4,1783.87538
141.33249,-25.488663,8.509273435,-0.921921962,24.72896204,264.8842712,0.915276206,6.570206764,1.528483263,0.443436265,0.030325249,0.031671482,6.197870011,14.4197372,64.92270525,23.83907554,1237.568649,23.75227224,0.107183445,-0.110399351,-0.044971027,111.8429752,1797.62348
141.33249,-29.488663,12.33,0.835081169,21.66302787,254.7975709,1.621854136,6.503848215,1.512372713,0.326933383,0.055831189,0.037497104,6.37758658,10.65887883,76.10217883,13.16338979,1044.321822,25.0021909,0.09206908,0.120591284,0.002180157,157.7363636,2088.891873
141.33249,-30.488663,17.93,3.817085707,21.22900113,251.0379153,1.853847512,6.378218751,1.499544398,0.377911423,0.050474455,0.03139487,6.557647093,9.495967944,79.27613313,10.4836594,620.6212088,21.01363748,0.069201722,0.060651803,-0.031066508,86.26446281,2252.272118
141.33249,-31.988663,11.06,-7.274597245,19.00249423,244.4088691,0.956331651,6.594959797,1.46036446,0.635425368,0.145346149,0.061146437,6.603429472,14.96972434,75.54370438,14.48690787,82.97258664,62.72132834,0.270557834,0.104674904,-0.053134574,262.2454545,2509.329334
141.33249,-32.988663,13.87,0.016213807,19.13551346,237.9644825,1.607122769,6.445354028,1.447400982,0.79501274,0.117903015,0.034857261,7.04334581,10.22590535,82.49764334,9.63810318,417.5657085,43.61511132,0.100060393,-0.02626561,0.143013831,72.5,2482.933962
141.33249,-33.988663,14.6,-0.622565935,18.44456469,231.7114295,1.729131918,6.465891548,1.400010888,0.970693481,0.1094524,0.096702894,7.048343569,13.59029507,74.37117465,15.93841379,169.9322924,17.84292458,0.07984858,-0.074162423,0.048263886,44.79338843,2828.670481
141.33249,-34.488663,17.35,-0.705256184,17.79710228,228.4425973,1.519951194,6.51526445,1.387230072,1.02353611,0.109711527,0.108893805,6.98863045,10.40235833,83.47896389,10.37742778,81.34516452,47.50485991,0.099237783,0.083323605,-0.055177904,64.67272727,3168.471678
141.33249,-35.988663,21.72,1.849916268,15.87817109,217.4795579,1.347324293,6.895429238,1.388408937,1.095909138,0.128321554,0.061095416,5.830436254,11.56074722,86.84349722,8.408872222,161.0963344,147.9542227,0.072448184,-0.005672273,-0.002872688,130.0181818,4205.167635
141.33249,-38.488663,27.86,4.191109036,14.16346497,186.2706015,1.304805456,7.053840501,1.077541436,4.502655408,0.326054791,0.06213989,5.320332096,22.55293589,80.17296899,11.5980081,15.23345652,14.71619872,0.248239681,-0.003576417,-0.469039691,66.625,8596.969367
141.83249,-16.488663,29.32,10.69766077,27.66801585,249.9197382,1.170745829,5.169672628,1.511500915,0.778354452,0.080327175,0.047452927,4.85654427,5.284955664,70.30372248,17.47519368,212.0760436,54.96986895,0.029367373,-0.065380162,-0.028100083,21.32,9773.995617
141.83249,-17.988663,39.15,15.29169399,27.85449162,256.5125744,1.494859482,5.498250476,1.557581384,0.878043389,0.078824167,0.026295111,5.106377994,3.374222222,82.55354167,10.71885833,201.3863426,125.9030547,0.047831378,0.084030293,0.015515113,63.75,7444.439258
141.83249,-18.488663,21.44,-0.982875,27.94704216,258.9110404,1.189,5.64535418,1.567683645,0.736344195,0.065221194,0.032858305,5.211825078,5.407108333,79.09368889,12.83266667,221.0612222,153.3823822,0.055942318,0.037616629,-0.030544402,71.1,6596.355625
141.83249,-21.488663,12.84,-2.312750513,26.21923639,270.0394284,1.254147556,6.610083238,1.339186495,0.545038233,0.058862774,0.05427404,6.704495355,35.77847438,42.0737002,44.83448843,360.2459294,115.7834596,0.107461741,-0.167836549,-0.128831218,209.94,3646.539575
141.83249,-21.988663,6,-13.0173967,25.95922364,269.1185966,0.783814964,6.604732487,1.485955035,0.655227021,0.062462756,0.072223469,5.806246029,15.56615378,65.95131491,23.75972743,513.0545695,70.36012225,0.152879422,-0.086499509,-0.043243559,244.95,3781.46176
141.83249,-24.988663,17.02,4.417495537,24.82540837,265.0098672,0.772582721,6.557624132,1.529663166,0.539426165,0.035806722,0.034449388,5.583646751,10.59470556,68.893225,21.05558333,1130.437737,59.41304921,0.158863846,0.0138962,-0.04307602,179,2082.678064
141.83249,-35.488663,20.83,2.10839247,16.83975151,222.0606651,1.228002043,6.704301942,1.426303596,1.062351582,0.111719888,0.081670667,6.431838528,8.833133333,85.78418333,8.746197222,103.2944473,97.12608985,0.07137769,-0.02033868,0.019985536,81.66363636,3780.236492
141.83249,-35.988663,19.72,4.355449745,16.10563365,218.3418608,1.322459664,6.808592267,1.359786612,1.170507684,0.115034597,0.046042934,6.198679934,15.46639266,78.82655835,14.22287713,72.94359253,35.47826156,0.108774107,0.046263532,0.132548031,100.14,4075.759957
141.83249,-36.988663,33.65,11.15133754,14.52317214,209.3431825,1.29010899,6.689994045,1.334451162,2.301825921,0.162187073,0.035873874,5.401899554,20.06824441,79.99521319,13.09033142,80.10291421,22.80067122,0.139443019,-0.023459029,0.039009212,174.73,5645.570369
142.33249,-11.988663,8.337224827,-18.94348167,26.67356604,238.0298774,1.097446381,6.831822759,1.394735527,2.020227713,0.114992179,0.053718413,5.040548056,2.102645175,77.0073253,13.89638336,86.75412727,83.6132692,0.113954986,-0.068528432,0.026154187,48.75,18426.886
142.33249,-15.988663,20.81,4.706104265,27.79153803,249.851116,1.07128894,5.23342224,1.486101132,0.897865451,0.085966987,0.029424794,4.861412965,8.835537699,63.79404836,22.27051111,322.0626754,30.80280658,0.029699067,-0.026120736,0.013112965,46.67272727,10635.60153
142.33249,-16.988663,33.1,13.70835898,27.88914536,253.3465329,1.192292026,5.181620884,1.521327619,0.873652166,0.073120944,0.028660888,4.98253595,3.760594444,77.16251667,13.74777222,457.0618172,100.1710849,0.047087057,-0.016607319,0.035622001,66.4,9299.536469
142.33249,-17.488663,31.95,12.69165196,27.79139305,255.5724525,1.086450709,5.28237861,1.528461564,0.91718104,0.06737175,0.026021559,5.045785688,7.117180462,72.46715072,17.2983705,312.0067239,46.15785802,0.051283227,0.084903873,0.081677521,91.54545455,8763.562932
142.33249,-17.988663,31.96,9.241817779,27.49787723,257.6554072,0.881938621,5.459496069,1.52248222,0.98145352,0.068519821,0.031664223,5.154958018,6.21193735,80.04735491,12.09573909,118.9958019,67.08198871,0.13979997,0.102619201,-0.145369008,128.39,7692.341656
142.33249,-19.988663,17.17,-5.301113095,26.91457548,267.1605399,1.408349162,6.214566322,1.47933202,0.71487103,0.06116835,0.04512083,5.776213722,13.72692442,72.92862977,19.61817429,375.1289945,149.2174941,0.078794757,0.016571447,-0.069002761,173.15,4595.486042
142.33249,-21.988663,4.618033989,-11.07681234,26.03770964,269.2230366,1.010063606,6.604688553,1.405693349,0.547436136,0.05706175,0.051207611,6.371422415,28.861175,48.910975,38.51586667,348.5719319,62.29460355,0.130204888,0.043097322,-0.016575779,196.67,3879.309335
142.33249,-23.488663,13.24,-3.477537989,25.5449158,266.5481295,1.071364208,6.686735972,1.512856404,0.585089749,0.043545444,0.043877416,5.470684471,9.777461111,64.21781944,25.16660833,558.7609486,29.78769651,0.115207476,0.045044686,0.072543248,201.01,3251.72178
142.33249,-24.488663,30.26,18.71500322,24.97106249,264.8091891,0.970012611,6.546443194,1.482391243,0.529476664,0.037392166,0.03735036,5.90753329,20.52955278,55.66860278,32.48493333,892.0314006,25.91439873,0.09665805,-0.08138588,0.111058525,192.47,2563.149921
142.33249,-24.988663,13.24,0.446936908,24.74913312,263.997441,0.872677331,6.451285796,1.514707901,0.534077331,0.034622166,0.033547916,5.761147724,13.8676,66.662525,23.05031389,950.1078059,37.15497546,0.13800931,-0.006980058,-0.012663848,178.17,2287.864849
142.33249,-27.988663,4.728708045,-6.698950064,23.29722607,257.8090784,1.605358294,6.48513494,1.526376903,0.492849727,0.043039543,0.039735377,6.17493818,15.55821493,64.91767713,21.91031571,1010.722623,31.68490578,0.116377587,0.001987842,0.058506803,105.06,2208.788163
142.33249,-31.488663,25.06,7.351255826,19.73833164,245.8201662,1.341422504,6.525984404,1.476116335,0.642915985,0.071817524,0.03433242,6.004446166,11.6854295,78.68437018,11.95942891,361.0122569,44.40747993,0.234452718,0.080640447,0.028397697,177.44,2716.926421
142.33249,-31.988663,28,12.11587625,19.5916253,243.3417852,1.567706232,6.443807641,1.467953109,0.651301644,0.083544885,0.031821522,6.599120292,14.64462364,73.75161466,14.98531645,184.9716142,33.47043283,0.226829655,0.078392326,0.015066921,134.69,2555.783317
142.33249,-32.488663,12.67,0.109206188,19.49270465,240.7430785,1.863272267,6.397170613,1.41139384,0.753533299,0.105655039,0.032599748,6.990759824,17.04223825,65.62630876,18.4377636,91.32611746,17.23522221,0.033111072,0.081014551,-0.076323433,65.54545455,2630.31458
142.33249,-33.488663,18.08,1.326478969,18.84019467,234.7312881,1.350656722,6.472707146,1.427673533,0.988371249,0.161463306,0.077150417,6.560390251,11.27387222,76.79416944,13.56323889,286.7236436,67.24202929,0.063049407,0.147115789,0.025530543,63.73,2873.728331
142.33249,-33.988663,13.02,-6.049703823,18.44805967,231.3584755,1.538487172,6.508867093,1.406804967,1.169571546,0.165576801,0.09957675,6.717530486,11.05572068,80.89234604,11.51082729,106.6656799,76.204519,0.094502391,0.125064077,0.203685434,69.82727273,3065.709382
142.33249,-34.488663,23.31,5.42851933,18.01639719,228.4647784,1.732855059,6.523906543,1.404679257,1.14190263,0.119116493,0.106244048,6.766821544,11.55607544,78.43522028,13.35398329,97.90381082,24.65684615,0.049207478,-0.008615118,0.119633247,53.49,3269.281995
142.33249,-35.988663,15.05,2.413852857,16.26454829,219.2579776,1.39258911,6.734246982,1.318551829,1.220239083,0.090497279,0.042799999,6.626777142,20.23542778,69.50531944,21.87359722,53.9444956,26.51635816,0.040493009,0.165533448,0.111850094,98.3,3886.297347
142.33249,-36.488663,21.9,11.56587513,15.56836957,215.4639504,1.533509475,6.695775405,1.231633625,1.307245574,0.1172988,0.041342999,6.835394314,28.12380823,56.2514825,33.11113859,40.21630206,15.84852351,0.049516847,-0.057951617,-0.036499122,131.07,4314.264519
142.33249,-36.988663,42.13,17.93629052,14.23262025,209.2938256,1.344859945,6.349821099,1.275117423,2.746208364,0.220090103,0.059713844,5.423892882,20.7128037,75.08112346,16.1540839,77.66270958,27.81120634,0.548893561,0.034326688,0.009671484,231.5,6127.358673
142.33249,-37.988663,27.81,0.846966222,13.54942989,195.3569991,1.303171794,6.734815129,1.139876889,4.492388414,0.299700569,0.056485388,4.951810857,27.72970443,68.93196844,19.14606923,63.28659703,47.02235862,0.232864044,-0.152701544,-0.005233295,167.68,7700.265306
142.33249,-38.488663,12.12,-14.45881488,14.13261437,190.5593163,1.021501179,7.30728857,1.138537364,4.814310773,0.302861273,0.060196099,5.192511967,25.4139902,73.81452739,15.55172617,21.27284092,25.80079151,0.236407086,-0.093734094,-0.404640047,38.6,7951.455154
142.83249,-11.488663,38.06,3.710424248,25.79567054,233.649805,0.980616039,7.358046214,1.37315353,3.134182045,0.164794554,0.049496401,4.876971403,2.36231496,87.22969621,7.789187524,51.70510285,49.46976892,0.180168102,-0.070959389,-0.113554434,88.61818182,18600.12563
142.83249,-11.988663,27.04,-3.472124523,26.09567534,237.0648162,1.103648422,7.347598637,1.383789979,2.445426279,0.134813267,0.033944367,4.965082723,3.133783109,84.45403396,9.490278061,74.02567623,64.56990105,0.181363413,-0.023141239,0.164117189,65.91954023,18714.91579
142.83249,-12.988663,24.14,-4.930742432,25.89307501,242.7665154,1.02243836,6.226111165,1.402334671,1.875522888,0.117559112,0.033427527,5.158924209,2.280558333,75.18406389,15.09498889,220.1866263,166.3079059,0.236733309,0.01832748,-0.032337405,133.97,18375.65396
142.83249,-15.988663,17.97,1.398470824,27.64909127,251.5119275,0.696080831,5.355478018,1.499020504,0.859761646,0.074961521,0.02205154,4.789627378,6.979997364,75.22131076,14.77485961,509.1861039,38.57127766,0.048427598,0.068171263,0.089247868,77.39090909,10374.9832
142.83249,-17.488663,22.22,0.887138655,27.62993655,256.725506,0.967010707,5.260673384,1.518853806,0.936864707,0.060603064,0.021558767,4.960111501,5.896220748,78.59424498,13.10608905,387.2211403,65.23854254,0.066000715,-0.095410101,-0.016735903,134.8363636,9366.571014
142.83249,-19.988663,24.12,-0.385872085,26.37959873,266.363784,1.237615025,6.212680002,1.507856109,0.757303836,0.061265897,0.054861844,5.434655188,8.091068958,77.81504231,14.59106062,344.5338327,150.0062298,0.130334573,-0.062331741,-0.111975569,252.77,5149.456933
142.83249,-20.988663,8.14732046,-5.020743069,26.47774012,269.9322618,1.184358554,6.549891827,1.298121583,0.622296305,0.061065416,0.051376306,7.126778977,38.02560556,38.89826667,47.82695,180.7454115,70.61815988,0.075215148,0.084700496,0.055451805,192.2909091,4212.327621
142.83249,-22.988663,15,-5.241412174,25.48578743,267.3093185,1.127512868,6.704300121,1.504596681,0.650729929,0.046082029,0.057532801,5.644515639,11.11428516,63.77972092,25.66032042,276.2231221,49.12108027,0.115951878,-0.105567302,-0.037854728,251.63,3607.14845
142.83249,-30.488663,18.33,3.146807285,20.92816242,249.6005403,1.754331685,6.464253525,1.487162262,0.512442942,0.053565611,0.037031305,6.129301862,13.90269722,68.43963333,18.00037222,512.6703258,62.80553875,0.111976737,0.02943637,-0.090126413,146.2,2609.011489
142.83249,-33.488663,14.94,-0.976987854,18.83449625,234.4459407,1.462521412,6.500768887,1.417138377,1.040095943,0.144301474,0.054288052,6.412472323,11.87139233,78.57332318,12.19419105,386.6404278,64.14670272,0.096960629,-0.049919025,0.105109059,81.16,3116.912295
142.83249,-37.988663,26.62,3.699697916,13.68022386,196.8072886,1.180614764,5.968845216,1.164030455,3.803152683,0.278167897,0.046845655,5.00693255,25.16382888,68.71084102,19.64670578,57.59470637,22.98081718,0.144290521,0.111393811,0.006196759,160.21,7014.561789
143.33249,-12.988663,41.76,4.894466838,24.9737824,239.6467923,0.956932352,6.275899121,1.320949379,3.573464127,0.161555554,0.041743753,4.982386736,3.763990519,78.77271232,12.73732007,61.62582975,61.62176422,0.721480897,-0.146323814,0.156116517,166.9529412,19353.29165
143.33249,-13.988663,36.14,8.543497136,25.10565586,245.3025056,0.254873085,6.782632832,1.40729216,2.479229516,0.124835994,0.045000509,5.14974802,3.337141239,80.50471906,11.28581903,120.3332661,97.10184958,0.753638769,0.011949188,-0.062064202,198.2735043,12608.90718
143.33249,-15.488663,9.457416091,-11.87734605,26.68156588,251.1062092,0.241238527,5.931958086,1.454200617,1.15906661,0.0756865,0.026260277,5.114840009,4.296658333,85.37816667,8.708083333,477.0071674,176.8408884,0.173531405,0.01349312,-0.060831828,152.9181818,10957.07744
143.33249,-16.488663,22.28,4.671763833,27.43512083,254.5556449,0.565902657,5.354512605,1.498323636,0.91423827,0.065571742,0.023058091,4.854597646,5.806311302,79.92156956,12.1163511,581.8796013,42.85384616,0.080579062,-0.049426146,0.163667387,124.1272727,9583.199695
143.33249,-16.988663,15.6,-3.844935604,27.35417227,255.9408259,0.582451555,5.272092074,1.495008477,1.010059998,0.063210444,0.023410611,4.993486812,6.083019444,80.75821111,11.8603,502.7376402,81.41216881,0.090301498,-0.127553818,0.120235049,158.1,9042.109395
143.33249,-18.988663,19.78,-3.883456947,25.64472798,260.9739624,0.464185154,6.070676379,1.444592815,1.468760898,0.107071877,0.066090863,5.22296517,7.356693331,78.33174216,13.6430177,313.4036161,64.02634205,0.280830209,-0.119528478,-0.01989264,404.1900826,7100.454663
143.33249,-20.488663,18.44,0.597440247,26.20365194,267.9557004,0.922462619,6.401929773,1.411502508,0.752544974,0.062545244,0.074807515,6.511602245,24.90670057,54.69116503,33.75283753,143.9776022,48.06604772,0.145240563,-0.046011438,-0.002178515,269.0363636,4565.098562
143.33249,-21.988663,6.797161835,-9.593402585,25.64225635,269.3049716,1.271969499,6.702595949,1.321787613,0.612091333,0.056408166,0.060449167,6.719881689,39.175325,45.78346389,41.32165278,216.4592664,108.6176392,0.10126242,0.119239961,0.086350688,235.7363636,3829.624671
143.33249,-29.488663,13.5,-0.187864567,22.07055857,252.8737897,1.89255803,6.337352844,1.517435288,0.494668498,0.047100277,0.034825944,6.160351915,10.00020833,76.90018611,12.29094444,881.3046138,40.34756483,0.089037898,0.015570038,0.100140264,120.5181818,2551.691099
143.33249,-30.488663,20.68,5.352066385,20.892143,248.4849167,1.305739188,6.397305419,1.488462406,0.511685991,0.05396297,0.034413119,5.92617454,12.32116185,71.33947635,16.91365731,457.6086853,60.63604846,0.213582321,-0.045329375,-0.060584977,160.0578512,2680.273804
143.33249,-30.988663,22.17,7.113012795,20.87051988,246.6285772,1.609579804,6.364969522,1.474606385,0.628559745,0.054826674,0.03262694,6.283979477,13.96777107,70.60244532,16.35668131,248.8584478,46.77250344,0.119445453,-0.132008567,0.102590133,110.2454545,2756.625816
143.33249,-31.988663,12.5,-0.859060729,20.14497035,242.4642091,1.916009597,6.360151005,1.453075818,0.699194967,0.069501349,0.033064868,7.019669667,16.15506611,69.27213672,15.94913465,192.4122483,35.85531195,0.025131098,0.094468234,-0.083750634,76.76363636,3065.844092
143.33249,-32.988663,10.62,-4.980270985,19.24529367,236.8429649,1.728731982,6.44966611,1.435872453,0.996664026,0.09220525,0.036247471,6.658092386,13.52265833,75.40085833,13.69051667,388.8429468,98.80755076,0.082065434,0.025710903,-0.047887264,84.26363636,3133.452214
143.33249,-34.988663,12.89,-3.873938618,17.45483949,225.8763844,1.677678152,6.511012311,1.424945275,1.128309187,0.116922581,0.045845761,6.465274758,16.80865782,71.78687699,17.99176645,64.29490504,23.5259922,0.028445748,0.104220529,-0.053693731,67.03636364,3531.351466
143.33249,-35.488663,14.94,0.541669725,17.06787486,222.9651362,1.74881201,6.553230749,1.379013662,1.206921107,0.101356034,0.044309168,6.681318132,19.95804505,68.86558214,20.93193955,47.64506185,11.286652,0.063257025,0.102481844,0.085567267,80.9338843,3723.388557
143.33249,-38.988663,23.88,-10.09228476,13.37938731,183.9085663,1.051264749,6.292683649,0.970082478,6.092613721,0.383946425,0.081118803,4.544297801,18.10788512,73.79011423,16.08583324,12.00509534,11.12199686,1.501055598,-0.966985881,-0.254829973,115.3846154,13194.57645
143.83249,-14.488663,13.72,-9.698741468,26.29641593,247.4352906,0.770919913,6.541796599,1.436810768,1.580356807,0.086356889,0.026523321,5.058999121,3.749255509,76.36433972,14.18814196,54.6284825,41.74890892,0.112639645,0.130371414,0.022811462,27.98611111,12343.14781
143.83249,-16.488663,19.27,-0.609127606,26.9033448,255.8537786,0.323597993,5.621452709,1.47403558,1.100941545,0.069069314,0.027543573,5.009185299,8.483181525,74.2156661,16.42899959,412.139454,53.86028097,0.139965992,-0.012143789,-0.173124007,165.12,9535.327058
143.83249,-21.988663,17.33,-0.568745064,25.37224155,268.6413349,1.229907276,6.692229418,1.34918542,0.693805528,0.054746472,0.085832139,6.753699829,41.23897222,41.75477778,45.63483056,345.1536134,91.97644347,0.113574083,0.031088112,-0.083146765,277.54,4071.034017
143.83249,-29.988663,26,9.309432023,21.48415058,249.2493347,1.73759095,6.355002364,1.500916696,0.605416659,0.050125462,0.033696585,5.599611794,10.87924367,75.80804141,14.19940897,695.8309885,52.11287142,0.114925194,-0.060704647,-0.009036683,144.21,2850.027607
143.83249,-30.488663,15.13,2.979126833,21.33311308,248.1684982,1.656708999,6.323735051,1.481556635,0.574822662,0.049946449,0.033088504,6.227874729,13.55216959,68.10018403,17.18130512,496.3540149,17.37452451,0.061486507,0.076190992,0.105473969,98.29090909,2967.795314
143.83249,-31.488663,9.615384615,-0.611588419,20.62314621,243.8322407,1.667390925,6.334412579,1.4209472,0.701495463,0.056075041,0.032365698,6.907895918,18.2537307,62.33893853,20.66266827,203.7138459,18.02448179,0.091157351,0.118732805,-0.021760419,91.19,3180.859504
143.83249,-32.988663,12.64,-1.804954441,19.2305302,236.4759616,1.816834811,6.404954455,1.423534004,1.034429804,0.103976583,0.032092416,6.605194637,16.03815,67.53415,18.52776389,211.156806,41.64961853,0.058629305,-0.002120698,0.006317384,86.4,3378.521232
143.83249,-33.488663,9.861357037,-5.234461827,18.8296312,233.9174696,1.797974478,6.436318809,1.42315823,1.002975165,0.155374695,0.032968388,6.433585944,14.51400556,69.43028889,17.50884722,323.5259988,67.75764287,0.032686484,0.024339482,-0.117748513,82.07,3406.294417
143.83249,-34.488663,5.177730454,-8.145078812,17.93986708,228.2031677,1.494025984,6.468599857,1.316907321,1.396174317,0.118784303,0.059777197,5.960933895,19.38981604,58.93992418,25.07210615,141.9750729,19.27122717,0.017388202,0.194809915,-0.034263185,70.57,3618.734142
143.83249,-35.488663,15.11,-0.906797601,17.20324787,222.5912627,1.98509881,6.480168828,1.351953946,1.763572067,0.117674062,0.040033302,6.154073283,22.28151503,58.20415698,27.63616448,52.28432998,20.43979021,0.020125612,0.114660823,0.154437277,75.45454545,3915.922077
143.83249,-35.988663,25.86,10.10335658,16.65089261,219.58602,1.959732642,6.496591122,1.328981274,1.758754376,0.119316163,0.042402027,6.234598394,21.88055798,60.08091509,26.76582743,54.74934489,29.66351438,0.055905113,0.036475355,0.075993648,95.28,4165.149141
143.83249,-38.488663,23.45,-5.895559342,13.29225703,191.96481,1.093221739,5.94417963,1.057232799,5.397917657,0.318837856,0.064575229,4.801734416,19.98412742,70.54263552,18.07650493,28.64165594,27.15602545,0.643060531,0.004457273,-0.091694907,228.1860465,9209.935493
143.83249,-39.488663,7.448191429,-13.85440567,14.12073,180.5423533,1.267802326,9.06050698,1.006013072,4.730499113,0.312222126,0.085798738,4.988961093,17.65131014,84.25538226,8.788568877,11.89214454,8.055680607,0.071862746,-0.12066175,-0.031254292,20.33333333,10142.7247
144.33249,-14.488663,30.68,5.523150981,26.20480147,248.1710444,0.978389728,7.174466554,1.40859314,1.81286711,0.131883526,0.045182528,5.178675131,4.566067833,79.09037545,12.49180882,61.95768092,31.42529917,0.239896899,0.084942059,0.049659951,55.62222222,12096.41531
144.33249,-15.488663,32.68,9.964212984,25.93273931,252.1960223,0.973857263,6.465960979,1.443985889,1.217034995,0.076732922,0.026153239,5.255642125,4.160087908,82.91772361,10.08977248,336.7099998,130.4358313,0.265395661,-0.069566713,0.136392202,117,10239.30076
144.33249,-16.488663,9.45741609,-16.1226595,25.29470516,257.1901011,0.329506971,6.051293018,1.431871377,1.440163313,0.092866001,0.040449692,5.147692082,7.080188011,78.0251598,13.30300656,299.8887673,99.99211346,0.479631439,0.017179051,0.060097564,304.18,11368.20221
144.33249,-16.988663,24.24,-0.485924333,25.47442706,258.0224967,0.161293228,5.867615058,1.446072383,1.325667383,0.084107033,0.041357998,5.233112533,7.212267637,77.62948679,13.51107283,125.0962572,184.4172688,0.374598447,0.049895168,0.174252216,321.54,9191.802869
144.33249,-17.488663,26.24,0.699211073,25.07710509,259.2312907,0.146075433,5.844305758,1.451964977,1.243295964,0.09012764,0.054732051,5.214927097,6.970946321,78.31340576,13.14500722,174.2386723,181.6857372,0.290654392,-0.076952601,0.10078066,386.4545455,8758.622979
144.33249,-18.988663,21.23,-5.927995287,22.83014324,261.2773296,0.746443321,6.202722519,1.452272193,1.355333594,0.094651355,0.07357203,5.257587938,9.064564752,73.15352484,17.3799965,279.5152869,89.07671215,0.281794566,-0.056938833,0.044687139,594.0090909,7156.144308
144.33249,-19.488663,19.13,-9.729450942,21.66178938,261.390132,0.765559638,6.258266033,1.405922578,1.632550111,0.112930083,0.136566555,5.237522406,10.98751944,71.32676944,18.77791389,350.2164319,65.59048725,0.447833391,-0.00558519,-0.026228835,792.65,6544.09247
144.33249,-19.988663,24.5,-5.49483557,21.84490158,264.1550163,0.85266651,6.522991735,1.402324339,1.548562968,0.114349721,0.17318837,5.377211669,12.48516827,69.62368958,20.70999719,363.7226539,78.44916964,0.413787275,0.083415827,-0.038780957,815.01,6023.871715
144.33249,-31.488663,13.41,0.543520144,20.57067363,243.0890546,1.541769572,6.377269472,1.449597237,0.84116531,0.057463704,0.030460576,6.573993368,15.02049105,68.2840661,17.74233669,409.6806428,69.7043149,0.067439048,0.151662337,0.050054778,94.9,3528.725071
144.33249,-32.488663,10,-8.180124799,19.6161943,237.8607745,1.455258115,6.345937742,1.439821345,1.056550692,0.062326971,0.028837555,6.106631166,14.50265833,71.77876111,15.83015556,184.7781848,149.3998831,0.046777074,-0.000261594,-0.058037004,99.17272727,3720.970599
144.33249,-33.488663,5.566895102,-3.582684849,18.78415984,233.8415047,2.053000714,6.361439731,1.310533635,0.957699276,0.098768584,0.035918666,6.338171077,22.12054444,50.79865833,29.47111389,257.9902215,32.47482272,0.019255087,0.099241146,-0.12607401,87.19,3487.792531
144.33249,-34.988663,15.81,3.066579623,17.57552719,225.4165665,1.883913839,6.413455512,1.334131963,1.280226531,0.097981005,0.056177621,5.711379319,22.60491018,47.40026837,32.6497169,133.7791481,50.68130788,0.012912101,0.124441797,-0.180877969,76.88,3827.237744
144.33249,-38.488663,36.95,15.98685312,14.34150754,195.9782094,1.319326579,6.807926814,1.184328504,3.565113469,0.217871861,0.065592935,4.944425211,16.09883751,76.64697341,13.70916469,16.14679024,16.44223683,0.400170751,-0.35115516,0.11497139,81.95454545,6336.444787
144.83249,-14.488663,25.4,-2.231336151,25.56319183,246.1246322,0.976884598,7.33296442,1.382922076,2.090969808,0.151710619,0.064834599,5.273482585,5.828012057,78.13492129,13.36684963,28.70310859,24.90452795,0.405898753,0.321539413,-0.185759136,76.11428571,12750.56213
144.83249,-15.488663,51.61,18.87714352,24.71362297,251.2535914,0.92130616,6.433426931,1.357511826,2.030089317,0.161072878,0.05746205,5.320408155,6.796434485,75.05836399,15.44903708,151.0977673,98.40803312,0.457805367,0.046064271,0.02113251,183.3,16156.67236
144.83249,-17.988663,28.26,-2.458299787,22.04043,259.0760842,0.846326283,6.284245508,1.417232689,1.652684432,0.101287798,0.1040207,5.278913631,9.512563471,72.41520909,18.32437558,308.2496685,82.42265811,0.396566612,-0.056364795,-0.056065867,695.8363636,9394.504517
144.83249,-21.488663,31.42,6.296574141,24.54202747,267.6562028,0.948921527,6.608062757,1.540496658,0.739402917,0.058887361,0.096542334,5.617174141,7.807386111,71.690825,19.38579722,374.7601853,105.940519,0.075334502,-0.049773538,0.113308482,324.2909091,4274.380007
144.83249,-21.988663,25.69,1.040744581,24.82113992,267.636322,0.900944286,6.587583516,1.53126098,0.727303589,0.058704124,0.090458846,5.428773245,7.296659937,70.90632938,19.88379277,290.7458461,50.56574769,0.077636031,-0.012238565,-0.018758425,274.3090909,4097.785991
144.83249,-28.988663,22.56,6.435647795,22.20642351,250.8642173,1.121843595,6.254108797,1.5187401,0.633672124,0.046232075,0.032829211,5.563871415,10.85848037,69.62068149,18.76579269,455.3757072,9.367554635,0.077169777,0.071395941,-0.097085927,141.4710744,3389.678803
144.83249,-30.488663,15.3,3.399580211,21.27929871,246.4675269,1.370024924,6.283860428,1.45702025,0.667547574,0.051476545,0.034638134,6.123286249,15.1293644,65.40437842,19.93135664,500.086593,14.57985341,0.080330223,0.025177319,-0.023389266,107.2892562,3480.769244
144.83249,-30.988663,4.857142857,-9.683350333,20.81478978,244.5708737,1.367011344,6.367308456,1.459398078,0.738561306,0.057589666,0.032094666,6.107298251,12.8398,72.00456667,15.82996111,477.0925468,76.42491045,0.103303712,-0.030529404,0.080265524,118.0727273,3844.167748
144.83249,-33.488663,11.28,2.595019181,18.80947405,233.2928348,2.060932463,6.295828303,1.278534437,0.987450416,0.082124305,0.030592166,6.154703451,24.25895833,46.71236389,34.15819167,272.4535606,36.99739074,0.01993741,0.045567687,0.020592322,97.74545455,3824.009258
144.83249,-35.488663,21.21,1.859934184,17.18993343,221.5221001,1.947658914,6.044119557,1.359921148,1.688243722,0.124794387,0.049128889,5.238359334,20.68489722,56.63275278,28.74441111,77.30771822,76.48449596,0.022980266,0.055795897,0.039681461,91.94214876,4326.317628
144.83249,-40.988663,23.74,-5.446336677,12.47666852,176.8372285,0.841251891,7.314875836,0.888648658,6.202612757,0.444687922,0.088591848,4.565878479,18.45831206,71.99213901,18.41504546,50.78003033,48.25035664,0.273320861,-0.037223295,0.141260239,87.51136364,12582.77544
145.33249,-16.988663,34.77,0.957407624,21.94262024,253.9195397,0.982380414,5.201892684,1.402777308,1.944915838,0.128500162,0.058427953,5.224878931,5.663621312,72.14841893,17.76634289,53.10331205,44.19774823,0.703828367,-0.029743202,0.125773374,519.41,13161.01039
145.33249,-17.988663,33.1,-5.092694939,21.06490443,255.1569032,1.074517121,5.335544695,1.348631403,2.28716276,0.15150119,0.077207202,5.222198669,7.170130105,71.51416088,18.4772733,177.7826676,76.41116262,0.39172824,0.017759424,-0.114110121,665.16,14461.56774
145.33249,-18.988663,33.29,3.386292194,22.84073879,259.2628088,0.726645528,5.637634234,1.437272092,1.47880886,0.082491083,0.048767444,5.226028586,8.522669444,74.66453056,15.91316944,161.9685809,84.98533709,0.246926514,-0.044060469,0.018273463,450.6181818,9289.649567
145.33249,-22.488663,24.28,0.987143466,24.4445399,266.6921603,0.960128012,6.59121245,1.501271093,0.780224146,0.064893717,0.069772962,5.781857183,11.56106495,67.47079516,22.92395999,216.2390249,34.31501492,0.151615089,-0.068937729,0.050174252,272.7363636,4308.46109
145.33249,-24.488663,17.97,-1.415627009,24.02315436,261.312854,1.19442936,6.404886133,1.450500824,0.780765444,0.060056777,0.04850425,6.292117613,26.76092222,47.04030278,40.51153333,93.8067434,49.96608299,0.091502638,0.036121981,-0.008475708,281.16,4438.094045
145.33249,-25.488663,6.708203932,-13.09483274,22.75500457,258.4777188,0.988025054,6.350032282,1.471427399,0.967939277,0.063254749,0.047378639,5.588140167,11.48559444,65.56141111,23.765125,437.2684885,60.21684027,0.183580902,0.058459966,0.019559268,368.2909091,4363.58854
145.33249,-32.488663,22.18,2.307525575,19.32616115,236.1994013,1.405089972,6.341207721,1.434017997,1.256001305,0.0818355,0.031714944,5.757794256,13.75381389,74.68738056,13.99083333,391.9837301,219.5324189,0.127334285,0.110139116,-0.005409402,159.0818182,4268.892528
145.33249,-33.488663,4.239283651,-10.94298594,18.66860789,232.328933,1.905447673,6.23502616,1.353461436,1.166302805,0.079207799,0.028897164,5.867222923,21.97944562,53.89081095,30.32679764,107.1384615,39.61080788,0.023678647,-0.0503558,-0.064133394,113.07,4263.065158
145.33249,-34.488663,18.59,1.63033235,17.85673669,227.0525252,1.939174852,6.225197805,1.377032298,1.29748928,0.114827469,0.040789493,5.343949442,19.95578448,52.36587643,32.77534313,89.66256391,34.26603714,0.020682112,0.092931371,0.136100308,103.84,4140.973662
145.33249,-35.988663,19.17,-4.345632029,16.55687459,217.4467771,1.967607165,5.153209227,1.339641428,2.559121853,0.151349261,0.047611622,5.286782211,16.78784083,63.61534865,21.68620013,40.30396597,88.89792242,0.028687068,0.149910387,0.034621053,108.84,4999.696187
145.33249,-37.988663,24.83,-4.17594905,14.26307953,197.0397378,1.356131789,4.978078338,1.174581345,4.393019046,0.248736674,0.061974441,4.837878939,18.52570943,67.74759281,19.06578098,6.427280894,20.56878034,0.471745445,-0.084127057,0.194130243,101.67,10699.60814
145.33249,-38.488663,16.14,-10.61311738,14.58577559,194.2436515,1.322295737,5.347906004,1.123435157,4.657879939,0.253115827,0.057872325,4.863240027,18.76529434,74.11185939,15.14306477,7.70748091,7.572774295,0.452134186,-0.159226899,0.209971023,38.25,8916.916411
145.83249,-17.988663,61.56,10.62634888,21.79776979,247.0582488,1.052904629,4.534993859,1.133914981,4.288218997,0.243614817,0.087788383,4.863940031,4.467809337,63.58499138,24.16309984,66.66490093,53.38592152,1.719045994,-0.070518038,0.01323244,304.4895833,25082.15938
145.83249,-19.488663,20.81,-7.541734858,23.01365145,259.9144035,0.828262007,5.670149621,1.450933363,1.283006972,0.075146568,0.046208968,5.410969124,11.85726967,73.30537257,17.83340218,267.0393982,45.28869834,0.257217533,0.082245042,0.000700249,349.94,8690.978868
145.83249,-20.488663,27.36,1.074076169,23.66639018,262.9251273,1.262435129,5.900382835,1.497082209,1.012521683,0.056032004,0.029638494,5.254168839,7.993688423,71.44195437,19.05870566,172.022682,58.16690242,0.164392164,0.072745713,0.056194588,323.42,5761.158164
145.83249,-21.988663,31.2,5.286230139,23.6603003,265.3728541,0.994777499,6.442638484,1.520178452,0.931934971,0.085951667,0.057473833,5.127413168,3.908541667,75.61513611,15.86465556,489.1820355,48.46521521,0.237010539,0.070822368,-0.114226334,354.77,5208.466681
145.83249,-22.488663,25.15,-0.275569335,23.7481512,265.4390048,0.96299427,6.501664912,1.527592868,0.85902382,0.088008896,0.06573479,5.406269387,5.295209782,73.16784035,17.74465114,329.0661204,37.55474955,0.158939631,0.0418217,-0.029733065,316.3909091,4798.146284
145.83249,-23.488663,29.82,3.12613081,23.35643886,263.3870076,1.127614055,6.500795291,1.512297238,0.874166749,0.080165778,0.049829166,5.388646604,4.210005556,77.07071944,14.70039444,133.4342425,115.8464095,0.270897954,0.033878733,0.06365797,353,4523.613716
145.83249,-23.988663,24.72,-0.165932188,23.06099036,262.2030479,1.093722222,6.478843849,1.494351581,0.915064027,0.076648972,0.046098972,5.656179581,7.04715,73.76276944,17.58774167,176.4233305,82.08533835,0.238930595,-0.089687189,-0.109743816,380.9272727,4391.043273
145.83249,-24.488663,26.24,5.599836716,23.00716047,260.8909945,1.094015388,6.439987816,1.417946531,0.935841,0.076135583,0.049085472,6.247769253,23.69719167,53.68688611,34.74407778,151.4594045,58.3447681,0.196221379,0.010494229,-0.058956563,356.18,4513.565748
145.83249,-30.488663,20.73,3.486850134,21.02158121,244.0649694,1.06550998,6.227651774,1.461377925,0.866287706,0.06115489,0.033237519,5.514757378,12.56601808,68.42034091,18.98797825,184.0323905,62.00172575,0.144513342,0.005513921,-0.010230288,135.4090909,3864.681337
145.83249,-31.488663,17.71,-3.44799376,19.58534395,240.0221932,0.705133105,6.403931397,1.452962255,1.445249613,0.078341147,0.036966875,5.325282154,11.90632165,73.01545187,15.38059401,74.93847843,50.53665447,0.133437762,0.110246448,-0.044971616,230.42,4322.931998
145.83249,-33.988663,18,0.118181616,18.14380709,228.6169779,1.335560943,6.148481377,1.408072461,1.275403012,0.101923111,0.027502849,5.405464621,14.16524857,68.16887942,19.5664825,65.33128562,52.57762014,0.113514397,-0.119564243,0.08336356,130.9727273,4482.542518
145.83249,-34.488663,20.5,2.644708702,17.81660818,225.9397686,2.02336394,6.121193725,1.337397803,1.618979205,0.115392467,0.033131821,5.470131423,18.91971762,56.49494877,28.5957678,68.64918087,41.73743304,0.025907742,0.006826103,-0.01304663,118.96,4631.610061
145.83249,-36.488663,27.32,1.713422658,15.22342425,212.2659396,1.523606484,4.544789167,1.321192145,2.378928896,0.173398499,0.083483712,4.900308262,15.15678415,69.48485647,17.59649615,33.47007483,43.57362674,0.292913529,-0.023046005,0.007859511,179.2,7044.303587
146.33249,-18.988663,48.34,9.184797348,21.84122737,252.7507063,0.889363111,5.317155036,1.281622292,3.319791092,0.177850625,0.062989102,5.042771407,7.025066494,69.9471541,18.67994217,52.40569712,42.0175549,1.892853718,-0.09079222,-0.027800245,352.0126582,13699.498
146.33249,-19.488663,30.06,-1.980576403,22.47737555,258.204249,0.745275,5.651449646,1.407139362,1.639524,0.101115917,0.050861361,5.334649196,9.786516667,74.23122222,16.23973056,125.586179,107.8594364,0.541760937,-0.025432638,-0.00866415,367.7,10043.16328
146.33249,-19.988663,25.73,-1.053606388,23.33939458,260.7099604,0.727820114,5.762299611,1.466378873,1.148780321,0.070547102,0.036246144,5.515646372,10.66237731,76.33400297,15.23178003,83.03867916,42.59321953,0.216325411,0.003014784,0.020095273,289.8181818,6583.486323
146.33249,-24.488663,17.89,-7.783820026,21.91154857,259.3995839,0.873735582,6.412564898,1.430385851,1.37340561,0.101638111,0.056151472,5.963921222,11.90508056,68.11999444,21.58610833,180.8182669,168.1793952,0.291649074,0.016945462,-0.132689591,490.4636364,4752.702786
146.33249,-24.988663,18.03,-2.242871898,22.11352313,258.6855047,1.03900191,6.372303902,1.380536336,0.998333277,0.085766084,0.047700639,6.352399646,26.41893611,50.25220833,37.77315556,92.28432551,84.58940011,0.184358857,-0.057774505,-0.000755585,443.5363636,4655.296162
146.33249,-26.988663,44.47,23.4253544,22.03853312,253.9230992,1.123609123,6.17151139,1.497608506,0.828966942,0.051652098,0.035225799,5.431458008,7.213047172,75.48700226,15.73921821,255.7460499,16.36452313,0.080350238,0.038410761,0.002811479,287.5909091,4145.075333
146.33249,-33.488663,18,-1.582018875,18.14903783,229.8473113,1.106195958,6.145113906,1.420422225,1.42175617,0.103203703,0.034894504,5.270076248,13.45007092,69.10413578,18.63359271,81.69299184,41.47549099,0.215175675,-0.043120239,-0.056580137,192.3818182,4951.451391
146.33249,-34.988663,19.92,1.591753807,17.27020032,222.0050729,1.748616299,5.944127603,1.352004182,1.544470623,0.132166258,0.039598776,5.266249135,17.07833727,61.21055703,24.74755609,59.07679238,31.70720841,0.069458532,0.029832207,-0.130390959,136.2818182,5214.025477
146.33249,-35.488663,14.28,-5.597468395,16.80535698,218.8484582,1.837560896,5.696211217,1.344979282,1.678985372,0.142182299,0.050333039,5.118799646,16.69248878,63.04037152,22.8621486,47.1960019,51.49321019,0.065530847,-0.038547074,-0.033280101,136.0413223,5706.384918
146.33249,-36.488663,27.75,-1.239798221,14.73021327,208.653436,1.320365315,3.939251434,1.281890958,2.950800699,0.230002111,0.147889696,5.011492249,14.68616187,69.85293927,16.51227805,33.23255768,55.36704012,0.56640442,-0.123442146,0.088764501,240.8636364,8310.753055
146.33249,-36.988663,35.96,-6.862954653,11.80824086,201.0487622,0.433234903,3.754407228,1.095478081,5.279654159,0.303421026,0.288513632,4.72648745,20.90683079,68.705074,17.07223768,68.1809889,51.91205574,1.397608651,0.219605717,-0.160947556,694.2636364,13212.81178
146.33249,-38.988663,30.87,4.953420598,14.23000861,191.3326765,0.949516734,5.857501493,1.040580918,5.222620176,0.289457161,0.08396983,4.803809481,15.58238263,76.35361575,14.25862517,8.614943957,7.471280517,0.411759883,0.376421183,0.926448643,92.71428571,10617.2349
146.33249,-42.988663,22.97,-0.160329685,9.513604463,161.4664877,0.114686222,7.209773987,0.585602399,6.755167504,0.452745321,0.193722424,4.271756211,18.38958322,67.45046128,19.35371631,149.4819497,18.27618554,0.978807347,0.086459679,-0.117222635,446.2181818,16858.20028
146.83249,-19.988663,31.97,3.853764531,23.23913397,258.380995,0.694480142,5.743176824,1.43185427,1.452174155,0.087280423,0.039726068,5.317882267,9.670121518,77.22526126,14.15426459,194.3419526,68.94808414,0.46160818,-0.034656564,-0.001689818,228.05,7602.385742
146.83249,-22.488663,25.85,-0.05749942,23.68075709,263.3959342,1.292907083,6.129999603,1.490939892,1.008421777,0.101188584,0.056510944,5.538361501,9.905180556,67.11004722,22.57061667,372.8074395,36.36483466,0.134278105,-0.017846816,-0.079055583,266,5965.749971
146.83249,-23.988663,19.86,-6.373345629,21.97189306,259.7167064,0.857153933,6.130588055,1.451463644,1.293379304,0.106654807,0.053613828,5.611128966,10.0562978,70.61744996,19.38222709,176.3490404,99.91488886,0.225750572,0.075037378,0.038534143,449.6545455,5279.369263
146.83249,-24.988663,22.53,-4.073971628,21.06566998,257.1023924,1.034756304,6.291928109,1.406871519,1.592103832,0.111832472,0.060390527,5.663391446,10.59411667,69.82805,19.94911389,254.0733103,127.7568928,0.260927885,0.057893832,-0.114495896,562.64,5170.705686
146.83249,-27.488663,31.72,13.26172241,21.90375948,251.8676544,1.016144547,6.099520497,1.502603163,0.788204241,0.052065108,0.029756273,5.309876914,8.386467832,72.80664125,17.44404053,498.9674968,13.70921066,0.076658089,0.079261217,-0.025637699,237.1181818,4196.04624
146.83249,-32.488663,25.33,4.020873841,18.37163073,232.9470356,0.805470353,6.260338419,1.425645795,1.490555277,0.096177918,0.053547749,5.360627447,11.37085556,72.54073611,15.96918611,219.5906558,167.0385374,0.217814263,-0.046940799,0.054584999,269.8181818,5163.601887
146.83249,-32.988663,30.58,11.81798107,18.36978919,231.3411733,1.306147,6.119683166,1.414799269,1.372485318,0.099423357,0.032907445,5.32570452,14.81323306,65.55717548,21.05605314,112.1821457,33.06277071,0.141742957,0.109322711,0.060180083,200.23,5358.406179
147.33249,-19.988663,25.53,-2.131685014,23.72227826,258.0835255,1.024915426,5.97110382,1.405717835,1.572597751,0.094353044,0.038238496,5.397231278,13.45268783,67.00205598,22.02529743,138.9756707,41.04045592,0.379659887,0.031388508,0.008990323,95.09,7987.445437
147.33249,-20.488663,30.82,4.250458016,23.38664426,259.5020581,0.568878054,5.784711781,1.415436013,1.473620217,0.103556574,0.046140281,5.493675492,10.62606028,77.08638437,14.27543344,216.2010074,39.21337171,0.636797834,-0.073804164,-0.094172324,212.71,6623.510935
147.33249,-24.488663,26.27,1.979849362,21.69582019,257.230681,0.973046676,5.898150253,1.391325755,1.510607983,0.11706809,0.049996471,5.795478478,16.43316025,62.96245517,25.7741309,323.1158983,48.10657905,0.29710285,0.005446841,-0.018177194,388.55,5952.155409
147.33249,-29.488663,10.81,0.521833769,21.50522624,245.4241001,1.518260577,6.096871389,1.344401196,0.743922392,0.060540235,0.035899372,6.98033343,27.23275033,45.45644719,38.78578733,138.8414248,13.51257365,0.024583377,0.126604865,-0.197451071,131.56,4024.238218
147.33249,-29.988663,16.28,6.156556839,21.29783968,243.698621,1.434562384,6.089960766,1.362874272,0.889473146,0.058287647,0.037856548,6.744416418,24.61582937,48.06792637,35.05890297,165.6724714,18.0391284,0.026739107,0.11686545,-0.009843318,127.11,4200.94499
147.33249,-31.988663,27.01,8.011514085,19.06220929,235.4284521,1.841563952,6.138391703,1.409621921,1.1800871,0.106620963,0.031953307,5.84166011,18.02566347,57.03545431,28.24742448,97.85657027,86.86652423,0.050591243,0.081279587,0.008455189,192.6,5406.982619
147.33249,-32.988663,34.09,12.44251599,18.04515515,230.4527571,1.231845566,6.008810555,1.414169054,1.516017369,0.110868621,0.04694764,5.255072069,13.90329446,65.12375187,20.88446066,83.66244906,70.94269588,0.177698105,-0.185616802,-0.136899243,239.52,5925.781782
147.33249,-34.988663,21.35,-1.315271781,16.21281283,218.3112529,1.079999843,5.527415098,1.372587577,1.846946411,0.130219349,0.076244167,4.893128381,11.49053594,66.4806453,20.32408187,24.90660831,136.4207651,0.324207063,-0.049118984,0.021655416,244.97,6176.381306
147.33249,-38.488663,17.38,-9.700035405,14.61163048,200.8260689,1.492960045,5.192694386,1.259864776,3.593929731,0.208334523,0.056062894,5.068602985,13.39435455,79.76062221,11.4805617,24.73784092,13.29765744,0.251317243,0.359537509,-0.267154217,26.21428571,6410.357322
147.33249,-40.988663,9.259482574,-20.21586377,12.21578441,191.4110279,1.103349372,6.603602716,1.045330913,4.818286325,0.303796728,0.05314367,4.711875257,21.72477287,71.12215607,17.89545723,35.061363,44.94594413,0.815094378,-0.142137027,0.006974433,130.6727273,10404.22638
147.33249,-41.488663,11.67,-15.62033137,10.56206297,189.8478948,0.789391479,5.834645923,1.023706123,4.841716121,0.32404368,0.080506828,4.805172507,20.54243754,69.10571311,18.56114942,56.02729469,54.06915629,1.229031403,0.022385209,0.041176222,369.3434343,9184.967558
147.83249,-19.988663,22.22,-6.11145117,23.69430215,257.6140876,0.965552336,6.181696714,1.407236677,1.62610395,0.10649077,0.039264712,5.436516656,12.05349281,70.60685257,19.21399405,68.4071246,50.54377043,0.397527238,0.098954684,0.057496301,78.23170732,7833.332514
147.83249,-21.488663,29.32,2.400068351,23.03418288,261.611188,1.086368361,6.080277287,1.434784877,1.138718553,0.103165515,0.056842434,5.858978109,17.36682751,62.97282183,26.74753317,140.5953815,41.63770282,0.238981563,-0.147282624,-0.049036083,307.55,6761.289349
147.83249,-21.988663,23.22,-1.446898723,23.29918557,261.3589511,1.355468407,6.160150606,1.411054557,1.075287803,0.099552552,0.04732502,6.103779066,21.65685009,57.99107163,31.45480185,109.8643731,55.61377117,0.183081636,-0.004093994,0.104124586,271.29,6097.154001
147.83249,-22.488663,25.68,4.924179846,22.84587306,260.2570634,0.825287222,6.141248612,1.195727542,1.403215555,0.116543165,0.069925889,6.610883667,44.26922222,46.42091944,41.79795556,140.9646254,62.34610062,0.310275769,-0.05457109,0.041266458,351.3,6274.160317
147.83249,-22.988663,28.53,6.928208702,23.07063341,259.7298307,0.969863549,6.007201401,1.270049317,1.283985216,0.107123698,0.062202826,6.408926002,35.01470069,52.70046086,35.82309165,74.90624714,39.13299213,0.175995865,-0.060071371,0.063792747,262.11,5808.586601
147.83249,-23.488663,21.64,-3.184953674,23.00707157,258.7185924,0.977262492,5.769961288,1.405548698,1.394028017,0.100453527,0.049997981,5.724409826,17.3289841,63.93313491,25.56319074,107.3760329,20.64302142,0.166613756,0.035501668,0.128614054,243.3,5774.600529
147.83249,-24.988663,28.04,-5.113620829,19.20439935,253.5952089,0.905626138,5.363353521,1.30975095,2.380446193,0.195761973,0.119419972,5.245791946,11.96504444,72.23842222,17.53181111,373.6236629,160.0623703,0.560995816,0.04581954,-0.125524977,785.88,6456.678673
147.83249,-29.488663,13.86,-0.919014901,21.2165086,244.1226145,1.404362225,6.082675687,1.390606831,0.887336568,0.056953599,0.033651084,6.470419231,23.22310374,54.65524195,31.92945494,71.86101722,17.15240942,0.033908179,0.057929199,-0.122896589,142.88,4428.348588
147.83249,-30.988663,13.69,-2.645187837,19.97896548,239.0554156,1.677704255,6.081362035,1.401252191,1.187948168,0.073621286,0.03420184,6.246634787,22.37228113,53.35961956,31.26101357,84.46756497,35.94297166,0.036298896,0.084637524,0.083446845,160.09,5044.517563
147.83249,-32.988663,23.07,0.297740401,17.71408782,229.1451539,1.329923855,5.894740777,1.403975172,1.559359083,0.112670027,0.063148611,5.182660694,13.03219167,66.37583611,20.24421111,58.44531104,77.74339837,0.154765939,-0.015831537,0.016909097,266.9,6366.866428
148.33249,-22.488663,20.03,-6.064725733,22.91476499,257.9194996,1.087279008,6.04714316,1.400434412,1.393949235,0.112369738,0.047531554,5.881980441,19.89479008,63.63695832,26.12859104,83.38677832,36.16926295,0.264187764,-0.081967719,0.008577025,243.322314,6518.099016
148.33249,-23.988663,26.13,6.123763589,22.92503131,256.9226931,1.126784338,5.368650588,1.205749765,1.410300183,0.120645439,0.06675178,6.476117851,36.04411241,46.85373265,41.06015953,116.4151151,15.7734379,0.230461743,-0.008188172,-0.007007458,231.9834711,6093.315381
148.33249,-25.488663,18.44,-12.326906,20.14620734,252.9048692,1.05138071,5.629308484,1.340854191,1.920544666,0.151208842,0.066132518,5.412071636,13.45057338,69.41598307,20.08990197,190.1439124,228.5637601,0.321614005,0.020277306,-0.054096435,534.0743802,5879.643776
148.33249,-27.988663,33.1,11.62629034,21.46413436,248.4100003,1.484966302,6.056508303,1.451666795,1.025299142,0.043188787,0.0293125,5.691954652,13.52917055,66.5071531,22.64560222,123.9963138,60.67296201,0.045080205,-0.036886754,-0.078394685,211.8,4778.170504
148.33249,-30.488663,12.5,-0.191559561,20.42127654,239.7946682,1.896686021,5.988374164,1.31599941,1.122399744,0.071111858,0.030853305,6.51072503,25.93929463,46.67284366,37.17553656,163.2054066,20.28963468,0.040183422,0.014167156,-0.009792141,145.9669421,5059.727592
148.33249,-33.488663,20.75,-3.6616143,16.68748569,224.8992486,1.025271561,5.433423996,1.377190606,2.150659498,0.13653286,0.120415222,5.248684694,11.660675,66.59462778,17.01928611,52.31819705,100.4592716,0.451163395,-0.010647946,0.05152735,325.9272727,6699.694274
148.33249,-34.988663,40.18,9.362941847,14.03831353,215.8208282,0.787933149,4.994241502,1.275763468,3.213401168,0.237312722,0.154913278,5.033429809,15.76369167,68.07476111,15.96171944,68.15944188,88.32623711,0.753927039,-0.061596399,-0.104810537,469.5636364,8152.493819
148.33249,-36.988663,32.02,2.235457587,11.01599,198.8878817,0.144087583,3.891156973,1.207971582,4.393778641,0.241979999,0.186213667,4.921679694,12.90329722,72.96513889,14.1656,204.3797049,32.39181557,1.736928012,-0.021639853,0.107348135,824.9545455,9990.894617
148.33249,-41.988663,11.9,-8.467336802,12.4278077,182.9269636,0.936412574,5.812770844,1.058644551,4.430855767,0.254138282,0.058936476,4.796171175,13.64544099,73.96582985,15.10400787,29.58770473,21.92776778,1.278442209,0.091889511,-0.494161654,187.2564103,8357.088464
148.83249,-22.488663,14.66,-11.31927597,23.0403074,257.720612,1.318681361,6.039789612,1.42030286,1.307773527,0.112108471,0.043424249,5.929870916,20.60614722,57.51969167,30.87990556,149.9620113,27.03311591,0.107291697,-0.037940845,0.041816016,145.4454545,7125.618048
148.83249,-23.988663,23.72,-3.107100979,22.42155346,257.0097193,1.027288944,5.182918267,1.373762634,1.647438111,0.132308222,0.059854444,5.551454141,16.03869444,63.09522778,26.23952222,149.350372,54.7896501,0.570487081,-0.030111187,0.053258407,316.1454545,6074.54838
148.83249,-27.988663,3.782966436,-15.91177035,21.35427796,247.8054044,1.343847562,6.016735424,1.404105533,1.219009074,0.058764459,0.036271133,5.813999791,17.29294469,57.54441522,30.04675581,123.4894351,27.46650601,0.084224655,-0.010807302,-0.047208027,215.2,4952.960295
148.83249,-30.988663,25.23,3.696788445,19.11283479,236.8892312,1.665988491,5.508154267,1.356000302,1.623864694,0.12856186,0.06527625,5.998963779,19.20961667,58.36524444,27.72610833,96.79396906,64.60199883,0.289010312,0.060162324,0.027200096,290.16,6209.38285
148.83249,-32.488663,27.25,3.236823813,16.82985549,229.381668,0.869983317,6.086161731,1.385600851,2.188303081,0.126619554,0.065194583,5.427469419,12.29758056,64.69878333,19.47355833,42.71440221,126.6981692,0.395554429,0.026446809,0.092992353,376.8272727,6884.541045
148.83249,-34.988663,30.49,2.141239224,13.18213583,215.7361951,0.719683429,5.048557615,1.30239647,2.914827674,0.189742249,0.118795187,4.783300891,12.46661521,69.20846967,15.28219794,61.89813416,34.74446905,0.753915731,-0.005760829,-0.068766133,583.15,8173.512686
149.33249,-21.488663,40.26,-0.337297139,22.16486117,253.6474452,0.954602705,5.564024854,1.301331352,3.078860664,0.177120651,0.048006746,5.083426478,10.66759622,64.54757149,23.40641045,33.76898396,30.07653658,0.646777401,-0.062933352,-0.089350659,92.59016393,13759.08145
149.33249,-21.988663,33.51,-2.592044248,21.62086851,253.6368349,0.723280466,6.046462229,1.318478911,2.875716297,0.198261791,0.059418266,5.235142435,12.16253796,69.61705481,19.47241589,80.85982575,70.31320225,0.854480152,0.090038527,-0.004851758,226.4022989,9803.341555
149.33249,-22.988663,19.73,-5.612264483,22.88160682,254.8776059,1.139995389,6.036011219,1.405273894,1.452677111,0.127035499,0.044533722,5.772084864,16.88535278,62.88093056,26.00376944,188.847297,54.05450758,0.324828837,-7.64E-05,0.00937165,143.57,6964.264941
149.33249,-25.988663,25.54,1.45467333,21.1515913,251.6536979,1.081266671,5.848113953,1.350596219,1.735372547,0.146631206,0.049739434,5.96021335,21.54749994,57.16524656,30.71479468,204.0335746,73.77552298,0.243243857,-0.059504636,0.064004117,292.6,5634.459892
149.33249,-27.488663,29.32,7.389255734,20.90330069,248.2140335,1.005990583,6.020064787,1.370388307,1.564344083,0.105481277,0.041469888,5.520897697,16.09967778,61.95762222,26.13448333,151.7159057,40.28470617,0.179240159,0.030947143,-0.014103997,304.0545455,5277.313021
149.33249,-28.488663,22.16,4.460137214,20.99329132,245.2375308,1.402405954,5.891887875,1.386877118,1.215931757,0.065801982,0.027899435,5.874851737,20.1069189,52.12462249,34.56147219,253.1107305,36.44271899,0.089242876,0.08584454,-0.051871287,203.2,5278.509389
149.33249,-28.988663,16.82,3.563296479,20.92222062,243.4171376,1.583177697,5.847517915,1.284201124,1.167330561,0.061924846,0.022273797,6.506148862,28.79289635,41.5710117,43.46278288,150.7850703,8.252567373,0.02783158,0.058182693,-0.110743656,172.0727273,5403.533399
149.33249,-31.988663,29.74,3.691971376,16.87753472,230.977851,1.153743069,6.087709319,1.379764423,2.255318093,0.131867182,0.067318026,5.312274825,10.95130428,66.05683529,19.41521238,61.6033188,103.0669815,0.398022987,0.066717509,-0.060339693,447.49,6920.866948
149.33249,-32.988663,30.64,2.814069014,14.27465786,224.1935365,0.47460314,5.256589322,1.305267207,3.140414662,0.180817513,0.109718272,5.026318452,12.04613269,66.03589741,15.88696557,101.9986749,90.87279473,0.783135649,0.076194003,-0.003545675,714.26,8225.930474
149.33249,-33.488663,24.68,-4.400637017,13.08409509,221.3622008,0.805501301,4.267695902,1.306852406,3.058846837,0.202050209,0.11255751,5.005199345,13.73234308,67.66156143,13.95668815,32.92195375,43.59750268,0.531547821,-0.029476167,-0.022167213,860.65,8523.699832
149.33249,-33.988663,25.58,-4.535747874,13.43041764,218.3462744,0.543161458,4.584814171,1.290592196,3.347912633,0.206601225,0.135571077,4.99041271,13.0373418,68.83949064,14.17521065,82.41506824,93.80308056,0.802723084,0.038963657,-0.148923563,747.9181818,8311.776968
149.33249,-34.988663,25.18,-0.615754488,12.85620126,218.1735117,0.981059651,5.534862739,1.340782985,2.606050666,0.170953914,0.083938481,4.79752034,11.89990949,69.63724705,13.80021031,36.52894877,33.59147812,0.418101784,0.144851277,0.208592473,690.36,7663.273823
149.83249,-23.488663,27.14,1.297813775,22.92328527,254.0554205,0.975984445,5.942598352,1.341330349,1.777438221,0.14422711,0.047959444,5.62404847,16.94996944,63.60568889,25.33084444,128.7060552,52.08142779,0.327613214,-0.035022237,0.044138173,107.9727273,6884.244882
149.83249,-27.988663,29.32,9.552780774,20.99591328,246.3872002,1.329159212,5.896140523,1.351431613,1.356772408,0.100740425,0.035682729,5.824843054,20.98524553,55.4120522,32.20855457,248.7954133,56.47602554,0.102396888,0.070361486,0.005828152,240.7818182,5805.12068
149.83249,-30.488663,28.81,3.141965448,18.74774971,236.7733471,1.391637749,5.31123499,1.337292719,2.040385759,0.115415356,0.056302867,5.495549465,17.04424498,65.19545935,22.33484688,72.21438518,48.30899441,0.413319501,-0.037752592,0.030026944,289.0413223,7027.672593
149.83249,-31.488663,31.29,7.689464173,16.84311106,230.4949222,1.131181402,5.237591752,1.282338228,2.607724638,0.143160972,0.083156055,5.744117832,18.13815556,57.53304722,25.68533333,74.42755305,71.78816994,0.728233925,-0.104357129,-0.05854265,518.9727273,7273.958201
149.83249,-34.488663,32.79,4.228707781,12.91442143,213.9838359,0.779163444,4.691725362,1.323047198,3.316815543,0.192016265,0.106190688,4.708017412,11.14557455,69.43858205,13.53517762,88.43135929,66.15213542,0.589269761,-0.081057887,0.035022243,764.9909091,8504.627008
149.83249,-37.488663,28.41,-5.615572742,14.90153187,197.6876463,0.854595609,5.057425039,1.210420574,5.562759539,0.199966165,0.073732294,4.335695092,13.79752422,74.85965933,12.95886402,33.42109703,31.75564091,0.580491564,-0.099909484,0.123301953,146.8970588,9702.446939
150.33249,-22.988663,31.04,0.737055364,22.45542511,253.4815102,1.081530859,6.569923611,1.329335769,1.960461174,0.170817807,0.052052534,5.278093163,15.72233652,61.57201395,26.34159826,102.3904301,26.63081321,0.235733983,0.00045314,-0.013884315,56.74,9422.872667
150.33249,-25.488663,24.16,-3.646546399,21.04990359,252.1710442,0.935143804,5.64926975,1.322126448,2.192013887,0.144433305,0.056730695,5.543893277,17.14745278,65.10666667,23.60631111,211.2139168,51.22726238,0.322997202,-0.063673209,0.065953321,330.1181818,6771.991994
150.33249,-27.488663,28.19,5.750189446,20.51693114,247.1367014,1.307580859,5.991018768,1.30918166,1.514759417,0.160283223,0.037651583,5.693812446,22.53873333,54.99481111,32.54429167,115.265934,44.46693339,0.085129826,-0.089289809,0.085448695,297.1363636,6358.473686
150.33249,-28.988663,20.52,1.380955329,19.94305163,241.6764712,1.580599926,5.724432269,1.30287222,1.457375595,0.155060827,0.045057464,6.031905473,24.38190589,47.90787609,37.31156738,62.09085481,10.28010165,0.195807501,0.037411105,0.053783963,278.3727273,6565.823701
150.33249,-29.988663,35.18,6.375841075,17.57740737,235.2691809,1.077091542,5.588080939,1.270791936,2.902307056,0.19033839,0.132346583,5.553438498,17.88572778,60.98006944,21.70868333,111.2453619,103.9791964,0.815062519,0.054252382,-0.077312065,469.62,7569.541724
150.33249,-30.988663,29.79,10.22031031,18.12117696,234.447553,1.464271342,5.227067046,1.278226747,2.108924544,0.109581536,0.059865123,6.100186303,25.53025791,49.89854298,31.11396341,47.69014118,22.90307474,0.412569294,-0.041960336,-0.025517099,321.62,6936.509384
150.33249,-31.988663,32.88,7.793918984,16.36775375,226.1768961,0.973058016,5.102028136,1.245068148,3.338266085,0.169412278,0.096673334,5.606881334,20.20785,52.748575,27.45117222,91.63804907,148.7326205,0.799588237,0.113392612,-0.005836111,493.62,7259.826123
150.33249,-32.988663,34.72,1.180058874,14.49725826,216.2655837,0.79299483,3.605239406,1.276452481,4.151670058,0.234226277,0.154458694,5.060257473,10.19488889,66.37548056,17.74098611,147.1958729,95.12470088,0.962236116,0.018868338,-0.061310145,624.02,8698.756715
150.33249,-34.988663,42.57,10.62181504,14.83866246,207.2376436,0.707289735,4.451910381,1.283792662,4.006233319,0.221717137,0.106886116,4.426205877,12.14233818,70.67731256,14.88315038,75.91121849,41.36273456,1.028087078,-0.004318491,-0.030897655,372.7272727,10854.20982
150.83249,-22.488663,24.41,-15.8912876,22.83086449,252.6722098,0.818890105,7.10008306,1.297352563,3.919165869,0.230697143,0.065188871,4.951366718,9.739799626,69.51610442,20.00744606,8.843684671,8.65852475,0.32969318,0.381479742,-0.076721255,53.56,9957.560011
150.83249,-24.988663,28.12,-1.160053236,20.65154958,250.7742427,0.825057428,5.460271463,1.322734614,2.23626116,0.166279681,0.074440504,5.586552762,15.31407855,65.96823447,23.16132331,126.7013329,51.54143725,0.368959551,0.071229134,-0.005909145,358.53,6958.924839
150.83249,-26.488663,25.16,-4.431720439,20.28761748,248.5828475,1.288001021,5.587347143,1.358925551,2.068959758,0.127916989,0.041476676,5.353265562,13.64594144,68.92391606,20.82565892,126.3389936,81.16087383,0.152037717,-0.028364584,0.073329608,363.11,6919.710239
150.83249,-27.488663,14.06,-12.15872308,19.7950665,245.8748563,1.052814721,6.049111752,1.354803204,1.789394249,0.11954047,0.036448249,5.348869,13.92169167,73.23812778,17.13805556,127.3427791,51.22711449,0.170323955,0.004380186,0.044773366,362.3909091,6498.559455
150.83249,-29.488663,30.28,4.683179934,17.796396,238.4554521,1.097302073,5.705101577,1.228741637,2.41509486,0.192675,0.102581917,5.688331417,23.16559722,55.96684722,27.69006111,63.38862294,64.93629258,0.470956733,-0.018558489,0.036477769,539.65,7920.118793
150.83249,-32.488663,33.35,7.658231663,17.13079196,219.5789638,0.954897657,4.04830267,1.305384989,3.043090412,0.188893219,0.095350961,5.258496277,13.95672431,63.73048375,21.50944093,57.57494215,49.91535996,0.730625371,-0.153929731,-0.060286086,253.5818182,7308.343964
150.83249,-34.488663,37.73,4.889353028,15.75800667,206.7120689,0.903824777,4.287915339,1.25502401,4.591683923,0.245021099,0.101311446,4.535122653,13.21566118,66.991686,17.31814976,21.27104835,18.68779852,1.334487967,0.117835977,0.184158142,323.0166667,12423.68146
151.33249,-26.988663,20.74,-2.778330536,19.56120683,246.8934851,1.201192634,5.897952895,1.215039683,1.832566834,0.165820438,0.082538131,6.311218482,37.88832095,44.77804551,42.20470918,50.44697657,27.07609074,0.392396328,-0.000715224,-0.02061348,432.0636364,6606.292819
151.33249,-27.988663,17.02,-8.041829808,19.0268379,242.784359,1.115680333,5.981041596,1.295021068,1.89320685,0.139945366,0.056848005,5.640689848,21.11323729,62.62598538,26.18385242,82.66594296,39.85457328,0.250420507,0.06267049,0.021794612,417.1,6931.942162
151.33249,-28.488663,24.25,-1.967857849,18.67604522,241.3970998,0.851119206,5.79023778,1.342342974,2.088479962,0.139823595,0.055582131,5.415190886,11.42549805,70.23535178,18.00082938,112.8007406,68.29192652,0.409193904,-0.114918404,0.088372239,419.0727273,7122.798476
151.33249,-28.988663,33.34,6.300731089,17.9518135,238.120483,0.810597833,5.547101641,1.330623768,2.424731734,0.161023666,0.078379233,5.273178521,10.87916188,66.87785404,18.67104377,94.1652986,73.02001868,0.742263951,0.094293003,0.037721902,473.1818182,7615.425568
151.33249,-32.988663,38.44,9.922027215,17.47759588,214.7488744,0.942193274,3.842696339,1.301705046,3.293078997,0.210214284,0.082485368,4.634572031,13.10243165,65.85250235,18.85291719,37.23488243,32.71522841,0.679683445,0.077268714,0.03643633,173.2897196,10783.91528
151.83249,-25.488663,35.92,6.339294195,20.9099606,245.5628987,0.688907907,4.57338321,1.319972872,2.332661655,0.176650004,0.06738691,5.447945139,18.54487605,64.56099303,23.75968477,74.54113613,42.94618516,0.467166306,0.085778534,0.107963526,180.4727273,8347.846916
151.83249,-25.988663,28.17,-3.592999327,20.10157385,245.076373,0.817245611,4.705924125,1.291531304,2.467667426,0.184754317,0.0795746,5.441752672,17.87143818,63.4002801,24.95909946,80.94364906,56.1935356,0.41996186,-0.002796541,-0.207529389,309.39,8545.126957
151.83249,-26.988663,37.74,5.934020074,18.41977761,241.9859978,0.875000429,5.259493559,1.267281129,2.870722649,0.21296465,0.10331226,5.447104518,17.882435,60.27489531,27.39164724,62.59636469,56.09790647,0.571436803,-0.016235075,0.012388524,513.73,7717.513351
151.83249,-29.988663,35.86,2.51722029,12.95512655,229.5704613,0.738693397,5.060555952,1.285901768,3.465783729,0.251446954,0.129724322,5.015157386,12.14742644,66.13338651,16.42452558,86.74252113,71.10491287,0.672842,0.025023656,0.148075475,1192.44,9576.681119
151.83249,-32.488663,39.95,13.16745404,17.64442672,215.4540452,0.904727974,4.331804695,1.297776235,3.389431285,0.220667363,0.078355912,4.710997609,15.39078576,61.52843602,16.63149199,34.47238883,49.43586993,0.53153583,-0.107378712,-0.07674135,122.8598131,11547.17017
151.83249,-32.988663,29.99,-4.197120988,18.58730635,216.7883218,1.330611109,4.643554932,1.310244993,3.575182265,0.206077827,0.076343759,4.589549619,11.12941686,71.69786314,14.63465096,4.502467373,8.591178276,0.183990616,-0.454585767,-0.236211411,17.7037037,12061.85931
152.33249,-27.988663,31.54,-0.829018864,17.85737146,233.2476495,0.852662231,4.408205362,1.238205497,3.324996229,0.231882416,0.125725403,5.290113207,19.7005235,56.94896789,29.29387526,65.974272,82.99269377,1.145180738,-0.100250255,0.077413072,505.45,9029.57178
152.33249,-28.488663,38.49,3.211004763,16.86432449,230.4449777,0.869101526,3.956559553,1.26973581,3.609225664,0.246680835,0.112997541,5.141551113,13.36107793,63.61504077,22.65233154,86.36495421,78.47280013,1.103509529,0.056094823,-0.059318404,556.78,9804.661433
152.33249,-29.488663,36.64,-3.542634329,15.85148932,220.8009449,0.762497096,3.466881182,1.240109031,4.601325966,0.299011433,0.186335801,4.913343283,12.10364618,65.35512985,19.03012165,177.4762924,185.5650903,1.610916582,-0.013041082,0.052543763,643.96,11378.67585
152.33249,-31.488663,33.82,-5.585884997,16.09898593,212.7983755,0.683629305,3.517810999,1.21618048,5.112736835,0.291488584,0.141140028,4.798367444,15.53474722,58.84955278,20.26630278,135.7646523,151.4122205,1.373743402,-0.133469574,0.055944779,430.55,15810.67043
152.83249,-25.488663,26.43,-13.73516118,21.46835899,243.0649241,1.179853359,4.897763729,1.337874003,3.41434809,0.187628572,0.059733999,4.859293189,10.41042575,71.6836623,18.15250384,15.62433511,14.5503406,0.091314877,0.057474093,-0.070317097,29.61176471,10966.82293
152.83249,-28.988663,33.77,-2.979670219,18.791771,228.236528,1.215820358,4.07973206,1.276776277,3.559664077,0.251338007,0.09409317,5.064175423,15.02130108,64.05523551,20.65816569,116.7939945,97.4890455,0.526154354,-0.014702397,-0.119266943,159.1727273,12373.59695
152.83249,-31.488663,30.3,-5.289742262,18.13592975,217.2146536,0.993084257,4.292670591,1.263933807,4.395599401,0.240720347,0.084287453,4.582117126,14.00707566,62.2909906,16.15747584,30.42725714,33.55090072,0.421689904,0.130678575,0.181091424,70.1884058,16018.50974
153.33249,-24.988663,31.81,-6.283198047,22.08205826,244.1206843,0.730801719,6.769465764,1.302135899,4.026167173,0.214244388,0.069183128,4.89481322,7.093336371,74.8136813,16.65951489,11.07445901,8.367554248,0.550154299,0.248318638,0.679304581,71.76,11659.12261
153.33249,-27.988663,29.5,-10.10112642,19.49897974,231.100826,0.889304149,5.884573028,1.253926063,4.08198368,0.268286337,0.095243025,4.848295927,13.39709918,63.27350203,23.38818579,17.95167363,22.48330736,0.905375398,-0.027278559,0.148829296,155.313253,14830.93653
153.33249,-29.488663,31.87,-10.94493037,19.68854643,228.1763072,1.131737622,5.226861944,1.301448552,4.574709674,0.224651039,0.075727101,4.463641883,10.33186788,68.42379785,17.55065822,35.5238464,21.93647247,0.203142135,0.044168393,0.12194259,30.98275862,14550.30048
153.33249,-29.988663,36.09,-6.639689012,19.09534585,224.9925827,0.941205721,5.161801322,1.288747457,4.549165805,0.239498277,0.076379598,4.434585136,10.8541454,67.63412812,17.14982302,28.78876563,28.16548806,0.441945739,-0.178229765,-0.218361032,76.10810811,15387.21384