"LocationID","Longitude","Latitude","x1","x2","x3","x4","x5","x6","gc_x1","gc_x2","gc_x3","gc_x4","gc_x5","gc_x6"
1,116.914806043496,36.4483409313485,0.274772823227115,0.283889132743034,0.396484030190003,0.0360082960198281,0.189999194766729,0.116804510112321,0.0683546150912464,0.0911295004058835,0.0357436968416972,0.0215420162838219,0.0082716105402606,0.115959068903544
2,116.937075413298,36.2544878027402,0.338154431358058,0.551083015379734,0.302559515274882,0.0148580575498716,0.155977825522197,0.128811623815634,0.29552363151322,0.187683201078388,0.0562302010549973,0.0323099620547086,0.0549661740409677,0.0768059103621728
3,116.286139534786,36.6988005741499,0.32723380789853,0.0607941050930756,0.0926298384701852,0.0610565250140392,0.0202173141820386,0.0408954455444999,0.112523166729151,0.0714329161331394,0.0265057414966016,0.0166168330021422,0.0381043900901722,0.0218212467662544
4,116.830447626067,36.2734674856765,0.266019683712263,0.301087799519638,0.234174931513177,0.0169481153756035,0.0495061090572552,0.0401509177332321,0.287882586602606,0.149646194678747,0.0470343119850342,0.026328331652458,0.0358290620364063,0.0561952425570789
5,116.641745518893,36.4639960637782,0.239022359917902,0.261455573534093,0.0421183942834068,0.0707862125715614,0.0691957986436981,0.0218642333592503,0.0355516142644313,0.017251686317949,0.00163324754380856,0.00622371609775041,0.00620038972202885,0.0601909541547423
6,116.51909594913,36.4301556958817,0.184230273554836,0.227560004913792,0.0117857145603487,0.0598153790324746,0.0445253540141318,0.0604703616810421,0.021275511041882,0.0152817224340667,0.0131788108153106,0.00306678044985542,0.0465070395569626,0.0396097416214956
7,116.736588314641,36.6919670021161,0.148296963834512,0.133013933854925,0.133767448278167,0.159237848887542,0.0771975728188582,0.21301773151937,0.0641472801526671,0.0581543814827925,0.0286339852056621,0.0109843050812323,0.0260604726172561,0.136304411577954
8,116.134666597238,36.1475359701086,0.424020107792555,0.214806958589555,0.188298861777286,0.04348346938421,0.0446227690604674,0.240927762515907,0.114523396742339,0.0416864589787713,0.0374349169774137,0.0187368535441254,0.0277974619736081,0.153757549684386
9,116.656992290402,36.3975967349019,0.234744962535599,0.226623439839944,0.0763527354148172,0.0346340713734032,0.0370289764433146,0.00734884210204023,0.142269986191359,0.0379490281593976,0.0142047659283172,0.00978516533705309,0.00934525566890787,0.0482154210617878
10,116.705064784037,36.4710669027641,0.22102881288736,0.295076308325562,0.102841142437219,0.0712599921119446,0.112442624998076,0.0438242120164717,0.036311588134729,0.0194414466398454,0.0044467760863024,0.00387108595070884,0.00808880742215456,0.0840686492375405
11,116.457741776248,36.4292272697669,0.201013410497462,0.165997252331966,0.0139097267715755,0.0341705785496819,0.0295544851772126,0.115992630323151,0.0117629759279808,0.0187438801162029,0.00866959027301861,0.00431179513032054,0.0203222502403126,0.0182584312522759
12,116.719112251652,36.472178958985,0.234798182742374,0.260474280503025,0.135415708708904,0.0658738526292402,0.125151690793313,0.0405190826749743,0.0441795290993465,0.0180043557093795,0.0087898413131281,0.00328755979012885,0.00619342945491319,0.09359730943226
13,116.934672247153,36.6167054224759,0.0429289508703138,0.192965378866415,0.377460480447792,0.0875470744346059,0.235044430289451,0.237974541430448,0.0204222606191007,0.0317230575409103,0.0435420616554746,0.00348899126448654,0.031574840392631,0.203184673491337
14,116.255428824341,36.3166128199082,0.401397597288937,0.141385648769688,0.134708799733893,0.0192492825667677,0.0217823066577112,0.206893730658418,0.0256354530056598,0.0169197092030552,0.0197005433509946,0.00796010401523739,0.0278362739143146,0.0980437353334646
15,116.462292822544,36.755668156757,0.454314497491023,0.0783116722863538,0.0122911089986654,0.177803742622428,0.138511316060181,0.0782849361830309,0.0920643555789602,0.113733993663672,0.0157093133540925,0.00686012383354173,0.0609187450291808,0.0694757566697022
16,116.940014522756,36.8297223224072,0.0243057509243932,0.0749862527764661,0.496573979167233,0.117628655848074,0.28034058174037,0.215517319535281,0.0424465328092479,0.0493778139370771,0.0300785061400553,0.0242642560379064,0.0486846662730415,0.2004906878083
17,116.978226428386,36.0956786592258,0.334750586965218,0.596596108281462,0.317651047976922,0.0121163601424378,0.48915157780166,0.300082557899996,0.356410722774274,0.234277131110896,0.165761337603734,0.0207754212979082,0.0657203570473275,0.0692525873367538
18,116.117487361655,36.1858760263072,0.412375247899225,0.20899344651086,0.172731872725785,0.0383026929737373,0.0440238246262742,0.250073548355697,0.0735559747954189,0.0346101900086375,0.0334171939248393,0.0178890772386547,0.0290967650577888,0.162746609937489
19,116.474997081561,36.4379786206176,0.200930560466194,0.193269919589582,0.00475455565638538,0.0427516145292318,0.0362353435111418,0.0863500790171652,0.00695478819679995,0.021976727798824,0.0113133988268291,0.0030202448285378,0.0391176862426919,0.0335240560091103
20,116.560332746245,36.2914398214314,0.253377877942281,0.25875987902158,0.0133380242958716,0.0149054374497879,0.101776279388009,0.0295826748706169,0.177607079226061,0.0735615016152983,0.0249530366389419,0.0086305780220175,0.00538786885074438,0.00853391079349364
21,116.904031387297,36.424542532512,0.297294630290457,0.369975016485902,0.385988492120329,0.0269284609115693,0.12794000108947,0.100273895038262,0.149845429202925,0.120553305250504,0.0438978140328401,0.0246982866542196,0.0224678278906215,0.0801965665467441
22,116.138710167725,36.527479651873,0.26456980104444,0.0283876974356859,0.0660346172464926,0.0048087297600895,0.00629662275352572,0.0491443411399513,0.0408819496695177,0.0173326766055709,0.000573223438286474,0.0217411678778359,0.0580140812851576,0.0256263875640421
23,116.988891728921,36.2015550113283,0.304254729211357,0.612265266392621,0.350303522887828,0.00684280996620024,0.321517419202849,0.206496975012625,0.304473969154393,0.237349213875374,0.0897631083048441,0.04502491414445,0.0645792369012658,0.0984638201458305
24,116.946668232558,36.6606267480645,0.0310604823330947,0.18366186181777,0.373330346779645,0.0943908539217225,0.23044429307244,0.292605864199631,0.0177825808965422,0.0209274393236611,0.0335498966897098,0.00208302421535123,0.0306210261383527,0.218813886847672
25,116.0824375581,36.1354356891476,0.453729750699449,0.184394896466769,0.191164545367701,0.0390381837731766,0.0540047172527514,0.287094155434552,0.119906240422287,0.0311429401694925,0.0351390589035459,0.0203072371295853,0.0355816157821458,0.184228356669107
26,116.51421178435,36.6277980301995,0.281648642020766,0.106990411150242,0.0319596314035051,0.207412753851746,0.0634747456617445,0.0586081867339645,0.0651261807855538,0.0939118551678128,0.00818415860301014,0.00125063900257216,0.0553719670055818,0.058332335357811
27,116.390203467105,36.2376971143764,0.364153713279487,0.169025032454253,0.0785498442610657,0.0368854216795903,0.0638474488320769,0.133236229067828,0.0718248270210482,0.0323251654538687,0.00728826956082318,0.0130816624041179,0.00896651833217521,0.0114718115637625
28,116.90573813091,36.3838184300344,0.311572467733301,0.413081253071701,0.36218875487205,0.0179586318712858,0.1064041089169,0.0897673369664741,0.21801214119975,0.127481575271293,0.0557360444759845,0.0224921277296704,0.0395316048828692,0.0798906149273911
29,116.446969628101,36.6492002160056,0.372921786738528,0.0968780955958194,0.010841142688804,0.15825194730779,0.0508962774108215,0.0248042853220809,0.0702596890884878,0.073749575345229,0.0125432611195002,0.0154876470428829,0.0812591911036942,0.0585518783012294
30,116.836004259996,36.4270245364169,0.302706118042904,0.314640025011279,0.338579524719083,0.0207398336231995,0.103890480572097,0.0806762795216485,0.164006030673932,0.105992466854101,0.0364419515803188,0.0211409190090986,0.025845225086723,0.0686615963888453
31,116.737595617771,36.3047282648273,0.228689020927005,0.249129589832052,0.149310310534439,0.0131565969806816,0.0372635112419006,0.0368054580809691,0.297744341997321,0.108697560283548,0.0455050113827532,0.0204234435142272,0.0212293622218324,0.0425677339698499
32,116.811055141268,36.2165329249576,0.2479835059512,0.274036871143653,0.189907850295017,0.00657685568501643,0.093254085912988,0.0549846348645219,0.284176168028292,0.189169620455109,0.0726734096252294,0.0203173102200075,0.0229149583902049,0.0430570276597152
33,116.388108282816,36.194633710105,0.376813930929626,0.156025693526526,0.0775055199989201,0.0539093895054656,0.0615418713877769,0.116394007692068,0.0986310097041333,0.033335361796419,0.0109224814866301,0.0239948025369187,0.00545033452697152,0.0105901736670712
34,116.685169729404,36.2178523071343,0.251416100935315,0.262581355882418,0.0575379811461562,0.00812471160052708,0.117190912098273,0.0450212714319547,0.312423872905296,0.132493582493667,0.0793598091479231,0.0282758671879673,0.0176985730955797,0.0105793369532031
35,116.003948338795,36.5084142057225,0.362920996787693,0.0383638518783243,0.100355321235372,0.00401415080093459,0.0129149661903466,0.0337904542841033,0.025667557038983,0.0390417806952478,0.00946951643224703,0.00885426849837034,0.036822730873081,0.0292063967706185
36,116.832916080253,36.6413112800103,0.0730707078500824,0.187775148466719,0.294962165884871,0.0801040011623649,0.147292313000422,0.231858034490941,0.0220190644176759,0.0218540681877126,0.0467372667652217,0.00408577922664954,0.0152450767360239,0.174481313327744
37,116.007334146881,36.0972869381541,0.39667534308252,0.230019293381544,0.195106607986325,0.0234758620374205,0.146376410793849,0.252795683452758,0.100054805292249,0.0732351632981764,0.0284020641754309,0.0386369543609025,0.0648534318417467,0.19716350236609
38,116.207658972824,36.4671682861866,0.314668735310484,0.0503004079434034,0.0986953134238945,0.0100177459335309,0.0280980523119301,0.0880329472064467,0.0166682571041032,0.0270975885111849,0.000293331274491715,0.00965611664933719,0.0337198636989817,0.0663861935299694
39,116.906601407798,36.766971310135,0.0061166706364546,0.140098697928784,0.428139144232305,0.0761090578330491,0.25799903984635,0.25562671900651,0.0226668221854736,0.0284729063175745,0.0546318977973342,0.000544479730149594,0.025922050441592,0.283427075844674
40,116.611778643448,36.6431687478907,0.256719670221062,0.104552043557854,0.0264600604005585,0.215949529703908,0.0692726538264686,0.119024584781574,0.089128556919145,0.13116476668062,0.00769850666844196,0.00294557909504223,0.0489760495017446,0.119477291248791
41,116.379559240537,36.2825835163705,0.335820641271121,0.15531534937537,0.0835252065793085,0.0224091630369589,0.0589290726762763,0.143117839312957,0.054097222403249,0.0205317670759645,0.00818927052101848,0.00999813805689254,0.0103282629947408,0.0246859380809059
42,116.435771584976,36.1042354281759,0.402831520209981,0.179414061808947,0.0213429379196873,0.078912532193691,0.0711530922283017,0.0287560450675722,0.172974722847622,0.0624194567187099,0.0136468353793598,0.0013282172448118,0.00281332196910822,0.00459522600144235
43,116.037431032863,36.5175036607543,0.321034967616589,0.0260705108117153,0.0872630864989153,0.00332298314191259,0.0159369627186137,0.0335240093649954,0.0285524744507867,0.0222283185762832,0.00882822705786923,0.00944910209811767,0.0354447496378677,0.0237808514824696
44,116.973539913772,36.7482347298414,0.0242261929601989,0.139311937675874,0.461596361473983,0.12620401465255,0.279820415855125,0.217232426739135,0.0246615671122277,0.011036320603938,0.0367051421819877,0.00706813528268524,0.032416242847813,0.19383544685509
45,116.431751248892,36.4683057821123,0.236648263104029,0.177292882434731,0.00727510045621682,0.0443571510350519,0.0205314937231709,0.101290303994237,0.00455607878202668,0.0306425991714736,0.00657301537092525,0.00519444314266071,0.0298491271745478,0.0329263454348163
46,116.957576596644,36.6246099257609,0.0450431941119714,0.168547849354257,0.402793088329013,0.0842708350435071,0.255475651829673,0.255683218306506,0.0118893278821661,0.0138127748591025,0.0298447133173455,0.00181677831278715,0.0580579229758887,0.19285195614722
47,116.887754905503,36.4499135905411,0.273177775589921,0.279484681034418,0.365680794987276,0.0310354296263975,0.186816791789511,0.101877550431608,0.0857871403655744,0.0840605658276842,0.0385174528860461,0.0144242743880347,0.00988868775857177,0.12613220570773
48,116.639978769468,36.3187443588395,0.233870831524466,0.253126103505401,0.0693176472499801,0.00740799143439441,0.062718028077548,0.0269081503977786,0.23316533818528,0.0835297831938306,0.0404745215938943,0.0241290462126741,0.017715513141947,0.0147068146150735
49,116.970966610359,36.8683237431105,0.0425198821070342,0.103700964294641,0.485286641915557,0.0910489030171667,0.273258744637301,0.200010090478631,0.069015122888686,0.0983622441703899,0.00828518443419546,0.0318282659810637,0.0460361615588402,0.10714220653267
50,116.618838207331,36.8300351287471,0.36918050719095,0.0218512781613835,0.0638307183206424,0.236714279093025,0.311110959945647,0.105855254294693,0.0649088610414429,0.17990422172962,0.0613103568665908,0.00094680887001608,0.080671975100179,0.136474334602685
51,116.33342721127,36.184133435972,0.411410247402731,0.166599333487135,0.147296113469157,0.0423589273747601,0.0384392614673721,0.182008051615847,0.0750325985664029,0.0291326843814087,0.0285185776300633,0.0266952885063607,0.0116122206863317,0.0256747022876184
52,116.346748248208,36.8594126394717,0.429849590082577,0.116966092909099,0.156716395734719,0.148827027951311,0.087666298371162,0.122512074376012,0.0982846078140789,0.13374342643438,0.0458352144933891,0.0112571986401363,0.0635076626113336,0.0343858376918041
53,116.398485411424,36.7865935491398,0.431787582800905,0.104046744948138,0.0576754081512586,0.164264132234593,0.0773531936530085,0.0542497984453698,0.0791759031752904,0.117046594635464,0.0215943266361563,0.00663126614905329,0.064423400668762,0.0346704800341088
54,116.784692775691,36.6276103482815,0.112319822831711,0.182108075027679,0.180693665559354,0.110037267713311,0.0933740168433349,0.19376505255378,0.030216819635895,0.0323313753282083,0.0412870523234968,0.00616602399600619,0.0134322284532523,0.142625564101912
55,116.038936491124,36.4613344063517,0.358423362931742,0.0514120491733033,0.151784764295026,0.00431646112225359,0.00931983997141694,0.0997931732589087,0.0187414525687776,0.0271766176134077,0.010272041126078,0.0114885020127753,0.0430514241407675,0.0709124758598118
56,116.748795386171,36.4327348638559,0.258740246669403,0.291350844730334,0.189492098510459,0.0193417320072329,0.109014502659825,0.03148169812474,0.097328432051786,0.0532989555096391,0.0203887782657032,0.00375786469097295,0.0143993145046771,0.0799122827778326
57,116.677276830189,36.1816208307864,0.282442837843351,0.27270643440671,0.0321352386705195,0.013245117083188,0.14132076405379,0.0600763699858994,0.314650838397312,0.132257015193121,0.0907531262541937,0.0245450146619722,0.0128282980857356,0.0162181922111394
58,116.171264330391,36.0902064189082,0.463572192791656,0.153849685707552,0.22243047147408,0.0525939045815392,0.0264605236823485,0.318136384577206,0.148683720295198,0.0449897574147587,0.0588871459063887,0.0422024718356864,0.0168541048419829,0.134616312200635
59,116.261087963823,36.4253299871692,0.356976316494485,0.104263368834766,0.123860948315877,0.00122563094288686,0.0403982472908695,0.139831183053871,0.000446755762274265,0.0259174903815755,0.0121196101500082,0.00930968791270448,0.0153083422586271,0.095490536271784
60,116.514412934659,36.2809616832761,0.250404360328237,0.24467032889836,0.000332109181762741,0.020975054790602,0.122373824758148,0.0336102477458912,0.165937538342848,0.0502379317139999,0.0114232910403445,0.000684785416067424,0.00266447932014013,0.00911046393534143
61,116.675607274519,36.6951593746198,0.204688926636394,0.0957860171718603,0.0807794302375455,0.177926795921968,0.0816015009656845,0.170918120859261,0.0944655909894125,0.0963305186916226,0.0115412313109154,0.0120523907560852,0.0372060489701236,0.118965300628037
62,116.982817197917,36.8109666011995,0.0212745355551355,0.100385892258101,0.510317327890455,0.127819926401536,0.267909396954874,0.201688211963976,0.0640036004312061,0.066215735787182,0.0155089293356522,0.0187740392543718,0.058672498042295,0.173540441769999
63,116.759544267552,36.301706355717,0.249427197356134,0.255747932846992,0.174284464997566,0.0156549486330844,0.0388413473046871,0.0340425309194424,0.277553619311126,0.117969846944526,0.0409535412621614,0.0212636477281964,0.0247607648427983,0.0509947244318604
64,116.566488424083,36.7415498217568,0.40540792369386,0.0399193653841527,0.0313771953815976,0.243848634946021,0.151031023346729,0.08312520743404,0.0862147455297413,0.123431863608837,0.0375464062893281,0.00458488846398508,0.0616347244420032,0.110665536495573
65,116.849689718569,36.1980295738438,0.244891546536539,0.32027939012509,0.223383038867243,0.00802274641832579,0.123834411922913,0.0990943941382163,0.283235386158671,0.212952317054268,0.0898343739614682,0.0210591750875599,0.0452973892991129,0.0429357581412239
66,116.189473935403,36.6895113645354,0.298100664104607,0.045213154557009,0.0639037456525429,0.0492027777568096,0.0146045513627425,0.0675331198585815,0.148925780458171,0.0631581992057701,0.0369045464744325,0.0158219707439711,0.0146298159304057,0.0059503575637111
67,116.271286614705,36.5046370659722,0.263818569861798,0.0505084630231137,0.0759892364817858,0.0195222871242234,0.00473100916859337,0.0759431723480811,0.0350109872441646,0.0248696013102315,0.000793963733882297,0.0121482018079624,0.0419091577935622,0.0184369730590946
68,116.828158485238,36.3811099839862,0.330391358060344,0.34512466964373,0.287136743527915,0.00875328020151633,0.065085807172893,0.055395300832489,0.221913957935509,0.126948586133498,0.0394039807508427,0.030517813212949,0.0332107746466256,0.0738184489344501
69,116.693204820389,36.754712809436,0.223392059284168,0.0464024525988571,0.111559793151404,0.22387299259581,0.133459052656007,0.208999992817854,0.11160866836312,0.123947245933915,0.00495289034373791,0.00312080677377113,0.0644064522029709,0.173894149114687
70,116.240544739645,36.2585885287961,0.403406961230585,0.164338107392867,0.145655419451836,0.0289492714054393,0.0404021667744118,0.238517260505404,0.0357663486547911,0.0128941886317123,0.0164641604730438,0.00991677805940183,0.0212237561754356,0.0973565778995917
71,116.04298879602,36.4236486306181,0.383419156797079,0.0869844081560978,0.150514530109251,0.00301426557630091,0.0525368757692866,0.157554834219244,0.0202993518407878,0.0435539666993198,0.0297938203826085,0.0157784122075605,0.0498405373293265,0.103882241974806
72,116.140479094116,36.7027600800153,0.256231467228047,0.0446710074704778,0.0553692142103112,0.0255915951519284,0.0104768151267088,0.0768185740174939,0.180055187573179,0.0510372142763189,0.0292630864075484,0.0184256913890765,0.0197497183846691,0.0117117705677132
73,116.216385415057,36.0744451535633,0.468013033775854,0.172394918203309,0.231087887388904,0.0499380173701489,0.0212561768700907,0.297650285503816,0.140669157439994,0.0353272823213985,0.0527177144671606,0.0413076636235242,0.0169369998773606,0.0759165778947469
74,116.479398564203,36.3550657952204,0.239091174885851,0.207618478088645,0.0141320001187879,0.0156377213234079,0.0455558696657636,0.118578201525516,0.0596391937018611,0.0233952508700098,0.00281243338668824,0.0053292265839906,0.00821567679202773,0.0037313929969206
75,116.197410342284,36.0860952666029,0.462670550812505,0.169278051180982,0.231514205331851,0.0514025489122467,0.0233632722348389,0.296267595232991,0.146211163233375,0.0426759602908049,0.0548646729036023,0.0417821472259952,0.0191469883148129,0.090301936896821
76,116.719355837675,36.1199999123812,0.263901331435834,0.257216746488012,0.0536423418373203,0.00895145180533463,0.1509026000509,0.0670625290833312,0.32463980170559,0.151434842675249,0.110075753280482,0.0385609090561025,0.0267562781963707,0.012540715191167
77,116.007884738734,36.199013560242,0.40700416455994,0.276654137888705,0.150693325184321,0.00380497767631061,0.19129146079233,0.217695133263345,0.0446527858696599,0.052684599015743,0.0577013563557205,0.023904220411249,0.0407578567334056,0.188978169307028
78,116.375489964616,36.2467075869441,0.362184499724554,0.15540421535193,0.0852837715212549,0.0372223783541148,0.0659213641919263,0.140299706623945,0.066293861738969,0.0216608083514784,0.0072099756689814,0.00812666005768992,0.00934687377576859,0.0166933825919675
79,116.51440770831,36.2691533247242,0.263409063275479,0.251779764000993,0.001093865091508,0.0284481877403855,0.126453336745492,0.0309530001327032,0.173106666703054,0.0575089093889539,0.0102818824794113,0.000504842902516622,0.00390793180591487,0.0128180449431202
80,116.001570554217,36.3373080952791,0.441235249913972,0.398066247170654,0.206118802576412,0.00165345578259835,0.291505307926849,0.209523441907531,0.049413803333299,0.0501613719574588,0.0517066164928278,0.0176971696480362,0.0532300002109167,0.243465357681612
81,116.581604002509,36.4423072432866,0.215478164711406,0.264092301847398,0.0135148119861253,0.0779528299719854,0.0481078817317913,0.0171515057921467,0.0346685394448917,0.0177621797152527,0.0102632715107318,0.00244750304510921,0.0239285860192654,0.0379597093960684
82,116.15790520818,36.7907423611265,0.330551464945553,0.0897118152052834,0.102007092175637,0.074015846128785,0.0117604819652833,0.168920314890306,0.202354718967379,0.0587866275073026,0.056217255157795,0.0128507616254603,0.0682365550605358,0.00472340796372162
83,116.359028305858,36.6738568458706,0.376673332180832,0.0677380588496173,0.053488939220337,0.0838288299909202,0.0305351050033876,0.0125397208059269,0.0811000715486062,0.0828420839194793,0.0358857080650479,0.00624159382582801,0.048467799654872,0.0258585956216726
84,116.645631878404,36.8596674208296,0.292691597398195,0.0212166183678829,0.0821181172177711,0.219250786023621,0.361269475530123,0.111189051296687,0.0591571860980682,0.114664745879811,0.0298984406170144,0.00146521968102775,0.0634529678977661,0.158313814841292
85,116.775823362637,36.2987281917594,0.271515711529196,0.259328882705188,0.197529372438122,0.0193276643527082,0.0450229753668124,0.0311634939276924,0.281558277871456,0.109320907963476,0.0398806590607295,0.0237456717831295,0.0231959003474856,0.0525910594472315
86,116.563646841561,36.7417465167353,0.407557386811424,0.0362552868801111,0.032525558374493,0.250616610425396,0.152085338411429,0.0842882831395948,0.0824581481079424,0.126857076280566,0.0398432265322899,0.00497444187639628,0.0661671359233963,0.116476317395055
87,116.233703398611,36.119398845057,0.439782284602653,0.209723172514905,0.22465913979335,0.0448871722786115,0.0297508651240602,0.260535414184965,0.110708157282505,0.0360774831918423,0.0476729322255007,0.0263422159251565,0.0147679444937445,0.0590264994036251
88,116.08998051635,36.1122271684231,0.435773244921816,0.176084563950165,0.207559626662597,0.0550347095184593,0.0585746449181725,0.306988559038855,0.14284059592278,0.0404533874560561,0.0330069661756848,0.0247257521427178,0.0271841212621102,0.199163768717669
89,116.085612064926,36.655298740603,0.220237331215649,0.0445482487209513,0.0450758471370554,0.0209689785355534,0.000449420111358068,0.030405847107845,0.124492763944186,0.0378281696881353,0.0131999143860876,0.0134652414718262,0.0094147616678274,0.0197193782290184
90,116.305218369467,36.4935787456809,0.282941606456567,0.0657244371134473,0.0812651855836517,0.0116796114251579,0.0050274813957748,0.0932149137856869,0.0206455081529374,0.0199329144631138,0.000330316757941707,0.00960343052512147,0.0359191588086655,0.0236394531608685
91,116.667426514672,36.5476656715153,0.190585560118033,0.192356950804629,0.0533666885928346,0.123049217244293,0.0866125757079923,0.119783024642366,0.051849031658782,0.0307401490270235,0.00581439119047678,0.0115374925959955,0.00446378789312507,0.0857164648751059
92,116.00023889658,36.1106520304922,0.39034745227878,0.241147868231332,0.200158009529058,0.0143746547506011,0.134742538874642,0.241039775407743,0.0789581075078942,0.0842389980666072,0.0306405538491691,0.0389963136814542,0.0538478527343625,0.189905164667516
93,116.208569956943,36.7887912290404,0.34476036433339,0.11029902789259,0.116394545076677,0.0887676559442677,0.0126079686949926,0.139569765375105,0.152056599334023,0.064764233542444,0.0939461603261942,0.00996520970580683,0.0757540828454525,0.00704474263908539
94,116.933034127345,36.7581139340764,0.0094883995717292,0.142550439913625,0.42573848881736,0.102828157478113,0.246954093440006,0.280171782783932,0.016984059741911,0.0252030615583132,0.059498243059117,0.00290913339630539,0.0243116639225048,0.231182221008974
95,116.925644748611,36.0416140321875,0.196868653306466,0.433988885595879,0.265242467330094,0.00704264062673965,0.343310125145945,0.201433727367885,0.33136697946149,0.199322198649672,0.178486550231439,0.0135456644825585,0.0690067322882125,0.0272610463220877
96,116.734094301006,36.636316495738,0.143841112793728,0.144718366867421,0.122648757479285,0.136998680865637,0.0772946719786564,0.207866287788828,0.047395243312472,0.045125171551205,0.02320972933759,0.0134793423933969,0.0162000880337114,0.113080591530737
97,116.333071983419,36.4813119496219,0.297214907923249,0.0696228437788089,0.0803231818538367,0.0114783325385392,0.00646429709275531,0.0959583172763077,0.0149986589022192,0.0183025240240098,0.00100297160855634,0.00626445167537171,0.0369062103900463,0.0213295441093058
98,116.515063329833,36.8509115106426,0.413689158580851,0.0367724440205911,0.0390160074792267,0.257215617004814,0.330287536361842,0.100464171321357,0.0687490657578478,0.168561089282601,0.0698559396365898,0.00121305804172567,0.0452448146023025,0.0668155248706328
99,116.743974646321,36.8208269811468,0.133979421287247,0.041441135497768,0.176533785166377,0.161150714437094,0.252778967986835,0.265094650695476,0.0505643261170006,0.0730419441274811,0.0381686192400215,0.00183261029523429,0.0485914200357686,0.239032261576373
100,116.619159240043,36.4103806648403,0.203250240793644,0.215832285418752,0.0351609527242741,0.0496080618711953,0.0489708858170592,0.00617459517979002,0.107513108464164,0.0184664663253025,0.0120451318982678,0.00651381725413913,0.0215531337781392,0.0519835873379545
101,116.626245344523,36.6889684307389,0.265003474579126,0.0634492506545331,0.029328362252943,0.19462369684649,0.0856091656181897,0.1391614581857,0.0973607710859478,0.132655944412834,0.00836106093798983,0.00579436270965528,0.057044571425116,0.121870416255517
102,116.217157698236,36.4545401215553,0.333191066815345,0.0513885307273019,0.106443520369627,0.00257858534353927,0.035218997332937,0.106972424732073,0.0065059761811872,0.0190882322595899,0.000227191345560818,0.0102152284243382,0.0242607600066267,0.0812931344700951
103,116.21656731097,36.1822936346289,0.42038162110137,0.174098029517152,0.17101019077875,0.0333579371526979,0.0462508016425099,0.26921960311435,0.0930602781395328,0.0213628921827608,0.047869571453081,0.0130442010916156,0.0256892879138049,0.0872860706147357
104,116.388945028652,36.6454248500755,0.367935256613998,0.0817571187742436,0.0189642156905047,0.107837483033769,0.0342574187621911,0.00846743030892949,0.0708806053382561,0.0869859644037425,0.0315718548372023,0.00730636530331441,0.0735738036259356,0.0355567630496431
105,116.942455691984,36.6912692679791,0.0261878021190126,0.1684404736777,0.397383667863278,0.0939760957729434,0.252019404371124,0.275612342278685,0.017974548163051,0.0187610519214134,0.033872115488749,0.00519490719478077,0.0218139984222449,0.209641610332535
106,116.962608013768,36.6357393407263,0.0327016572074217,0.167987843589716,0.397033565420832,0.098551632676387,0.235770303409917,0.287192284395011,0.0115321683297974,0.0154920752261347,0.0272394047115234,0.00106275013620427,0.0573377247350717,0.196549388391239
107,116.739855279215,36.1724617225584,0.262099255219811,0.258927296259102,0.0846692945006599,0.00779008343846432,0.127033815550246,0.0572834036148678,0.298654198589145,0.158606466006091,0.10565573490354,0.0313917152660073,0.016691023367668,0.022405215098369
108,116.733245905722,36.2681098209461,0.23949576399848,0.248400878756584,0.131726134569908,0.0102313308434092,0.051836803031487,0.0447590630272235,0.306883131734268,0.121107054265643,0.0517746049255443,0.0262902243484755,0.0172115673095241,0.0333767586588413
109,116.535761289997,36.2926181397401,0.253985504398096,0.264275928982145,0.00261671869620383,0.0214768064951085,0.121353392629614,0.0311591137392346,0.174047528692939,0.0603225095021376,0.0125299614267538,0.00135249758771305,0.0039830938958596,0.00735178845693785
110,116.002272966085,36.5146886113565,0.330907671630144,0.0427385414260761,0.0982419649178566,0.00288223830143264,0.0116726226580257,0.0359472621543294,0.0224774410090521,0.0276644014048735,0.00969834026747585,0.0092390616071667,0.0354051747189171,0.0295547621276526
111,116.608937452547,36.7942423729459,0.385693909504034,0.0116499696222619,0.0514685937201484,0.260461410702723,0.240423481746551,0.101872476620514,0.0996781581231656,0.159207519904915,0.029218720538271,0.00746466331783335,0.0640926094164799,0.113395223829866
112,116.836801559431,36.7893930387916,0.0391934721552043,0.106556146026033,0.357949979997039,0.115888214788575,0.237779303698035,0.305548314888602,0.0250167425581626,0.050782928964718,0.0995036392743284,0.0102565602708147,0.0167731389203956,0.288815732345294
113,116.751522562699,36.3472672834061,0.250157148998003,0.257610969634197,0.194535293551444,0.0125405573599779,0.0319182978536471,0.026148466669884,0.269564063446934,0.11276908849277,0.0323911204346606,0.023858283216342,0.0239195356834929,0.0500137795427461
114,116.452731572557,36.6639949393691,0.406941369565096,0.0877634862574119,0.013504827271925,0.173336523199554,0.0764149155852359,0.0340847220577372,0.0710898034330762,0.0858308934242441,0.0204512803499062,0.0054122995130329,0.071850412974633,0.0554692185352326
115,116.535789993824,36.716687427694,0.403053355811115,0.0507439589953419,0.0338642920717502,0.223241986296701,0.144724529301771,0.0761811425137574,0.0806065804898013,0.124303222397935,0.0338228683944657,0.00409089013334341,0.0624075168333625,0.106166681123748
116,116.537376695313,36.6517453146866,0.312385480861345,0.0836019234869068,0.0438148417904874,0.220104970313618,0.0797959117671564,0.0702833630760126,0.0891606113710453,0.130250811491007,0.00917471039404516,0.00239036103252876,0.0632005102536206,0.0903415455160712
117,116.001380843576,36.3468947300222,0.448201436758574,0.377265203998399,0.207974594266848,0.00204235747780079,0.273839649711902,0.210663230563624,0.046872198523892,0.0517477292271279,0.0466130685868066,0.01320365188603,0.0590218108798533,0.244160802211916
118,116.35566595383,36.2683370543411,0.35832205058625,0.147559309107889,0.133287400947536,0.0250326844555607,0.0464403954386684,0.198717965568278,0.0467989596532647,0.0143574759136853,0.0138773677763576,0.00682203246001256,0.010458185524002,0.0424290731615452
119,116.612133090151,36.0517240371555,0.359099675668747,0.26338090591271,0.027852423845543,0.10259754465322,0.141022805362613,0.0276463837796423,0.348688307475899,0.101568955477005,0.0692481634667699,0.0239682222496163,0.00782572148181881,0.0278537584660133
120,116.828942130553,36.6063236678252,0.115690315762164,0.204446825629784,0.275863701096213,0.0563015008366692,0.142028007031607,0.164828574728281,0.0293137596887234,0.0175853393180093,0.0498834313536023,0.00446458802155003,0.00769332590105476,0.141707336597717
121,116.356721999357,36.1781927342294,0.42372194031845,0.167333596744371,0.0997918169316777,0.0551866236467488,0.046339834612983,0.1275364672653,0.0947427673056429,0.0328964348839003,0.0118205562874856,0.0322343912973432,0.0126190955768899,0.0110292720607352
122,116.410635125823,36.5625971091678,0.296301595330819,0.0973366131430875,0.00637746061965927,0.0837283801351324,0.0127129684725675,0.0264555374667853,0.0267291511957121,0.0586023030944319,0.010766451239905,0.0121294835931556,0.0719771628657758,0.027175694635444
123,116.573475898942,36.1243645564886,0.344518568018749,0.249827288220653,0.0309322703443754,0.101835369730816,0.13627716638586,0.0227479656239203,0.274434957566262,0.0771567090815992,0.0203569517653546,0.0071900669037972,0.0103714355969282,0.00721340421488859
124,116.589678303571,36.3357706685783,0.251231808127769,0.268567066931051,0.024862149798491,0.00871767150410696,0.0706300575472734,0.0227591600320365,0.181719621618545,0.0797170209304678,0.0387605960463964,0.0246610770408465,0.00773395396885523,0.0104666048575799
125,116.719657292357,36.2826808495447,0.224220249283593,0.240966319673048,0.133606746067102,0.00976537412895895,0.0478133062719533,0.0445793661640348,0.284085364013256,0.114080811469374,0.0480935236866419,0.0187030077180742,0.0165931815167206,0.0362722954746332
126,116.394973045215,36.7336664098548,0.404294130077934,0.080757002585779,0.0242593039879971,0.140828615695181,0.0610045888563129,0.0412800619085029,0.0651574984679646,0.0951935580886516,0.027053307740569,0.00744829740342323,0.0674556668425773,0.0267934495596047
127,116.919203929137,36.3314862872707,0.325912299568176,0.48074970770681,0.328711384757463,0.0148214950682479,0.101895647186438,0.0977824173943316,0.309271261752707,0.144261636322418,0.0400808346826217,0.0509529319202793,0.0532378048215759,0.107738985997758
128,116.962570293574,36.3956797135994,0.33655336757432,0.475443985312623,0.421320958738044,0.0222047493714742,0.126979343571375,0.175014669371285,0.218273081785657,0.126262995425601,0.0711079911375362,0.0346839904839362,0.0557784159570719,0.107563599946781
129,116.23352352553,36.3951522247167,0.368898324842507,0.129765330618208,0.127479576739868,0.00715290512624966,0.0657781438290233,0.193916790822355,0.00235792799661849,0.0364298009747228,0.0283571936444413,0.0101991432484254,0.0138253330906722,0.133470775782398
130,116.724497599993,36.5416454571532,0.191867871349162,0.21686530428024,0.107860287463926,0.08928222928767,0.093367862127144,0.115164839310998,0.0363052899402767,0.0285003420033991,0.0229285111695827,0.00664624812350478,0.00336616134802448,0.0886794890766124
131,116.903634525137,36.3635162426624,0.323991010694702,0.430013542985824,0.348828910543548,0.0179076020985207,0.102658329894314,0.0925574644127183,0.219263715833565,0.133367976304688,0.0469966374299599,0.0241517585310379,0.041188245325924,0.089139719280631
132,116.603474084754,36.8624864528887,0.374285038968015,0.0290813000294338,0.0570368658681617,0.245102836067555,0.368490773236684,0.0974541302702437,0.0481991808202014,0.168728471613941,0.0712064545469245,0.000600119056212489,0.0663256372397567,0.133833188662483
133,116.631507298909,36.8736911673099,0.335447869595171,0.0284579605789721,0.0451327081025679,0.236998064122734,0.37610981068721,0.103375500670972,0.067906628828859,0.136466222722049,0.0383416495356859,0.00135653358884658,0.0831646253943097,0.156545933035346
134,116.937385849655,36.8230752208969,0.0311530296478252,0.0781398558220009,0.512946089145295,0.140370364511037,0.285723974630416,0.204005699874485,0.0321063277088192,0.0367364385348143,0.020889762284846,0.016699604223778,0.0407356528526633,0.214081271052522
135,116.850482750684,36.0745863375021,0.211691597779917,0.377578820607322,0.239653194727689,0.00423028271871373,0.252491794293657,0.145063553094024,0.299901672959374,0.184024131991382,0.157774052855324,0.0220273270883434,0.0384863601922136,0.0408834928823985
136,116.57982089906,36.4291736498941,0.209569289950552,0.25015608056948,0.0178025738203269,0.0639231095161411,0.0569140860321794,0.0157878325469907,0.0441077365608389,0.0113567578834041,0.0116622883229611,0.00449662008985696,0.0315332368270433,0.0395042851019956
137,116.82140392391,36.3052217393182,0.27908344615549,0.294618687610556,0.248366653150665,0.0151694202352276,0.0412190172244504,0.0338252639864172,0.288323662036281,0.142650060070337,0.042185148191174,0.0282629407563973,0.0427357514887371,0.0636836345376472
138,116.113718609093,36.6060922325822,0.216928113789138,0.020122016479913,0.0448827031072553,0.0169173679589077,0.00601475688000086,0.0279031568713543,0.082850937819752,0.0231421376240267,0.017281969957808,0.0145324775632697,0.018095812271108,0.0127338970097767
139,116.764507758664,36.5728373506805,0.15802537097385,0.219397484350034,0.166784381135458,0.0950548126382789,0.122039511482356,0.127351970761947,0.0271422526912319,0.0172890878208161,0.0195375067864921,0.0114027911233353,0.00235158658041001,0.117285977607284
140,116.623613457195,36.7733503030613,0.332246230428731,0.0152817391323646,0.0458222736509543,0.26094050694477,0.166337174080907,0.118411538011937,0.105458017840764,0.172899426582937,0.02293880284239,0.0114333368549961,0.0817320263846687,0.107242438001692
141,116.148446606705,36.8534559823573,0.383036737922231,0.12353478420403,0.10065698514468,0.102630749403786,0.0146851805587618,0.230503073187462,0.257856020184251,0.0622775503635791,0.0417421272132407,0.00916621109916438,0.0641438454735515,0.00543930671279691
142,116.080264466582,36.5165703593055,0.328757175155562,0.0270112332570159,0.10134573200935,0.00976885751952827,0.00681386048963795,0.0503243615033256,0.0307049912409012,0.0241725390294771,0.00306943368417545,0.0224737040173152,0.0473645101457113,0.0206857361296825
143,116.464069551323,36.481742149964,0.230502767762543,0.162194940822447,0.00210753373581163,0.0685486502069966,0.0206262156395474,0.0676801284026419,0.00881129753850751,0.0521762381968343,0.00540999587572721,0.0116156072559236,0.0315106921167255,0.032315933774422
144,116.779368161457,36.8475249985931,0.102649365890351,0.0244402862506214,0.285534419845174,0.138326416608532,0.297413762683164,0.283250134783801,0.0361628281314642,0.0172161727647051,0.112804722861196,0.00604677467543302,0.0213401795518646,0.245870099300786
145,116.733527959557,36.8031196369557,0.127273823886703,0.0473063810551984,0.195005215461842,0.171831484147661,0.218329316673511,0.236212663432941,0.0513457658409436,0.103067647115328,0.0381728253759688,0.00317722009904708,0.0381511356859099,0.245656884265498
146,116.817230444402,36.3692757048178,0.289696475786327,0.308076942626823,0.271742385541109,0.0114060618373364,0.0525072642306257,0.0392000635532836,0.235877973452904,0.112916874574695,0.0299098694434171,0.0258481113298644,0.0279617011728938,0.0662959530741488
147,116.170162481256,36.0450276726857,0.455310545867422,0.167842113349085,0.225191592339028,0.0643983617891379,0.0223866136164587,0.343479742741206,0.140176438464414,0.0242753371237031,0.0403246951727284,0.0785094142314428,0.0303757430370695,0.126256003531829
148,116.944720325526,36.7004423651844,0.0206239695504453,0.153499214784265,0.422190434882892,0.0905049006605161,0.255834791746238,0.281668947298514,0.0169941631529102,0.0208155650204811,0.0381720613837634,0.00779110739659505,0.0226107385303795,0.209325909410363
149,116.293623841368,36.8333652507048,0.380820365720508,0.135785271186078,0.173137844501584,0.118842413742344,0.0383241698394958,0.106360381021014,0.11314932116455,0.105035241946405,0.0750850251782639,0.00860113393413786,0.081581637556015,0.031729744543303
150,116.149072052445,36.3397294871276,0.405547987735855,0.159766846967787,0.131074255343094,0.00776416632006327,0.0702680961664495,0.214775626002668,0.00215739058880171,0.030904153769539,0.0281929950245792,0.0134401164319764,0.0215822662415526,0.149628404271987
151,116.719378591282,36.2204288951587,0.269236477698314,0.264816949893944,0.0864570867730408,0.00437580227935608,0.112977894739868,0.0576513472537729,0.300808823012668,0.153654426723735,0.061692558493155,0.0267988566055342,0.0177778224368162,0.0171927153289719
152,116.324085952481,36.0788723176578,0.44802682766788,0.225053402192318,0.172790698200712,0.0713746307319522,0.0367883662844792,0.174900314782964,0.104362087049954,0.0378216075723546,0.00790913296909013,0.0443015022896601,0.0156193021306912,0.0184452174590378
153,116.77880949853,36.3519976471318,0.2802369145262,0.273254106090676,0.210905379222078,0.0152737595510498,0.0347504135662147,0.0310941355243455,0.263696826186892,0.111571516261956,0.0331646021447016,0.0286791554241932,0.0331514753090097,0.0589029072017265
154,116.394441001816,36.1643052827334,0.387669016792587,0.159010628540321,0.0649015523432916,0.060643693347887,0.059799077163291,0.0868261907642575,0.108363343944145,0.0389730819938084,0.0055204897700043,0.0219787105879145,0.00838741976434354,0.00660508993545628
155,116.678592867916,36.1202623061836,0.27919907013342,0.2489111794393,0.0287452196574474,0.0254515413260857,0.144284367935205,0.0622351952381028,0.326196604847567,0.13069769284186,0.0961075548705159,0.0328632365009209,0.0141763586781332,0.010263921538291
156,116.775825042743,36.231716622063,0.260267524149729,0.246937509554111,0.149117835607463,0.00910433880897243,0.078642985285375,0.0499834837891588,0.290481778943672,0.160709224037148,0.060084066887921,0.0222869418168804,0.0194662672500621,0.0300771631780596
157,116.187869044021,36.497922343039,0.266583531657823,0.0414696341356545,0.0802772907876552,0.00680882273654082,0.00619396934490213,0.0728735552824896,0.040936317102343,0.0295699512858071,0.00414362047306949,0.0279778025319966,0.0468972394967611,0.0309384661240293
158,116.029085818911,36.133262348827,0.440762239661463,0.212197803659643,0.174829240650506,0.0256942417736935,0.0989015311857975,0.259427573770163,0.0854718157916923,0.0657524720047621,0.0290026860173345,0.0344950295291708,0.0648072136208785,0.186602246320541
159,116.135713797063,36.8666071417043,0.422068805512555,0.101705993473815,0.103707626922068,0.0744491054976207,0.0185428243867233,0.251445476524822,0.269468904914205,0.0828694182399368,0.0351591347697456,0.00920276781541352,0.0771398149730022,0.00683547977575083
160,116.680164178135,36.8500705909682,0.236012753076003,0.0159987990263709,0.118696267972186,0.201118651901143,0.34493084373831,0.194915400659498,0.0674995146523217,0.0969777474562781,0.0300264973929385,0.00135634857202516,0.040793236653622,0.179946137579774
161,116.934822953772,36.8930572147015,0.0181453832041399,0.104734815604566,0.505237054940982,0.0926729591945746,0.276221167027862,0.20259826599017,0.089456912262375,0.0486673302884206,0.0166329693228083,0.0509261781804068,0.0405309405003393,0.131703932296815
162,116.550494084368,36.6355895135785,0.2800884237362,0.0994640806617844,0.0355439635550934,0.205944361319097,0.0750411179819385,0.0921012326608978,0.0767355669622877,0.132398133242869,0.00928493376100059,0.00403711314685329,0.0566538106408835,0.0910019272229246
163,116.601766235428,36.1267005201895,0.335992053656105,0.270573267733836,0.021907625452256,0.0784684537255731,0.153255752320654,0.0357780064320196,0.310223163617516,0.0973213267942945,0.0473482482098785,0.00372998218913889,0.00770728251783781,0.00516229037245708
164,116.196994488128,36.0080843617441,0.467850693082129,0.229687558182541,0.22244143870143,0.0743349743902323,0.022830964320357,0.360524081264624,0.164234016183746,0.0369362103979823,0.0367546001905005,0.08321279875767,0.0306635181551389,0.130471798773216
165,116.535236610565,36.6178459847113,0.270552969300351,0.117367167628561,0.0322356988617243,0.205983406585312,0.0659190039622689,0.08226917471272,0.0670790529095242,0.109482514620256,0.0066004819722788,0.00115872692313024,0.0574596963550903,0.0687161666767224
166,116.179555739276,36.6130963725736,0.253467700346526,0.0341551758475117,0.058704948372504,0.0214248953127406,0.00340374007010336,0.0497132846767965,0.119755944203226,0.0343551695569582,0.00583017206837366,0.0252987444953173,0.0194904499106731,0.00895139706850567
167,116.451886494411,36.8257597942371,0.471747332337473,0.0394077973953414,0.00905866999632687,0.186162982464787,0.177746287336241,0.0894088173521171,0.0962600600937221,0.164178019789874,0.0340092937184174,0.0044185973960883,0.0424354984135026,0.0629667057373965
168,116.317053351784,36.3675790927839,0.373543560699655,0.126234882720367,0.120931100355789,0.0151685781512145,0.0199296785460865,0.183058346392916,0.0204198643218774,0.0156424992841213,0.0181308661073304,0.00128537242410698,0.0202629991382065,0.0736849978243909
169,116.116174670402,36.3801954510855,0.406156641960583,0.187204221354286,0.159359282855044,0.00507083030755218,0.150905624545294,0.214524045852367,0.0145681294464034,0.0605318459285878,0.0411673942884349,0.0210808019431041,0.026557764345827,0.202188599081841
170,116.18610215676,36.4835880736588,0.286498806632294,0.0484207795054665,0.086686753187983,0.00280170868244523,0.0227300071332335,0.0846369288273936,0.0225354353325646,0.0237270316267885,0.00231973102193084,0.0132655234579091,0.0359442877081142,0.0518787431913367
171,116.729730096646,36.3722818167647,0.25253160905471,0.248192238238492,0.16231722416086,0.0190431914989252,0.0300607698042467,0.023979502058027,0.216449513610616,0.0886168210179272,0.0244852161059318,0.0180799143151711,0.0142094449545267,0.0542545872720392
172,116.411872071214,36.0878801926738,0.408027790688761,0.171735608971715,0.0407246682770428,0.0780477079123374,0.0567107477598929,0.0577106477296194,0.150129418266483,0.0435738544145347,0.00662308962582148,0.00187327065217124,0.00768085250961781,0.00387981610331889
173,116.414049681742,36.3422408763086,0.308575101348549,0.177103737808462,0.07159058912461,0.0137659965729319,0.0492766582698902,0.180178469337182,0.0458888342401064,0.0219102452680185,0.00428855767253378,0.00524719154857622,0.0064632238266833,0.0229116132154131
174,116.480310129002,36.1782005197601,0.321667740427911,0.213827427940231,0.0153637650073178,0.051583718497393,0.105355945755108,0.0306253402791493,0.161061117815026,0.0560888192839546,0.0124141884528258,0.00123545068602282,0.00590139369315035,0.00673642699467891
175,116.427494465606,36.652521803719,0.389673302977254,0.0877945644772442,0.00820914312559573,0.137874314375018,0.0531450288908327,0.0222925655821632,0.083568648012769,0.0808967444944791,0.0160307149653569,0.0115882800439678,0.07290399593874,0.0385716145392541
176,116.136490360135,36.0099081368884,0.460388159085251,0.209647576663297,0.216864662812789,0.077778762801814,0.0355667910557599,0.335101686445999,0.16711529431072,0.026790108666111,0.0367434331756197,0.0669908343208471,0.0268317508348509,0.175371319274109
177,116.82467940636,36.826971984026,0.036326946890705,0.0571806246920243,0.348305635053186,0.109789097208751,0.236301348502624,0.279400207918441,0.0230895658739646,0.0460074252662473,0.107989780293218,0.00113808489248746,0.0247418020107311,0.27956556300185
178,116.592304242542,36.8102058607154,0.399356508140522,0.0223742070231391,0.049472393856403,0.275829171463846,0.253712035851547,0.100274286706336,0.0867318586754718,0.151763890002943,0.0533248320453988,0.00302758848584583,0.0697329044885974,0.0926445511038573
179,116.794396977639,36.6787384780124,0.0922839100474724,0.158967523179678,0.224071552409698,0.11594586013781,0.127037243813465,0.235498825220872,0.0254925404361401,0.041844452131959,0.0336937312893238,0.00594903358569465,0.0175944563399433,0.187111809932609
180,116.769032425713,36.8567296335474,0.0958871325589169,0.0233038687881751,0.279047440441989,0.134922000348118,0.301124593790041,0.276566432900644,0.034270312906954,0.0177369312350592,0.118194487811581,0.00626534749439911,0.0191148557527362,0.238573451731379
181,116.918056417257,36.5630283830222,0.137304653829637,0.229036873144549,0.393187911275223,0.0538696018400271,0.215939046452963,0.140766086977844,0.0455649527050145,0.0234958151980027,0.0113540084985526,0.00688479610405279,0.0139297189082874,0.145435137392811
182,116.862629777053,36.590355469007,0.124775006339936,0.222550341926592,0.317121136349005,0.0561353439688368,0.151218698483802,0.154547754658703,0.037208164855604,0.0172297695644676,0.0413688775753724,0.00618512033338048,0.00605979698570602,0.137387151878055
183,116.316975237802,36.3432380558224,0.368440945731833,0.12966679765933,0.122856661779505,0.0172190361060733,0.0236146164062243,0.184840394168418,0.0249717627036347,0.019072414846237,0.0180869658333056,0.00188989302225828,0.0208094309270697,0.0737959983458746
184,116.259260575986,36.0590450717602,0.453683559432632,0.16678116949912,0.24291720835312,0.0720743940254578,0.0247596584266473,0.273201369880342,0.115106471802002,0.0269650243268909,0.0307710521377653,0.0631961046603351,0.0153472273640661,0.0512263826008786
185,116.74226645194,36.6217927653808,0.140165433508067,0.148863494338565,0.1169369013232,0.129014401908008,0.0837416246051237,0.196640187124504,0.0436664123460174,0.0400665493153689,0.0256761895891647,0.00974552093077818,0.0106293372128157,0.112533184655699
186,116.74736111681,36.1147354806075,0.240661209891996,0.278229315640256,0.0698194331443459,0.011705777286158,0.164222404604038,0.0823212170660831,0.317460896130139,0.151552204269371,0.133403274383393,0.0382993343645531,0.0198382146064366,0.0268934040161658
187,116.917904034024,36.2621866667178,0.331071164170408,0.460376040871146,0.263563591130221,0.0136666753602193,0.112300940254004,0.117365333457625,0.279097249442457,0.180953896962251,0.0537088043926237,0.0285814234832126,0.0605218209258362,0.0624544787958589
188,116.793191209203,36.5689988017548,0.162753148256317,0.229074982539004,0.222143692807746,0.0542957364122161,0.135892753468018,0.12930029444651,0.0271337209795761,0.0154748235215488,0.0181240162297265,0.00835732983919402,0.000568923829525225,0.105246709463412
189,116.133329618257,36.3510215979768,0.401479671028771,0.186923502612664,0.14631965196538,0.00466081888598568,0.120350993792665,0.221745290839617,0.0085495856846749,0.0471500019303274,0.0375139432801029,0.0149391218763704,0.0203677253479549,0.175476041628331
190,116.287749752169,36.0633830938954,0.45245075801436,0.197442189469531,0.225726502788836,0.0683954440548402,0.0302211227440475,0.238617463726814,0.107212662665764,0.0217378181076054,0.0269398917929454,0.0412590961674226,0.0191305659800705,0.0459969840295021
191,116.194676143816,36.7772156378254,0.335516788388047,0.103005597911505,0.109332738154702,0.0888286408259005,0.0103810368729128,0.118544957120285,0.162707799835468,0.0597200550793423,0.0817102356927041,0.00577131028969902,0.06367325347014,0.00728380390589378
192,116.784109382657,36.346671186341,0.279518983028668,0.266428924044953,0.21745567662518,0.015688620856204,0.0354380481325124,0.0302602795527592,0.264321291155089,0.112326744526647,0.0344805308169276,0.0279412979869099,0.0340853108587906,0.0537078620986289
193,116.128872161731,36.6036841203924,0.216485991581045,0.0215313471179863,0.0432746742793388,0.016897902787259,0.00675974122006084,0.0291732352948881,0.0990523722999211,0.0241422126102879,0.0146213811037379,0.0118682747392389,0.0177393867734482,0.017011967671998
194,116.129089283524,36.0190766720334,0.454850673316442,0.210800053743534,0.215170375416315,0.072721142805189,0.0333488078658731,0.339115723645965,0.162416859616703,0.0310429781890739,0.0369342200237938,0.0672102733335358,0.0259212461701532,0.17625443971631
195,116.072253111284,36.5357058846625,0.300742518912289,0.017640998616589,0.0809151048351006,0.00648988682367957,0.0155562671094205,0.0266409256366364,0.0282517339579296,0.0196751670501122,0.00748552642112277,0.0146374072856716,0.0323237200258701,0.00932552204174919
196,116.05312948348,36.2486170450458,0.388034114596002,0.262129713537513,0.150799249563637,0.0136335701014585,0.164489896767663,0.196341636631144,0.0309932849532256,0.0229054395467577,0.0257918056965782,0.0201289305015906,0.0360951882703417,0.17883581005824
197,116.531874436419,36.3592142145149,0.233714625211788,0.250266387039457,0.00306294074410374,0.0181955810363216,0.0560489994999607,0.0560834418868341,0.0881319282183158,0.032481102065143,0.00584745976986556,0.000669850482074574,0.00561299888109834,0.0057388544249376
198,116.11230824166,36.1312338865595,0.450222498466798,0.177150339874092,0.190916880405145,0.0411496212153518,0.0426685320991403,0.268458235547533,0.124860666513679,0.0327420634100578,0.0433537476231912,0.0188470354101331,0.0351382933267506,0.176218629221363
199,116.743187719723,36.7416735556209,0.131368155796369,0.0949442626515556,0.173826701640383,0.175663178245169,0.116934900876054,0.247322151935617,0.0500873861124357,0.0930248094078384,0.0318164251574828,0.00996845396660928,0.0276297213849968,0.193693259328007
200,116.731315477286,36.1263688943815,0.274211610017376,0.26416929331358,0.053241374998716,0.00962691235232915,0.152633465410193,0.0704815478393874,0.323563052098339,0.155258813891106,0.111785820334994,0.0360439426569334,0.0205194700815976,0.0244071112077147
201,116.885117687052,36.8181427636184,0.015236709208328,0.0805438884409059,0.427428632269877,0.10255217015209,0.244010076222812,0.288841069082078,0.0231469122910867,0.027273360497916,0.0919299329832477,0.00380452787707386,0.024907143426967,0.303044149051952
202,116.517111055553,36.8099323302973,0.422941206551912,0.0262196894790176,0.040003185544231,0.256691696629237,0.241229496351424,0.0949395244957754,0.0717724122098279,0.139151236670111,0.0461251085105759,0.000807719476607183,0.0618132365056278,0.0903897694895502
203,116.851930984994,36.1731143285288,0.231674794873375,0.323567935850719,0.21444437042885,0.00531839639595033,0.148585315040331,0.10792278662832,0.26483726758968,0.194323545091759,0.0820257321467966,0.0159106588025782,0.0415081766188623,0.0545165298747988
204,116.442796268268,36.47906123742,0.231334859383478,0.162715030464128,0.00358926502197343,0.0623083862313304,0.016731645674967,0.079908041481515,0.0105382199777569,0.0399924763653356,0.00880420595622244,0.00591326104854106,0.0301744526751802,0.037896730793988
205,116.157880100422,36.4699122664751,0.314319192983652,0.0439369244663796,0.0912196246691495,0.00385883383373331,0.0269925390428948,0.0884221250995044,0.00999698225921686,0.0227205656153301,0.00396243596585966,0.00908122967018254,0.0364800717823033,0.0740116748541053
206,116.442324638832,36.1443021578947,0.386001624907186,0.165860569164488,0.0306828838280366,0.0683007518305745,0.0717114766621508,0.0396536397222409,0.144130330427282,0.0504504422571962,0.00780967748377237,0.00532343561255444,0.0016439421606218,0.00552638433022568
207,116.967733667232,36.4676103159087,0.232769080272731,0.289099667662408,0.443772822639528,0.033713566472718,0.269664367584003,0.122233477223649,0.0734211295609064,0.0564182029881342,0.022199898607835,0.0141845393471438,0.0129700494150543,0.145926582770891
208,116.484587929444,36.2020531583112,0.33115145112556,0.217546400341318,0.0117950610513978,0.0479821489818312,0.109563252908635,0.0338955937101524,0.155730987867916,0.0584107595604644,0.0116591275750406,1.58930871748675e-05,0.00589505733276374,0.0109994041312385
209,116.252458439441,36.2533607913181,0.418989967623943,0.164928228614455,0.14792048163536,0.0324323390543412,0.0392726380881286,0.235743330944005,0.0376557122195409,0.0167354947372713,0.0184597157362187,0.00939662769426108,0.0232424516847238,0.0825026597625752
210,116.259689980187,36.4533188218949,0.331010840154059,0.0820222799277268,0.112725047499957,0.00134031643481303,0.0409547265584835,0.115903883351037,0.00236100173238496,0.0147376995104834,0.00230451685465571,0.0094701988734126,0.0233227686153156,0.0811203693326765
211,116.542015940882,36.1430645839311,0.32192033363395,0.233442398725591,0.027167654540893,0.077400981786565,0.124196427972506,0.0208129690719282,0.223229112528109,0.0674768615968938,0.0186926111090765,0.00281375670512196,0.00633170012498496,0.00624227797854859
212,116.649875837611,36.828567665373,0.350011752290899,0.014852435972297,0.0733593712590993,0.204705616550567,0.297071954735935,0.130306522452891,0.0682846684045845,0.154490239077296,0.0249785284361189,0.00102733979068026,0.0750790121714806,0.154362598382886
213,116.336419132305,36.4491265136981,0.305936898686399,0.0855428671549091,0.0823019569508923,0.00370639565754571,0.0145667552097221,0.127072657089247,0.00354037559730513,0.0164363528794178,0.0109640107033381,0.000645214137594885,0.0300141630301797,0.0424697195587539
214,116.060949746286,36.5538096694043,0.258316655412731,0.0222891510322797,0.0564617766189731,0.00859993408962545,0.02725787584146,0.0139777202909789,0.0398780881468527,0.0126021284933703,0.0190125010564793,0.0231971082658052,0.00561081023190058,0.00803115433038959
215,116.451310850214,36.6695377892582,0.402474164030594,0.088913797400956,0.0135551422859617,0.173804019514963,0.0760674252335399,0.0344065865916164,0.0714022014917994,0.0877104640153725,0.0205516411827541,0.00541482702378993,0.0728622600192564,0.057979463791931
216,116.838755033445,36.5551363897277,0.167225276440854,0.220473615932751,0.304543273732013,0.0436596154401746,0.175515429907858,0.118171231124401,0.0307716013828389,0.0158534303929652,0.0214625478966224,0.00518943159796781,0.00627697351855538,0.13212486194506
217,116.574637334328,36.8371269413503,0.402563200867136,0.0270398209625677,0.0479157406988179,0.268115003362691,0.343508956388468,0.0936096446095299,0.0505687945217252,0.170652219965218,0.0707865109133943,0.00160021138968125,0.0551405709916328,0.0778229775066089
218,116.353350377409,36.0723406194476,0.470032137625217,0.225278017910269,0.116684666433426,0.0909678235054431,0.0426534559668388,0.144875819039114,0.113294707963543,0.0254397691911281,0.00479373173728392,0.0331233200178325,0.0118310693761723,0.0171861288251555
219,116.547426078236,36.0253090719692,0.392601976711342,0.284809897106736,0.0323513129167964,0.165477851676431,0.134335496434893,0.0325508755645352,0.231542334511868,0.12717403203602,0.0293301173082084,0.011848683803402,0.00704913477055447,0.0277916491729543
220,116.892718593823,36.4873756218469,0.220332334487559,0.255036108347943,0.391985554035172,0.0468446489840397,0.204672548123672,0.111642999290134,0.0379123060112806,0.0293002777608422,0.0152282114395974,0.00865163108935529,0.00771393595824343,0.149037051538603
221,116.489990570582,36.2170823119814,0.294405973632869,0.242716931094729,0.0059653683962545,0.0365344913558523,0.120083757701596,0.0370700299775245,0.162582132119527,0.0587395547578302,0.011642100234507,0.00023001938306022,0.00610827696357619,0.0124436995289204
222,116.171632113168,36.5803537697531,0.22831575541871,0.0211401654437722,0.0521195096755517,0.0075085226535585,0.00246677643670057,0.0399445012347908,0.095408701305993,0.0269593477345667,0.00144337744559742,0.0121571717490088,0.0220654395795012,0.00740280494828327
223,116.543030994013,36.3399631192675,0.235231569078382,0.265341197761984,0.00558291870674443,0.0175549928661908,0.0613561405979515,0.0531677594172024,0.0943071504814883,0.0394488359843702,0.00837122643904353,0.00173917127081802,0.0113228763766435,0.00483587668377372
224,116.961467695888,36.0421683180146,0.217492054738004,0.512455307504899,0.329461056191159,0.00912270271189497,0.457258684691435,0.317610899065274,0.361218667984733,0.193501389699694,0.176923151472151,0.0115813807639126,0.0886571316131257,0.064102168783718
225,116.313683822053,36.0433264493477,0.463819196283099,0.169297934470659,0.178189083710342,0.0774923990813542,0.0313263880134766,0.234802146798705,0.0973118667130088,0.0179881949904332,0.00775260994015381,0.066509730936646,0.0175094726424014,0.0210361680683179
226,116.820514548104,36.8665584231494,0.0549861616840924,0.0280214982367536,0.364808266953092,0.163526282504428,0.305754660291575,0.256896702633755,0.040422764110258,0.0332733968099745,0.131315857749356,0.00677059287827764,0.0208288069813458,0.249985459351462
227,116.307054400444,36.2038200754439,0.41351914925117,0.183526551136647,0.152247674376727,0.0409255291985419,0.0477824371563872,0.214500759997429,0.0661975473062979,0.0248901386524996,0.0242623993199467,0.0116377068317546,0.0101983485187332,0.0421950013463828
228,116.185453581158,36.0102542126784,0.467850693082129,0.229687558182541,0.22244143870143,0.0743349743902323,0.022830964320357,0.360524081264624,0.164234016183746,0.0369362103979823,0.0367546001905005,0.08321279875767,0.0306635181551389,0.130471798773216
229,116.048346776748,36.1966280743713,0.434172235989641,0.190258045761145,0.163618562832838,0.0242179306071236,0.0780123992306199,0.268687270304007,0.0518974817402319,0.0509836003350889,0.0333741834102413,0.0244224147903329,0.0338924075430801,0.179617795172648
230,116.245674147271,36.0503438117914,0.477021567373224,0.156404896180976,0.248227890983953,0.0723582797595578,0.0252710313329105,0.312295135022184,0.121202961704218,0.0281754810509267,0.0231756278203628,0.0673065666756916,0.0206933141535841,0.0497141127210589
231,116.351106922142,36.2114749321248,0.404995447842072,0.161614313665116,0.102335245250723,0.0421360041419671,0.0540264583550025,0.153637850778209,0.0730901216385055,0.0222851111773303,0.0112304738827129,0.00833627212349175,0.012696338127731,0.0220068688581059
232,116.159022381762,36.362426643027,0.397479945549853,0.154981084426113,0.143881401837922,0.00584222732849549,0.0768823091805405,0.212233191420998,0.00233130612065102,0.0335641823534232,0.0325721191941697,0.0179189841898305,0.0184761931558531,0.164591559165703
233,116.304097996792,36.0128739924403,0.482296620890038,0.185343188854044,0.254897920104031,0.0816207251644826,0.0464186890623283,0.284592454000817,0.121497532741766,0.0164688501187017,0.0133273385653787,0.0562885859493195,0.0319401069186274,0.0369919197079401
234,116.017548324773,36.3255868515233,0.424690296384405,0.380789447572073,0.192560403492644,0.00560438709943145,0.281989042893516,0.190893380308877,0.0307478647840808,0.0406236127858907,0.0425596419649613,0.0156918826025187,0.0296225487824445,0.23363895470874
235,116.996552679222,36.5260497658281,0.142494738336602,0.235810569087164,0.469319222228578,0.0391885873416672,0.331793407601317,0.185056140250941,0.0570669583114827,0.0175303033301175,0.0357179316079226,0.00666197190830675,0.0301237490502154,0.119464125880821
236,116.804393312661,36.5452143644448,0.170825293581235,0.242921364147858,0.240071210385841,0.0481345177262875,0.14314897470059,0.104524579186768,0.0299361415427272,0.016127473165237,0.0105209304816324,0.00707483844454626,0.00137422694734124,0.109552711226537
237,116.086580601754,36.2373467518715,0.401525373060136,0.19615432006708,0.15589794302627,0.0211181418735513,0.0684042841939977,0.231580529234419,0.0341972908298095,0.0122810763481325,0.0151389598934506,0.0155428042604651,0.0356869127612303,0.173857307460938
238,116.869933269685,36.6076338093728,0.0914250208292776,0.196504426734025,0.316455168709391,0.0607435032312881,0.148232783269891,0.180612858236733,0.0263072535925608,0.0190699702415673,0.045287678101501,0.00578349847474291,0.011690261083019,0.1557414853738
239,116.55458586337,36.8422255943762,0.399807728018431,0.0342518260674096,0.049403268658586,0.262725807512822,0.320480194690264,0.0975823814841069,0.0698033179332292,0.160244088552787,0.063681998868979,0.00163105940645292,0.0575207563311615,0.0674051658726713
240,116.42137842183,36.0032322657527,0.489450572539849,0.223456598376946,0.0433555798114084,0.1348019784885,0.0683685738374146,0.0513505832737801,0.192386797013141,0.0519667294573591,0.0106433733051812,0.00594780973643039,0.00538427747378911,0.00273348898699888
241,116.067636819091,36.7082740573911,0.211326612795483,0.0381416787526063,0.0453499715980052,0.032134571380897,0.00663407074081457,0.0608766162273087,0.177906766741847,0.0267841340834838,0.00600828972588507,0.0073863302995496,0.0266816020351642,0.0113497632732832
242,116.561437956523,36.7262398322113,0.37382717331659,0.0408054314822645,0.0381473176318862,0.23551772615345,0.138069111475309,0.0770698607508448,0.0895824121490916,0.127628155118066,0.0420246558736438,0.00459045373547828,0.0776427207401453,0.119163753798962
243,116.07072189427,36.0657345460961,0.464111910376819,0.215736816805649,0.21379485472885,0.0504897076015266,0.064706472175932,0.324217800049873,0.132681202713503,0.0337935924977001,0.0266013559216465,0.0477637572975389,0.0450947769978302,0.200314287901902
244,116.21139193885,36.5102993732784,0.252715006034278,0.0437938091381797,0.0790504046035433,0.0117254385758765,0.00501053407309648,0.066646562798236,0.0532068740449485,0.0278995094477896,0.00112481819908705,0.0140395258431127,0.0535490362847838,0.0220709993815366
245,116.549620413454,36.4852717614267,0.205990165220091,0.286285294960159,0.016720235892097,0.110361099990972,0.0540758766561028,0.0294049459609884,0.024380952366109,0.0176670010262598,0.00580008657253417,0.00588929008465766,0.0287903741256623,0.0632035950566049
246,116.481981448364,36.1239076396683,0.362071181983635,0.194227989663313,0.0160356287564699,0.0778413815345035,0.0938975941879854,0.0168563017518653,0.192485004126653,0.0623085164113807,0.0206983571391504,0.00153561137009117,0.00803296348224669,0.00928696645048555
247,116.159469854552,36.248699384043,0.401589597594527,0.159538771725094,0.150322662694789,0.0332429020051139,0.0499455868073984,0.25895571879495,0.0464286350613284,0.0117027859237716,0.0143749059909618,0.0192022882863019,0.0275462794996126,0.149865581404303
248,116.149578995071,36.3166591561167,0.403653393295427,0.156784435705736,0.129468612662054,0.0252193990305801,0.0492173858817286,0.23642096928469,0.0115585668064189,0.0182760191370491,0.0228485914468098,0.00946463063113356,0.0350286179449233,0.148694446178964
249,116.499272880377,36.7315247126855,0.440581507120976,0.0676949023639287,0.0327714311852244,0.21806799122942,0.161899800597465,0.0714196312603732,0.0929687002647098,0.111805606162657,0.0460314328672455,0.00368816100135871,0.0615987500204177,0.10272379334668
250,116.940564878052,36.1543872132897,0.245091375242271,0.447689729292794,0.256409488503381,0.00707923800078902,0.296158884057519,0.173625512926032,0.292079451837462,0.192000952314393,0.143506745238172,0.0398461026243179,0.0469365837924354,0.0484845078229759
251,116.334231326589,36.4690458834171,0.296778434590651,0.0824698903452149,0.0811876039416883,0.00578194774194751,0.0152929246851634,0.117553969737294,0.00796155873562832,0.0226941318267694,0.00987028314138583,0.00171156286890384,0.0343613980026988,0.0310158955954035
252,116.188434329582,36.6881605581846,0.307673461851928,0.0454620165360637,0.0634464443127092,0.0512813840194011,0.0149603910584871,0.0705167905081551,0.148045729915679,0.0638110849800346,0.0362316403767523,0.0142094984517653,0.0165636820099928,0.00567430921747858
253,116.2697161783,36.2598800826352,0.41066966910354,0.153785519122159,0.14535418483133,0.0342654376358815,0.0326458221800071,0.226975953689173,0.0554028701845319,0.0137721926036924,0.0159228496126894,0.0052787003299577,0.0125316779288154,0.0626466273661012
254,116.530744078103,36.3931004844373,0.214316155545742,0.211080393242053,0.00520051156183698,0.0525133146523964,0.0323771800374081,0.0597727475163006,0.0553260846084597,0.0191155059567149,0.00797338410352799,0.00161443019735619,0.0301732705311551,0.0108030237874037
255,116.021450228523,36.602505682013,0.220203448146543,0.0225873224058833,0.0428797108313519,0.00548009227490609,0.0185411681667131,0.0122588818540101,0.043433379942931,0.019535306890049,0.0145861836358316,0.0165749181247828,0.00840683405545484,0.00889149791304111
256,116.798760307487,36.0332314039813,0.218643366007831,0.342454361111126,0.139976493186869,0.0087856045056609,0.215620636454639,0.124516988122539,0.304695053543215,0.194191233174584,0.163963459978454,0.0413221347101107,0.0271167199152457,0.0222485704138026
257,116.110335100209,36.5045817141887,0.301063537037104,0.0286324064347215,0.0777862633192407,0.00192127683800369,0.00654681764837362,0.050489528050645,0.034137409547246,0.0284933145334019,0.00200449619142584,0.0198188577077919,0.0451688653751675,0.0277194387907751
258,116.539798285812,36.8391449134564,0.399860579710154,0.0399600852829801,0.0504224076525395,0.271945444780836,0.321502167663174,0.102291274420358,0.0689986299298672,0.15973647478329,0.0633113563257455,0.00130513212446615,0.0526823700948301,0.0686194531176055
259,116.57123389747,36.3911602427484,0.217099912683944,0.223325764049639,0.0108464435652154,0.0402673779402192,0.0380541959915331,0.023640235398699,0.0908782675139124,0.0275124693920441,0.00937534774738114,0.0117859617416491,0.031310010598287,0.0190481787241037
260,116.61895154696,36.8426093552029,0.370458520239645,0.0195812020996996,0.0559998082356246,0.237217552404468,0.308438839528615,0.106666290284604,0.0522786075528447,0.163851373819792,0.0622936149290079,0.00233854430213842,0.0805499745780757,0.137167771992296
261,116.714853693498,36.8804723652312,0.208040133803578,0.0123697171740693,0.122766944900894,0.185032579016167,0.352128281561995,0.252879741023494,0.0587830477715765,0.0658292064088654,0.0546086953966716,0.00135899742147894,0.0373700007650224,0.195511714761124
262,116.123300578678,36.6090860598022,0.216450870514111,0.0224207170852154,0.045050895303706,0.0175409746178571,0.00594737226488162,0.0289914298631693,0.0966883395170642,0.0233732797193525,0.0159962976165174,0.0135508950883558,0.0174719679808089,0.0123006371344531
263,116.311049618758,36.2684420058271,0.400155677282013,0.155488308675745,0.138573371109949,0.031117988023906,0.0442235833599955,0.192342718681199,0.0404617985839211,0.0112908798802702,0.0105475185649079,0.00379924366353868,0.0155876802637916,0.0480373247698944
264,116.94573916262,36.1874280551216,0.28251002026939,0.493707979872019,0.286952151540179,0.00526701271307417,0.270389330408619,0.155904249403094,0.265679477711525,0.207950197509304,0.101723972851263,0.0298778765100692,0.0587365439535154,0.0645347568225719
265,116.500025092391,36.2870067860233,0.257465311069987,0.238185854223277,0.00428484007717322,0.0149863829802417,0.105856756337051,0.0656056587671646,0.141819361286947,0.0360381641368277,0.00254484284751466,0.00208379389479052,0.00346704250143337,0.00497392613584335
266,116.135230499087,36.7689374716021,0.306789767812368,0.0667860126864009,0.0883688258331325,0.0489961206743431,0.0119535640178489,0.162947672122615,0.222115832865644,0.0503921694027193,0.0334250926309554,0.0180317046253669,0.0665191353285036,0.00968879791874322
267,116.869257820537,36.0549539161613,0.184722237148117,0.389681165088221,0.240001188394921,0.00446745076997501,0.275141059909331,0.209300521604184,0.321109489172969,0.187149097864584,0.17530065030629,0.0199701082943203,0.0402087992222147,0.0358744329659325
268,116.205049612094,36.1638414950576,0.4263115806336,0.203411391625518,0.181690981887785,0.0361354963173751,0.040713304931472,0.277617001753819,0.100113606558013,0.0227867098838596,0.0475599824114289,0.0151157219543804,0.026930911803025,0.095652451236014
269,116.925045890966,36.4354529409204,0.289035953472412,0.341023691074803,0.404710448640219,0.0257111786015122,0.160047912439588,0.121791466827625,0.126013612622667,0.118558350697538,0.0373265659858587,0.0299864308936094,0.0250340112904414,0.10547486542608
270,116.886753598228,36.3044552167878,0.302836325285862,0.401940261501462,0.292208556231603,0.0146516351428286,0.0840116609427881,0.0620282560753976,0.270515689523308,0.1603629761929,0.0278908919043886,0.0347740027460345,0.0406800778375682,0.0728694218163237
271,116.136295825243,36.7320264282636,0.292640381357521,0.0476299476796043,0.0734010222812588,0.0350430919635594,0.0101728716951791,0.107798866533889,0.204044887336916,0.0591595573581648,0.0301302437069131,0.0112438313877121,0.0385900563838841,0.00810852956519192
272,116.785349442158,36.783389232005,0.0999523704802884,0.0726446446006151,0.265525985806112,0.147134886215303,0.233042952128418,0.34511272110816,0.0586557843193097,0.0760801600313911,0.0499318261158308,0.00293643984050462,0.0255192914337984,0.237124019224945
273,116.453303414164,36.0172451509628,0.478994120530356,0.226909081174138,0.0366807118494719,0.131807636277091,0.0823692118544117,0.0406272766860016,0.206565228302246,0.0759051089691605,0.0176755891822175,0.0039490221173295,0.0083556336527022,0.0046262215805617
274,116.135742419399,36.7422733639833,0.284397167907094,0.05925951400392,0.0780830532458244,0.0433978621821002,0.0083183681621577,0.120725634355508,0.226919464765998,0.0553440557897804,0.0262141746309488,0.0257801433344901,0.0502558471729742,0.00926919060619291
275,116.88522103685,36.3611416457221,0.302972011253655,0.402396922961928,0.332700979067664,0.0192039447611834,0.0878164149509253,0.0717986847832263,0.246026324363835,0.120190853187345,0.0497937524960764,0.0183285085923732,0.0318788154738261,0.0768739976428875
276,116.336713540135,36.6048524594167,0.327674946766334,0.0613917503052667,0.068729623645341,0.0622995726964994,0.0147121277033544,0.0239849906505161,0.0677167172191866,0.0603587560546062,0.0204619513231041,0.0146015270355306,0.0471336849064491,0.0200639901165164
277,116.319274115143,36.1068049940513,0.436826863522295,0.183469627705828,0.153682945696708,0.0588141713146071,0.0460086246637771,0.168837826934692,0.0842866825304673,0.0271376208441239,0.0133987576342206,0.0474072247873304,0.0146742737465361,0.0242922437644326
278,116.403782814741,36.4287819055142,0.263950504378721,0.112940094156707,0.0502053601609532,0.00419918072747172,0.0217106246623742,0.132139172900555,0.0075332409292993,0.0173890297399868,0.00239962422961604,0.00278818417053051,0.0232382961119165,0.0303160132226535
279,116.479077307042,36.8328059673775,0.457724087150977,0.0386577237213391,0.0124085886252238,0.217827187919331,0.220736182997323,0.0914726402588479,0.0922558608243912,0.188546012232902,0.0415201114128713,0.00623372272696354,0.0663088163588537,0.0748915510226844
280,116.367901820224,36.5173554075183,0.27808408174362,0.0771797741561526,0.0396365810719929,0.0493692992842605,0.00220940159039973,0.0685187241664275,0.0329542750228569,0.0343592438169991,0.00319079642253017,0.0131552486907958,0.0370424587449458,0.0143653178773679
281,116.465690567624,36.8214764216915,0.470449284528867,0.0398499120725905,0.00887274494375778,0.199869348730399,0.184339085730049,0.0789482270948347,0.0817844032631454,0.164477984421388,0.0277859075862579,0.00634017150767663,0.0547735833882458,0.0696676197919514
282,116.049892152892,36.6797717317706,0.186998222038441,0.0328145030535273,0.0372383904320803,0.0175869890492405,0.000711435629159207,0.0401768103388012,0.128893422142117,0.0309756377441389,0.0078696117110505,0.00468271187329772,0.00898531932765556,0.0113560111753571
283,116.187356711598,36.5678999317344,0.238639298740822,0.0286380582779746,0.0655105429074837,0.0131865686235345,0.00241796574627118,0.0435861303357421,0.0887640143937238,0.0307955110768835,0.00432168855443948,0.0156052523984296,0.0290531137700568,0.00711871601810066
284,116.982659413712,36.7149785854155,0.0139185436091824,0.133187618322707,0.474908358827857,0.090276481198489,0.262227054286254,0.242551531155305,0.00450362805576121,0.00205146456271266,0.0299740023928297,0.00818593474333018,0.0322437669995131,0.176244381919049
285,116.328274069587,36.8311918160878,0.393246748980325,0.131534685171318,0.149530161172715,0.133840706653248,0.0472690154520349,0.0851102082860681,0.106168980872802,0.113637707397528,0.0494263614586341,0.00758827690508634,0.0722000582619816,0.0380865870716355
286,116.170996390516,36.1480219287565,0.424941501179578,0.220610307940771,0.173954324342505,0.0387775129605074,0.0365084655241935,0.25009309501499,0.119407393409115,0.0324394381268105,0.0403933667214859,0.0191902695767284,0.0292913247692858,0.11718654994663
287,116.488254894502,36.1735955499345,0.323844466367354,0.213562368205212,0.0133990447454286,0.0532886775663706,0.101693382501269,0.0291360951133667,0.162372417756478,0.0596039969775336,0.0141428469858419,0.00120217586488092,0.0059501963232732,0.00596660724645859
288,116.018687411677,36.0878783989465,0.403350378931332,0.219922887363631,0.19578190124976,0.0400211561028494,0.134344524005011,0.261981375324733,0.116057250288017,0.0727610999476249,0.0305859035427177,0.0336804236312895,0.0541813127126479,0.19331941252248
289,116.339485083707,36.7461984558497,0.381533663525863,0.0567768787310104,0.104845543075434,0.113162881237175,0.0338839098654616,0.0419542488546656,0.0859115953630162,0.0957961236001893,0.0496486136245012,0.0107242523393642,0.0339726091282638,0.0290186659061975
290,116.029663375579,36.7252775620669,0.213110731098702,0.0484097037409438,0.0425302171162031,0.0166236116980705,0.00620013915160711,0.0664930328507598,0.166455362453334,0.0369152894267177,0.0233013409330125,0.00387467408904785,0.0300927217024577,0.0250128920557214
291,116.867228663061,36.2513429876883,0.265140267424092,0.365300086275177,0.243104582523502,0.0135558361387054,0.0748223677575629,0.0690337172095076,0.286394802425557,0.183970636142968,0.0444177570080778,0.0224283907816891,0.0360040404126899,0.0579391904069675
292,116.731707599713,36.4041266211541,0.259595928290767,0.267679131613714,0.18151122573153,0.0199985030124087,0.0529258767546577,0.0340757594168122,0.153871126458058,0.0787549417608592,0.0235449568994464,0.0101894115461484,0.0141755123157788,0.0696771658575333
293,116.315260796808,36.5632908365456,0.28374422875722,0.0606515326965984,0.0703027856570704,0.0434249891813239,0.00923916918676915,0.0578529922649306,0.0819481686643436,0.0347773999594372,0.0146026172254056,0.0106388780494684,0.0361010061529571,0.00963471914874292
294,116.386454011779,36.3338292745873,0.347706155768303,0.146836041689593,0.106286135586999,0.0106210883569475,0.0360856654217985,0.176362514842885,0.039801346714827,0.022492119631967,0.0121044484042709,0.00417071476838082,0.0120982110484159,0.0476207643804831
295,116.332445990527,36.344087053556,0.351791901259474,0.137331904558043,0.119186910196688,0.0124539400010947,0.0255563828670879,0.20012776525364,0.022980747042965,0.0194741753229435,0.0199320248124026,0.00281555824098467,0.0203870066455557,0.0736760690033355
296,116.089777971152,36.8230327887693,0.401735651626569,0.0630996085708144,0.113217088126643,0.0795841309759359,0.00993406232943805,0.194384463709203,0.236213452592191,0.0286076910895282,0.00911301159363798,0.0237157065669426,0.080111905873431,0.016697391378385
297,116.757055602502,36.3512679792009,0.25330112432903,0.261406733612887,0.197524226876664,0.0124111276543634,0.0298671722222617,0.0274675684601464,0.261828519752481,0.113503179181365,0.0309943102489774,0.0231201818355397,0.0253000399600193,0.0544837309325455
298,116.602968497202,36.0632643835153,0.345864349977115,0.256017942023132,0.0244839763818433,0.106945342461158,0.132603666660421,0.0296232156865286,0.346381857474129,0.0933112796667426,0.0553521262600157,0.0293853735850962,0.0103355249601086,0.0227653717815958
299,116.145399972564,36.6367559497012,0.267423046714694,0.0326863955723115,0.0551082842412202,0.0293286758540855,0.00447529764821453,0.0439593511079344,0.11616362266291,0.0361812803281178,0.0166376886531661,0.0163899529328696,0.017726747718343,0.0122970617358631
300,116.032517483458,36.6236971325241,0.17876373628783,0.0205959786455095,0.0509070413782694,0.0138544441100694,0.00776811778451547,0.0296201017446164,0.0552185569643701,0.0168610015018936,0.012061827973694,0.016620844561307,0.0135479109394878,0.0099193677034416
301,116.483768141596,36.0865325611783,0.398181896692481,0.206227122230082,0.0235203349271313,0.108563108209764,0.089899858183091,0.0208103854699355,0.211076293599698,0.0706685895892489,0.0216809923834002,0.00337669604839541,0.00723068946387817,0.0159943063922418
302,116.44456952787,36.0332129065879,0.462283160732732,0.243751063714695,0.0261923755111955,0.112148962580338,0.0704364291409372,0.0317293637739255,0.204600313835348,0.0679478553021202,0.0213336077249948,0.00117384673520404,0.00798247387744122,0.00198801860518061
303,116.060385589954,36.3608461088268,0.427560969316147,0.221463307098883,0.196780385542837,0.000672006875587328,0.209410404179061,0.229000587874157,0.0153471895034941,0.0550582813484212,0.0434551089667695,0.0131807573547925,0.0330002427652402,0.190700598286178
304,116.327506022062,36.0103835026966,0.479130709990181,0.209608060502385,0.213992962798443,0.0847943094671223,0.0475609823308916,0.232386475886668,0.126513659556455,0.0192740211799758,0.00476750480336019,0.0541799640442502,0.0176045714808362,0.0171345388856466
305,116.878429047298,36.5111019143136,0.195455789606467,0.252520155820706,0.377012455197389,0.0485496567900376,0.206882692595474,0.0957187492920347,0.0451978015920996,0.0326744215869464,0.0174895620444568,0.00750128574668274,0.00693230386822674,0.146610524791125
306,116.930604886264,36.8504549332894,0.00569530960031761,0.0705267700619465,0.494484171287995,0.105599369290678,0.273566087936846,0.236962059572345,0.0527572717329594,0.0543910190519054,0.0336155840090765,0.0243389444970188,0.0689314192027153,0.207035917504287
307,116.392178456997,36.3089719595388,0.329423001817842,0.185758355045115,0.0880257886635188,0.0165449154258163,0.0575861839052512,0.183101574491771,0.0541490171529305,0.0193381935989743,0.00912773806706657,0.00932021347188172,0.00799642951953428,0.0334684866443521
308,116.158846774837,36.2200484518893,0.399090778694826,0.178957330854665,0.154808916113486,0.0323260855106222,0.0489024922449924,0.265347560295082,0.0531877098602991,0.0157877315027066,0.0241535868537611,0.0155108433807674,0.0299712234806797,0.138652063496395
309,116.319947601063,36.4875092796748,0.28607757981701,0.0694316484164791,0.0782225310277319,0.0117566415765463,0.00675992968924011,0.0945429297807646,0.0211917177507724,0.0149907543813746,0.00100673478672231,0.0068492674508861,0.0324985137100405,0.0245927487618093
310,116.306965620257,36.1059339401778,0.437439779807367,0.198386655193184,0.17412546824387,0.0529492602462722,0.041956206265825,0.213764717713426,0.0864676518235797,0.0276818395442949,0.0175221676281103,0.0478633334052897,0.0153835029442219,0.0350561335665899
311,116.107811254449,36.3374176096637,0.40023919348249,0.213700981030165,0.154943213574656,0.00675107398133445,0.122379515777824,0.216345751745113,0.00968696167618865,0.0476406605787414,0.0344396252737192,0.0165566313762948,0.0146708606475253,0.189485579551435
312,116.979334303411,36.2947600051761,0.357129463153735,0.617988989038113,0.34249906624446,0.0137097078966513,0.192908254336137,0.142134578928043,0.306219178285528,0.163751635337023,0.04433418004129,0.0606806878499758,0.0634898250812806,0.115133896404156
313,116.496903428109,36.8524851760827,0.449601178141434,0.031723560428249,0.0187629106347154,0.221268621267034,0.30464872775906,0.102699603824219,0.0896424041237982,0.216024894245521,0.0675960688002527,0.00425117627310634,0.0461391596639268,0.0665605881626032
314,116.093074671924,36.8195174210938,0.406391558218832,0.0666071584414583,0.118087368536037,0.0838767299893812,0.00523851137348497,0.182776212651653,0.242145654240701,0.0282226178137894,0.0104139621448435,0.0277445578313162,0.0737058574500671,0.020468654931209
315,116.211773658171,36.6862002439331,0.277297101721671,0.0511083355827617,0.0662059440821615,0.0504883899133437,0.00971166780770039,0.0700427530565191,0.155156133674531,0.0622132795285588,0.0279478993397744,0.012660376048354,0.0159303250329629,0.0120320013321887
316,116.930500746239,36.6822674245806,0.0289616063160117,0.168735699962518,0.391358290412667,0.0913360458596153,0.245525652640783,0.293563636627947,0.0130422824555484,0.0173786282342702,0.0350549318533931,0.00532134118440097,0.0246727903186514,0.216289561032381
317,116.296846406767,36.8986417509383,0.38881230931399,0.0558196135867567,0.187681346962362,0.124258567943388,0.121143650417328,0.231032350598344,0.130811406550733,0.157144954268469,0.103280880653761,0.00785162047795629,0.0791555611788926,0.0217396383150658
318,116.653218248859,36.5223612642847,0.211337631930636,0.222384429821817,0.0447676295503064,0.122036682664423,0.0900552540345181,0.0773565521117141,0.0414783450952256,0.0202395223877847,0.00795928045390071,0.00505288609416588,0.00555112920883327,0.0763949073408444
319,116.901070477907,36.1919557632878,0.261074113142891,0.3862439518885,0.244758772288148,0.0104456704626402,0.166085805693011,0.123024588232254,0.277413080249598,0.211986626032433,0.0763059400084973,0.019478572973867,0.0400916696095092,0.0555854584824145
320,116.990795793245,36.1201967085712,0.343287488971984,0.625446800672313,0.36952390318303,0.017901467116232,0.502262695581539,0.299798777111147,0.346759595519861,0.239380222508717,0.165222428035951,0.0224529071174659,0.0792825912622313,0.0902990846297747
321,116.430333221331,36.7130540845217,0.419957800577203,0.0849408458273704,0.0100793479151446,0.164297422282943,0.0796663938530858,0.0507369434120328,0.074308828161744,0.0888403932207839,0.0202202573205903,0.00965581647218472,0.0801348704790386,0.0347617153510884
322,116.393776922254,36.8837152535794,0.442513248377662,0.0531548873770338,0.13392501505092,0.169324153316647,0.185715452922421,0.170864770601707,0.0971871847033249,0.189419293184416,0.0503243318176989,0.00752674496434347,0.0466305113366324,0.0306122066074245
323,116.141908895457,36.8838439132785,0.4450504000139,0.0882750378867406,0.115555824523567,0.105525427578386,0.0267405761943882,0.334036262602478,0.276598266017769,0.148543720714173,0.0388317295553888,0.0157251202730331,0.0943966022670186,0.008791198913495
324,116.279806696344,36.1128991275793,0.432349469091498,0.20691826180756,0.222297159180184,0.0508820865319578,0.0448673726608573,0.252675928441119,0.0995590390608124,0.0227212677327513,0.0312758425355248,0.0356576272889536,0.0184154815804413,0.0391816306793271
325,116.564822222572,36.5564566295827,0.214581003013705,0.180089800375449,0.0334944518292787,0.16554690300865,0.0688747316301016,0.057942024804772,0.048723784075684,0.0705651869129401,0.000399887890996653,0.00265709270008818,0.014622523231694,0.0555326814033086
326,116.935139505425,36.7723681238014,0.013046270390812,0.125095391197295,0.45274373340464,0.110457362982518,0.239397247568537,0.243899928645685,0.0260307990699398,0.0129071505421942,0.052267564828329,0.00928076871369665,0.0248490110267853,0.27992151649761
327,116.35840014508,36.1254487822764,0.441481865157734,0.185948460439274,0.100559492416513,0.0633335945586471,0.0467542771936279,0.106302919171014,0.0998553640915447,0.029298946038332,0.00432140261407188,0.0259902579077954,0.00961737773126448,0.0116669101011325
328,116.842007180909,36.3299224693095,0.290268346522953,0.326581160282412,0.245298482195722,0.0104340880672342,0.0454780920568562,0.0333327247950855,0.270272675088276,0.135147347736116,0.0317979399977484,0.029038860782486,0.0383553535936374,0.0664019183652492
329,116.722409214359,36.1414172044722,0.27383381342028,0.257967027192501,0.0561420805963767,0.0143936483997645,0.14227993936643,0.060558048029853,0.316408420337851,0.155496491092442,0.115311809050891,0.0309347691778645,0.0210277943305426,0.0238128699662307
330,116.750735989306,36.4030558508355,0.267222162912454,0.274949431034864,0.211283290510635,0.0246489583145185,0.0562505517664583,0.0366073539795774,0.164162306101865,0.0905626120959047,0.0184806085726597,0.0119127924498759,0.0151699799753543,0.0618234794135193
331,116.923988452181,36.4372871213593,0.299307977971184,0.336010180535337,0.406001797506953,0.0274465663782641,0.160761425601114,0.125246757215323,0.120964193890702,0.120198586516787,0.036293051037347,0.0289123843026455,0.0257217419020415,0.107026922566677
332,116.002378106816,36.8551827363437,0.288998859316321,0.0332513030212763,0.0583170942991632,0.0512268932965018,0.0261112445572659,0.139885491952248,0.235419591492696,0.0403657575370354,0.0206529289812105,0.0126941334562513,0.0470976780659723,0.00309801998838533
333,116.160429914948,36.8142784920987,0.360450838371027,0.115231294298528,0.103353984899595,0.0965125764504955,0.0063716399253686,0.196052833488305,0.212795247361959,0.0718647467065121,0.0496637665566658,0.013319301932658,0.0673161524184138,0.00609943602318863
334,116.399272951297,36.8461482316023,0.440363299299699,0.0933990129541479,0.0880443658507344,0.150173965091046,0.0855615860906485,0.0971623842400837,0.0857400637441167,0.134653838602445,0.0189932133738315,0.00758539150497695,0.0593950477103361,0.0353990384744148
335,116.675319577334,36.6961439129664,0.204688926636394,0.0957860171718603,0.0807794302375455,0.177926795921968,0.0816015009656845,0.170918120859261,0.0944655909894125,0.0963305186916226,0.0115412313109154,0.0120523907560852,0.0372060489701236,0.118965300628037
336,116.480372016318,36.0829898871481,0.393744829689535,0.196993620892869,0.0189457899322262,0.108974147973299,0.0893056173083626,0.0199729050825337,0.207399795792197,0.067808578073473,0.0220984554134794,0.00242477544309672,0.00999551957791767,0.0151649135701832
337,116.533828780754,36.0146190866595,0.412537162295504,0.308897871383865,0.0303650311882271,0.171958229758913,0.131001802569466,0.0300738645798105,0.221429893908001,0.142695983768016,0.0242038836031822,0.0133950339871406,0.00330215744945861,0.0313862615773347
338,116.316950157285,36.3001586282859,0.392497502933515,0.151923622901191,0.137218565002563,0.0229705201727173,0.0379731164592061,0.187909304784179,0.0331825297722295,0.0150486631905189,0.00943639668684315,0.0018056618819674,0.0158850993579832,0.0476924117622771
339,116.814757590182,36.2176677830983,0.2479835059512,0.274036871143653,0.189907850295017,0.00657685568501643,0.093254085912988,0.0549846348645219,0.284176168028292,0.189169620455109,0.0726734096252294,0.0203173102200075,0.0229149583902049,0.0430570276597152
340,116.292219521245,36.7128636464244,0.33467812219871,0.0634692479094575,0.0977003136606074,0.0733972356248574,0.0143073095745526,0.0439573802342369,0.112404116968336,0.0742937306232929,0.0342172269133976,0.0204095426880329,0.0409003817368095,0.0192299793041419
341,116.409132091329,36.4467483339133,0.25793892002259,0.120853339080256,0.0368762373331245,0.0096235868254998,0.021511639371251,0.107171503725169,0.00336329063140506,0.0226812354818405,0.0128496827805581,0.00471505230217328,0.0385404350922995,0.0219217788560611
342,116.090918307658,36.4624911812833,0.330635521846195,0.0500034910741953,0.103945341239395,0.00251257934645199,0.0231167560466037,0.0965188562682412,0.017930638003022,0.0275113492277876,0.00887728458536496,0.0101409976306811,0.037107851963914,0.0770090136829406
343,116.798596638022,36.0651616907911,0.23513752171886,0.334951250351503,0.13224972825724,0.00452759491111143,0.206207609959794,0.12711925966275,0.292112473254801,0.180174528631006,0.148155683872267,0.026222818613388,0.0290624573252575,0.0219743798308588
344,116.35978524969,36.3106251897756,0.342044232418813,0.162059197793389,0.127112668074225,0.0165920898906013,0.0390409961623808,0.188542792201795,0.0372024062146151,0.0224399596646973,0.0113972236037599,0.00458568799574077,0.0114140855060652,0.0526877213846109
345,116.040487576742,36.6806924471632,0.161067337054084,0.0376824721560488,0.0285894678326255,0.0141414206449685,0.00185313908254214,0.0321408709278673,0.0922318588500681,0.0363115831963513,0.0128693917836912,0.012681838879394,0.0125796429295204,0.00466278131806364
346,116.041086339857,36.346607141057,0.427363289018391,0.312720854853989,0.182820892737329,0.00406297825226432,0.241460372200771,0.20864239599175,0.0202351407915461,0.0432239139920395,0.0333467257946399,0.0144452108808131,0.0254648374800526,0.211979064799101
347,116.954434238374,36.0062289359048,0.122630286263059,0.502840774899912,0.375399842857017,0.00127548637029695,0.434563614556401,0.342227222501728,0.3889172178406,0.167749737282268,0.169129393170929,0.0298832681219922,0.0775249983363491,0.0707578567431629
348,116.373341244878,36.6465953072067,0.364270324679334,0.0730555421640267,0.0249087354176677,0.0944335692432637,0.0339153960324161,0.00770785942694174,0.0613131398114211,0.0818970062403452,0.0373574131097092,0.00692695297952106,0.0695631516896584,0.0299872523023226
349,116.806419667555,36.5012723990483,0.234890311299641,0.255183463142185,0.232194924268439,0.0501416550179996,0.190437852395302,0.0847696209758161,0.0355371129447604,0.0179096782777205,0.0115909319633106,0.00355050441861637,0.00473518455165878,0.101810891283847
350,116.91005900898,36.0630743638845,0.173678834027933,0.417809071908503,0.26409504789681,0.00511605687309502,0.315817705584876,0.189702244472242,0.342340960393927,0.184555188441436,0.176703999643618,0.0129410563998962,0.0409479937890032,0.0384137827397486
351,116.440076212864,36.3130348779727,0.264530140396303,0.223445631037448,0.0374600636596525,0.0235536208636242,0.0870461801255923,0.147868778125304,0.0594419364835378,0.0243267200337881,0.000615497564059098,0.0118295426775499,0.0055064788813266,0.00782173733325509
352,116.576336503029,36.3717049991246,0.205595999915711,0.243919365836367,0.0202411014088348,0.0387215592341327,0.0397124400668004,0.0205163918776623,0.0983683645115516,0.0254582578867102,0.0129728518958756,0.0084892687598146,0.0293980681481938,0.0215649947920754
353,116.073667795165,36.2804896790301,0.382298866454552,0.267283310543229,0.154518714098049,0.00812421508785621,0.150968642105809,0.215072574160825,0.0266239698922098,0.0121804297850955,0.0256319641706816,0.0149207538650898,0.027518090794175,0.177913480492018
354,116.164627394406,36.6638111713808,0.275934776891219,0.0450768456191422,0.0605117487032186,0.0311322487893677,0.0107077470206127,0.0568855627897735,0.169733197077012,0.0538614410503175,0.0183243587369354,0.0184429704835912,0.0164690649642779,0.0144347728250168
355,116.739890775876,36.3495062554954,0.245544114009878,0.253630135206767,0.167241058457807,0.011375671854528,0.0254398537352926,0.0296488564065479,0.260149174233362,0.104190913471774,0.0377825700156064,0.0231064094121615,0.0277652125179481,0.0492550020823496
356,116.475711012725,36.5574818503344,0.243464897537046,0.158259503095595,0.00787313357381669,0.133830235667843,0.0267461829193143,0.036007763069826,0.0345403210588401,0.0701813226350793,0.000862597705883261,0.00853003804057639,0.0575321827908292,0.0424711213377948
357,116.685520953266,36.5611871410394,0.178238786289603,0.177183199467896,0.0584993364476462,0.127078321722274,0.0825562923957994,0.137578275268671,0.0468798865741509,0.0333307105903613,0.0068332515618198,0.00917909198720179,0.00634283607127817,0.088659947136799
358,116.951514942804,36.7221710979939,0.0042400373332403,0.142684238538633,0.453910268477534,0.0849031638870708,0.254331508810411,0.261186371971256,0.00837332897136389,0.0112913820990428,0.0407829234071572,0.00844434485705359,0.0270169778858896,0.202830166326429
359,116.497464487562,36.5886611435562,0.257209882286866,0.138521630178453,0.0224360710436621,0.169054536772827,0.0474396724032856,0.0287247956876875,0.0450408869860938,0.0877521002793075,0.000722936316832068,0.00462076279635493,0.0541805935463185,0.0548629213772618
360,116.470500626601,36.6115078062052,0.319747759603161,0.113557559066177,0.0231362118674721,0.161861950219717,0.0549297116499154,0.0235523261748283,0.0571903041584545,0.0737455446384366,0.00173699119412085,0.0092330018912663,0.0797593296803586,0.0425030282856281
361,116.560191950062,36.3696793410229,0.221994542856103,0.24385508645279,0.0124994927626558,0.0412356848184052,0.0427054194459974,0.0287306664847765,0.0990681464357676,0.0273034061742585,0.00910643274636991,0.00453666706892053,0.0252015372494855,0.0158628077337234
362,116.652510120533,36.5969278282486,0.191971754103886,0.175610240372349,0.0350113930477902,0.130695373552329,0.0692145047921295,0.130496220168937,0.0716044868808832,0.0546921600007996,0.0057159415720649,0.00419032486590454,0.0103176570630344,0.0975981954230887
363,116.279573498759,36.0244059998542,0.460141875145264,0.197262383601721,0.264560254145324,0.0806229194919605,0.0340500964101386,0.324169003116191,0.114679673510976,0.0136676262394416,0.0203879401410697,0.0707683895206811,0.0281810500869847,0.0410459216941481
364,116.979907589499,36.7343360681785,0.0165970801369907,0.139404365073359,0.460380308691189,0.108260076462134,0.270035855882553,0.220765643650249,0.0169718072304645,0.01144022011152,0.0409818450481488,0.00680441631007345,0.0383272386578943,0.193913259465919
365,116.643864108017,36.0675385011826,0.319294934614043,0.25084952826867,0.0178579111770871,0.0703043288295653,0.13860996264176,0.0322287708241523,0.369094277201348,0.109264955161368,0.0890976750422743,0.0276908118603079,0.015205085889786,0.0379212220286744
366,116.582578435773,36.8108687630156,0.407296843401607,0.0226076962854201,0.0467704001574394,0.267075100770518,0.254912098667614,0.0962471268787085,0.0790838074709144,0.153920904298006,0.0550955273588735,0.00218443622722408,0.0642163769729632,0.084703302054575
367,116.615871025948,36.0637445112923,0.34739022123179,0.253567168178904,0.0207107484856257,0.0950810871418448,0.133313039555848,0.0250815488592353,0.360452024747643,0.0971981600056122,0.059234900144619,0.0259391169860652,0.0110325294082974,0.0253825678177586
368,116.925140294479,36.1720110450173,0.263010884318768,0.457874038245828,0.250932012658282,0.00536932012966385,0.242600101694853,0.139264496549544,0.266538831317846,0.206765328078608,0.117227654836052,0.035126127949952,0.060369181292055,0.0523827758002637
369,116.390022895299,36.6992363233119,0.396005688764459,0.0802332201968307,0.0308864699487506,0.130639149200179,0.0482485369504699,0.0249165849422954,0.0653277200177419,0.0821909208744416,0.0396328564110655,0.00614447916403904,0.070045870003668,0.0304041992121931
370,116.287919685012,36.1828201533062,0.429439801310439,0.185637184737185,0.165383993335924,0.0459684666211134,0.0463562041681258,0.236737524602513,0.0763118231538844,0.029823932586308,0.0320229431696776,0.0127577894393752,0.00855154448864404,0.0383354569866404
371,116.09073596471,36.3633880594745,0.412202911428804,0.218839454201292,0.163983948295945,0.00565003631235439,0.190833057970667,0.206085019706265,0.0199003817855795,0.055198486536346,0.0434378894575187,0.0169856052798827,0.0257254753005335,0.185608134120608
372,116.322033904027,36.4015625653323,0.346235775079394,0.0587977711740865,0.109384996051604,0.00264630820879286,0.0160004278357856,0.157079522600766,0.00749638542980979,0.00850992716516252,0.00507313448521585,0.00391036805773792,0.0324139251595249,0.0610303474664785
373,116.758270112565,36.5456659218762,0.173056419718579,0.24199997213704,0.174627874437053,0.075865159972545,0.124420538462828,0.105383005472834,0.031982038369455,0.0219113267665726,0.01961201934095,0.0115132625250919,0.000351759124009088,0.0921278969394812
374,116.104412929621,36.5188011684688,0.308528711918106,0.0199528431903759,0.0778824650760233,0.00595630578955109,0.00581806665602203,0.0442294758212475,0.0311265937119676,0.025259197054624,0.00290580760750769,0.0288204909467636,0.0448016285586661,0.0241794033780071
375,116.710277852602,36.0535560898483,0.270147874878284,0.271309291541315,0.038702851215883,0.038432207443722,0.153154965632077,0.0915888653771709,0.362607683993025,0.132928595241493,0.178377893560766,0.0521259986768937,0.0271409331730182,0.020918679631445
376,116.966477383627,36.1643985764589,0.259821263366018,0.508801186963462,0.279798074754481,0.00263297390498929,0.333520090013936,0.183785708768802,0.27065885572521,0.211197502997418,0.107671637436796,0.0428589392990159,0.0511027319151125,0.0634371222272767
377,116.201491226209,36.2665094956057,0.408158433595868,0.168123669863633,0.146152978930238,0.0283031992874379,0.0393805872528905,0.254609946005035,0.035986126791701,0.016739516958532,0.0142715492786817,0.0185612075975016,0.0289434002398856,0.130560598547656
378,116.108488654485,36.3384711775929,0.40023919348249,0.213700981030165,0.154943213574656,0.00675107398133445,0.122379515777824,0.216345751745113,0.00968696167618865,0.0476406605787414,0.0344396252737192,0.0165566313762948,0.0146708606475253,0.189485579551435
379,116.055402178783,36.6417863476323,0.181718570678825,0.0199875087933207,0.0459755499649109,0.0127753749477204,0.00215965497352877,0.0271566258112289,0.0972562389012703,0.0218950376209008,0.00831446212052112,0.0123635189150024,0.0122040062460058,0.00531212685402127
380,116.829723515082,36.1126337273978,0.236151503937804,0.324807756433857,0.19341745491516,0.00368996879874783,0.192604086052232,0.106646098768743,0.279662649302171,0.187809960607106,0.118952399769049,0.0205803861496567,0.0290173695559705,0.0483122637815924
381,116.581197756575,36.3863100915682,0.22108072131498,0.235125251483914,0.0143382542683086,0.0397849901706528,0.039407188219495,0.0189313622851863,0.095173559285881,0.0228725156908154,0.00897790593504788,0.0130265527208546,0.0303290875074895,0.0245573174911672
382,116.470092375297,36.0273393346695,0.43670457668445,0.250915738870484,0.025487380665342,0.131212644581774,0.093216032215493,0.0299406818787099,0.216129648065023,0.09047569152074,0.0223329144367465,0.00672794487610195,0.00308705656832864,0.00355719845741242
383,116.365014120005,36.4087518024724,0.309525864874144,0.0834227591380932,0.099874322148514,0.000178985320221536,0.0175757366089935,0.165722714423434,0.010465856346056,0.0149725998385082,0.00249945031989041,0.000896064728120427,0.0253865570530668,0.0591960418922445
384,116.280124627287,36.7148773144232,0.332167754964077,0.0742679296964871,0.0985904551579337,0.0654634728762595,0.0144568460418523,0.0481762142050103,0.107515644483176,0.0752619043590188,0.0402129059168367,0.017337223395484,0.0402704883355268,0.0167543337657686
385,116.599715854973,36.4241488466738,0.211525029695599,0.234289208723274,0.0247255863295213,0.0555355240134441,0.0593872944968916,0.00762479118164416,0.0491102766552175,0.0151986218776746,0.0156730653285652,0.00802443075772508,0.0245505184731245,0.0473270050847969
386,116.818569612922,36.2127506496152,0.233093396677366,0.289525431757067,0.195061903574962,0.00612645266237699,0.0947615875696814,0.0667497864431901,0.287571530935665,0.194396392840843,0.0679038223280936,0.0218144197774551,0.0307975517527618,0.0492338079048359
387,116.097832280444,36.7983315150021,0.381086146194522,0.0681933924341226,0.10087989733109,0.0780369901967213,0.00365669871963903,0.18730298525978,0.250962996178768,0.0480849089583399,0.0080996050567802,0.0304442330515827,0.0663916537311384,0.0307738966591927
388,116.963689526077,36.1133575066226,0.255327086407408,0.508238277989896,0.26721248273141,0.0124890334228004,0.366280227844881,0.20114668315424,0.339534568535642,0.218958845707097,0.177472191481806,0.024732437271777,0.0535261000710734,0.0596898704373224
389,116.168736443389,36.2423802590696,0.402792842029679,0.159829502000549,0.147544088975463,0.0282387179807181,0.0473600469668484,0.248421794582721,0.0464100113495534,0.0118913673602888,0.0164923724783874,0.0184012326865999,0.031335827198254,0.148662806150181
390,116.086083405884,36.7942123324145,0.370302338796372,0.0591735877270376,0.0960187412104664,0.070054518104604,0.0045092909551554,0.173350755223833,0.235634159274335,0.0392561782560686,0.00895298457117399,0.0243990047584078,0.0684871541114844,0.0323061596806679
391,116.861210695701,36.6754678396974,0.0320898512129992,0.182091385418784,0.33922019422951,0.0822574658521475,0.168337501989491,0.262020138738098,0.0261702810170126,0.0288487401290577,0.0396481450756211,0.00440873621803584,0.0214132235030237,0.177045959743572
392,116.524790602038,36.0879236473935,0.366306084130249,0.228817234587525,0.0361211199539301,0.118831954248695,0.111245721925583,0.0274189148482646,0.228556706566728,0.0831719499881978,0.0222230790654699,0.00316656830724671,0.00898437734283708,0.00502244291951992
393,116.656810875284,36.7340103143128,0.28372656751891,0.0733794303784476,0.0816146363637946,0.21038667424985,0.120528231093168,0.182736041939893,0.136308359935328,0.123900562855085,0.00215218219378155,0.00292278123756262,0.0635161388224534,0.144280887876434
394,116.229519372806,36.7725537259597,0.343663018320477,0.103597960840125,0.122023078670535,0.0721903534564584,0.0111922483916232,0.114831074846605,0.143014743915469,0.0741439872811473,0.0847997921208306,0.0100931267071533,0.0556564002188996,0.00977963482489408
395,116.721226031426,36.105441569793,0.249387747798549,0.276680009791869,0.0513453586663507,0.00900865157683062,0.164812734969189,0.0805423299620487,0.326865702402362,0.14906890677995,0.128015638092506,0.0350167481845483,0.021704298126902,0.0108361890137855
396,116.490750394994,36.1236574461451,0.36083237820087,0.19799468834359,0.015710309918942,0.0846765051626587,0.0929113189348988,0.017656982131983,0.196788486543915,0.0600203309630197,0.0198328239422314,0.00101712217670424,0.00928405431439416,0.00749283381322974
397,116.965255592484,36.4934312977362,0.221724089888185,0.272217911252992,0.433555643535297,0.0445278132340514,0.259346505367751,0.134153887490495,0.0701718172502257,0.0419228690740107,0.0190985344935843,0.0127067673502264,0.0140906793689192,0.149753775216233
398,116.906942480477,36.0531266851583,0.172407640769966,0.426527962262852,0.266652375303298,0.00540060260789577,0.31278450273288,0.19015802401048,0.349445371559346,0.185317516871652,0.176305899885237,0.0129413389256829,0.0472264059228744,0.0360605788942996
399,116.551250527846,36.4459709620569,0.206173097095651,0.272545719657501,0.00949681947898173,0.0740001078381565,0.0480981058684107,0.0293881754456864,0.0273560742940274,0.0189413129450627,0.0115320625545379,0.00239589285527386,0.0400753148609319,0.0371031710931887
400,116.075599099509,36.0066757707624,0.433299525049702,0.220639263849791,0.242269269526258,0.0784066972697989,0.0880099448263862,0.388894466260148,0.157395539713946,0.0514642724322486,0.042345346012911,0.0452044629644065,0.040163578399974,0.215250880219189
401,116.022700011265,36.7634639002383,0.254766324770164,0.0635981288814812,0.0663885335333451,0.0294467008961877,0.00131932076162367,0.0653929362878544,0.195944697442472,0.0183775212078239,0.0384248259821799,0.018101473767436,0.0456078060951195,0.0119769262716205
402,116.51323952782,36.0564716986148,0.392716397802783,0.25154449185029,0.0302675707853316,0.147271100909953,0.114158644358416,0.0265696785287842,0.218648914397864,0.0993108164817659,0.024771152618881,0.00485923433917057,0.00479445644474918,0.00901732759323681
403,116.630726151634,36.7378605788341,0.328669334547686,0.0328945926808566,0.0371084264233807,0.226270262372629,0.118813593728192,0.137180632651088,0.103737993596565,0.174065715378038,0.0115445083643199,0.00498151105643418,0.0687902193708999,0.114736677573709
404,116.418771624332,36.4854242647067,0.241170116898464,0.142704008127405,0.01315903012123,0.047501343729158,0.0174784455461704,0.0894677169063081,0.0128956394712907,0.0349510185450843,0.00312993065769096,0.00539363301284379,0.03543278271476,0.0192407672349502
405,116.879265945172,36.4491180890473,0.275284380232253,0.269719254332325,0.366297125370658,0.0339835831215212,0.186303797946002,0.0971498793226561,0.0958874655710478,0.0813660175910058,0.0385796253222667,0.0130038623790825,0.00950859494882739,0.103071322337647
406,116.107987073017,36.0200045887381,0.45697061853432,0.201965603243569,0.210932471254478,0.0769643225247263,0.0476790202003221,0.362899841086645,0.164595951273216,0.0262902506042274,0.0285123556387183,0.0633516749420813,0.0302965273058621,0.194294651442537
407,116.980278696399,36.4986838211305,0.221531956119395,0.275952197063984,0.436351982085275,0.0451965025989147,0.269214544164306,0.141027225891568,0.0721720114952705,0.0407444912887479,0.0211517037667761,0.0112889538618336,0.0153026880853545,0.126229455016575
408,116.264966631308,36.6479078426259,0.307656489410711,0.0457692571323661,0.0853008956819019,0.052230741385664,0.0165464699401113,0.0416617884015359,0.101356161924165,0.0553827273972617,0.0250913591506147,0.012031591544973,0.0222364934574862,0.0106324550267911
409,116.084277523216,36.2121437063673,0.397794635073173,0.203398163365421,0.164491574884802,0.0232697028963814,0.0729080448245716,0.22699708142028,0.0483537461306845,0.0220166294883934,0.0300545998836533,0.0124324713351704,0.0379144810046308,0.167209716650552
410,116.385907175718,36.7306917130714,0.401715825646055,0.076750556796785,0.0461131200282613,0.110062969345559,0.0506484311651652,0.0443323808347247,0.0684620944904097,0.0830387910306747,0.0389179331181071,0.00719112664057853,0.0516162814780019,0.0383331452550296
411,116.124895827146,36.379326507356,0.404573292455055,0.186201605358817,0.165484863523035,0.00563859839004843,0.150427459482959,0.212628203005053,0.0169562032306179,0.06104176213234,0.0399882299426322,0.0215532833266482,0.026950064643242,0.201446292911396
412,116.581554221688,36.5084194957511,0.197083142835431,0.274610431107776,0.0291171184997976,0.120897778089709,0.0653441936508965,0.0372162922756492,0.0328640744479918,0.0139497890577683,0.000738405143228871,0.00691504565909962,0.01545233906928,0.061125341011194
413,116.240149608115,36.136521706148,0.422471669354619,0.200259385716995,0.211945299032729,0.0463522813572194,0.0429780072741766,0.273837155279099,0.104044433545572,0.0386714794742098,0.0440136729966185,0.01583771681885,0.0147869818194719,0.0599843604075387
414,116.72188788862,36.175313191954,0.260939536661154,0.255949896725555,0.073377542699374,0.00658705212460231,0.129313929493942,0.051332100088953,0.305910268012202,0.151438430110705,0.0955850187724363,0.0304724805838416,0.0157439345517346,0.0175926812516634
415,116.145928690676,36.1501047327882,0.416806739457517,0.223815175513018,0.181310112541108,0.0410289205210428,0.0426562482891063,0.250621211741483,0.104327004638843,0.0380890448887063,0.037817499902964,0.0180303335390195,0.0278654219588443,0.144992869558374
416,116.1528387703,36.7515986149432,0.305843148733364,0.0793848544644479,0.0889297733192853,0.054097801001706,0.00947234332665092,0.133179421997156,0.210337706615657,0.0629636705366844,0.0310764952119243,0.0224835902106125,0.0574893208118443,0.0128795147071271
417,116.259222670225,36.0999705593102,0.454691171226292,0.228819368610069,0.231770833502887,0.0541095808297292,0.0355044627912827,0.249705632438345,0.106588187441509,0.0301892798196358,0.0423182180199457,0.0270554763199752,0.0146654595264644,0.0499566278333146
418,116.777886260068,36.2412630959647,0.279984509042482,0.252336274384661,0.156267781562971,0.00779881073032451,0.0561528507313381,0.0465265161145689,0.286988206028755,0.13511730536792,0.0556350591770188,0.0207717189707028,0.0195130378498162,0.0386750344813637
419,116.426466299687,36.7186328732874,0.418272920246646,0.0832413726651038,0.0110715848662277,0.159797313950577,0.0769442064399521,0.0469314477844058,0.0794949634399056,0.0951710787823372,0.0197550240431195,0.0106638585963711,0.07630371022203,0.03229805976033
420,116.060048336163,36.2690364673734,0.387075807997112,0.254581804760488,0.156381566533742,0.00716605541978843,0.195155380348535,0.210036705438843,0.029829296171981,0.0184991010240269,0.0248338022558484,0.0212111849170886,0.028431800506276,0.185106814540559
421,116.114832537016,36.780811877246,0.340384159731158,0.0777248580325947,0.0758533155665577,0.0443708668624685,0.00526975991695922,0.16340551072356,0.249969933742314,0.0660840572599213,0.0130860122919251,0.029152077654701,0.0773427803673225,0.0129618924424988
422,116.482756897341,36.0354809223907,0.433134027765681,0.247061167170771,0.0293516674374206,0.135393012056331,0.0960905830045401,0.0268088096779447,0.204014911991893,0.0930835384603554,0.0241805487349203,0.0065288788865504,0.00367401710138482,0.00296244814530977
423,116.97917358391,36.3058411590289,0.363344296547888,0.604674400638971,0.361777526979862,0.0111678968601366,0.166335229309974,0.147725748354696,0.295261556406901,0.160737777141971,0.0572861203880936,0.0613528208966628,0.0507106389158225,0.120746239415821
424,116.811516786925,36.2786364859203,0.270417072120779,0.283211047741609,0.225137305427606,0.0132657943851515,0.047064432237139,0.037899181346864,0.301740168634177,0.13232513161617,0.0434518439485421,0.0290541633022858,0.0329985803094797,0.0569945781594446
425,116.542912817094,36.1165083168307,0.346661637157913,0.244535353516166,0.040575852727414,0.0853320170134425,0.134285603630798,0.0225371170642023,0.237701729115366,0.0721246939187112,0.0168879679735999,0.00499090489624932,0.00778222623263147,0.00896689765425884
426,116.072367087007,36.3364510364598,0.411955323408847,0.316226510333542,0.173951452250006,0.00737813325538705,0.226260974213316,0.227616166384095,0.0205904832098592,0.0352547105503465,0.0288999782630327,0.0111740427140745,0.0251717348887408,0.206297708519523
427,116.466485246085,36.4184690660331,0.207074767549567,0.185744888924382,0.0136704470117315,0.0251104391267668,0.0375449570828016,0.123609159803323,0.0259260288587138,0.0202814717229775,0.00781563778845429,0.0026475896220588,0.020884998038221,0.00921747074379231
428,116.339905645931,36.0419473699992,0.478457251233681,0.182696741731944,0.151843944525695,0.0803432315953304,0.0358625471003939,0.199656812391871,0.0912558833401217,0.024654550870847,0.00719565850897941,0.0393084988464831,0.0117853173067466,0.0155165443590026
429,116.689918605145,36.8887645793147,0.208964497500165,0.00990450935493992,0.0982014452647109,0.205409689820976,0.378520159186671,0.194194929345315,0.0591318895156825,0.0837396028087473,0.0459078429814062,0.000325696461082492,0.0467924377084817,0.171264587966631
430,116.514157372061,36.817607097351,0.43583304261614,0.0279213367897879,0.0329875430684631,0.24975501051742,0.235177575604437,0.100176598570055,0.0762785994514608,0.153779998172984,0.0451718711793349,0.00127548934362209,0.0530884352344634,0.083256723764652
431,116.514923015609,36.8814511320088,0.411399366291497,0.0543316121666805,0.0349510257992018,0.272154916252345,0.374114311676061,0.107616630746313,0.0396445733134446,0.234133510229576,0.0843042193568061,0.00103973716958006,0.0371200554141273,0.0597047662844215
432,116.545514354017,36.153424992389,0.308742826058681,0.25120052764359,0.0226608380113302,0.0660532799701415,0.139120572776374,0.0245032494729994,0.216261304693376,0.0788755467743869,0.0243903672566405,0.00218693206729315,0.00746700087504193,0.00987251439736969
433,116.447457330069,36.0384609366534,0.438437592857052,0.237287383853637,0.0268161269815594,0.103467795326076,0.0787063805618915,0.0292043821863216,0.191215873648844,0.0714980295140701,0.0212969015558846,0.00133824109765468,0.00370489205445923,0.00344018726618744
434,116.083884840365,36.1285491275601,0.444019470066438,0.163784880410115,0.184061835978918,0.0377096255667283,0.0481081050031159,0.306855619643974,0.132560819719993,0.0365507518755325,0.0330177535528103,0.0193341485037735,0.0431545480181086,0.194559743039738
435,116.930133691756,36.3245227573905,0.330342918263529,0.503172695177943,0.332672807989219,0.0177395258504135,0.109527561828895,0.115924400790402,0.311542770461366,0.148683357752073,0.0460110911781587,0.0520743148708995,0.0429100206305925,0.108106919026832
436,116.016448186245,36.4899784946814,0.364566976648505,0.0322371860294187,0.111709321170145,0.00492886484099209,0.00727866327171434,0.0481765092278487,0.0264753808754312,0.0320795818221679,0.00680658680001311,0.0168619178703113,0.0612443382569983,0.0377368212760399
437,116.414092399413,36.8436569566838,0.449668209225289,0.0780189896877532,0.0547555302155879,0.187585716326793,0.121783350512391,0.0847918035621472,0.0855314281707813,0.151206446052241,0.0257348263105391,0.00823693427158678,0.0451679835027553,0.0400603655062821
438,116.22697609337,36.5719939792994,0.231948004572324,0.033598170880333,0.0789018340765819,0.0157974953940385,0.00693187595651057,0.0533704219398689,0.0950134235897839,0.0242935973598413,0.00845056042217818,0.0171330786467982,0.0301877958469682,0.0033958600851014
439,116.099640587345,36.436271878425,0.34476590036169,0.0963000259602138,0.121328776296748,0.00113977009778077,0.0797155010764992,0.144592157627488,0.0197279146015751,0.0472928878155507,0.0197764210009402,0.0157488265360168,0.0239205821785662,0.105667452089152
440,116.482923875097,36.0773066047579,0.391836958633293,0.201467346383417,0.0209526351376081,0.114077088392062,0.0933093821693388,0.0205911957029963,0.215115917883137,0.0714282201751313,0.0210858372999156,0.00288268503637912,0.011613168509807,0.0133226112545718
441,116.650128671434,36.8504218683578,0.310799014374862,0.0143581199102648,0.0844394732799486,0.220959530435602,0.340243648112351,0.129060261697355,0.0576751829767655,0.12093872768736,0.030004000704055,0.00186103526388726,0.06956604344817,0.149097489108768
442,116.921329778386,36.3120423946297,0.323618812507983,0.495299394002526,0.331527247769942,0.0170724971181373,0.110175568292588,0.110069641414277,0.285647213697367,0.169758877728484,0.0494347538236027,0.0508863023025032,0.04614122874858,0.104809602937412
443,116.362601807108,36.3324116009753,0.341185622359953,0.156475501094501,0.116369790135641,0.0130791770619698,0.0355457717502302,0.180706958243521,0.0330132718907733,0.0215390717318648,0.0153347112569344,0.0030801903374893,0.0113151393032522,0.0517446320912568
444,116.855134990066,36.5617338686949,0.152707706631598,0.220790072806862,0.329063871136452,0.0440504134277285,0.188643016475435,0.120026024984231,0.0389512530378002,0.0158681795133809,0.0243975732241503,0.0041481241407233,0.0149931096980921,0.128624312945172
445,116.300906151533,36.6546652428573,0.334102513741287,0.0529724617989106,0.0933895426661342,0.059308371210436,0.0190875959443023,0.0333452943924529,0.0770599138456532,0.0645311638164254,0.022368255100375,0.0141716374941946,0.0312001188132115,0.0160382163646572
446,116.465662425151,36.1781352980761,0.336182911393592,0.201890512847409,0.0224392395909205,0.0508004077720255,0.0990438586257052,0.037982560010397,0.149043193373486,0.0515464945936486,0.018244237791387,0.000512537767787258,0.00396646870890183,0.00526113181657695
447,116.142730664928,36.5298436800716,0.261995737937396,0.0285090246636099,0.0651463071334004,0.00808968340990746,0.0059495532603262,0.0460470107577767,0.042839554559615,0.0196706477365926,0.000269268838558823,0.0242557104854747,0.0594840350776693,0.0172841041220255
448,116.80771899363,36.7586074502673,0.0438819586895728,0.115882748386123,0.303160489358476,0.118660671392351,0.23276930466292,0.314818596439947,0.0193418275578849,0.0589747702355505,0.0756152156437677,0.00528670614421312,0.0109591977789852,0.220090694968178
449,116.665807631798,36.8994411290623,0.222280727116293,0.0111990452997038,0.0905919304764681,0.218203741248414,0.38772120694086,0.154380102951697,0.071194899159194,0.101105628871345,0.0457301748759873,0.0016736662939425,0.0586725146595571,0.149341179484793
450,116.061940979911,36.0102944244398,0.429833808779909,0.202758748952346,0.220667288965115,0.0692892116735566,0.0945959304581172,0.349056645477856,0.136167594516322,0.0541477124541437,0.041667601140575,0.0412064791167617,0.0585688882433111,0.21946694935419
451,116.430925568333,36.7391986650182,0.436162551875212,0.0815669221628423,0.0120252323912181,0.158621398979618,0.081790257311909,0.044158059743884,0.0759878193432787,0.0965826534354,0.0154965517470728,0.00656788634674199,0.0682795911463009,0.0352427658029937
452,116.396855081432,36.1850614438299,0.378763456054323,0.154543790317759,0.074742753717581,0.0556176392069847,0.0596573303123781,0.111354702465264,0.100174471654045,0.0354299199365005,0.00883104813497271,0.0227015886676251,0.00572105776926357,0.0126660529013581
453,116.696956751402,36.1024243660737,0.286036409325077,0.266118192741792,0.032912326758976,0.0217416610730926,0.161349961137546,0.0663220730647093,0.335404755129678,0.133881041446033,0.10141773098757,0.0379077574289122,0.0206327136548787,0.00406599288261311
454,116.659319650615,36.6192770972382,0.197051385585968,0.160710976088932,0.0401151554048375,0.13606825453168,0.0626108296024558,0.133776780662335,0.0915125076908155,0.0692031145983977,0.00750625103247871,0.00788248476407372,0.0188844494398949,0.120537767020949
455,116.407350709662,36.2456651874818,0.330698193003661,0.168062830048005,0.0627581470536293,0.0352439048523994,0.0714075612374787,0.122558298206239,0.0747036447992224,0.030431742957991,0.00424153988787657,0.0114314246508167,0.00759400950372702,0.00680882760318524
456,116.306920220377,36.7408528912347,0.385564819550424,0.0598215775435293,0.123519810480632,0.0964048687617973,0.0252822352615412,0.046027368214573,0.0928756754224253,0.0846750522061204,0.0630768555425797,0.00769351288420439,0.0393189582818699,0.0227630346982243
457,116.25510734506,36.5799567619571,0.266230249011028,0.0453716857153375,0.084367807895663,0.0244271474827105,0.0155415870600253,0.0525356262414757,0.0815213253878523,0.0313295900388618,0.0143823460693547,0.0160048181737216,0.0317529121692447,0.00492034561647103
458,116.672568153357,36.4751120528206,0.214172576999541,0.281252668519048,0.0718367646996472,0.071048606300998,0.0931617847758128,0.046466146214331,0.0316559539884509,0.014146605055228,0.00343052518468057,0.00424461263376796,0.00369913480131112,0.0670649074498793
459,116.894393433584,36.0257858712925,0.159337199637121,0.408883831752791,0.264255565500181,0.00113223926512074,0.284938371163419,0.17654945084323,0.340642207690225,0.169778898089383,0.170383914169343,0.0162113484369452,0.0527029088859008,0.0329207120808795
460,116.845736156218,36.2584530353313,0.257102895036634,0.312322520447239,0.227863732557499,0.014462455610991,0.0605233900637423,0.0558228641937897,0.287679985452468,0.168544736703017,0.0531319094569344,0.025173100029387,0.0328084082794723,0.0617224131560988
461,116.392901856918,36.0320251756115,0.473695664944029,0.206041656731354,0.0957140885368553,0.11828819666995,0.0464455192289601,0.100851342487662,0.157648706725887,0.0297305382755249,0.0065472328469266,0.0194360415509955,0.0144080708864874,0.00419095482628906
462,116.079050539993,36.8080811582739,0.379724277430572,0.0461222293950512,0.101269760373924,0.0730582105919537,0.00694133406539299,0.153610538210258,0.217958064071226,0.0166131062402064,0.00654689909670525,0.0147711740126593,0.0655800790206738,0.0206357320070027
463,116.828423056984,36.1178720428376,0.242311786934938,0.318230269074048,0.184397657385618,0.00417041033868337,0.181286709958307,0.114700448157127,0.273763572066931,0.182709975381649,0.15032629723812,0.0208682579362447,0.0304279307534073,0.0533299914188792
464,116.072891824879,36.0462996799266,0.435667520514285,0.201597141775428,0.229013861180312,0.0654936743371983,0.0507932052709394,0.342453562381421,0.143617950468568,0.026458680539982,0.0263661310493258,0.0541423074164258,0.046835941973863,0.199084379242983
465,116.114762677578,36.327551870537,0.39147924284284,0.232717024420461,0.143183585473943,0.00959906512081488,0.139326762245396,0.21584219316698,0.0125580553255199,0.0264610010257331,0.0274564453057482,0.0133960557434807,0.0203207565201282,0.172430068700501
466,116.639984270092,36.6259327047039,0.198584415841735,0.143034852094803,0.0306770080454325,0.164895901184535,0.0605286455444917,0.147161338729898,0.097598287406639,0.0773897197437909,0.00582185374725719,0.00704012766206308,0.0332605698437979,0.121234574889127
467,116.320566200186,36.8030782182002,0.378384220907257,0.0944029760242074,0.136744474957162,0.118929128330725,0.0329877834719164,0.0794082899324208,0.111735232804745,0.0884886105939566,0.0550538212680556,0.00595391820767877,0.0613570466624294,0.0287627857234259
468,116.188749526162,36.2198485755594,0.409083005048414,0.165120042907723,0.151743266956594,0.0302121722803147,0.0495921142259701,0.2491040213191,0.0642423844115915,0.0138623145989965,0.0266628800481472,0.0143714223078433,0.0283291119569501,0.128774967950715
469,116.393829641165,36.3527697572485,0.33090247753229,0.150691360975203,0.102016192462552,0.00833290299233569,0.0406140110486889,0.177664434722906,0.0312823984888165,0.0136101199330223,0.0088658202727161,0.00540096640740195,0.00943855926386306,0.0342829921883918
470,116.862026015995,36.5581394165056,0.156193177543457,0.228439746824629,0.350379222393284,0.0402299946618838,0.195441597590849,0.114173107219765,0.0426860839343324,0.0163377753270798,0.0193133604471387,0.00578903785557139,0.0152795473085511,0.126005313133007
471,116.347911406541,36.5080472795293,0.293980332955558,0.0737772770033023,0.053250668315215,0.0318235029006684,0.00404484836455132,0.0895260595398175,0.0239466976972038,0.0158158399428996,0.00213361087151553,0.0086926850212451,0.0331320280404555,0.0189416646408846
472,116.001433898462,36.0372614140157,0.405842541448707,0.237170261537432,0.202723294187585,0.0218007212631697,0.159576040851138,0.301517835268318,0.126954493351536,0.0630205536100592,0.0470465869963915,0.0430941319729754,0.0824789511770482,0.201352600493202
473,116.911284453701,36.426819137251,0.298572148081602,0.345788923100398,0.395064346287821,0.0312865220151946,0.137040874977588,0.117084874508063,0.148623642291795,0.130768660725967,0.0482474567524622,0.0265875269933296,0.0260169487262564,0.0864364823314636
474,116.951723448932,36.8542847101344,0.0207790373011559,0.0831159953609362,0.496133890742277,0.0995754224736956,0.291071310350771,0.214935561367656,0.0723470753206125,0.0795216761646867,0.0178957047753043,0.0449910589200812,0.0553556281776741,0.134764299131556
475,116.490918983007,36.2162982105045,0.294214840704654,0.243002529203139,0.00612393072669692,0.0373914103635088,0.119735870275135,0.0370787680910825,0.162728103121353,0.0611259844116713,0.0123102061906963,0.000344963281033839,0.00486989361124213,0.0120299874816152
476,116.463651715312,36.6103275319794,0.320381954797177,0.116444140053535,0.0236629678314659,0.167265312245748,0.0565633833276953,0.0150528897735798,0.0582207067826989,0.0662794974094878,0.00230708021310488,0.0145087097577598,0.0885323954953336,0.0442383930339011
477,116.596472046804,36.822088965727,0.380134524260649,0.0190299710181059,0.053788064402387,0.275770977508252,0.275674543819484,0.100528479742639,0.0885129918879555,0.166398283568848,0.0498362441587499,0.00793923530882068,0.0778920546698348,0.0946479661151279
478,116.906050957274,36.0410233735107,0.15976595525543,0.409908368533706,0.25979445963719,0.0040441731652654,0.306260986965009,0.182651192455442,0.330139278266848,0.18502383401368,0.169614440518796,0.0129095845630739,0.0484994688222324,0.0282801791261437
479,116.173001179006,36.1227844181238,0.444629721125792,0.219746780627636,0.206023935811701,0.0449939093903384,0.0271060847692651,0.251359923577528,0.153332527380522,0.0423816808542392,0.0536445768316023,0.0277139370366779,0.0112883963273698,0.123743840405
480,116.785881076707,36.0903188097524,0.24398967068339,0.302451235118021,0.114111496167411,0.0039759338376586,0.182159096743968,0.107056990410026,0.297509766333795,0.145368720099365,0.166194153967708,0.0262941297041541,0.0401276673215455,0.0324987223421507
481,116.232934384607,36.3686891534831,0.381766969340715,0.119302676065792,0.123892934683286,0.013882926962589,0.0309655882470028,0.209117250187489,0.00840460169369495,0.0221696007553612,0.0205149220063352,0.0122696604017801,0.0307332748023776,0.117366722517872
482,116.57704820903,36.8729530606885,0.413663876427322,0.0573566336268249,0.0466044609909497,0.261067529479691,0.393968860176637,0.0816367540565227,0.0402503101963352,0.178252516604816,0.075150606838216,0.000249714053285666,0.0573970470165153,0.11084498838291
483,116.840877033304,36.3275861860486,0.291257058721039,0.321093493343923,0.239088651865669,0.0118627604185221,0.0442295555679965,0.0325523006033019,0.288558387530346,0.133997243402571,0.0345966950092242,0.0272077097627275,0.036603098332225,0.0680223900447002
484,116.132203776855,36.6524112721905,0.238779835820825,0.0390240015824233,0.0514974619691706,0.0348606114625353,0.00391339451169881,0.0377736837428281,0.163070888069431,0.03625951543421,0.0180174047113968,0.012633315251929,0.0079051245695464,0.0147278388907102
485,116.895891189575,36.6324133927468,0.0360774123292925,0.194175609862465,0.368538030976007,0.0749977255425099,0.186634605270052,0.224243036295621,0.0154591972112597,0.0263312227770451,0.060603906391681,0.00418151333952754,0.0240095065359626,0.175969581199966
486,116.450137341162,36.0223331401125,0.465623044347618,0.235321992850832,0.02917760043843,0.12041134742455,0.0792141992695219,0.0348199658884212,0.196146043878821,0.0720557650286439,0.0205757188196303,0.00176350066363995,0.00982409788141303,0.00445049306911494
487,116.894142537843,36.8513986863429,0.0082396590270295,0.0566850096416613,0.486200505389638,0.124158410129822,0.290361148037014,0.219872892252995,0.0529281320618259,0.00824308932261542,0.0582298016455335,0.0124357768189468,0.0709435938039983,0.252919905229644
488,116.248545180541,36.4801423581317,0.274108628841964,0.0615008165599165,0.0793168823295655,0.00508414095605858,0.0314011935641201,0.10484192044338,0.0257009769063844,0.0221959512795435,0.00228388600883656,0.0073508075200146,0.0477648602901566,0.0508886484515997
489,116.083695293637,36.6266782494262,0.211908337744055,0.0255557270156481,0.0453747375066287,0.0153763424338426,0.00335576465895482,0.026981474718682,0.096911753779982,0.0257197506489786,0.0162909685137299,0.011567310411479,0.010327861206051,0.0112920598302433
490,116.048641074682,36.040731752431,0.407871393767462,0.20833008859976,0.227886920906409,0.0461889804933847,0.0855796857729875,0.349008716512428,0.139668525801885,0.0394062383524155,0.0329621066144192,0.0432996851080275,0.0600663023046303,0.198656711609726
491,116.979815867031,36.8249142860994,0.0281467837963094,0.0743531959569446,0.486200655850087,0.107055452370564,0.262335380034153,0.200104099402493,0.0651392760661937,0.0725599959879517,0.0205005622626795,0.0167558193790532,0.0713983682977805,0.159549307237634
492,116.484167741146,36.0295597988879,0.416724283180036,0.265457744336433,0.0255216955471295,0.144559251577082,0.0983989201224488,0.0285447483163617,0.212572084919749,0.0993364005920664,0.0259366570296726,0.00646488211618135,0.0075090432641467,0.00455233747512973
493,116.845393033931,36.6995675168233,0.0442291444691446,0.160196865792618,0.330695062931174,0.0884856389966133,0.18616248932074,0.278382574065369,0.0296888862082976,0.0477133283905724,0.0559084740951828,0.00600083590279321,0.0143760244918665,0.195503749140148
494,116.416293604532,36.4735275981948,0.254904639171072,0.145015878414061,0.016360284667604,0.0410057841946757,0.0111279381041944,0.0943184653574692,0.00900138340876289,0.031590416616511,0.00651052868793167,0.00382364498068799,0.0370093229397804,0.0222604889228349
495,116.489342542831,36.2395096952794,0.279228297238021,0.245883406945296,0.00466402745392325,0.0225935199206029,0.128848510274712,0.0482162415506924,0.145628958859386,0.0464779511026719,0.0072931755056338,0.000501519304660025,0.00315185444853316,0.014276177266806
496,116.183287817519,36.4544424713356,0.322744426165662,0.0547015752708496,0.100346083218657,0.00213623506193705,0.0602770033419486,0.10994878621785,0.0137487484300644,0.0309027178837523,0.00768809452234009,0.0101784524190741,0.0233659449035549,0.0844655205065075
497,116.759161467897,36.4792457304429,0.220656938197936,0.25136194460025,0.179076309766073,0.0577887538800823,0.141076889328023,0.0553145456645423,0.0466365911135433,0.0218420157115642,0.0116954816061993,0.00192628953627227,0.00475213161646781,0.0935162837370013
498,116.305143302539,36.0781832128996,0.454738752014295,0.222014741748123,0.184199995647009,0.0702784874610689,0.0360326211650331,0.184576982375381,0.103950834497412,0.0395351624027883,0.0121321448798364,0.0425884202780938,0.0157179233147947,0.022336948763452
499,116.165678247111,36.8240412867861,0.356930056287935,0.116439874526545,0.103483467490074,0.092891204060136,0.00610382605446191,0.195955823003593,0.213709240965577,0.0842009623625724,0.0571852607564859,0.0136929559288286,0.0698007983049233,0.00416092580944949
500,116.032809142955,36.5076074362267,0.347565508168474,0.0250675408999768,0.0906238069498692,0.00159478903257793,0.012195779087369,0.041515668030633,0.0299457458344335,0.0419270105415261,0.00837849230583043,0.00807711627473007,0.0437609651176709,0.0225922405490246
501,116.136505208211,36.0533074735897,0.448436913629487,0.182149522928633,0.213077582932342,0.0561717542001843,0.0386615721801832,0.326441072405892,0.151797154350669,0.0344954371498866,0.0379060132866054,0.0690537337340799,0.0337347089542527,0.161220787629286
502,116.177136411425,36.6054531248286,0.245870493204128,0.0303216245737923,0.0546307876161294,0.0185227929980537,0.00326804290818306,0.0507296896294148,0.113063133613539,0.0289821468275788,0.00599430738711004,0.0195809803674303,0.0196264387391375,0.00638856632827434
503,116.519560450455,36.5645904099802,0.225022931587632,0.160910410332264,0.0221551215776657,0.157734570752583,0.0504982852273292,0.040024857631761,0.0420125271442267,0.081749241249911,0.00166678080902527,0.00502168477799958,0.0429305294490919,0.065326709514432
504,116.811120785074,36.0655698779505,0.225991819496081,0.342077865064474,0.170032978405648,0.00332857519434882,0.217970695653891,0.122055835160423,0.286768373027389,0.185803487834105,0.14023695481996,0.0259961417288234,0.0354695292174615,0.0267585174099657
505,116.115362012526,36.3939345487626,0.387617267553345,0.184505685187928,0.148551891650076,0.0056183541441962,0.139337926490221,0.195510277873764,0.0238195952978385,0.0593802038327049,0.0412152517853809,0.013912868902745,0.0277209320424207,0.175041608304616
506,116.893421786604,36.5773866713745,0.122678721960717,0.218150146597577,0.37736432475101,0.0541829548057313,0.193205281308782,0.140701547572117,0.0309943570711533,0.022642869867166,0.0296855490580439,0.00593974077904424,0.0165100498302421,0.141402351687154
507,116.575352881104,36.7289725384209,0.364199796599307,0.0397700094347541,0.034836450456521,0.234150531746465,0.128932078502711,0.0761131320317366,0.101877514178111,0.133687407683313,0.0315770535321928,0.0029863278241915,0.0766869236111021,0.106352696456843
508,116.146572394297,36.3525776748313,0.404284012157955,0.167558141571935,0.14151482646109,0.00493950933669607,0.0850238774137222,0.211466592468577,0.00340106669483198,0.0404207685445468,0.0308695151269255,0.016012234268573,0.0200972341755852,0.155642458364799
509,116.902805796359,36.6960805254523,0.0367548399875965,0.155683004268388,0.381831924967812,0.086354328381322,0.232731825184397,0.294855667470158,0.0240393311978624,0.0321714171502359,0.0469966702259079,0.00605067447710239,0.024349940454626,0.196400953482515
510,116.253002469428,36.7860556126339,0.36478547415403,0.0946869353445612,0.142737463576878,0.0998191370741105,0.0174337980204424,0.0948597290020967,0.126803041490874,0.0807297112972489,0.0705215700066192,0.0126183171767936,0.0821332815216262,0.0163926307089374
511,116.150597600266,36.5564818048384,0.244317582292543,0.0220994652442775,0.0540218151429144,0.0119686595875956,0.00477248716375489,0.0337611732750595,0.0612848605922122,0.0206170044027901,0.00434039056402014,0.0182564026540877,0.036332596723145,0.00939140088929613
512,116.768547159852,36.3219607656123,0.269497049595861,0.25196780126367,0.205764797079544,0.0192224273666316,0.028177304205793,0.0303764529401603,0.280889513265609,0.118640808832919,0.0392586288994291,0.0261409331485499,0.0240527937222682,0.0573556257528521
513,116.230123331072,36.8390310130315,0.365466066648973,0.140405735335089,0.136582887612746,0.098229500006471,0.0231826202529144,0.16530398276146,0.141381474027195,0.0977912895309717,0.0963155007343909,0.00872363605337168,0.0850917425444961,0.0108161321147986
514,116.305399328005,36.6702563664643,0.342504781110721,0.0572542751342389,0.0819667814799275,0.0738789729925315,0.0224000015131692,0.0284613746883019,0.0821582450786862,0.0701340966750005,0.0273496115337579,0.0169683678895266,0.0358197220243366,0.0186887924419369
515,116.518569612177,36.0572111924412,0.391293176162983,0.24378139194789,0.0278729531499392,0.147828805270539,0.118863285563833,0.0297830040254313,0.225342676693365,0.105164145055618,0.0258041110539597,0.00677867011938837,0.00377577328115131,0.00952241228178241
516,116.334599666763,36.0973831569543,0.439444688988892,0.184122351886282,0.136275168823697,0.0704592006592972,0.0444644032608312,0.149420967584595,0.101691089937396,0.0355784549405339,0.00742786197695022,0.0361748338416026,0.0153731007061705,0.0171774600249781
517,116.154434968252,36.736900102417,0.300840376879848,0.0560648821705199,0.0775021556967291,0.0443290770473,0.0129414181511581,0.105158816541178,0.207308634087136,0.0616641530271029,0.0282213068340931,0.0204207566738096,0.0434065576636742,0.00901462081680815
518,116.26636956865,36.7137692442164,0.334084570968179,0.0691715549504414,0.103050103435849,0.0666917145541738,0.0145222577383659,0.0467330591783537,0.113548051919605,0.0744615073071979,0.0362496988774272,0.0144093781848645,0.0404392878118092,0.0170981928884496
519,116.350754616782,36.0513963326113,0.469160351842446,0.224678377148524,0.148580475168412,0.0797751756292908,0.039546696680883,0.187752579635705,0.0924026477058524,0.0283655078653477,0.00727736451998229,0.034225108312085,0.0142379187872047,0.014268217223809
520,116.57845837879,36.8168585558888,0.397032192476532,0.0271870228814566,0.0471221960581433,0.277070112758236,0.253568107390345,0.0896312701177793,0.0824860395043022,0.153701267769191,0.052106174993133,0.00196478227752284,0.0643051977254411,0.0820507295597623
521,116.80860179523,36.649474752252,0.0747752876778485,0.189036424722911,0.2990756520521,0.0794542527044493,0.129894211347195,0.215929723035451,0.0245481526748105,0.0241023205529687,0.0467450891122233,0.00795132996910797,0.0115257255702301,0.173624516512619
522,116.933270314941,36.8124362952076,0.0228783309275441,0.0886152727480153,0.526308824083642,0.136815944850912,0.28051231033326,0.205792825118364,0.0220194700048746,0.0245326952887591,0.0253691953399152,0.0147763984010649,0.0468479295459736,0.236546012867722
523,116.833863337524,36.4821428386727,0.25404968037736,0.253602971474064,0.267714767905905,0.0482582002546582,0.182188475182464,0.0793708877223409,0.0494998280276723,0.0303238903772346,0.0155245794877109,0.000461614565667179,0.00625728372442713,0.13672631795899
524,116.127002774505,36.3136854020879,0.399838912302305,0.191262751604491,0.133148239478671,0.0137735764746235,0.071955190082828,0.228402838865046,0.00901252689086962,0.0224845407642598,0.0228435446054561,0.0118611231924078,0.0280866417865347,0.157868070568788
525,116.649453951512,36.7499640398892,0.31339972324909,0.0356968095025302,0.055099985902,0.249682063866633,0.128816249907767,0.160231346378643,0.134135563923744,0.176344880238537,0.00559917306341329,0.00875849522944949,0.074983946686376,0.139358594682792
526,116.690351657569,36.7112960920203,0.190602953008698,0.0979675892404872,0.0879281990669142,0.186251536629458,0.0872290195909832,0.180652564112289,0.0935728990544757,0.0971327739420891,0.00697009940642679,0.0111874044982447,0.0327517243958007,0.128978577404354
527,116.032044824446,36.4782681543147,0.364845475558476,0.032411929528251,0.099855763316279,0.00524393990663752,0.00667348337543305,0.0531833345561153,0.0194666562347747,0.0221369408389963,0.0039215250064254,0.0122349036835776,0.05462764191178,0.041236233351052
528,116.920489149867,36.7008470753208,0.0367548399875965,0.155683004268388,0.381831924967812,0.086354328381322,0.232731825184397,0.294855667470158,0.0240393311978624,0.0321714171502359,0.0469966702259079,0.00605067447710239,0.024349940454626,0.196400953482515
529,116.478468887042,36.0525230519241,0.404716340904132,0.238480544871227,0.0242503879971647,0.122253428797354,0.0931773859278043,0.0262571434562446,0.201073195214778,0.0790443216817965,0.0219762882964304,0.00664050062759713,0.0114718483380191,0.0123988042789313
530,116.266520578414,36.4122993836878,0.357107676289484,0.104489360078719,0.121216239729606,0.00182937626697921,0.0465542659344512,0.142352739537686,0.000198988426681312,0.0229349225771376,0.0101846167131373,0.00647878782483235,0.0179126433486476,0.0865448886683857
531,116.856510716258,36.0200979363173,0.14813875211361,0.406924166729182,0.306811355313859,0.00423444699163866,0.266749808423437,0.148776936313847,0.318431078371161,0.164461470484551,0.164707448051324,0.036898439047654,0.0637588574245354,0.0461939073048406
532,116.229146477766,36.6659002004424,0.278698915630351,0.0523049059469117,0.0677881706579673,0.047280798219278,0.00730499434533505,0.0626955227020407,0.143183368960097,0.0606280042016412,0.0258245141146197,0.0137359807585643,0.0153824156008536,0.00904472569250481
533,116.791946873302,36.6351633769926,0.104610769167155,0.189192527238019,0.230064365294071,0.0977561142763748,0.115092247097728,0.194124954243337,0.0212015865095061,0.0321720423917295,0.049800696287348,0.00432216818575182,0.0139926530177253,0.163062935716488
534,116.646774860332,36.005136002996,0.362916852851366,0.282623489133954,0.0289978442150864,0.0925516580695294,0.149986228010127,0.0458076265213622,0.366689755612411,0.155737278470204,0.0759859088792063,0.0596308510199272,0.0173510011689612,0.0406112916428274
535,116.424334690673,36.4236778981285,0.241297793844204,0.144150041713618,0.0320776025667623,0.0215962696652414,0.0273985837871809,0.134936365931373,0.0163619318192082,0.0228223560960837,0.00292429826152452,0.00444696542909262,0.0247199123486103,0.0169931092201524
536,116.095068268012,36.5365553067299,0.284917383138135,0.0196141709067487,0.074972285308062,0.00661081748340453,0.01439139019227,0.0316253050825731,0.0291755189379274,0.0208977174892965,0.00794911952531185,0.0219436929687097,0.040743478532938,0.0139167394905044
537,116.003467703937,36.2555942332372,0.419751860703849,0.413825456031787,0.169123820666975,0.00712215318533038,0.380810465237233,0.248002038135899,0.0386758161290972,0.0500014897697054,0.0492907136200157,0.0159459816157332,0.0284292116263627,0.207737965818561
538,116.531133668963,36.0496973614907,0.395269993602992,0.248627473265156,0.028294680901047,0.159599741483767,0.117745101764994,0.0295250175567934,0.211746518745895,0.118416301726073,0.0290857529998946,0.00760083489939034,0.00508973734540685,0.0100055283167799
539,116.524307115935,36.340086861304,0.232200214340894,0.260761497190075,0.00449365655272282,0.0152560517358147,0.063202400889872,0.0529004512376746,0.0882452051256261,0.0359162573194298,0.00697960391119501,0.00044854786698334,0.0098530273654992,0.00976809979391746
540,116.213185554603,36.477201492805,0.286765762680304,0.0594870499350894,0.0814645955560661,0.00694156882840746,0.030227218371747,0.105323279129743,0.0230378457816802,0.0214114014649803,0.00206388469355601,0.0105996695627976,0.0362336525842296,0.071009135917405
541,116.716932079988,36.2258802624419,0.266653767792751,0.270154101834592,0.0818150664342161,0.00388756797413736,0.106151844989092,0.0517541459854626,0.29630124369229,0.151600797671654,0.0684644205976246,0.0307495457742365,0.0179474451481983,0.0166578153484225
542,116.9613435762,36.8496778432745,0.0180434465298096,0.0828647493811829,0.503538586208735,0.0982094689538134,0.299912749268079,0.212232598866838,0.0684002709573923,0.103260274947443,0.0217678266289315,0.0453638358792466,0.0442470433523784,0.140543222037078
543,116.518266599625,36.3937394438311,0.227194432091333,0.218624603130605,0.0079950215317719,0.0362132821186625,0.0370813926651177,0.0770320685334095,0.0473040938280096,0.0229571877903444,0.00558668581024413,0.00248237495947978,0.0283217163491479,0.00567477174133701
544,116.174528022297,36.6309601268498,0.266896214003955,0.0304717367337921,0.0532211377548814,0.0246192520857617,0.00473446752801154,0.0485637900755296,0.114006340447322,0.035313025823201,0.00851729008604107,0.0177336140586265,0.0187012489509847,0.0120811450093794
545,116.562540134881,36.1582631027559,0.294854457378307,0.267164174244642,0.0214347739524204,0.0580644953077456,0.147717398636317,0.0311154045202394,0.257805156928978,0.0873588458154269,0.0235872186631945,0.0027825417370565,0.00293873847354698,0.0117734887380289
546,116.759258169681,36.2177773404401,0.261552357636645,0.254027499522642,0.12872229428554,0.00502422435033345,0.0939120946045494,0.0535175342514468,0.28910149395748,0.155046467201385,0.0677379344055175,0.0356724217742554,0.0229571558188281,0.0294938330815036
547,116.666971337516,36.0213148646057,0.339230545753268,0.283322564441593,0.0223257538028172,0.0901379566876042,0.153471621710672,0.0483932284888425,0.378634542403391,0.132336178896947,0.107698277865773,0.0542905964251887,0.024181460745933,0.0312272143841816
548,116.224872923223,36.295893943822,0.391801404562872,0.157067697830471,0.136845421677742,0.023303605927001,0.0353344285053455,0.236474599665531,0.023724673047323,0.0163088917069814,0.0195513171746281,0.0107179624121433,0.0312724274745132,0.128436928165848
549,116.345849762438,36.371782282996,0.350334677904036,0.125617478924642,0.120435876435699,0.00769251723668452,0.0317786105122178,0.200680841856441,0.0209251501216207,0.0238757626932586,0.0110050322970124,0.00237470300154574,0.0203628609264306,0.0749971078125283
550,116.319831759902,36.0978791001253,0.441844844963834,0.198819116852838,0.167128435668098,0.0642458063288472,0.0391144772494045,0.170352506719674,0.0956073376148223,0.0262300038044228,0.0100421410304836,0.0472676886088546,0.0145443024301962,0.022550659775832
551,116.904898397624,36.7668470341712,0.00646199983860185,0.140255355560359,0.42851741057617,0.077520083542733,0.251741831329428,0.264076543915738,0.0244260267268378,0.0377072001519101,0.0512252843671537,0.000578772720326803,0.0262749634639763,0.278497757215362
552,116.199198380113,36.0081539447419,0.467850693082129,0.229687558182541,0.22244143870143,0.0743349743902323,0.022830964320357,0.360524081264624,0.164234016183746,0.0369362103979823,0.0367546001905005,0.08321279875767,0.0306635181551389,0.130471798773216
553,116.680963016581,36.8727871759096,0.230057688207527,0.0143869941881984,0.112606566327762,0.193469484391112,0.366164931675464,0.177623417131364,0.0587861481296129,0.0974113779846891,0.0348201559590796,0.00142418462702121,0.0455743451430649,0.166315946830246
554,116.137517758645,36.7241820230149,0.279659266457877,0.052143762015459,0.0675407032819988,0.0367321736666119,0.0141213570559536,0.101633409198825,0.198392609194022,0.0564275666858449,0.0312569506669689,0.0117026732300278,0.0398917771033114,0.00655749912322301
555,116.106994686881,36.4509357468691,0.322670298380182,0.0596882848376928,0.0923726737877361,0.000466879946192544,0.0362749388685267,0.110550309056606,0.0216162992313191,0.0283778726704751,0.0142108328858779,0.0135899229490253,0.033558043703473,0.0822654727158622
556,116.09285939578,36.8407612251816,0.423439504267426,0.073970546764759,0.120282265803903,0.0785660538849936,0.00976009214162199,0.229100738630144,0.283557107961161,0.0476435148028466,0.0154308667609629,0.0225924152189468,0.0751053191267606,0.0178032772745391
557,116.916448955191,36.4210670004599,0.317672936178567,0.374838948074201,0.392440882119265,0.0228611054646153,0.132019211613582,0.119634040764728,0.179942362160468,0.136064234304796,0.0539735156574939,0.0303029007765397,0.0253553249962917,0.097294465319683
558,116.277060435852,36.4598791162251,0.326361731684642,0.0832335322106189,0.101989004118102,0.00274941186928945,0.0326053810072495,0.11701389822749,0.00489682719317919,0.0150245391987954,0.00352737802319869,0.00626228655132599,0.0309132368395147,0.0566714833774883
559,116.8857938773,36.7489996170625,0.041952249301935,0.147464716879145,0.373626319742592,0.0975355415088479,0.249804111681301,0.307275799861028,0.0176469520536395,0.0631613624150558,0.0698701543266523,0.00434278575925329,0.0101999663041102,0.256253010597855
560,116.772864649538,36.1445846378803,0.248273265314292,0.272134918338225,0.0997370694479454,0.00272983112106695,0.14159368403769,0.0674758896516775,0.297353105797055,0.152504830698108,0.139259632046115,0.0270502946971707,0.0182197084590607,0.030279267900886
561,116.795051236171,36.4692253724439,0.254596593065069,0.241059594917387,0.233525915158622,0.0389793939154073,0.169270345824504,0.0692741814675916,0.0588376638861592,0.0367321001440766,0.0162179234889922,0.00105648830864602,0.00513068674369399,0.107544525761294
562,116.205673593096,36.3902100716718,0.38795933574197,0.145813927174753,0.127948115827786,0.00770264613254146,0.0647065831033148,0.199668204093037,0.00215450656370453,0.0385118529478677,0.0419835329049973,0.0127998039701277,0.0187417143397243,0.152193335884908
563,116.04819332296,36.2986362760188,0.38938048410403,0.388216640032367,0.162694503617599,0.00826445459380976,0.289813468295926,0.195087702759128,0.0338571794825945,0.020888776475368,0.0424534134053987,0.0143605083179668,0.0239380224475382,0.216563652504376
564,116.038815931184,36.4032213758212,0.419592622398792,0.153437382936159,0.174998504730088,0.00257388357691934,0.116071553235153,0.201997341621226,0.0334871694054557,0.061038734766546,0.0442714581928652,0.0213353583075609,0.0412129322435917,0.16337760324762
565,116.284574129852,36.0370506242383,0.477697097390409,0.162315857995795,0.2465426815787,0.0769456035988091,0.0285270450022188,0.298781895595915,0.139660564672302,0.0175832281607113,0.0230669958638675,0.0770152731010117,0.0187581722238589,0.0408935285498766
566,116.348809832474,36.2190276456764,0.399041030444325,0.160395034175205,0.110136620227518,0.0412967347430844,0.0488530039992154,0.175451746255307,0.0665193424464346,0.0215309854288881,0.0129145078101907,0.00743153767533034,0.015802027190794,0.0299223922856662
567,116.737453325419,36.0928526903037,0.245515489230259,0.276708477404992,0.0600831501258803,0.0086428813207956,0.166569502947066,0.0877427575646766,0.326070564251275,0.151432958525946,0.138026371196395,0.0413997106475427,0.0230829241145724,0.0132814599144087
568,116.251663581235,36.326817853027,0.409882113626123,0.150139202912113,0.139988522584469,0.018066971236636,0.0240774252033549,0.205518621106965,0.024795190294937,0.0134471343196996,0.0206647545416608,0.00829356546921745,0.0248744197367641,0.100558679704089
569,116.517437003087,36.5919678292936,0.247417802640253,0.140435734292727,0.0321824425610885,0.194456139945505,0.0605509417027443,0.0428704561631451,0.053999070534719,0.0864132797405092,0.00258302120964271,0.00162666810446066,0.0539853995766327,0.0662260227308922
570,116.759444722673,36.3825356914429,0.267681526071372,0.274240721100538,0.21000563310587,0.0189584069397511,0.0497056111496282,0.0312236103963048,0.191406435957818,0.0957179329768131,0.0207480039122206,0.0161606355120817,0.0110515046139779,0.0665600213990156
571,116.636084527941,36.0649733358063,0.319294934614043,0.25084952826867,0.0178579111770871,0.0703043288295653,0.13860996264176,0.0322287708241523,0.369094277201348,0.109264955161368,0.0890976750422743,0.0276908118603079,0.015205085889786,0.0379212220286744
572,116.203940685373,36.6184270723024,0.245591404677021,0.0414021429797626,0.0689540854037259,0.0253148362966374,0.00684084907264559,0.0610384618386179,0.108601166339252,0.0312222509835249,0.0124217365214789,0.0224697368199379,0.0248083871618017,0.0080374028902721
573,116.993045282084,36.7675074252533,0.0399011454654965,0.137104654108213,0.500737242826539,0.111718968253155,0.280282491381371,0.193190247678661,0.0347110366134583,0.0426174216817475,0.0213022027942413,0.0183102343905851,0.0273162646029796,0.187594031694612
574,116.000405043364,36.7804957975633,0.214541218138005,0.0350082274390927,0.0495992617389996,0.0415164671641389,0.0124135204382568,0.102648197094581,0.150692258637371,0.00679430560336336,0.0218998042789287,0.0201456641528195,0.0316371189938507,0.0071524480051689
575,116.206570025068,36.080173673504,0.469605525897117,0.172240231582636,0.235875209027959,0.0512650758358654,0.0246783098360789,0.293959853459463,0.144191543170872,0.0468459328249277,0.052893746043319,0.0509118673758533,0.0177702824266294,0.0859364608475948
576,116.63402809063,36.0117343019228,0.363622969406002,0.283090246780753,0.0273456829668954,0.0892775183900822,0.143932658624763,0.0392786210592622,0.360082331579555,0.135799575637698,0.079625835169886,0.0515863700848981,0.0112946214135913,0.0376596718123098
577,116.017291825265,36.3809304631082,0.444212381770141,0.235929228887416,0.17597232670337,0.00216385993217005,0.1927047013971,0.204994626659384,0.0257287089555402,0.0700804989400883,0.0558052694192968,0.019307620624749,0.0602656750001587,0.186604193657808
578,116.026735471329,36.8759326055646,0.36069572685312,0.0337491077334582,0.0716407602616724,0.0561316414966098,0.0309627437929693,0.216130789885544,0.242623591869972,0.0425553347905363,0.00895282663943775,0.0136393750408398,0.0322974064567064,0.00772362309879782
579,116.607840595068,36.4491612788988,0.220933490535864,0.262628429292615,0.032749764662629,0.0728314618459338,0.0534011533063733,0.0179644740245922,0.0379226772747627,0.0119708974958757,0.00781267091691162,0.0038021037419026,0.0129894481988374,0.048030640143595
580,116.570541352732,36.8951873440063,0.423250875938831,0.0897655932464142,0.0396287918392202,0.280175424605014,0.408841234126068,0.0845088536086538,0.0343860525155625,0.186691295722367,0.0809721081340831,0.000721464372687608,0.0481522186152,0.107547821622535
581,116.245853347937,36.4453936396167,0.346453971984821,0.0730505413678826,0.104707178148868,0.00189515674658525,0.0473560710537418,0.120472743141878,0.00417210064214979,0.0175522221392826,0.00315498082375198,0.010767059030563,0.0178524664588984,0.0784964982589691
582,116.919525086414,36.1107320412062,0.227343820221132,0.41331536412286,0.255572607927443,0.00710409485025854,0.277985742995956,0.171041920317404,0.31799623492588,0.218947488080339,0.163742446105014,0.0365407681111731,0.0384670589446623,0.0592124393843212
583,116.672216201667,36.5043471853947,0.219987757677439,0.233569504165009,0.0538725079163496,0.101476710705857,0.0922830831839391,0.0662514855003911,0.0283728529158642,0.0163712944764203,0.00443152124810675,0.00664683652991904,0.00552233043623462,0.0697560404793479
584,116.645450439304,36.2153632741654,0.243458860602081,0.245397233393651,0.0349948324958307,0.0147062726536321,0.130855121491968,0.0382220030399695,0.286258777740123,0.102390664263134,0.0611177679215461,0.0112367851835508,0.00941759412927834,0.00582363381400652
585,116.208285454661,36.6527254749555,0.266322322565204,0.0485439262572315,0.0693684040519649,0.0414704201230373,0.00522543325386227,0.057182021625885,0.124013903703461,0.0550963091523169,0.0176009382878147,0.0210940800098258,0.0185797937587975,0.00711860404342934
586,116.480617735768,36.7074246556498,0.433466229633631,0.0810008553461559,0.0229736970700483,0.199867848230527,0.11644717454917,0.0578107438632853,0.085929701162685,0.0835216381283096,0.0247270300819884,0.00473287633766983,0.069046984314998,0.0760313969574151
587,116.98651858326,36.4048036970431,0.348077155591001,0.497876126286138,0.451112479713423,0.0136392655392181,0.130540741668669,0.199938856360457,0.216777111011731,0.13479417977917,0.0620262294044855,0.035953381951074,0.0661917159160333,0.11613126704474
588,116.993119847728,36.4221719272435,0.349966520781945,0.394889325975657,0.434450502945331,0.0260912110379482,0.173249670979842,0.177051236523445,0.17244571069065,0.123918408691795,0.0249423532360343,0.0313165474853089,0.0514493860461022,0.137626954143142
589,116.450774036581,36.3616740214638,0.243789658753121,0.203877642995531,0.0256599067917472,0.0162854361800749,0.0480844344466311,0.144438328176442,0.0512834571266856,0.0192093504900555,0.000661173113798208,0.00790722873635585,0.00533946345388148,0.00507839435879498
590,116.714848786127,36.8121379608521,0.164552231640244,0.0189779525003682,0.160112133547909,0.169581354820507,0.246955719659979,0.231973779977904,0.0633177323097862,0.100454894510064,0.0298395692406154,0.00102819830721557,0.0591228531391125,0.237082157773266
591,116.316561612533,36.5073195687728,0.276918012213351,0.0572961882545775,0.0772612161932239,0.0195356753031847,0.00170063333829629,0.0814461038877325,0.0299099139129282,0.0213570233048146,0.00010655253453884,0.00840535224375449,0.0442020719003995,0.0183921933216129
592,116.833687560633,36.6218970088055,0.0899542562582214,0.188551629578225,0.295984114516613,0.0805326705280406,0.135074290530371,0.190786951973743,0.0226732980777198,0.0262259927860639,0.062103408975007,0.00531986957155195,0.0121087176862774,0.156757771922865
593,116.433975581545,36.2990468132542,0.271228791881689,0.206524796419084,0.0473576115342851,0.0197674627284202,0.0881182479667656,0.141315467620902,0.0690925080264537,0.0216713303720483,0.000177410104558851,0.0111807898415027,0.00435721148211632,0.00865681035957411
594,116.995992258191,36.0853776956443,0.300984345944052,0.63014402516618,0.38648296863453,0.00985647598217576,0.544535171567347,0.390629169420335,0.35945274216475,0.202249988635663,0.19359590735481,0.0180969093343033,0.0771759417758752,0.0968728868232804
595,116.805811213329,36.8441134418361,0.0668654877571891,0.0383032919621998,0.323996609514269,0.13891799843292,0.269018192121574,0.311836937269775,0.0289057045139907,0.0283365039435236,0.141929993745868,0.0080861510361715,0.0331128334073173,0.27702371070584
596,116.486242167419,36.6039171574172,0.275668657752883,0.124375356159882,0.0201667751209137,0.182342722666325,0.0495828813418305,0.0342226140611773,0.0461725102397852,0.0876438479285689,0.00130555180299097,0.00420769104341623,0.0557943267244924,0.0433354230618043
597,116.538772000931,36.0134946824284,0.404293745525162,0.300276138090345,0.0309104656747307,0.167121398927903,0.132861807756819,0.0292774963953982,0.226393602947076,0.138158406887097,0.026377990368729,0.0119311574993467,0.00487503920208432,0.0241688284323833
598,116.341039908351,36.1018023915589,0.43171995712306,0.181749648253036,0.133683695940176,0.0705807967307384,0.0412477819624018,0.141793650841081,0.103706705378292,0.0307379048439902,0.00852412650078371,0.0394026245346362,0.0123711612200184,0.0167736474115175
599,116.052015604451,36.7630117717897,0.293746935748643,0.0642803486504446,0.0746609242857753,0.0301397094815128,0.000358043351343484,0.0916009944794515,0.212059408943376,0.0205884454614699,0.0237942132774375,0.010825308173414,0.0583797298848363,0.0141855768951926
600,116.458723113174,36.4021374976728,0.226096748810484,0.179852848947688,0.0219516996830545,0.0274686318740621,0.0318002668264502,0.127805091080116,0.0381491866714152,0.0207780564448884,0.00241109276363272,0.00318172519172677,0.0149499054888993,0.00651955029083762
