"b1t0","b1t0.1","b1t0.2","b1t0.3","b1t0.4","b1t0.5","b1t0.6","b1t0.7","b1t0.8","b1t0.9","b1t1","b3t0","b3t0.1","b3t0.2","b3t0.3","b3t0.4","b3t0.5","b3t0.6","b3t0.7","b3t0.8","b3t0.9","b3t1","b5t0","b5t0.1","b5t0.2","b5t0.3","b5t0.4","b5t0.5","b5t0.6","b5t0.7","b5t0.8","b5t0.9","b5t1","b7t0","b7t0.1","b7t0.2","b7t0.3","b7t0.4","b7t0.5","b7t0.6","b7t0.7","b7t0.8","b7t0.9","b7t1","b9t0","b9t0.1","b9t0.2","b9t0.3","b9t0.4","b9t0.5","b9t0.6","b9t0.7","b9t0.8","b9t0.9","b9t1"
5.59258594,5.6665746461,5.6913534466,5.828192262,6.1071020626,6.1734915475,6.2057899372,6.4504861397,6.6410234958,6.6804105097,6.71807931,3.393388757,4.1695155358,4.7043287796,5.1922314394,5.6792971748,6.1644286,6.6424516742,7.139885928,7.6341250078,8.1706711546,8.849086531,1.332457157,2.7468986296,3.7362429958,4.6430622526,5.4397435896,6.207424314,7.0079210074,7.7386094168,8.6195471738,9.5720241849,10.90869963,0.033772989,1.4707959623,2.8188312456,4.0442262915,5.1805383086,6.296526626,7.39039834,8.5228454346,9.6853571802,11.028944498,12.96892913,0.017590108,1.0213358488,2.1162652284,3.5302327639,4.9616689114,6.346658053,7.7674523154,9.1874574575,10.722772154,12.403175508,14.93004254
1.366888724,1.4776966494,1.8556865482,1.8774338164,1.9425039988,2.348108917,2.3698561856,2.407519898,2.696449139,2.8804012782,2.932517403,0.083565616,0.3705126348,0.8563436312,1.3673321702,1.866317486,2.363065604,2.850381201,3.325458975,3.8316803636,4.362722221,5.117744215,0.017590108,0.4265469948,0.876081335,1.3422424628,1.8292055988,2.366231641,3.0749951456,3.9105218238,4.8294612346,5.8465476242,7.176844594,0.009457746,0.5685129248,1.1551741482,1.7424713224,2.3395063086,2.967956304,3.6726484278,4.4662515692,5.7117735356,7.0804343282,9.113014635,0.001038914,0.712859948,1.419358112,2.163446543,2.904028667,3.692447768,4.525872144,5.435982022,6.548800663,8.383398758,11.17420369
0.849177276,1.080581564,1.269210002,1.414048639,1.631140027,1.707555607,1.824769054,2.046198584,2.148934209,2.375340612,2.608900296,0.083565616,0.2958598578,0.630087249,0.8527852738,1.2100544324,1.693996175,2.1763971526,2.6657486624,3.1704395402,3.7320310162,4.647291501,0.017590108,0.4122122088,0.8491607292,1.3146952734,1.7186912146,2.208675792,2.7486453088,3.3681857732,4.2024797276,5.171797298,6.664100059,0.017590108,0.6036856416,1.1682894328,1.7590066324,2.3494431238,2.9687233,3.66866492,4.3704307206,5.27584662,6.6383478544,8.680908616,0.001038914,0.7207260328,1.4717364648,2.2140823142,2.9609008296,3.78545513,4.6134276526,5.5002190072,6.5332004168,8.0374969179,10.67075385
5.364260391,5.3908478415,5.4533361812,5.8080945907,5.8675563946,5.8952431085,5.9606682808,6.3654155804,6.3916764084,6.448789391,6.88139749,3.296127193,3.920411592,4.416402542,4.913206262,5.39708535,5.882054573,6.364034409,6.863274767,7.362946225,7.880740407,8.522687155,1.234830545,2.5365497984,3.4585825092,4.362722221,5.1012127648,5.894804251,6.6288393172,7.4387775332,8.352323845,9.3166588922,10.58073668,0.033772989,1.1151753768,2.4066618286,3.5552726817,4.652328512,5.7588498525,6.8559947894,7.9603339494,9.1768969516,10.566663407,12.63992805,0.007141372,0.8688322454,1.7728619276,2.8389082984,4.215442811,5.587910699,7.0279492628,8.481086536,10.058918644,11.902512004,14.69978141
17.00608083,17.097193209,17.363158842,17.561026741,17.664860012,17.86913786,18.049842124,18.148149201,18.336034776,18.539256848,18.63232268,14.96298743,15.897361914,16.44811642,16.960578284,17.437180136,17.91438092,18.38037139,18.899291964,19.413634068,19.930635922,20.68765914,12.97501659,14.50470283,15.43606669,16.266184786,17.065379238,17.8322674,18.625676384,19.429816956,20.282401842,21.349687472,22.74412085,10.93321833,13.020816634,14.308381032,15.448212106,16.570369282,17.64634465,18.776675088,19.924233418,21.172435396,22.602326056,24.80142789,8.944010602,11.555110908,13.20826738,14.689057154,16.149494928,17.54166121,18.95823906,20.4444466,22.054107764,23.87893559,26.77033363
20.11388578,20.213808042,20.389403706,20.581349604,20.671793896,20.77871737,20.925691656,21.13403112,21.233884224,21.349687472,21.67369856,17.99935426,18.83904903,19.415158596,19.909379078,20.372506666,20.77871737,21.199901824,21.708471564,22.218190128,22.921383706,23.72899074,15.95810019,17.38438527,18.29164809,19.1556742,19.94344093,20.72689459,21.4811962,22.29951714,23.21546302,24.1943354,25.70223607,13.92282906,15.907519008,17.240018742,18.393014088,19.493663048,20.595690585,21.67056576,22.841046217,24.061448538,25.504574886,27.75645387,11.92917565,14.473913352,16.142457614,17.635110509,19.06150178,20.482369895,21.90195986,23.360012029,24.966028478,26.766418948,29.73147606
24.07588578,24.167242452,24.431957186,24.631912858,24.732346194,24.93484978,25.120474662,25.21699615,25.401793,25.609480031,25.70223607,22.0302629,22.789133912,23.427611486,23.925854052,24.377460412,24.80142789,25.26911023,25.771420686,26.368302826,26.984993574,27.75645387,19.98791363,21.441220687,22.287107656,23.154621799,23.956888712,24.727418205,25.528417282,26.330879182,27.20629045,28.242491547,29.81168435,17.99935426,19.978135535,21.262134184,22.438626437,23.529670254,24.607830365,25.713023054,26.869444491,28.114543748,29.522101918,31.64213568,15.95810019,18.475492594,20.155652904,21.656307696,23.107694184,24.497521355,25.908303714,27.391869424,29.01467401,30.447005363,31.79902813
2.008465714,2.1768639198,2.4871020808,2.5491203193,2.6725172688,2.9800503485,3.0420685874,3.1347761809,3.4729986162,3.5350168549,3.597035093,0.017590108,0.8794501666,1.4344166728,1.9416768418,2.4012306736,2.860784505,3.3203383364,3.8275985058,4.3348586742,4.9375315184,5.635617037,0.017590108,0.4726131204,0.9288768378,1.4767440276,2.0847958542,2.884025823,3.6638239658,4.4427636156,5.3328545904,6.2573724152,7.67419898,0.001038914,0.611974297,1.2012242586,1.8197789717,2.4487522306,3.166661311,3.9588702906,5.0865325345,6.3146200204,7.6136383838,9.712780923,0.001038914,0.7410343908,1.4832710828,2.2516405412,3.0139244138,3.858398394,4.723972157,5.7577136792,7.2787893018,9.0091876644,11.75136287
9.474249236,9.6426474418,9.9528856028,10.0149038458,10.138300788,10.44583387,10.507852112,10.600559699,10.938782136,11.000800378,11.06281862,7.435667293,8.2150184086,8.8563267578,9.3883778286,9.8206248128,10.25820616,10.775007596,11.244102702,11.757135012,12.343821534,13.10140056,5.444791687,6.896159952,7.8776342866,8.7253071258,9.4784590838,10.33773256,11.04584105,11.896429154,12.758309578,13.71145711,15.1399825,3.453916081,5.4914309938,6.879360293,8.0456024875,9.1959794868,10.28577605,11.397810758,12.529125697,13.726640038,15.068156403,17.17856445,1.463040475,4.1466321179,5.8468854648,7.3604764558,8.7795245822,10.210916665,11.571813644,13.035705003,14.635149226,16.42149267,19.21714639
6.487935827,6.5451834324,6.7251884576,6.9665721938,7.0238197986,7.081067404,7.4452085604,7.5024561652,7.5597037702,7.9006312866,8.028798869,4.401647547,5.1522100364,5.7119471762,6.2196285718,6.7042255732,7.176662336,7.651548027,8.1258976739,8.623655075,9.2007501206,10.06738081,2.363065604,3.7592366408,4.6788841724,5.4973885882,6.3560887108,7.06616265,7.8924078042,8.7078018526,9.5314968414,10.546017178,12.10596276,0.372189998,2.3570829292,3.6930542406,4.8870491834,5.9992664528,7.128773741,8.2217487542,9.3650729594,10.55987643,11.920752706,14.09683836,0.001038914,1.1769352552,2.6408412394,4.1770907156,5.624459126,7.052038236,8.4433426036,9.921445483,11.467934688,13.246543142,16.08771397
4.864186231,4.9357457375,5.314198795,5.3857583015,5.457317808,5.658470921,5.859624034,5.9311835405,6.002743047,6.3811961045,6.452755611,2.825604288,3.5857080455,4.164852673,4.680401858,5.155931374,5.649806941,6.145862059,6.643065193,7.141299862,7.727677028,8.491337554,0.787022345,2.1914318449,3.1680838432,4.0084182676,4.8631154302,5.649806941,6.4484923642,7.2885849403,8.1321955522,9.1095130636,10.5299195,0.001038914,0.9916680286,2.2253712156,3.4421933928,4.5960022506,5.682932183,6.784021286,7.898926239,9.1250178936,10.460955008,12.56850144,0.001038914,0.8838875045,1.826289047,2.8739949795,4.20269279,5.6242899885,7.031361002,8.4982063085,10.05049307,11.82331551,14.55937705
0.113002783,0.3465510484,0.4037986532,0.4610462582,0.7256436346,0.834728682,0.8919762874,0.9492238922,1.1906076284,1.3706126536,1.427860259,0.017590108,0.2445020438,0.4942008798,0.7260433484,1.0059918678,1.237034909,1.5609583742,1.8492490202,2.2125617356,2.8160630206,3.514148539,0.001038914,0.3887453872,0.8139403508,1.2088637094,1.6226415702,2.041435571,2.4844146826,2.9710583968,3.506632867,4.2068238956,5.552730482,0.001038914,0.5628425014,1.1134510344,1.6669880628,2.256327417,2.820373246,3.4564213052,4.1445242164,4.8636508306,5.7281247732,7.591312426,0.001038914,0.7131907772,1.3830293696,2.1465928905,2.8629023196,3.645076029,4.4048871606,5.2828505196,6.2151752784,7.2948843643,9.582188032
14.68996994,14.858368146,15.168606304,15.230624546,15.354021488,15.66155457,15.723572812,15.816280408,16.154502836,16.216521078,16.27853932,12.65138799,13.508477423,14.058673288,14.561162829,15.063652362,15.551652255,16.020925094,16.488650789,17.025904164,17.623806376,18.31712126,10.61280605,12.071309744,13.051609516,13.94372443,14.695856822,15.49458239,16.2471326,17.081093954,17.966012388,18.952237136,20.3557032,8.621930445,10.68501966,12.05024561,13.246880404,14.370081258,15.456874955,16.562668682,17.728469214,18.916777262,20.263551212,22.39428515,6.583348502,9.3355573497,11.05074715,12.584599244,14.012010148,15.42481699,16.869117816,18.3174195,19.869913286,21.63163461,24.38516075
18.73397168,18.957322814,19.039123912,19.231757982,19.425404416,19.54859904,19.729544284,20.006658386,20.101187284,20.227330586,20.51009112,16.70243211,17.441968325,18.00316666,18.50527571,18.9893918,19.420059585,19.85072737,20.351373065,20.87240787,21.618431615,22.54163069,14.67089254,15.97291696,16.887753168,17.676990193,18.490982768,19.27120049,20.060744716,20.926701571,21.585420302,22.226261947,23.4229046,12.69280128,14.467929458,15.77745879,16.930758762,18.046222038,19.10586303,19.91638592,20.644359526,21.337024104,22.268320118,24.11144885,10.66126171,12.971570861,14.641212344,16.148551995,17.46664585,18.472762625,19.39811447,20.231649423,21.11955737,22.233749283,24.149445
20.30799687,20.365244468,20.545249496,20.786633234,20.843880834,20.90112844,21.265269598,21.322517206,21.379764808,21.720692324,21.84885991,18.22170859,18.984079868,19.583880242,20.085704528,20.589416684,21.07174529,21.551613464,22.009101566,22.465321646,23.0412037,23.88744185,16.18312664,17.615441608,18.559485838,19.373810616,20.19741974,20.93591468,21.759194302,22.60837388,23.433226952,24.425414535,25.92602379,14.19225104,16.206635715,17.54317319,18.743578975,19.90569064,20.989204235,22.08528257,23.193815885,24.43286709,25.784093645,27.9168994,12.15366909,14.80205608,16.50974866,18.058447135,19.52786982,20.978489865,22.37414265,23.844215025,25.39412692,27.16728146,29.95548134
25.33289222,25.787675414,25.840152388,25.984697427,26.251999882,26.30447685,26.356953824,26.409430798,26.707422612,26.821278287,26.87375526,23.34201661,24.294518714,24.844714586,25.347204122,25.801987316,26.256770515,26.711553714,27.173955489,27.673469586,28.266728656,28.96007288,21.30343467,22.872921514,23.799294368,24.689615534,25.448492338,26.27766691,27.08075399,27.847720516,28.739128914,29.682615376,31.00058012,19.31255906,21.50494144,22.852547814,24.044974884,25.138650286,26.21073716,27.325456384,28.440218991,29.661433464,30.863402377,31.79902813,17.32168346,20.064524856,21.78494457,23.312054302,24.746727552,26.16725904,27.574886678,28.873182104,29.767211442,30.722768064,31.79902813
0.001038914,0.053267174,0.06725994,0.389468837,0.443774925,0.498081013,0.56279929,0.629438255,0.940817024,0.995123112,1.058338641,0.001038914,0.2385877996,0.4375767194,0.7173735912,0.8939725018,1.210269635,1.4121970968,1.7279230348,2.0100986144,2.4428045394,3.173773972,0.001038914,0.3914929949,0.7737527062,1.1805772366,1.5665024318,1.9780644485,2.4038768972,2.865213839,3.3686744748,3.9732711436,5.218786121,0.001038914,0.5543310124,1.0765520334,1.6516707308,2.201144428,2.766067158,3.37144467,4.0196324462,4.732686971,5.5616528304,7.257368064,0.001038914,0.7076272238,1.381513567,2.128926372,2.84324247,3.5967357685,4.3659379708,5.2167205682,6.0835262046,7.1472571972,9.295950007
6.441390581,6.8843551904,6.9635855176,7.0411251484,7.3076386332,7.432469282,7.5119275474,7.6840067714,7.9028891018,7.9813198042,8.060246848,4.459233179,5.4436479835,5.999162403,6.5507932495,6.9769133104,7.4002384555,7.8364747172,8.3293495088,8.8222970624,9.4212905805,10.10272133,2.744716303,4.1034464246,5.029841081,5.8922086338,6.6785554868,7.48337363,8.2319982,9.0354881084,9.8686857772,10.814316504,12.14519582,0.706134359,2.7009573362,4.0578952124,5.2768883835,6.3880980454,7.4895198985,8.5884832448,9.7069342542,10.87749055,12.199689253,14.1876703,0.001038914,1.3586826086,3.1417587126,4.7372476106,6.1809016164,7.563204749,8.9785585562,10.418792486,11.921582458,13.6170261,16.23014479
9.855899935,9.9301676502,10.0167883756,10.322601352,10.419300574,10.50566383,10.788866854,10.908837913,10.994539288,11.289547412,11.46342305,7.817317992,8.5732566496,9.1412207868,9.6545547123,10.123475204,10.60628474,11.021194876,11.470086947,11.985617988,12.567787992,13.44558045,5.778736049,7.1749453503,8.1164846576,8.9792891239,9.7844359374,10.55204151,11.335045936,12.133425902,12.998435926,13.905603043,15.42983281,3.740154106,5.7420327593,7.1221297386,8.3200590119,9.4770558012,10.56752113,11.653423106,12.801961429,14.006492154,15.375130047,17.47655249,1.701572162,4.3962155478,6.1809719462,7.77608368,9.2199744236,10.59976343,12.033725642,13.45391645,14.997258286,16.708650344,19.46087979
16.95785223,17.175858543,17.334455446,17.597018808,17.700369,17.845911955,18.034213566,18.14290859,18.297959064,18.471408324,18.73397168,14.92631266,15.798337892,16.319867804,16.787949406,17.207048632,17.67769307,18.174886846,18.650846846,19.18059584,19.831712332,20.76551125,12.94822141,14.282983403,15.192690902,16.04026135,16.818981136,17.6160472,18.377009734,19.192545763,20.053192928,21.088135908,22.79705082,10.91668184,12.808095125,14.081046702,15.231662621,16.36861886,17.45948513,18.552462532,19.704632426,20.724560254,21.669943501,23.4229046,8.885142266,11.37595508,13.027053002,14.523721668,15.948946974,17.33947994,18.638874178,19.637775425,20.580182468,21.733439945,24.149445
2.477075777,2.5547694964,2.780699201,2.9659512315,3.0463809866,3.2456706855,3.4548266852,3.5379924768,3.7375983052,4.0098309256,4.083910055,0.361640446,1.1776859828,1.740885147,2.249329905,2.7513077338,3.242435204,3.713349721,4.192051118,4.6987698458,5.2649752946,6.126384539,0.001038914,0.53758048,1.0597760058,1.6523381889,2.4621977778,3.2335713545,4.0244995994,4.8058760088,5.6546995718,6.6637293602,8.114552936,0.001038914,0.6584773647,1.303189111,1.9479983371,2.6857447592,3.4138616395,4.442546746,5.544640584,6.730924554,8.0279784002,10.15702742,0.001038914,0.7842852698,1.6003651478,2.378308947,3.239163775,4.110616736,5.0838132978,6.3416641298,7.79781104,9.4763541599,12.14519582
19.91943848,20.06835946,20.32736922,20.458105845,20.60932205,20.773402095,20.90403602,21.0461042,21.21082308,21.44112042,21.58572086,17.86277697,18.741685178,19.35363334,19.876188542,20.385854676,20.7497863,21.115594836,21.344615312,21.726343138,22.106955832,22.99902263,15.89597451,17.481055122,18.468245894,19.096112553,19.635550266,20.1129986,20.562276748,21.009853288,21.503572682,22.171069357,23.38084995,13.83757063,16.216880249,17.349958972,18.094245091,18.806812424,19.42938696,20.033673008,20.611166966,21.281116696,22.19244046,24.11144885,11.87770945,14.838253836,16.05667078,17.04069825,17.917945104,18.67349167,19.44835796,20.159502562,20.984934318,22.088365156,24.149445
6.851016127,6.9107528228,7.0264530692,7.3100439644,7.3697806608,7.429517357,7.4892540538,7.7448631742,7.8885451954,7.9482818913,8.396448512,4.754235555,5.4132870408,5.9438216688,6.4300025502,6.8618773444,7.293752138,7.7470572246,8.230006097,8.7512224144,9.3470878396,10.05049307,2.71176107,3.9151744335,4.816479894,5.623493365,6.396210757,7.1681817885,7.916369289,8.775249995,9.615785528,10.607338815,12.09417611,0.669286586,2.4284852176,3.7098020984,4.8209464796,5.9088934296,6.998180849,8.0843207998,9.198496469,10.45521652,11.881939922,14.14227865,0.001038914,1.0550424603,2.5547217456,4.0186197858,5.434679181,6.849505846,8.2580900582,9.7438970183,11.31947196,13.150495239,16.19107501
2.820373246,2.8855405506,3.0843573906,3.3499989972,3.4151663024,3.480333608,3.8253186616,3.8904859668,3.9556532718,4.2881196462,4.420111718,0.777898761,1.567205784,2.1693258382,2.6983504908,3.160446179,3.602674358,4.0451961528,4.5002756914,5.0638818426,5.640279781,6.462586203,0.001038914,0.5540562781,1.1621826302,1.9210807575,2.737366722,3.4581647555,4.2905675334,5.0786641668,5.9222703368,6.9795080731,8.505060687,0.001038914,0.6105388436,1.2180147338,1.83199263,2.53265941,3.3390676535,4.4535263476,5.5890427514,6.8541863524,8.2967094436,10.54753517,0.001038914,0.7330266744,1.4723423196,2.2317714382,3.0091619346,3.831275097,4.7757711692,6.0522968396,7.6664528574,9.5132796086,12.53570357
17.72127108,17.786438388,17.963532792,18.196590744,18.261758052,18.32692536,18.671910408,18.737077716,18.802245024,19.134711396,19.26670347,15.62449051,16.403924268,16.988269826,17.52426599,17.988709444,18.4682935,18.93896156,19.416631736,19.945135844,20.508729836,21.36348404,13.63632211,15.072310046,16.06797328,16.917417612,17.736478908,18.512047755,19.291375806,20.089284564,20.908976276,21.909352436,23.35165244,11.59384763,13.699271947,15.090667756,16.328206507,17.477445994,18.569435095,19.666096408,20.816264475,22.008957748,23.334575752,25.39412692,9.605679234,12.385765052,14.191334892,15.77316706,17.242179892,18.66104919,20.094611556,21.514452512,23.022712306,24.737523008,27.38229532
0.067954626,0.1287767718,0.1874873166,0.236432082,0.3677366432,0.532125283,0.5995217172,0.6713808388,0.7860408994,1.0090782622,1.166328685,0.024487092,0.2571535818,0.4592732382,0.7213515052,0.900385565,1.216375925,1.4261001352,1.748499419,2.0006729904,2.3687361106,3.208803169,0.001038914,0.3928424335,0.777898761,1.174244547,1.598699559,2.003633657,2.438763126,2.9001769805,3.371721432,3.941898589,5.305583741,0.001038914,0.5594703852,1.1194827166,1.6756798076,2.2434210106,2.815190677,3.4042134792,4.0591559996,4.7614478394,5.5851809341,7.293752138,0.001038914,0.7144664064,1.418414492,2.1302507949,2.851073288,3.6064532995,4.3746745998,5.2381366163,6.1418831712,7.1957418662,9.336226622
19.51719751,19.572516156,19.8914368,20.023025704,20.078170242,20.13413492,20.483134728,20.548057878,20.673836302,21.037307532,21.08867906,17.43521158,18.180996824,18.857409554,19.328866632,19.646218438,19.92946263,20.228423128,20.513490886,20.77183086,21.105062144,21.80979117,15.44038467,16.91206686,17.69705818,18.28136725,18.79921631,19.27558076,19.66071298,20.09036029,20.52191255,21.112536545,22.59507901,13.41249538,15.500600938,16.449094108,17.218570296,17.916039466,18.54108698,19.137740404,19.755884896,20.37312714,21.160297054,23.19552092,11.39669187,14.02011508,15.20207314,16.148734065,17.05647077,17.8918083,18.64178497,19.409905015,20.12415281,21.196276505,23.76301906
24.73416656,24.804764474,24.875362384,25.197796276,25.296375966,25.366973875,25.661425992,25.787987458,25.858585366,26.163069964,26.33390503,22.69169207,23.471125828,24.027697164,24.531879796,25.035479552,25.5027391,25.980591664,26.454681226,26.972142958,27.534352362,28.37637952,20.64921759,22.071227936,22.999991568,23.892109481,24.717124238,25.46360326,26.274895704,27.041753293,27.909387004,28.867991011,30.36454791,18.60089085,20.704201621,22.07039704,23.260915839,24.400625668,25.503070005,26.609779328,27.763645273,28.760390724,29.833038529,31.79557848,16.61857471,19.342056468,21.157297842,22.725063132,24.189728588,25.62074281,26.828542924,27.840296244,28.833936394,30.185712574,31.79902813
21.30917795,21.390637085,21.75191396,21.833373095,21.91483223,22.109047185,22.30326215,22.384721285,22.46618041,22.827457295,22.90891643,19.32100956,20.128720515,20.70352368,21.227718825,21.75011965,22.218276,22.69169207,23.16750363,23.68577627,24.264277505,25.005697,17.27853507,18.76966137,19.78710947,20.59990785,21.41779013,22.24190202,23.0175286,23.84869454,24.67986047,25.62074281,26.99386539,15.29036668,17.456478308,18.865691908,20.114790324,21.241360618,22.34220117,23.429811038,24.547694746,25.725033728,27.035314126,29.03633988,13.24789219,16.140336828,17.955949936,19.526854128,21.008638838,22.44202988,23.822539226,25.285317428,26.795430296,28.408772986,30.94344917
17.70239727,17.928115128,18.1197551,18.278583422,18.505631254,18.63878493,18.759767092,18.891019176,19.123532394,19.266203154,19.4658358,15.65858004,16.58977286,17.17164548,17.69705818,18.16974371,18.63889649,19.10939614,19.60712868,20.1198497,20.72388437,21.43669643,13.62010972,15.245351275,16.2568616,17.13693111,17.97953273,18.76660655,19.39793182,19.9028866,20.39780186,20.94559476,22.19113538,11.67641312,13.911342329,15.291246264,16.506916066,17.454682744,18.181669785,18.912025742,19.54410654,20.15197032,20.978122347,23.13650591,9.625740653,12.498805378,14.26866787,15.576565098,16.593749782,17.50913076,18.361355026,19.168525714,19.942839904,20.979512134,23.38084995
2.131159803,2.3438212792,2.4444298948,2.5656129832,2.7501291932,2.99249537,3.073002939,3.2079101806,3.3690985834,3.6063059634,3.705307434,0.099620233,0.8614854712,1.4389178572,1.9564306776,2.4283264864,2.843971867,3.3120534682,3.8198324724,4.3967401736,5.0083241278,5.873822193,0.004545041,0.4537559062,0.9120568534,1.4238061113,1.985264704,2.757481916,3.5229554838,4.3521831224,5.2485877598,6.2944698714,7.916369289,0.001038914,0.5728076707,1.1660607958,1.7594314215,2.3775193244,3.042062053,3.780652187,4.8367808725,6.087888166,7.5503802667,9.948449647,0.001038914,0.723592674,1.427860259,2.196471116,2.922742219,3.725629416,4.574086382,5.530910115,6.934086412,8.790067073,11.87574321
3.043628063,3.280466846,3.4145195724,3.5107086494,3.7260510558,3.893862051,3.9858619974,4.1722971331,4.3996630744,4.5845697871,4.803083945,0.99629594,1.906379659,2.574672379,3.090470408,3.596436444,4.107195664,4.524777757,4.9845382425,5.471396217,6.038173709,6.846088487,0.024487092,0.765206308,1.744126618,2.6362286276,3.4588329854,4.246828318,5.0246243708,5.8291917654,6.6743357018,7.6106855572,8.895402244,0.001038914,0.7569266704,1.4958165314,2.3096460456,3.3114822266,4.409746581,5.5222514034,6.6461821618,7.7857146104,9.0803637344,10.94931206,0.001038914,0.856790527,1.727216175,2.632909972,3.586867956,4.635258242,6.010712479,7.403224449,8.883125474,10.53898331,12.88083061
7.448099111,7.5409811554,7.6718716104,7.8341543702,7.9746960296,8.0738909655,8.2085030566,8.3872113333,8.49819697,8.6030603597,8.741105844,5.349524692,6.2146280058,6.7730826704,7.2779563922,7.7369842296,8.1960120675,8.6987879754,9.1724437523,9.6353516994,10.188592909,10.94931206,3.307050207,4.8656898239,5.9107229884,6.7510742721,7.5683815828,8.381558369,9.1070216006,9.9334822835,10.723362086,11.649188852,13.00564062,1.264575723,3.632226524,5.057503067,6.2891323204,7.4355952478,8.556825913,9.64017725,10.761236314,11.909044234,13.161497212,15.06339741,0.001038914,2.3508503084,4.225546845,5.791155156,7.2741916026,8.6718585765,10.09247454,11.492019639,12.97063821,14.612694003,16.98363757
10.92559996,11.006908345,11.121534898,11.396529439,11.494119974,11.601768015,11.865673824,11.982387137,12.083611374,12.371724643,12.54040227,8.883125474,9.7794587144,10.320534888,10.829765224,11.311714738,11.81107198,12.264669208,12.741904528,13.23779859,13.821694292,14.59523699,6.840650989,8.4316919094,9.443511968,10.320240284,11.120204672,11.91968416,12.69771987,13.506300626,14.319594656,15.264770986,16.65173253,4.852482593,7.161157646,8.60987195,9.817500483,10.9678837,12.09088973,13.1669259,14.29628248,15.45328494,16.74817739,18.6230556,2.810008108,5.8872128961,7.725279473,9.3567256719,10.815199292,12.24363187,13.637101706,15.064021116,16.503247772,18.178023872,20.59990785
1.406484702,1.436681792,1.5215636388,1.7897434188,1.918523912,1.954866319,2.1326634236,2.4078511236,2.4384327474,2.516168335,2.912985769,0.005267192,0.5448222006,1.1379285706,1.609456327,2.0583209908,2.52947694,2.9950417188,3.4143000158,3.8409726296,4.2624368154,4.90577314,0.005267192,0.9150215955,1.558292468,2.1717482221,2.7837608146,3.3991468845,3.9429775618,4.5342616854,5.2036826962,5.902199706,6.902733814,0.005267192,1.1046163874,2.077341323,2.9880274108,3.7115814624,4.472548084,5.2053272914,5.9462951752,6.784965027,7.6395436624,8.90105938,0.005267192,1.4322156814,2.5793355768,3.6827626997,4.6356050914,5.6075838215,6.5227339884,7.4160762016,8.3932264934,9.4386290054,10.9127799
15.77125372,15.970154897,16.21962008,16.361995575,16.531787498,16.69995496,16.836759894,16.999667866,17.181416998,17.312954395,17.46649496,13.71033152,14.6138226,15.245146444,15.813530404,16.252181464,16.68761862,17.145510278,17.624328226,18.110633774,18.68674888,19.52786982,11.64963248,13.344346622,14.363529976,15.245630722,16.063738288,16.85890552,17.648738146,18.435420384,19.289716074,20.167863044,21.58927866,9.704428539,12.04687463,13.46511943,14.68816504,15.87623309,16.98099487,18.08132176,19.19514773,20.36939984,21.69760788,23.52944871,7.787035988,10.81698778,12.69768451,14.27789163,15.73693127,17.16256701,18.54987725,19.95745052,21.44811875,23.12738397,25.59090092
12.23106438,12.47355517,12.60252442,12.78930176,13.00564062,13.11681049,13.25255955,13.437933505,13.6382711,13.763502475,13.99503639,10.18824839,11.046597274,11.598995408,12.138643946,12.656267086,13.11935364,13.61886465,14.10448612,14.633394636,15.209320254,16.03758349,8.145701293,9.7265908768,10.756915878,11.605325042,12.426080756,13.27700381,14.006570634,14.862197787,15.66840458,16.650967541,17.98768887,6.065634939,8.409898199,9.8437662138,11.091031762,12.233911416,13.34391019,14.45202722,15.57507392,16.774468574,18.065186812,20.03023596,4.004082129,7.1218035949,8.9846153012,10.595845243,12.061372704,13.493022665,14.921543308,16.345901938,17.871803358,19.537334464,22.07278306
4.824794474,5.0873578322,5.2608070886,5.4158575657,5.5245525898,5.712854196,5.8583971542,5.9564025163,6.1114529934,6.2849022498,6.600913919,2.793254904,3.6599353021,4.2492784386,4.7339323453,5.2501174264,5.712854196,6.1760469678,6.6427974992,7.1476884922,7.7123247799,8.579005178,0.761715334,2.2907855768,3.2589722194,4.1017073482,4.9120210744,5.686130041,6.4681117474,7.2686030484,8.1408836822,9.0827525702,10.61054475,0.004545041,1.0168623242,2.3334986792,3.5818136655,4.714995602,5.8080046575,6.8717832566,7.9855777996,9.1750894648,10.508992961,12.64208432,0.001038914,0.9593436508,1.9487326996,3.0807736074,4.466761201,5.900872879,7.3090754156,8.7302441136,10.26215728,11.959853236,14.67362389
26.45641627,26.778292936,26.887570592,27.009378344,27.213375096,27.34025812,27.45639235,27.58473607,27.760190272,27.906985004,28.02796308,24.39636671,25.290849766,25.970320126,26.471851997,26.96502978,27.428747075,27.874828162,28.252844726,28.601120404,29.005197586,29.80205058,22.44202988,24.012054022,25.009710774,25.907460847,26.508793736,27.06792752,27.5521374,28.028188039,28.535653204,29.226278561,30.94344917,20.49650461,22.751428769,24.0816426,25.012292711,25.773641308,26.45878314,27.089899102,27.713764046,28.370525196,29.395921454,31.74706204,18.54985041,21.4708721,22.937310798,24.000070894,24.907414698,25.80841163,26.621693444,27.407213395,28.26416034,29.567679944,31.79557848
0.910238837,1.1335899754,1.2844777644,1.4080251388,1.6016715766,1.771574404,1.9058114406,2.1885719802,2.3121193546,2.4630071436,2.686358282,0.004545041,0.3495863094,0.6620907776,1.0076783158,1.3996997626,1.878471026,2.3525137178,2.8265564096,3.3564116972,3.9349867252,4.717897852,0.004545041,0.4449488982,0.859667455,1.3160004814,1.7770284532,2.282414654,2.7850695074,3.4698021066,4.3757279114,5.3706279042,6.897960925,0.004545041,0.6024985865,1.182160409,1.766596113,2.369770131,3.0000014505,3.705307434,4.4245205995,5.360677353,6.7513133725,8.929500495,0.001038914,0.756267084,1.4817994628,2.239267865,2.9955023484,3.80500573,4.6454537932,5.5466656596,6.5909105062,8.1249579456,10.96104007
0.51538529,0.717357104,0.770805415,0.919328919,0.972777229,1.174749043,1.376720857,1.430169168,1.578692672,1.632140982,1.834112796,0.004545041,0.2581471488,0.5117492576,0.7838201354,1.0327329002,1.314182465,1.6748996308,2.1216019076,2.6170239238,3.163529965,4.06762418,0.004545041,0.4217961377,0.8087962646,1.2272883459,1.6386483422,2.079772093,2.5365087922,3.0471258239,3.6766952724,4.5771510156,6.09916375,0.004545041,0.5586509808,1.121496109,1.6837712768,2.2593492178,2.855793296,3.5049747642,4.2037214148,4.9421766528,6.006333846,8.13070332,0.004545041,0.7134825344,1.4142482262,2.1576134726,2.8774094856,3.654590471,4.4697497926,5.3574298746,6.3121514,7.5153307348,10.16224289
4.376492616,4.4703352898,4.7127014666,4.8666772586,5.0063929074,5.08930468,5.3316708568,5.5146276324,5.6358107208,5.7379787708,5.950640247,2.398401357,3.259736924,3.80500573,4.323044305,4.833884555,5.291276494,5.748668433,6.206060372,6.758527503,7.269367753,8.184151631,0.366861787,1.8902191176,2.8595081772,3.7212915512,4.5301801534,5.312089935,6.1012300796,6.9028883188,7.7739356614,8.708388182,10.2156912,0.004545041,0.9073294231,1.9200932202,3.1362494818,4.251212885,5.364666493,6.478120101,7.6053661659,8.832832062,10.166405578,12.24723077,0.004545041,0.911426044,1.803245886,2.7917056989,3.9440922338,5.3564962545,6.7820641142,8.2391965069,9.815328781,11.578126837,14.27877034
15.99921323,16.079758008,16.284591976,16.533649612,16.620660772,16.72818391,17.005261824,17.083997684,17.18275964,17.483221732,17.62248625,13.9579018,14.797392702,15.397243366,15.905280526,16.39798575,16.89623261,17.33675818,17.844425894,18.358284396,18.909653618,19.67749534,11.92355741,13.474604385,14.53812769,15.482816015,16.38264434,17.05864185,17.90817023,18.61392048,19.28554356,19.81251071,20.71286377,9.929254626,12.39942842,13.89898083,15.06809482,16.23843761,17.21851962,17.9413943,18.6128393,19.26381651,19.84822568,21.08867906,7.901790689,11.22988786,13.126558282,14.807998034,15.896038104,16.7621468,17.560227566,18.353587624,19.07400787,19.812350226,21.88905973
11.62918623,11.768654572,12.050955798,12.151218668,12.275115266,12.43918382,12.577703894,12.681712991,12.808334852,13.075429592,13.20017018,9.48764954,10.430617873,11.017827472,11.54517118,12.050955798,12.51104609,13.012693194,13.463103389,13.953061354,14.539060909,15.37748261,7.512281266,9.2749860018,10.35553303,11.225507791,12.018343536,12.84455613,13.535826584,14.396643318,15.077581368,15.991549471,17.32189641,5.457340787,8.0728939025,9.570066413,10.901623025,12.01873556,13.123101225,14.17868311,15.26306252,16.39841678,17.559478795,19.38297956,3.493056606,7.0419558878,9.0320854198,10.70632307,12.182942158,13.57240087,14.917066396,16.248505662,17.593697706,19.059400112,20.47638525
19.47310426,19.61158493,19.735689254,19.901245538,19.970050542,20.03017097,20.04747684,20.106204308,20.151961622,20.283470982,20.47638525,17.24403148,17.984710812,18.361355026,18.632073666,18.914725846,19.158572835,19.434681798,19.650919905,19.92195697,20.156596424,20.71286377,15.2025194,16.401218956,16.956829842,17.478982856,17.979629262,18.44262865,18.898638882,19.292478952,19.664031044,20.056767028,21.05643096,13.16100732,14.82090127,15.654452748,16.415896366,17.065726108,17.70939578,18.345066702,18.90983542,19.46546416,20.0142184,21.7406989,11.20786167,13.239892836,14.384245476,15.346604927,16.183904062,16.9858165,17.784052918,18.53335146,19.27939532,19.983298273,22.19113538
8.632453488,8.7406257726,8.9699082062,9.136417385,9.266946865,9.353329827,9.5876317288,9.7765257012,9.8977087902,9.994708575,10.20660112,6.600913919,7.4150294564,7.9651379884,8.5223062126,9.0257074548,9.493789056,9.96206289,10.432170094,10.981375536,11.517926632,12.4401125,4.432336039,6.0133037669,7.0331868784,7.89822132,8.712988293,9.517271998,10.293674242,11.115430046,11.976674308,12.970741156,14.47165207,2.38995415,4.7256896215,6.183365568,7.4021019217,8.5549093692,9.673402206,10.761959002,11.878436641,13.054294802,14.402772231,16.50548914,0.439683565,3.4384326356,5.2697429076,6.8532603762,8.3635840954,9.757859438,11.162114262,12.609099226,14.104035418,15.786060345,18.4812829
15.48927439,15.615152952,15.840225804,16.005782088,16.120484084,16.22868936,16.433923356,16.544294212,16.656830638,16.842225778,17.06729862,13.34856803,14.24827884,14.829563552,15.315421838,15.802085638,16.283395065,16.764421018,17.236415929,17.7161816,18.349731227,19.29637141,11.30705595,12.787463191,13.773715644,14.643085628,15.47174244,16.24562411,17.052139626,17.872021068,18.731523718,19.74981449,20.85819816,9.26554387,11.391291218,12.78632546,14.004363308,15.15184104,16.26255886,17.369861764,18.362284078,19.113975668,19.9047642,21.43669643,7.312398218,10.012843336,11.827771374,13.393125276,14.838301116,16.205223475,17.22670691,18.152599808,19.023546086,19.912473829,21.98916356
9.193017323,9.3644072928,9.5679922996,9.7567965268,9.9337912984,10.14242972,10.188902664,10.34871056,10.539401384,10.738389288,10.9127799,7.131603338,8.0342303426,8.66225014,9.2207135423,9.6809327298,10.15309762,10.59778356,11.054516171,11.57913438,12.168348298,12.97075813,5.070302241,6.9064855984,7.9375718528,8.8978825392,9.6810138434,10.46184111,11.242818734,11.996872408,12.838808784,13.691963678,14.89367955,3.009346016,5.8870900906,7.4066974776,8.6466745202,9.81259581,10.90324687,11.919999562,12.995474762,14.035152266,15.29787778,16.95504325,1.214512006,4.9589179472,6.9577288406,8.5752846442,10.060603698,11.45425867,12.713897468,14.016574974,15.403276808,16.900445706,18.97872609
22.07331996,22.244437105,22.432149012,22.551463102,22.711857342,22.894621475,23.028360664,23.180643153,23.358649222,23.588974379,23.78187242,20.01180153,20.92519525,21.561864504,22.0731052,22.55383668,23.00128153,23.47937663,23.927189046,24.40185967,25.018766192,25.84253682,17.950291,19.625957211,20.614061156,21.525754574,22.354747384,23.135477935,23.928917318,24.705764706,25.531385462,26.459729888,27.90333247,16.0210781,18.35291932,19.77776391,21.001236722,22.183462932,23.29103268,24.384841232,25.493192588,26.648054876,27.64289929,29.39811163,13.96122093,17.073334386,18.925278398,20.514974562,21.998794924,23.44491853,24.86135231,25.95040173,26.903226966,27.860811284,30.52746618
4.112599727,4.408164729,4.4861403036,4.7276910827,4.8415088344,5.04081378,5.11714598,5.2458942122,5.4772230146,5.7247389239,5.823750559,2.065333249,3.1504441576,3.8293099072,4.4060280867,4.8478935214,5.30292997,5.8211871002,6.2689126641,6.760659029,7.2346751491,8.008654648,0.337342606,2.3261450336,3.4123455314,4.3269786298,5.0434220082,5.881168539,6.5298618718,7.3044779624,8.0393744392,8.8535927386,10.11367511,0.005267192,1.976713317,3.375290083,4.517862749,5.554569814,6.5449967735,7.551735376,8.52164252,9.494889268,10.608318585,12.29373355,0.005267192,2.081634919,3.641362228,4.963596223,6.294752408,7.440678226,8.592221373,9.817145055,10.98540615,12.35008535,14.39735252
24.56666336,24.748625322,24.900068614,25.06898794,25.148067044,25.25830269,25.4372779,25.592471544,25.775313276,25.928615248,26.10116289,22.345252,23.20581243,23.81127381,24.41987976,24.86292965,25.33784534,25.83997336,26.36924697,26.89202866,27.4807663,28.32810206,20.12708686,21.763421059,22.857233922,23.754356514,24.659653744,25.532958925,26.288489796,27.110702635,27.998524022,29.015779322,30.55637458,17.91337387,20.43906829,21.90058191,23.20581243,24.28265174,25.32899346,26.4011116,27.5339725,28.66096156,29.72273489,31.79557848,15.82738909,19.05687293,20.941733974,22.385566788,23.754844712,25.076633285,26.369070156,27.423281991,28.416750448,29.719569086,31.79557848
13.35489638,13.617459743,13.791615118,13.946077157,14.054654494,14.245515965,14.389523004,14.491849252,14.754412614,14.913386824,15.13101583,11.32335681,12.246785597,12.851411026,13.347969803,13.849116986,14.338031295,14.800768066,15.290436454,15.784159124,16.388352589,17.16256701,9.291817242,10.852124195,11.86004758,12.736550165,13.5568682,14.36576039,15.17264271,16.006714745,16.85368696,17.811871775,19.34261847,7.31385599,9.5357293212,10.926821222,12.148962828,13.343409046,14.45023384,15.525086498,16.651727316,17.859749282,19.197417521,21.37415804,5.282186413,8.1872854679,10.0007121052,11.585936368,13.07088703,14.490334855,15.924804582,17.364689531,18.89754799,20.605507968,23.3522493
11.67781977,11.913980746,11.99848619,12.261595796,12.368933156,12.57624891,12.635926578,12.811475958,12.952508706,13.03098355,13.24303571,9.680892173,10.524006553,11.113882892,11.627271245,12.133247762,12.604315745,13.03098355,13.494500324,14.010423622,14.600088951,15.47903335,7.449907441,9.2399020418,10.372138074,11.250594358,12.121742738,12.89926765,13.629991758,14.421785634,15.264335948,16.162232858,17.50006499,5.417501225,8.0368049566,9.6681411154,10.925174952,12.120641444,13.24669196,14.30009262,15.374609756,16.455737524,17.713109212,19.54216527,3.420163469,7.0984263962,9.0873781882,10.789261084,12.253673556,13.629170685,15.006664134,16.386729527,17.746001344,19.005129223,20.21251924
23.18698884,23.39165437,23.503602278,23.614182812,23.799851076,23.93382447,24.041376784,24.189675948,24.412713312,24.561530692,24.76536528,20.95857728,21.888331394,22.519017928,23.005028707,23.485488564,23.978356455,24.470067158,24.954091299,25.463702672,26.040536979,26.99377685,19.01926515,20.52782385,21.581389374,22.443519152,23.26963317,24.06506136,24.871877268,25.645257862,26.517981538,27.389169566,28.34183677,16.96977293,19.200241232,20.64619982,21.904619558,23.050074412,24.13542955,25.221936134,26.040013596,26.760686874,27.473512092,29.11283164,14.92360345,17.91236381,19.78243669,21.392779096,22.878758552,24.01602502,24.95804407,25.842265618,26.702860292,27.533981128,29.9070484
17.88425217,18.098322809,18.272715736,18.427269798,18.552974006,18.67326429,18.793554574,19.007625212,19.126832702,19.248205771,19.46227641,15.84274009,16.67485264,17.23103805,17.723027034,18.217530302,18.634495,18.992291854,19.283972264,19.55280841,19.83306668,20.21251924,13.70203373,15.19710547,16.20703366,16.936974115,17.50913076,17.978032525,18.4469343,18.897741565,19.32141156,19.75033088,20.47638525,11.66052166,13.84541123,15.02971616,15.850132045,16.58215507,17.240525565,17.89508003,18.47945611,19.07632714,19.659079185,20.92853482,9.619009576,12.33393789,13.69120588,14.715877995,15.63981393,16.47208812,17.30881899,18.055938915,18.8594874,19.57688134,21.23588137
5.648158779,5.9991632726,6.156025849,6.3211093674,6.4194001406,6.5357823665,6.6950751176,6.9011443265,7.055669817,7.2140459734,7.562037223,3.439247909,4.4318516968,5.1883394674,5.8290978902,6.3195755556,6.821481187,7.2992847588,7.8250911812,8.3265712004,8.9174794158,9.760004013,1.324822533,3.4157868896,4.5378993926,5.4972966978,6.3782730546,7.229039399,7.940341388,8.7787800254,9.5826282604,10.501152926,11.97209045,0.037482382,2.8218118733,4.3320110716,5.507857086,6.6772075782,7.7951918945,8.8264571236,9.8635226335,11.000631862,12.314375216,14.23162167,0.005267192,2.6401592916,4.4137601704,5.8936884558,7.2296358266,8.474006996,9.7745477566,11.048036972,12.419486242,13.942599158,16.29315947
0.020119488,0.1372865978,0.1667557082,0.2964718059,0.3420248636,0.478411866,0.5826076876,0.6440827182,0.7033013314,0.7907189384,0.936704245,0.015040838,0.2759271345,0.478528681,0.7521748605,0.951865719,1.24790468,1.483617479,1.749368845,2.079101346,2.45834859,2.995686102,0.004545041,0.3957040544,0.7937643248,1.2233555928,1.6032726862,2.056552917,2.5164063512,2.9936844034,3.4736640266,4.0979325352,5.05466796,0.004545041,0.5642885605,1.122277613,1.7044360535,2.282414654,2.85502297,3.474097969,4.145846248,4.866924879,5.7069366585,7.113649818,0.004545041,0.7175468984,1.4247276804,2.1654922676,2.898522899,3.6728573,4.481848696,5.3456455425,6.264250827,7.3441602435,9.024575688
6.642540801,6.8849069778,7.067863753,7.1890468414,7.2912148918,7.503876368,7.5870293788,7.7272275064,7.8804795814,8.1228457582,8.216688431,4.409029417,5.377261605,5.929728737,6.387120676,6.844512615,7.355352864,7.812744803,8.323585053,8.839554202,9.386892434,10.248228,2.377489847,3.8993713099,4.8665220606,5.7313033514,6.5641163608,7.334604427,8.1465893682,8.9843066583,9.7952695604,10.807171729,12.42829107,0.345950277,2.4876752448,3.8290227458,5.0294969624,6.1901814344,7.2834229385,8.402987234,9.5436909376,10.757894934,12.175459287,14.45983064,0.004545041,1.2232401515,2.807943022,4.37611126,5.846566791,7.2596309415,8.67408037,10.149107735,11.71225904,13.490631935,16.4379219
27.26077409,27.567971914,27.61008935,27.777866156,27.910457572,27.96579198,28.029218184,28.10209582,28.237548634,28.28698877,28.34183677,25.14642424,25.931313398,26.332104492,26.674016324,26.93541245,27.21489657,27.512574516,27.675852926,27.917695592,28.254531594,28.96537001,23.03335626,24.325410342,24.982859934,25.47325022,25.970768604,26.46115001,26.862348872,27.274284626,27.714940012,28.258386818,29.80205058,21.00541733,22.710771676,23.647476516,24.398420062,25.098390782,25.77362902,26.351327136,26.934982444,27.547676252,28.258716216,30.41010815,19.0496991,21.185440944,22.352717122,23.352129928,24.25302121,25.09668193,25.851808228,26.629589702,27.378937414,28.325743988,31.35863211
2.068621411,2.2702057679,2.4591404788,2.5251394386,2.7340841956,2.9168784995,2.9932299394,3.1979626223,3.3868973332,3.5921677201,3.807175442,0.0222892,0.7692214304,1.3783598364,1.8671181194,2.329764087,2.807943022,3.2887224228,3.7986937044,4.3621945534,4.9727003422,5.8661573,0.004545041,0.4652553202,0.960230323,1.475252875,2.0384284276,2.807943022,3.6224613194,4.4177863306,5.2952233962,6.2894826536,7.737396077,0.004545041,0.6225717066,1.2351640414,1.8718358541,2.5159724088,3.181588318,3.9430680726,5.0331378616,6.2835562286,7.7016854938,9.796377935,0.004545041,0.7598033904,1.513484627,2.2807501221,3.0842386892,3.912121715,4.7786182278,5.7996201619,7.2595015954,9.034635862,11.85535979
25.05683595,25.066804957,25.274435458,25.412855072,25.498820282,25.768785875,25.773653596,26.119882976,26.127556872,26.371448832,26.48050705,22.93551561,23.65953824,24.21400374,24.750274054,25.21600539,25.77365974,26.18872105,26.82693127,27.242446358,27.894235452,28.62735051,20.81419526,22.27333665,23.317490462,24.297574595,25.09669455,25.88492244,26.693634454,27.274398838,27.874902936,28.406951891,29.9070484,18.69287492,20.880142983,22.349532316,23.684907854,24.852410614,25.699812825,26.430815236,27.09497552,27.724009592,28.599559611,30.94344917,16.57155458,19.605034792,21.554997278,23.116517956,24.208262556,25.1254445,26.000889412,26.818721342,27.58937061,28.731145096,31.79557848
2.865080499,2.9909590676,3.2160319172,3.3815881976,3.4948565096,3.604495476,3.8097294694,3.9201003234,4.0326367482,4.2180318854,4.443104735,0.724374139,1.5742952226,2.1678575232,2.6764370055,3.1490580014,3.6384669935,4.1296014664,4.6168293218,5.087656573,5.696859503,6.672177522,0.015040838,0.6073577992,1.14855999,1.9857897988,2.8352088282,3.604495476,4.4229096178,5.2147961162,6.105164256,7.118971582,8.713689601,0.015040838,0.6442996894,1.321469082,2.011312244,2.716263752,3.61726265,4.7209350866,5.8984267536,7.1129978354,8.49969602,10.75520168,0.004545041,0.7903309696,1.5815671524,2.379447527,3.222877347,4.119720705,5.1282529224,6.5523731626,8.075464775,9.8699993568,12.66467942
22.65109262,22.995414257,23.201324708,23.351819405,23.473189668,23.71128165,23.7965488,24.023791605,24.086154058,24.310612725,24.44200658,20.82622184,21.633730811,22.246413804,22.837077272,23.31320435,23.774461285,24.332923938,24.754364617,25.287300334,25.846331074,26.62178862,18.69287492,20.156752978,21.240251152,22.23052089,23.033418138,23.8759302,24.725689636,25.530659,26.48048313,27.451350916,28.8101991,16.57155458,18.888299276,20.414848968,21.692669031,22.920423936,24.029738305,25.149667074,26.405393555,27.545741228,28.447029949,30.53035574,14.45023424,17.63183517,19.540608696,21.242020446,22.809033298,24.290960305,25.608885644,26.657981174,27.594516508,28.751628372,31.79557848
16.59703928,16.681535066,16.92200159,17.08240391,17.235432242,17.29686669,17.514343962,17.62889541,17.740486932,17.915835136,18.16502775,14.41329804,15.28167239,15.963012874,16.466780794,17.02876785,17.49995281,17.96373318,18.45909261,18.920347578,19.493258732,20.00330282,12.3730093,14.121237687,15.140802874,16.034695325,16.847386524,17.65417493,18.216236268,18.685476094,19.150004442,19.626799304,20.11185054,10.34115844,12.890704333,14.396106626,15.650826715,16.454806972,17.131564505,17.78289232,18.399217344,18.949523862,19.532407609,20.47638525,8.38401353,11.757378044,13.689905422,14.807607328,15.713833574,16.49659332,17.31081122,18.036822928,18.817904082,19.503185194,20.85819816
9.790836062,10.0034975388,10.10566559,10.226848676,10.409805456,10.50364813,10.662861292,10.786408664,11.028774842,11.152322218,11.36498369,7.557324678,8.4881430493,9.110092985,9.6369677279,10.105654682,10.57790988,11.037994036,11.514384712,12.010155494,12.601740333,13.39652326,5.525785109,7.0500308577,8.0227255646,8.8390413121,9.6599870076,10.45888283,11.26568104,12.083140591,12.94648596,13.946870769,15.57658634,3.547693849,5.674842798,7.0208403248,8.2134188495,9.3374212638,10.45888283,11.579261838,12.741603672,13.925137722,15.332629956,17.60812591,1.51615428,4.225118111,5.983177047,7.553959962,9.036397117,10.482254015,11.90195095,13.37218697,14.92360345,16.731422565,19.58621717
6.661891937,6.921623317,7.138030648,7.397584243,7.494493971,7.6937418695,7.951829779,8.0412779935,8.243030705,8.498576915,8.718843532,4.459670036,5.518386404,6.321544767,6.8342300545,7.33134121,7.8373411075,8.342622885,8.861213204,9.351129817,9.950593253,10.77755357,2.398171895,4.3624164755,5.557403216,6.4937151705,7.375218298,8.204394515,9.021997506,9.844034099,10.64429152,11.568254565,12.9864471,0.337342606,3.497405189,5.1105914836,6.3796467202,7.573075332,8.737059479,9.8277372048,10.895852102,12.00410925,13.334779812,15.25275306,0.005267192,3.0210076086,4.8755195916,6.4738894377,7.9289292426,9.334140873,10.630399046,11.978097833,13.392871096,14.915900397,17.43957061
7.698665943,7.9324830348,8.221176449,8.3852532015,8.5784381494,8.771826601,8.9382368278,9.1072683203,9.2999366218,9.4738771922,9.653882518,5.623307057,6.5955201791,7.2331279144,7.8706371339,8.3506344444,8.97894683,9.3902165656,9.9170938748,10.414055716,11.011936861,11.88573595,3.398280572,5.4330053354,6.5341294066,7.474373615,8.3569834426,9.250642803,10.058183488,10.814693858,11.652522568,12.562106266,13.94340683,1.378562932,4.4064290664,5.9588186244,7.329358226,8.5290589204,9.677646847,10.78619475,11.839326256,12.953740016,14.221599072,16.14162619,0.037482382,3.8330149604,5.8220455254,7.4032951756,8.8602769316,10.21572454,11.532025952,12.888903158,14.33281755,15.860427468,18.35334444
14.35308228,14.596911203,14.781223558,14.905844982,15.04164298,15.235874755,15.359413394,15.486374751,15.73020367,15.904596591,16.11866723,12.31157021,13.240711462,13.832243448,14.311239002,14.798896844,15.28005797,15.745711382,16.248876938,16.765384636,17.33023233,18.16017931,10.27005813,11.842668435,12.7858859,13.696619805,14.46310442,15.29629975,16.11866723,16.913093275,17.79588575,18.767044645,20.11185054,8.316912475,10.450039338,11.804073506,12.972880264,14.105836234,15.20229627,16.31489022,17.521041396,18.527969222,19.380258686,20.47638525,6.275400396,9.0144743202,10.678360544,12.213458706,13.667593212,15.08357004,16.396759932,17.442219421,18.41606274,19.373426392,20.9626547
18.22586278,18.488426136,18.661875396,18.865029349,19.097888004,19.21490841,19.331928808,19.549935111,19.657447994,19.783975917,20.00198222,16.19432321,17.08238293,17.70938268,18.19970806,18.68325472,19.18997163,19.6598224,20.137082225,20.66134598,21.293985575,22.23549361,14.21623195,15.748104285,16.74679034,17.618750395,18.45185952,19.257759865,20.0436091,20.861842835,21.70203515,22.71369899,24.21358487,12.18469238,14.382358244,15.779962606,16.969278322,18.096971786,19.23572185,20.357661216,21.490525442,22.716831662,24.110145008,26.24512444,10.15315281,12.995191836,14.807306972,16.367225522,17.83024119,19.25197325,20.678411066,22.161336372,23.699071908,25.49849354,27.76050873
10.0567001,10.163260964,10.414055716,10.467187684,10.70969722,10.76697632,10.867727946,11.12063519,11.17041236,11.415476712,11.51062683,7.936582512,8.7004485645,9.3523268248,9.8504793184,10.409971688,10.85594951,11.319570678,11.848503463,12.314294808,12.910111569,13.69553947,5.817341912,7.449775682,8.565183023,9.473232452,10.36511609,11.200534975,11.91411257,12.79501664,13.63327605,14.59531309,15.89468693,3.700485354,6.3354803278,7.9044221516,9.2176361846,10.419262864,11.52034466,12.607164012,13.698261766,14.834832352,16.123904694,17.99413648,1.595530246,5.4367904143,7.4498547374,9.1055042586,10.622012692,12.026272635,13.415099416,14.795812934,16.183777356,17.833121392,20.195599
24.32048149,24.540405795,24.699771032,24.959669558,25.07228825,25.209463905,25.397211896,25.521861743,25.662590362,25.835572591,26.09660093,22.28894192,23.1056932,23.749226522,24.28753005,24.775543792,25.23711076,25.78724998,26.247594664,26.710288944,27.344441596,27.76050873,20.31332448,21.78137671,22.79927282,23.650414224,24.458315328,25.23711076,25.857699846,26.398341944,26.90899032,27.389169566,28.20580987,18.27931109,20.392067428,21.808105714,23.02061938,23.995817086,24.72442512,25.422683302,26.07923788,26.693028726,27.325499638,28.60109826,16.24777152,19.04476827,20.86331779,22.18066617,23.16725502,24.06860424,24.93359289,25.76394273,26.52393284,27.31282349,29.37620987
9.950265615,10.252730644,10.428854364,10.609372696,10.852499908,10.97208515,11.127173808,11.301933046,11.390114716,11.548643122,11.74432866,7.960550072,8.8470100895,9.5212271102,10.147434119,10.630399046,11.118373505,11.631645496,12.127657487,12.65012367,13.143912271,13.99223508,5.733952399,7.5155251105,8.648453837,9.599137784,10.5331013,11.33147705,12.18605486,13.035065215,13.82491399,14.82565218,16.22574466,3.519383859,6.387040119,8.0695903504,9.3548636527,10.55984971,11.72921339,12.831666356,13.93397366,15.139864136,16.453095737,18.4598737,1.452540441,5.4479508826,7.4751070652,9.1783153444,10.722321638,12.08554356,13.34496281,14.655000126,16.193131408,17.905451648,20.49156815
10.89853606,11.100193374,11.31881417,11.507748881,11.676098448,11.782692595,11.97162731,12.148712817,12.237231234,12.435505733,12.62444044,8.839554202,9.659677963,10.240322336,10.724876688,11.238476598,11.71114222,12.174596508,12.636543178,13.133527824,13.753095866,14.6834223,6.780572344,8.216248187,9.172631676,10.046062285,10.87756053,11.67073442,12.46250187,13.28995496,14.20441052,15.155697425,16.74240416,4.759524734,6.7931421392,8.1794000012,9.401316541,10.549713968,11.63472047,12.74059458,13.910154766,15.152861772,16.534128866,18.65605163,2.781433475,5.4055760245,7.165747041,8.715411691,10.19477969,11.640134395,13.08765483,14.545358855,16.1186579,17.890270185,20.70297286
9.511420311,9.7122634636,9.9688537032,10.097896928,10.273770816,10.4539123,10.574641368,10.738213416,10.940321046,11.053454683,11.20132628,7.375218298,8.3347321885,8.986746056,9.5674769135,10.10856442,10.657041885,11.20132628,11.682164275,12.29863188,12.839333985,13.63169458,5.018539552,6.9394351793,8.1050416256,9.0986382193,9.9916957782,10.8708717,11.691928216,12.495801522,13.397040062,14.360351424,15.80811084,2.848239424,5.8346207872,7.4301441282,8.8278836036,10.048889162,11.20512207,12.346100856,13.45621483,14.70653836,15.954107146,18.05434,0.827331487,4.942921369,7.006908201,8.7279515055,10.29975648,11.702245915,13.0825964,14.500668345,15.96006496,17.673050105,20.19981347
19.43769366,19.713310971,19.905775262,19.993090963,20.118436744,20.251491635,20.473660626,20.591863167,20.726716468,20.804524649,21.01184129,17.40615409,18.183104132,18.746260924,19.285421248,19.791650278,20.25740235,20.723119666,21.235192434,21.756722346,22.319879138,23.24535268,15.22609102,16.784204157,17.785121592,18.658771939,19.466437604,20.245025195,21.006930074,21.830114143,22.733739194,23.692724659,25.27689225,13.24799976,15.42806283,16.74679034,17.98768887,19.12882523,20.23662162,21.33877974,22.49091373,23.69356284,25.10382375,27.30843182,11.21646019,14.001698478,15.754808094,17.329681288,18.79294938,20.226361025,21.636340568,23.105185253,24.671366152,26.344689897,27.76050873
16.8087368,16.987444042,17.172321266,17.342763677,17.428165878,17.568571875,17.770138224,17.926799368,18.11094445,18.288850637,18.61047741,14.60518374,15.547880937,16.171625752,16.679084966,17.240597054,17.71739473,18.207391,18.729696833,19.260065496,19.848494001,20.70585877,12.40982279,14.13137468,15.173841374,16.146524248,16.993608744,17.8051332,18.698214176,19.487821382,20.405198728,21.355304526,22.76411017,10.30517103,12.850471929,14.44915415,15.708219016,16.942912274,18.06871471,19.206503296,20.384272746,21.559627524,22.915497734,24.98830474,8.117179714,11.623952862,13.653479196,15.30503305,16.885447908,18.385925735,19.77750601,21.223290066,22.697377818,24.426558336,27.06100685
7.718164867,7.9420328722,8.122770552,8.3503756427,8.516423497,8.606733823,8.7971626666,8.9883695767,9.0644808864,9.2478288128,9.483186255,5.676089232,6.5328713144,7.1344887072,7.7243234458,8.211029756,8.694219809,9.1795571648,9.6589249104,10.193751378,10.745108818,11.52470907,3.764766754,5.2138959742,6.1738197512,7.073219955,7.8872167798,8.6617448915,9.4782341938,10.25088418,11.164735914,12.164818239,13.56958223,1.705784896,3.8029345732,5.2100815818,6.4339115625,7.5512558856,8.6617448915,9.7678823152,10.901252767,12.173446136,13.547500316,15.61884133,0.015040838,2.431674333,4.207057602,5.727756923,7.206829361,8.657257077,10.08704672,11.54635404,13.11355042,14.87913537,17.56086814
14.86377427,15.037038704,15.136250308,15.257433394,15.460162554,15.57658634,15.667908454,15.856464294,16.060524144,16.212491652,16.4379219,12.63026289,13.468664877,14.058160432,14.649431005,15.125267656,15.597713835,16.023751406,16.496715042,17.016195328,17.591856187,18.46946147,10.59872332,12.045726774,13.039693588,13.881425766,14.682976648,15.48151114,16.266234934,17.093000566,17.97437181,18.951150258,20.5272904,8.548885417,10.635520878,11.999350062,13.210579138,14.356540052,15.48097112,16.596312622,17.750594422,18.945111296,20.35602063,22.58627226,6.58909249,9.209424691,10.965761666,12.54459606,14.033455282,15.45605461,16.897678126,18.337551614,19.902111712,21.713963698,24.49991973
25.68732554,25.98851695,26.160850694,26.320521482,26.49049749,26.53815402,26.680309654,26.851917142,27.013067494,27.193851758,27.34370827,23.46342544,24.441721385,25.005576026,25.554760491,26.023450676,26.44489172,26.732302208,27.074193089,27.345621144,27.592721988,28.10798263,21.39451289,23.08242806,24.055668176,24.782968438,25.351318292,25.811806135,26.246359552,26.700935096,27.116796236,27.522693619,28.34183677,19.33696021,21.751796258,22.93627356,23.749226522,24.442081606,25.11641598,25.739195286,26.318827796,26.901375598,27.470671936,28.96537001,17.29466265,20.415518866,21.705443614,22.686900582,23.603969888,24.40209939,25.21595515,25.966251838,26.706068348,27.430113346,29.80205058
0.76528367,0.9881909494,1.1205662306,1.2662836546,1.5288686458,1.692259356,1.8268002078,2.0298686304,2.1755860552,2.3079613362,2.530868615,0.015040838,0.297464686,0.579888533,0.893781184,1.2279324232,1.614720784,2.1247317702,2.621400612,3.1555815958,3.7756147178,4.572380693,0.015040838,0.43978472,0.857981239,1.273649732,1.73755068,2.203204094,2.709767039,3.2885886536,4.104561709,5.1087272486,6.525526345,0.015040838,0.5961303155,1.155564083,1.7391054687,2.3519701902,2.9834669455,3.6362155308,4.3544140408,5.2075617746,6.5179468472,8.567038424,0.004545041,0.7320300688,1.4543975566,2.1960616283,2.9855261596,3.762169687,4.5822597244,5.5004391644,6.4858636272,7.9070226029,10.6085505
5.348424711,5.5624953468,5.6838684142,5.8030759104,6.0171465472,6.137436829,6.2577271108,6.4817171748,6.6858683828,6.8701807346,7.114009655,3.306912632,4.09592475,4.708204015,5.2546443565,5.723546127,6.2258032555,6.661349667,7.1636067955,7.676691779,8.3223264025,9.155521734,1.265400553,2.7388165805,3.692861903,4.559412593,5.359252566,6.1816200425,7.003987519,7.8092414185,8.692033891,9.7127899305,11.19703381,0.025868693,1.3029126948,2.67535422,3.8915991834,5.0284887218,6.16537826,7.284245795,8.4044993832,9.621175147,11.015969816,13.15017946,0.015040838,0.9774539232,1.9979971034,3.2066355655,4.6406742828,6.0715979055,7.497793355,8.9872178885,10.567816634,12.407516132,15.19169154
4.473186412,4.7170153324,4.9013276842,5.0259491079,5.1617471046,5.355978884,5.4795175226,5.6064788758,5.8503077962,6.0247007199,6.238771356,2.431674333,3.3597328035,3.9390054282,4.4140097637,4.9410053966,5.4055760245,5.870146653,6.3998221359,6.8984821902,7.4514192455,8.280283435,0.390162254,1.972517632,2.9835039394,3.835131287,4.667243833,5.472336798,6.253930353,7.0771426058,7.918155444,8.9003165566,10.42098979,0.015040838,0.8985268735,1.976848774,3.1899502689,4.3731244334,5.483751238,6.5956805372,7.7311192386,8.944325411,10.333706155,12.46250187,0.004545041,0.90475973,1.8234691366,2.8098791384,4.037850992,5.472336798,6.8990356594,8.3679622758,9.9398301184,11.711365584,14.41564753
9.332254587,9.5760835074,9.7603958586,9.9645470662,10.188537134,10.30882741,10.429117694,10.643188332,10.762395826,10.883768894,11.09783953,7.290742508,8.1239378395,8.769572463,9.282657446,9.784914575,10.220460985,10.72271811,11.191619885,11.73806023,12.350339495,13.13935161,5.337596856,6.821840738,7.831768923,8.6866199635,9.431448868,10.2646442,11.09783953,11.882595815,12.77505805,13.784986235,15.28005797,3.296084777,5.4302944246,6.725894813,7.933128775,9.053282638,10.14810557,11.25319414,12.408598918,13.676855,15.089374916,17.32157005,1.254572699,3.937255703,5.61135842,7.116175226,8.574865913,9.983303137,11.428603374,12.940343622,14.542808562,16.41191893,19.36308213
1.452961261,1.6847051825,1.828082677,2.010229458,2.192376239,2.3357537335,2.479131228,2.661278009,2.843424789,2.986802284,3.218546205,0.025868693,0.4190509392,0.894610279,1.4432161924,1.914283533,2.3853508745,2.8697603584,3.3875252018,3.9226146122,4.5130638085,5.447618992,0.015040838,0.4904393215,0.9201167534,1.4195805775,1.909952391,2.455402781,3.203387209,4.0187348961,4.893599152,5.8936079083,7.400764644,0.015040838,0.6026950528,1.18353084,1.8039396824,2.4433312832,3.104378594,3.8273737188,4.682217163,5.893782267,7.2924386438,9.442276723,0.015040838,0.767492368,1.513360932,2.2604234766,3.0241670704,3.847939047,4.6948888744,5.6701971166,6.906958808,8.687702749,11.4837888
15.79059065,16.032455774,16.143490806,16.350151458,16.491701242,16.55030564,16.69463773,16.849544934,17.022805374,17.186785658,17.54116119,13.64489694,14.432597116,15.068055974,15.541373034,16.043357074,16.49659332,16.964121916,17.515446216,18.005984004,18.61465126,19.69395533,11.55740988,13.021911952,13.97685509,14.807390276,15.606282398,16.39459436,17.210562328,17.991266544,18.802565572,19.377717736,20.01413068,9.444003825,11.5380041,12.87393887,14.065017193,15.19839198,16.30081401,17.158609698,17.958693039,18.665437142,19.366028507,20.21251924,7.335168252,10.10984772,11.84808236,13.34856803,14.73903156,15.79059065,16.7621468,17.62248625,18.53321375,19.32286642,20.47638525
11.50044662,11.738439883,11.933847234,12.079251749,12.181934354,12.389851595,12.521674252,12.629664573,12.874033834,13.054958637,13.25755884,9.187322008,10.265152808,10.889072052,11.459053474,11.97191593,12.46559988,12.997130708,13.507743532,14.043889868,14.62397624,15.48664385,7.174879462,8.9773869848,10.099118104,11.029116436,11.882034534,12.77994614,13.56832401,14.38515704,15.307441162,16.273060742,17.71748879,4.940204844,7.7386937144,9.3515290892,10.743265004,11.883885242,13.00220576,14.244898476,15.357536956,16.562265434,17.903187816,19.94950326,2.707831694,6.6098608721,8.7334162896,10.441319682,12.003798676,13.466015025,14.933980982,16.404296193,17.870762488,19.540296269,21.99273378
18.81759111,19.145281498,19.238711236,19.36717653,19.430806916,19.525105535,19.62244529,19.671599086,19.802648272,19.82669219,19.9239297,16.91005423,17.471569295,17.86374752,18.197685827,18.45411589,18.724409955,19.010248154,19.278667393,19.52974887,19.746645827,20.00330282,14.8088507,15.915057546,16.493929262,17.05010776,17.525187904,17.96729401,18.420742764,18.853519996,19.265303174,19.649930886,20.35084046,12.71432987,14.273387004,15.111685756,15.93032206,16.613533038,17.25420109,17.8669946,18.435842948,19.022788606,19.621574626,21.01198643,10.63044256,12.710622536,13.902959686,14.849399131,15.744818002,16.595462315,17.336627532,18.142665449,18.875823938,19.60028973,21.31558975
16.42118892,16.548652876,16.780071956,16.829072242,17.126345792,17.14375864,17.413406912,17.497827397,17.656969936,17.856074445,18.19979789,14.2980057,15.070727854,15.747041648,16.338954472,16.809702382,17.29372688,17.837557218,18.241369278,18.893360132,19.326646284,20.00369773,12.17723663,13.710869254,14.80940745,15.74468176,16.603891306,17.48906737,18.198158046,18.697842656,19.24661997,19.71154898,20.74971264,10.0567001,12.547720322,14.078674738,15.353895206,16.407035726,17.16093238,17.877234566,18.550261842,19.148961448,19.75946873,21.31558975,7.936582512,11.289855518,13.308510802,14.721699292,15.762691788,16.65748418,17.503758386,18.27018656,19.023322838,19.759179955,21.52533375
14.09391637,14.41760032,14.583765904,14.760848782,14.885987578,15.09965953,15.221942948,15.361195356,15.462818604,15.582322396,15.89468693,11.89811781,12.846870853,13.421823388,13.961445843,14.572498732,15.0216086,15.492304002,16.06401844,16.596361846,17.14530064,18.1028822,9.720696271,11.47100923,12.557769254,13.549569614,14.37141104,15.22861587,16.076859116,16.868426518,17.82793435,18.688119656,20.195599,7.57751045,10.11561592,11.74170125,13.09378684,14.33033019,15.48186624,16.60189066,17.8221573,18.93346667,19.891380935,21.48394465,5.456261501,9.0347453749,11.13344901,12.84005361,14.3784936,15.831518315,17.18231279,18.237337122,19.109218138,19.973607277,21.78073056
18.74625267,19.091606303,19.299000996,19.44756159,19.56378233,19.76932465,19.822333866,20.123220706,20.181481298,20.407246651,20.53681783,16.63174187,17.63575231,18.148910034,18.730257758,19.198813974,19.75670885,20.16916428,20.818990684,21.222566742,21.87771784,22.65100523,14.51921782,16.252625946,17.311355166,18.206399722,19.07590766,19.85836195,20.70664954,21.546832562,22.385493644,23.349720994,24.76641253,12.40969518,14.918849435,16.535990076,17.79573833,19.034390622,20.12985847,21.241444844,22.391011608,23.611055334,24.907429004,26.88275174,10.42557389,13.752219,15.72232593,17.36605669,18.94043184,20.41546101,21.8189735,23.30215596,24.72606634,26.47271373,28.86806132
21.00541733,21.151193534,21.28395423,21.396128399,21.558817218,21.757991775,21.91025606,22.023412774,22.15010987,22.350631182,22.50773645,18.74703602,19.650767532,20.26858416,20.833925168,21.28395423,21.80968782,22.260642114,22.761595894,23.315450714,23.855538856,24.71648356,16.70670662,18.342722718,19.405126476,20.265279398,21.163878412,21.94612314,22.691746174,23.58037008,24.378442334,25.401372888,26.80879914,14.60502976,17.039417635,18.50563389,19.80722387,21.00541733,22.210720305,23.291761,24.39076281,25.54093743,26.86416906,28.34183677,12.50998572,15.83316061,17.774050742,19.432925536,20.945785972,22.40763617,23.818055742,25.21594259,26.281053882,27.216395456,29.37620987
13.12852375,13.298462128,13.428620886,13.583174957,13.671832014,13.87335266,13.991801306,14.253947679,14.383409608,14.622708448,14.8941087,11.08701168,11.78224344,12.30074235,12.808413405,13.30125205,13.75879743,14.253888,14.73750911,15.35759654,15.883487405,16.84725435,9.045499597,10.215890713,11.17805668,12.015070146,12.837088906,13.60825338,14.39876478,15.233804958,16.182876342,17.231923366,18.88876643,6.927823305,8.7477302154,10.094191724,11.275318564,12.397650274,13.51447303,14.650004266,15.795257626,17.047808482,18.489126298,20.01413068,4.807304368,7.2900980684,9.0470216182,10.582486511,12.034567942,13.467496495,14.90360538,16.405432377,17.789389034,18.960179814,20.21251924
12.35316228,12.484899018,12.836821078,12.878586466,13.240508398,13.35072931,13.40580879,13.603431426,13.840318182,13.882672738,14.34863504,10.3212086,11.225293358,11.84349416,12.363327828,12.890739638,13.39936497,13.89544934,14.397215704,14.927742682,15.574838442,16.43035602,7.871754715,9.828629133,10.86482002,11.8721867,12.79422483,13.57295126,14.41030612,15.32402333,16.18090741,17.15992772,18.54804222,5.821619267,8.4517143176,10.107230118,11.482675476,12.773448248,13.90966659,15.074373044,16.31954586,17.468136174,18.848626458,20.95800505,3.822112178,7.3808869116,9.4751495522,11.283703316,12.83672704,14.33343939,15.826937774,17.296833802,18.832736176,20.508767804,22.94603855
25.42541575,25.625705259,25.720781696,25.869268145,26.092037338,26.18202596,26.317324526,26.558377894,26.741578216,26.938971837,27.18264784,23.39387618,24.133412395,24.766052,25.271356475,25.74295171,26.197276465,26.51471013,26.820272065,27.05301169,27.3400057,27.65892713,21.33877974,22.733545885,23.69356284,24.425601945,24.9428023,25.44626183,25.91829746,26.37986895,26.84295256,27.240071745,27.77925639,19.18227354,21.290229468,22.524215234,23.354317422,24.057117976,24.7607483,25.377585998,26.01207098,26.580206806,27.181445232,27.9126296,17.20418228,19.885600891,21.231492214,22.25488334,23.194486722,24.029232995,24.852081758,25.605397295,26.372104978,27.105128414,28.20580987
13.41698803,13.57144886,13.940124524,14.03039927,14.303376266,14.41030612,14.490739548,14.696298004,14.944547716,15.032135892,15.46457229,11.37445118,12.325438268,12.899703124,13.483510453,13.99681321,14.515073415,15.028100044,15.549676278,16.163923348,16.826559105,17.59673673,8.965459939,10.840278838,11.950240374,12.89432192,13.837049402,14.65314161,15.459150306,16.360241718,17.322671208,18.323751735,19.65407265,6.847431969,9.5111047918,11.13706354,12.504725712,13.822125016,14.94137099,16.114702472,17.338579574,18.537280938,19.915291104,22.04044553,4.821814617,8.422613312,10.521052368,12.322427708,13.843346906,15.34681343,16.829516784,18.329512006,19.837220762,21.170041632,23.87466841
23.54758061,23.77943584,23.99864115,24.108310455,24.24611057,24.44718787,24.66552506,24.782344745,24.9063692,25.11709305,25.3345905,21.53361392,22.43597446,23.04124898,23.553609665,24.04925681,24.49774548,24.99805945,25.50045856,26.02358164,26.616211125,27.35327264,19.5278386,21.092175667,22.10387121,23.059663226,23.88810725,24.671280985,25.46929482,26.143572641,26.701813596,27.210553687,27.76050873,17.50841102,19.780307115,21.311840142,22.587822666,23.74898269,24.59364063,25.274984442,25.958914983,26.55790655,27.183833054,28.20580987,15.50007846,18.629218689,20.522937028,22.084223337,23.097511574,24.019605575,24.854317182,25.625945509,26.403035948,27.176331492,28.60109826
5.973672076,6.161232784,6.249599211,6.348793492,6.437159919,6.624720627,6.812281335,6.900647761,6.999842043,7.088208469,7.275769178,3.744599289,4.6539016896,5.1924138152,5.6912482286,6.163398355,6.624720627,7.0860428982,7.558193025,8.0570274384,8.5955395644,9.504841964,1.703087211,3.1981589475,4.13054856,4.997437353,5.796939223,6.5763723315,7.364135604,8.1585616495,9.041354122,10.012513021,11.54635404,0.025868693,1.808778205,3.184082736,4.3942479406,5.514515375,6.624720627,7.7338093122,8.8559589848,10.065358518,11.44066305,13.58786612,0.015040838,1.0653538006,2.230107085,3.753261573,5.2195217014,6.635548482,8.0605128152,9.5173151158,11.08070063,12.831126574,15.6293782
19.77082429,19.981264518,20.095897362,20.251742958,20.388699514,20.45290224,20.659152404,20.779349044,21.008472082,21.12712099,21.32501063,17.53793412,18.519450587,19.112114998,19.707973822,20.196594364,20.646308775,21.109662284,21.578242195,22.091824702,22.666018547,23.36799707,15.50007846,17.130831078,18.206117794,19.090036774,19.973409972,20.765148235,21.550917248,22.331651813,23.156190234,24.145579903,25.60018842,13.48674847,15.933827892,17.372196962,18.695544548,19.848027978,20.99064389,22.102722786,23.212750736,24.399040276,25.662956692,27.65279007,11.47172002,14.687271523,16.625314274,18.324472343,19.781972498,21.23865046,22.6515183,24.052921724,25.562944156,26.822823356,28.34183677
15.70691677,15.950745693,16.135058042,16.259679471,16.395477462,16.589709245,16.713247884,16.84020924,17.084038154,17.258431081,17.47250172,13.66540469,14.59454595,15.190409072,15.713413486,16.179066898,16.64472031,17.125881444,17.607042568,18.13004698,18.68406682,19.51401379,11.62389261,13.206247994,14.204890456,15.058033792,15.812607766,16.65554817,17.425978572,18.23140683,19.13083866,20.072918828,21.55552587,9.582380536,11.812252802,13.204082422,14.408068028,15.53451506,16.65013424,17.76575342,18.914183672,20.098092788,21.488345057,23.50867153,7.629234884,10.424238148,12.19307145,13.753095866,15.2455945,16.65363166,18.108706408,19.548934514,21.10719703,22.884897314,25.64937789
21.94198516,22.14205085,22.271629338,22.36643883,22.548438478,22.73257934,22.785272812,22.953119152,23.15632084,23.334533252,23.5228897,19.72504727,20.683390094,21.295544832,21.81352693,22.280700198,22.74713856,23.222801708,23.693829779,24.19933995,24.767047012,25.57617998,17.67096056,19.260320639,20.259925486,21.101783104,21.927429594,22.70673473,23.507091784,24.316031852,25.17939333,26.130619186,27.62117715,15.61884133,17.8524,19.244583376,20.450734554,21.576340196,22.692301765,23.808963866,24.969981345,26.041284418,26.923463622,27.87845067,13.72659857,16.450484957,18.214082262,19.792961774,21.272196348,22.692301765,24.03968587,25.083163161,26.02106353,26.926436119,28.24678598
9.869135526,10.083206159,10.204579228,10.323786727,10.537857364,10.65814764,10.778437924,10.904142133,11.058696204,11.233089124,11.44715976,7.640062739,8.569203995,9.123223835,9.6462282466,10.129554946,10.6085505,11.098373914,11.577369468,12.09387717,12.634554866,13.48867184,5.59855066,7.1057073957,8.0948882978,8.9454081965,9.7678823152,10.54823526,11.347683804,12.155733667,13.023018428,13.961904754,15.44181749,3.557038581,5.7785318695,7.1121355624,8.3648049751,9.4853518258,10.60363691,11.711812312,12.849533926,14.054682792,15.438569135,17.48332957,1.603892929,4.3882655072,6.148239358,7.7253498756,9.1672035624,10.61396443,12.032496288,13.513575905,15.079689502,16.833363806,19.62403593
13.11355042,13.327621059,13.448994128,13.568201627,13.782272256,13.90256254,14.022852824,14.148557033,14.303111104,14.477504024,14.69157466,10.88447764,11.815784464,12.371969878,12.92815529,13.39597427,13.86379326,14.358296528,14.852799796,15.344788782,15.900974196,16.73308674,8.842965559,10.412743862,11.389808762,12.28143788,13.10315171,13.87494133,14.685052772,15.48137519,16.37528989,17.361130264,18.8737931,6.889819907,9.0359401945,10.42012419,11.640134395,12.77017563,13.88019515,14.9891575,16.144531255,17.36615042,18.74124346,20.91530518,4.848307828,7.650890594,9.416475538,10.99449977,12.47332973,13.88544897,15.33179536,16.80023865,18.34359454,20.16506235,22.86845083
2.453330043,2.6971589634,2.8814713146,3.0856225231,3.3096125872,3.429902869,3.5501931508,3.7642637867,3.8834712834,4.0048443509,4.218914987,0.411817964,1.24393051,1.810943776,2.356301332,2.824120317,3.291939302,3.759758286,4.2917736988,4.861301254,5.4791688046,6.260427066,0.025868693,0.5171624347,1.076181655,1.7128322805,2.54386204,3.3361225145,4.128382989,4.9702406045,5.8344513648,6.8198608335,8.301939144,0.015040838,0.6150027494,1.2633969652,1.918614675,2.6433780366,3.395279059,4.4746841816,5.607212944,6.8318920746,8.209241576,10.2550848,0.015040838,0.7850464058,1.549092873,2.3601860929,3.1831267794,4.033427017,4.9787910004,6.2593442805,7.83412016,9.6177841219,12.39579116
6.904793237,7.1100272304,7.2203980844,7.3329345092,7.5183296464,7.644240333,7.7610757814,7.9067932062,8.1318660558,8.2775834798,8.482817473,4.67572045,5.518847859,6.068349549,6.5786609966,6.9992138656,7.5612557155,8.0112905926,8.4903969715,9.048072253,9.6866287199,10.71189026,2.724490168,3.9781487568,4.871943442,5.7282259864,6.565722842,7.335168252,8.136434337,8.9805893788,9.844696308,10.88070981,12.66503591,0.68106272,2.4787197546,3.8244639726,4.9870505804,6.171874973,7.279914653,8.353053406,9.517649724,10.812234076,12.235977788,14.7050317,0.01177881,1.1426008058,2.7431336642,4.2672088576,5.7253249884,7.18668458,8.5931253534,10.100935026,11.651859372,13.515555815,16.65969364
3.47281763,3.7166465507,3.9009589026,4.0255803268,4.1613783226,4.3556101025,4.4791487408,4.6061100948,4.8499390152,5.0243319389,5.238402575,1.431305552,2.264500911,2.910135506,3.3790372765,3.847939047,4.3168408165,4.785742587,5.3321829285,5.88254175,6.446719322,7.279914653,0.031974698,0.874037355,1.818648589,2.650450154,3.4632037,4.2176465355,5.050841867,5.8744444505,6.728060384,7.7488164235,9.233060305,0.02607164,0.6624205004,1.3361206974,2.0788636014,3.0203048176,4.123866181,5.2225642966,6.3509945256,7.6476446462,9.0645507558,11.27457238,0.01177881,0.7822168338,1.5349867368,2.3578666894,3.1856969664,4.134607387,5.4404403338,6.9287686547,8.49797647,10.364363497,13.31608446
13.83705417,14.160175614,14.337270272,14.516525927,14.668586468,14.7479478,14.92092478,15.096723186,15.28302394,15.462944406,15.63981393,11.76649409,12.729903933,13.29768312,13.827358416,14.3802173,14.824252,15.291299938,15.801451547,16.335118424,16.903361185,17.72335929,9.709055161,11.360506956,12.39118549,13.302932612,14.15598044,14.94449931,15.752677384,16.602662864,17.442657318,18.4150374,19.79855026,7.737810063,10.11213318,11.53264892,12.80024449,13.96980729,15.05887642,16.15190398,17.25420109,18.41077006,19.27677054,20.47050754,5.678137802,8.844275732,10.625390466,12.191488872,13.608566014,15.038083765,16.350239938,17.427769837,18.414957086,19.322429962,21.15251687
0.047524403,0.1577095904,0.2310756836,0.2905922522,0.3982901546,0.511012246,0.6211974332,0.7315682868,0.8441047116,1.0294998492,1.254572699,0.036696548,0.2354996586,0.501013486,0.6998165965,0.9704906606,1.1695474615,1.4461428344,1.7227382063,2.087700006,2.4634896601,3.296084777,0.031974698,0.4130616068,0.7950942834,1.2333428439,1.6202027358,2.0460899935,2.4736492762,2.9388881426,3.475490582,4.1006046094,5.337596856,0.025868693,0.5375383994,1.0843760686,1.647018682,2.2474209278,2.832596935,3.4728830914,4.1322067504,4.861622968,5.7072363202,7.478303216,0.01177881,0.6952805242,1.4146695256,2.1050925975,2.852087073,3.599081549,4.4073047902,5.2382051185,6.1832117566,7.2913522427,9.519815295
15.70700717,15.868155872,16.049148376,16.197914206,16.375233682,16.52709895,16.683466076,16.748466004,16.891077976,17.07288996,17.221519,13.61627418,14.477841396,15.058708864,15.557288014,16.092724952,16.58660995,17.026014504,17.508462592,18.024599124,18.591676962,19.4393178,11.40598802,13.080132955,14.176026818,15.141440603,15.93064718,16.71278978,17.546992672,18.369941865,19.183493042,20.128702381,21.52194759,9.316083461,11.911773779,13.394244026,14.715658228,15.92081529,17.017176025,18.106399338,19.206488868,20.413624884,21.625618878,23.61146712,7.24446405,10.716825309,12.726770576,14.376297297,15.920077904,17.336439615,18.719654786,20.128749826,21.568015622,23.222093927,25.70619636
9.769806273,9.9723454455,10.14810557,10.348963945,10.4758748,10.676693305,10.85259807,11.051920625,11.18207455,11.38138685,11.55740988,7.652751116,8.7082107178,9.3736992792,9.7914732506,10.319506224,10.81683222,11.279246004,11.811662746,12.273269792,12.939724194,13.73802255,5.65144672,7.2842727434,8.2955292954,9.1048778716,9.9425373664,10.78595611,11.53621904,12.352407712,13.286436024,14.25544434,15.84669614,3.580538301,5.8859964375,7.28214719,8.417047264,9.608181721,10.740480875,11.85776663,12.990306655,14.24306015,15.597899515,17.95834885,1.634307512,4.5546197424,6.3072630114,7.8698726243,9.3391515532,10.784600155,12.200223942,13.647733974,15.190830888,17.006648358,20.00330282
17.03329739,17.30579768,17.596829994,17.712342677,17.954161538,18.14000592,18.312660982,18.418271602,18.583826132,18.735764556,19.02790609,14.80067393,15.760385422,16.419785582,17.018496023,17.536473556,18.049146435,18.554657636,19.070884106,19.563319648,20.195879425,21.06440327,12.76370141,14.46821982,15.538263808,16.511025329,17.402567952,18.23661929,19.045442116,19.797423413,20.362001412,20.871475308,21.78073056,10.52800087,13.08119205,14.66202232,16.01769238,17.23538849,18.15279448,18.83177671,19.46225835,20.04402144,20.79058495,22.258941,8.395559282,11.87209243,13.902171882,15.59685106,16.599810718,17.47690136,18.266808812,19.023033778,19.795368628,20.6882486,22.94603855
16.0837474,16.277484044,16.417412156,16.504385294,16.684424082,16.88336962,16.929532276,17.099151272,17.28740363,17.485380846,17.66477408,13.55316431,14.625902593,15.27342372,15.80451735,16.360092452,16.842102275,17.33538427,17.874484086,18.410201264,19.013709321,19.8775631,11.50044662,13.259592524,14.37141104,15.325021656,16.218110554,17.03902242,17.91330807,18.793583632,19.700285684,20.650578976,21.99273378,9.283695439,11.89192688,13.45483315,14.84434229,16.0837474,17.30736039,18.40013958,19.54672244,20.40155094,21.164816705,22.94603855,7.079105143,10.697150898,12.773448248,14.457136266,16.08114144,17.51339095,18.546820598,19.442127836,20.291010484,21.232053426,23.82090751
12.6873788,12.788560872,13.043673968,13.089529424,13.33787032,13.43147446,13.553179036,13.750387508,13.79389634,14.044008268,14.13648554,10.56704448,11.31801018,11.9805619,12.40982279,13.0551539,13.50569193,14.03105075,14.46755202,14.90902773,15.54707875,16.31399961,8.447205303,10.048011496,11.116850066,12.02227972,12.918600828,13.74767323,14.519305076,15.31684089,16.231127952,17.105679201,18.42427027,6.32835885,8.821737746,10.406852122,11.707549596,12.90998798,14.02749389,15.144893884,16.251178074,17.364782626,18.703553432,20.53691421,4.212003564,7.8051084902,9.8253334184,11.470947924,13.036212242,14.45122306,15.865466024,17.278101752,18.706231526,20.27718437,22.65109262
15.97258338,16.190075806,16.335634486,16.600277087,16.694128212,16.880346995,17.038958338,17.10956316,17.311787424,17.470599332,17.77117774,13.93912303,14.818223438,15.367246366,15.886120546,16.39106874,16.86069503,17.307790454,17.774012444,18.267066792,18.881376852,19.76145218,11.70324683,13.42833022,14.4331889,15.361860805,16.19334107,17.02631759,17.7782645,18.551270115,19.13392509,19.655230855,20.74971264,9.70266547,12.151397039,13.608566014,14.82014412,15.941623176,16.855118605,17.606442134,18.346386811,19.041666014,19.705702301,21.31558975,7.677335675,10.82548812,12.57666949,14.072514365,15.21339344,16.196135155,17.1259102,17.975186025,18.83177671,19.641575405,21.51475179
17.60644262,17.818876784,17.938706812,18.044721532,18.22184344,18.36500633,18.475341078,18.610801718,18.838433126,18.98750507,19.18472238,15.10889526,16.175078496,16.768691376,17.334412438,17.813286034,18.36500633,18.89182205,19.374307488,19.953478004,20.534298086,21.22154052,13.08209799,14.807705568,15.980979024,16.88869253,17.757446272,18.51937527,19.141409892,19.647532386,20.166216612,20.736141098,22.30124203,10.84661885,13.444542298,15.036861406,16.331960932,17.261765812,17.94039649,18.61987273,19.312438834,19.996451746,20.884873819,23.03902543,8.611445474,12.179566263,14.21534633,15.394326802,16.324904236,17.19801728,17.984752124,18.860641999,19.837220762,21.05135441,24.19483365
19.93102961,20.123780272,20.230644788,20.35395422,20.456628976,20.49408451,20.57962225,20.65427123,20.743037264,20.84707716,21.01198643,17.71009988,18.446488578,18.808027456,19.094500616,19.35420751,19.62324277,19.871374874,20.13522723,20.39412824,20.746374952,21.31558975,15.65918921,16.720110384,17.292434424,17.82793435,18.297949084,18.71582872,19.177947794,19.610584692,20.00747539,20.586242508,21.52533375,13.61017007,15.01326708,15.81419282,16.59633337,17.25800486,17.87486921,18.52573855,19.094394255,19.69916963,20.39238162,21.78073056,11.69324658,13.368624435,14.421627262,15.369669655,16.24070207,17.08389651,17.868399902,18.646343479,19.395911948,20.2131221,22.122413
16.87844766,16.9460916,17.036967982,17.345910462,17.43635299,17.52325457,17.812371694,17.927153642,18.01029514,18.309217147,18.47659572,14.38848876,15.324899525,15.93379809,16.46293346,17.03902242,17.53976306,18.05434,18.59033947,19.21955019,19.832752495,20.60237512,12.32701656,13.885970816,15.015490184,15.992793032,16.912142484,17.83093452,18.63868274,19.451232626,20.380857428,21.394950652,22.94603855,9.919300008,12.604028096,14.241904562,15.53377273,16.836720832,17.99915664,19.24714486,20.329809798,21.15037508,21.975866754,24.03685454,7.830660335,11.36708,13.421548996,15.223816306,16.836720832,18.24142963,19.32321671,20.251434848,21.168576338,22.050502634,24.19483365
18.60916059,18.803981568,18.998362408,19.179297742,19.376670818,19.4212817,19.593136302,19.781223418,19.976498986,20.16039843,20.35076857,16.71873076,17.513308942,18.108051242,18.649473512,19.165114674,19.66260814,20.074439956,20.573816214,21.116762552,21.632046188,22.40414706,14.67051241,16.175851254,17.213851478,18.089675561,18.940828582,19.75764093,20.525132542,21.327857507,22.208837982,23.114478408,24.45890082,12.62365881,14.955987888,16.407594694,17.694261436,18.837536534,19.94063624,21.045366052,22.206506942,23.3267193,24.643552296,26.55381332,10.56242101,13.723397154,15.639508128,17.25837967,18.74687935,20.18043049,21.567956886,22.980120834,24.459296064,26.092881504,27.77925639
13.28101125,13.52246636,13.70764417,13.841067605,14.02749389,14.179600985,14.38238013,14.50095413,14.67051241,14.84132152,15.05782798,11.47172002,12.310106341,12.920089944,13.486154955,13.948126926,14.424306445,14.872471232,15.329150102,15.869651394,16.415650812,17.29269591,9.286182612,11.008249293,12.016644074,12.940932555,13.761704416,14.58480103,15.378999312,16.164541512,17.014971438,17.953916135,19.32173273,7.241627127,9.8413417614,11.295723562,12.6202605,13.741902988,14.842238265,15.927386924,17.031420219,18.200994868,19.429427152,21.32501063,5.210483602,8.6391215383,10.609718816,12.285538618,13.755842432,15.17382572,16.617742236,17.981690228,19.412876272,21.004951744,23.36799707
15.48990899,15.65918921,15.80856228,15.83382436,15.96245016,16.12944068,16.30208426,16.43661614,16.47777825,16.59974425,16.77036662,13.27436604,14.216475492,14.716005794,15.203513488,15.6611763,16.15190398,16.600759634,17.052443422,17.553903694,18.082137924,18.99399845,11.21915687,12.76099401,13.61017007,14.40495101,15.18807898,15.955865905,16.66283608,17.52483402,18.41101518,19.41716616,21.01198643,9.166751792,11.204185226,12.406704394,13.565460812,14.69062056,15.77519358,16.90076431,18.019371698,18.963201092,19.781677172,21.31558975,7.115789016,9.6712201159,11.268949596,12.786270703,14.174176212,15.63120115,16.833887362,17.853712221,18.815928298,19.745688277,21.60958123
10.90613335,11.129040628,11.261415904,11.407133332,11.669718326,11.83310903,11.967649882,12.170718308,12.316435736,12.448811012,12.67171829,8.864621268,9.6956510285,10.26158151,10.799185212,11.27259248,11.73932868,12.206064878,12.672801076,13.227903704,13.848111181,14.71323037,6.82310919,8.2510848594,9.2375771132,10.147228232,10.958405008,11.73391475,12.524396718,13.386963268,14.241080242,15.234069212,16.66637602,4.68240283,6.867292403,8.224400573,9.4218894655,10.6085505,11.728500825,12.84845114,13.968703055,15.1920459,16.58333192,18.7078881,2.640890751,5.4334147825,7.198230606,8.7708409145,10.24803962,11.689937875,13.13520613,14.60862216,16.19206032,17.97388705,20.74940018
7.661718448,7.9055473684,8.0898597202,8.2144811448,8.3502791406,8.5445109205,8.6680495588,8.7950109128,9.0388398332,9.2132327562,9.427303393,5.62020637,6.4512361302,7.0680208956,7.5547703098,8.0281775808,8.5057177655,8.972477834,9.5167526045,10.0210009462,10.637785712,11.46881547,3.578694291,5.062938173,6.072866358,6.927192752,7.76091273,8.5832802065,9.341478847,10.174590335,11.0828662,12.03274596,13.51032755,1.537182212,3.6769767076,5.0640209584,6.275586062,7.4654954568,8.577866279,9.6701793544,10.799246666,12.017671816,13.41329884,15.4634732,0.036696548,2.2986016166,4.124051847,5.6846679682,7.174409325,8.592484265,10.04803395,11.504241422,13.03168071,14.799431228,17.60417956
4.141376415,4.3466104084,4.4569812624,4.5695176872,4.7549128244,4.880791392,4.9976589592,5.1433763832,5.3684492334,5.5141666578,5.719400651,1.912303628,2.8403829882,3.4484845812,3.9527329215,4.4387212104,4.928338975,5.416727778,5.9006973473,6.4057957724,7.0182493965,7.948473438,0.040842024,1.4720773573,2.441481667,3.3026795595,4.1322119204,4.921408189,5.7190987514,6.5374369855,7.390122456,8.3778718544,9.90161909,0.031974698,0.7930895697,1.6272404038,2.7390022465,3.8945712018,4.9963267975,6.0824763688,7.2157295327,8.4534384206,9.805637914,11.94313117,0.01177881,0.8882063995,1.807621314,2.7429657465,3.766254999,5.12964889,6.536159509,8.007891053,9.525071204,11.197435815,13.98464325
19.32708955,19.57816379,19.81431472,19.99552077,20.19981347,20.35920264,20.54186718,20.740619215,20.90200238,21.15213484,21.38841698,17.26581595,18.1413808,18.84053378,19.409114655,19.93119035,20.438802645,20.90200238,21.1890069,21.51636433,21.88561502,22.57743497,14.97999649,16.734469987,17.835915396,18.796471721,19.383906782,19.926417755,20.427708028,20.908507479,21.36392544,21.922157817,23.3430724,12.77994614,15.33260706,16.82532119,17.78357019,18.50258661,19.24802864,19.90483602,20.5180261,21.18250427,21.902832,24.03685454,10.59498712,14.067181346,15.611086538,16.725092438,17.692705298,18.58188629,19.409974626,20.201576516,20.966338546,21.982863372,24.19483365
10.35378124,10.59083761,10.80032457,10.93840763,11.0492584,11.263224915,11.47172002,11.62154975,11.70875652,11.939617085,12.14716879,8.357077105,9.222012543,9.910899055,10.41213214,10.93162592,11.371442025,11.81372191,12.35908448,12.82337845,13.438843515,14.19047545,6.328405302,8.0297545365,9.122831961,9.9446817235,10.84712191,11.64329854,12.39669328,13.1602018,14.02749389,14.94048506,16.25351485,4.328993212,6.8114906285,8.3704970794,9.6540708969,10.82591921,11.969579025,13.05139111,14.104663628,15.223162292,16.493273434,18.32986352,2.200883529,5.7295486961,7.7483333616,9.4730216351,10.958882802,12.37324714,13.728884202,15.126605776,16.51669231,18.041317093,20.30497082
8.349625106,8.5885001282,8.714627622,8.8455353613,9.0313963246,9.1473257125,9.2728842404,9.4909816333,9.7052213464,9.8520664707,10.14433724,6.355467752,7.20683556,7.871700179,8.3957406435,8.869908927,9.349211416,9.817707953,10.32064966,10.81934839,11.43224094,12.19492743,4.129647786,5.8843790008,6.9481036574,7.854762155,8.6961423176,9.467461207,10.235202376,11.069705702,11.896697762,12.834822762,14.17505137,2.087719222,4.681954513,6.11711281,7.3273808905,8.434124943,9.56872453,10.71189026,11.837675255,13.01249104,14.36542313,16.22513077,0.109851822,3.3881730214,5.1718878612,6.6865401626,8.143479374,9.537517173,10.936266932,12.453670528,13.996594182,15.787511236,18.28491186
15.26508464,15.471401421,15.657879344,15.758330764,15.863113332,16.009913545,16.156713752,16.261496323,16.361947746,16.548425669,16.75474245,13.03601185,13.997076961,14.52133852,14.998902574,15.478980914,15.96573033,16.452479746,16.950057017,17.441137572,18.022750126,18.98381524,10.99449977,12.562778936,13.51249312,14.368950026,15.1702215,15.99908569,16.805596732,17.590103352,18.44062325,19.428721363,21.02532731,8.952987695,11.154816484,12.498621432,13.761350615,14.88563208,15.99908569,17.1125393,18.233114201,19.459222176,20.838849395,22.97847297,6.999842043,9.7926797395,11.55934747,13.116798778,14.594801564,16.017819935,17.418062696,18.903028305,20.451579422,22.216319494,25.01998504
10.91825588,11.148985237,11.343799156,11.472418218,11.597580736,11.799188915,11.920580726,12.047663827,12.28122295,12.467131081,12.67365026,8.869908927,9.757947294,10.36419189,10.87166742,11.34253622,11.83079113,12.32816792,12.83823431,13.30965486,13.924065495,14.72199721,6.821561977,8.4710837716,9.5082922788,10.3723628,11.159637964,11.90866083,12.730622374,13.546403278,14.386514728,15.35185015,16.66283608,4.751125577,7.075231757,8.4323220684,9.6913344124,10.79969307,11.87778112,12.967850974,14.098179524,15.346768072,16.73018296,18.70428668,2.689587561,5.702979621,7.337275049,8.8733595694,10.365278638,11.76649409,13.20524198,14.7039515,16.28460815,18.06162739,20.74971264
17.85648756,18.17520834,18.34207474,18.515946658,18.653087326,18.85324502,19.000987042,19.197528006,19.324630734,19.517754546,19.65825652,15.65279992,16.60795092,17.191352928,17.665178838,18.135780358,18.65183199,19.099141016,19.614351354,20.15867521,20.72757934,21.31558975,13.55534745,15.150300315,15.96245016,16.80688133,17.59072932,18.39942467,19.036038,19.577956165,20.10582559,20.663070865,21.60958123,11.61860318,13.608365507,14.805072944,15.923893218,16.90254892,17.71176561,18.42527946,19.098677885,19.76062383,20.494959661,21.89578586,9.491920654,11.923607342,13.526431298,14.869530398,15.94430515,16.867815265,17.772595092,18.625945086,19.436823524,20.351072519,22.258941
0.332860213,0.469974713,0.6889458514,0.8575354396,0.9640433272,1.081514981,1.2832358214,1.3948095722,1.5067706126,1.692985057,1.911886004,0.031974698,0.2671884906,0.5255597346,0.797955962,1.0803898256,1.3870052105,1.7275782968,2.1674412034,2.6106188262,3.1993700155,4.138865362,0.01177881,0.4162178148,0.8307955258,1.2559091748,1.7155170006,2.177447409,2.6412124656,3.1883221492,3.7858096726,4.672004716,6.183427265,0.01177881,0.5551526372,1.141494034,1.714744161,2.3152333766,2.924398752,3.5782663194,4.3022991898,5.1508085736,6.203782847,8.227989168,0.01177881,0.7008794057,1.427968658,2.1693370553,2.9002645472,3.6722677215,4.5003240728,5.4070449331,6.3900963128,7.6649668045,10.17163445
1.064114671,1.2588818156,1.5181663204,1.6389938596,1.7972592092,1.892097784,1.9507847978,2.193403933,2.3027286418,2.546794317,2.825191369,0.01177881,0.248108068,0.5107042606,0.7912895814,1.0972272558,1.529932114,1.9957125576,2.4787197546,3.0289212858,3.6476663814,4.769052071,0.01177881,0.4113516365,0.798144689,1.2167425116,1.6347213084,2.0794453515,2.5362713526,3.064076534,3.902175016,4.9251467331,6.717232529,0.01177881,0.5425242093,1.1241628516,1.6892682956,2.2612525716,2.8435365995,3.4768968938,4.1405076091,4.9411151002,6.218585466,8.758744608,0.01177881,0.7026333746,1.428378242,2.1702593711,2.8786701376,3.657970365,4.42551002,5.3047005973,6.2451408644,7.5882156326,10.82589728
19.16054809,19.374618726,19.495991788,19.615199287,19.829269926,19.94956021,20.069850486,20.293840551,20.497991762,20.68230411,20.92613303,17.11903601,17.908048125,18.52032739,19.066767735,19.5356695,20.037926635,20.47347304,20.975730175,21.48881516,22.13444978,22.96764511,15.07752393,16.55093996,17.50498528,18.37153597,19.1822038,19.99374342,20.8161109,21.6213648,22.50415727,23.52491331,25.00915719,12.93681757,15.121707145,16.48964317,17.69734495,18.86296524,19.982915565,21.10286589,22.23364406,23.43113295,24.82701041,26.96230284,10.89530549,13.712292602,15.523687204,17.11470487,18.59570039,20.02081306,21.47254382,22.908300526,24.468314044,26.242378,28.25950337
22.59097233,22.744254612,22.910503264,23.095980898,23.25383188,23.41501882,23.602399824,23.763036258,23.926616114,24.1120434,24.27238002,20.52988939,21.355196715,21.97270834,22.471756845,22.98174165,23.44609,23.90145152,24.42223061,24.93359289,25.477994255,26.33325759,18.46891126,19.978781188,20.998737954,21.854312876,22.719935526,23.5429444,24.308365094,25.130422042,25.961804804,26.932519872,27.87845067,16.51866979,18.685322844,20.149778788,21.339148667,22.448395806,23.562673265,24.694322086,25.627618081,26.386846118,27.126851606,28.24678598,14.45781599,17.37373203,19.18358773,20.74892125,22.21778444,23.54758061,24.50842061,25.38427861,26.22577069,27.05066927,28.24678598
3.848685112,4.0327917148,4.1871426812,4.3799313776,4.5242842016,4.697264249,4.8603883364,5.0399320784,5.206614524,5.3516575732,5.538960613,1.634307512,2.6242564454,3.2459523574,3.8148715176,4.29130063,4.807304368,5.2432072812,5.831413006,6.2543321236,6.8864563092,7.652751116,0.01177881,1.4447221826,2.4707217204,3.3321799841,4.1342410972,4.9233988685,5.692389371,6.5200410575,7.3320533074,8.3371482729,9.769806273,0.01177881,0.8118107313,1.7099140884,2.7325114045,3.8654969178,4.960549687,6.0685523996,7.1989095363,8.380220956,9.7071382537,11.75260713,0.01177881,0.836250568,1.7193258066,2.618272301,3.6806603732,4.9678893675,6.3638503378,7.8458451335,9.4090004062,11.170330963,13.838652
24.51451651,24.684691018,24.826326116,24.983969243,25.155899916,25.303901705,25.455220726,25.625292971,25.781082494,26.019294967,26.22577069,22.32392245,23.182254175,23.782518062,24.301695045,24.800083556,25.255255905,25.736129546,26.221043953,26.708388092,27.307382457,27.87845067,20.39308806,21.83875854,22.81666408,23.73895342,24.540945094,25.35839123,25.919698972,26.406824048,26.860729768,27.325982746,27.99413149,18.33265668,20.527474384,21.956203808,23.139490944,24.01522102,24.7607483,25.421056918,26.047662262,26.679843556,27.277319434,28.24678598,16.27250938,19.17653625,20.991506258,22.216338978,23.20081281,24.0457569,24.871954868,25.625487598,26.391705908,27.15208629,28.25950337
24.7224022,24.918799553,25.018168196,25.124033546,25.260914324,25.467231105,25.614031318,25.718813886,25.819265306,26.005743229,26.30042644,22.49332941,23.411468457,23.956651656,24.443226712,24.91645962,25.37886468,25.841269734,26.334515861,26.85444628,27.416045615,27.97764495,20.45181734,21.98565836,22.95681726,23.83987193,24.63403577,25.406628745,26.0244993,26.567935905,27.05066927,27.49941177,28.24678598,18.41030526,20.558591115,21.9563922,23.16862074,24.16190312,24.87397662,25.557520684,26.205774315,26.791483674,27.349623764,28.25950337,16.36879318,19.211402372,21.002118672,22.322457272,23.262941336,24.15625632,24.94107263,25.735395006,26.475882516,27.209037814,28.39784478
19.82095397,19.826202931,20.124528308,20.324164075,20.333875322,20.585812245,20.823731504,20.831507958,21.038352344,21.323319218,21.32925144,17.82098501,18.378859053,18.97523766,19.788405017,20.325551848,20.826943235,21.3282694,21.839994657,22.354497072,22.872907625,23.82835189,15.32103522,16.941953274,18.061293558,19.0336714,19.919496348,20.84996424,21.549602994,22.045474082,22.503203776,23.032707822,24.19483365,13.32108896,15.561051356,17.183461184,18.485629996,19.57817952,20.34038976,20.89216932,21.415867448,21.93651318,22.618749916,24.19483365,10.82118405,14.317257802,16.3450708,17.822988452,18.719727054,19.432805065,20.109532484,20.73124847,21.35256654,22.153752584,24.19483365
20.06917645,20.279489308,20.4637105,20.690417962,20.858004114,21.03089607,21.13858505,21.304734966,21.374726606,21.494935478,21.60958123,17.84428635,18.731323604,19.388691328,19.755576592,20.074533438,20.358798235,20.61451378,20.885484454,21.175651364,21.476364418,21.99273378,15.77863001,17.278189674,17.997900414,18.585009298,19.097426104,19.57734291,20.04718739,20.463268164,20.89616344,21.33414659,22.40260868,13.55034602,15.592977308,16.568041892,17.362060486,18.059693548,18.71582872,19.388691328,19.955269484,20.586242508,21.274759476,23.00905753,11.49479567,13.949641169,15.194132664,16.18148539,17.06859927,17.9153318,18.729100918,19.51678213,20.318684092,21.251678866,23.82090751
21.57624181,21.704743574,21.75222943,21.830544064,21.907156572,22.00345345,22.13427421,22.227968742,22.286677938,22.407187382,22.69009669,19.2630894,19.877203664,20.233575354,20.596362056,20.890840336,21.18369437,21.454071244,21.742785478,22.116533524,22.580155508,23.45200738,17.10480828,18.188402643,18.843612734,19.390383668,19.91439826,20.386382495,20.83825209,21.347275659,21.928927368,22.823248741,24.19483365,15.04782502,16.605263896,17.508872158,18.329757356,19.009514532,19.70757508,20.325551848,20.953463812,21.736563374,22.603901552,24.19483365,12.70584,14.949038307,16.19515092,17.203136335,18.0877695,18.9375668,19.752497212,20.404271141,21.195820426,22.144426822,24.19483365
17.23468299,17.397752186,17.53438919,17.668494002,17.82557295,17.98127986,18.112602236,18.25362366,18.414409428,18.557132748,18.8137229,15.04760085,15.917805236,16.448407396,17.00276977,17.4923774,17.9763595,18.393566944,18.898173852,19.428263516,20.016926136,20.87457566,12.98609071,14.56508363,15.60821528,16.43401527,17.24363164,18.08208416,18.8137229,19.64860401,20.4327884,21.35691403,22.81029936,10.92459666,13.259001352,14.64176946,15.881781102,17.00457776,18.1285898,19.17653625,20.27048431,21.501220298,22.809938214,24.87170643,8.992626944,11.953792148,13.730872694,15.305380622,16.753868988,18.19866076,19.585757246,21.0150578,22.571999732,24.248004838,26.82138476
14.81242465,15.056253573,15.240565922,15.365187351,15.500985342,15.695217125,15.818755764,15.945717111,16.189546034,16.363938961,16.5780096,12.77091257,13.627195116,14.25407367,14.777078078,15.259139172,15.73940034,16.20505375,16.670707164,17.187214862,17.763239134,18.61952167,10.72940049,12.299845235,13.24089713,14.078001565,14.902418312,15.68306846,16.486125486,17.307679505,18.160364974,19.148114369,20.57266733,8.687888415,10.841936922,12.217470382,13.427146038,14.587565138,15.70855491,16.822235964,17.951148554,19.1670448,20.548916028,22.6141794,6.734742763,9.49617968,11.263930194,12.815270146,14.27859661,15.72857248,17.181903616,18.61302496,20.16864978,21.937608204,24.75488577
25.57183931,25.785909949,25.960302876,26.20413179,26.331093146,26.454631785,26.648863568,26.784661559,26.909282988,27.093595337,27.33742426,23.61869366,24.474976206,25.01348833,25.529996032,26.008991586,26.48798714,26.95364056,27.30596459,27.5968305,27.882029592,28.24678598,21.57718158,23.06034268,24.00247736,24.856594334,25.479141746,25.95778859,26.42631419,26.871770848,27.315622246,27.70821453,28.28972249,19.5356695,21.597754505,22.98713525,23.853222268,24.552919216,25.202131825,25.819016244,26.392041218,26.964468412,27.538368466,28.39784478,17.49415743,20.255594342,21.701541036,22.700673538,23.552599212,24.38150502,25.14618385,25.924431126,26.675188898,27.401488874,28.61571503
21.90490983,22.027194711,22.262740308,22.299939334,22.60772601,22.62427858,22.895380886,22.979232538,23.132935618,23.332124976,23.3430724,19.77838785,20.58498025,21.196913668,21.522265064,21.854759004,22.03636453,22.352642852,22.657533406,22.961211524,23.340985812,24.19483365,17.65717681,19.074351805,19.78424478,20.322734335,20.84996424,21.334514205,21.80654812,22.13170434,22.57743497,23.0372186,24.19483365,15.53599562,17.42749124,18.41845021,19.24569404,19.8775631,20.41487851,20.90676194,21.42431152,21.93270396,22.6233662,24.19483365,13.41485844,15.830245609,17.042388848,17.997272301,18.738246246,19.409114655,20.045638182,20.713805394,21.359841344,22.156392112,24.19483365
14.82325251,15.064353678,15.24886257,15.455544989,15.676111246,15.79511383,15.918231014,16.132177911,16.25044385,16.372554392,16.58865424,12.78174043,13.734732545,14.332544338,14.822169724,15.304284952,15.794411405,16.284409174,16.766120439,17.25763026,17.883224969,18.81563359,10.82859478,12.336717775,13.327047606,14.171121174,14.991323072,15.82442131,16.586525312,17.416859491,18.288155168,19.258295195,20.7594943,8.787082697,10.9169612,12.30742473,13.58597671,14.71323037,15.83008249,16.947134,18.0676674,19.28116971,20.66103375,22.8040562,6.745570618,9.5832534412,11.383341344,13.018353342,14.519175226,15.92936633,17.393216764,18.830013376,20.376433264,22.123134228,24.8486181
8.377661031,8.5636951706,8.8014302586,8.9408281476,9.1166500064,9.252711711,9.374698914,9.5318889812,9.6956447378,9.8199279822,9.955253678,6.316127348,7.2912536166,7.894108394,8.3805275256,8.8428829466,9.252711711,9.7394117726,10.23228794,10.727621682,11.293401872,12.15364481,4.40583885,6.0868234004,7.0767191618,7.9188590532,8.680062072,9.548820464,10.230883256,11.060712516,11.806462548,12.752690944,14.21276968,2.362263071,4.750070928,6.127119156,7.379166449,8.506143993,9.583228556,10.61889653,11.70875652,12.91785627,14.2048481,16.27250938,0.448143413,3.563359194,5.305106407,6.82017570600001,8.275716854,9.678340532,11.05686421,12.50074732,13.96948239,15.65594756,18.20093498
15.69780115,15.777381978,16.04868876,16.245663675,16.339419656,16.55064532,16.736488304,16.824560362,17.016179044,17.227842886,17.31054878,13.66123059,14.58481777,15.1303192,15.64296622,16.12967127,16.60589779,17.07208246,17.550980475,18.08208416,18.63689629,19.36354406,11.66832243,13.182703274,14.13604603,15.0356367,15.782928302,16.62248473,17.361888534,18.181481834,19.061018868,20.010293382,21.41818335,9.636286041,11.703841882,13.099769,14.21250172,15.408572364,16.51866979,17.607270418,18.70603884,19.929386928,21.33177435,23.47403497,7.619533466,10.337391637,12.119312458,13.622222494,15.107196704,16.51345496,17.919478924,19.351000661,20.89560005,22.699376414,25.44621368
15.20821336,15.406267418,15.685005026,15.85392119,16.014298822,16.20925435,16.346033238,16.519751378,16.680161,16.861426496,17.15422471,12.99755614,13.947977159,14.624659482,15.142946579,15.685051878,16.183660705,16.633975632,17.207020355,17.72737846,18.287891135,19.22812564,10.90793635,12.5969953,13.60836868,14.54949573,15.34162881,16.20762603,17.0108062,17.83520336,18.77134908,19.75785779,21.35607374,8.696538813,11.063390772,12.584050666,13.853186164,15.08924334,16.24661758,17.371107314,18.553223059,19.810746598,20.845047239,22.40260868,6.608812067,9.6952620902,11.63114867,13.264495208,14.778217264,16.20762603,17.65848887,18.81562016,19.832784646,20.871570338,23.00905753
12.66449702,12.737518252,12.841317312,13.134257235,13.226236214,13.3243438,13.602530082,13.715769148,13.8085836,14.101859253,14.26967494,10.63474236,11.541273733,12.121443168,12.632431979,13.11514743,13.60128217,14.041733594,14.454907037,15.025507832,15.609435382,16.32223522,8.619321153,10.125592072,11.105869778,11.94359574,12.743568298,13.55818425,14.29883814,15.114359648,15.929988504,16.95825952,18.37680881,6.61974578,8.7592089416,10.095697554,11.241502426,12.389551344,13.483780895,14.59754208,15.700918477,16.897297202,18.243175016,20.35157426,4.609867742,7.4086166868,9.120661782,10.642535586,12.13077289,13.55818425,14.945418792,16.39474259,17.871448666,19.655035706,22.40487256
4.59621673,4.7139875913,4.9652460292,5.0092503621,5.305766505,5.3493909555,5.5978597236,5.6843026022,5.830445254,6.019016361,6.359259964,2.479929732,3.53293175,4.0625945384,4.6374165798,5.1135644204,5.612747751,6.0341521488,6.5070907342,7.0801806972,7.5796254812,8.519783306,0.386638851,2.190980412,3.133727879,3.939226819,4.7223138966,5.523223782,6.331801183,7.0938990118,7.9675011678,8.9183518882,10.60143862,0.01177881,0.9637452432,2.1110680064,3.302066384,4.4202817878,5.531839943,6.6433011776,7.7677153736,8.9451529372,10.28312235,12.72264349,0.01177881,0.8927665406,1.8012424108,2.8251773011,4.1338752808,5.5331461865,6.9281706082,8.4442846536,9.9678724074,11.666855769,14.52025858
11.61537382,11.782335678,11.977244138,12.161967278,12.257825394,12.38246232,12.584148104,12.781218756,12.89829345,12.999058642,13.19386609,9.576299448,10.450537348,10.996750972,11.568279501,12.036854956,12.48975709,12.996815268,13.436504262,13.991743016,14.530924058,15.42232972,7.479151527,9.058301708,10.03727622,10.93378405,11.79935069,12.59417972,13.42196112,14.19529387,15.07071024,16.02615533,17.46526637,5.434183903,7.7650842148,9.2016259964,10.443844054,11.596607576,12.7297912,13.826741844,14.963066166,16.182635524,17.460035898,19.42420356,3.490911795,6.487711551,8.301939144,9.890791235,11.35557099,12.77091257,14.24974253,15.65758201,17.2015111,18.9660529,21.46021597
24.50975872,24.757891823,24.943386504,25.089324475,25.199320608,25.397523815,25.533440246,25.642911064,25.893740692,26.065859199,26.2756016,22.46807002,23.279528172,23.82758356,24.326387081,24.822915442,25.3301364,25.791500118,26.27791785,26.76115494,27.341652704,28.24678598,20.43037121,21.838240454,22.78567713,23.673213868,24.430431904,25.25020772,26.014919798,26.681608386,27.193829808,27.698254474,28.28972249,18.30177616,20.431309334,21.775738728,22.939838254,24.11647823,24.915376835,25.627400614,26.314502648,26.931903924,27.541906346,28.52421738,16.25161411,19.06734052,20.833305506,22.324730684,23.356202496,24.26974221,25.112682614,25.904545772,26.676124314,27.418539482,28.75689401
2.113868924,2.3952698556,2.5492740548,2.6687064662,2.7751243202,3.002774791,3.1176165766,3.2300278094,3.3956050574,3.5662848854,3.68696316,0.055546528,0.8102542354,1.3543382522,1.8009403104,2.2503185664,2.719738284,3.1917737822,3.6476983446,4.1918202902,4.754099075,5.819739075,0.01177881,0.4202853294,0.840595457,1.3078098826,1.7826849192,2.46504161,3.2037796126,4.046446702,4.9307533422,5.9594065746,7.873534487,0.01177881,0.558508676,1.144105004,1.735698772,2.359655257,2.9913822635,3.662919574,4.637880804,5.795549822,7.1932736015,9.622737502,0.01177881,0.7148543168,1.46326214,2.2094573312,2.9998354314,3.771538129,4.599206446,5.5172172606,6.7954668092,8.5231856868,11.67106511
22.06232514,22.357008341,22.543486264,22.643937687,22.748720258,22.895520465,23.101837246,23.238718031,23.344583384,23.443952018,23.64034937,20.10917948,20.946705955,21.50644785,22.02815365,22.510295148,22.97736917,23.445332742,23.916657321,24.400091748,24.951283113,25.86942216,18.0676674,19.52906839,20.4843009,21.397797425,22.20371606,22.97736917,23.7287158,24.556942165,25.40593432,26.4158625,27.91093424,16.02615533,18.15170269,19.516445436,20.739478968,21.863009474,22.97626537,24.089523168,25.211777574,26.408283,27.478899554,28.61571503,13.88544897,16.750411306,18.522492962,20.10701391,21.59234058,22.99394573,24.43963117,25.634824346,26.6093803,27.52931611,29.08838692
8.018393723,8.3379381666,8.5260110988,8.6944637656,8.9063095658,9.058983571,9.2482341106,9.337466787,9.4656925082,9.6464214136,9.820071005,5.97651113,6.9592312625,7.544603766,8.1344610655,8.592484265,9.1600779035,9.576299448,10.065184495,10.60143862,11.13724513,11.89578695,3.99096517,5.6993441632,6.7518752694,7.630573262,8.4683042712,9.22379675,10.048118124,10.90235996,11.693564582,12.683050396,13.9822553,1.960533214,4.451772311,5.807767078,7.0174159185,8.165615912,9.256997033,10.36555583,11.522864175,12.7297912,14.06299032,16.07727029,0.041383178,3.126996,4.8629437808,6.4164007738,7.855931617,9.298387193,10.704560328,12.213957374,13.793287146,15.540371886,18.17838762
17.88456137,18.086955402,18.240156006,18.459547956,18.610782612,18.70698649,18.852117082,19.036365578,19.145816048,19.261029468,19.46358716,15.83999947,16.656889344,17.23207801,17.737020422,18.219706602,18.70698649,19.18081556,19.645816832,20.139289782,20.760081284,21.69056652,13.70871611,15.211083788,16.21155046,17.126655404,17.882779502,18.71871596,19.525582596,20.298498118,21.186478036,22.153938202,23.73512842,11.66720403,13.845232771,15.244729424,16.488460072,17.637518882,18.756124625,19.874750836,21.017713757,22.231989604,23.606276854,25.66534052,9.714058382,12.495439939,14.340274522,15.928404214,17.41012214,18.850736445,20.287237278,21.743175279,23.279545222,25.018864422,27.7196365
17.93239514,18.243402774,18.422066422,18.602073033,18.750947032,18.840711625,19.014472602,19.168024515,19.3754601,19.54422838,19.73264344,15.88745102,16.80819796,17.43320689,17.924680935,18.40278134,18.90476181,19.41372163,19.911568625,20.41887482,21.02911693,21.79534153,13.86547526,15.428432285,16.38955911,17.27159822,18.1119243,18.90476181,19.71079957,20.55732297,21.43040261,22.30491558,23.76320723,11.85741535,14.025420621,15.425165606,16.638237908,17.820702086,18.930030685,19.976248712,20.723491952,21.424244568,22.343209211,24.19483365,9.845740357,12.60176006,14.407248982,16.015326846,17.503870364,18.44669847,19.312905686,20.117063192,20.904539396,21.99513475,24.19483365
16.36939297,16.721575082,16.85473433,17.064864344,17.08671938,17.42749124,17.496789166,17.763936246,17.790976914,18.066846826,18.1402921,14.54949573,15.258653714,15.893399362,16.37338015,16.917517426,17.397026395,17.875495382,18.391111801,18.866402798,19.539468734,20.28357674,12.37912734,13.821387384,14.868396978,15.782277276,16.654174306,17.45906541,18.376391446,19.15432489,20.103108752,21.033405324,22.40260868,10.23284835,12.480497216,13.994569662,15.292065266,16.485191298,17.65717681,18.791198932,19.929281312,20.87241024,21.666483542,23.6671325,8.111871071,11.111321971,13.060148854,14.705034009,16.256783676,17.739853255,18.864002678,19.867684717,20.828941514,21.807379909,24.19483365
11.97689383,12.326049614,12.449018818,12.642070462,12.681100794,13.02700804,13.091305076,13.31114266,13.385608378,13.64995995,13.7340531,9.858101107,10.578863364,11.25553491,11.685416084,12.174924158,12.69503608,13.175397444,13.735952084,14.248023066,14.838222264,15.85929828,7.675818023,9.1115152848,10.142200622,11.045472152,11.89348582,12.69503608,13.555645146,14.422361788,15.355131464,16.345883124,17.97999007,5.439842248,7.5890535276,9.0575442768,10.352392,11.496604486,12.61110942,13.803132076,14.969423872,16.264473712,17.709247384,20.12769349,3.432628149,6.15742124,8.006337325,9.556246625,11.03633921,12.46540004,13.93066095,15.489656675,17.07648158,18.96563085,21.60958123
10.20539756,10.32225781,10.608130342,10.808308024,10.951515408,11.05593246,11.297682066,11.459580374,11.646467414,11.73614157,12.05505464,8.077995135,8.8888225997,9.5459297484,10.194150179,10.619839096,11.17005378,11.621154084,12.170045071,12.688021942,13.240056,14.16287553,5.957363255,7.59138596,8.577531228,9.491920654,10.2582377,11.14213585,11.93001299,12.75716437,13.68680919,14.70368145,16.27420487,3.837492472,6.0030635257,7.4559697646,8.662394111,9.7810691614,10.90692861,12.019518564,13.220046107,14.472773382,15.95953514,18.34700218,1.721197251,4.5627769958,6.3171919232,7.7804720406,9.2421379022,10.63519906,12.069020278,13.577367558,15.217324168,17.149417414,20.35602981
7.299788073,7.644564442,7.7911506276,7.994693187,8.028796569,8.315525837,8.351054359,8.4976702126,8.701212772,8.9602345668,9.051880788,5.180140315,6.196827079,6.673712685,7.247711961,7.638930621,8.186719377,8.661924693,9.080198232,9.710316816,10.4038477,11.17130604,3.364159245,4.53066084,5.516006844,6.2545740695,7.056680411,7.826460395,8.661924693,9.4532273965,10.35918637,11.478515235,13.29073129,1.172870675,3.053618975,4.267394926,5.414754579,6.497799453,7.59138596,8.701301286,9.847684487,11.14213585,12.5842562,15.40562071,0.019987439,1.5481066534,3.0577431242,4.4851510688,5.9153892864,7.302569895,8.7126762398,10.224651262,11.865772426,13.779592954,17.29203716
0.064575387,0.1704019928,0.2112886346,0.2597936249,0.3148303444,0.3657584655,0.4706048962,0.6803225518,0.7835210746,1.0616311462,1.250389035,0.037187742,0.2351297761,0.474566094,0.7454717032,0.9441402156,1.237083024,1.4999275886,1.7498854642,2.0813622392,2.4227411016,3.303179001,0.01177881,0.406227801,0.794166355,1.1890615985,1.605780867,2.013259219,2.443422682,2.891199602,3.443229308,4.009790071,5.35080947,0.01177881,0.540438273,1.06863435,1.627066046,2.18829758,2.73917431,3.374430024,4.043524906,4.734484135,5.523762058,7.195249464,0.01177881,0.6945883944,1.4023908392,2.11524564,2.8669681756,3.61374066,4.4085859688,5.193928725,6.1123087554,7.159295766,9.157521243
20.23870934,20.467665958,20.610619328,20.74094769,21.009459126,21.16887037,21.318881846,21.507895086,21.658438032,21.790189262,22.00646093,18.19866076,19.07694371,19.68196907,20.18813125,20.67896619,21.15952314,21.63562405,22.1417625,22.66294073,23.23847657,24.0457569,16.16406976,17.672201554,18.620108176,19.450617397,20.273464868,21.077340715,21.845972756,22.692664279,23.539903806,24.516265661,26.08854663,14.13729284,16.251395074,17.647255554,18.814713316,19.940777066,21.06618628,22.193037816,23.300908216,24.47295328,25.859835864,28.04614423,12.15087366,14.851382362,16.631399034,18.199570448,19.663233972,21.08849515,22.490262212,23.941880436,25.477707486,26.997743678,28.39784478
2.789979366,2.9664891321,3.1328477028,3.276500898,3.4072124904,3.551369542,3.6964317416,3.9078614452,4.0952462368,4.259503192,4.590847636,0.698587674,1.5273093126,2.0771022068,2.6134719818,3.0379071258,3.488998424,4.0549287472,4.4647082736,5.0500291002,5.625212905,6.631984483,0.019987439,0.492613992,0.9656761798,1.6476735786,2.384582419,3.193472208,4.0620748374,4.8395363848,5.8360802352,6.897685686,8.601139546,0.019987439,0.5510792148,1.1612991952,1.7281124514,2.34832916,3.041910945,4.068581051,5.191608703,6.489652911,7.9677000476,10.61938297,0.01177881,0.7227031002,1.4470355558,2.204267391,2.9634860006,3.739823789,4.5434986778,5.626487102,7.2569279354,9.0886164356,12.55574777
17.39278017,17.619430074,17.7705632,17.923502523,18.068108184,18.19487621,18.301439196,18.51696374,18.6367048,18.754614065,18.9660529,15.36938254,16.270310754,16.790532894,17.347625796,17.81545963,18.30808121,18.77757735,19.239408526,19.765665696,20.297532998,21.19997266,13.38418257,14.960596202,15.9542936,16.87257388,17.67233708,18.495849365,19.244286054,20.077610817,20.919685972,21.850367615,23.23208391,11.35125918,13.600381349,15.04627752,16.274933673,17.417100132,18.531835095,19.64252431,20.762468317,21.947490518,23.278301108,25.2680072,9.220216253,12.265342939,14.0708441,15.650889415,17.154876396,18.578131275,20.035542552,21.474651576,23.000145782,24.763797325,27.24273661
12.78760847,12.938447432,13.221642132,13.409077194,13.56010229,13.69850005,13.827914524,13.921343612,14.110078442,14.260722526,14.58309109,10.67931522,11.62208893,12.23982019,12.73525776,13.17888872,13.68739522,14.14841799,14.58309109,15.10846577,15.67859822,16.69256428,8.577448156,10.252334069,11.247264726,12.08393375,12.90694058,13.692947635,14.49685961,15.294075599,16.130545324,17.131017051,18.80470311,6.487711551,8.8784088212,10.24295738,11.43793122,12.572795142,13.68739522,14.799146596,15.92339289,17.154876396,18.502208676,20.7826309,4.417728441,7.5349158252,9.2941270744,10.888317246,12.303617328,13.792244785,15.164725624,16.650399653,18.173777248,19.894917802,22.87778188
12.12225005,12.35678109,12.400952738,12.637493767,12.804280708,12.917073365,13.03243173,13.180458273,13.426941032,13.475611582,13.68697195,9.8863609,10.876335573,11.499805488,11.993309973,12.453121418,12.89859059,13.356797234,13.832138177,14.35644936,15.014792807,15.71008849,7.890909502,9.5747855039,10.555902838,11.242032422,12.12438076,12.845051095,13.655278326,14.416640825,15.287646098,16.251504592,17.94479575,5.861087811,8.0994683499,9.4711457904,10.607291586,11.713429978,12.845051095,13.967314758,15.101824496,16.259972218,17.661062035,19.94817779,3.864656925,6.6798928024,8.5655038704,10.095444162,11.557419784,12.91785627,14.31341974,15.70857149,17.240027102,18.999899262,21.9623291
21.36436241,21.532736308,21.760688086,21.961621834,22.13751527,22.29305093,22.432633142,22.603272798,22.76546214,22.90439308,23.07046946,19.30286277,20.23353599,20.83482015,21.35878838,21.84855019,22.324362035,22.81740366,23.330323635,23.8342731,24.36104376,25.26875619,17.36967382,18.991099447,20.015285112,20.876598311,21.696101224,22.531892,23.28954734,24.132246305,24.88582887,25.850942531,27.19240077,15.30900125,17.68858808,19.10622218,20.34664506,21.50699525,22.57298487,23.67696262,24.789667465,25.97154947,27.30144687,28.52421738,13.37399321,16.449265978,18.191719282,19.773083318,21.22980785,22.66294073,24.072970714,25.49013731,26.554228422,27.498914972,29.08838692
19.30286277,19.486157858,19.74355943,19.940073008,20.110960818,20.19583201,20.321213718,20.50219162,20.689141828,20.83044534,21.00967662,17.24136313,18.120053796,18.774726552,19.297258414,19.78019771,20.2639618,20.734894188,21.253238468,21.766937712,22.302504638,23.20926518,15.30900125,16.898078512,17.943799708,18.80349006,19.638675416,20.43037121,21.180356148,22.002760226,22.814538084,23.78678814,25.13138696,13.24860256,15.640953875,17.0832329,18.29351784,19.45080995,20.56061601,21.62889493,22.73588094,23.91004983,25.24992962,27.19240077,11.31339985,14.41210125,16.16406976,17.72555091,19.20578659,20.63990359,22.07297959,23.53142907,25.03901334,26.66321688,28.52421738
7.746702901,7.9402984013,8.1143129356,8.3452537304,8.472062791,8.665369313,8.8323736998,9.0687201267,9.1946958598,9.3980688801,9.548820464,5.5478813,6.5642149951,7.0585050588,7.5600975735,8.0494954466,8.497037917,8.9759922174,9.4458833895,9.9448168556,10.576781934,11.58264655,3.445564682,5.0773011678,5.963836451,6.7038694448,7.5789859608,8.275716854,9.1130333976,9.8786418074,10.744179222,11.738406716,13.56764377,1.644186582,3.6131682664,5.0407642036,6.0995576878,7.1410745604,8.268792994,9.359555369,10.560691452,11.670471034,13.093512084,15.52648263,0.059702466,2.3027111331,4.0606796474,5.5625328953,6.9916974898,8.3414357675,9.6721251674,11.122510163,12.62409223,14.350607081,17.50673719
4.255953125,4.498336123,4.675921077,4.9233012665,5.110316901,5.310183977,5.365178308,5.604313608,5.791048194,6.0341689705,6.227948305,2.066188386,3.1342505396,3.7736334276,4.277960565,4.829673094,5.263443436,5.8052165228,6.2976622636,6.9121832708,7.3765164326,8.279495223,0.023364336,1.7775976938,2.7550837028,3.7025137142,4.4674272128,5.263443436,6.1149914692,6.9342091288,7.8451435226,8.8458096156,10.47881413,0.023364336,0.815652408,1.695269421,2.832038225,4.05215725,5.156093275,6.255146918,7.4620245105,8.784946303,10.22030478,12.5842562,0.019987439,0.8391172364,1.6837621962,2.5905743633,3.5700836568,4.8813799785,6.3409047036,7.8250351771,9.4938653664,11.407716221,14.70368145
4.229548349,4.5439733833,4.7123645128,4.9027611244,5.10310869,5.26508656,5.4017243028,5.5318427327,5.671979929,5.838144565,6.031813669,2.169183336,3.1028603115,3.739823789,4.221991403,4.692339925,5.1812652065,5.65581383,6.142616215,6.641251072,7.262118312,8.102406947,0.202566588,1.728640165,2.778431234,3.74106539,4.526590874,5.3130353415,6.104399106,6.890842032,7.747879743,8.65861821,10.0654171,0.019987439,0.9442536275,1.988692809,3.160912461,4.277109653,5.3950532005,6.484150256,7.6026198935,8.787127708,10.11830188,12.1200725,0.01177881,0.8927665406,1.8157120882,2.8535207261,4.046446702,5.4401782165,6.8829675032,8.3205977207,9.8773006304,11.590941731,14.33655624
13.41485844,13.540838071,13.773889116,13.81913976,14.123537334,14.139584125,14.409898388,14.488740177,14.648427926,14.84706168,15.19100106,11.29379006,12.162925005,12.80724084,13.419149065,13.8459531,14.374028805,14.86169818,15.30659364,15.91005457,16.50092085,17.3111307,9.172838216,10.826575508,11.815084982,12.806740464,13.612651034,14.49741423,15.299145338,16.111201448,17.017478212,18.022532754,19.44265617,7.052108047,9.5213080592,10.975462804,12.218829706,13.450727542,14.60529174,15.718433446,16.9376583,18.118267416,19.471085222,21.56260907,4.931885527,8.1397306038,10.022757718,11.718096398,13.241565196,14.73218589,16.215240196,17.71523279,19.209770668,20.869090562,23.6671325
26.12014587,26.259206363,26.442043054,26.599807756,26.736381274,26.91364292,27.080209894,27.213937479,27.422170266,27.661032929,27.79848273,24.06008018,24.912838155,25.48736169,25.996393125,26.51243275,27.00007175,27.33501839,27.65500526,27.91093424,28.212256425,28.61571503,22.00029309,23.55625493,24.580496932,25.361095296,25.920598892,26.38376085,26.845927742,27.283692008,27.70360694,28.130238662,29.08838692,19.94087095,22.24676803,23.55584416,24.361109984,25.076665588,25.68977107,26.332869976,26.95126935,27.53148168,28.079267072,29.56026987,17.98372478,21.059145596,22.289832978,23.289460542,24.17333359,25.03901334,25.779847656,26.580875476,27.302181374,28.056953782,30.18849442
10.71124686,10.874358832,11.077086892,11.272941418,11.441339178,11.63575996,11.697907288,11.861758048,12.042514126,12.252017402,12.42410328,8.649694474,9.3446016674,9.9010186504,10.335401446,10.908975798,11.34662366,11.807521062,12.38407454,12.90408407,13.520221154,14.48350569,6.588142358,7.919185099,8.882801254,9.7127098975,10.53893816,11.35090191,12.1200725,12.953458425,13.84921042,14.877273615,16.37784133,4.614820884,6.487711551,7.853148021,9.112927019,10.23412164,11.3268629,12.44460393,13.58597671,14.79705245,16.24302294,18.42435023,2.624131685,5.1372247698,6.8822353258,8.4490618827,9.9001715372,11.35321967,12.76097151,14.259720278,15.821898976,17.603760335,20.54732655
7.900757176,8.2065812627,8.3848883052,8.5631545893,8.8017329852,8.925925596,9.0878698404,9.2450345653,9.3429948336,9.5047322032,9.696707983,5.918214832,6.806817405,7.4766005746,7.9430696064,8.4757460954,8.9752340615,9.4832414154,9.9882207158,10.550997888,11.106349532,11.93086972,3.697563896,5.425115638,6.43484385,7.3368218575,8.147303531,8.9752340615,9.858101107,10.681838925,11.61294046,12.60405236,14.16563302,1.520532179,3.9993763135,5.432680603,6.7191128565,7.900757176,9.092716528,10.2356122,11.39655613,12.68334585,14.091383955,16.40075197,0.037772835,2.5665098632,4.4848731514,6.120339766,7.6594419476,9.152097098,10.608639508,12.126069924,13.735952084,15.537486738,18.44093139
0.019987439,0.2679394882,0.4522996538,0.5624056898,0.767893153,0.930088406,1.0198557714,1.1463560594,1.4189700272,1.5314240452,1.709188544,0.019987439,0.2927129092,0.5466675938,0.809660704,1.0672586828,1.409025924,1.6980532456,2.102727841,2.669193735,3.1355764438,3.787159333,0.019987439,0.4383897485,0.823853455,1.276420724,1.709188544,2.176977464,2.663722673,3.160912461,3.749190949,4.662987093,5.893734134,0.019987439,0.573533145,1.163535871,1.733759337,2.353943304,3.002774791,3.659977183,4.362390825,5.126393721,6.152721783,7.990211838,0.01177881,0.7318212166,1.4850105924,2.2097262096,2.9939567122,3.771538129,4.6497186676,5.5354965784,6.54889303,7.815458979,10.02470565
10.71085937,10.809780633,11.05275194,11.06993832,11.362183834,11.41881896,11.674270974,11.771456341,11.91646638,12.126267773,12.47787098,8.53659475,9.3030052776,9.9105982204,10.461626072,10.96449508,11.41977271,12.00266839,12.403508564,12.883163434,13.540066444,14.59913681,6.358334502,7.9047238156,8.9486199294,9.9231360862,10.77136036,11.64690262,12.393867236,13.202950536,14.123537334,15.0950166,16.42535292,4.225389587,6.5782229078,8.1249052522,9.3995792308,10.592808208,11.71268156,12.855592674,14.021012144,15.236824354,16.611639872,18.60498607,2.10836052,5.324329381,7.212483217,8.8522611876,10.372815346,11.89579008,13.34909701,14.83519279,16.37205109,18.117644922,20.71470243
17.51497047,17.647176496,17.832066036,17.992873134,18.17217351,18.31478679,18.495632144,18.663870652,18.829291612,18.989976048,19.15609101,15.28852523,16.144845042,16.77058516,17.215591954,17.78283836,18.264511315,18.79904711,19.308368571,19.804742904,20.31261929,21.3806651,13.21500129,14.746568409,15.814539228,16.661563501,17.514358302,18.117279795,18.723267252,19.425235359,20.150946202,21.113181774,22.80649192,11.11490956,13.33677481,14.8150239,15.943977406,16.71604657,17.51497047,18.379311094,19.309013682,20.321562724,21.64049213,24.19483365,9.014817838,11.966447044,13.773889116,14.889893328,15.853224534,16.851033485,17.914725588,19.108599155,20.496353472,21.998830198,24.19483365
6.019975104,6.24302273,6.428506824,6.5495178535,6.720221456,6.942298302,7.102069366,7.247382504,7.42176883,7.639715702,7.821013508,3.837492472,4.6021554705,5.250609564,5.7133030335,6.227948305,6.697236644,7.167847647,7.7404210195,8.279495223,8.8389530385,9.921294308,1.721197251,3.152956664,4.187103478,5.049543661,5.91513149,6.674251832,7.536792799,8.382828915,9.243034169,10.2356122,11.97689383,0.023364336,1.6323492714,3.0591178406,4.3456327536,5.4962449368,6.6472721615,7.8268331476,9.018555289,10.27791119,11.749304011,14.09644687,0.023364336,1.0340391696,2.1621354652,3.645074463,5.1570466006,6.621454488,8.0964983972,9.556601666,11.22368847,13.047994086,16.20762603
18.09191495,18.310381195,18.51296077,18.664096465,18.78430013,18.99992536,19.20318362,19.353636,19.47774309,19.69038901,19.89459237,16.02247649,16.9323964,17.5383879,18.101919625,18.58982945,18.922705325,19.31417457,19.67142834,20.11475609,20.712652995,21.71576387,13.96861192,15.535971534,16.575067134,17.214312403,17.71592363,18.2827191,18.812662816,19.471076889,20.200712374,21.114333318,23.11356139,11.93836191,14.145983116,15.215238686,16.020165769,16.73394832,17.51038914,18.329849174,19.216091363,20.298900372,21.631375755,24.19483365,9.937552556,12.651672155,13.87285855,14.86212723,15.81416772,16.780199075,17.81933084,19.014434755,20.34641333,21.96034502,24.19483365
21.86239141,22.08492017,22.19000691,22.310684574,22.485440426,22.74700577,22.81401046,22.977141556,23.109066628,23.37426382,23.43430218,19.62744201,20.550414775,21.186478036,21.682132115,22.18297484,22.6337553,23.136350384,23.63544878,24.131880454,24.748364453,25.46482674,17.60527188,19.246724818,20.289638178,21.183939819,22.009628356,22.779108625,23.557027474,24.379611695,25.21027788,26.12477292,27.45056199,15.59341899,17.88456137,19.34124437,20.57266733,21.73690309,22.85032598,23.96417824,25.08379351,26.31773166,27.6350071,29.28724382,13.58597671,16.605966832,18.428916674,20.014316344,21.480612848,22.9658165,24.344558562,25.780807238,27.023188326,28.070314078,30.37760534
13.87184393,14.065251646,14.20768969,14.294520232,14.47211772,14.67153935,14.722255106,14.838560618,14.92760639,15.107754974,15.45279742,11.66895778,12.627499748,13.243571392,13.735574312,14.21062975,14.69567743,15.194906728,15.681707658,16.149559912,16.630694842,17.51082515,9.608565259,11.316118283,12.305181512,13.121843553,14.004536194,14.68721956,15.552985122,16.302829618,17.148053988,18.124860114,19.43053313,7.548806329,10.090860186,11.52378066,12.627144308,13.728883892,14.84185155,15.978720586,17.067607426,18.194033108,19.566830632,21.46338274,5.661854729,8.7437694245,10.58306129,12.118945259,13.592832986,15.04002921,16.33236823,17.724857155,19.220773366,20.945558805,23.58322661
7.759280292,8.0178149045,8.218532913,8.3098430176,8.4697861018,8.5941034395,8.6744398904,8.8185033249,8.9326562082,9.0962835753,9.369324,5.523223782,6.5987641008,7.1681619704,7.671221022,8.152974119,8.649694474,9.1151546236,9.5906185294,10.062854112,10.695264864,11.59675221,3.5398518,5.2712213243,6.2209425276,7.0733571171,7.8343275852,8.5957764335,9.4068274632,10.23063816,11.044617548,12.013912857,13.58110077,1.51180612,3.885605786,5.250144284,6.4292407486,7.5563905536,8.6727283415,9.7793215954,10.895363493,12.087959798,13.446882815,15.6270538,0.050098825,2.5228515954,4.2900173564,5.846416947,7.3351674692,8.75858121,10.223411742,11.622895125,13.151782658,14.878599902,17.67053695
0.206001064,0.2962959214,0.5559917118,0.5903775774,0.8503023582,0.940844798,1.0268665436,1.2624964624,1.29692683,1.5567922752,1.647394051,0.043075374,0.233173488,0.5349114998,0.796398785,1.0117782378,1.26593367,1.5877261854,1.9178090284,2.3523005208,3.0471037016,3.796170874,0.019987439,0.4220563534,0.8104962452,1.2154142946,1.6266853642,2.03457695,2.5016315146,3.0265368072,3.6142761756,4.4304202226,5.91513149,0.019987439,0.542039882,1.06863435,1.640852367,2.255149897,2.8506687675,3.445492347,4.118465483,4.850319633,5.8299843235,8.03441138,0.019987439,0.7163769772,1.4057083816,2.114557282,2.8518841514,3.61374066,4.413156339,5.3138380626,6.2188483624,7.3884696388,10.12598508
27.039966,27.326423752,27.517392706,27.621147658,27.727209718,27.86553327,28.077821858,28.211668662,28.333967998,28.41569435,28.61571503,25.0073765,25.889644386,26.446864394,26.873819972,27.20870546,27.45056199,27.70974666,27.99540276,28.223080598,28.515430068,29.08838692,23.03716326,24.544303615,25.21837361,25.776363385,26.27617402,26.713821755,27.17151926,27.58878281,28.03304912,28.42426629,29.56026987,20.92224239,23.03716326,23.96417824,24.67866526,25.40593432,26.05750914,26.62567278,27.24144925,27.81173996,28.42203777,30.37760534,18.86986176,21.488454529,22.617163136,23.637581249,24.554457706,25.35580274,26.12463868,26.885597184,27.622609874,28.358974565,30.74096793
10.22964582,10.45592317,10.594397656,10.740741726,10.900808562,11.01253596,11.159896078,11.368195638,11.576106948,11.729724049,12.02769191,7.996575768,8.9521489915,9.594583117,10.146192635,10.66894392,11.140372895,11.59675221,12.06711402,12.5782436,13.180189835,14.0223753,5.973835593,7.618545233,8.650657535,9.5175443062,10.253169662,11.10138152,11.848112184,12.713811914,13.58506161,14.560548644,16.05881444,3.96548551,6.2652886342,7.5731564212,8.8437886394,9.980067943,11.10138152,12.226559002,13.353417304,14.51865132,15.954686268,18.1147463,1.984061203,4.8557792925,6.647470363,8.2535758107,9.772376039,11.17384911,12.613252298,14.047450287,15.602043822,17.384771101,20.08993951
10.22964582,10.538487958,10.716809124,10.895400315,11.028094662,11.14245019,11.311604262,11.454469059,11.672736118,11.838869848,12.02769191,8.208967133,9.1162684259,9.7011176922,10.225189956,10.675524156,11.169449375,11.62795841,12.129994117,12.6750049,13.312853967,14.08630132,6.198830943,7.7512999077,8.7349436366,9.5843669321,10.438344896,11.186006165,12.014389978,12.806810627,13.673020174,14.693030495,16.09102036,4.203212191,6.411828979,7.773263479,8.957805401,10.11123194,11.20198329,12.29645574,13.44194974,14.69852078,16.05881444,18.1147463,2.169183336,5.0647425996,6.8227532482,8.4310148677,9.889590251,11.34045784,12.73543452,14.242607143,15.78911948,17.487043973,20.08993951
10.66894392,10.97220086,11.148265486,11.329113961,11.463396544,11.579547825,11.748720026,11.877870089,12.109177502,12.268435743,12.46379089,8.681286086,9.602942048,10.239979276,10.731779748,11.293925428,11.77091413,12.221712114,12.6750049,13.139513174,13.771186266,14.51222228,6.641251072,8.2342544769,9.2056343006,10.058643273,10.894974542,11.667393265,12.459953498,13.3384392,14.152772194,15.155971824,16.55830705,4.652368846,6.8813107363,8.209446886,9.4237644595,10.601054854,11.695343705,12.793654502,13.995131933,15.168539446,16.629760831,18.78345601,2.624131685,5.5181786673,7.29964315,8.8789578753,10.337398294,11.806865435,13.214346132,14.701012031,16.21161174,17.932228412,20.77318401
14.65109769,14.961817247,15.141392186,15.320110217,15.469950922,15.56091174,15.733294638,15.887253308,16.09437309,16.263146886,16.45089914,12.61178138,13.508992238,14.084901452,14.598571962,15.083148026,15.59831475,16.110552014,16.620476282,17.110833626,17.756579806,18.51296077,10.60468744,12.147233922,13.113202836,14.030378502,14.843065144,15.65432291,16.483384108,17.313977494,18.09591682,18.97029586,20.58706755,8.584279906,10.736195175,12.10171777,13.374366935,14.52091147,15.58365806,16.41964779,17.317907055,18.36947472,19.674926625,22.30858913,6.589410238,9.350307221,11.15920808,12.73169076,14.0156041,15.01460557,16.02721448,17.221910925,18.58982945,20.24442158,23.71040758
20.28371103,20.621777315,20.765627354,20.969970686,21.022554126,21.18421171,21.361799294,21.493851464,21.724225266,21.889067122,22.08104501,18.17838762,19.080094007,19.610534158,20.087392272,20.604900202,21.03246874,21.481119962,22.074887039,22.549820972,23.187857686,24.16475098,16.07727029,17.606484718,18.561225354,19.42715464,20.284804464,21.00888715,21.858212618,22.688884844,23.55406917,24.55542765,26.12840796,13.9822553,16.086187147,17.485980516,18.739559858,19.889936364,21.004417975,22.119198358,23.239653962,24.531220916,25.905595491,28.16301366,12.02923834,14.704653082,16.497766722,18.066444478,19.603042512,21.00888715,22.504653798,23.899620116,25.469269732,27.242270518,30.13990462
6.215123472,6.3500006224,6.5167391292,6.6689468076,6.7894252928,6.933864925,7.1286071454,7.2354445438,7.3702825288,7.6310376276,7.787172055,4.074729514,5.0567302698,5.6138502434,6.1236169668,6.6263677014,7.1097953875,7.5941188526,8.0720709807,8.5537289712,9.0626128939,9.847765437,2.094305345,3.8825605502,5.009044493,5.8875406928,6.6668935786,7.548806329,8.1771847386,9.0458448616,9.7253211402,10.597543218,11.90836913,0.059702466,2.961132458,4.4107119564,5.5710934082,6.6150997366,7.684283857,8.7782816134,9.8926343008,11.056004714,12.180376206,13.9691731,0.059702466,1.916559267,3.58310144,5.1105730165,6.581781551,7.9864367025,9.252711711,10.641236715,12.12225005,13.68741379,15.93010054
11.589891,11.661001197,11.76573074,12.059821015,12.14980929,12.248310165,12.52812104,12.63949457,12.73223945,13.02588155,13.19291724,9.563002212,10.369845248,11.006292138,11.553333975,12.031128464,12.45327398,12.864965826,13.384761529,13.905234124,14.525484437,15.24557731,7.554895713,9.1000032912,10.125065592,11.064340102,11.831792296,12.630487745,13.387109558,14.133562028,15.039084766,15.913187402,17.22338332,5.555100676,7.8954393049,9.3707550456,10.648115073,11.76756634,12.90356285,14.028188466,15.076945181,16.150000196,17.369072472,19.20578659,3.555536218,6.8882229576,8.6706750724,10.214388814,11.634712932,13.070212845,14.411054416,15.784697935,17.273310782,18.916803666,21.2541008
16.27975929,16.550861122,16.725122216,16.914194789,16.982067358,17.176722845,17.341154644,17.416968932,17.690495594,17.845176157,18.05686245,14.25022548,15.174261133,15.785768236,16.279598116,16.740631748,17.202954105,17.709352574,18.145391984,18.72400921,19.239822141,20.08760607,12.23140589,13.792680658,14.69486059,15.575596286,16.32876691,17.15245444,17.97463116,18.769423188,19.635422922,20.700377258,22.08092629,10.22964582,12.286513938,13.63725425,14.901716016,16.028182094,17.14697929,18.265648946,19.38867719,20.626848238,22.065192663,24.12106586,8.208967133,10.894559355,12.681117514,14.245941739,15.721284646,17.165993195,18.578308948,20.066036254,21.623352844,23.405857444,26.12840796
24.23936978,24.420351116,24.573145044,24.742046748,24.819402396,24.93135305,25.109333036,25.265887056,25.446920376,25.601535508,25.77303645,22.01861415,22.980873265,23.56563737,24.13654874,24.596593304,25.04783022,25.507281474,26.079583747,26.573190704,27.124021192,27.84466484,19.94350563,21.613944304,22.567495226,23.434925342,24.296765086,25.01186693,25.880175188,26.62034563,27.505623056,28.566635388,29.92325705,17.87924674,20.249775835,21.62897206,22.82719109,23.97102942,25.084066525,26.19805201,27.24390402,28.1168752,29.01317988,30.74096793,15.83008249,18.79195485,20.618700126,22.256113824,23.68936466,25.09381682,26.174663146,27.159623846,28.057943332,29.02053688,31.11635344
17.61064299,18.083503652,18.127368108,18.190377648,18.489857128,18.57649437,18.61651241,18.675190982,18.929481854,19.10016041,19.14954261,15.61785648,16.61403304,17.16064325,17.657633,18.11684024,18.60761671,19.08563449,19.57536196,20.06308434,20.57433957,21.2541008,13.62718369,15.373321482,16.390092152,17.22442507,18.083251212,18.78071268,19.608630572,20.385282644,21.149045278,22.092059556,23.30474979,11.63970918,14.118546248,15.587325346,16.79814894,17.984802234,19.06070632,20.082228168,21.147125978,22.25341285,23.573366164,25.35716712,9.657407731,12.972367888,14.69903341,16.26904975,17.707812834,19.11509902,20.545866574,21.9406797,23.393418792,25.073706604,27.41095559
12.97374027,13.295664016,13.398499844,13.597567978,13.761556556,13.86651538,14.063130382,14.225770832,14.37161641,14.512076204,14.77595386,10.91169821,11.778813055,12.28630574,12.896732835,13.36933304,13.84333586,14.32731832,14.841303355,15.36114889,15.95639251,16.74231242,8.946492582,10.439114229,11.426624952,12.295648938,13.128332102,13.954934945,14.735770974,15.585710555,16.43127156,17.395576231,18.97038142,6.880770971,9.1207236351,10.490787668,11.706361918,12.90052472,14.007626085,15.11517183,16.256637213,17.457561444,18.827221431,21.01092352,4.85659313,7.7620769294,9.5514989042,11.169864834,12.665860006,14.0515454,15.507462286,16.93784864,18.50357671,20.286415228,23.0049039
10.81478714,11.028553,11.154823856,11.334897308,11.494860572,11.61460345,11.713849588,11.854854432,12.034943868,12.194896472,12.51497071,8.714695419,9.614297464,10.2145423,10.71423619,11.2146953,11.71268156,12.1150892,12.63697177,13.20584525,13.74887501,14.71484817,6.614603693,8.1439197454,9.1946025222,10.019070792,10.916989096,11.68857695,12.508432212,13.320478096,14.196429296,15.20983386,16.8149399,4.514511968,6.7685164952,8.2323432432,9.5200265044,10.70888291,11.81417492,12.920774878,14.120933238,15.306372702,16.662980388,18.8906108,2.514205978,5.4282629629,7.3299720668,8.9540004755,10.515259564,11.953014185,13.416481842,14.869019625,16.39015489,18.080852255,20.95862374
22.07297959,22.110417599,22.389458778,22.571110066,22.605513642,22.846373725,23.069321552,23.100821352,23.308567682,23.588966917,23.63141807,20.05846121,20.788474885,21.559033828,22.059347543,22.555911448,23.01770413,23.436319754,23.853187058,24.281430908,25.028008412,25.66745959,18.05456463,19.564513558,20.587171278,21.523821024,22.226316018,23.07619015,23.771621486,24.602251515,25.512107912,26.338724668,27.65928031,16.05459431,18.210175234,19.668227542,20.903405481,22.076340294,23.120609265,24.199032114,25.342239687,26.5680447,27.795053554,29.56026987,14.05463243,17.059616945,18.78071268,20.34797761,21.81418328,23.2124007,24.63521112,26.065592915,27.12147128,28.10902568,30.59566246
9.319687786,9.582079467,9.773831791,9.9013812946,10.0177941346,10.20918603,10.279836734,10.443655326,10.573305876,10.84070928,10.89419664,7.086317303,8.1325305104,8.700696653,9.2121049154,9.772376039,10.219415925,10.69567448,11.171884473,11.664463094,12.276714467,13.12181064,5.062840785,6.734210515,7.7942836464,8.7185386956,9.5446905762,10.36555583,11.169033916,11.9341515,12.764160462,13.687750466,15.12499423,3.089455249,5.5171180507,6.9873075296,8.2976600475,9.4692972394,10.59429434,11.666658896,12.768351053,14.001463132,15.171646078,17.15245444,1.052415257,4.34900878,6.1639663994,7.7859296176,9.2594202908,10.70006492,12.11144917,13.568359046,15.111016046,16.740071732,19.20020666
25.57042652,25.732384473,26.0650743,26.090084816,26.210723156,26.5636349,26.587235564,26.666198275,27.062248662,27.084491423,27.12147128,23.57179262,24.563400212,25.084413776,25.586898986,26.089289046,26.57680078,27.070904666,27.56412413,28.06563058,28.567084314,29.08838692,21.55817351,23.115619215,24.133662516,25.077405334,25.850329366,26.62713274,27.20151621,27.699022865,28.197454976,28.698860367,30.15602343,19.55856691,21.84855019,23.24848113,24.55158565,25.36371408,26.12404164,26.7729921,27.44744639,28.07560007,28.72709131,30.59566246,17.55904992,20.640992102,22.392887944,23.591685594,24.576525658,25.47104627,26.245249466,27.071766862,27.81390553,28.657761102,30.88878891
11.05440298,11.324577786,11.509855348,11.622062264,11.782040276,11.894773675,11.971658436,12.118186347,12.247682538,12.404982042,12.6840502,8.821002001,9.925228349,10.492498594,11.019569385,11.521214366,11.966109015,12.419767964,12.966603318,13.42480728,13.965087184,14.90888588,6.858610798,8.549862043,9.5086686042,10.38830065,11.213163686,12.00920535,12.832590642,13.6402309,14.49125246,15.48886754,16.98153445,4.789875584,7.1088416985,8.494618509,9.7207893188,10.844954252,11.961307965,13.08181757,14.224766578,15.45530511,16.880804138,19.06200379,2.787839957,5.715385842,7.509834692,9.0807863295,10.55928148,12.003506975,13.44602952,14.91448929,16.31028825,17.98819348,21.01909868
0.536364954,0.6455639724,0.8005962758,0.9243177139,1.0711734832,1.2684307475,1.400905041,1.5512404071,1.6416421828,1.8686633018,2.013650883,0.023364336,0.2806181274,0.4965216572,0.7755304218,1.0704866338,1.3409525195,1.6894601534,2.1329389756,2.645913638,3.2474608836,4.08066142,0.023364336,0.4576900057,0.8443195202,1.2588832447,1.6814461324,2.145199552,2.6214129462,3.1320415409,3.7058688966,4.6629410997,6.155502302,0.023364336,0.5772727415,1.171413854,1.739691234,2.336482999,2.9702088815,3.641798007,4.3116797115,5.075266412,6.029350974,8.21116127,0.014971312,0.7313137345,1.469782823,2.2297020545,2.994921055,3.765330244,4.644181793,5.497260162,6.502038089,7.6596098215,10.2582377
0.539782341,0.6925062796,0.8996382508,1.0386005535,1.1771295024,1.2844310165,1.507522213,1.6437835015,1.8152671712,2.0033058594,2.336482999,0.023364336,0.2669333739,0.5704092724,0.8635727116,1.2139984784,1.5494254335,1.9577402324,2.5612702615,3.0451652226,3.7108532838,4.527998112,0.023364336,0.46307979,0.868652743,1.3057518635,1.749676802,2.213296487,2.721254958,3.3092281595,4.051850555,5.0780606535,6.725100426,0.019987439,0.5835501157,1.1725793108,1.7564901253,2.3807098226,3.0074995795,3.67494616,4.4083618058,5.2250014552,6.4716744819,8.825277726,0.019987439,0.7686779974,1.512493339,2.285610502,3.061296157,3.863369868,4.7496124704,5.652483034,6.6741440026,8.1159418312,10.93066224
7.106371239,7.448498436,7.6585728132,7.8033994021,7.962282881,8.167213204,8.3156865286,8.470420732,8.552451258,8.7681511638,8.90553752,5.284329811,6.068201075,6.7174949852,7.2178220684,7.7932667898,8.215001528,8.7382613354,9.2139257464,9.7165788158,10.289430562,11.11240819,3.164305942,4.778558031,5.798738585,6.7757211915,7.537619882,8.4402341505,9.238552835,10.02077151,10.96758754,11.864833005,13.20584525,1.04434158,3.4158160532,4.915348663,6.1264188378,7.4106209312,8.515334999,9.6412033144,10.810426084,12.020201624,13.414744168,15.30696187,0.014206098,2.1137040927,4.0124312832,5.7014896429,7.1945461066,8.700841344,10.149971714,11.650356136,13.194266394,14.91600862,17.41297834
4.349283817,4.7084819622,4.9140086116,5.0540132289,5.1119016932,5.3712962255,5.4275414594,5.739567366,5.7627327568,6.0087705963,6.136874921,2.231783321,3.083889351,3.642956503,4.3185996205,4.742481674,5.322630794,5.762512038,6.346559405,6.821162104,7.424051338,8.243444415,0.138446022,1.8910911336,2.945039566,3.9193090806,4.7368950964,5.638534609,6.4229568738,7.2227062226,8.1257273674,9.0111660212,10.4070968,0.014971312,0.9645693005,2.115096599,3.392657021,4.578562575,5.714619041,6.830235396,8.0463299895,9.238552835,10.591805125,12.52042548,0.014206098,0.966562139,1.990096131,3.082555807,4.349979155,5.859150203,7.3398959876,8.82405331,10.359919634,12.117047926,14.70082794
13.06067748,13.107886695,13.55464372,13.57254966,13.62718369,13.87124403,14.06022578,14.10409206,14.18314909,14.571299755,14.62220189,11.05471547,11.844805364,12.54566406,13.055860192,13.558123474,14.05463243,14.496346964,14.92520375,15.458589864,16.05753239,16.6638336,9.054801406,10.593964553,11.591645786,12.523151735,13.263575446,14.09052565,14.87542248,15.661084294,16.559088206,17.389192498,18.65209521,7.054936059,9.303935299,10.809068064,12.092695874,13.20694544,14.25899627,15.329656466,16.497305762,17.594665374,18.84688391,20.69481138,5.055177256,8.1782399731,10.088441442,11.593624786,13.06493691,14.409484165,15.738212052,17.155147893,18.653812826,20.265653769,22.68242764
1.887926052,2.13584273,2.358940415,2.584642524,2.754727263,2.9161450785,3.080744073,3.2538533035,3.468734857,3.702427518,3.939906474,0.050259643,0.792255149,1.393834294,1.8990417522,2.388404324,2.93700433,3.4095733494,3.937551908,4.399673755,5.0489596226,5.987375251,0.037265887,0.5000461412,0.9741005508,1.5297947928,2.1344733036,2.875993094,3.670333127,4.5738585338,5.434112932,6.4555101264,8.21116127,0.014971312,0.6353051541,1.2849010636,1.9295896825,2.608482756,3.386596466,4.2224080646,5.3182304322,6.5131964982,7.9271849328,10.2356122,0.014206098,0.784966016,1.5902887374,2.3778891822,3.211269823,4.105766553,5.0486676034,6.1342609002,7.6426499974,9.4099785146,12.37178148
5.536963648,5.6847787552,5.8936086848,6.005057567,6.1904740154,6.241458845,6.3838517688,6.597927148,6.7001833486,6.9065344194,7.033130766,3.398614902,4.2140646076,4.8243614684,5.3588809269,5.874273822,6.311437718,6.824684026,7.3057840576,7.8248776414,8.3815088036,9.243661438,1.287267263,2.9420108424,3.981035797,4.8627446056,5.749441976,6.534661539,7.3145517124,8.1897795692,8.9692491416,9.9581367372,11.43780415,0.019987439,1.5919883804,3.0907392326,4.3987344894,5.578324906,6.725100426,7.8371068338,8.9536290038,10.145628906,11.43195785,13.54428885,0.019987439,1.2013198736,2.3817617786,3.9622427482,5.448273592,6.89551544,8.3470899026,9.7901040538,11.342272256,13.033517716,15.64430854
3.298450718,3.6455327161,3.8503157794,4.0018351115,4.0891879008,4.3284132365,4.366485913,4.6828593533,4.722778845,4.9565392752,5.078860877,1.17880296,2.1815475619,2.664012518,3.2764382018,3.7132559592,4.2831573955,4.728393656,5.3244417009,5.7818004636,6.4594237869,7.198508635,0.019987439,0.786383855,1.8353946394,2.636082469,3.549771326,4.362390825,5.152710074,6.0227202144,6.8754189994,7.8772742412,9.318156393,0.019987439,0.778371911,1.546114613,2.336824472,3.326524772,4.487807693,5.624112647,6.752894941,7.905057887,9.287424507,11.43780415,0.019987439,0.8672096238,1.7452515604,2.6646412418,3.6622912582,4.729669414,6.1117134372,7.566122626,9.120486484,10.848551002,13.57750192
14.11707399,14.435817094,14.59674237,14.7755835,14.89842866,15.11465242,15.25724286,15.45490562,15.577707632,15.775090888,15.91753507,12.01854435,12.918765229,13.49968279,14.004612241,14.515312254,15.0176473,15.515807888,16.014840088,16.56672001,17.185704781,18.0160647,9.918892673,11.5270707,12.5213753,13.420488605,14.31417481,15.123267395,15.8147869,16.5066915,17.21563058,18.14293517,19.91441941,7.934074611,10.181820425,11.61710303,12.91043268,13.90097048,14.680720225,15.42800462,16.352582205,17.40071384,18.66433672,21.3806651,5.848800179,8.9143434104,10.748293044,12.134057529,13.0883365,14.029810775,15.032824968,16.213260847,17.526989396,19.198474359,22.80649192
6.811744673,7.0152906718,7.1803782216,7.3969926742,7.5378724246,7.732931072,7.8138380874,7.9380421549,8.1385852802,8.3019801669,8.614403742,4.742481674,5.6202684002,6.1161577746,6.7084775132,7.1315882942,7.657527503,8.1172386178,8.5677183468,9.1495443592,9.694896941,10.57281053,2.512790296,4.214924648,5.182597307,6.114527196,6.976256143,7.8113314,8.591418272,9.4149633095,10.31432804,11.29863269,12.63697177,0.481675588,2.8144173231,4.3143283268,5.5456821474,6.7571106684,7.9057154755,9.0169730788,10.214469913,11.414878938,12.75499088,14.71739748,0.014206098,1.517675188,3.414573238,5.052686354,6.608812067,8.113160825,9.531342036,11.01211644,12.52042548,14.255664565,16.8080493
22.08138135,22.200323074,22.569581274,22.597715766,22.633308662,23.06194509,23.085794164,23.120212148,23.392401716,23.576084956,23.60726353,20.06308434,21.055277516,21.566849824,22.068703922,22.570475914,23.06194509,23.558634204,24.055812622,24.556422758,25.060596912,25.66552275,18.05456463,19.580098585,20.56441948,21.33468592,22.1445665,22.988388075,23.67701789,24.5662808,25.30740901,26.40039834,27.69377182,16.05459431,18.17885361,19.55856691,20.67607755,21.7561881,22.85989336,24.05777374,25.13423875,26.26744889,27.66130083,29.6895499,14.05463243,16.76760662,18.556253086,20.07013656,21.52573365,22.91841405,24.294741174,25.706601228,27.192076858,28.357899126,30.74096793
4.678878097,4.878480306,5.1298709496,5.3988903496,5.5054777012,5.727842704,5.800065722,6.0420033608,6.1753581034,6.3788800996,6.550964855,2.566303849,3.56906642,4.133847407,4.6964566925,5.14613757,5.741833092,6.159091483,6.7889700105,7.198508635,7.8619676925,8.739538885,0.441750358,2.1816492324,3.1378468474,3.9900891836,4.8885824874,5.75582348,6.5155615712,7.4376283082,8.2579640018,9.2777987058,10.84677981,0.019987439,0.9296845334,2.1633081118,3.3945351804,4.6400239868,5.7633135645,6.9334272398,8.1226552902,9.3608459698,10.738531577,13.03604826,0.019987439,0.9732715335,2.00484864,3.0689979205,4.443723927,5.920074086,7.419327489,8.871550355,10.45490644,12.162568505,15.14259477
7.504952412,7.6311677505,7.8645309732,7.9020305079,8.2178834476,8.2583325135,8.499478265,8.5841545849,8.734046178,8.9409027378,9.287424507,5.385991796,6.153995723,6.811658116,7.3125498128,7.871355752,8.272369541,8.851198988,9.3004283364,9.8963965542,10.43914062,11.40638512,3.26703118,4.722778845,5.7582727496,6.6456167442,7.5246287052,8.344787461,9.156829742,9.9938914752,10.86694489,11.91915418,13.52534574,1.148070564,3.354354711,4.839611517,6.1020127191,7.300447739,8.4577815595,9.5908000328,10.699890275,11.940759676,13.347080814,15.64430854,0.019987439,2.057032322,3.9736569794,5.6299160914,7.1569223172,8.662726641,10.102709308,11.571452954,13.124490326,14.902456154,17.76181985
14.15732779,14.215739896,14.54863103,14.6634795,14.723430284,15.12274584,15.169321538,15.230618336,15.37643579,15.674923756,15.73735144,12.12907872,13.059904134,13.589602164,14.100420864,14.6116573,15.09257066,15.562040822,16.05851175,16.566512358,17.106814248,17.78308114,10.13330064,11.64887412,12.654985834,13.542744072,14.236878192,15.09257066,15.77631465,16.609218198,17.546576826,18.489738748,19.83208812,8.105051568,10.38906549,11.6301342,12.77599724,13.91108362,15.00781496,16.07994127,17.139682045,18.34806706,19.690065845,21.85956225,6.109273487,9.0350518039,10.6133159,12.131212704,13.560149178,14.93419947,16.313716224,17.777476984,19.299492494,21.07274512,23.79927446
14.19072385,14.337974547,14.507885684,14.643168919,14.80150865,14.951426985,15.107533276,15.258117176,15.40566564,15.572121811,15.70787891,12.10244923,12.994173223,13.621777252,14.081154385,14.64822445,15.11885523,15.578899472,16.061363655,16.52700658,17.103775753,17.92702283,10.02636697,11.668968905,12.71160402,13.660194895,14.48479926,15.3262397,16.12177845,16.88814067,17.67053695,18.617422725,20.00798316,7.974132676,10.462106069,11.89820662,13.160896992,14.350141944,15.453942895,16.56493447,17.726054034,18.945655908,20.141734814,22.09581842,5.970389364,9.175531628,11.106178396,12.723423135,14.237621316,15.643299495,17.107098406,18.515503448,20.062905468,21.716121323,24.18922731
18.25977356,18.548113326,18.711467218,18.905640397,18.990106366,19.160148895,19.33575064,19.407816562,19.689007568,19.829361549,20.04503484,16.24302294,17.14411008,17.63030738,18.169117256,18.712227694,19.16891683,19.63691701,20.113927326,20.731675348,21.362585502,22.06551512,14.23911016,15.807051665,16.74021158,17.662016665,18.50996421,19.36066046,20.08993951,20.959929405,21.84784915,22.76872451,24.09742532,12.21928867,14.45516181,15.88847091,17.17514879,18.29169076,19.40840451,20.54732655,21.68745662,22.87291967,24.18922731,26.14626454,10.20918603,13.128332102,14.974832788,16.555829854,18.087061524,19.58155291,20.993205492,22.49522285,23.99886548,25.69360529,28.32684469
22.57310108,22.763083952,22.857306372,22.993373448,23.159731092,23.24004291,23.435158526,23.539051406,23.80129778,23.890333416,24.12106586,20.34316748,21.20179376,21.84784915,22.31784941,22.77812544,23.24004291,23.84892133,24.30077457,24.75779566,25.41845764,26.125735,18.29169076,19.83451836,20.74788847,21.65247146,22.51984799,23.26103818,24.09742532,24.97565969,25.85947199,26.78601289,28.35832712,16.25814991,18.355282817,19.827567514,21.003199923,22.173026592,23.321434705,24.427347662,25.613129724,26.789703388,28.273622037,30.3849699,14.25022548,16.992889312,18.782682324,20.378985198,21.878293864,23.39902675,24.784106206,26.31524563,27.878897238,29.554608272,31.37746103
10.21682231,10.403407298,10.693870854,10.777008254,10.93490026,11.186730175,11.263998146,11.39663931,11.680198038,11.752086397,11.8573756,8.173720901,9.1095055512,9.6800901442,10.19907407,10.703477602,11.20967861,11.671409784,12.142067116,12.647505834,13.196431854,13.91657648,6.185696441,7.8534408663,8.8664527784,9.6346310049,10.416437622,11.13736528,11.89391953,12.674949489,13.56591335,14.565754715,15.97638399,4.14597344,6.578269183,7.768206805,8.936773336,10.02865607,11.08947637,12.136192,13.19862748,14.457497,15.73950297,17.99497662,2.154581819,5.1984565723,6.7918204536,8.2704581201,9.6629933596,11.05578984,12.391696298,13.785753014,15.308679098,17.073646228,19.90825435
26.13240552,26.167725321,26.2047791,26.354453002,26.644284588,26.679664825,26.71867901,27.01161969,27.15601755,27.191582136,27.23206971,24.10639292,24.659366536,25.154909358,25.640636066,26.108809488,26.57680078,27.059552244,27.558213698,28.066592576,28.60226846,29.22554522,22.08138135,23.144823358,24.075584672,24.88417232,25.647967862,26.55448837,27.163748386,28.06394958,28.71291913,29.526432188,30.74096793,20.06308434,21.670605726,23.061214756,24.158949555,25.253928458,26.353470105,27.20093161,27.993528827,28.631987298,29.511509441,31.00725249,18.05456463,20.243843009,21.98612384,23.475015328,24.790159304,25.777846305,26.7095839,27.575228144,28.3584377,29.382669319,31.23883104
1.469782823,1.6858287555,1.884100769,2.112974185,2.308333949,2.473074545,2.578312693,2.7976933195,2.994921055,3.22625575,3.422892082,0.050259643,0.4379736315,0.900260716,1.462632156,1.993270433,2.5014547115,2.994921055,3.4870612845,4.07492408,4.7032186035,5.489584358,0.023364336,0.4889492605,0.956812598,1.4473628525,1.993270433,2.6191131045,3.382082373,4.2317968615,5.07726043,6.0883542325,7.71189987,0.023364336,0.613991549,1.205125152,1.8549571766,2.5055146124,3.179986882,3.9396136914,4.8788824252,6.0882622934,7.5746580962,9.888186435,0.014971312,0.775368513,1.515242215,2.280651387,3.060492557,3.885472326,4.771316025,5.7654029485,7.080542962,8.888321539,11.91588389
29.15813439,29.2080753,29.5705499,29.641694185,29.6895499,29.88523008,30.0826755,30.14073114,30.18849442,30.287560715,30.59566246,27.13066251,27.70329013,28.16024535,28.559140165,28.72709131,29.06762026,29.27707311,29.585867255,29.89936343,30.172258925,30.74096793,25.1046517,26.137517121,26.736984676,27.22901403,27.697596064,28.153433655,28.59482089,29.056368707,29.526432188,30.124888867,31.00725249,23.08020917,24.556393712,25.298235622,26.077219878,26.67159261,27.26429269,27.90445292,28.54529933,29.077572096,29.904645223,31.23883104,21.0333618,22.81962013,23.89048012,24.800306935,25.65176108,26.469199785,27.2091857,27.964471635,28.68519477,29.676060995,31.37746103
0.119225687,0.1571049303,0.2300913466,0.2602547711,0.515352612,0.573805393,0.595694402,0.9100082402,0.95858672,1.1730261263,1.28910506,0.037265887,0.2299529702,0.4949926942,0.7794109384,0.959473781,1.253182067,1.523341881,1.838694905,2.1142270256,2.6334684488,3.461244034,0.014971312,0.426638827,0.814787622,1.233938922,1.636694532,2.085499499,2.53772185,3.0083560845,3.538189279,4.138900164,5.562332014,0.014206098,0.5832148594,1.1416198078,1.715247212,2.2951292762,2.914879347,3.5460140038,4.2214142238,4.9822693032,5.7908614178,7.666187918,0.014206098,0.717913095,1.432257717,2.165939756,2.934709398,3.6927869195,4.514511968,5.385299835,6.347833141,7.4620245105,9.775794283
4.814634388,4.95448746,5.154671102,5.2744139846,5.3947690382,5.514664963,5.6545180358,5.854701677,5.9744445596,6.1746282012,6.314481274,2.614756928,3.5146528905,4.094621921,4.6150150445,5.1147591638,5.6150762735,6.094383041,6.5493604376,7.11461571,7.6446962585,8.514358734,0.514665202,2.0167371666,2.987479401,3.9133947716,4.7201239126,5.598903618,6.3557247354,7.2141598404,8.1129028742,9.089820157,10.61445046,0.014206098,0.931203791,2.1260304208,3.4051881664,4.6128034142,5.72066594,6.8272971928,7.9663107042,9.2003484744,10.583993874,12.71454218,0.014206098,1.0188087529,2.0858842186,3.2120115055,4.5968112334,6.0148478515,7.4148835816,8.833621775,10.322580008,12.063068107,14.81463391
3.907129821,4.2723040172,4.4814779298,4.6504554523,4.739859543,4.9801368015,5.045263628,5.3245841366,5.3655041274,5.5899052891,5.691098482,1.787004731,2.8478305093,3.4917717618,3.9660709785,4.5099323344,5.0232019685,5.4855933972,6.0293718804,6.5098834954,7.1264832885,7.855574485,0.062410117,1.4744458595,2.5030482136,3.3896173814,4.2708372628,5.0623879345,5.9057722688,6.7696162123,7.667464201,8.6625846543,10.05767933,0.023364336,0.8433607573,1.7166357268,2.8535070257,3.9849487198,5.1428460585,6.3168901576,7.5035025251,8.7456617432,10.103954401,12.26895123,0.019987439,0.9078751128,1.844585238,2.7383597144,3.8078002742,5.167179212,6.6541152868,8.2049921242,9.8448214508,11.69424519,14.35883191
26.09579618,26.387520367,26.549000116,26.744377833,26.830742064,26.99537802,27.170490096,27.249365464,27.528060532,27.667296777,27.88387163,24.08379003,25.010110866,25.668729076,26.119865,26.586869976,27.04727572,27.597328854,28.108660492,28.565372252,29.188254448,29.9043276,22.07420282,23.586472294,24.531669074,25.400479658,26.142693224,26.99725912,27.849943304,28.571696688,29.470226402,30.131977106,31.11635344,20.05763679,22.084506404,23.44295913,24.727576565,25.864438362,26.98339761,27.903463858,28.602762857,29.263852508,30.079816299,31.29252741,18.05123701,20.721041682,22.505849022,24.092981888,25.519589078,26.5512366,27.431257894,28.159679614,29.00755301,29.92519655,31.5841364
8.016180869,8.157880103,8.3555985306,8.4785597484,8.6763895548,8.818681469,8.9385362186,9.055284403,9.1782686116,9.3759657612,9.518573394,5.917651234,6.7041751487,7.2290105564,7.8047065745,8.2690345126,8.738464746,9.2180989066,9.7163447944,10.250308842,10.835213891,11.7190232,3.715748831,5.3173391354,6.337799701,7.234139345,8.0798339104,8.915032103,9.7145423284,10.514962142,11.409624276,12.336629662,13.81867866,1.617219196,3.94798034,5.4329113546,6.7365617002,7.9142669368,9.0162885175,10.114747356,11.257177688,12.423172686,13.796440923,15.91753507,0.014206098,2.82430896,4.742481674,6.414267009,7.883017055,9.322652074,10.71085937,12.05901251,13.53351779,15.19100106,18.0160647
1.315826597,1.6343751478,1.783469222,1.9972336461,2.1467097462,2.3443724915,2.4933487664,2.5350907789,2.7557872962,2.9072559093,3.115703697,0.014971312,0.3745182275,0.737119927,1.264588645,1.814940617,2.255866804,2.813318641,3.226035355,3.814481393,4.3151426895,5.182597307,0.014206098,0.484625419,0.960360842,1.4226984672,1.9455090634,2.514971192,3.291823187,4.104612867,5.0101767758,5.960511281,7.415578948,0.014206098,0.616322835,1.2655069644,1.8869752084,2.5558567388,3.284534702,4.0075665408,4.914884393,6.1119753832,7.4215281776,9.4575797,0.014206098,0.783048273,1.5666035494,2.3573074454,3.1847566132,4.035232044,4.9704098548,6.0137472535,7.2315653776,8.9432019308,11.41503198
17.2873149,17.687191725,17.737416836,17.804352853,17.98503619,18.20258074,18.256867318,18.327370345,18.646599268,18.769881757,18.84245958,15.24065327,16.127129078,16.675991668,17.141944618,17.612057588,18.087347,18.568328956,19.072380046,19.60247113,20.170638832,20.89526328,13.25634335,14.694323167,15.593520286,16.453037647,17.164286062,18.040229615,18.695010818,19.571745826,20.400151706,21.38441092,22.80640324,11.20967861,13.204399067,14.555702168,15.630641577,16.743426052,17.82371355,18.94055595,20.07131193,21.206371156,22.626045246,24.79271872,9.225509286,11.837198146,13.53945686,15.020385892,16.423650308,17.784706305,19.184294068,20.643508391,22.168387178,24.034274579,26.73385311
11.93953106,12.282407407,12.489532338,12.638380044,12.777745378,12.999926105,13.115518104,13.306217652,13.380283566,13.59978922,13.73513508,9.769596658,10.82487327,11.43780415,11.963449165,12.48253701,12.983496365,13.50599224,14.004468145,14.53153931,15.11263999,15.92988759,7.65189471,9.4118108295,10.46561054,11.394952475,12.24404674,13.06027186,13.86462321,14.711321205,15.62731007,16.56985804,18.13309865,5.536963648,8.0163503728,9.5968269606,10.862144647,12.037519744,13.17332376,14.266285558,15.438073418,16.678451494,17.992456445,20.23023054,3.429932975,6.7921714018,8.6778629882,10.330375065,11.860646872,13.34655339,14.783522532,16.285283137,17.813876132,19.594542941,22.34796975
12.08929691,12.368823208,12.498727248,12.653280486,12.813747346,12.93822493,13.081269774,13.24561893,13.38923052,13.516799328,13.66868782,10.17245171,11.010230156,11.550398686,11.960825025,12.39919854,12.849579935,13.273351142,13.745613435,14.22810743,14.817567731,15.60080123,8.173720901,9.5488489084,10.35845158,11.116390884,11.856763702,12.62486419,13.33299275,14.15298082,15.061439524,16.054720534,17.54457818,6.185696441,8.0641990775,9.169686463,10.331842035,11.38694097,12.452969005,13.55464372,14.628176395,15.82516722,17.20640743,19.41524846,4.14597344,6.5779560614,8.1476371532,9.6059981014,11.05316098,12.37644316,13.754882122,15.180325998,16.681853022,18.533905184,21.38922032
12.93822493,13.094567221,13.27460372,13.41755913,13.565136492,13.74708991,13.898359584,14.03742318,14.252796536,14.480135653,14.63255147,10.78411091,11.684592165,12.18114263,12.644258735,13.10795135,13.53950891,13.97884389,14.474061605,14.99904694,15.644783295,16.57282219,8.817605975,10.149872385,11.01212065,11.74355809,12.56831162,13.27169655,14.0668204,14.864023315,15.73735144,16.7464481,18.44793061,6.758434024,8.6016191105,9.871952895,11.03341806,12.06889103,13.117459555,14.19061919,15.327941315,16.57282219,18.040229615,20.40160066,4.701349355,7.179376864,8.817605975,10.28189241,11.66895778,13.07264916,14.50823773,15.9231314,17.46931997,19.20578659,22.32369642
13.427002,13.60396824,13.825492,13.97074096,14.15008284,14.271024285,14.40686708,14.57204397,14.65622276,14.94842502,15.11615959,11.36708573,12.19016619,12.677014526,13.133461958,13.591455032,14.02490544,14.466566632,14.978798172,15.538142896,16.146847854,17.06004553,9.307894142,10.629418904,11.489359142,12.219799992,13.06635672,13.78196213,14.616835536,15.428535184,16.269151608,17.231665998,18.92260962,7.250044737,9.0931206608,10.336240266,11.480611928,12.57070978,13.613266495,14.660770186,15.822812205,17.06385497,18.510240617,20.89526328,5.293040313,7.650305261,9.251850635,10.721614851,12.150059704,13.54720644,14.931831004,16.383904845,17.903430912,19.703047343,22.80640324
13.91657648,14.06245866,14.193921228,14.388495054,14.53573947,14.644387115,14.849487032,15.008485898,15.102525748,15.37599553,15.60080123,11.8573756,12.587375781,13.065459448,13.537733186,13.976675618,14.411749385,14.851267488,15.313736612,15.847649096,16.471957569,17.54457818,9.79916382,11.074060682,11.88173822,12.664636282,13.433759528,14.15008284,15.002554148,15.694411876,16.594614308,17.612057588,19.41524846,7.742729939,9.5544905528,10.761814258,11.859785274,12.958904738,14.06352309,15.105825958,16.210770869,17.514474896,18.846559176,21.38922032,5.779532333,8.1167087985,9.7281242272,11.185232449,12.62675962,14.01849321,15.355859972,16.792652499,18.343373716,20.103344461,23.30276264
11.03607185,11.232267995,11.40522962,11.605384535,11.7840419,11.97575728,12.11113513,12.310233945,12.48855375,12.689660215,12.8740602,8.915934504,9.7205444754,10.366076588,11.03005718,11.418952732,12.02660828,12.450481352,12.970426244,13.52494113,14.16443582,14.98497079,6.796535453,8.430266728,9.4268555936,10.326461827,11.160374768,12.02924669,12.813515744,13.658051263,14.570832714,15.613015925,17.1685026,4.678878097,6.86061149,8.349650699,9.6239012192,10.848551002,12.02660828,13.157310416,14.358835134,15.622585584,17.035385942,19.27697899,2.560710974,5.4868247788,7.4229245194,9.0783597716,10.627022228,12.11113513,13.568436718,15.081451782,16.68766918,18.463346524,21.38739726
11.74194513,11.973987775,12.18114263,12.33319334,12.4235998,12.653004395,12.85895767,12.96654183,13.10795135,13.31676669,13.53976916,9.508640373,10.450499604,10.987731774,11.425213804,11.855539906,12.3301164,12.827225548,13.30318876,13.792071154,14.42461371,15.53443871,7.483085719,8.9490608461,9.7925830944,10.581055201,11.31656184,12.109187815,12.859548402,13.661474635,14.519170954,15.557743799,17.33051145,5.47751171,7.480504626,8.632288942,9.748089818,10.8367487,11.88021864,12.96164832,14.082492535,15.3070044,16.708492115,19.1670151,3.476415486,6.0086286014,7.5658321384,9.0393623197,10.39334873,11.74936411,13.146706698,14.608916706,16.147246896,18.043979901,21.2100897
14.53153931,14.78607349,14.916642264,15.158862542,15.27682959,15.46097061,15.573621686,15.802672518,15.94673768,16.14625027,16.33300855,12.33119019,13.251715776,13.863712378,14.375407558,14.93673065,15.42166513,15.962522922,16.47649254,17.012372164,17.60169687,18.47013034,10.23057796,11.89339774,12.943832798,13.864167794,14.700038584,15.4979413,16.333290072,17.173835304,18.01780463,19.034215666,20.58996621,8.137622546,10.49491805,11.959587006,13.267467057,14.47887177,15.602160375,16.720272568,17.932228412,19.170172116,20.58046746,22.71007932,6.224303299,9.220505603,11.084164832,12.749185525,14.267458246,15.772216035,17.20367643,18.687964645,20.229580622,22.0008495,24.83039863
17.23243448,17.433707986,17.611888946,17.805515108,17.996836088,18.05256079,18.211522964,18.408153008,18.513399284,18.626850024,18.81338022,15.01658298,16.019460579,16.612085408,17.089690148,17.551523802,18.036832585,18.513399284,18.965889213,19.465454766,20.096004506,21.0333618,13.1327805,14.646086809,15.576469122,16.371235794,17.153587054,17.892149355,18.699878204,19.454480887,20.347475836,21.334292209,22.92226319,11.08947637,13.190942789,14.433188064,15.590289988,16.67087676,17.77374088,18.88111418,20.058923523,21.230363456,22.666100427,24.97846246,9.032896546,11.760772906,13.362781568,14.813365104,16.179182926,17.61064299,19.031708422,20.557595642,22.10131776,23.939558412,26.88775609
24.92123916,25.118565245,25.36505657,25.513583122,25.679277482,25.842726015,25.987544044,26.149041942,26.32122906,26.462469405,26.61804341,22.85989336,23.75109311,24.384285822,24.910037744,25.367212626,25.78985237,26.30047227,26.757121504,27.248473672,27.82803763,28.67949916,20.79858858,22.429880341,23.337023344,24.191945559,24.989616226,25.712625755,26.586485328,27.287438313,28.184185882,29.215063268,30.74096793,18.8561249,21.018792736,22.23590784,23.382257137,24.548653474,25.569439715,26.638555888,27.755674733,29.02296308,29.899859847,31.23883104,16.79464227,19.499153392,21.096782402,22.581276978,23.98658153,25.38216353,26.720687484,27.734523372,28.687889656,29.688754168,31.37746103
8.856314749,8.9781759445,9.2173145502,9.2565204299,9.5673015678,9.6186800185,9.86693553,9.9301533893,10.0866179384,10.283221093,10.62693911,6.735134256,7.624616335,8.187529109,8.8135461825,9.224731751,9.8024812615,10.3008694,10.80117677,11.33383992,12.006947905,12.78196769,4.614082351,6.08399633,7.1509324102,8.1132564476,8.9395680156,9.770246328,10.626994522,11.46520773,12.40685565,13.41602476,14.89801918,2.493487201,4.7481213774,6.2177732642,7.5047452853,8.7003604898,9.9219351705,11.044545724,12.191454835,13.477567988,14.890469809,17.01538283,0.38105233,3.371759395,5.229793452,6.870112282,8.385395589,9.8867144545,11.31198013,12.73907501,14.24075198,16.115525885,19.06875746
29.22440103,29.460551401,29.66324861,29.741175948,29.888024118,29.99826825,30.123441246,30.272281949,30.339866232,30.534951424,30.77743105,26.98934843,27.906455596,28.552858398,29.013325387,29.470226402,29.77860911,30.112226086,30.343533448,30.582964434,30.824625169,31.29252741,24.96680581,26.546763632,27.485897018,28.102283244,28.569358192,29.02136879,29.452513788,29.888024118,30.260180194,30.688821988,31.46521245,22.95120599,25.198869032,26.161239912,26.92677195,27.58391658,28.17849891,28.77117585,29.319542338,29.905598092,30.550655142,31.74201867,20.94455348,23.655402044,24.791870832,25.698078526,26.554564728,27.2946971,28.082657402,28.800886836,29.540122732,30.380551164,32.09094177
7.1531536,7.4651952819,7.643176429,7.8254097637,7.971648117,8.0485545705,8.2352598576,8.3967289649,8.5906969014,8.7654952479,8.954143536,5.059971401,5.8946040008,6.5059280992,7.0862173811,7.588200089,8.124922013,8.5657599114,9.1068967701,9.6472558128,10.198778074,11.17770372,2.973991441,4.6472763275,5.6689961212,6.5787529234,7.4443323948,8.2754815295,9.0910754602,9.9425710799,10.830778122,11.866647243,13.39476346,0.758945803,3.2738456951,4.67937531,5.8832882501,7.09658506,8.1984434935,9.3608459698,10.476045033,11.714854208,13.122268521,15.47250822,0.023364336,1.7476130086,3.5601903718,5.1260499708,6.5774916526,7.9553820115,9.3520921846,10.783545286,12.394742998,14.210983294,17.54354944
5.139554547,5.4416981116,5.5820726772,5.8257923482,5.914129465,6.1445616965,6.25100508,6.333567823,6.5520453532,6.7034121712,6.90800103,3.179986882,3.8522452502,4.445607305,4.9706841432,5.470620378,5.881310483,6.4050024596,6.9306271212,7.4721848862,8.1313360728,9.071985173,0.943920364,2.297330055,3.257726445,4.085375928,4.925590038,5.777005595,6.579173347,7.4409717895,8.368732048,9.419269573,11.18400566,0.014971312,0.901624828,2.1271732536,3.3676388978,4.4655530308,5.492063572,6.580054875,7.700677041,8.9886015168,10.482458468,13.24228621,0.014206098,0.8845865796,1.750204628,2.6346502535,3.795654567,5.0849956005,6.4564183202,7.8848889428,9.5056129224,11.396253806,15.08477011
20.58745649,20.919676326,21.115324506,21.278201936,21.422230222,21.552320795,21.669665464,21.909606345,22.030675814,22.233328191,22.38818977,18.49188575,19.520165155,20.172704598,20.723468983,21.18622561,21.68846435,22.136603934,22.608122507,23.196122234,23.737362603,24.48723274,16.59144415,18.245295314,19.282506588,20.077859796,20.996984016,21.81105661,22.554574834,23.39697613,24.270956824,25.260037098,26.58981184,14.4873218,16.906171214,18.35593247,19.659143131,20.822359444,21.96976745,23.06071927,24.256837076,25.415909782,26.767621506,28.69514976,12.38906642,15.625888354,17.537108936,19.174467902,20.720016598,22.13466483,23.58985956,25.009286323,26.572551928,28.234052396,30.80268082
20.31192573,20.487115392,20.66618499,20.822395136,20.995765528,21.18910277,21.332398796,21.504039796,21.688828196,21.841965592,22.01196039,18.25050382,19.12607918,19.75998977,20.296894585,20.79858858,21.24797968,21.67659718,22.21186267,22.75102476,23.252234525,24.07321826,16.18911524,17.80232531,18.760107706,19.608021054,20.381083154,21.199596235,21.92249599,22.752903955,23.681675834,24.681151442,26.13452266,14.1277746,16.434931624,17.671354416,18.794445852,19.902966342,21.02104141,22.121178248,23.237354018,24.510696514,25.93828217,28.07207002,12.18877246,14.998542825,16.56449193,18.050522572,19.450745082,20.794027225,22.177829678,23.700724286,25.28141211,27.163052348,30.13361167
2.584413653,2.8051007306,2.9245592822,3.104654948,3.2646395904,3.485181563,3.6048077798,3.7645377094,3.9448293388,4.1451008616,4.284997874,0.484050503,1.3687693807,1.9774634488,2.4793016505,2.9923538532,3.4732127985,3.9648955882,4.4668598116,4.9853345346,5.5783909065,6.484653902,0.014206098,0.5194657918,1.0677790804,1.6702945223,2.4871811268,3.2850723975,4.0392107152,4.842576165,5.7844361234,6.8744363095,8.58496706,0.014206098,0.5747818805,1.1659890988,1.7317027796,2.3367552342,3.004080232,3.8547264492,4.9836488761,6.2694347762,7.8193755919,10.68505878,0.014206098,0.6363358854,1.3150195466,1.984681992,2.6955733066,3.422892082,4.2987171254,5.2846582342,6.7611149206,8.6834828036,12.57172155
5.629750949,5.893340091,6.021900231,6.188218512,6.468255311,6.5275889425,6.6997976,6.8312668075,7.068403799,7.1753431475,7.384545951,3.57796782,4.5725315845,5.323192922,5.8288388425,6.322993562,6.8247392185,7.322848646,7.7517289155,8.220358928,8.73319131,9.429939602,1.825611236,3.5196970602,4.6119616226,5.5039414982,6.370819106,7.127676743,7.9057538186,8.693452107,9.425296002,10.321285474,11.61164806,0.028463916,2.514205978,4.01556071,5.351567704,6.468255311,7.551088577,8.614909683,9.7140832,10.73541465,11.84757207,13.64559955,0.014206098,1.6036920826,3.4746307166,5.0795435233,6.5469322632,7.943132245,9.2530910048,10.296598617,11.386391228,12.980098663,15.63952138
12.66739765,12.995874756,13.1944882,13.307115388,13.412457624,13.52409392,13.636888994,13.833610726,13.951739782,14.05230733,14.24603244,10.62871234,11.558778892,12.184194562,12.677384964,13.151348764,13.64137291,14.082093472,14.571671682,15.094942364,15.599069406,16.47447948,8.692057074,10.333702152,11.279544156,12.053645116,12.843953294,13.60062071,14.351629542,15.155075692,15.983051208,16.942135434,18.51761084,6.637651607,8.99519131,10.21682231,11.36708573,12.4065144,13.4467959,14.55981317,15.65152775,16.86687316,18.24446621,20.56441948,4.589660283,7.5351080772,9.0834970196,10.519708666,11.87946642,13.23884154,14.623481434,16.095851698,17.658382464,19.479590184,22.44823355
0.014206098,0.0943537472,0.2174804616,0.3114872984,0.3913844962,0.49939873,0.665596223,0.8056438805,1.025861191,1.2246549491,1.385855052,0.014206098,0.2449801072,0.4846740776,0.7167168054,1.010537885,1.284193085,1.5369634534,1.867800367,2.128572531,2.6441595124,3.585732513,0.014206098,0.3822539796,0.7694843062,1.1398235302,1.5478082246,1.983702963,2.414885205,2.9065423836,3.3895116086,4.0145119924,5.685824238,0.014206098,0.513261856,1.0638219296,1.5868462519,2.1186256878,2.715354862,3.3251977938,3.9149558207,4.614775931,5.4909465057,7.585579279,0.014206098,0.6851321982,1.3613816302,2.022043635,2.7419139586,3.432628149,4.234230015,5.0131985882,5.8914549828,6.9680099376,9.485334319
24.44587419,24.662228955,24.86679233,25.01758524,25.13790987,25.35328145,25.55721246,25.708665415,25.83076189,26.045195815,26.24852103,22.37542228,23.272584418,23.889658214,24.4541459,24.93961333,25.41932564,25.89131397,26.383770292,26.906850234,27.480738652,28.32712655,20.31546897,21.871592096,22.961154702,23.896297906,24.72033943,25.49369057,26.32782294,27.100566034,27.934523092,29.00090173,30.41159975,18.20536456,20.57104902,22.07246528,23.245506627,24.532618236,25.666972645,26.767131394,27.890659164,29.167606532,30.436010791,31.82151532,16.12433119,19.311350593,21.19211115,22.834838313,24.31922291,25.7936255,27.217692016,28.621526788,29.675695248,30.614288269,32.09094177
18.59599731,18.950580242,19.025142618,19.305304696,19.314920582,19.489323725,19.660347344,19.684113076,19.946807136,20.026213889,20.36940474,16.47475614,17.366393339,18.01780463,18.635919923,19.09870917,19.65980345,20.06647342,20.53760367,21.095955788,21.781739407,22.51710533,14.35353837,16.122544272,17.14844742,18.079963007,18.910676876,19.707885215,20.524487998,21.299940643,22.17464079,23.219073265,24.68050679,12.23235617,14.714228585,16.227731828,17.502152326,18.658560188,19.828643935,20.933517326,22.092585134,23.252445448,24.637937559,26.79591278,10.11123194,13.375539383,15.308523586,16.985638361,18.495135302,20.00907529,21.429684748,22.894335754,24.439104798,26.182798859,28.91218545
1.369313096,1.6359312112,1.848984469,1.9858718708,2.144303939,2.298492519,2.4446799494,2.5404709512,2.7767804096,2.9436532637,3.11647903,0.028463916,0.62498722,1.256940997,1.8210369028,2.3020808302,2.718170398,3.1393223596,3.5924385756,4.0332896842,4.5084048254,5.157972816,0.014206098,0.5338562915,1.114144828,1.7011103425,2.353497183,3.105891724,3.823687464,4.5536735085,5.335779524,6.1227973335,7.383176374,0.014206098,0.685150432,1.374786204,2.063659433,2.819349481,3.6031480145,4.525558316,5.5773913095,6.6997976,7.818018647,9.454274686,0.014206098,0.8536872118,1.6688998156,2.523955048,3.3970562278,4.330431018,5.3726964182,6.5880661574,7.9314108704,9.3979414456,11.53932368
9.032896546,9.2164579564,9.4390492556,9.517833794,9.6775603822,9.8871883,9.9992478242,10.142356471,10.340108976,10.559399017,10.74919967,6.971354437,7.8859690738,8.5259015394,9.0591284286,9.516097088,9.974816761,10.447164636,10.905950774,11.40413789,11.997811058,12.80776057,4.909821316,6.7002453618,7.7549445042,8.5384067358,9.3429809558,10.12781995,10.884748706,11.651586532,12.462851734,13.438676472,14.73317928,2.848316695,5.4778349552,6.7866804898,7.9363514148,8.9654587142,9.994523542,11.081063506,12.209768864,13.415103166,14.80926697,16.76155834,0.78706456,4.223739572,5.711629215,7.107162527,8.492992988,9.832392775,11.17963732,12.66049423,14.21017301,16.06992998,18.81338022
9.168359527,9.3666326392,9.5698718248,9.7385601106,9.9397653766,10.00535559,10.156892992,10.340108976,10.472313846,10.58699173,10.74919967,7.11093377,8.0843113876,8.716177854,9.2613723266,9.7277010306,10.17165502,10.625860436,11.091462874,11.569329376,12.158215392,12.96164832,5.056870747,6.8301597964,7.8613871854,8.7506064157,9.5148677728,10.331842035,11.064242256,11.856780993,12.675505146,13.633121644,15.01658298,3.247168118,5.6478677015,6.9613640594,8.0668349896,9.1218867788,10.2013034,11.279613208,12.377621319,13.56410978,14.97604,17.07311342,1.275014365,4.3587574916,5.9131896356,7.2791145416,8.6331245696,10.00535559,11.400685462,12.857243986,14.420925286,16.241714382,18.98733901
27.63353671,27.834343718,28.023669104,28.200399318,28.27860471,28.4714865,28.662790866,28.864140482,28.921144214,29.105922884,29.43631163,25.41597261,26.357432936,26.977906562,27.534832014,28.02795158,28.49020732,29.00519456,29.478675118,30.002491272,30.570861464,31.39537265,23.33517562,25.014878938,26.054237954,26.948009078,27.792789554,28.56514102,29.407342662,29.993673434,30.501441796,31.010048418,31.86486554,21.26238883,23.652547152,25.147781792,26.385899298,27.515932524,28.37724153,29.063606186,29.711663746,30.339866232,30.922003842,32.09094177,19.20020666,22.319325848,24.299603398,25.799312264,26.82984331,27.74256272,28.536636138,29.23332117,29.934470808,30.614288269,32.09094177
9.518412696,9.6775603822,9.8423924686,9.9658699192,10.103327078,10.27318516,10.41826317,10.54025917,10.693663006,10.936049526,11.09444263,7.358066766,8.2937161127,8.8734921706,9.4428080484,9.922350381,10.39414764,10.870444826,11.318022335,11.81145213,12.371810484,13.15599083,5.30544147,7.0426391804,8.1299736606,8.9503840518,9.7764041154,10.51268198,11.31364085,12.132372304,12.948597398,13.892058736,15.21754027,3.334646644,5.8744826964,7.1864232072,8.3836446082,9.4153212954,10.468576305,11.553836706,12.689179599,13.884056108,15.301202756,17.27909052,1.275315987,4.580319873,6.162441981,7.550437096,8.923431157,10.28342691,11.64465038,13.11629948,14.69230826,16.55241306,19.28601139
24.59336985,24.812559572,24.953253512,25.175389982,25.358423438,25.46083463,25.53832002,25.775428672,25.922750518,26.12031527,26.36126547,22.58160677,23.257698528,23.770429026,24.293740532,24.796180336,25.232762535,25.707777404,26.185654912,26.793722262,27.393518886,28.39697551,20.57121297,21.733187106,22.650457752,23.498011527,24.32830791,25.09376963,25.925497224,26.73152432,27.583356106,28.629063676,30.18599344,18.33633651,20.292067318,21.632376804,22.807518804,23.950725422,25.043275155,26.161264166,27.282077676,28.562556484,29.948056788,31.37746103,16.3192022,18.823699416,20.568743982,22.088437858,23.477335706,24.82857206,26.269902208,27.740780402,29.011973146,30.015756608,31.58938319
17.34202835,17.465754426,17.776462938,17.872647798,17.949658062,18.22327999,18.344572582,18.41767163,18.674922206,18.873820814,18.95252017,15.300381,16.106205657,16.725519978,17.244228145,17.740353764,18.18240751,18.628726838,19.129576526,19.644656958,20.258999953,21.00455803,13.31257561,14.74236176,15.669480392,16.549717562,17.316853218,18.12044799,18.913424968,19.709073268,20.582741618,21.627695058,23.05829342,11.27968226,13.297260094,14.589560556,15.83293437,16.933973864,18.00269345,19.125150016,20.259070598,21.478231454,22.895005774,25.11330987,9.28457813,11.877914646,13.582924678,15.092670205,16.483118684,17.879016445,19.244739168,20.716280382,22.31560242,24.166657467,27.08701115
12.26895123,12.466986362,12.655838646,12.854745582,13.045122798,13.24722391,13.303273356,13.489693768,13.687623946,13.879048288,14.07119679,10.05767933,11.009540075,11.68463439,12.16184519,12.70060812,13.206317265,13.71441233,14.22024478,14.76773187,15.349486415,16.28606545,7.855574485,9.5712144356,10.627049934,11.576570374,12.40691273,13.11871956,13.89122687,14.656132416,15.576442552,16.614940676,18.37222178,5.756541756,8.163016804,9.6448720844,10.779588246,11.78250173,12.79596251,13.822617954,14.916594592,16.159802242,17.576825658,20.05600606,3.562430343,6.765595899,8.506442115,9.808259283,11.05532267,12.370668955,13.65643438,15.058375815,16.64031253,18.50708352,22.06674129
14.51299593,14.594443854,14.880390346,15.091261744,15.229930648,15.27744463,15.581247496,15.733086756,15.934238418,15.973390154,16.30948069,12.39172197,13.131212404,13.811326818,14.358841582,14.872011246,15.35496336,15.884247758,16.33242801,16.964038372,17.446246516,18.42746422,10.27046717,11.75924538,12.81717306,13.79002933,14.57313356,15.45313504,16.28606545,17.05526057,17.95224934,18.95441763,20.54613626,8.123997982,10.312243812,11.772822524,13.125365552,14.222979668,15.27836507,16.333571594,17.4206431,18.668029708,20.141014958,22.38338278,6.028095964,8.9511746187,10.847665406,12.340069671,13.631508994,14.920719805,16.276323258,17.66719505,19.2071586,21.132238418,24.44818023
8.085273169,8.2149005337,8.4049211956,8.5749884864,8.805260891,8.9348707655,9.0652713416,9.1951904726,9.3651323086,9.5551843342,9.885242474,5.985181444,6.7949268689,7.2800008508,7.6719410468,8.0909993078,8.543444021,8.9905762492,9.4409462353,9.9747224358,10.666893531,11.78499752,3.885089719,5.1832183848,5.8804655688,6.5943486569,7.2895793732,7.9860127555,8.7743432836,9.4847280371,10.385711062,11.452157273,13.47119048,1.784997993,3.461244034,4.50541589,5.483512874,6.454600335,7.425758993,8.410608364,9.515499335,10.78452915,12.26846285,15.08477011,0.014971312,1.840531724,3.1117283018,4.352519006,5.5939591728,6.84936533,8.1500059528,9.5833864422,11.148760126,13.022567636,16.96463314
8.786149944,8.8656797122,8.9891103904,9.2594099716,9.3520655086,9.4665034455,9.730215924,9.8398176388,9.9461270838,10.231725965,10.39944731,6.760398916,7.5539297006,8.1519491228,8.6860802608,9.1841190174,9.6829439475,10.11977473,10.57896007,11.074449364,11.572216789,12.45559881,4.723395055,6.2643809916,7.271141038,8.1512658584,8.9217073414,9.7243734105,10.470857658,11.287620079,12.132372304,13.021953414,14.42809005,2.672382468,5.0513869819,6.4253055742,7.5527768316,8.6435324776,9.718171973,10.7920458,11.887844298,13.079709598,14.443751839,16.40724302,0.63428487,3.8122312024,5.3842960986,6.7633478884,8.1510381036,9.512623676,10.890188842,12.329708236,13.890812986,15.764661496,18.39090711
22.83852377,22.955640485,23.195225148,23.220603512,23.546830634,23.556230375,23.831785772,23.906551137,24.058717394,24.26300696,24.6109671,20.71725469,21.462997867,22.132725726,22.577613775,23.194303142,23.588046295,24.030072788,24.61910383,25.031257448,25.679965255,26.41997525,18.59599731,20.112724698,21.122531726,22.058830688,22.887873222,23.69684752,24.487416666,25.334293352,26.233394724,27.205311522,28.58535421,16.47475614,18.775094494,20.22651271,21.474282852,22.70662591,23.88525827,24.979808176,26.116033244,27.355965408,28.7075742,30.70042347,14.35353837,17.399319392,19.316637788,20.952980666,22.505849022,23.97560372,25.415721298,26.684443502,27.967696992,29.4769338,32.09094177
12.7548375,12.826157162,12.902253802,13.122477088,13.297828796,13.36750783,13.497461052,13.75862042,13.842337742,13.920089906,14.35981149,10.69350953,11.402953192,11.96235347,12.476371162,12.959571726,13.4467959,13.93544925,14.40396862,14.896022502,15.480799794,16.34723301,8.632288942,10.09966168,11.0311963,11.853592299,12.642495834,13.438138545,14.206262246,15.002574458,15.85965405,16.829580229,18.33298895,6.571276799,8.725932777,10.061315518,11.263725744,12.329708236,13.42132431,14.512235018,15.650125867,16.868937266,18.245069971,20.37776497,4.510562827,7.3629966244,9.0127568822,10.482691778,11.854278038,13.23884154,14.62730138,16.085944184,17.66735126,19.459053836,22.26212406
26.58981184,26.916164462,27.077403294,27.259860492,27.368656424,27.53244707,27.618432514,27.779187382,27.96243748,28.24186584,28.38847953,24.48723274,25.512429968,26.15249813,26.71233713,27.143804758,27.63353671,28.14484415,28.581363006,29.149149764,29.697768124,30.49261052,22.38818977,24.121398755,25.167809892,26.046978172,26.845051588,27.73771847,28.506301222,29.306350205,30.217910674,31.111367678,32.09094177,20.49529755,22.846659276,24.305008882,25.615977434,26.766171482,27.88643997,29.00452713,29.707650216,30.300104082,30.961435214,32.09094177,18.38922771,21.500892106,23.416935296,25.035803446,26.589632182,27.6565884,28.376213186,29.041852352,29.798837356,30.598440782,32.09094177
17.80310857,18.142762778,18.299041982,18.492248522,18.560694294,18.83791274,18.905110252,19.06444654,19.251511978,19.490582526,19.59427769,15.68915807,16.731968946,17.40988236,17.919750668,18.425333806,18.83791274,19.373408576,19.874660918,20.4188304,20.951861446,21.77538627,13.86348467,15.284255622,16.333571594,17.25133672,18.089265764,18.83791274,19.749058842,20.558503236,21.51212868,22.404085514,23.96343186,11.74287926,13.863826232,15.296036726,16.567806331,17.76217531,18.92005153,20.020350872,21.161973828,22.374705526,23.808466932,26.15200589,9.622589016,12.447533288,14.358841582,15.984674806,17.398395828,18.73691705,20.101013684,21.532082692,23.063103188,24.868600276,28.10886201
27.30773266,27.54208026,27.72850577,27.867108835,28.03216253,28.202033685,28.39732901,28.52829476,28.68519477,28.86421942,29.08604765,25.27935648,26.161227785,26.82937554,27.29352041,27.76547572,28.202033685,28.68519477,29.192845165,29.74028953,30.38297509,31.11534295,23.25681546,24.791530305,25.71388017,26.60189329,27.38086763,28.178956785,28.99600693,29.69505188,30.26214499,30.794027275,31.5841364,21.24177644,23.2885447,24.618552088,25.84278005,26.950794382,27.91607065,28.680638282,29.365019549,30.013702566,30.669988633,32.09094177,19.23793848,21.92577894,23.66307575,25.19947816,26.31248165,27.21866556,28.10337507,28.89403307,29.68437024,30.52755053,32.09094177
20.34569765,20.60856295,20.745161982,20.997470078,21.182087916,21.250835395,21.423375442,21.66296391,21.714776478,21.862267337,22.13813258,18.34509572,19.11123949,19.67882227,20.12375275,20.57970088,21.02462457,21.49880039,22.07194996,22.58959036,23.25681546,24.14543001,16.3192022,17.66733019,18.563908286,19.449206364,20.191351882,21.0124662,21.765186348,22.59038997,23.477335706,24.465734727,26.16116715,14.31472962,16.148918178,17.465363298,18.671752639,19.847652954,20.92573312,22.005481862,23.213192054,24.414368252,25.801611437,28.17849891,12.29574347,14.759311658,16.479117306,17.991218393,19.416367222,20.803199975,22.25138429,23.707433325,25.28346774,27.106761418,30.12828456
1.268835755,1.3756549173,1.5700250926,1.7484900259,1.862542836,1.958546159,2.1998709412,2.349311464,2.4461853906,2.7319512039,2.911752495,0.015071718,0.3540783714,0.5912311218,0.8927051668,1.351213882,1.841647832,2.257336554,2.7079556864,3.2151169846,3.8721320538,4.888641439,0.014206098,0.3818874961,0.7023565706,1.0810534274,1.4827379852,1.876716224,2.3617101404,2.9039373279,3.785075995,4.8355253987,6.785762968,0.014206098,0.5048696748,1.0034885692,1.5142060258,2.028972147,2.584413653,3.126606429,3.785075995,4.4860048012,5.8220612734,8.658962928,0.014206098,0.6612432702,1.3150195466,1.984527132,2.6750258152,3.374659336,4.080546135,4.8453155572,5.7028715556,6.8608404824,10.50340629
1.541081969,1.6428583416,1.9662867306,2.12256685,2.2275282698,2.46045109,2.5594371856,2.6615231798,2.8067613552,3.068614794,3.170497726,0.015071718,0.4389939517,0.9724968474,1.5339979688,2.0069848926,2.4639633655,2.942031455,3.4237432353,3.9278741834,4.4743408423,5.298970176,0.015071718,0.48072603,0.975137405,1.520353366,2.0652859,2.7341948285,3.510586472,4.2343139945,5.007004119,5.905866089,7.354162003,0.014206098,0.6515515329,1.316163181,1.9838403245,2.6748004728,3.384328271,4.2220048362,5.1834583518,6.2697695652,7.3906057755,9.32853964,0.014206098,0.8000554553,1.6143643578,2.4176104882,3.2803790804,4.175059217,5.1156978204,6.2156173639,7.5425361882,8.9778920701,11.08661644
11.45368829,11.739899721,11.903244414,12.103416044,12.218545418,12.384924635,12.540618676,12.618332084,12.831534426,12.988291085,13.24228621,9.217621775,9.9536374975,10.459792876,10.895529649,11.375506152,11.78760505,12.18167712,12.705716117,13.24426129,13.838085993,15.08477011,6.981555257,8.3739782576,9.083351025,9.8309901376,10.474710924,11.18524591,11.917208762,12.741472096,13.608938862,14.676675782,16.58592911,4.797084522,6.7275035124,7.6958502868,8.6791211331,9.6201606912,10.61566567,11.667277168,12.750395195,13.9300017,15.412010152,18.23479301,2.73379476,5.0273512306,6.3436597074,7.5626226202,8.825585226,10.06303307,11.381025704,12.787565618,14.359201132,16.28373531,20.02110957
6.491083518,6.5826018397,6.676650264,6.9581537783,7.0703225606,7.1638720255,7.4250475744,7.5582292626,7.651238307,7.940640982,8.117314124,4.440869335,5.2459159076,5.811127728,6.3325335926,6.8248806986,7.299353824,7.754935514,8.2701469817,8.7841925708,9.3381386294,10.16838348,2.390655153,3.9170718978,4.9027930598,5.8107293984,6.5786853824,7.356880252,8.1286781996,8.8870011376,9.7338517406,10.373134648,11.43556654,0.33388302,2.6703754212,4.1302685634,5.3790234128,6.5332962908,7.587233503,8.4550610846,9.2222573882,9.8999701528,10.638239108,12.89642775,0.015071718,1.6088195322,3.5202031194,5.1180209039,6.404669815,7.4253633105,8.2476609108,9.0223959927,9.9072854906,11.054758226,14.34755993
4.538074757,4.732562513,4.8528124838,5.0061407131,5.1954580928,5.3376871875,5.4795199846,5.656787207,5.8212638878,6.04616905,6.273425203,2.480395981,3.28241422,3.784164043,4.19984179,4.585885508,5.0024949255,5.407551342,5.8939611175,6.479734101,7.1331070425,8.177984539,0.432180763,1.647533872,2.417467555,3.1916029745,3.885089719,4.6287471595,5.352465822,6.151400553,6.985334439,8.068506192,10.01116057,0.014206098,0.5800695329,1.1818846402,2.100876567,3.1084044462,4.1540593925,5.185040809,6.3054986741,7.5511942074,9.0257860323,11.91919607,0.014206098,0.6484502247,1.3140594062,1.9908897065,2.7135859638,3.588522726,4.9128347972,6.3511318917,7.9384828012,9.8790813962,13.47119048
21.64023686,21.746056326,21.99765516,22.312728506,22.352159938,22.5336468,22.70662591,23.054363377,23.063103188,23.306422132,23.41548407,19.51919203,20.36055086,20.951861446,21.561206886,22.002775166,22.55860457,23.054568778,23.557126848,24.12255901,24.790027536,25.56470846,17.39821438,18.959476032,20.004209606,20.878668236,21.748426674,22.56621124,23.409481244,24.26447822,25.144338484,26.169671386,27.68312324,15.27733189,17.42640096,18.95001606,20.20049525,21.42434326,22.550555595,23.65289159,24.730397175,25.83383664,27.11006743,29.41827773,13.13617636,16.005536144,17.936695316,19.542300366,20.933517326,22.24728966,23.447277324,24.745860008,26.06772006,27.690440776,30.97695455
12.2665888,12.384285676,12.577153804,12.816302668,12.931946972,13.02865398,13.269968368,13.385044272,13.491527574,13.771351058,13.94031813,10.21011945,10.915938268,11.428411352,11.893213296,12.35888647,12.85467346,13.348602782,13.864400014,14.400344004,15.000667886,15.99162591,8.156217106,9.4140125238,10.324095674,11.200741384,11.96287007,12.76082514,13.564890126,14.382658762,15.255731424,16.322818628,18.04347064,6.106147218,8.026507097,9.28457813,10.49352661,11.63084614,12.74524661,13.81056224,14.97901054,16.14731699,17.54987641,19.90264713,4.127417138,6.5698905606,8.2704347338,9.7946419066,11.226602464,12.63723819,14.051032604,15.496266227,17.06478374,18.85924856,21.85580826
23.38764675,23.605628366,23.784444302,24.01876209,24.165924666,24.27333895,24.46536065,24.629866898,24.72925753,24.914003974,25.15166334,21.34451002,22.199605676,22.820833754,23.376790558,23.91100433,24.37472271,24.836392366,25.303470824,25.859185604,26.392556304,27.19383982,19.40856183,20.940006643,21.922915372,22.807331328,23.645974046,24.4107638,25.238218584,25.99857097,26.84989864,27.838344972,29.23865313,17.35794802,19.5475892,20.956467172,22.140869342,23.29265694,24.40475638,25.500754734,26.652804592,27.908612044,29.28480133,31.37746103,15.31027258,18.19554411,19.921368182,21.468591702,22.911548852,24.29044728,25.681024636,27.1030832,28.682916526,30.184196736,32.09094177
0.071775047,0.2052368297,0.382342184,0.4221049673,0.5148666592,0.860089167,0.894386234,0.959448587100001,1.3245798026,1.369532609,1.416240005,0.034638553,0.2439052565,0.4290004462,0.6993054338,0.9298951926,1.2690436915,1.5232767704,1.8365316866,2.1887436512,2.7351942416,3.442205687,0.015071718,0.4126664512,0.782816383,1.163512261,1.5672348508,1.985076578,2.4237640706,2.8757616542,3.3899420038,4.0612415342,5.503684062,0.014206098,0.5145064298,1.0614152614,1.5647757996,2.1024032082,2.712150915,3.324650847,3.9317861416,4.6744212974,5.565214464,7.565203005,0.014206098,0.65756601,1.3545969854,2.0077027598,2.7172128736,3.430344064,4.1757081172,4.9866490692,5.8991003626,7.0528848974,9.519723105
6.934960591,7.0954567877,7.271899829,7.415192262,7.561959225,7.740314359,7.8955925082,8.0324947333,8.2085892028,8.4431856131,8.630125623,4.804676193,5.6514399005,6.2700352886,6.7835063079,7.2171355168,7.6661482245,8.127729515,8.6306995711,9.1687160732,9.7984212109,10.56749455,2.760639077,4.2316150374,5.2314010042,5.9933043136,6.788159083,7.49123592,8.2632585254,9.0379383086,9.9418268424,10.951974534,12.62874426,0.773736089,2.8588823614,4.0567864158,5.1541359306,6.1943298366,7.184774952,8.1964623804,9.3433702574,10.48013927,11.935010018,14.58348567,0.028666512,1.4312141292,2.891941164,4.1852195001,5.431603626,6.7394534235,7.9863279484,9.4220435285,10.9813937,12.868306832,16.46968608
18.55587801,18.762589145,18.95441763,19.163042985,19.35766739,19.5233646,19.65436441,19.862235665,20.02110957,20.205406095,20.46198226,16.36684899,17.317910508,17.782294778,18.231957226,18.657586412,19.06875746,19.475958922,19.919135748,20.52930546,21.222538322,22.26956934,14.25838239,15.7947282,16.54620851,17.17342568,17.85048939,18.566788,19.25732851,20.0796765,20.91872496,22.00151098,24.11718812,12.077028,14.13208766,15.080472634,16.026792108,16.990401642,17.96304823,18.963046134,20.058096586,21.288637304,22.761129276,25.83383664,9.964051784,12.517972609,13.764761416,14.9377769,16.161520932,17.39687418,18.692151442,20.021401346,21.564673336,23.405228149,27.1649598
5.560494753,5.568360938,5.602479586,5.968210525,6.058908543,6.068178174,6.099560527,6.171029349,6.547702958,6.567995411,6.597082667,3.42075246,4.1061782272,4.6786109044,5.1635572198,5.6502977134,6.099560527,6.5639369204,7.0295905198,7.5070999572,8.0313912824,8.719859594,1.374786204,2.7511432215,3.740511656,4.575260441,5.393408666,6.1545343555,6.956248244,7.6946787755,8.5412977,9.4608166785,10.5665333,0.015071718,1.429682404,2.8313871012,4.046801321,5.1507679754,6.23244903,7.306599659,8.081273075,8.8337793312,9.6870447474,11.31191342,0.015071718,1.0641655186,2.122039159,3.5457946848,4.9972440466,6.062401174,6.9510928356,7.755036891,8.6433713868,9.753741604,12.32791937
20.52484177,20.55524994,20.709360292,20.905572472,21.169258296,21.25247768,21.355757942,21.605373234,21.657358476,21.902953236,22.00151098,18.40371843,19.115994397,19.75221863,20.230684983,20.727089442,21.17817802,21.611734536,22.047172197,22.629213568,23.171980211,24.11718812,16.28264643,17.777084404,18.654927312,19.329907264,20.022276674,20.69617195,21.427234866,22.224670487,23.04842941,24.076475846,26.18132673,14.1319943,16.28319087,17.321537016,18.23645564,19.176047292,20.17905786,21.159837266,22.164031756,23.356805438,24.763229654,27.47568189,12.02660828,14.656132416,15.979223042,17.195451428,18.379308838,19.52000069,20.715508434,22.00175296,23.428826994,25.235476788,28.74000273
27.77176738,27.977052574,28.078433382,28.183991226,28.384645714,28.53179921,28.605180452,28.777115932,28.98896407,29.150027354,29.3508386,25.54539104,26.479647692,27.0499847,27.588403478,28.061393418,28.53853373,29.005844758,29.443217878,29.950676516,30.561967522,31.39699067,23.50037675,25.0862083,26.031102494,26.82476767,27.55456732,28.26373453,29.059778498,29.862048886,30.564718816,31.121491528,32.09094177,21.56982884,23.746783197,24.858741128,25.915116041,26.939149676,27.957701975,28.778451958,29.520471243,30.204219618,30.931877235,32.09094177,19.51815104,22.16041076,23.573254244,24.91649097,26.170800732,27.15223102,28.056320606,28.915275734,29.745810162,30.588975484,32.09094177
26.2326288,26.326136173,26.570244026,26.590046686,26.871482806,26.93758297,27.18347743,27.296623567,27.432671942,27.644472039,28.00418544,24.04253378,24.822522781,25.423465788,25.899354308,26.485296586,26.94535798,27.449681052,28.003678137,28.373833452,28.951053867,29.85470503,21.8617485,23.366063062,24.344785578,25.29668167,26.043282778,26.59478436,27.160855942,27.792693234,28.501799608,29.373346206,30.99345313,19.693366,21.937937145,23.368036112,24.396217295,25.117499506,25.887140695,26.659363418,27.484004963,28.478094886,29.601518951,31.68991019,17.57655081,20.525758258,22.144488278,23.114877164,24.047836872,24.99494291,26.00926987,27.081614277,28.278858792,29.694971814,32.09094177
8.589498678,8.7130030479,8.9954032028,9.1404063658,9.2337914114,9.411079807,9.624517093,9.6833149481,9.8156206206,10.0847893524,10.21011945,6.557414415,7.1941277894,7.7558456874,8.1859204654,8.6824955984,9.156812762,9.6158737904,10.096799893,10.621441698,11.212812233,12.2665888,4.551909497,5.7316207114,6.6690469372,7.4366075245,8.2612494892,9.000589781,9.8418178654,10.638991796,11.469371476,12.528812265,14.32451962,2.468805514,4.2624949968,5.5504688608,6.7074611386,7.8412530038,8.9328166765,10.027216454,11.183861347,12.368355904,13.836788788,16.3596351,0.410959473,2.8131178619,4.5500285006,6.0431393447,7.4754180274,8.9188797275,10.299814354,11.776179682,13.301605386,15.087520288,18.12670359
23.82304988,24.01898678,24.20376182,24.401216225,24.58874676,24.76226291,24.9082801,25.10530799,25.29242571,25.49060009,25.67999529,21.66260099,22.59937695,23.18181656,23.737254725,24.20376182,24.776014595,25.19464105,25.79335912,26.24283177,26.813756215,27.79014525,19.54398341,21.19283446,22.18621284,23.052894035,23.76133087,24.427321845,25.07639956,25.76613648,26.53774022,27.41259573,29.07038948,17.42602347,19.7378332,21.093567908,22.021510598,22.851379172,23.68712714,24.524446716,25.46439118,26.527046126,27.788574698,30.37637254,15.27733189,18.269751393,19.783562598,20.808368167,21.80124901,22.874922835,23.973169348,25.120228727,26.450374656,28.045479231,31.3350623
15.2038994,15.347756738,15.514808458,15.706128736,15.860516778,16.02254762,16.210494006,16.369511658,16.50381137,16.72011169,16.87818794,13.14547926,13.973185783,14.549894006,14.927096738,15.325507022,15.76477029,16.181803772,16.644274519,17.143445672,17.795646873,18.70019202,11.18524591,12.518577362,13.241660672,13.92720418,14.538302556,15.20200427,15.977833268,16.700071852,17.564436216,18.62944118,20.46198226,9.227812414,10.940877755,11.87552532,12.81151138,13.71867288,14.653728505,15.61524169,16.70785937,17.96304823,19.4245717,22.26956934,7.166264114,9.2419765572,10.466702768,11.675224238,12.868057736,14.12853107,15.411555754,16.77240328,18.339229848,20.215618214,24.11718812
29.55623012,29.699697908,29.91901822,30.264027332,30.278881344,30.61657117,30.62403708,30.901975034,30.977782194,31.191582964,31.3350623,27.43496333,28.3509778,28.91218545,29.475417155,29.69953827,29.979255625,30.30578933,30.624735395,30.97450577,31.331649505,32.09094177,25.31370551,26.912701856,27.628994926,28.14866251,28.589131084,29.06233153,29.557677152,29.980584136,30.492668486,31.116192814,32.09094177,23.19245913,25.30867293,26.073401386,26.83245203,27.481857506,28.06180559,28.671341768,29.30685784,29.976896618,30.79476166,32.09094177,21.07122765,23.551298033,24.622725306,25.532779761,26.33426438,27.01119127,27.789359974,28.57216461,29.473104878,30.432449251,32.09094177
2.145803654,2.3144779812,2.5146548116,2.610486733,2.7276458414,2.927542547,3.060467956,3.093698232,3.192216789,3.3555159022,3.719965518,0.071775047,0.9774407739,1.5343274688,2.0543373272,2.4924515752,2.9398767215,3.4137887324,3.9163204082,4.409905716,5.0319769464,5.781438243,0.034638553,0.502312613,1.0078274988,1.5411193466,2.160303494,2.964057198,3.7322932008,4.566320544,5.3919453738,6.3572732593,7.780373664,0.015071718,0.5804706896,1.2363740994,1.8594631058,2.4964317474,3.203303514,4.0596145676,5.1426045356,6.3760426448,7.7193398056,9.706711858,0.014206098,0.7742770676,1.505396051,2.2785386712,3.0606223872,3.919663544,4.8424458306,5.8858513038,7.0862170618,8.5267294032,10.81120635
14.3142702,14.55172479,14.76672274,14.87483909,15.03271087,15.21647797,15.43197891,15.544822015,15.68523087,15.884884205,16.09919987,12.2976393,13.130253354,13.715131716,14.314362084,14.767771174,15.22554067,15.722223546,16.227136558,16.767922572,17.319648104,18.12044799,10.29881223,11.808711868,12.768825216,13.65118702,14.504102178,15.245519775,16.082086178,16.89020245,17.72889441,18.781114837,20.14986437,8.273496482,10.46167154,11.81721054,12.98252239,14.10384581,15.21647797,16.34211524,17.466586355,18.63121717,20.07549767,22.14216823,6.267722471,9.0130706839,10.770936556,12.296312219,13.73234111,15.183123205,16.568245156,18.057237301,19.607584768,21.42766382,24.16191678
3.411126391,3.7751034884,3.8634573044,4.0237467521,4.2681683502,4.3473080635,4.4861984472,4.6801873968,4.7763072786,4.8549661838,4.990070694,1.752934564,2.456884926,2.950560321,3.446059905,3.930265624,4.385455472,4.853924737,5.352465822,5.851255881,6.350236248,7.199612048,0.038952677,1.0671972065,1.968910205,2.8480315345,3.591312939,4.3705867955,5.149871178,5.928667847,6.789756493,7.782670821,9.25460178,0.022183978,0.6980530648,1.4453120816,2.252422538,3.2952007042,4.302411547,5.3449194282,6.4232427956,7.5692782598,8.9982671947,11.31198013,0.007138025,0.7327617645,1.488022869,2.2744976127,3.1107544362,4.0491799725,5.3395433622,6.7531222632,8.3327468274,10.133624645,13.36790406
18.46967077,18.675996342,18.799236634,18.898946488,19.080590192,19.24643934,19.324282198,19.477981966,19.69278073,19.857505906,20.04971033,16.24709145,17.19888019,17.838526974,18.332162811,18.799742768,19.274825815,19.757647362,20.241478032,20.801158348,21.292079769,22.09942979,14.19767825,15.821782684,16.851876052,17.671881148,18.541246884,19.328297935,20.123282198,20.940006643,21.756319764,22.739881173,24.22496837,12.29541549,14.532204413,15.897949308,17.117982746,18.237619524,19.350866425,20.456492498,21.581514144,22.817664838,24.158690868,26.26626548,10.23642121,13.122226261,14.854071232,16.411881017,17.888872824,19.30217564,20.702206052,22.174498321,23.71277311,25.52920604,28.22465271
11.57100773,11.706610153,11.837905172,12.028695519,12.184947938,12.319751855,12.491972876,12.664615107,12.8004998,13.06180443,13.24534739,9.515499335,10.322261733,10.855121958,11.373206824,11.88056875,12.370668955,12.844294312,13.25590397,13.775441868,14.39283106,15.30562797,7.459990935,8.9571817581,9.9283951334,10.695466738,11.452327386,12.162555665,12.878798344,13.627986451,14.497370582,15.497426377,17.26306719,5.403906915,7.5295577714,8.7620314378,9.7684917188,10.745040682,11.67802023,12.668310638,13.731169424,14.956044574,16.390218194,19.18081295,3.446059905,6.0861083445,7.459990935,8.6726056575,9.920738825,11.126611455,12.43963208,13.814880755,15.35496336,17.230073645,20.88746207
9.619109642,9.8476158696,10.0185618934,10.109076414,10.300315416,10.5093305,10.599780002,10.735102082,10.96319692,11.095708792,11.41547963,7.610025027,8.419542475,8.996352647,9.6122512075,10.094257,10.551586215,11.0385586,11.49399355,12.0790334,12.60545307,13.41564662,5.589333837,7.0808655224,8.0875689028,8.928287404,9.7428514646,10.51360101,11.343421998,12.139268616,12.997708552,14.0231042,15.43797135,3.354220962,5.6753396512,7.05668421,8.2612494892,9.3694130744,10.47998307,11.62111805,12.74524633,13.876173422,15.312336748,17.44307205,1.382047521,4.3286686251,6.0545212312,7.5656936619,9.0004342804,10.441927355,11.854278038,13.317690993,14.854071232,16.649085902,19.4623563
27.66604551,27.891143954,28.120425904,28.316702994,28.473242294,28.62826162,28.824474068,28.96857474,29.13744403,29.332008002,29.72637792,25.47056561,26.41359857,27.09928693,27.662086276,28.08323763,28.53853373,29.003911318,29.493374772,30.064243396,30.73676306,31.78686859,23.37535606,24.991412853,25.93794239,26.624220219,27.425141066,28.132650645,28.965140606,29.732757921,30.438526882,31.006374598,32.09094177,21.16003093,23.452042445,24.49095488,25.505539755,26.49775346,27.510752015,28.47451947,29.213991625,29.94997524,30.716725675,32.09094177,18.94957908,21.82170098,23.1662785,24.46515138,25.66689573,26.69128817,27.62730395,28.48862351,29.38939929,30.41402888,32.09094177
26.99418289,27.180734326,27.365348008,27.516544129,27.702309438,27.87348515,28.038182362,28.223202171,28.386674424,28.559128449,28.74344032,24.94182352,25.86070256,26.470964742,27.012166108,27.504615866,27.94027933,28.245354764,28.58884263,29.00916813,29.503925182,30.40949961,22.60334738,24.188567442,25.150152672,25.912741484,26.47597861,26.9820435,27.491223134,28.105615434,28.845192858,29.66113493,31.3350623,20.5090799,22.70625407,23.85956632,24.65300223,25.40099662,26.05211337,26.85441953,27.63819289,28.52285383,29.69953827,31.92675846,18.33259015,21.061828405,22.41804979,23.357068815,24.18193567,25.079544465,26.04820997,27.08653254,28.28703961,29.705031765,32.09094177
13.58179277,13.776740372,13.967636644,14.037024968,14.244002926,14.42580254,14.501850162,14.712656803,14.891746666,15.102012237,15.31371286,11.54623595,12.30883857,12.904068568,13.379040223,13.85045433,14.338702175,14.828211504,15.324236411,15.907399604,16.502755013,17.37426394,9.48469526,10.970790811,11.98262629,12.825891359,13.657147256,14.47771255,15.23809858,16.063252266,16.885531484,17.845036169,19.24643934,7.345171691,9.595472774,10.971262962,12.262843685,13.404310564,14.50002297,15.596987278,16.745279594,17.93349738,19.275111414,21.30303594,5.305869461,8.2752937493,10.051061126,11.574762834,13.028692194,14.47771255,15.892455432,17.376139773,18.933242818,20.676374407,23.36050627
15.0062067,15.115172966,15.414964522,15.533017012,15.602590164,15.81299921,16.0121439,16.073529048,16.208077626,16.432484258,16.54620851,12.97231586,13.705393184,14.272351048,14.767998506,15.1932069,15.62156684,16.125617908,16.63538047,17.184652868,17.734403832,18.6559846,10.88897808,12.24607879,13.22532178,14.082623645,14.90017541,15.68332084,16.46968608,17.25058012,18.08883011,19.08148986,20.70852341,8.858939897,10.884942633,12.215839274,13.473441212,14.494942386,15.454111455,16.415684328,17.453619865,18.631424714,20.077309456,22.68630771,6.847757922,9.4878460121,11.264637952,12.500347015,13.622343918,14.773517305,16.013585742,17.351096142,18.850263644,20.766109194,24.45761461
24.65300223,24.83802844,24.985442536,25.178697334,25.324308338,25.50257068,25.647398352,25.831798916,25.993673762,26.158974586,26.45537997,22.42985985,23.417524239,23.987400582,24.50531377,24.966044484,25.3559603,25.711104706,26.075149771,26.535309158,27.067481424,28.10886201,20.35943618,21.856949712,22.718923916,23.352539626,23.900867096,24.474990105,25.099172212,25.761294352,26.48657486,27.388257444,29.07038948,18.13380091,20.240837754,21.217552576,22.004000354,22.761910368,23.63993436,24.461917138,25.410766812,26.404278766,27.653200404,30.21742734,16.06993354,18.624846584,19.719093162,20.681983475,21.651596934,22.706436885,23.76186231,24.970453834,26.25401691,27.906699268,30.99345313
21.9324669,22.139610665,22.358210434,22.54251331,22.721768986,22.8266441,23.006079062,23.178602789,23.261311962,23.47115117,23.66161167,19.87319997,20.704266872,21.179833018,21.66027874,22.146773528,22.58547052,23.03480405,23.426142486,23.990333378,24.54540148,25.71888206,17.96865724,19.151965977,19.902650452,20.590311166,21.21915151,21.89304856,22.578158994,23.287517175,24.086598936,25.088254102,27.1649598,15.96867851,17.552828728,18.538065722,19.385579605,20.210273518,21.06852259,22.010177916,23.00728249,24.11923178,25.484679867,28.39716827,13.90718037,15.913368512,17.04690858,18.087511094,19.117118344,20.21308887,21.325487964,22.641319866,24.074659032,25.829486088,29.41774116
18.4428984,18.65762553,18.862944294,18.96086997,19.110856716,19.32108642,19.4217399,19.56637656,19.786634608,19.984700657,20.18611562,16.38754021,17.194622986,17.789150518,18.309850117,18.784517742,19.249703325,19.731375726,20.214903369,20.741983714,21.308051759,22.23889142,14.3339613,15.826546136,16.852245846,17.660148368,18.34484966,19.03459921,19.720202416,20.495568492,21.303155426,22.367450833,24.13793125,12.28305414,14.514599727,15.683715658,16.607314482,17.487116798,18.388462435,19.36545613,20.359267984,21.595152044,23.034632755,26.1154426,10.39312576,13.028259042,14.358954984,15.421911793,16.503036288,17.65280526,18.816334218,20.141042821,21.627546668,23.511507928,27.1649598
10.94032675,10.992495606,11.2733555,11.473447243,11.534083234,11.761789735,11.968183228,12.024751005,12.222293948,12.462619053,12.51615835,8.920925025,9.57340597,10.2005745,10.66748135,11.09447778,11.57802009,12.07970946,12.584698505,13.12160298,13.68370932,14.55855076,6.921458823,8.144246302,9.1092816974,9.9698361446,10.777626108,11.57100773,12.35559112,13.145480236,14.001617498,15.025787512,16.60567917,4.922426347,6.782462315,8.0495599156,9.3372960582,10.45232689,11.53120123,12.639380628,13.732321856,14.979688478,16.314466598,18.58962605,2.924717086,5.4455224399,7.1779418432,8.6704895772,10.047737208,11.4429488,12.738785504,14.082562962,15.608511528,17.394865607,20.6366513
6.082112251,6.2961691378,6.4805070626,6.6018698268,6.8789507826,7.003313889,7.2138913518,7.3629978158,7.4801344098,7.6626100498,7.878656156,4.043546292,4.7521833174,5.2342148412,5.6776870796,6.0742278202,6.552191188,6.9840706968,7.5194936952,8.0794591694,8.7507931876,9.819544995,2.004657215,3.1426103446,3.8548020664,4.6702483764,5.3876600106,6.118038406,6.9152670868,7.730633997,8.6124590658,9.3611411848,10.44886016,0.012811761,1.4134817326,2.5753943886,3.7024547292,4.7468107314,5.880823451,6.9325977886,7.7401619184,8.4952345662,9.4005993748,11.05222526,0.005188245,0.8061848098,1.6947713804,2.8603230046,4.3000411012,5.495125873,6.4311214916,7.2899272888,8.2321679168,9.3697830262,11.63035863
21.60189477,21.97441349,22.111503826,22.221085131,22.306672372,22.496624735,22.646807694,22.797435573,22.874503252,23.035962611,23.18064971,19.6786007,20.502556495,21.091109914,21.57416205,22.041626046,22.51142035,22.981077868,23.450607147,23.947311476,24.468734372,25.37807284,17.70719783,19.143887027,20.100888208,20.983901387,21.666728738,22.374264065,23.153773032,23.917186514,24.770335702,25.807392253,27.43803705,15.66949502,17.750083514,19.015881376,20.009995988,20.998292856,21.99576407,23.049574178,24.153314348,25.376558152,26.82897456,29.34993817,13.61006164,16.333359456,17.670809778,19.028227262,20.268918996,21.60189477,22.929889374,24.379087084,25.985092098,27.903651336,31.22284835
7.948256333,8.0193443995,8.421034707,8.4668755535,8.544178622,8.775394527,8.945078997,9.012373151,9.120359483,9.4637428895,9.534977514,5.921860914,6.769349209,7.378039928,7.8948758296,8.4088779522,8.858939897,9.2794630774,9.7637274256,10.297585212,10.903104118,11.66981326,3.923279953,5.423379533,6.3168992018,7.1188337604,7.9454771726,8.743347071,9.5178261198,10.349775382,11.182892398,12.202669442,13.63855408,1.92747322,3.960521549,5.339888499,6.489301194,7.623974678,8.749633433,9.878396832,10.9788687,12.16104212,13.56608243,15.69418166,0.028666512,2.640203045,4.422639365,5.9423261695,7.391507102,8.7263178315,10.0844081,11.521050335,13.03260485,14.81411986,17.75118358
5.84045338,6.080636884,6.267722471,6.3986233625,6.597595035,6.737472088,6.951446476,7.055344915,7.23373155,7.401490321,7.610025027,3.80265393,4.7112067825,5.361613875,5.8389150225,6.332582273,6.7929189095,7.303550671,7.793631317,8.279487373,8.8781697965,9.647607309,1.80921021,3.3543072351,4.3979936306,5.3225927852,6.0757138778,6.9311647285,7.6422990874,8.4991177696,9.3173651838,10.297427148,11.63084614,0.003971108,2.0334941362,3.4531537444,4.6316701451,5.7508124346,6.8711707035,7.9579842136,9.1091165817,10.302156234,11.675182598,13.65137606,0.003971108,1.154273223,2.4381947,3.914328218,5.377471278,6.767771347,8.178655524,9.650556729,11.22555694,13.01596456,15.68523087
26.9745289,27.07597469,27.475248862,27.476905276,27.48100862,27.9745225,27.9765111,27.979075756,28.277447122,28.475965606,28.47718322,24.97454197,25.502601857,26.198291614,26.694508053,27.19172123,27.681920755,28.1661221,28.763579496,29.42757901,29.976824207,30.97695455,22.47455832,23.985322782,24.97274477,25.767121257,26.525579314,27.470639685,28.272056286,28.977585681,29.60289797,30.455005714,31.92675846,20.4745714,22.426678366,23.633423616,24.87610044,25.994663086,26.98941681,27.788967336,28.497855302,29.360185942,30.349593596,32.09094177,18.47458448,20.63888045,22.430900102,23.953497822,25.093454714,26.03567873,26.95397238,27.875938014,28.890743176,30.068583238,32.09094177
17.61953544,17.791246581,17.989438322,18.142862161,18.311392724,18.42682848,18.52509589,18.679513406,18.848605382,19.041064463,19.20022636,15.41894837,16.365149529,16.956419614,17.478696177,17.959865852,18.432987935,18.920566498,19.415481609,19.935965752,20.525586628,21.40917449,13.50368232,14.991091,15.949682012,16.841846404,17.65399599,18.432987935,19.223451416,20.026135469,20.89985006,21.878534943,23.32086927,11.44771331,13.586958155,14.97086344,16.191087244,17.354263724,18.457640425,19.544572184,20.678432585,21.923991314,23.293840153,25.37807284,9.493394906,12.184687216,14.013992428,15.606210009,17.009520094,18.33576772,19.690030534,21.12267391,22.682490146,24.463345968,27.42191707
25.19947816,25.359679762,25.409251486,25.504702068,25.702912748,25.883606765,25.988106958,26.063359022,26.386349922,26.497573121,26.96118154,22.96411716,23.669873884,24.143780986,24.50218658,24.930962514,25.38302479,25.849310984,26.324890736,26.880940268,27.544686274,28.7519101,20.82523266,21.963650784,22.689775118,23.416362232,24.1490905,24.89875394,25.632425708,26.480958008,27.346067706,28.429763242,30.55997288,18.70908746,20.306679945,21.395785804,22.393320171,23.38899272,24.426565545,25.484829888,26.616548337,27.913572752,29.474021109,32.09094177,16.39169033,18.65894038,20.05369288,21.346461905,22.60869019,23.95294617,25.30112406,26.757519885,28.43535653,30.23480704,32.09094177
3.102837491,3.2114681988,3.3413067358,3.4947208133,3.6275477284,3.7423653095,3.8795535018,4.0208131601,4.1492127096,4.2790844974,4.410380823,0.898013126,1.7435102649,2.2534632374,2.7541031575,3.2135326268,3.6798472565,4.1357599248,4.5697707979,5.0870960324,5.713836988,6.539949477,0.022183978,0.543623514,1.247065429,2.0671703195,2.839928131,3.6060239025,4.420236315,5.252602625,6.049738078,7.0280202365,8.410310213,0.007138025,0.644776512,1.3184753908,1.9778170957,2.7097114678,3.660911386,4.7645128112,5.685910096,6.5139932238,7.4947123304,9.706711858,0.002399934,0.781266151,1.5434629054,2.3667296015,3.132608917,3.933815559,4.6084334648,5.4922512964,6.4733897484,7.7958099681,10.39050499
0.028666512,0.1017699907,0.1854265252,0.2819812472,0.3340964644,0.439045465,0.4915695032,0.5740087757,0.7050053912,0.7943132207,0.92007268,0.022183978,0.2482392584,0.4603144316,0.6762866192,0.9459492798,1.150629013,1.4736255156,1.7463658,2.0153200924,2.4339509094,2.9759035,0.007138025,0.424839602,0.776440982,1.1498085515,1.552472291,1.9938243625,2.446079709,2.927585917,3.423893663,3.960941776,4.912328822,0.002399934,0.5149469314,1.0658285232,1.6161103826,2.2319634598,2.82261404,3.4136798454,4.0288039034,4.7600270388,5.5202203018,6.97191108,0.001033758,0.6833843076,1.4192470426,2.062296084,2.840253988,3.539557671,4.387067072,5.1493596442,6.0369991236,6.9943431186,9.032392471
1.92747322,2.0034896171,2.289197777,2.4349598122,2.4851390556,2.638382589,2.8830885736,2.9381264577,2.9960573938,3.30968132,3.463000212,0.028666512,0.848050851,1.4115889948,1.9062917816,2.4076131582,2.855591843,3.3196633838,3.7429569804,4.2425456728,4.8976753744,5.50390769,0.007138025,0.4470878744,0.9306034754,1.4384183444,1.9678586594,2.650307491,3.4528360278,4.3068711896,5.115166543,6.0840408572,7.555804421,0.002399934,0.5631138182,1.1473754612,1.7685507374,2.4310689718,3.026788016,3.8180867282,4.8708580194,6.0016948652,7.4258494244,9.534977514,0.001033758,0.7505869122,1.4902760272,2.242991048,2.9972075218,3.817240537,4.6603978094,5.5927158354,6.9928411724,8.7941880426,11.57100773
7.073112865,7.233746805,7.4161985486,7.639666595,7.784707665,7.9224636,8.0682438598,8.220824755,8.363602081,8.5609396178,8.652250738,5.012208834,5.812721723,6.3589765246,6.7148016405,7.021329212,7.355905477,7.5537199538,7.9047634242,8.2264536782,8.6361546073,9.656980159,2.952210896,4.3015818522,5.013728082,5.5589681604,6.0479486748,6.546751709,7.01453298,7.513600387,8.1236276846,8.8908356194,10.39050499,0.898013126,2.7235872038,3.6520992724,4.4863889796,5.1535098932,5.851546728,6.4695408088,7.0774809306,7.8979686216,8.861263258,10.5665333,0.005188245,1.157030077,2.3929784158,3.4167931874,4.2563667062,5.037047886,5.7926721524,6.5728007378,7.549263545,8.7624820988,11.05222526
2.090285485,2.3323335956,2.5070334944,2.652191435,2.7576052414,2.972608377,3.0276171416,3.1843494648,3.3294480306,3.431928159,3.652109188,0.058997027,0.7827235952,1.3896248556,1.837070368,2.2852194898,2.748932576,3.2219563468,3.7468221928,4.2680700044,4.7950132626,5.88627288,0.012811761,0.4272994532,0.8964520462,1.389972771,1.8876187528,2.648345212,3.3514338728,4.2218963251,4.9973815504,6.0330542524,7.878656156,0.012811761,0.5239405058,1.0759799732,1.6787804944,2.2533378366,2.849184407,3.6047146288,4.559597412,5.7401606594,7.1506725988,9.819544995,0.005188245,0.660002168,1.330964735,2.055220763,2.756985715,3.52283914,4.366178538,5.330209539,6.608640251,8.377951764,10.63849636
4.674884945,4.7439338484,4.8741976544,5.0921156221,5.1883347742,5.327223086,5.382874917,5.6174376528,5.8272220892,5.9894371806,6.373408657,2.57377758,3.0918892528,3.59640269,4.0527775414,4.489045799,4.965041403,5.419166743,5.9536976376,6.526167128,7.1792399002,8.316253947,0.200735424,1.3441782874,2.1633573556,2.9380716218,3.7261206048,4.477201802,5.2253953644,6.0589738532,6.9586522472,8.0671939942,10.3007746,0.005188245,0.6467554608,1.2606078716,2.024592607,3.0853854286,4.141409516,5.2404474138,6.3644102026,7.621002758,8.6859712258,10.44886016,0.005188245,0.7458392652,1.4767760198,2.2527292372,3.05935073,3.982545163,5.3676422754,6.5154656225,7.513112392,8.771796692,11.05222526
2.648142554,2.8735593575,2.973150823,3.206418097,3.340178513,3.4587600005,3.563518983,3.8527566115,3.960521549,4.1213822885,4.419321016,0.66028031,1.43261593,1.94683246,2.440788764,2.935180684,3.4287402185,3.923279953,4.404402744,4.875695203,5.4363679755,6.444084542,0.002399934,0.5027853464,1.0026268776,1.7697557051,2.4866418308,3.421162347,4.0244956246,4.9399309324,5.79828377,6.7461556465,8.425098847,0.001033758,0.5642597765,1.273814519,1.9681215458,2.541760821,3.4276700595,4.4492365908,5.5046674649,6.760579781,8.0472734266,10.42065913,0.000732431,0.7494130848,1.4992681498,2.3304828678,3.0422891422,3.976203203,4.9353817334,6.1947700488,7.7402101404,9.4841942516,12.43617068
17.24143503,17.37932426,17.66390145,17.777568345,17.91842982,18.09486127,18.22917438,18.359653995,18.51635978,18.763737305,18.89724436,15.18808923,16.03095466,16.462129574,16.934058052,17.330469306,17.774797375,18.215246182,18.725387688,19.2230245,19.868659347,20.95697668,13.13731429,14.48173678,15.176060506,15.963299319,16.61107396,17.37301501,18.126926526,18.945206266,19.864118724,20.964440094,22.76073873,11.15874513,12.83142336,13.93442844,14.919732815,15.9148866,16.959317035,18.03874241,19.175880675,20.39803097,21.87284689,24.6151901,9.106512251,11.19924913,12.59458947,13.97347438,15.21946687,16.555404575,17.82000375,19.191485095,20.72402036,22.64307567,26.3626953
1.129882609,1.348078517,1.567431471,1.68728446,1.809404596,2.0280174675,2.246953458,2.367173932,2.488926582,2.7076794015,2.926475444,0.012811761,0.3228064115,0.692333747,1.055000132,1.51747608,1.9977703775,2.488926582,2.982508831,3.55802373,4.125122453,4.965041403,0.012811761,0.3671703342,0.7508544932,1.1623228784,1.5902651046,2.073742584,2.5554690646,3.2040728358,4.1162806898,5.2289913234,7.003313889,0.005188245,0.5293664939,1.0515838514,1.5900210753,2.1423533688,2.723749954,3.282235731,3.9665543281,4.801113836,6.2317689092,8.995750317,0.005188245,0.6702655136,1.3315400948,2.046159936,2.7496445586,3.49929114,4.2420494576,5.0661645296,6.0074411886,7.3867237132,10.39050499
21.7472921,22.163422246,22.232753054,22.37615256,22.670102074,22.74009682,22.855035168,23.134103426,23.249249438,23.463613576,23.7335057,19.65411794,20.569654165,21.0268295,21.445074405,21.86354788,22.30141483,22.74009682,23.257070555,23.79479321,24.413325625,25.66686719,17.59613566,18.951034731,19.644244176,20.38701316,21.11649967,21.826303025,22.62914002,23.412904971,24.318507448,25.381539205,27.57134858,15.17503043,17.27210195,18.33698558,19.350866425,20.3836334,21.404316815,22.47258401,23.62163356,24.89875394,26.4077386,29.34993817,13.10042698,15.648820961,17.084931224,18.328432047,19.59974585,20.94518737,22.286085564,23.762990121,25.411515486,27.400091092,31.1714369
21.66893638,21.840944029,21.997987336,22.141900521,22.308073238,22.449733325,22.607338172,22.776604219,22.988520996,23.209932505,23.37824321,19.48863009,20.360796168,20.959125906,21.483100844,21.978045626,22.455638355,22.953208726,23.530305657,24.077605228,24.768176326,25.78123277,17.19791285,18.745606694,19.735126894,20.666117942,21.482204456,22.3329644,23.202138034,24.097793008,25.0460578,26.147851099,27.98145108,15.00107014,17.201966794,18.627844932,19.87722307,21.062694214,22.16130077,23.363629812,24.495439756,25.682464812,27.0077149,29.68431675,12.93989009,15.68424387,17.517465122,19.002686222,20.473198438,21.84174703,23.056004426,24.398005964,25.760555088,27.453902592,30.97695455
4.6135851,4.8584605419,4.9830365936,5.2738542129,5.3573550418,5.5357013175,5.697381846,5.8112184235,5.9743713906,6.1173680851,6.412794247,2.632263536,3.5074122862,4.0760868836,4.5887989912,5.0380176564,5.506440273,5.9882112338,6.4513536756,6.9423033528,7.5376910432,8.425098847,0.582909722,2.256872829,3.1123241006,3.9767948732,4.8755744304,5.510433254,6.4222182762,7.0886458272,7.9620295138,8.9402482026,10.430819,0.002399934,0.9791899632,2.2292711416,3.4454206692,4.4750837864,5.513085371,6.6347217264,7.7883301745,8.9795768818,10.316633355,12.46559315,0.000732431,0.951142719,1.873325729,2.845507203,4.026382819,5.4737106105,6.917249491,8.3622885065,9.920738825,11.64846304,14.44809222
15.84535887,16.047159648,16.242605304,16.358356368,16.461813984,16.65587779,16.800150968,16.887331864,17.05497061,17.268894118,17.42649594,13.63413793,14.573523216,15.178214094,15.650019256,16.118193992,16.544136655,17.020639382,17.494161415,18.011459804,18.608752472,19.48190037,11.57703245,13.12852961,14.10079469,14.95864279,15.77776404,16.57022261,17.35334265,18.16094028,19.04887364,20.01301227,21.57601914,9.520816434,11.695953168,13.115050506,14.315250122,15.400203398,16.385641835,17.472570884,18.578850701,19.69978941,21.12267391,23.53797761,7.597665188,10.345196282,12.12323156,13.481279342,14.727079064,16.08446967,17.34617232,18.759886376,20.333681106,22.224041292,25.57503069
22.53806039,22.77087364,22.99349507,23.22861267,23.38994864,23.553117855,23.71770147,23.884196285,24.11055508,24.34515474,24.56736688,20.30340033,21.323705424,21.939450602,22.46370404,22.986367508,23.47778666,23.983149374,24.488293154,24.995229086,25.643557812,26.60163276,18.27940686,19.745930677,20.700374912,21.557540744,22.481771704,23.321249795,24.095559778,24.991423667,25.976788454,27.003910643,28.83371232,16.04370948,18.061358826,19.490686116,20.699602208,21.9749232,23.01707033,24.229038162,25.486219564,26.879169182,28.299333682,30.97695455,13.91430231,16.537900196,18.281451556,19.849541948,21.315016672,22.7479748,24.222066346,25.603585444,26.977015546,28.525827926,31.67750408
8.814527439,9.1231016248,9.233110966,9.379230946,9.5681159952,9.680600054,9.8098173058,9.9725004318,10.128818736,10.251555612,10.39312576,6.901047745,7.852399441,8.482076928,8.989294554,9.489293645,9.95062741,10.42065913,10.87588716,11.31834929,11.8154797,12.59458947,5.012543997,6.6052794359,7.5346036378,8.425513936,9.1183292198,9.9600408905,10.657316538,11.498678831,12.44085824,13.321550076,14.65307857,2.989329144,5.3386364774,6.5087162574,7.7348171883,8.8570777686,9.9318437385,10.983037788,12.034335489,13.252997018,14.624357278,16.71232297,0.98943389,3.9314161304,5.5004862242,6.994944447,8.4038793524,9.6132066005,10.98505618,12.43928594,13.98971908,15.770478273,18.77207411
8.021177324,8.3131432576,8.458054374,8.5777509198,8.7212687958,8.917201324,9.0230617664,9.1596450568,9.3368254252,9.4752185068,9.593745303,5.961542523,6.8876157364,7.442302691,7.9569338748,8.4372095312,8.921005015,9.3991845512,9.8650208296,10.34314612,10.962609526,11.77896469,4.018140951,5.4191720442,6.4467325552,7.2972189397,8.068103446,8.8863563495,9.6467495838,10.474654993,11.342132014,12.299186511,13.83991711,2.083365257,4.1273704367,5.450347553,6.6958066849,7.8251965222,8.933505451,10.046587814,11.17147128,12.333984208,13.717831396,15.90102518,0.028590238,2.7083062628,4.5006001544,6.0781593886,7.5774282686,8.988007598,10.386109892,11.837228072,13.37724108,15.091009364,17.83920218
12.57596101,12.797185424,12.912283468,13.023173002,13.196593978,13.3198833,13.46056431,13.57601465,13.817946578,13.951059078,14.15140129,10.34353967,11.240197205,11.879635076,12.379599512,12.856322358,13.339100885,13.783836978,14.270077663,14.807857792,15.348000725,16.19085832,8.313063251,9.8634578182,10.827441228,11.667595654,12.505397122,13.28039026,14.098363514,14.892749606,15.781228688,16.775992952,18.32582242,6.358554819,8.4879988335,9.8644998258,11.058354199,12.181058234,13.30013678,14.422508956,15.56230476,16.753700654,18.146679988,20.38712986,4.306911246,7.0903400099,8.897924692,10.506227477,11.929034426,13.339100885,14.69607374,16.130100494,17.64981948,19.478568274,22.42470667
4.18929834,4.4157061968,4.5607391092,4.7730573124,4.8807027072,4.984247484,5.1597579882,5.3361970706,5.4357971102,5.573382367,5.766357939,2.177140379,3.063491423,3.6317269876,4.1855122745,4.6607465358,5.133941407,5.5980597672,6.0560817983,6.5351655496,7.145343867,7.997183515,0.237431725,1.653196725,2.643754832,3.537899169,4.298310988,5.114345402,5.876796441,6.706037131,7.540312397,8.524077576,10.03764119,0.003971108,0.8174521558,1.718521656,2.8731642295,4.0203670814,5.133119519,6.2421155914,7.3740301162,8.5328647234,9.8721271414,12.01101293,0.003971108,0.888380521,1.790682032,2.728025176,3.793629372,5.189198717,6.634931389,8.066613285,9.619109642,11.34729195,14.03793888
18.97400892,19.16562011,19.360115158,19.542369082,19.73717141,19.91250109,19.973271248,20.143939536,20.34428646,20.526667844,20.71278062,16.91711516,17.79094553,18.42036579,18.88343845,19.30113899,19.72802558,20.11728375,20.61646794,21.11569073,21.69632407,22.64478352,14.99139397,16.493754894,17.150346424,17.952135091,18.604868632,19.289718095,20.083314664,20.842588689,21.713049438,22.784867084,24.78627592,12.94909399,14.808461196,15.810539438,16.79337572,17.771676462,18.76607891,19.779186076,20.930390006,22.191252472,23.71941971,26.49775346,10.90691813,13.152961812,14.503530114,15.719945468,17.036487204,18.27865422,19.628097846,21.111275958,22.706330374,24.630505562,28.39970323
22.97455505,22.982114474,23.281546356,23.476179034,23.480561676,23.733105125,23.975994958,23.979073586,24.184598666,24.476715947,24.49095488,20.4745714,21.478647158,21.994609358,22.506184817,23.007172454,23.50810983,24.009000058,24.51076965,25.02233935,25.966132528,26.51143103,18.47458448,19.975117085,20.962461516,21.673558013,22.520278986,23.44941109,24.18690875,25.024642437,26.00352199,27.23348598,28.98837731,15.97460083,18.209377071,19.551055986,20.759336962,21.967642238,23.035379245,24.294473568,25.482728419,26.896770878,28.470179073,30.97695455,13.9746139,16.558531942,18.187682598,19.811221108,21.319224864,22.76314685,24.320481188,25.910113532,27.493619036,29.059434088,31.92675846
3.798395988,4.0091949369,4.2356207954,4.4062649508,4.5651984698,4.6166629085,4.744624856,4.91410459,5.086505345,5.2216951765,5.378670202,1.73883689,2.7136540754,3.3710225412,3.8607594752,4.3747759962,4.899453259,5.3036119012,5.730458241,6.1435445342,6.5281178588,7.207225304,0.022183978,1.5207639202,2.5181503996,3.3275603466,4.0417079252,4.562614319,5.0606851158,5.5405062856,6.1106246224,6.7198172696,8.410310213,0.002399934,0.8030104874,1.5682706606,2.479276689,3.1204818708,3.799515168,4.4925201888,5.145018569,5.9073208586,6.8709361082,9.01801023,0.000732431,0.5661565981,1.2528666694,1.8408416729,2.4557359204,3.0452597645,3.808558369,4.6954575699,5.7029785552,6.9637559963,10.03032892
0.036410532,0.1731731478,0.3232152506,0.5760560033,0.682752647,0.8628888495,1.0419197464,1.2804383627,1.401571212,1.5524448537,1.760806599,0.012811761,0.2620781253,0.4701782374,0.7363400071,1.0231026874,1.3274563435,1.585307931,1.8584930472,2.3329680442,2.9587684971,3.994529029,0.012811761,0.382558488,0.7717449622,1.1726491106,1.5857793798,1.99088354,2.4365532364,2.8823046356,3.4056224442,4.113373575,6.035596776,0.005188245,0.5355214373,1.0670385536,1.6389077588,2.1684736212,2.7525660995,3.3337187352,3.9922469746,4.695473012,5.4946492617,7.878656156,0.005188245,0.687050741,1.335254926,2.0503931495,2.749970367,3.5003975255,4.244178316,5.0883590725,6.010946318,7.0365650235,9.819544995
0.037101832,0.1847740848,0.2788448342,0.4422547277,0.541232204,0.7377670435,0.8825779566,0.9734069289,1.2329153696,1.4002098134,1.617380877,0.002399934,0.24821021,0.5017141064,0.6944702303,1.02205224,1.272596117,1.5394974612,1.9083673687,2.252504506,2.8970997581,3.64622453,0.001033758,0.4467416768,0.8025668722,1.1235883793,1.5403044066,1.995729171,2.4761132758,2.9654896612,3.4954573924,4.1509481297,5.619015927,0.000732431,0.509293828,1.04051472,1.5514712655,2.184182572,2.8383807125,3.453951719,4.016315403,4.678107831,5.509616267,7.207225304,0.000732431,0.6608303798,1.3592071954,1.9746112072,2.542317908,3.259799193,3.9722197984,4.6617013421,5.483523765,6.4184133253,8.410310213
21.486453,21.682921861,21.897285176,22.096855083,22.30034233,22.43963954,22.56018663,22.757408686,22.913128932,23.025063266,23.21625249,19.42730533,20.383866346,21.001896884,21.517585302,22.072500458,22.5796103,23.064134684,23.548727905,24.121764182,24.731976125,25.60590954,17.22396178,18.86661157,19.910193968,20.797604704,21.670354578,22.50111305,23.38217439,24.23265237,25.12550436,26.234198158,27.80868507,15.00014992,17.362907511,18.752909136,20.045976157,21.217679492,22.409183235,23.477501296,24.56263238,25.96190487,27.480543335,30.0163843,12.78061563,15.839270518,17.649031052,19.264495342,20.59098901,21.982390185,23.374193736,24.849236357,26.482000356,28.481285717,31.92675846
13.52500318,13.582969218,13.662431938,13.896930142,14.058826398,14.12853107,14.264574512,14.53949086,14.600462656,14.679938956,15.11979965,11.49940009,12.163416663,12.689767758,13.224177586,13.71646558,14.154919455,14.608926702,15.06680781,15.536260894,16.106385295,17.10454474,9.489293645,10.848862765,11.58832346,12.379870695,13.0725492,13.791019135,14.50793025,15.317938305,16.15151712,17.19627987,18.89724436,7.459399922,9.30244402,10.4036592,11.35066968,12.34286685,13.33019348,14.40941273,15.51556574,16.71232297,18.259152,20.95697668,5.426234372,7.6576267774,9.043095224,10.367897344,11.588520256,12.93321991,14.281162938,15.720307002,17.335705224,19.249144672,22.76073873
17.58759705,17.818596728,17.95240982,18.052093855,18.263888314,18.385756045,18.491590896,18.728393457,18.937154474,19.091204919,19.37713924,15.3515401,16.285044806,16.912540092,17.440085448,17.89163314,18.37320644,18.85365499,19.385397856,19.889770724,20.52603707,21.61312822,13.11548691,14.835161678,15.838852276,16.648909724,17.394582914,18.15953339,18.937154474,19.783372132,20.686478524,21.772361612,23.63993436,11.10997031,13.524847381,14.663772766,15.687160206,16.73824039,17.813791005,18.893422312,20.048392184,21.306373542,22.858558889,25.43591309,8.875476583,11.949130527,13.334052918,14.682872422,16.020182418,17.342146705,18.7352036,20.200744442,21.713595146,23.66841294,27.1649598
5.549466539,5.8945119022,6.0429048806,6.2442787562,6.2817715466,6.59463527,6.6324231124,6.7670235608,6.9507602522,6.9882440154,7.332750546,3.400956097,4.1744032184,4.8624925766,5.3714048269,5.7041483798,6.01397255,6.3326948702,6.5969629224,6.9752237762,7.3731447646,8.128991621,1.252764826,2.76462514,3.682700683,4.343692546,4.875320325,5.3766775185,5.830891954,6.261891009,6.796580748,7.5133563895,9.01801023,0.005188245,1.410124346,2.501211483,3.3139556615,4.014974934,4.569074696,5.241960996,5.884919441,6.627078532,7.7087101135,10.03032892,0.005188245,0.7817325862,1.5634608038,2.2690119732,3.0155726524,3.800696005,4.6067066792,5.514816748,6.4974409454,7.7630312758,10.39050499
3.52283914,3.6772524474,3.877897837,4.0196421042,4.1958493752,4.2636728965,4.502326641,4.6128701888,4.8039852452,4.9769940649,5.306016451,1.342930642,2.1354811966,2.7903963994,3.4132864186,3.8443915154,4.475051733,4.9010574256,5.3381076294,5.8926965802,6.3859771074,7.209197094,0.005188245,0.9680026821,2.0619021476,3.0243333627,3.824928225,4.6957820545,5.4892424448,6.2902886353,7.0020986086,7.7885161404,9.398559463,0.005188245,0.860681065,1.645264686,2.5608398552,3.6155319154,4.696911879,5.5131922614,6.221345932,6.9964660858,8.0553783668,10.39050499,0.005188245,0.8474001385,1.711849552,2.6121932865,3.430819784,4.1836945295,4.965041403,5.7898768795,6.72122709,8.053184943,10.44886016
1.453260613,1.6461347761,1.8877839192,2.0442285901,2.2804296652,2.466393652,2.5311150076,2.7162345523,2.9216911186,2.9973853564,3.160142058,0.005188245,0.5036531434,1.0574304334,1.6790641254,2.1560027736,2.693979846,3.1573657084,3.6404911986,4.1683705822,4.6937540552,5.574424331,0.005188245,0.5076769025,1.029719439,1.5621418405,2.167740282,2.76462514,3.55802373,4.4607478655,5.299205311,6.2983383845,7.756060905,0.005188245,0.6044109459,1.1999814698,1.8488260009,2.5159686824,3.2258711385,4.0329492768,4.9956136481,6.2606633954,7.4788029042,9.958996515,0.005188245,0.7403634266,1.4781490076,2.2398874769,3.004140177,3.8238524155,4.7297981292,5.5643847079,6.479206539,7.7561752716,10.39050499
2.900851922,3.1104424303,3.2602978948,3.5144736952,3.6194890556,3.7997245615,3.9790381114,4.2181491348,4.3381915184,4.489340264,4.697444756,0.862285963,1.7467723442,2.395602765,2.9306340956,3.4258425914,3.938607569,4.3920369332,4.865591218,5.4069264592,5.9554624282,6.931586453,0.012811761,0.663306517,1.409547625,2.2656067545,3.055382762,3.760066941,4.605996605,5.300116408,6.179520703,7.1294291525,8.778131758,0.012811761,0.6488630184,1.2503182384,1.9392266016,2.7260128388,3.493645135,4.4802537668,5.4932541462,6.5874163132,7.8900594842,10.45768619,0.012811761,0.6762885176,1.2560294718,1.9435114682,2.7126413598,3.530039374,4.4646948724,5.5899413888,6.974843555,8.606323003,11.9894494
5.463951637,5.8068583466,5.9538227838,6.156606621,6.1948021854,6.506690068,6.5995286208,6.8560236092,6.8951502758,7.1518014454,7.245324321,3.344605891,4.2020603495,4.7758045298,5.3170925121,5.748444656,6.1531582215,6.4896094288,6.8875229774,7.3886546842,7.8755014703,8.927282831,1.225260145,2.7431760605,3.613195921,4.2260017885,4.747405223,5.386335477,6.031393541,6.7207911655,7.479730241,8.436681948,10.45768619,0.010791576,1.1412724576,2.1486533094,2.883227333,3.745773948,4.618997268,5.5282031402,6.5016290772,7.572164671,8.8991351214,11.65994745,0.010791576,0.579357147,1.236833235,1.898572681,2.755161832,3.831477991,5.051072486,6.301072523,7.729914452,9.501766116,13.30831265
18.80621323,19.172486261,19.315453698,19.458837676,19.577468554,19.707374665,19.85155444,20.06361659,20.228436528,20.372643322,20.73663993,16.61364784,17.541760359,18.24375348,18.800665381,19.275146846,19.766778485,20.316822296,20.853911722,21.434256684,21.976776673,22.92746382,14.43443566,16.238263291,17.252005778,18.193515297,19.092991586,19.911211055,20.740347594,21.612766057,22.529596988,23.54460984,24.98831862,12.14897526,14.720505242,16.230335188,17.584074531,18.664792312,19.838159095,20.980760254,22.134479643,23.45442191,24.979890638,27.28866798,10.09208251,13.348006135,15.154398446,16.703753028,18.101565412,19.500071205,20.933280436,22.444942396,24.007995418,25.998730207,29.46746955
14.10121064,14.319800774,14.44880378,14.561189647,14.774483906,14.91013442,15.020663022,15.23160156,15.443793932,15.631701501,15.85998066,11.78430624,12.74091859,13.420169784,14.010263547,14.481394632,14.97609892,15.476619164,15.993380752,16.486127928,17.130183024,18.08847073,9.550711325,11.356659744,12.428969912,13.167330936,13.97851259,14.68151315,15.465784156,16.253702297,17.119195188,18.208282083,20.06020833,7.525392359,10.011062369,11.229512064,12.301085091,13.308441232,14.31120788,15.384251664,16.555106107,17.801653538,19.352956774,22.15323398,5.289399158,8.4891706448,9.9669169198,11.305986485,12.61558878,13.97347438,15.31782469,16.750566219,18.414621608,20.387919819,24.08008156
9.646177767,9.8690041566,10.0582106976,10.272971782,10.446352528,10.53311938,10.72425648,10.910422706,10.992982494,11.179722173,11.40416644,7.747198328,8.5454242116,9.115578856,9.6302082866,10.09199777,10.54840781,11.01562672,11.500714374,12.040132166,12.636497066,13.44913534,5.706031952,7.174586387,8.1244721208,8.9928672544,9.8196829032,10.59271552,11.422486154,12.229284806,13.043829514,14.049094206,15.49849898,3.658343889,5.8306483009,7.2386477126,8.4670624202,9.6479293518,10.72454664,11.762555956,12.869947453,14.068693352,15.41913035,17.59167441,1.597939623,4.5397115195,6.342872024,7.909004294,9.228801236,10.55374474,11.86943345,13.299760505,14.8094827,16.661147475,19.64303295
6.675899912,6.8950624505,6.99927417,7.223574154,7.430615081,7.5326045035,7.651696441,7.866474925,8.065541188,8.1815917115,8.415043331,4.641078381,5.4711628405,6.077918667,6.6554156505,7.134148721,7.614570417,8.065541188,8.5348570205,9.048291208,9.6711578845,10.47352324,2.68824624,4.161746982,5.1275146348,5.9687858349,6.8110535098,7.5808010885,8.3844535806,9.1997884191,10.06973712,11.054713919,12.51888033,0.634380481,2.8061150352,4.2545675462,5.435454011,6.6326421186,7.721654098,8.7755223674,9.9246184566,11.121776114,12.487647738,14.61288918,0.007651041,1.59858694,3.3399237136,4.8928754545,6.3927808274,7.815291763,9.216702228,10.587945211,12.138756744,13.872712265,16.65587779
8.416590236,8.4387878335,8.709288592,8.9192058215,8.953559667,9.055289008,9.40729869,9.4367839415,9.489293645,9.868344655,9.95062741,6.417028657,6.975590373,7.490476193,7.996562311,8.489295569,8.9714271105,9.452024045,9.9536972625,10.44925137,11.01648077,11.98681417,4.408139621,5.4914183141,6.4325196516,7.2741470498,8.011811301,8.847140769,9.5410138888,10.400499168,11.239588838,12.256799633,13.99759226,2.344144247,4.09052403,5.420028824,6.464432603,7.496261882,8.482076928,9.527133259,10.65125388,11.93854702,13.31784576,16.01942875,0.420139872,2.7157992096,4.297855471,5.4906746234,6.806191855,8.049632562,9.4211137262,10.868899256,12.448918002,14.315758564,17.73513294
12.93321991,13.081569543,13.319663046,13.521331065,13.67658221,13.847529225,13.99789672,14.140611851,14.223761772,14.43383372,14.61993035,10.87257618,11.704586988,12.202261898,12.606195058,12.996604336,13.4798895,13.943124614,14.450765086,14.91495419,15.519433252,16.55577766,8.435654804,9.9973952432,10.791241522,11.51648381,12.213106788,12.93321991,13.643378256,14.499187432,15.382206982,16.459748256,18.37320644,6.262951961,8.4236891778,9.4941886258,10.483539458,11.487681898,12.48432478,13.566410012,14.68748052,15.981763322,17.437207624,20.31862593,4.203486975,6.7858148938,8.1674999154,9.5368208056,10.86314557,12.11840854,13.524691582,14.980901586,16.55994501,18.490862802,22.15323398
19.11794725,19.357219755,19.54890773,19.746270611,19.97313755,20.08764976,20.207813034,20.424188837,20.552477048,20.671164287,20.87778103,16.89564794,17.692716566,18.321953492,18.858907708,19.42736345,19.91076498,20.391140498,20.949048926,21.490154992,22.073326296,23.20227504,14.77157182,16.10539847,17.06493848,17.987320924,18.939847904,19.62152027,20.505751502,21.471950374,22.429269742,23.486111708,25.43779998,12.53660027,14.538769986,15.972315954,17.149238378,18.457702728,19.5049283,20.658035402,21.966808798,23.249850978,24.854273816,27.46221072,10.30210455,12.974982716,14.697398918,16.25383442,17.779417702,19.20042303,20.698829504,22.333092846,24.01462175,26.056755778,29.48813946
13.83854496,14.025629716,14.223724616,14.332877156,14.441339264,14.62969539,14.800348244,14.861635436,15.036938552,15.23903856,15.5728875,11.77994185,12.646170886,13.22728376,13.73898335,14.212970816,14.66252649,15.165029424,15.593523,16.110665472,16.686401847,17.50074673,9.722588812,11.3708439,12.25807688,12.98689847,13.69972429,14.43094877,15.1565485,15.92651152,16.78932098,17.79094553,19.54551717,7.667492191,10.0329790603,11.067719062,12.050713282,12.985223762,13.986027865,15.02322302,16.105265607,17.308562398,18.799669848,21.49075119,5.617129141,8.5175290284,9.7260692134,11.013541727,12.17469218,13.487654255,14.770137488,16.171527517,17.770533726,19.671255872,23.27741053
0.005188245,0.0603670081,0.1543478874,0.3414181913,0.3799594476,0.3972440665,0.4528167914,0.5662125294,0.6777451882,0.754696403,1.084368101,0.005188245,0.2705698674,0.4827536954,0.7657846959,1.0030286712,1.274617472,1.5319616662,1.8442230267,2.185298624,2.4897882763,3.241496552,0.005188245,0.417309245,0.849237971,1.2509269935,1.6759311682,2.1167592965,2.6107990708,3.0743446281,3.6404911986,4.289896676,5.383517171,0.005188245,0.5568500538,1.1319060962,1.6793924198,2.258164649,2.903475136,3.5151861544,4.2268943502,4.9756525662,5.8868322308,7.275129576,0.005188245,0.7138400055,1.429382634,2.148191081,2.916526909,3.683289625,4.496839925,5.4029704045,6.324360531,7.381628086,9.484336623
2.698151926,2.7459072392,2.939318933,3.068078075,3.1656415326,3.4235123885,3.4690982852,3.7612019812,3.7903656574,4.021935667,4.148146189,0.280616469,1.290260594,1.7872865614,2.3709041956,2.857120711,3.409224776,3.8255676274,4.4300895456,4.8610540012,5.5339437124,6.301052109,0.010791576,0.552913363,1.1256559796,1.7530361782,2.5974297218,3.414960763,4.2113059478,5.0659044644,5.9580215894,6.9863672898,8.419949947,0.000714087,0.622650981,1.292341121,1.971332795,2.673834027,3.4392763535,4.4829703356,5.7008054552,6.9560350832,8.3951306035,10.53884778,0.000714087,0.811234634,1.5898560886,2.3943651946,3.2542445604,4.111395845,5.0651698864,6.2387002828,7.675627191,9.4234697586,12.60123459
3.071196089,3.2353765501,3.3643697042,3.522837153,3.6971820702,3.818893052,3.9588948482,4.1703223581,4.3610174608,4.5814079016,4.777431975,1.017240707,1.809647704,2.468373285,2.9800877355,3.475420971,3.965248571,4.407436803,4.8882989105,5.406676221,6.0363261605,6.834148899,0.007651041,0.61397623,1.4910444364,2.3145593325,3.1919354866,3.923085641,4.7425550828,5.5254689576,6.3934058814,7.4040418424,8.893105534,0.007651041,0.6967385332,1.3566403394,2.1467369324,2.9237606134,4.032340174,5.14887004,6.2592225669,7.4116945352,8.7591088923,10.80570149,0.007269908,0.8063400634,1.628113968,2.4845531458,3.3545660544,4.3132515435,5.5771213694,6.9539728124,8.491285296,10.195109039,12.85087232
1.145712658,1.3614768358,1.5136876114,1.7138811937,1.7942201062,1.9229643335,2.0911027408,2.2822713212,2.4802589448,2.6442410209,2.942395891,0.024509332,0.4046259988,0.7660085606,1.2305770594,1.7325049322,2.253774503,2.7406014148,3.1452003544,3.6395196618,4.2396228686,5.176480736,0.012811761,0.4945093575,1.030519353,1.55461971,2.124465853,2.7033974765,3.41809396,4.2246138435,4.989316601,5.9675393715,7.229986095,0.005188245,0.652341681,1.275564703,1.941864875,2.618834457,3.364024306,4.194615398,5.111390245,6.256737284,7.544040102,9.402411226,0.005188245,0.7813958136,1.5871119352,2.3684855236,3.208609793,4.089702539,5.0498951122,6.1202298114,7.4692939934,9.1643014338,11.63649607
3.145937786,3.3688738615,3.530039374,3.766524541,3.851289519,4.0666114835,4.232071603,4.4611344705,4.556760757,4.7671725625,4.935552869,1.021490964,2.0172105672,2.7027493194,3.1944993016,3.7905350046,4.243336164,4.7418745406,5.2291387923,5.6936412968,6.3212867564,7.050266753,0.012811761,0.9064472945,1.885302528,2.8425744425,3.694823833,4.5278827805,5.271479274,6.054019815,6.928017738,7.819484072,9.166322805,0.012811761,0.837981699,1.728410852,2.634553464,3.729389709,4.847305034,5.966261419,6.973197334,8.088315504,9.230863754,11.28017249,0.005188245,0.9268411497,1.8303186354,2.7659294351,3.7727632908,4.7949911055,6.0568473904,7.2806766243,8.7534438684,10.4307798,13.40073346
4.244100784,4.4527617212,4.484242478,4.5733498412,4.8803654124,4.950698899,4.9853336334,5.1462238934,5.39629607,5.468330464,5.974400396,2.126336538,2.839996339,3.307571586,3.712968358,4.139110806,4.515121261,5.012543997,5.487329692,5.974400396,6.509099597,7.606578907,0.355108738,1.3191450268,2.1081740564,2.9324343078,3.6233863758,4.4378542055,5.1341496946,5.9660362825,6.855067005,7.9158657181,9.452024045,0.000732431,0.5797569617,1.3815458208,2.2249557099,3.3039853014,4.3495237365,5.4237521528,6.4427901947,7.70282403560001,9.0513930394,11.4892908,0.000732431,0.533590685,1.274626787,1.995729171,2.982292006,4.031755358,5.442247928,6.87440283350001,8.421545489,10.19623286,13.49790027
16.12811682,16.149553455,16.395168636,16.620139587,16.647550998,16.694309265,17.048083148,17.145851883,17.229388336,17.540988686,17.6444304,14.0396992,14.63481672,15.098674144,15.583335276,15.94058181,16.31258594,16.722006906,17.171368267,17.857679958,18.583241297,19.58654607,11.63085604,12.999370186,13.657046398,14.42650582,15.1206625,15.76321675,16.598429798,17.329282978,18.20341468,19.294618444,21.49075119,9.589571978,11.239407531,12.284734356,13.271555672,14.254944642,15.27696942,16.313173676,17.493691444,18.67210716,20.199125778,23.18475268,7.580264236,9.665333876,11.048515952,12.236966064,13.583166998,14.80820582,16.134636482,17.606737528,19.194626924,21.13148935,25.02457696
0.975419056,1.004432321,1.0320247436,1.4314355664,1.5018591252,1.529451548,1.8876933532,1.9990062703,2.026878352,2.3590520153,2.517937674,0.000732431,0.4299248752,0.5020561064,0.9549114854,1.0269569186,1.518839078,1.9955044646,2.4955215232,2.9938536032,3.5278066322,4.516134867,0.000732431,0.4651643782,0.7358582622,1.0526246466,1.4924325464,1.855287372,2.1483938216,2.6922714996,3.472514888,4.4772151592,6.036067152,0.000732431,0.441078376,0.737951844,1.119795766,1.545192246,2.03552413,2.542874995,3.192375746,3.950299907,4.696911879,6.627078532,0.000732431,0.4452876016,0.8974129442,1.3608721711,1.8232120282,2.3951322745,2.9759573674,3.6519800246,4.514870125,5.5111409561,7.332750546
4.492360765,4.6272283257,4.939050238,4.9897280868,5.0199291532,5.106327359,5.2470542168,5.4930309374,5.52372344,5.6207970731,6.036007703,2.474439459,3.0393815619,3.4731404904,3.5845227268,3.9780106484,4.22943446,4.5362154016,4.9548833416,5.297791492,5.7332227812,6.478374183,0.477115882,1.325759876,1.805062215,2.185746703,2.639011487,3.171449487,3.679615395,4.2711874375,4.9546864,5.637979072,6.933595325,0.000732431,0.388769474,0.688522547,1.053339857,1.55047024,2.181532669,2.976172837,3.682832269,4.562614319,5.581798262,7.541963417,0.000732431,0.450485246,0.833786145,1.201203476,1.617380877,2.0634056365,2.608327168,3.3169554535,4.359058188,5.639565381,8.410310213
2.239742194,2.3620302596,2.5960346544,2.6343242206,2.9215958318,2.961176848,3.2224622066,3.3176633124,3.4672921858,3.6736763353,4.021204498,0.089694915,0.8357821951,1.491514391,1.9564318975,2.5540403328,2.9904767045,3.5263037688,4.0241108955,4.5415646914,5.1443895235,6.140520492,0.031938564,0.508440083,1.005612161,1.5825357185,2.145663131,2.961176848,3.768523888,4.635449962,5.264881368,6.0182761015,7.332750546,0.005188245,0.6039690893,1.2002029352,1.8300286084,2.5096254526,3.099431394,3.6814665678,4.3050142164,5.1498511946,6.0803970451,8.128991621,0.005188245,0.692426982,1.292713463,1.86398977,2.461773323,3.0536941255,3.750145563,4.5149980515,5.354878195,6.3232548265,9.01801023
15.92805729,16.131775026,16.304810506,16.502105158,16.68947555,16.75497423,16.905644776,17.10245138,17.210074682,17.321110818,17.50878949,13.7101024,14.689858442,15.30549151,15.852449059,16.4047178,16.918046865,17.401441516,17.921658823,18.462640826,19.063265347,20.03461276,11.49916548,13.218343358,14.27882778,15.221177838,16.09078352,16.89564794,17.752023726,18.626805736,19.566495758,20.571406984,22.25133276,9.337682273,11.816223074,13.20250457,14.45910683,15.616139454,16.75497423,17.95418926,19.123940326,20.506103134,22.026254754,24.3416424,7.103253408,10.310753544,12.019005856,13.569624574,15.057820768,16.55551775,18.04700743,19.607899266,21.38953227,23.382925382,26.53774022
1.499681653,1.6514326671,1.9907409746,2.0001946593,2.1042039858,2.488167779,2.4995135066,2.5433077552,2.8948396462,2.991962065,3.009818558,0.000732431,0.4486616185,0.7332192564,1.1491609831,1.5126779674,1.9997663445,2.4968921096,2.9829957198,3.4869959362,4.0067076387,4.9753018,0.000732431,0.466922179,0.810705176,1.1117324655,1.518839078,1.998041827,2.528386898,3.4583560495,4.33107721,5.3723687655,6.937669325,0.000732431,0.4526673596,0.9456323806,1.4195584537,1.955600513,2.497367282,3.2959285442,4.0167608419,5.1167220642,6.4818406167,8.921900285,0.000732431,0.4831236774,0.9848162492,1.4959669728,2.0520800646,2.920158861,3.7622906744,4.8100100241,5.9796335436,7.8516612601,10.94787534
6.671093515,6.795008572,7.027379109,7.0703307386,7.3839834402,7.4270679175,7.6596784964,7.7503613044,7.9014535016,8.1067888967,8.453413949,4.552091284,5.3014836582,5.9162229398,6.4348539759,6.9501636366,7.4270679175,7.877798385,8.3880393625,8.8705509298,9.5194465823,10.57243849,2.433066744,3.8957187935,4.88845355,5.8164466505,6.600099221,7.283182285,7.902965751,8.5869263655,9.416196991,10.42651789,12.25062165,0.314042204,2.416290525,3.845749771,4.9952975,5.832427157,6.655742833,7.548364072,8.495309566,9.598282171,10.979464205,13.9936125,0.010791576,1.2775527788,2.7334064768,3.7764475105,4.8823519784,6.0010269025,7.1447502238,8.3960254186,9.866426724,11.667975498,15.60685284
13.18543483,13.517996488,13.677008208,13.86213957,13.962411166,14.20672321,14.330160564,14.553198768,14.6445588,14.864683596,14.98239974,11.3279108,12.056047066,12.721869484,13.182338802,13.714375196,14.19845148,14.682563364,15.220769755,15.765865572,16.37034887,17.17976159,9.178300044,10.596974093,11.562614754,12.457045352,13.246546774,14.111242555,14.929566812,15.802941563,16.727059568,17.814800984,19.38597726,7.057145941,9.059870127,10.45515953,11.6857139,12.90600014,14.05831287,15.22764225,16.460566715,17.72462975,19.201899735,21.59833375,4.936134719,7.5074749426,9.3425264456,11.002370116,12.517683204,13.98092571,15.379344716,16.90030622,18.52441606,20.51194088,23.68712714
10.67206321,10.94401886,11.127115862,11.243324381,11.433238908,11.583009695,11.719198714,11.934902867,12.031248204,12.208593502,12.47034657,8.43925511,9.3295315863,10.0036777292,10.610751701,11.113256562,11.63803718,12.086208174,12.594247197,13.159659094,13.758914946,14.70311021,6.208793798,8.04786167,9.178300044,10.04936689,10.95493823,11.786618455,12.5859036,13.452968535,14.3882445,15.3717991,16.75629497,4.17143262,6.7764454412,8.2415834002,9.5526142314,10.675017398,11.78430624,12.927775956,14.062175054,15.356581836,16.761158216,18.94294235,1.935733291,5.3628332455,7.178179396,8.724860319,10.19189122,11.54130992,12.94752332,14.468751365,16.06993354,18.033637115,21.17755537
15.8891733,16.120112738,16.197530886,16.332119246,16.573541488,16.683649575,16.784811974,17.02025179,17.170568662,17.387020332,17.67347339,13.65404117,14.291177795,14.78162884,15.37628748,15.8891733,16.384830575,16.89564794,17.46988237,18.00637146,18.603402015,19.62152027,11.41927547,12.650652498,13.604955386,14.490074984,15.41421653,16.14437353,17.007745982,17.97603419,18.953134946,19.97758635,21.80999884,9.201308677,11.030540018,12.474986308,13.646202398,14.897815668,16.03572978,17.18336615,18.479909336,19.758829222,21.437013144,24.03557857,7.105299887,9.492619204,11.24461221,12.90896987,14.37897642,15.83236953,17.34684288,18.94777338,20.56466391,22.56576407,26.01214381
7.381699796,7.4446731261,7.5863557788,7.7779605555,7.9333814322,8.1125770395,8.1974316096,8.3940272431,8.5161327814,8.7685014754,8.840667059,5.262644242,6.0987503228,6.7277868086,7.3515265193,7.7521024052,8.223973165,8.7960499808,9.2180078641,9.6585730606,10.238709047,11.02990487,3.145937786,4.9161866821,5.969262466,6.8562109703,7.5139849564,8.1294795385,8.8026935936,9.5126774682,10.244802882,11.26011112,13.06098624,1.030519353,3.6211616479,5.0931543052,5.9893431502,6.8118402534,7.714328706,8.5861428484,9.6013841083,10.793716218,12.224114197,14.91313613,0.012811761,2.442319196,3.8464339198,4.9630345494,6.1037695556,7.2179897685,8.3921815264,9.7072212768,11.197468498,13.037184536,16.66373326
5.628142025,5.7881154417,5.9945398624,6.1084835678,6.3194455976,6.3717857695,6.623359387,6.723982024,6.9046752986,7.0881747152,7.417752547,3.487612724,4.2731842472,4.9295119216,5.4769722308,5.9781334068,6.461944275,6.9641614148,7.4193405274,7.9716125938,8.4954652173,9.313078929,1.366822697,3.140373698,4.2201391878,5.1600344108,6.018550736,6.785888366,7.6479986694,8.4402684338,9.227931743,10.221865818,11.5276475,0.024509332,1.9643600366,3.516117262,4.7980892238,6.018550736,7.131696114,8.1111436396,9.160729771,10.247240416,11.603109538,13.74917724,0.012811761,1.3666549394,2.823550717,4.406152191,5.7339303112,6.881084318,8.1011840536,9.4181536996,10.910194226,12.752294024,15.82721122
13.87846027,14.122375717,14.313200002,14.462872191,14.564204388,14.76851029,14.904401808,15.009698017,15.25852736,15.434730098,15.64004831,11.57274434,12.611774814,13.21890511,13.746337534,14.27459032,14.77303633,15.30073651,15.825409502,16.4047178,17.00412882,17.87028853,9.555153338,11.196663918,12.31740398,13.235229836,14.108133452,14.87909116,15.74019814,16.644019704,17.542774904,18.611005654,20.10182363,7.319275647,9.7997154819,11.249771406,12.458328968,13.588759204,14.76248527,15.93380412,17.125689673,18.492349454,20.019290988,22.25133276,5.083397957,8.3516420394,10.022381834,11.543313978,13.010655562,14.5221984,16.028210166,17.615161679,19.398573846,21.388778225,24.47157353
13.58462147,13.593809883,13.893859824,14.087369609,14.10083748,14.345897475,14.586943334,14.59950361,14.797836658,15.086545306,15.10618262,11.08484174,12.092386508,12.630058084,13.134712503,13.652930614,14.157492825,14.66108907,15.16355219,15.696479212,16.586283007,17.12705899,9.085105234,10.60450954,11.618273422,12.59885517,13.446954566,14.20721895,15.09979978,15.899299288,16.728946116,17.789583972,19.59486079,6.585659644,9.1064129378,10.592086626,11.84282509,12.96128424,14.052580365,15.103860644,16.154531235,17.47696578,18.937226396,21.61494946,4.586538303,7.6139608481,9.5891933112,11.054432057,12.291777828,13.61750352,15.04070968,16.483605033,18.065466202,19.916991907,23.57313938
15.34806976,15.608827627,15.712874114,15.788749607,16.050838234,16.199148915,16.241580652,16.484913653,16.673702342,16.848655994,17.14110034,13.1122732,13.78062309,14.26495541,14.831747075,15.34806976,15.813030755,16.29409616,16.930001665,17.50819773,18.07398932,19.13348248,10.95647766,12.173121756,13.118168368,14.008259448,14.911043824,15.64452088,16.496882996,17.47603746,18.473342304,19.481104744,21.41320428,8.774058652,10.570882616,11.993374076,13.190449172,14.475695776,15.59051271,16.750766016,18.005401276,19.39194233,20.97565296,23.52747766,6.620311857,9.040116806,10.87658824,12.48870209,14.0066638,15.49262589,16.99828297,18.53801974,20.23023483,22.19254762,25.49819501
3.912893606,4.0269297184,4.2799703824,4.4826255371,4.6006937098,4.7857342825,4.9657282328,5.0831572129,5.2526034602,5.4470793102,5.565620716,1.541571812,2.4846540616,3.0893928592,3.6083941328,4.0672600952,4.673734101,5.1191360472,5.6443951872,6.157195232,6.8548816264,7.903489431,0.005188245,0.931075615,1.912306612,2.8247972445,3.632229744,4.4826602485,5.371643148,6.1657775525,7.13170186,8.238623337,10.0516807,0.005188245,0.7121367954,1.4562991094,2.25803613,3.3194845062,4.428065673,5.5917566072,6.7120695674,8.0071155072,9.4259713796,11.94081184,0.005188245,0.8631925126,1.7088943342,2.5636036684,3.4695191328,4.496839925,5.9009551154,7.3825278592,9.0219826018,10.898275742,14.13026672
12.45713578,12.62679443,12.827517206,13.020773276,13.194725528,13.39268623,13.451407714,13.612404298,13.769233,13.991673644,14.17629006,10.06262696,11.085545623,11.639199158,12.093309495,12.457911724,12.86060244,13.308858484,13.713222619,14.244602198,15.024646621,16.13095064,8.009437692,9.5886824152,10.22670291,10.891468916,11.63175988,12.27159835,13.090847822,13.857128768,14.665717284,15.844034224,17.9577816,5.794770928,8.0086607843,8.957608624,9.7876492803,10.73413992,11.700833405,12.756803586,13.893413828,15.128552122,16.629362025,19.58654607,3.606611714,6.1956081158,7.5391985902,8.6618525327,9.950984711,11.169243065,12.580250674,13.996173189,15.600903902,17.574294893,21.49075119
8.742485915,8.8777814336,9.2294329364,9.2693391968,9.3466015964,9.721476255,9.7491247074,9.8124020014,10.0745143252,10.235734958,10.28148664,6.721782704,7.7204263724,8.2353856428,8.7562129454,9.2388099392,9.721476255,10.082316048,10.552166628,11.048302264,11.6321821,12.40254827,4.722203314,6.2770703845,7.2824449,8.032762574,8.692812142,9.3148290515,10.07150137,10.77202239,11.66175028,12.66914196,14.45931882,2.723241733,4.973216971,6.041602486,7.037925593,8.001202069,8.97251762,9.968285109,11.05798172,12.23713718,13.69456642,16.24722811,0.729991039,3.3947762473,4.7379530612,6.0206880354,7.2346898562,8.5348570205,9.7654447386,11.180913073,12.750631274,14.645714454,18.10377145
12.01683758,12.087081943,12.271579146,12.500055039,12.576236304,12.671634235,12.953932294,13.066161409,13.242792646,13.515971087,13.61903887,9.526550412,10.502346462,11.002370116,11.503021086,12.012741304,12.48298981,13.032284766,13.545927734,14.12140361,14.737122074,15.67070994,7.480068003,8.8582154805,9.794333047,10.639586525,11.48835747,12.31845437,13.14469899,14.04590013,14.98239974,16.03953461,17.8131202,5.447218617,7.3206034222,8.649845262,9.9180757838,11.075298766,12.23968188,13.42001028,14.640310184,15.93188851,17.40815012,19.98166251,2.9804054,5.6805904478,7.5026177524,9.1631541752,10.672886386,12.20360462,13.700109416,15.237373536,16.93896577,18.819040696,22.037121
14.47461064,14.477119958,14.677796742,14.975692284,14.979072688,14.98663505,15.47496571,15.477672474,15.483606204,15.876941004,15.97640888,11.97462698,12.977258862,13.50892797,14.050013184,14.588356912,15.09393914,15.592155636,16.090399596,16.624229408,17.47603746,18.00731234,9.974640061,11.493769584,12.556284822,13.51114834,14.443484078,15.16125951,16.025921004,16.977482372,17.951639062,18.983288094,20.48386294,7.474656409,10.07216632,11.478420366,12.624548454,13.78529013,14.97641556,16.088759198,17.383806168,18.630911148,20.207813034,22.52931917,5.474669487,8.5781693086,10.15657077,11.65727131,13.127942348,14.58279642,16.10595885,17.680418559,19.478071158,21.489083304,24.52563615
13.14039263,13.437968071,13.627270454,13.750264368,13.83449183,13.977590675,14.180097164,14.330134936,14.49771184,14.698277872,15.00014992,10.90915013,11.83963033,12.48950088,13.1122732,13.60160149,14.06883716,14.67565801,15.14914619,15.64755587,16.29409616,17.22396178,8.680391398,10.55336585,11.562571982,12.449057756,13.258469646,14.11039064,14.95367197,15.792540612,16.706013316,17.753910912,19.27206086,6.640749601,9.0890160532,10.484528618,11.65954902,12.956608184,14.08767881,15.248158824,16.530379268,17.795215872,19.275146846,21.49587615,4.40923604,7.6106326134,9.444656907,11.059549558,12.593332856,14.08767881,15.602883156,17.145605186,18.841947902,20.744055258,23.72199513
7.60988559,7.8326008103,8.0310946256,8.2328053669,8.4346552344,8.499652881,8.687517402,8.9110408947,9.102975762,9.3106381031,9.666318974,5.557247057,6.4870069608,7.1752184606,7.749664711,8.2453851336,8.718484013,9.2357541112,9.7742649384,10.29379724,10.929042006,11.72455058,3.343618585,5.1667068348,6.3326857962,7.1930169526,8.128704955,8.894085588,9.6937543256,10.501805556,11.42188028,12.446762806,13.93442844,1.165051671,4.0781751924,5.5074313046,6.6755727371,7.780823953,8.869657267,9.9850274466,11.113709432,12.411059138,13.855144619,16.15151712,0.00541939,2.8125084982,4.394034999,5.913362605,7.28552396,8.617664618,10.000598952,11.488730802,13.077413828,14.994110212,18.15953339
6.773360043,6.8581361188,7.1337269748,7.1647694688,7.4198207432,7.496261882,7.5283748712,7.7176597948,7.843309756,8.0812551108,8.187142831,4.653176773,5.2711997412,5.7218609748,6.139874456,6.6152375174,7.117781238,7.5005810988,8.0175532498,8.549442619,9.1243145662,10.1251083,2.534896815,3.6319656329,4.3209094504,5.0866507794,5.7529434984,6.5182112835,7.2623811574,8.1282773093,8.9713770354,10.090945263,11.97191985,0.446485871,1.9662215465,3.053515472,4.1241270245,5.090036697,6.1217167255,7.144562472,8.27834916,9.539994364,11.01648077,13.91128356,0.00541939,0.7430285405,1.894818282,3.177222175,4.408139621,5.68792369,7.057145941,8.4802674975,10.0374683,11.992138275,15.71126883
1.005756382,1.1551721154,1.2766724082,1.4129246622,1.5600574974,1.666339806,1.6970408358,1.762670499,1.8422385168,2.0234417092,2.135506674,0.000732431,0.1791568696,0.478223259,0.5709280444,0.9690331064,1.059927596,1.4270777062,1.58349638,1.9744487974,2.4931600156,3.543074185,0.000732431,0.2095599025,0.496155035,0.691192109,0.996662186,1.244183423,1.522963514,1.9597991945,2.473218773,3.067759811,5.175745612,0.000732431,0.3493303605,0.581284746,0.9962390945,1.390635982,1.7120630865,2.126336538,2.6581480735,3.260143356,4.024997609,6.081176739,0.000732431,0.4202300592,0.7770065254,1.18669185,1.6117820522,2.107050821,2.686579852,3.3250496356,4.0167803928,4.9481755682,6.627078532
3.873577353,4.0171158208,4.2211972416,4.3512109674,4.4462393942,4.616025815,4.8334344666,4.8987316794,5.0331022986,5.3053943634,5.439903923,1.828137195,2.6278195429,3.1994822366,3.6375911351,4.0612988676,4.526408832,5.0266934068,5.4446464999,5.980933866,6.5815989967,7.50033803,0.067121871,1.146931355,2.0849293468,2.8795759688,3.6327566156,4.367970263,5.0842208226,5.9304943728,6.811235916,7.839995215,9.536027416,0.000732431,0.5488213828,1.2522338932,1.9777200872,2.9317847558,3.926481805,4.9679822262,6.0894585615,7.312293171,8.8499982918,11.52181852,0.000732431,0.4579090869,0.9670810024,1.4945411733,2.301250937,3.4249387435,4.7161440702,6.1496099529,7.7473770506,9.6839785832,13.52448385
1.146098143,1.2332418088,1.4589359444,1.6248622364,1.6834826728,1.825286562,2.1038735972,2.1608085184,2.2536366754,2.5704266498,2.687556706,0.012181145,0.3795011618,0.6477968682,0.9967634128,1.3522963758,1.69341936,2.0970090202,2.6110718564,3.1294510432,3.735957709,4.678107831,0.012181145,0.3842878896,0.7307226518,1.0557253766,1.4345252482,1.753192852,2.1366800804,2.6110718564,3.3609665022,4.2915643932,6.036067152,0.000732431,0.4115347452,0.7456532358,1.1357820002,1.5635085164,2.042077963,2.540646647,3.1432127565,3.7487627506,4.669749254,6.508812065,0.000732431,0.4564493256,0.9048523862,1.3344329832,1.8116359784,2.398083968,3.022104053,3.7708895302,4.5345090824,5.438949516,7.207225304
0.035084999,0.0527532765,0.304901284,0.3511279085,0.388319736,0.523295671,0.67152006,0.8787756105,1.055830417,1.228798025,1.448300695,0.031938564,0.263213783,0.489011174,0.743598187,1.019124507,1.3079479385,1.533303529,1.824706574,2.150556512,2.6594787205,3.555068147,0.031938564,0.3693283932,0.7459143306,1.1881131862,1.584373551,1.987900406,2.4574060218,2.9701744414,3.5145155778,4.1947314418,5.646636405,0.012181145,0.527858656,1.079470931,1.633560763,2.219273871,2.773363765,3.411767125,4.107483943,4.843250954,5.773292573,7.737570649,0.005188245,0.6924469529,1.3831294642,2.0497298744,2.752767857,3.477313665,4.1908118606,4.9697238277,5.8259660728,6.9357903605,9.857385826
0.086556424,0.1788850615,0.3592834204,0.4435661708,0.6256663592,0.821573736,0.8591410048,1.0388140222,1.185747349,1.2984707024,1.460064365,0.003922046,0.1435827807,0.4837739704,0.6374008388,0.997836577,1.2787161655,1.5707451174,1.9191594676,2.3859394268,2.8786427937,3.638558039,0.000732431,0.221121863,0.489149162,0.7327178895,1.012535343,1.422429142,1.830369122,2.445378993,3.326525776,4.3495237365,5.698246012,0.000732431,0.3844030375,0.627274414,1.0159715035,1.485903569,1.9412685315,2.467583226,3.024260093,3.977020058,5.435067963,7.73994123,0.000732431,0.4281934124,0.844824357,1.328055353,1.8294763512,2.432288201,3.0380076948,3.91421386,4.8514603794,6.500030217,9.815466004
9.416196991,9.4232821572,9.630731286,9.7724456202,9.8477663276,10.126534645,10.130739904,10.475711179,10.482397154,10.727044874,10.83686912,7.294962798,8.0039994783,8.5401003698,9.0886750996,9.5440448036,10.126534645,10.531611728,11.006808458,11.540036312,12.166832596,12.95809378,5.173728606,6.5966915762,7.6360387432,8.4330145506,9.1300396552,9.778488695,10.477140916,11.188570316,11.975364378,13.014039106,14.91313613,3.052494413,5.0525777394,6.4773683888,7.4242131832,8.275852694,9.159755463,10.119918328,11.10793182,12.296116,13.752777102,16.66373326,0.931260221,3.613579291,5.2389911474,6.395108321,7.4376953362,8.557062993,9.7787289662,11.10069556,12.630464038,14.549623854,18.24328996
7.723262794,7.8312030258,7.9859677128,8.1022781532,8.2465760282,8.4661156,8.5791763534,8.7568744868,8.8476932914,9.0633940957,9.205066706,5.396342105,6.2786708706,6.9372351788,7.4251539578,7.9709731024,8.369044597,8.9319835054,9.4131689478,9.9248841464,10.519519172,11.40191726,3.293180431,4.8268505946,5.8875507948,6.7959781914,7.6488437842,8.419949947,9.2704688978,10.109848162,10.98812009,11.975904232,13.50416788,1.322525528,3.4132399669,4.8358142678,6.099417571,7.2939098764,8.440664325,9.5903443878,10.667126112,11.872028988,13.220632489,15.60685284,0.000714087,1.9940227101,3.8145646206,5.3971772616,6.9493032402,8.292004911,9.5098827522,10.870775201,12.36515216,14.205658876,17.53785529
8.844789142,9.1574901204,9.3565246592,9.4780147658,9.5735867242,9.768445387,9.9818105688,10.130942792,10.345490708,10.51412902,10.70082092,6.612388215,7.5811071764,8.1305176724,8.6698785788,9.16368644,9.6638071485,10.188668944,10.697456762,11.328729866,11.962334525,12.92591545,4.585428679,6.1019820879,7.0969125638,8.0720494315,8.8393986936,9.612013501,10.400766212,11.170687333,12.125828886,13.13594892,15.12428247,2.349369931,4.585428679,6.038631127,7.114594087,8.147379446,9.132083205,10.16085976,11.25513297,12.60366001,14.09923674,17.15471916,0.113674771,3.0774629491,4.7286536138,6.1410802382,7.3556628878,8.6266614485,10.04737364,11.379303516,13.07618875,14.974656985,18.73511624
8.08568244,8.3177634975,8.41923605,8.5159121749,8.570996079,8.7328762185,8.947551834,9.0227792004,9.0619624352,9.0796152865,9.475867618,5.934832688,6.5054603106,6.8765516556,7.2356274906,7.6063252542,8.0531920335,8.5108189276,8.9198775015,9.3056612276,10.040915045,11.05798172,3.890919146,4.7076491262,5.418336055,6.0735705571,6.7338274418,7.3874716045,8.0702364816,8.7944472689,9.6778030344,10.735216395,12.7291901,1.554292054,2.9795925684,3.964896341,4.8836661708,5.8122818866,6.774399788,7.7885270874,8.8737748674,10.08429049,11.561206694,14.37728632,0.015424848,1.3150422745,2.581034819,3.7641955205,5.055037235,6.250893054,7.580264236,8.978484282,10.5475566,12.45907564,16.13095064
6.18008142,6.363865315,6.54764921,6.731433105,6.915217,7.084764885,7.254177055,7.4379609505,7.621744846,7.8055520075,7.989312636,4.031890148,4.8101389595,5.473553574,5.9620015875,6.519041475,6.959326091,7.531994923,8.004148362,8.606482516,9.109078001,10.10889617,1.912306612,3.338488754,4.288387602,5.1031250105,5.9204595444,6.7009910825,7.5737062256,8.3900950761,9.356595951,10.439273908,12.22847971,0.070025231,1.7540887508,3.0381646672,4.2323855583,5.4021789128,6.5295412305,7.6418717688,8.84464056030001,10.161381186,11.730053556,14.37693207,0.005188245,0.9276769892,1.9731977468,3.3989353034,4.8670326118,6.31576328,7.8142058216,9.364425152,10.969303542,12.932296564,16.18912566
10.10748102,10.323376616,10.474657192,10.685659468,10.860029652,11.04334555,11.245587448,11.372273228,11.476903244,11.652282784,11.98957002,7.882143405,8.8332046038,9.4851451956,10.073585663,10.575731452,11.08251268,11.610067124,12.106899527,12.609008648,13.196027277,14.20502648,5.665262278,7.402601503,8.4995173562,9.3416250692,10.18429579,11.01235372,11.828208758,12.672162285,13.595894146,14.651557116,16.2586463,3.610317757,6.1223511334,7.41218213,8.5879356356,9.7566445528,10.96597912,12.060203194,13.279952048,14.599963192,16.129455962,18.47637863,1.411874359,4.700829319,6.31477344,7.837435917,9.288097879,10.734222,12.2039725,13.79381395,15.4863017,17.48197841,20.6980568
6.350119255,6.471079068,6.7140065178,6.7488819155,7.060839804,7.2449531495,7.4219733094,7.4864015428,7.7712122728,8.0192406864,8.129790561,4.229199886,5.0961322346,5.6722279028,6.2052065827,6.72505842,7.2351858335,7.7629985054,8.1986780946,8.8425656618,9.49213419,10.24848171,2.109087191,3.557392682,4.5876454464,5.4129348386,6.2723815832,7.075615256,7.9125572414,8.805948013,9.694328576,10.74495849,12.41413199,0.050697632,2.1131973078,3.5157171824,4.6960371802,5.9557725238,7.084526172,8.2020357626,9.4350836362,10.675017398,12.194118,14.52754734,0.00541939,1.0902324939,2.48618639,4.1655282579,5.6617373132,7.121144268,8.6142311452,10.145321184,11.782384026,13.629350367,16.70349219
10.21916326,10.351167668,10.56820202,10.663779998,10.879138762,11.00424219,11.12696641,11.271942022,11.36517898,11.583010116,11.70499239,8.108514204,8.8386435788,9.4101409046,9.9909752533,10.476187758,10.894196505,11.45660098,11.894178663,12.443623444,13.019926117,13.90184294,5.932197975,7.380392511,8.372134426,9.3003405172,10.130267072,10.92363169,11.686974414,12.437433028,13.302787932,14.29410208,15.91779815,3.818242254,5.9162229398,7.3419232834,8.5973516108,9.6158401366,10.55826694,11.533517708,12.59312909,13.800766294,15.257358634,17.91487246,1.705453116,4.476747856,6.334389409,7.755618486,8.856186087,10.04050541,11.28341886,12.66905785,14.20491808,16.10499357,19.89913585
9.758811573,9.9912675931,10.0425142,10.27344682,10.44141672,10.550886075,10.674060726,10.820014753,11.060965832,11.116950294,11.32155612,7.523487654,8.4309341059,9.0673396508,9.6805002748,10.151516192,10.6229278,11.101444876,11.573349976,12.179089528,12.774206148,13.60160149,5.288792833,7.1056286585,8.0692863638,8.8960430152,9.7439984278,10.580011595,11.375681492,12.225259482,13.182728326,14.24861289,15.83236953,3.056107451,5.6991098857,7.0229581624,8.1788218677,9.3609521272,10.53336462,11.635359416,12.889583692,14.11886376,15.639256681,18.06440657,1.095819195,4.1668732775,5.8653838566,7.5207670777,9.0179348758,10.502077735,12.008140674,13.560323783,15.154398446,17.088463751,20.10153619
3.639144443,3.7475543761,4.0126636428,4.1968106511,4.3400579646,4.541117904,4.6832704698,4.8126824374,5.0074699068,5.172118299,5.287496042,1.285465429,2.5032655508,3.1741546536,3.7150737973,4.209317273,4.7066539285,5.2062002712,5.7070509513,6.1987371458,6.7451790106,7.736796283,0.00541939,1.2733982075,2.397709681,3.294380181,4.17143262,4.9299908745,5.712729013,6.4935735855,7.423893876,8.435030073,9.897105639,0.00541939,0.9236584825,1.787171823,2.7785810835,3.881359843,4.955219354,6.049248744,7.143361913,8.434405342,9.748976641,12.07278427,0.00541939,0.8027998513,1.7068491084,2.6033537012,3.5982041374,4.737792857,6.1552067378,7.6273172074,9.2565607006,11.111216684,14.13433705
3.718304907,3.7656448366,4.0482865876,4.2487135079,4.3001994234,4.4560600865,4.6900385336,4.7545423311,4.9611882492,5.2388144587,5.249048539,1.261330986,2.2351157812,2.7133228202,3.1919420322,3.6308584118,4.118269335,4.5944807272,5.0698631474,5.6349651856,6.170896915,7.178179396,0.04407962,0.775429096,1.56284457,2.2460089665,3.053515472,3.773191868,4.578705244,5.3598411565,6.203660757,7.3284334825,9.203656272,0.00541939,0.5209496048,1.1468479438,1.7828574369,2.5802208788,3.46504387,4.5793079696,5.6448239893,6.8468409612,8.329553268,11.20280019,0.00541939,0.5092651331,1.1244513452,1.8305642817,2.6799369768,3.6236591825,4.6773977722,6.0487358355,7.621257213,9.5377272628,13.30835101
0.261006407,0.5760080706,0.7535937386,0.9366192166,1.1268730108,1.2969918945,1.4694552534,1.5362308615,1.7029740554,1.8764686298,2.063465967,0.008505008,0.2873460921,0.5103461964,0.8490951594,1.0370562056,1.396612159,1.719312864,2.0975187353,2.7148927654,3.3204756277,4.287071103,0.003922046,0.2883371315,0.554530171,0.946482481,1.262256279,1.598083592,2.018333634,2.5822009895,3.370475328,4.3190249005,6.084214051,0.000732431,0.3286889188,0.6006684048,1.0029267643,1.4192365918,1.803318121,2.261748766,2.9364487493,3.6823683206,4.6850899442,6.87662985,0.000732431,0.3748954302,0.6936515408,1.1002796054,1.540619672,2.023194831,2.6009502986,3.2592285344,4.0173648642,5.139782144,8.147993781
8.13257407,8.6169125226,8.6433931202,8.931513686,9.12817248,9.158323882,9.286111623,9.619935509,9.6468331994,10.0366399022,10.15548329,6.092711032,7.0867446152,7.6098235148,8.1124641112,8.612287479,9.11252958,9.615968088,10.133967964,10.642662814,11.504929618,12.17825982,4.086892311,5.5888308195,6.5973788376,7.5436424678,8.209670101,9.110164996,10.067093652,10.793499715,11.64878398,12.710722996,14.16685438,1.597471256,4.0767594666,5.5240858246,6.6661375188,8.0376310518,9.1184768335,10.266506146,11.59987583,12.768459398,14.211373016,16.65643875,0.025425446,2.62765848,4.589039841,6.156314638,7.7278785252,9.158323882,10.604957396,12.086904824,13.60516779,15.543679316,18.60248925
8.272079783,8.4015812924,8.6267425116,8.6908374625,8.9863850518,9.0488680555,9.2551464912,9.3581654291,9.5132440546,9.7150894847,10.05902379,6.155207596,6.9774018149,7.5944844504,8.1923932738,8.607868186,9.168816657,9.6050206788,10.111853238,10.66489098,11.229248615,12.17589597,4.03833541,5.5236516175,6.579318102,7.49365885,8.358766201,9.1908284085,9.969879829,10.80246706,11.7215,12.74754683,14.29114094,1.921463224,4.2142243556,5.6322547138,6.9061361974,8.0522528066,9.1908284085,10.332791196,11.538082463,12.759859926,14.195654737,16.40487788,0.000714087,2.7338007605,4.578114039,6.2404526935,7.76477585,9.235215588,10.5775321,11.979726345,13.50416788,15.347611785,18.5198921
13.11695692,13.458577071,13.664157178,13.814976432,13.926058692,14.067708655,14.197254394,14.299892788,14.396814206,14.583218804,14.91313613,11.28017249,11.949377781,12.329795666,12.683842688,13.047314516,13.428434975,13.81583801,14.27231569,14.816903788,15.468615897,16.66373326,9.144084922,10.22832677,10.90888919,11.53253934,12.1210078,12.80299276,13.48675858,14.294842365,15.13319866,16.20852073,18.24328996,7.022835725,8.607266844,9.515086231,10.390714065,11.26536091,12.21891184,13.20109274,14.28253824,15.47443377,17.023925775,19.89913585,4.901648107,7.0174849371,8.1872030676,9.2647770224,10.44857529,11.63175741,12.921761334,14.302035004,15.902208284,17.868631376,21.94206271
6.99383703,7.0675561002,7.3455449424,7.5343463794,7.6369080328,7.8573903005,8.0266365282,8.1176021084,8.3215432778,8.5198281308,8.600497254,4.574997794,5.5454955175,6.279335673,6.890436989,7.399750258,7.9770349695,8.437214493,8.9696542785,9.490151692,10.079630775,11.07415369,2.480518451,4.1548750615,5.229161373,6.145227815,7.043148444,7.824142651,8.678185824,9.546109526,10.45515953,11.54426118,13.20560117,0.457006951,2.7914582725,4.194945757,5.4275816988,6.621671455,7.765957986,8.9179429858,10.093495895,11.374299108,12.823965633,15.26365788,0.017854437,1.4375454495,3.065273856,4.699635608,6.208793798,7.7292042805,9.191019693,10.70304064,12.41413199,14.301354195,17.42743105
9.654590389,9.7724145301,9.940166636,10.17633852,10.295474584,10.5041156,10.696103304,10.816486287,11.076060386,11.214138547,11.33570116,7.352473672,8.4118805522,8.9714219728,9.4897220462,10.0019892908,10.48204996,10.995371622,11.504056088,12.017824282,12.663272934,13.6802912,5.151121842,6.9752227298,7.8341493166,8.5840590174,9.4777538242,10.274179115,11.058988766,11.981899254,12.978085904,13.985197964,15.73653039,3.000885482,5.4521233798,6.6212325802,7.8428152317,8.9792259546,10.09343817,11.301762216,12.501438618,13.85843752,15.372763186,17.67347339,0.974698913,3.9285693681,5.4954527184,6.9960732684,8.4945656368,9.9794520385,11.476084234,12.988685041,14.693877612,16.687597541,20.11812585
8.667232747,9.011914349,9.046243631,9.232455023,9.368039045,9.402368327,9.718442194,9.752771476,9.9561475108,10.103174624,10.44785623,6.519041475,7.381020351,7.972147995,8.4249153232,9.000471255,9.431861418,9.905410992,10.481968956,11.064377224,11.787315134,12.5960475,4.399457938,5.823956723,6.7068818408,7.6089313636,8.4027251416,9.189376557,10.065771802,10.898275742,11.893248234,12.99052123,14.74551705,2.279874402,4.22957304,5.531083119,6.7009910825,7.903489431,9.016019932,10.14459611,11.370785485,12.65693234,14.292058355,16.86483304,0.13168313,2.6177244362,4.3209781754,5.8878964582,7.3774765628,8.811025152,10.326797992,11.863442118,13.587872776,15.460014122,19.01488032
0.041976932,0.1018560082,0.1223304378,0.1741611198,0.2532274158,0.373850159,0.4722468086,0.5970520942,0.7784904466,0.9790117146,1.315984243,0.006655913,0.081885336,0.264835025,0.443788392,0.563524733,0.806727648,0.989830204,1.282827789,1.595810776,2.122288489,3.025182107,0.006655913,0.1827542707,0.4324781464,0.6388618856,0.9494773254,1.24653158,1.5408868942,1.9231788052,2.399485634,3.0746265958,4.750204192,0.000732431,0.276828366,0.532827273,0.906157179,1.192365125,1.5407453295,1.976743398,2.5068788425,3.277382768,4.147937307,5.974553983,0.000732431,0.3738835913,0.6975233102,1.0985693958,1.5105712206,1.9883868075,2.5146510844,3.1750174457,3.9783309656,5.1085792373,7.623603847
2.303926936,2.6544376518,2.8313965082,3.0061501154,3.1083242798,3.346229551,3.4683939582,3.7106967282,3.7799231736,4.0077809864,4.104274257,0.220486967,1.2569375634,1.9169740662,2.4597569116,3.0048602624,3.41583927,3.9495732924,4.4247577865,4.9529208158,5.5021494072,6.208036432,0.031938564,0.6819807005,1.350864329,2.186897267,3.104644719,3.8319146375,4.662731452,5.3675516275,6.222083896,7.094275825,8.320719048,0.031938564,0.7394802653,1.4781018414,2.3019199828,3.1774163696,4.242994468,5.2834713622,6.3240002083,7.4296892458,8.725356096,10.50198905,0.012181145,0.8702005822,1.7126392804,2.6457960878,3.6506547142,4.685663349,5.7104233888,6.8776038324,8.2878317214,10.014882717,12.60940352
0.177951846,0.511409753,0.7326660358,0.8685625319,1.1353945974,1.19574877,1.2829317562,1.49559767,1.679717082,1.7428207118,1.894818282,0.006655913,0.188990492,0.4339570622,0.6368537732,0.9668615994,1.340067898,1.7135090756,2.1084815582,2.5630498608,3.1757942278,3.977020058,0.006655913,0.2153919094,0.4614352104,0.7921623609,1.0772582484,1.458485898,1.8783701378,2.3568882129,3.264066965,4.2971104805,5.84423668,0.006655913,0.3030113243,0.6362973452,0.9997197011,1.4058892374,1.8713509805,2.38170108,3.0453326975,3.7940677206,5.1544505529,7.849938838,0.000732431,0.388521947,0.7801149022,1.2726691596,1.7642004734,2.35669486,3.0477528488,3.780955352,4.7180056222,6.1306364666,9.830875674
8.47464987,8.4787071313,8.4902103856,8.9266259778,8.9778560098,8.9884277055,9.3784185892,9.4771153021,9.4867648822,9.8300338039,9.976468425,5.974666218,6.9754104134,7.5220552734,8.09292349,8.642374147,9.163695108,9.6574064954,10.153550424,10.666090768,11.475720738,12.01890086,3.974679296,5.52195103,6.620311857,7.649600209,8.562321098,9.4755600555,10.21353253,11.067069075,11.98108596,12.99693548,14.48699141,1.474695644,4.376257698,5.950863165,7.092070611,8.182681614,9.2867781685,10.47463679,11.59681055,12.98056703,14.4834572,16.54393994,0.02023675,3.2034272754,4.7941245544,6.1920210402,7.5627803086,8.98721027,10.475419,11.9934443,13.699195094,15.676823846,18.62869944
12.55837608,12.795743814,12.977050142,13.113819362,13.228916274,13.4331793,13.6435939,13.753484532,13.997776182,14.106770346,14.31018117,10.32429124,11.28622658,11.89050619,12.457334932,12.95514185,13.48675858,13.926577362,14.47745913,15.016245072,15.663960668,16.54566451,8.090206392,9.915438045,11.00986799,11.94681349,12.80875729,13.61423509,14.32635812,15.15154287,15.97476424,17.02654577,18.78128704,6.051283959,8.5478967246,10.076707346,11.209645096,12.219499088,13.19251381,14.154362494,15.279688744,16.530716382,18.090639974,20.82583135,3.817199114,7.2264526758,9.0425029078,10.20050279,11.38812703,12.5960475,13.870818554,15.257358634,16.83468165,18.803475936,22.67813126
2.27014368,2.5128391961,2.7269496262,2.8841947812,3.1383706958,3.3062028315,3.3763051392,3.573736679,3.7594933528,3.8341778596,4.012824863,0.209381208,1.2963149192,1.9251278214,2.4705743406,2.9684509126,3.44477995,3.957809066,4.4202481738,4.9869812436,5.5971419156,6.392202687,0.012181145,0.5919134851,1.218504886,1.9444639753,2.7229938566,3.471551168,4.2641785664,4.953349744,5.6389408364,6.3936695545,7.714028706,0.008505008,0.6504616408,1.3505640278,2.0256669666,2.7447167574,3.411160141,4.1777201784,4.958705743,5.8813139372,7.002498782,9.565483075,0.003922046,0.6386998008,1.2474241314,1.843115146,2.5041693352,3.260143356,4.131247999,5.0786063816,6.2154475036,7.7585497378,11.19755507
14.82868427,14.937190091,15.095207182,15.208229604,15.325925696,15.474779455,15.592143046,15.830109576,15.880836128,16.141908491,16.24316196,12.71639029,13.339439564,13.718699318,14.06106872,14.45983897,14.883630855,15.300165026,15.754831545,16.28465916,16.868717645,17.91487246,10.60769942,11.626786305,12.27406514,12.922839465,13.58658738,14.22680889,14.94872821,15.70897056,16.58914416,17.723096795,19.89913585,8.504316499,10.007064672,10.931429218,11.832558978,12.753261942,13.6754185,14.677994556,15.76941981,17.024481554,18.53612302,21.48408527,6.402065878,8.3798589985,9.5519417808,10.702054734,11.891181912,13.11207616,14.392139536,15.826544167,17.39956978,19.406817997,23.3978169
11.15438407,11.33816797,11.52195186,11.706044665,11.88951965,12.05981718,12.22847971,12.41252792,12.5960475,12.7806043,12.96405474,9.006192802,9.7864676,10.44785623,10.8897236,11.45586933,11.90464102,12.37709707,12.949531145,13.39041112,14.08224741,15.08337074,6.886609265,8.2321365602,9.1203138066,9.9429254944,10.792655942,11.59032251,12.394935434,13.296853794,14.15243596,15.30003725,17.23341802,4.738417994,6.5792419264,7.909210978,9.0725881088,10.201315974,11.42051086,12.55578449,13.704334839,15.0529399,16.543795994,19.35273401,2.618834457,5.0318849154,6.6951003242,8.2937868426,9.752771476,11.20610509,12.698855284,14.28092707,15.868242072,17.845763118,21.39080876
5.836727021,6.09413856,6.30194704,6.5600230605,6.72003778,6.862191465,7.08390881,7.204561849,7.414919452,7.66821529,7.882143405,3.610317757,4.698754303,5.334487539,5.849429844,6.44155923,6.891882991,7.414919452,7.916699992,8.495066672,9.079922343,9.934233085,1.572765694,3.4102872844,4.4849972254,5.4482181986,6.2832367938,7.103253408,7.8759591168,8.6921100392,9.6119453682,10.576624348,12.15409293,0.017854437,2.1282379964,3.6362865808,4.8159244672,5.9367606524,6.99383703,8.159099371,9.3026698646,10.602737406,12.119222132,14.37897642,0.017854437,1.257941367,2.592796155,3.9931511195,5.447218617,6.825422479,8.255215941,9.82124522150001,11.50972528,13.44842133,16.49658339
1.761655152,1.9253976402,2.1304354586,2.1589243831,2.472848625,2.520408114,2.7623647622,2.8493277051,2.9882803844,3.2229842495,3.550740692,0.00541939,0.52421018,1.143880463,1.7305665005,2.160508466,2.7279130335,3.195527372,3.6542563175,4.229199886,4.872997745,5.664073802,0.00541939,0.4858404585,1.040933868,1.4989084545,2.109087191,2.729082534,3.567370667,4.347234816,5.283104447,6.208505488,7.764187216,0.00541939,0.6624118492,1.2891870954,1.9253036926,2.6330186606,3.29534923,4.1661168494,5.1815184996,6.3972086834,7.7618097948,9.680000312,0.00541939,0.766654284,1.5429354492,2.3082818886,3.1412135022,3.982494412,4.9290231944,6.0062383804,7.4302223944,9.2094028944,11.89009304
5.080459952,5.0970412904,5.3932857962,5.5890724562,5.610102298,5.846062708,6.0878318284,6.1075806659,6.298484473,6.5866515629,6.605173917,2.581034819,3.7095486281,4.2001742352,4.7222800289,5.2069432378,5.6888770935,6.1684347568,6.6659017752,7.2622124812,8.0661683171,9.087890521,0.585042432,2.0894224896,3.0740806802,3.9390004244,4.6828509456,5.593239946,6.5393636774,7.2121889628,8.1674631626,9.303872344,11.13393094,0.012055451,0.7772010795,1.9452923502,3.1527676822,4.4383272006,5.5916376275,6.6627893274,8.0478189397,9.197998982,10.675250215,13.1721254,0.012055451,0.8603116008,1.8209289314,2.7772642185,4.1080548014,5.5880278265,7.073820169,8.5388751436,10.091521658,11.994895391,15.61844315
11.38233426,11.73097304,11.944194074,12.086865891,12.184768268,12.4438527,12.491818516,12.780311903,12.80889184,13.043741367,13.16553123,9.263652611,10.207136615,10.76464785,11.378100435,11.84596779,12.42088665,12.80171316,13.37922602,13.86627599,14.55074753,15.28421289,7.144970959,8.7932877896,9.8397225658,10.686609955,11.588765758,12.40959132,13.172643532,14.064138777,14.917364602,15.96401363,17.40289454,5.026289306,7.3804359684,8.7933663452,10.093760589,11.254319066,12.40959132,13.501670832,14.600132402,15.837740502,17.252552345,19.52157619,2.957015469,5.9660337139,7.814836367,9.4636983369,10.952374078,12.25082027,13.51495725,14.919146488,16.534611648,18.364614688,21.62964301
7.204375134,7.2955387133,7.5136780718,7.5679468159,7.841879376,7.9177371525,7.9425589962,8.2709633305,8.2918604706,8.5283256158,8.811815828,5.083119058,5.734105297,6.156611713,6.629397043,7.086988451,7.562479168,8.045157462,8.5749166555,9.085488214,9.7950265175,10.83871706,2.907029415,3.943429255,4.783141119,5.593778137,6.406020454,7.1899565465,7.967454278,8.8318839985,9.750872239,10.85765265,12.89674267,0.775576593,2.4195901825,3.5913261058,4.718430116,5.8436803842,6.975598097,8.0895939226,9.3209874084,10.58216243,12.111359627,14.75759652,0.002384433,1.0533549409,2.5020552936,4.0012316085,5.4855427216,6.934739351,8.386114777,9.9751885702,11.560561452,13.489453747,16.91172596
3.545278133,3.6786985142,3.7573511984,3.8956458668,4.0189832918,4.0913115155,4.241111068,4.3122549689,4.5218168204,4.715169364,4.824504921,1.113444946,1.9238830186,2.246093162,2.6008162568,2.9052946946,3.282473274,3.6112739712,4.0246846652,4.4632771304,5.048782993,6.084214051,0.008505008,0.4219320369,0.8712234906,1.3724589377,1.9038874292,2.416894214,3.0152456954,3.6361925857,4.3341316018,5.1802697988,6.82846883,0.006655913,0.276945222,0.5763671896,0.9267762322,1.2810994414,1.683757949,2.3087405806,3.1751967952,4.1538968218,5.2980149078,7.67909081,0.000732431,0.3499783525,0.678850315,1.062813995,1.484532374,1.9554947205,2.479017014,3.1414175115,4.069025448,5.5572706285,8.765528444
16.17908568,16.521056195,16.622578628,16.815551893,16.84368442,16.986160765,17.14654247,17.215376112,17.368253682,17.53171951,17.91487246,14.06512996,14.734830083,15.144205186,15.549803219,15.929191368,16.3540438,16.78513029,17.227006056,17.790070544,18.437847316,19.45732282,11.95117424,13.048589925,13.74223905,14.37165895,15.04453412,15.73383092,16.54566451,17.334920885,18.14457786,19.23814982,21.27359492,9.837218515,11.441438748,12.409108576,13.326952358,14.26764863,15.23838389,16.284307422,17.378198642,18.577505978,20.13542129,23.14424836,7.723262794,9.7785287402,11.004201302,12.204703059,13.36820366,14.60231133,15.889810454,17.287809695,18.867964636,20.824298558,24.00309822
0.012451414,0.0441432458,0.1197660246,0.2597666232,0.3017323392,0.327792769,0.3460097048,0.369391076,0.574952843,0.7106363914,0.800038149,0.012451414,0.1676547516,0.3465350746,0.5057350682,0.67787289,0.8784942,1.0772582484,1.3282788596,1.5685247514,2.0163709506,2.873083361,0.006655913,0.2443111074,0.463819494,0.7221992904,1.0518565344,1.362231546,1.7033912746,2.0550809992,2.5379635224,3.1168997286,4.855243105,0.006655913,0.3104212472,0.6477356128,1.0166235532,1.426255131,1.894818282,2.375008088,2.9018462634,3.5790260278,4.4256612178,6.753505312,0.00541939,0.39612932,0.794787573,1.2697370118,1.7610169648,2.337848569,2.9267357808,3.6615743316,4.4736032972,5.5614827522,8.758523723
5.346782422,5.631270832,5.8391751376,5.9805556492,6.0531474636,6.241047923,6.2803397534,6.4381447662,6.5053630704,6.641955066,6.82846883,3.112480786,4.017559688,4.415730586,4.70821668,4.969417741,5.284236549,5.591122388,5.850293756,6.241047923,6.679286629,7.506726538,1.155261334,2.3780823402,2.9434549968,3.4752315684,3.9337250074,4.438705264,4.8813164076,5.4756349976,6.1226644574,6.8309691308,8.765528444,0.008505008,0.6914124053,1.524134943,2.2329744029,2.9161287224,3.658246388,4.4159305752,5.191309921,6.1455869948,7.2695203377,10.18919479,0.0072537,0.4623716586,0.9859420562,1.5245352468,2.1352649764,3.00181262,4.006007363,5.0786063816,6.2524350518,7.8581604646,11.55339057
4.703127995,5.0165386183,5.198944595,5.3795758745,5.5342372742,5.6069146625,5.7193360388,5.8312828156,6.0184180102,6.1939977614,6.464391315,2.639238921,3.5023019343,3.8621538902,4.1768922661,4.450037036,4.746358341,5.0601891964,5.3977653208,5.7916084074,6.2439984244,6.958075021,0.601449454,1.895087549,2.397642399,2.855569366,3.343943855,3.8332365215,4.340812474,4.9186580915,5.591122388,6.326623283,8.147993781,0.008505008,0.4535312625,0.9538708152,1.5242890395,2.2279323744,2.958150131,3.7530072842,4.6028551348,5.5489584184,6.6688250756,9.19517298,0.006655913,0.4103611704,0.7990578306,1.2764696271,1.809935147,2.4399105465,3.228289272,4.2892930486,5.5467759024,7.0300367608,10.76472406
0.192562879,0.2458089609,0.4988763846,0.6866840988,0.7402204698,0.9596352435,1.1808053196,1.2345802569,1.4370401618,1.7164459214,1.768610061,0.00541939,0.2661644742,0.5541669274,0.7631285316,1.0645813154,1.302256597,1.671313254,2.0287104056,2.5553497416,3.1488280502,4.220267528,0.00541939,0.3638879975,0.763303358,1.1885246175,1.605586792,2.0353107975,2.44779607,2.9457688825,3.559765157,4.323989505,6.17184078,0.00541939,0.4257757327,0.8503670638,1.3411803223,1.9059694864,2.4934366415,3.1412135022,3.7796110311,4.5929324392,5.5593839686,8.12478546,0.00541939,0.479090163,1.048045822,1.6588177115,2.263531259,3.04700433,3.810049763,4.6829010255,5.664073802,6.861653829,9.887889663
2.639199457,2.8273773748,3.1301404734,3.1885166466,3.37517684,3.627436603,3.6777972652,3.8252178091,4.1249603976,4.169152083,4.275991631,0.598529083,1.4630085522,2.0919109248,2.5929242712,3.0942170564,3.595355601,4.1036903006,4.6107541722,5.1187451382,5.6723539302,6.729153726,0.012055451,0.5944229606,1.1553678134,2.0693675658,2.7687216194,3.626172,4.419693548,5.1921420958,6.1180733444,7.129381471,8.710794915,0.007175251,0.6542673166,1.3109952474,2.0571057412,2.783147655,3.7383424935,4.9257016608,6.1082496297,7.2271343172,8.645498054,11.13110147,0.007175251,0.7526913852,1.5495596444,2.3777181758,3.2059675678,4.171997267,5.4201585452,6.892778018,8.5162607668,10.213312006,13.1721254
0.285909832,0.38929571,0.6027515472,0.795887916,0.9038680836,1.032662404,1.2191907066,1.3863162678,1.5637156188,1.7828275516,1.936223385,0.021510134,0.2385943344,0.5106339956,0.7522192035,1.0654492102,1.313091173,1.6840548356,2.0831262046,2.6278529038,3.2577825896,4.197879021,0.00541939,0.4054939245,0.831660715,1.254388991,1.699477849,2.1205850445,2.570170434,3.0799618525,3.655845547,4.529269035,6.381095071,0.00541939,0.6017432386,1.1659244454,1.7249082138,2.297552152,2.903605027,3.5520743454,4.2470655682,4.9849432204,5.9436975396,8.435059498,0.00541939,0.7345280046,1.4511635842,2.1955587026,2.984748685,3.762468838,4.6299543026,5.520133754,6.487543249,7.5984160612,10.60755418
4.893443681,5.0861235892,5.2956220396,5.4620572708,5.6615943844,5.821804438,5.8891461242,6.037120979,6.2507371136,6.4486935032,6.512360285,2.833246437,3.601145595,4.07085031,4.448659304,5.000310864,5.445084518,5.862709941,6.469821054,6.919980556,7.563984871,8.811815828,0.682423694,1.8959154078,2.660189301,3.4399526742,4.17053327,5.001072133,5.7965202356,6.607746069,7.5627803086,8.6493185078,10.59271871,0.002384433,0.6540651758,1.4394242748,2.4982800607,3.5775758086,4.641726385,5.8234833828,6.9793482188,8.271365957,9.7516661724,12.4108126,0.002384433,0.7142534496,1.4487287608,2.2101457209,3.2240393702,4.603825196,6.094262058,7.5683112635,9.1613287384,11.110356918,14.71798794
15.85472728,16.045928453,16.159565946,16.317125826,16.486473172,16.57257972,16.77815462,16.975134066,17.152750448,17.365740463,17.5915295,13.48819471,14.353837014,14.832894796,15.425604548,15.868242072,16.44485775,16.870979296,17.435992226,17.940665966,18.635839972,19.6463016,11.26737181,12.791472906,13.676100316,14.600687022,15.425604548,16.18015209,17.021385482,17.91376001,18.822086072,19.913261432,21.84063498,9.054056464,11.204786164,12.557915742,13.710613688,14.886362044,15.87162077,16.900124008,18.080384996,19.252106354,20.741635336,23.80831169,6.928017738,9.699567081,11.40924572,12.92371625,14.10387242,15.38062164,16.58914416,17.893878655,19.28163632,20.98413448,24.00309822
17.49096029,17.620914925,17.845881992,17.91005083,18.143786124,18.170390605,18.233872638,18.525130913,18.575764062,18.769767329,18.90075691,15.32113547,16.047983626,16.44532672,16.84368442,17.250236586,17.70618658,18.119154344,18.568750056,19.159903094,19.855932572,20.93408086,13.20495388,14.347079385,15.03525728,15.71551766,16.36336743,17.077996905,17.81472074,18.587504135,19.50050627,20.572566265,22.67813126,11.0906321,12.728728578,13.668615402,14.602254966,15.578111488,16.54566451,17.568101142,18.65516061,19.861860924,21.399759768,23.96197975,8.976971413,11.06874084,12.33220917,13.502607225,14.71611662,15.902615345,17.22129305,18.57825499,20.12216021,21.801328005,24.00309822
1.294705427,1.4257396102,1.6761239514,1.7586815406,1.9570475954,2.054138714,2.2401793936,2.3737392796,2.4480157096,2.6599604596,2.747729392,0.012588881,0.3361248257,0.6618850398,1.1004771368,1.5703614366,2.0868232415,2.5246759944,3.0626891128,3.5436202158,4.1393639878,4.969417741,0.012451414,0.4378028055,0.855862055,1.2922017955,1.711686006,2.120898129,2.620056066,3.213740398,4.013043147,4.879994855,6.669274439,0.006655913,0.3609806715,0.780349248,1.2673110795,1.773257912,2.363339732,2.958423054,3.5837672245,4.290245311,5.288012242,7.506726538,0.003789209,0.4264269214,0.8516777498,1.3104180124,1.8216046154,2.393719309,3.1294017826,3.9393426754,4.8464767194,5.9552285296,8.765528444
3.009068806,3.24187343,3.5003258398,3.5992433984,3.8581223028,4.004074023,4.1094949388,4.4142658292,4.5152093914,4.6178413354,5.001072133,0.974698913,1.9290818368,2.5060342252,3.0700372876,3.5896011206,4.07270671,4.6178413354,5.143807026,5.6476096896,6.399039351,7.114025508,0.016629864,0.7871643688,1.7346406808,2.6832993906,3.5477564334,4.413955444,5.2071510252,5.9982134986,6.9598005774,7.9562380028,9.261846864,0.016629864,0.843407538,1.672604654,2.508666478,3.506216184,4.554170301,5.651107803,6.825422479,7.989575989,9.4796693905,11.56768691,0.002384433,0.726049729,1.474695644,2.356706906,3.315128017,4.420514131,5.771365099,7.234390502,8.897043344,10.83871706,13.69037676
0.725220697,0.847325432,1.069774224,1.1579779266,1.3805094462,1.502051474,1.7587659206,1.8462491126,2.0356770152,2.1905602804,2.519800828,0.00541939,0.2989058782,0.6274187808,0.8567333799,1.2179920094,1.539504115,2.004397282,2.4981994006,3.074979349,3.6788506829,4.389469363,0.00541939,0.372061611,0.771680673,1.2468492715,1.699477849,2.147507135,2.642409289,3.2093796505,4.000452646,5.0794134755,6.57535724,0.00541939,0.6031406742,1.1468479438,1.7279612264,2.291315711,2.89474665,3.5671637564,4.2274134144,5.094996039,6.3176647758,8.780205898,0.00541939,0.7194785362,1.423534998,2.1448991764,2.8659995604,3.6596978665,4.4797670038,5.3383570431,6.3187024968,7.5576896366,10.89279818
7.216342697,7.3119913008,7.562044398,7.7109959464,7.7947815646,8.008045608,8.1991954354,8.2793950409,8.3805748984,8.6602049987,8.848762062,4.831193077,5.8639019752,6.4050916744,6.7778610254,7.1820213872,7.486761464,7.776013517,8.2319862354,8.7124941298,9.303920885,10.35334984,2.68940387,4.507039574,5.228904097,5.8156866015,6.315156958,6.8242468005,7.436553427,8.125584034,8.87182061,9.9413349055,11.86666408,0.692441341,3.133755953,4.100691582,4.860330339,5.568311462,6.299290381,7.129018788,8.070496792,9.178019629,10.58315925,13.59645844,0.044113094,1.7276923612,2.90377721,3.8825426068,4.8169806306,5.808489413,6.8267800182,8.074071718,9.508329448,11.362508048,15.20231123
4.142091071,4.3628076291,4.5067027782,4.6012144363,4.7994099874,4.913879431,5.0572365858,5.2752230156,5.4755495882,5.6597883883,5.906064973,1.89203276,2.772200899,3.287089603,3.6925939451,4.1233894358,4.5003998,5.0217310386,5.4521233798,6.0059206846,6.6124106461,7.753295253,0.071353637,1.221233543,1.916138444,2.6063719425,3.341328033,4.06204391,4.807179352,5.6509579385,6.541587003,7.638792046,9.662385579,0.02023675,0.5221179447,1.1224473336,1.8256211352,2.6621607726,3.7242069015,4.8159244672,5.9752386729,7.2193663064,8.6794950095,11.55397275,0.012400796,0.5261193752,1.1341467768,1.826417609,2.6069491454,3.610317757,4.880052382,6.4168485474,8.0013225814,9.9584772706,13.39724384
15.25910071,15.343499452,15.607839216,15.619146468,15.880762128,15.96595606,16.049448782,16.314576574,16.325394298,16.60471289,16.68892131,13.11962491,13.851709725,14.542387522,14.945829434,15.578161452,15.97460802,16.51211836,17.021313725,17.508668074,18.085905193,18.80594097,11.00086593,12.419383704,13.404716842,14.300732642,15.155006064,15.96595606,16.804169984,17.624220982,18.487869852,19.499597522,20.92359784,8.882133857,10.993081518,12.43053972,13.73083107,14.867598828,15.90950335,16.984167738,18.085660244,19.293007666,20.803857304,23.04192868,6.764473245,9.5896216879,11.496819004,13.023465441,14.29410208,15.53503304,16.830253102,18.187942333,19.740299192,21.617789136,24.02095392
16.52697935,16.870979296,17.018451536,17.221163756,17.257421764,17.57127171,17.663464434,17.921528798,17.957959328,18.216173848,18.30844165,14.37693207,15.092590124,15.711968546,16.179249419,16.663384112,17.169907245,17.607602526,18.231254919,18.70223036,19.356508914,20.42775765,12.22847971,13.524488005,14.40766336,15.291470535,16.12868673,16.90126393,17.76019094,18.61052329,19.51957773,20.62265927,22.50123472,10.10889617,11.886284336,13.24094545,14.407542022,15.601566944,16.69254815,17.68944122,18.70465821,19.890668446,21.266824898,23.92838177,7.950848341,10.290244248,12.006796082,13.635442418,14.842366264,15.9904401,17.101720762,18.265504668,19.65207564,21.276926424,24.00309822
2.649688349,2.8027683028,2.9749643706,3.0882131907,3.3302228364,3.3873855785,3.5690620614,3.7238669736,3.8684021614,4.0963667059,4.448659304,0.418572856,1.2843689364,1.9385700062,2.4389222232,2.9152928346,3.339257224,3.8246856198,4.3475273952,4.8003462368,5.4487526576,6.219053501,0.007175251,0.6118062164,1.1035228426,1.718784014,2.43806117,3.140726971,3.9214846378,4.717454844,5.5557390112,6.5759188314,8.274586969,0.002384433,0.5086229304,1.0699295718,1.5971787295,2.2164536654,3.08661178,4.1086219056,5.1820140881,6.4924555788,7.9089262286,10.44511016,0.002384433,0.6592456346,1.3200920864,2.0352053066,2.7172334178,3.512409852,4.460812205,5.8154833874,7.4804734758,9.3060076984,12.48950088
0.800790749,0.9695317806,1.1925050586,1.3492525554,1.481792935,1.572765694,1.8596203062,1.9455932278,2.1660363268,2.3448067136,2.5035775,0.017854437,0.3103210474,0.598861372,0.9807746284,1.4776451822,1.916138444,2.3666138584,2.8344549582,3.2980260434,3.9610566576,4.722381636,0.017854437,0.4552727977,0.8953100786,1.3894694028,1.8543963008,2.374041621,2.9836474694,3.7263538504,4.6003380932,5.5564014955,6.952256922,0.017854437,0.591553122,1.2032083938,1.8503259428,2.48618639,3.144398214,3.8492250874,4.639462957,5.7234828846,7.0759440112,9.105060711,0.017528352,0.6800657571,1.396051736,2.0985280806,2.8645295056,3.689880486,4.56830753,5.5424157742,6.7533711298,8.461986906,11.3409384
15.61404956,15.798276794,15.978182978,16.156736873,16.337314734,16.500837695,16.5944416,16.735553949,16.921040734,17.098230583,17.41653041,13.53158876,14.343627866,14.79021385,15.423356078,15.832409446,16.43734022,16.864208676,17.382692303,17.920277618,18.512105764,19.35812673,11.31339995,12.772990205,13.67627077,14.627073895,15.42215888,16.184638875,17.01794529,17.85766839,18.70028808,19.806911175,21.4355638,9.234026289,11.209714405,12.55607439,13.71803258,14.7868319,15.81178492,16.83535533,17.931438075,19.18113405,20.60556827,23.51973734,7.15758606,9.7124338438,11.45572517,12.801582767,14.045760362,15.294290885,16.492911296,17.772532158,19.174314738,20.833686638,23.96197975
0.017854437,0.0398921418,0.1093337242,0.3184502452,0.4502156496,0.481754834,0.5089321872,0.5232623724,0.765402530400001,0.9497196756,1.008412012,0.017854437,0.2925418452,0.5132394088,0.791282996,1.0058450704,1.325692105,1.506600186,1.883317215,2.1871777594,2.5144914878,3.068548335,0.017854437,0.401081243,0.829396165,1.217181216,1.603756305,2.04141653,2.517787712,3.012439068,3.557408959,4.22358931,5.237041415,0.017854437,0.5432181826,1.1358136288,1.7068378004,2.3101889126,2.951655736,3.5802346496,4.2583960626,5.0282896662,5.9449068212,7.492903372,0.00541939,0.735210897,1.455176795,2.178842998,2.96607695,3.730802536,4.552085851,5.446941072,6.423631657,7.562596021,9.588631404
12.53823898,12.895177965,12.966407642,13.25004916,13.26129283,13.431807035,13.6029681,13.625758226,13.888997232,13.966507285,14.3106399,10.41694713,11.5126893,12.189068386,12.647721022,13.247800274,13.63523276,14.084086892,14.599075654,15.07097924,15.723197484,16.45782337,8.295669858,10.090779368,11.185908412,12.006369869,12.704205188,13.402985965,14.098246366,14.899089877,15.752564684,16.792001823,18.55272013,6.208036432,8.8108406176,10.177096738,11.149833434,12.014220208,13.0017203,14.022177612,15.0932006,16.292150628,17.75476982,20.36140804,4.416189364,7.5772586727,8.960938895,10.103083167,11.224015958,12.472157405,13.702456616,15.052114305,16.550849982,18.478433471,22.2157636
1.914095402,2.2779251502,2.369502398,2.4359374207,2.606873155,2.765259013,2.960296681,3.0516943411,3.2864203928,3.4776981909,3.761480164,0.044557355,0.5826617166,1.074367202,1.6542410936,2.143540163,2.592006637,3.0503783512,3.6398516201,4.1486920518,4.8056120976,5.798975511,0.030708915,0.3938381356,0.856043346,1.3455722528,1.8573698004,2.3809072555,3.1582853898,3.9618426329,4.7776323044,5.810300964,7.753295253,0.017528352,0.423050444,0.921851474,1.452991679,2.031135087,2.678278624,3.370374722,4.190279358,5.458895257,6.932972146,9.662385579,0.012400796,0.499332399,1.021429884,1.592112473,2.268076583,3.03721566,3.974679296,4.996736157,6.185262925,8.09079116,11.55397275
14.40686169,14.59072896,14.76706371,14.951097045,15.12575296,15.30221888,15.47385043,15.657840265,15.83231754,16.008798605,16.18066511,12.28560274,13.21430272,13.78557239,14.413051605,14.86501902,15.430452075,15.86369623,16.3300169,16.92131606,17.592330805,18.3324491,10.16436941,11.933775911,12.953352674,13.840628153,14.763185862,15.520249225,16.269020484,17.041880154,17.969295622,18.978097653,20.44994668,8.061629873,10.529508915,11.99049907,13.273607828,14.287471862,15.280116475,16.330063226,17.471032586,18.723661286,20.175257579,22.56816227,5.942445466,9.2152740215,11.147489266,12.455388399,13.717818324,14.98885509,16.314390282,17.705070156,19.291209872,21.1864031,24.02095392
2.138017774,2.4192036352,2.6032982724,2.7496988142,2.9046344742,2.974170546,3.1009696846,3.2924102214,3.4381149234,3.701920273,3.791494729,0.095277709,1.0225549612,1.4231994558,1.8721890322,2.305441373,2.647527663,3.067957768,3.549480898,4.0921596086,4.7185495026,5.669704212,0.02023675,0.3347984902,0.6490650512,1.061735385,1.6673510398,2.380551541,3.0861566832,3.9592986574,4.7776323044,5.7934534286,7.753295253,0.016629864,0.3965313982,0.8091136282,1.264652188,1.8381100646,2.378628852,3.1518794562,4.3249326204,5.4956153682,6.9761611478,9.569936361,0.012400796,0.4952809757,1.0194548616,1.5772684159,2.225295808,2.939504072,3.7196630684,4.7598795545,6.3627926636,8.1834406827,11.55397275
3.61143593,3.9414209532,4.097222068,4.285688929,4.3744883066,4.630094131,4.7520260988,4.9746092056,5.0626833334,5.2853396886,5.40670895,1.744364969,2.4621970216,3.0834629988,3.582439598,4.0606799164,4.479654347,4.9602082538,5.4944911862,6.0698036174,6.6619566842,7.590998687,0.00541939,0.8385937554,1.7592481394,2.6192095314,3.4599233054,4.205136496,5.0418635636,5.801609178,6.6794196164,7.7731208442,9.612322534,0.00541939,0.6649909485,1.290726541,1.935978338,2.742337087,3.7903469035,4.859414172,6.0350852515,7.20198197,8.687878108,11.33086205,0.00541939,0.6814518414,1.3445486938,2.1206345245,2.8726731516,3.717518034,4.6501986586,6.0624550985,7.613015414,9.4757326777,13.17398194
1.949231262,2.1876629836,2.3418421016,2.4039355049,2.630520353,2.764958799,2.8630166914,3.0879635119,3.306072386,3.4686918135,3.731092822,0.074630854,0.6331650394,1.2906047352,1.8313094198,2.3536786532,2.871032314,3.3569650044,3.837745815,4.4073029006,5.0205866744,5.966459283,0.021510134,0.6031406742,1.115018874,1.71206161,2.3091396018,3.125560309,3.93538966,4.772548866,5.6835959796,6.6645182532,8.039141937,0.00541939,0.678261951,1.2902393178,1.9559681157,2.6924074136,3.498685801,4.3499627398,5.5425791698,6.7561571152,8.1941217156,10.27520647,0.00541939,0.7456754149,1.5164974292,2.299114518,3.1239855268,3.987473342,4.9534728474,6.0511345446,7.5588005834,9.3938775448,12.51127223
1.167233607,1.39731447,1.6154977254,1.7769809999,2.0150047136,2.093979203,2.2405082692,2.4679098007,2.6797498882,2.855224645,3.227576744,0.021510134,0.3645501716,0.7930248894,1.2906656381,1.7961351942,2.2856921455,2.8239458272,3.3499057821,3.9212725822,4.5564269498,5.425808548,0.017854437,0.4946399264,0.9965635396,1.4960148906,2.0117017182,2.613409592,3.289375283,4.0999445398,5.0681708604,6.0578220602,7.482923869,0.00541939,0.6170856812,1.2696374958,1.9236659595,2.5660296734,3.278228201,4.035584224,4.9436912305,6.1844782302,7.6042820465,9.796361494,0.00541939,0.7350851256,1.4816092866,2.2312883293,3.0629261226,3.9400874515,4.840273649,5.8805061052,7.1363532862,8.9261583195,11.95964445
8.55045632,8.7719657066,8.8704057116,9.0562838858,9.2764424892,9.344948877,9.5017383294,9.6274036304,9.848915506,10.0678624876,10.29120541,6.336188579,7.2791370338,7.775867157,8.2168616482,8.546639873,8.87182061,9.2926415168,9.7313962004,10.255578894,10.82172814,11.86666408,4.281052071,5.8461130052,6.57468158,7.147685098,7.6924718038,8.270662123,8.9579122638,9.648717846,10.507054144,11.50047882,13.59645844,2.37993437,4.2480935692,5.2249856118,6.058347637,6.8115403792,7.615957968,8.5434537732,9.5976893038,10.750768952,12.16733167,15.20231123,0.325213968,2.713306975,4.0714139798,5.1256543458,6.0682776398,7.098987961,8.2696561462,9.609309007,11.077847668,12.945229962,16.51424242
0.04396061,0.2147151708,0.3108389304,0.4660599538,0.6058482656,0.771739312,0.9603207362,1.1143199512,1.2823563592,1.5231912144,1.744268808,0.016629864,0.2987076177,0.5327210678,0.8007313698,1.047305343,1.3940913925,1.696894878,2.0196171721,2.4755926266,2.9994003985,3.805717638,0.002384433,0.4345299142,0.7980179696,1.2162647112,1.6410840078,2.064961581,2.56249367,3.0588072286,3.717862321,4.5754877326,6.126609606,0.002384433,0.505634088,1.018395238,1.5214132495,2.0809545,2.6771096765,3.341125992,4.073572697,5.001072133,6.229687474,8.287726054,0.002384433,0.5153327414,1.0802825202,1.718784014,2.421517623,3.205167781,4.0241745202,4.9877602122,6.116442624,7.5666261676,10.47472442
3.493703897,3.7039170605,3.9069371316,3.9775468431,4.1608816022,4.365214308,4.4495471338,4.6178397931,4.8280419994,5.029869692,5.23650572,1.439482318,2.3763210687,2.9566323052,3.4686526166,3.962211224,4.4374190385,4.9012802616,5.3891863024,5.88795161,6.457978252,7.290727298,0.003789209,0.9627460365,1.962985371,2.8649206215,3.655412408,4.4562091435,5.255835785,6.0826300565,6.810025716,7.68139596,9.19517298,0.003789209,0.776447771,1.561048761,2.397642399,3.505586635,4.591835195,5.346782422,6.179408303,7.129018788,8.391147335,11.07959415,0.003789209,0.8925541258,1.7483718876,2.5498674748,3.3035409274,4.069071276,4.9429135278,6.0550839823,7.2878861784,9.0271790836,12.76258786
17.21926472,17.56088308,17.76529038,17.917665759,18.044648728,18.225910055,18.298212238,18.580670965,18.658274384,18.876937234,19.01420693,15.38017758,16.174549378,16.793446444,17.275516906,17.84457728,18.24645084,18.689478264,19.2076868,19.651297818,20.318025382,21.12426837,13.26104119,14.76088269,15.75194435,16.45775274,17.13703213,17.81760337,18.51078567,19.21777849,20.03570004,21.082933865,23.00408505,11.14273594,13.371483036,14.406668384,15.308727472,16.131879422,17.082472065,17.99259852,19.005268166,20.141649942,21.504316362,23.96197975,9.025847062,11.83146258,12.951263416,14.031953526,15.109105256,16.231419775,17.469776392,18.620154561,19.96729223,21.551949242,24.00309822
4.539969751,4.725248259,4.8927788082,5.0987708574,5.2317720186,5.374866735,5.5768083706,5.7485119598,5.9272082972,6.0384610028,6.265967284,2.369138381,3.3580708718,3.813656662,4.2666602754,4.779461836,5.197412017,5.6477273914,6.180501842,6.6602340936,7.3146952512,8.38525803,0.250220681,1.7174663081,2.5682560808,3.3595329672,4.098259944,4.766412853,5.5408372406,6.2688540217,7.1695170566,8.2003860027,10.30377132,0.012451414,0.6155305378,1.2724276482,2.120878828,3.0876500674,4.075736734,5.0528170858,6.1182389562,7.3006724196,8.699192137,11.68983493,0.003789209,0.516226529,1.100698297,1.722704305,2.44779607,3.355146681,4.572626512,5.942344894,7.443405067,9.319508974,13.17398194
0.310310611,0.5147113013,0.6846281888,0.7712456108,0.9855930268,1.1031694865,1.3019116128,1.4275018,1.578342996,1.7281789661,2.064961581,0.002384433,0.290790873,0.563951796,0.814279045,1.112119042,1.38883744,1.752818982,2.200620572,2.635224005,3.228424023,4.123842868,0.002384433,0.3291500073,0.7263302932,1.1349899641,1.5647741542,1.955622351,2.42228955,2.8959988836,3.4710346758,4.2910667405,6.100466162,0.002384433,0.4470507248,0.9183314174,1.4014990196,1.9246339332,2.451359161,3.018017234,3.6799602952,4.463248091,5.4562781738,7.924006153,0.002384433,0.5961015691,1.1870440332,1.8293425054,2.4886864114,3.1865366595,3.9376623116,4.7430180078,5.727747022,6.9579254956,10.10683764
1.128055385,1.3346334102,1.5365074246,1.7466830857,1.9149868024,1.999405384,2.2036635152,2.3869292067,2.4575643846,2.6606394525,2.870793127,0.011647822,0.3730690813,0.7716876734,1.2719807388,1.7541011744,2.2309575915,2.6985750818,3.1864985956,3.65083445,4.1667084705,5.086681598,0.003789209,0.465694427,0.94263414,1.413294528,1.906335587,2.4328910455,3.1509867,3.913117949,4.746820294,5.7073967105,7.140927289,0.003789209,0.6272316602,1.2492460708,1.8728334412,2.5039564064,3.16358335,3.9061172054,4.6891866824,5.7030341908,6.7818237494,9.033529121,0.003789209,0.7721579451,1.5034237524,2.2352173094,2.9961818974,3.658493998,4.4125562468,5.1973591977,6.1356858204,7.4460562864,10.76472406
19.8463972,20.191223962,20.394416384,20.548612777,20.625833762,20.865229625,20.916041384,21.22225519,21.266445634,21.497533673,21.62964301,17.72763822,18.739273858,19.282633014,19.842394373,20.265939572,20.826551765,21.262919406,21.834547126,22.309132528,22.951948831,23.74815752,15.90329378,17.291934714,18.300462358,19.028926268,19.78510756,20.5022793,21.23447119,21.969853052,22.607955794,23.248557576,24.02095392,13.78557239,15.872527402,17.024481554,18.058069844,18.988174226,19.83047146,20.576702994,21.259405217,22.069715138,22.897466475,24.02095392,11.667851,14.335277051,15.704112026,16.86667631,17.921390068,18.792387955,19.617698688,20.451926752,21.39233357,22.431897654,24.02095392
13.80724729,13.915152362,14.008050722,14.171502236,14.219170496,14.38036857,14.541879506,14.735586286,14.83233394,15.103086788,15.20231123,11.60062679,12.305267606,12.646181948,13.002865325,13.41709725,13.848129815,14.219170496,14.68446409,15.180232424,15.779392302,16.8986696,9.506274699,10.5908667,11.21819991,11.8767117,12.571004,13.2593447,13.96734632,14.70647407,15.62099992,16.572037885,18.63236233,7.300939852,9.0146030358,9.9453820964,10.871441156,11.778465702,12.63764672,13.628916404,14.680435842,15.915289468,17.380305886,20.32660105,5.205616143,7.4497014016,8.688373173,9.7887590106,10.893929648,12.05086801,13.264726972,14.67445775,16.137252938,18.122228611,21.8281072
0.044557355,0.1090829768,0.178105537,0.2011704073,0.2760775224,0.369754734,0.4752387064,0.5714049486,0.680753375,0.7584993041,0.898905297,0.044557355,0.223599552,0.496448906,0.7449547345,0.984931208,1.20469819,1.494087888,1.798730572,2.135565235,2.5160645365,3.0618091,0.017854437,0.3464511682,0.7579381062,1.1801267392,1.5764136364,1.966351157,2.4037492552,2.9116209506,3.4190328378,4.0491581352,5.156351581,0.012400796,0.403196257,0.8458714196,1.3305259658,1.889952751,2.423038768,3.0218315694,3.6948513526,4.4589145492,5.4471366476,7.200084849,0.012400796,0.4715814852,0.9726630958,1.4943273838,2.1118209384,2.799052864,3.5754120964,4.4304906182,5.4482181986,6.6471987728,8.958523464
0.007175251,0.226144669,0.2431639506,0.2713327272,0.317014546,0.400225866,0.7162220114,0.7262367718,0.7969945582,1.0441765522,1.226049404,0.007175251,0.2340718378,0.3846863924,0.6907547298,0.8211473746,1.0885552775,1.3200920864,1.5780303282,1.7986468742,2.2278156227,3.206500759,0.002384433,0.310310611,0.682423694,1.024389991,1.345297705,1.726049078,2.105521375,2.559986644,3.033298306,3.561405775,5.134942556,0.002384433,0.4533630598,0.9766086682,1.4475409364,2.018118927,2.53265156,3.1050813264,3.6755490872,4.4101799208,5.2072361902,6.954444387,0.002384433,0.649380241,1.266802341,1.956956463,2.628166314,3.339257224,4.117818718,4.953034818,5.837468441,6.862373862,8.980929614
19.01420693,19.338791046,19.456420272,19.674335184,19.75186858,19.895777775,20.016549032,20.086550896,20.310795256,20.41473061,20.74031884,16.83535533,17.834158396,18.367258202,18.824947987,19.226825762,19.606936145,20.026124536,20.435394993,20.980134314,21.49262121,22.6078314,14.7219068,16.423473615,17.09972367,17.69555288,18.25883676,18.942635075,19.61986648,20.32669018,21.09836429,22.138514185,23.92838177,12.70653839,14.754046968,15.64029398,16.457724488,17.24673334,18.171687595,19.021949722,19.97329848,20.983329402,22.215402763,24.00309822,10.61892032,12.998946592,14.072361986,15.109491878,16.15719561,17.22129305,18.25324365,19.353871082,20.59605033,22.016948544,24.02095392
1.58188555,1.9424001093,2.1738099932,2.2938957101,2.4974147144,2.656046178,2.8333865176,2.9856164474,3.0496739756,3.267310758,3.384476271,0.044557355,0.5305382969,1.1955289934,1.8066606865,2.2489875988,2.6879432335,3.1556945556,3.6343289114,4.0893538704,4.7381689133,5.608434216,0.017854437,0.4815961016,0.9240146308,1.414107588,1.9202790236,2.580239108,3.3248326482,4.0835601318,4.9328636718,6.0400980128,7.839284984,0.017854437,0.5287840898,1.0642619538,1.6026385605,2.1702607068,2.761729309,3.3877220738,4.1608941594,5.3457757836,6.8342886596,9.781046797,0.012400796,0.5452519623,1.1401616714,1.7744188612,2.4650679378,3.2207054185,3.9840604278,4.8565087129,5.8418527274,7.5858655684,11.63649453
2.50728527,2.7336442434,2.9504826684,3.146275579,3.2474871586,3.445003765,3.5253873866,3.7445866082,3.8740494798,4.0284818978,4.250054151,0.453039579,1.2161497502,1.793104682,2.3314941746,2.75064262,3.286552446,3.743905214,4.2516084444,4.7872059172,5.4252728236,6.465984241,0.003789209,0.4870765488,0.962472864,1.5660907384,2.3534773664,3.148203906,3.8740494798,4.734751398,5.6125219062,6.642970774,8.368029443,0.003789209,0.6216548018,1.135402525,1.7624556163,2.3948789578,3.0813409235,3.998171384,5.1554121794,6.474851198,7.9016487553,10.42316595,0.003789209,0.6451029464,1.357428294,2.0585802464,2.834485302,3.624623875,4.4551405394,5.3956817914,6.9002965728,8.707602042,12.01048547
0.741214731,0.9839133698,1.1393582132,1.1963450839,1.429972258,1.605276407,1.6771498584,1.8759121095,2.0890662466,2.2718594706,2.50298556,0.044557355,0.2760775224,0.6102068232,0.9126730032,1.2771710952,1.685133933,2.1645584276,2.6080619468,3.13757255,3.6465378372,4.722068245,0.012400796,0.3100580071,0.6512894106,1.0414743832,1.4534287022,1.881987732,2.3170331928,2.8595897901,3.4932254378,4.4886674857,6.536859403,0.012400796,0.393956696,0.781216219,1.197525175,1.646336583,2.200547461,2.817812915,3.474861622,4.303256654,5.373007829,8.099953235,0.012400796,0.4535240833,0.9194583068,1.4239602332,1.9636580942,2.592006637,3.3116885638,4.0933112866,5.1009915012,6.4276082946,9.819862194
19.35651823,19.50989554,19.73822892,20.066819902,20.104161102,20.4184731,20.433165412,20.70656036,20.794087296,21.007619958,21.15594941,17.23523046,18.188252745,18.7269223,19.338720165,19.74212252,20.135896385,20.63148428,21.137891055,21.62855812,22.210325635,23.24978896,15.11395183,16.836098885,17.619021226,18.336579292,19.091131616,19.802295285,20.571264572,21.457807126,22.212510398,23.170877717,24.02095392,12.99268683,15.218126078,16.28002728,17.325599532,18.342182488,19.401737055,20.489996524,21.389972833,22.108563468,22.899025105,24.02095392,10.87144341,13.718446682,15.106333916,16.374888561,17.680124148,18.87326706,19.785984188,20.602444438,21.42692132,22.419745938,24.02095392
0.031061199,0.3418471685,0.5905314472,0.7064775264,0.969932589,1.0450753795,1.1406063708,1.3448466048,1.4763885164,1.6532921342,1.829504986,0.007175251,0.262157346,0.5995207484,0.77344225,1.17131758,1.514038297,1.8718117272,2.3621962064,2.7758431392,3.300546486,4.062189603,0.002384433,0.3844440212,0.7982094128,1.2232778744,1.6750399326,2.132197725,2.6516254748,3.276263457,4.1034619962,4.9797874118,6.295627442,0.002384433,0.524792112,1.0833605084,1.597304098,2.161923981,2.76709365,3.504185168,4.2797027316,5.2580272602,6.6086573816,8.406859421,0.002384433,0.6783890228,1.358249181,2.0845042538,2.797275159,3.601145595,4.4504055158,5.4039764754,6.543178955,8.1827592316,10.62111913
1.146447382,1.2601616438,1.4272637776,1.625494133,1.7198401688,1.8658898355,2.083774779,2.1896624838,2.4123537324,2.6375723045,2.782968395,0.044557355,0.2983454938,0.6403061534,0.9126730032,1.1984677648,1.596631574,2.0326390778,2.4813925278,2.9584752612,3.5842384438,4.722068245,0.012400796,0.297912311,0.61697919,0.9103783855,1.281323148,1.7301708515,2.210564328,2.7034927365,3.325957902,4.309689509,6.240016737,0.012400796,0.3541415183,0.7649391874,1.1622741188,1.5982011964,2.109672289,2.675733646,3.3253952751,4.1186367902,5.2287270945,7.980245576,0.012400796,0.4333513728,0.8962088832,1.4006139514,1.9147667604,2.501306591,3.1764031584,3.9573711194,4.9259213242,6.238649928,9.781046797
17.48142713,17.572822946,17.709403234,17.878392473,17.957711294,18.061408085,18.159478788,18.431226075,18.497966784,18.773745653,18.91678249,15.27615635,15.883293944,16.271201564,16.68179674,17.117367504,17.55718958,17.949490898,18.379588904,18.935054216,19.602656892,20.80270667,13.08037408,14.29466881,15.028080598,15.657354624,16.373806108,17.07680334,17.767486238,18.587096306,19.409340176,20.481346252,22.56816227,10.9009825,12.71775127,13.721565466,14.681428309,15.634097798,16.6503413,17.683816244,18.782105621,20.092275424,21.563113188,24.02095392,8.786910166,11.23127641,12.498958394,13.730258558,15.019024114,16.28189788,17.625178388,19.089858818,20.621462316,22.102447844,24.02095392
2.240886345,2.5082171506,2.5906377042,2.7942403632,2.9187821796,2.976553832,3.160431492,3.2825328068,3.5100033128,3.6250012468,3.800709457,0.044557355,0.9655408984,1.618418802,2.1702607068,2.659974792,2.995811678,3.3932926546,3.8418342942,4.3678694462,4.9234437574,5.844591195,0.030708915,0.5315972222,0.9839230488,1.448318093,1.9940021,2.61908488,3.3248326482,4.0742998264,4.905183003,5.905077589,7.839284984,0.012400796,0.3977835274,0.8381313138,1.309666352,1.890255469,2.5021460755,3.1863389834,4.0513538667,5.242043649,6.7516049605,9.781046797,0.012400796,0.4618847206,0.9568891574,1.496689841,2.1359150746,2.817812915,3.5631790732,4.4492905228,5.5951637458,7.4073769134,11.2170732
6.062140715,6.3209671074,6.511076316,6.6935415037,6.9382778674,7.074706428,7.1682119878,7.3824006298,7.527973793,7.6284630444,7.82740912,3.810049763,4.6889100671,5.3368990926,5.9600356631,6.488942738,7.016849457,7.532558269,8.0464641097,8.592878634,9.1857352099,10.06083488,1.593234456,3.3593180785,4.452106231,5.416258749,6.28238193,7.182327811,7.990549824,8.8871800215,9.772227628,10.78774086,12.22570597,0.021510134,2.0611132286,3.61176785,4.8684358092,6.0739651518,7.182327811,8.2662073458,9.3184659058,10.421593806,11.742001022,14.43881211,0.017854437,1.2905438323,2.5443961008,4.0762937993,5.4826179166,6.637469358,7.8293914016,9.0497927472,10.411793818,12.04251322,15.31541441
5.563640318,5.9854414868,6.1396443396,6.2988998484,6.4952549926,6.649255599,6.8211420504,7.004926283,7.1590471988,7.4076377814,7.624659904,3.502620732,4.4124369278,5.0656018118,5.6290810016,6.1586264882,6.70176562,7.1807919688,7.6389873416,8.2771587274,8.9041067036,9.796361494,1.331734431,2.9856129588,3.9887008602,4.8702713788,5.7394106344,6.539047837,7.3850125594,8.2478313336,9.0824390334,10.154203742,11.85581517,0.017854437,1.4391003123,2.8695016924,4.0975428041,5.2834957034,6.277815007,7.3072440252,8.4153571961,9.5941610148,11.03173796,13.66229861,0.017854437,0.988856902,2.08252972,3.336755305,4.588232798,5.8048443545,7.127813599,8.4194771535,9.887889663,11.66316473,15.19734932
7.098987961,7.2903588956,7.4155537572,7.5118084968,7.7011464104,7.88553406,7.924628995,8.1102147706,8.3033048602,8.4891154374,8.680097963,4.883635494,5.8236071441,6.3536498836,6.9328019686,7.4155537572,7.889925384,8.364267565,8.8385669138,9.3238102364,9.9479492456,10.89556147,2.981819048,4.4249915072,5.3856525,6.3036104918,7.1011916222,7.889925384,8.6785112862,9.4768691769,10.398230762,11.357781969,12.79928424,0.927112263,3.0066309416,4.3999641884,5.6525942076,6.7749667774,7.87752913,8.8441487514,9.8793542494,11.041400774,12.46466934,14.85338106,0.003789209,1.693555662,3.435145946,4.893862604,6.263193242,7.37955933,8.529043755,9.818077144,11.36893972,13.24266188,16.73832551
1.112119042,1.3316750557,1.5008786562,1.744326155,1.8900171344,1.987997069,2.1875435428,2.3721505942,2.4524842024,2.6312310999,2.877895733,0.002384433,0.3581103475,0.730403797,1.2018420965,1.716001262,2.1973970915,2.690180034,3.2096481905,3.746474227,4.3371921685,5.185660156,0.002384433,0.4533630598,0.9196897022,1.3930061338,1.911663923,2.425017946,2.976683262,3.7019956866,4.6253208838,5.638417645,7.414250642,0.002384433,0.4982336478,1.0267415282,1.5963553294,2.1975216078,2.806463172,3.5240552488,4.3486969222,5.4811809626,6.8732351618,9.524812883,0.002384433,0.642275306,1.264280307,1.9268809816,2.6128179266,3.383910918,4.1776468662,5.1512048458,6.2655450828,7.98083402,11.24461873
1.255907651,1.4645293913,1.668592321,1.740182512,1.9218967592,2.126631096,2.2115461104,2.3794630142,2.588631025,2.7917036662,2.997354541,0.003789209,0.322965092,0.641004637,1.1011930888,1.575674396,2.050156976,2.5267139144,3.0637710616,3.6286167076,4.230186667,5.052074943,0.003789209,0.4569698878,0.9119930666,1.2815588766,1.7582502062,2.235130386,2.8511205766,3.6435504128,4.5567533272,5.533470501,6.956687419,0.003789209,0.6037036875,1.127601475,1.7306001915,2.34769793,2.960142721,3.624623875,4.4016180125,5.405347175,6.9148525485,9.009985371,0.003789209,0.6915330226,1.4217364862,2.18380875,2.8810405362,3.678889482,4.530040897,5.3886244646,6.4780764896,8.1099748232,11.06337596
12.62094561,12.826443058,13.02939517,13.238864039,13.406481146,13.49139898,13.69616787,13.878099327,13.949386352,14.153443319,14.36251011,10.71478167,11.516687764,12.142789242,12.611141698,13.099342034,13.55584005,14.043822698,14.521029038,14.998212578,15.626851378,16.57774789,8.661065145,10.07642629,10.90723426,11.777092385,12.52863441,13.256269715,13.94633753,14.68787337,15.63075235,16.641570965,18.63236233,6.607348617,8.519470557,9.77978347,10.87784228,11.82317024,12.70264972,13.66224597,14.72081317,15.94362677,17.41248139,20.32660105,4.553632089,7.0439631416,8.6090090132,9.7708189446,10.879754296,12.01543692,13.262601682,14.662534372,16.145081258,18.02587635,21.8281072
0.003789209,0.1535335463,0.1630756318,0.2943279471,0.3146057442,0.395719115,0.4746685106,0.6332301227,0.6973600706,0.7924914457,0.94836439,0.003789209,0.216642563,0.4732602222,0.762494061200001,0.9577973716,1.2572945525,1.5437598556,1.7520546761,2.0659847676,2.4779448565,3.011559032,0.003789209,0.3900313058,0.7981332746,1.2482561692,1.601192665,2.057087161,2.519996306,2.9911953488,3.4851486636,4.108182019,5.065655855,0.003789209,0.5459240108,1.109225182,1.6920928911,2.2353042328,2.844638987,3.4698611874,4.1198059028,4.82770546,5.6841274128,6.970026815,0.003789209,0.6977218966,1.410065197,2.1289849762,2.8659100202,3.646618367,4.440974107,5.3002055594,6.197496606,7.2913365338,9.02451507
1.111482562,1.3104106579,1.5364641554,1.631912849,1.7621197146,1.9811269225,2.1215717528,2.2248698527,2.4388271042,2.6538274867,2.829080283,0.012400796,0.304679023,0.5352662942,0.77247045,1.117068593,1.501351804,1.8873116358,2.3170241251,2.8014131502,3.397215476,4.545354548,0.012400796,0.2811806565,0.5388884946,0.8130755689,1.1397871942,1.452983244,1.891871038,2.3939290824,3.1518826088,4.1117855672,6.240016737,0.012400796,0.3362932918,0.689137622,1.0384740042,1.4362158868,1.892898657,2.3840249876,2.9857190506,3.7322522848,4.905183003,7.528278857,0.012400796,0.4243051576,0.8728379308,1.3722135872,1.891871038,2.404570082,3.0291210352,3.7385779246,4.575316708,5.8004452494,9.372876282
0.791631968,0.8135920632,0.8740077884,1.011745241,1.1411661826,1.28841572,1.3372412498,1.4449353298,1.5506130778,1.8283304002,1.962033206,0.012400796,0.1560041994,0.3551738516,0.5130148805,0.7233826514,0.9469114465,1.2659714364,1.6930068012,2.1994348162,2.8589202112,3.913371495,0.012400796,0.2866149856,0.5154033196,0.7980606473,1.0975691644,1.438574174,1.8381100646,2.2629915017,2.788954785,3.6636713679,5.493057401,0.012400796,0.336001609,0.659112525,1.029433226,1.449513305,1.8928752765,2.364373552,2.882136485,3.519309002,4.501612124,7.135027783,0.012400796,0.403196257,0.8524841222,1.31336352,1.8464750734,2.372555676,2.9745039618,3.672520308,4.4247262502,5.4610664816,8.703595642
22.89201127,22.971630735,23.148814302,23.238532319,23.319653436,23.60306029,23.611588824,23.650448671,23.917583948,23.95586818,24.02095392,20.77071378,21.481965485,21.72611717,22.08449699,22.29430064,22.58345456,22.89201127,23.085618065,23.32776378,23.62874349,24.02095392,18.64942149,19.719372268,20.194232558,20.714258614,21.148423736,21.59199335,22.031551206,22.483795718,22.890243008,23.3310201,24.02095392,16.5281364,18.00532335,18.689067732,19.344204997,19.9986876,20.565205995,21.081901668,21.579771285,22.14924231,22.900429395,24.02095392,14.40686169,16.250471606,17.181740876,18.017997056,18.723224278,19.36634621,20.029124302,20.654266142,21.43340318,22.437973512,24.02095392
15.64590402,15.824962675,16.00834381,16.18622431,16.35840552,16.541711465,16.71500492,16.882355915,17.05998092,17.238850925,17.42170221,13.52484225,14.314839085,14.94485847,15.398908145,15.9313282,16.368217205,16.84393217,17.388421745,17.86600372,18.4948515,19.53375189,11.40387668,12.83732384,13.71623655,14.589647185,15.3680972,16.09895701,16.83471484,17.560406885,18.47891733,19.54243556,21.33416178,9.283073244,11.34074841,12.60869072,13.70977133,14.66453124,15.56506518,16.51579631,17.56907723,18.80953564,20.25760552,23.00408505,7.16257595,9.7779574324,11.470973818,12.621470642,13.803092514,15.011475775,16.21623694,17.567711394,19.10504776,20.909299142,24.00309822
17.14441028,17.320155174,17.62676111,17.689745135,17.82988489,18.12138024,18.181271174,18.290939702,18.616287584,18.673248999,18.75140045,15.10937516,16.069442826,16.588746538,17.099187918,17.60091734,18.07864889,18.569274372,18.977484346,19.534490688,20.07646329,20.80270667,13.0826462,14.67363874,15.61992766,16.303531825,17.07253708,17.712194355,18.56854644,19.265936925,20.12051067,21.141176375,22.66706266,11.08525444,13.39325653,14.488842596,15.490479734,16.51117524,17.50479304,18.570730236,19.639524424,20.78170164,22.073633282,24.02095392,9.089009857,11.964142217,13.3115162,14.594839571,15.901261718,17.21497138,18.57342237,19.658760625,20.708409778,22.069408886,24.02095392
9.108120371,9.3433720915,9.562095536,9.8015636045,9.985330309,10.12275947,10.27520647,10.459307795,10.67936383,10.91812963,11.13607176,6.872979277,7.8204163472,8.5184467368,9.1056835432,9.6089000512,10.08681097,10.55707093,10.996227276,11.518790836,12.07427343,13.17398194,4.848776053,6.4820715228,7.5928186838,8.3131842918,8.9404909284,9.612322534,10.276549442,11.015408776,11.847001132,12.818559112,14.60612442,2.613409592,5.09638186,6.312892935,7.247411418,8.112363664,9.02451507,9.954607871,10.87529412,11.86300566,13.14263558,15.31541441,0.378194888,3.6709017318,4.9498087548,6.0646851806,7.177781428,8.22782451,9.2885426848,10.331947706,11.60217057,13.169513892,15.68975598
21.0976661,21.152027315,21.57695265,21.612770925,21.67162539,21.9014357,22.09633222,22.148243385,22.22256418,22.610799885,22.66706266,19.07810076,19.80638368,20.2378258,20.705181935,21.12891521,21.591665915,22.09633222,22.57402139,23.05598057,23.39894658,24.02095392,17.06857764,18.223977745,19.07810076,19.7547297,20.57179774,21.10357784,21.56849706,22.07415344,22.56848351,23.144785705,24.02095392,15.0686289,16.676442115,17.773254206,18.719618687,19.444032492,20.078621985,20.681011166,21.268708076,22.076883326,22.892790585,24.02095392,13.06869585,15.15303488,16.560185894,17.49993253,18.297145278,19.09438933,19.849234192,20.582592082,21.42908194,22.425821796,24.02095392
2.194985258,2.38617308,2.5723712216,2.7648527912,2.9512624792,2.990011452,3.1742389018,3.366864383,3.554813381,3.7440377662,3.936767955,0.140271519,0.964309697,1.5645799354,2.1350796142,2.6669766086,3.142170085,3.6174829894,4.092710229,4.5781867508,5.1953783938,5.99125621,0.003789209,0.489602109,1.059124372,1.577338134,2.225915563,3.0637142575,3.807050753,4.7091698695,5.52892194,6.548361895,8.045878143,0.003789209,0.6332301227,1.2530211686,1.8910044302,2.5431347298,3.2885288675,4.1256769094,5.3346742808,6.5039709882,7.8934384432,10.10059188,0.003789209,0.765971145,1.5358164208,2.2595394537,3.0690766818,3.9251712165,4.8590159194,5.8713027916,7.4406148408,9.1796904022,12.00329322
17.91029864,18.262170714,18.41010061,18.615121942,18.64101755,18.95914704,18.969147242,19.116831082,19.322119264,19.347072388,19.67303862,15.78356558,16.61246262,17.216285654,17.799288784,18.272172576,18.82666047,19.282298014,19.755734582,20.338251092,20.981310222,21.80831174,13.66224597,15.229947094,16.339633812,17.19863342,17.999243744,18.78636524,19.540698826,20.271457848,21.071451164,22.090788858,23.80831169,11.54092636,13.890635175,15.29114767,16.42110086,17.37226201,18.267171645,19.30234101,20.34224629,21.44497888,22.653301945,24.02095392,9.419606747,12.460905525,14.04963569,15.41079442,16.52697935,17.697225215,18.932168,20.116698295,21.25369543,22.44404937,24.02095392
9.606846228,9.8447390575,9.932514314,10.161269295,10.39359907,10.47958693,10.56615567,10.796311975,11.02757023,11.113886755,11.35050626,7.55267658,8.421392937,8.985039005,9.4626616715,9.940247798,10.41733577,10.87784228,11.40036272,11.97471956,12.568662565,13.40422279,5.498960051,6.928308245,7.869359088,8.666614862,9.446449737,10.247699465,11.04777671,11.82994708,12.78139345,13.81113262,15.4579429,3.595542437,5.4500585114,6.653294747,7.8627983176,8.957040261,10.043983205,11.135066098,12.191546152,13.425611092,14.93947359,17.42170221,1.540847278,3.923361048,5.523604815,6.9466763955,8.367694959,9.656566613,10.90723426,12.29831621,13.87688677,15.723742005,19.4188296
7.106795345,7.3156769339,7.5198264798,7.5915280702,7.772828351,7.9776285345,8.063126734,8.2303507082,8.4398651838,8.6428512088,8.848242235,5.052074943,5.9934976274,6.5228574016,7.1026133168,7.5765272224,8.0505352315,8.5246373432,8.9954003481,9.4808776476,10.0949375467,10.90296264,2.997354541,4.5755513365,5.519727707,6.3165725865,7.131002063,7.9212312535,8.700837006,9.457579118,10.26903858,11.22183353,12.97107749,1.095582379,3.109134718,4.418150889,5.5588832145,6.61159808,7.526588701,8.419931661,9.4761122535,10.60562507,12.009017445,14.60612442,0.003789209,1.5985387147,3.1853233028,4.5584303422,5.6941208378,6.850042252,8.0678798652,9.365037693,10.818540522,12.649157631,15.52738704
2.200547461,2.4075287684,2.5936972528,2.7665073189,2.8715135376,3.0606268545,3.1709270362,3.3181328069,3.4056160348,3.6866541505,3.873638182,0.153612558,0.8220275965,1.157747061,1.50334248,1.89122415,2.2346690415,2.644594986,3.1386857665,3.601684202,4.1633284085,5.30137267,0.012400796,0.311926188,0.624391711,0.9917462915,1.405615159,1.9009654805,2.566254209,3.2862068715,4.043704307,5.0016753255,6.675488725,0.012400796,0.380584065,0.798774945,1.251200241,1.729934417,2.26942313,2.86452853,3.64576971,4.654857375,6.023308365,8.654511933,0.012400796,0.4318305136,0.9171068346,1.4082826234,1.93241419,2.571721322,3.2924745454,4.0603561764,5.1639024496,6.8257101636,10.34926207
10.06321988,10.270152042,10.524083782,10.675127646,10.755375234,10.7947265,11.068375944,11.141419272,11.225457624,11.485494846,11.74669908,7.893843723,8.647610851,8.9991337566,9.3921923298,9.7742405558,10.13167199,10.540914032,11.020414528,11.483314396,12.057361802,13.04968079,5.674184184,6.894393498,7.5601463674,8.2581272166,8.8426729944,9.466540674,10.254808098,10.959311256,11.843668416,12.853664938,14.86394478,3.392590778,5.176040482,6.149044897,7.006925985,7.923098494,8.86885901,9.830899581,10.89133224,12.00754942,13.276104005,15.31541441,1.331734431,3.5353287274,4.7484587482,5.8799896482,7.1406891314,8.324559062,9.539518834,10.669574884,11.857253268,13.326316946,15.68975598
0.028163198,0.1468470987,0.276789233,0.4855986353,0.6556451564,0.7383624645,0.9430340726,1.1501714802,1.2919855474,1.4034337952,1.608997037,0.011233306,0.2851274424,0.4968633748,0.7937564118,0.9937415864,1.288033167,1.6027545186,1.9174379964,2.3347491786,2.8770032978,3.824294628,0.003789209,0.3992423282,0.7876182402,1.2267839728,1.6139557046,2.06553404,2.534877822,3.0322239944,3.6142708244,4.2926899186,5.878011156,0.003789209,0.5680818832,1.1188550386,1.7110935832,2.2726842056,2.8600492115,3.489046526,4.1571577933,4.8995787218,5.8130831928,7.785184909,0.003789209,0.6983741496,1.4001578456,2.1159986018,2.8594485542,3.634688059,4.441764909,5.3301777644,6.2791546474,7.4002720131,9.838901437
15.98877298,16.222174244,16.330580676,16.51500156,16.668513,16.91034681,17.008493702,17.174599062,17.35046553,17.56911153,17.68871145,13.89877218,14.805418347,15.460557974,16.024158868,16.509960796,16.97357434,17.532259708,17.98230816,18.48522568,19.02954232,19.88628988,11.81993548,13.400659303,14.383742266,15.380205215,16.132725662,16.97357434,17.841679096,18.612442656,19.538326248,20.491849668,21.98703069,9.804803204,12.008370724,13.425982732,14.704447984,15.801490426,16.98731434,18.142406294,19.300675638,20.428952758,21.841757952,24.00309822,7.692150059,10.69691943,12.44829423,13.90150056,15.3730165,16.77580969,18.06432667,19.4188296,20.97117346,22.47442866,24.02095392
21.08677863,21.125284667,21.412755308,21.609998237,21.660273114,21.892806815,22.106484436,22.153380877,22.325847682,22.565744981,22.61066091,19.07208137,19.942712422,20.42375803,20.717272846,21.07042902,21.31516132,21.61295777,22.067038414,22.324544936,22.791370682,23.59454326,17.07253708,18.331288042,19.071372522,19.590546014,20.068605574,20.52895583,20.966944012,21.460312372,22.082040716,22.783058828,24.02095392,15.0686289,16.752661512,17.632004898,18.380359726,19.033348246,19.61055654,20.163876244,20.803857304,21.60949757,22.580156438,24.02095392,13.06869585,15.153263851,16.257626202,17.143488737,17.939230604,18.6739618,19.407453182,20.175564135,21.13194302,22.294633558,24.02095392
13.30914982,13.662947892,13.738513356,14.015727816,14.024928804,14.196082055,14.36329555,14.374032514,14.653297694,14.723269002,15.07645904,11.18707987,11.974374718,12.601750518,13.180286804,13.655106738,14.09514709,14.592376642,15.068147368,15.535714266,16.141309534,17.19777866,9.065760257,10.608238806,11.714946998,12.54517074,13.385143722,14.23185428,14.987993598,15.803705778,16.711160568,17.68591245,19.31909827,6.944440645,9.2869234296,10.703927172,11.87657405,12.959572896,14.04963569,15.291178494,16.413066664,17.654483874,19.067710564,21.44041788,4.823121034,7.8727647948,9.5959037358,11.122138953,12.558724076,13.98605695,15.37203264,16.776313149,18.253313936,20.051823812,23.25628537
5.802447099,5.993671037,6.1791293554,6.37244113,6.5578935048,6.59738693,6.7813420152,6.974514558,7.1618615562,7.3513360458,7.544536263,3.74800138,4.5882875398,5.1732040814,5.6493492318,6.1259867376,6.592767107,7.0696113652,7.5453502947,8.0296342314,8.6583702279,9.59909354,1.844731702,3.1169291626,3.9160701258,4.7206227148,5.4953124726,6.284208754,7.0913404826,7.8845695368,8.8258443758,9.887303336,11.51914939,0.040273214,1.544143517,2.701801422,3.844545896,4.898724011,5.996595323,7.16257595,8.334567437,9.606846228,11.05266073,13.55584005,0.001008594,0.8230578723,1.7075023468,2.9911915688,4.4337581508,5.8353539585,7.254433189,8.7121668084,10.385957062,12.245559919,15.62099992
7.987920242,8.117296812,8.3723156634,8.4992673588,8.626849038,8.915374712,9.0092495006,9.1353879058,9.3214210348,9.5181023302,9.643061513,5.939829636,6.840433066,7.3902564974,7.8949616788,8.378068047,8.825567931,9.3226708272,9.7930651018,10.31952461,10.860951186,11.63649453,3.957532583,5.4831726265,6.33427741,7.1359831875,7.796766038,8.382341526,9.180831273,9.8383063955,10.73723468,11.755471045,13.4429982,1.908752867,4.1415608578,5.134665329,6.032798202,6.894393498,7.837320528,8.8199857414,9.8675318914,11.120271824,12.448311832,15.19734932,0.026138848,2.6377254214,3.7468329072,4.8788911334,6.1510217834,7.281082915,8.6459365796,9.918265003,11.455967924,13.176381784,15.68975598
11.07900332,11.27217362,11.461388292,11.648830092,11.84213702,12.0250525,12.065432352,12.251125176,12.44429547,12.629826586,12.82108857,9.02451507,9.822211951,10.438126442,10.92651608,11.402533908,11.868668865,12.31934292,12.721487438,13.244579872,13.84083291,14.7237569,6.970026815,8.402460674,9.36383793,10.142290572,10.758306808,11.37656142,12.038254154,12.743721788,13.477920204,14.333879534,15.52738704,4.903389467,6.9824470415,8.106272164,8.9735693015,9.808908837,10.67882197,11.56947761,12.36562235,13.29042975,14.277003475,15.75963174,2.849512193,5.5232953184,6.7009309518,7.7827725598,8.8760152312,9.898401097,10.825898114,11.817538634,12.863934202,14.18035448,16.28205345
3.957532583,4.1119926789,4.3230571288,4.4459837791,4.5758065556,4.7473856905,4.9190106654,5.0465050676,5.2198487208,5.456075123,5.643033734,1.908752867,2.8073942652,3.3320065128,3.8378651542,4.321632733,4.803880081,5.3021238976,5.8020169368,6.3071559996,6.84499177,7.703250447,0.026138848,1.3779936278,2.3507618518,3.2827294616,4.0831990314,4.775745178,5.5353488676,6.2926335022,7.1532864712,8.1512739338,9.643061513,0.012400796,0.7264482854,1.6344061224,2.6597062146,3.591506892,4.494953503,5.5065472344,6.6631354134,7.794622045,9.2511600308,11.63649453,0.012400796,0.7244812216,1.4265412664,2.2409381251,3.1024555164,4.180882522,5.3994623348,6.7722214842,8.2976826754,10.171234313,13.4429982
0.026138848,0.3871215434,0.4250534542,0.4999479634,0.6901328158,0.813898408,0.8535999988,1.03297684,1.1125457566,1.3672022534,1.452974809,0.016089193,0.168647999,0.378012714,0.634872258,0.818344661,1.016268799,1.311532496,1.59146478,2.003371209,2.530378462,3.321614036,0.012400796,0.3224532524,0.7254595794,1.1146332918,1.4314282964,1.811703425,2.2632929636,2.7136504952,3.224677751,3.9687520526,5.341859571,0.012400796,0.5008751652,0.9923213032,1.4500014976,1.9892052618,2.561447385,3.1672728826,3.7676323482,4.4254524434,5.3334036342,7.394294864,0.012400796,0.46932951,1.0447452154,1.6366515362,2.2772035164,2.976553832,3.7676323482,4.656304621,5.5642051858,6.6854845486,9.372876282
2.243242081,2.4512945,2.563635985,2.7011697597,2.9115787856,3.115931352,3.1999784448,3.3679367063,3.579250295,3.7798328988,3.987355231,0.028163198,0.9776115032,1.5216732496,2.0795811004,2.5546960666,3.021971131,3.4969772344,3.9810033244,4.4662815926,5.0934725588,5.891180514,0.011233306,0.489978872,0.9776115032,1.5594337758,2.2188725236,3.021971131,3.802550764,4.6046519316,5.4502310126,6.4999499172,7.945875673,0.003789209,0.6187357314,1.240294017,1.8521667036,2.519996306,3.202514197,4.113729469,5.2377502166,6.4713503536,7.7858748906,10.00057083,0.003789209,0.7584259451,1.5091310432,2.295101089,3.1224239538,3.937701175,4.8365793956,5.8789959911,7.4434734478,9.1897594112,12.05526599
8.559615686,8.7659422997,8.9690704664,9.1775756411,9.3480131092,9.4305201695,9.6350757802,9.820633195,9.888799729,10.0926337851,10.30123537,6.504901947,7.3283813262,7.928588492,8.4145679168,8.8905684164,9.354239826,9.829970365,10.30536739,10.863880162,11.417734036,12.3558498,4.450266492,6.016316633,6.9673589358,7.7855298998,8.5748890062,9.354239826,10.15348982,11.010889424,11.865270942,12.826067778,14.41050857,2.548378717,4.5968229974,5.8885466424,7.1220025558,8.2434660866,9.34645643,10.30224975,11.319376532,12.46632348,13.826634426,15.68975598,0.484449713,3.1787704528,4.9058192858,6.3623848354,7.7404112426,8.893025007,10.102986474,11.394782156,12.716471556,14.072609698,16.21850904
5.557885382,5.7344589717,5.9086855556,6.0342897355,6.1014456558,6.2719351245,6.4436866674,6.5110856021,6.6351505664,6.8100652844,6.986399722,3.342659297,4.2919784702,4.7785041234,5.2559895161,5.7209637878,6.1999850145,6.683797799,7.1659367552,7.6857525402,8.2544805035,9.203176853,1.288033167,2.8529736272,3.7352906028,4.6020475454,5.3989678638,6.193922084,6.9848186498,7.7743293376,8.6525737536,9.6646617886,11.25689338,0.011233306,1.4111816449,2.7263328364,3.9654226478,5.0912013216,6.193922084,7.292406077,8.4109060994,9.6489101554,11.015285687,13.16281182,0.003789209,0.9664501947,2.0433951912,3.3332236136,4.7711123666,6.194665551,7.620199408,9.0866430896,10.585787106,12.323747994,15.21750697
10.36827754,10.49541125,10.857617274,10.889517654,10.950856014,11.3501207,11.37399824,11.424493804,11.703224224,11.893216012,11.95417526,8.37169776,9.3024379526,9.8354462866,10.340356838,10.77032278,11.2170732,11.53941273,11.956362936,12.427471388,13.029032076,13.89329139,6.354120607,7.8758447822,8.7519816142,9.3479127104,10.0119910488,10.67020713,11.279990072,12.088010422,12.862371964,13.86092714,15.31541441,4.354192568,6.380252883,7.3055748366,8.2376356928,9.172654444,10.13167199,11.118187188,12.085538356,12.9883895,14.1639835,15.68975598,2.336262123,4.7568191238,5.9318230028,7.1742788034,8.2995315024,9.5544366465,10.65364151,11.667282631,12.754048196,14.105853513,16.21850904
0.898031227,1.1074033492,1.3108433404,1.3795426453,1.5646811452,1.769143682,1.8521667036,2.0219099736,2.2311763314,2.4336771977,2.640231948,0.040273214,0.2700028828,0.588950915,0.9033381628,1.2500704242,1.75146757,2.19986065,2.6966275674,3.1642382356,3.7543514184,4.542691771,0.020072564,0.3963440945,0.805308785,1.224260344,1.656778196,2.088873002,2.576428922,3.194829042,4.075302895,5.063819787,6.59738693,0.001008594,0.5261099472,1.0640133154,1.5697615294,2.1281641804,2.712314431,3.3498363762,4.0611334506,4.8789402792,6.2927358383,8.652082088,0.001008594,0.6898747984,1.3350044088,2.0487765706,2.7371391876,3.487457206,4.256092519,5.092113632,6.0985694886,7.5218858092,10.70677725
19.1674988,19.388034322,19.529573184,19.803450091,19.887861408,20.07344552,20.23977144,20.30583795,20.50883756,20.66623507,20.96412438,16.93325207,17.938391785,18.55386935,19.039092245,19.61055654,20.059374705,20.62313249,21.07345464,21.46920029,22.096343955,23.08516837,14.69955921,16.344096945,17.364938256,18.236974019,19.07513565,19.67594767,20.275039388,20.760347662,21.420895818,22.163010671,23.74657669,12.66923498,14.838923552,16.224499002,17.432438944,18.25424906,19.03241573,19.666618748,20.363399168,21.210374084,22.289295572,24.02095392,10.43319368,13.35684597,15.11956212,16.31666523,17.29668093,18.25083722,19.09438933,19.95573259,20.89927316,22.15194763,24.02095392
1.283486761,1.57087553,1.6784161572,1.8449071134,1.9541646378,2.135986057,2.225407886,2.3163129868,2.5313384956,2.6473882804,2.854818086,0.058530661,0.6645180184,1.1732758486,1.6522824786,2.1069862636,2.48603189,2.8689961608,3.3069090242,3.766756847,4.254012198,4.902671064,0.016089193,0.3588898533,0.8232955328,1.3147563562,1.8291410944,2.6267637505,3.3066557118,3.9537329623,4.7613753104,5.6818030621,6.955545934,0.012400796,0.512316281,1.0453644782,1.5582673421,2.150923922,2.740776613,3.3340936218,4.2960787194,5.4752427434,6.8337605277,8.910355312,0.012400796,0.5327723283,1.1578987386,1.7962445698,2.4515287738,3.2377360155,3.9890171062,4.8279406546,6.0170791086,7.8258232464,11.1425881
17.99266436,18.132721348,18.293882776,18.441739516,18.570415056,18.71695812,18.857760408,18.912668544,19.035509622,19.175852802,19.56593275,15.83328285,16.687877402,17.28018567,17.784516272,18.284629788,18.72075893,19.203414452,19.69562438,20.141809448,20.532628606,21.42342901,13.77624407,15.444894558,16.4418542,17.2835843,18.071548548,18.60162782,19.086856414,19.581989426,20.0941704,20.776450934,22.51954678,11.72079158,14.14116162,15.660491478,16.593420978,17.292451674,18.00255455,18.622723722,19.251392394,20.079204754,21.107273438,23.54562056,9.667937214,13.07386671,14.58115928,15.58032698,16.53122489,17.29788801,18.09796465,18.932168,19.91910586,21.20277746,24.02095392
9.773696678,9.9335672344,10.134221288,10.248520954,10.480459102,10.50979687,10.83733518,10.883425556,11.187238258,11.20418269,11.5491912,7.651547183,8.4339946516,9.066442937,9.6417099322,10.132344286,10.58606865,11.139681118,11.554599296,12.127939032,12.664330442,13.66224597,5.530227571,7.0982401515,8.086069151,9.055901979,9.871232253,10.706931135,11.53743329,12.278415265,13.19633992,14.209624885,15.78356558,3.408907959,5.7429370142,7.1928976316,8.3601050934,9.5709137338,10.70602549,11.820582432,12.950542282,14.235622466,15.657769454,17.61480893,1.287588347,4.4422991198,6.177881914,7.6532252957,9.0964759404,10.54280553,11.989259988,13.566139056,15.136826412,17.061552782,19.72933063
4.803880081,4.8387335819,5.1066217636,5.3002814963,5.3358616934,5.564125939,5.7966748022,5.8328282124,6.0330951768,6.3212035986,6.354120607,2.779031512,3.4869381556,4.1977206722,4.7002818753,5.2022501376,5.686727885,6.1585659084,6.5773546991,6.9852976298,7.6914592796,8.37169776,0.753666353,2.2254152602,3.2266372424,4.1687024746,4.8497593744,5.686727885,6.3968995536,7.237118716,8.166184535,9.0467214076,10.36827754,0.026138848,1.0589364244,2.2801760714,3.5897186125,4.6922903652,5.7354299205,6.7606666,7.819808385,9.0757279546,10.366627605,12.3980504,0.012400796,0.8675610616,1.8408545526,2.9877305851,4.2326397492,5.5294346995,6.7993343224,8.2011638838,9.708200007,11.398427715,14.3642922
0.269277363,0.5989065122,0.7453559786,0.7774652323,1.0140144278,1.223404528,1.2500704242,1.4139265313,1.692846571,1.8151992779,2.070719002,0.04864506,0.2544843156,0.5381834378,0.751132545,0.9894779274,1.252299548,1.5613267318,1.997890616,2.484453488,3.0864189028,3.903327992,0.001008594,0.3568261755,0.732038213,1.141336277,1.488747919,1.8584249745,2.301336581,2.7727671785,3.3210456,4.234271242,5.963967115,0.001008594,0.5261099472,1.0640133154,1.567957395,2.1501982854,2.697905031,3.27419661,3.8793034388,4.5834774494,5.487959208,7.856892818,0.001008594,0.6954367581,1.3679798386,2.0711257321,2.7855688362,3.514512624,4.2895825554,5.0910554444,5.9622662284,6.9684971253,9.838221734
8.579846831,8.9090646561,9.083372569,9.2063691938,9.2747857758,9.4466168105,9.6232340596,9.7435024867,9.824631061,9.9844038907,10.16096732,6.525151672,7.3020812158,7.9003588664,8.4145679168,8.8905684164,9.354239826,9.829970365,10.30536739,10.810612366,11.408768044,12.31165023,4.623079815,5.9974343444,6.9613357748,7.7853574044,8.5781135052,9.360238641,10.142290572,10.946096649,11.85128039,12.813709266,14.3633622,2.556275404,4.6133278334,5.9669625908,7.1713088504,8.3062098176,9.427441665,10.542455128,11.6471089,12.826067778,14.179245252,15.89834395,0.50166097,3.2027963899,4.9654760942,6.5315202652,8.0498436958,9.4558535315,10.780430896,12.092100411,13.43779689,14.660679928,16.80895625
17.70968945,17.885177519,18.066214888,18.179957406,18.339236432,18.47823362,18.65992616,18.793555436,18.949414412,19.216291421,19.41285747,15.49113023,16.452288411,17.04506291,17.583829043,18.10314316,18.575058815,19.120575866,19.608335524,20.118518114,20.766070901,21.64525398,13.27171757,15.033160705,16.040187036,16.916380026,17.789756758,18.596433665,19.395138756,20.051118585,20.661040176,21.417729328,23.18595377,11.191497,13.57332355,14.951586988,16.204539132,17.3728635,18.245719745,19.028929808,19.714683732,20.562450908,21.6357144,24.02095392,8.973802733,12.11459986,13.8469091,15.41079442,16.56858929,17.55818924,18.45460537,19.31192108,20.35170136,21.679280725,24.02095392
8.905908033,9.1177336408,9.2444774692,9.4245866026,9.5766959362,9.804803204,9.9127311948,10.086819982,10.252432642,10.466560662,10.58606865,6.844003085,7.78945088,8.395882144,9.051726958,9.429677836,9.886515311,10.45311376,10.89362989,11.40155836,11.96126769,12.79214063,4.886973985,6.5133854691,7.4363217504,8.3557188815,9.078786675,9.994455826,10.822442424,11.551505604,12.479238102,13.417541589,14.88636474,2.703424167,5.0406714005,6.447420276,7.6521865826,8.8589382114,10.024297505,11.158104008,12.25037341,13.559659766,14.968126314,16.98731434,0.586096267,3.6529193196,5.5143962108,6.9914128982,8.4636220278,9.920024404,11.38546207,12.91958469,14.482082084,16.389611766,19.09276936
14.25741843,14.46462521,14.57767048,14.716745745,14.92224704,15.04965421,15.173557716,15.207671873,15.241301026,15.33265517,15.52738704,12.2022488,12.993281603,13.349939694,13.758091521,14.066881074,14.27957211,14.569504828,14.762178659,15.092786072,15.27854797,15.68975598,10.14073701,11.393281358,12.031085002,12.507623513,12.869056846,13.29244829,13.69794221,14.17991546,14.671010438,15.191904573,16.21850904,8.086023272,9.7761055933,10.599773334,11.17762173,11.72332447,12.29364704,12.885570414,13.625321484,14.26422411,15.137172425,16.57255752,6.031383154,8.176028899,9.0829724392,9.8054962596,10.570338438,11.315201135,12.16812478,12.99436446,13.929178994,15.009345388,17.07459708
0.714472031,0.7896516203,1.107486335,1.2124487943,1.2788991158,1.5112491735,1.6955893448,1.7219707695,1.9143649672,2.1573523714,2.297110761,0.04864506,0.2700028828,0.5773743988,0.8807742818,1.2500704242,1.705292132,2.1387263566,2.6379704112,3.1267529786,3.695226794,4.357879996,0.028163198,0.3902838079,0.8223271174,1.2511849861,1.7063972394,2.1708561205,2.714157511,3.248144573,4.151297899,5.0648546686,6.352903453,0.001008594,0.578988853,1.1819785202,1.7549624394,2.3331530226,2.973172005,3.6656079322,4.3851092944,5.2627631684,6.5205852992,8.368307526,0.001008594,0.7462753398,1.4689831544,2.2138513674,2.9730535124,3.7835005775,4.6483560802,5.5581321953,6.6271169646,8.077301748,10.54417044
2.627741551,2.9263928357,3.2175541044,3.3318003606,3.5598548734,3.7615743765,3.9385232556,4.0352751224,4.2802453352,4.44354504,4.631157584,0.453575048,1.555953862,2.2030631254,2.668561362,3.0994759578,3.623340688,4.0655863066,4.534790217,5.097674377,5.74892978,6.657369991,0.001008594,0.574297337,1.205655127,1.966337543,2.701801422,3.4305079485,4.239028889,5.107376806,5.974634465,7.0043255415,8.803569105,0.001008594,0.5743613098,1.1931987432,1.7886360117,2.4718289126,3.306331865,4.3929196616,5.5295652954,6.792120682,8.2466134526,10.81972663,0.001008594,0.7243064813,1.4167752154,2.1787001792,2.9530288924,3.7559143575,4.7161922898,5.9825495708,7.6357337858,9.4634009555,12.92050459
12.59557415,12.927451408,12.959130796,13.217554006,13.315111762,13.61036412,13.656836298,13.848045944,14.013417202,14.194387636,14.37587406,10.47528468,11.431069769,11.901263462,12.510292377,12.942505946,13.48295204,13.993411638,14.384339572,15.025553166,15.655907414,16.49492813,8.355518541,9.8052340786,10.837150226,11.682175406,12.557331724,13.30914982,14.110458814,15.021139434,15.838407102,16.949936834,18.60406486,6.557619369,8.3532377832,9.744691287,10.846747974,11.997133792,13.19603703,14.347764134,15.496946648,16.825122998,18.264208733,20.71780741,4.436886734,6.8717267378,8.4899538254,10.104653272,11.545885264,12.99427205,14.50266862,16.063878396,17.721157066,19.65290634,22.83866727
10.15936895,10.318960454,10.49287597,10.645876012,10.8253931,10.98010419,11.157223396,11.315899736,11.491127564,11.650325496,11.96126769,8.068585173,8.8988680742,9.4777826798,10.103916781,10.52121322,11.052820945,11.551248448,12.091080156,12.603976294,13.163258446,14.04581387,5.987731699,7.3584077212,8.3606756388,9.3496490366,10.126484554,10.89362989,11.863431184,12.604960358,13.619985888,14.589160314,16.11675775,3.907286361,5.9160779686,7.338400916,8.6736022808,9.7703193144,10.89362989,12.115279148,13.288566082,14.585343754,16.001067432,18.1993097,1.84783218,4.4928874205,6.2621746276,7.932476267,9.3922326486,10.830779655,12.25115358,13.84900409,15.429863166,17.376786871,20.27492093
18.22343758,18.441529822,18.569543118,18.68304768,18.895866538,19.029918605,19.142066216,19.353958838,19.565692274,19.753149954,19.982958,16.17670337,17.02019179,17.68275491,18.18152922,18.58089692,18.82760688,19.05734052,19.398608285,19.71384282,20.087907205,20.77817284,14.11348431,15.693237333,16.569991012,17.125745278,17.622674312,18.11233757,18.557203748,18.999277209,19.475158532,20.160209422,21.73459422,12.0533188,14.37446924,15.232788186,15.992218664,16.655935294,17.31032698,17.976580872,18.587091184,19.333788062,20.27398801,22.61066091,9.993725469,12.734487287,13.931941086,14.879568081,15.804646156,16.63290293,17.41556107,18.214487759,19.166648568,20.525688042,23.57620944
19.41389029,19.525807072,19.76567508,19.831898664,20.043974328,20.10886478,20.13055906,20.213643832,20.369686108,20.483827736,20.56169274,17.25736917,17.974833204,18.359326818,18.691310099,19.025810794,19.286839365,19.516760672,19.792492854,20.097677624,20.492240547,21.42342901,15.13624927,16.339362195,16.97290474,17.52725665,17.99266436,18.467894685,18.95628215,19.380929615,19.91910586,20.618957055,22.19671495,13.01519471,14.682082076,15.563463598,16.340393328,17.06488088,17.68410737,18.333753758,19.01101105,19.742974674,20.76532667,23.18595377,10.89424364,13.0194556,14.19393928,15.2138753,16.11547534,16.97290474,17.75599859,18.59591978,19.61055654,20.96412438,24.02095392
4.842197974,5.0396772617,5.2656740472,5.4454898872,5.666938133,5.8281609155,5.9172251476,6.1136634187,6.296270538,6.3862419937,6.564820321,2.780733897,3.729117786,4.357879996,4.954637748,5.417605847,5.864352286,6.352903453,6.819585326,7.390334536,7.8800641785,8.620398252,0.952689398,2.5345494338,3.516414435,4.3494326746,5.2210554836,6.041071759,6.7894001172,7.6310517578,8.4170091284,9.3774817508,10.75843603,0.028163198,1.1835223811,2.6066151032,3.8572541297,4.9852624472,6.0872422475,7.2000070232,8.314185476,9.492412901,10.828972224,12.78508295,0.001008594,1.0599391959,2.155689925,3.4607796319,4.9261287348,6.3229988605,7.686688215,9.094164803,10.605154644,12.258755063,14.82136114
10.7997772,10.81483215,10.963888106,11.169072734,11.44010393,11.51781806,11.602947024,11.8710629,11.87723969,12.155861378,12.24169143,8.678639276,9.402731836,10.03371322,10.46669355,10.90094683,11.52075405,11.87971613,12.469435,12.94132126,13.6390654,14.35880973,6.557619369,7.9823636638,8.8925365762,9.7521758102,10.480020892,11.33421801,12.225018128,12.942505946,13.987982614,15.046621122,16.49492813,4.436886734,6.2631128713,7.6476911344,8.8319166972,10.007369078,11.13977535,12.24402653,13.46212762,14.717093204,16.26482623,18.60406486,2.317230238,4.811803542,6.5524097222,8.0162773571,9.4851274286,10.92440831,12.457810128,14.002572837,15.604357622,17.54640326,20.71780741
15.03753751,15.154765406,15.165822654,15.194242138,15.427222032,15.63568499,15.663944706,15.668660554,15.676999248,15.732595028,15.89834395,13.08833381,13.592890482,13.822655534,14.18108618,14.453068232,14.698633405,15.00398483,15.204690439,15.449858382,15.712926938,16.31653731,11.02678928,11.823583154,12.542207526,13.06441589,13.504297192,13.94633449,14.351191762,14.78479061,15.218564038,15.691088478,16.98884233,9.097638659,10.306263766,11.214502276,11.899795028,12.629157132,13.20518303,13.74637161,14.30206379,14.890150166,15.667691702,17.29729683,7.039362826,8.7435592862,9.8272492822,10.768226884,11.542206734,12.25849066,12.973609938,13.78115955,14.634716216,15.517584996,17.87812386
12.25904985,12.451866816,12.596811364,12.683817598,12.85882791,13.05843641,13.114118046,13.27581353,13.461633824,13.664269656,13.83990391,10.05875516,11.017842041,11.66560036,12.206990437,12.698859574,13.190033405,13.658240416,14.114699131,14.56842727,15.086525281,15.89834395,7.997759392,9.7071863275,10.76055546,11.595574295,12.36528195,13.20391616,13.95790932,14.65502908,15.17336039,15.68050333,16.98884233,6.094350063,8.3955632552,9.823001329,11.027445564,12.160059606,12.98601737,13.69980885,14.33541364,14.992591778,15.690422229,17.29729683,4.052986861,7.0171753482,8.8613051238,10.35124349,11.45379215,12.3558498,13.169117714,13.894686324,14.756338722,15.690200146,17.95030864
5.290646074,5.4741855442,5.626584353,5.8106920448,5.965919154,6.136263181,6.2926776912,6.465309974,6.6351552152,6.7946832308,7.093204495,3.220799405,4.0637413945,4.606216476,5.1882423462,5.6108624806,6.197891825,6.624685629,7.2512528028,7.6723931812,8.3148988055,9.177337771,1.173594015,2.5970756042,3.4862079888,4.4631170926,5.196378446,6.136263181,6.9397932638,7.6766537544,8.7015144758,9.7468846664,11.26390494,0.032356323,1.0126452181,2.41610195,3.7600043585,4.853592949,6.0464570035,7.254433189,8.3585405426,9.739889501,11.137399091,13.35684597,0.001008594,0.9477407577,1.9755273664,3.0675577817,4.5146790748,5.978955868,7.5280389094,9.0445401317,10.675240264,12.502259713,15.42492191
16.78727477,16.94641955,17.129454406,17.2753054,17.454844828,17.60536785,17.808313856,17.943056608,18.119933314,18.27740799,18.58863975,14.69532175,15.56211099,16.238646892,16.688581868,17.060063834,17.33715176,17.660647186,17.961474023,18.192952082,18.582816027,19.41971659,12.61318232,14.249875622,15.052457896,15.667324612,16.203774598,16.61016361,17.0167688,17.487484874,18.017984102,18.615824352,20.08559489,10.54667034,12.836926276,13.838926104,14.550984068,15.17509813,15.754566,16.365377616,17.021731384,17.756534556,18.64965606,20.56169274,8.49360336,11.319372958,12.453790842,13.311813793,14.089842334,14.83841511,15.658372608,16.574571454,17.508400392,18.67595172,21.42342901
7.285694971,7.4080026663,7.6421949192,7.6662314798,7.9979523294,8.029208851,8.2788566942,8.3574626355,8.5048163092,8.7182554499,9.062026435,5.154436605,5.8995878884,6.567592387,6.968066744,7.6272511838,8.014124617,8.4190218816,9.0505239428,9.4879183768,10.134780454,11.20262028,3.033849798,4.452689213,5.300741129,6.24573902,7.019306425,7.946978367,8.699601544,9.4751532665,10.45961845,11.52408437,12.96358318,0.915692553,3.0115790946,4.200043274,5.5132459572,6.593945654,7.671639272,8.8878077558,10.111539096,11.36860235,12.908707744,15.08215462,0.032356323,1.417974361,3.0878060972,4.6597465222,6.1676279406,7.631805309,9.0608243986,10.578392638,12.244461718,14.174843666,17.20140363
0.102214716,0.1278856558,0.1679016494,0.2227629866,0.2266503954,0.479884776,0.5009889562,0.576675167,0.5838504842,0.862364615,0.934328299,0.001008594,0.2252219789,0.4844751902,0.7824192549,0.9521349782,1.247387309,1.5456560076,1.8943716039,2.1829393064,2.5623486253,3.055647911,0.001008594,0.3946402675,0.817942588,1.1971195345,1.634571959,2.03880747,2.56589674,3.0359711745,3.549164429,4.15703904,5.195078189,0.001008594,0.552211735,1.098121245,1.6483601445,2.230930875,2.82737254,3.429595516,4.152735001,4.886973985,5.835584509,7.311212673,0.001008594,0.7040730885,1.374562094,2.1434791816,2.8664986144,3.6281702595,4.4371016396,5.3019620882,6.2375343014,7.4405262025,9.429677836
1.289841475,1.5362514566,1.7315353362,1.781391855,1.905035493,2.18275886,2.2150284162,2.3150299594,2.5247107132,2.7226865216,2.870827464,0.001008594,0.3851331811,0.8310298048,1.3250216785,1.8137527962,2.2569275135,2.7415997646,3.2451179196,3.6912615118,4.277685194,5.089699625,0.001008594,0.466729912,0.90149603,1.4010101895,1.934533594,2.5933904175,3.295429935,4.112100841,4.940918878,5.8386615285,7.317911077,0.001008594,0.584013734,1.205655127,1.8236407325,2.479138802,3.1917559,3.8942831,4.834028176,6.033039771,7.314864187,9.549795954,0.001008594,0.7511036166,1.5052766582,2.2561950546,3.0668475288,3.913013303,4.806970172,5.7886487955,7.1053868754,8.806252891,11.56824443
4.09041805,4.4063036124,4.6032124154,4.759865669,4.9773340908,5.0198081815,5.1757690986,5.3616825624,5.538123592,5.718355575,5.887859507,2.122823821,3.135136933,3.725758933,4.3070836475,4.814105082,5.304632189,5.75854257,6.221492217,6.75923994,7.301431957,7.955984834,0.073161072,1.9504398135,3.069867974,3.9822137875,4.814105082,5.6416518975,6.39444733,7.1632907885,7.9750401,8.8745101045,10.04631772,0.001008594,1.1835223811,2.4740521936,3.6981727626,4.8356621356,5.9488461665,7.0355898708,8.1301455283,9.235305247,10.45563984,12.14672832,0.001008594,1.0541506918,2.1522162876,3.3221655248,4.796747536,6.210876351,7.6173494904,8.9928515678,10.450900346,12.066223078,14.25234142
16.26372471,16.509109764,16.693338414,16.896122927,17.121146918,17.245550655,17.362730512,17.575395202,17.695888192,17.816807981,18.02965836,13.95079652,14.90033547,15.519942906,16.153416098,16.645287334,17.14718942,17.714599448,18.180670365,18.490723974,18.872109172,19.68724883,11.71905121,13.483030262,14.511208522,15.492717714,16.217612704,16.80902848,17.299459836,17.774523276,18.31468725,18.980444206,20.27317495,9.685850304,12.065110674,13.467937096,14.554356242,15.330206096,16.00157968,16.655899226,17.3130644,18.031600688,18.959641736,21.05382857,7.45165308,10.556063966,12.311539482,13.381782628,14.305786266,15.16295406,15.963516678,16.861406708,17.760778264,18.968617796,21.76031118
12.66042657,12.844012005,13.0223305,13.206265755,13.37924458,13.557664105,13.72897209,13.912789565,14.08572925,14.26406801,14.43565923,10.53924344,11.48872542,12.05215396,12.643881805,13.08990569,13.62189664,14.09891362,14.606497885,15.14238556,15.81283245,16.59170891,8.418129463,9.964437857,10.95701335,11.84563667,12.687482,13.51129424,14.39467568,15.172222035,16.16201432,17.20847322,18.70816809,6.297154511,8.4438435292,9.8439035574,11.08306437,12.27544431,13.41826772,14.666201232,15.8468008,17.14863399,18.597652316,20.65112604,4.176530402,6.9670586106,8.779820504,10.354875834,11.887038914,13.37924458,14.871638472,16.465862888,17.926898098,19.174013168,21.89710129
11.27674748,11.624505154,11.836086816,11.979147001,12.103362544,12.3119696,12.3541806,12.663132113,12.713986988,12.941754691,13.06778061,9.125156797,10.20630194,10.870689582,11.350868586,11.92633392,12.33906093,12.79568983,13.376895124,13.839887324,14.44845216,15.25330906,7.004122918,8.8344537758,9.8396634398,10.673653916,11.601583734,12.38888032,13.276520252,14.09998253,15.027996644,16.059280268,17.45164704,5.239836003,7.3698876104,8.779820504,9.9974708354,11.168644264,12.35458474,13.55488606,14.703692592,16.031748968,17.4776953,19.55174501,3.121386722,5.9238823559,7.6621704704,9.2479050301,10.7906913,12.24272244,13.741248844,15.298396907,16.925186742,18.851514913,21.46920029
8.34285063,8.5837034872,8.7639284988,8.8440852708,9.0548953034,9.238083875,9.3417511124,9.4830879424,9.6892429978,9.8415661724,10.12613087,6.325745483,7.2025888555,7.84923417,8.359081611,8.875446555,9.3053951795,9.865719411,10.345094265,10.79732041,11.44757177,12.15192707,4.177422515,5.8928865982,6.9244457256,7.8348317572,8.644948792,9.46017572,10.274071268,11.021745354,11.864798386,12.80618357,14.1512343,2.122823821,4.650988029,6.153236948,7.464319587,8.620398252,9.758742972,10.84156002,11.95538338,13.09908858,14.36025706,16.18296132,0.073161072,3.5883655134,5.5117332616,7.1631848368,8.647419387,10.05875516,11.45855054,12.846009338,14.321581186,15.873525634,17.95030864
15.43134982,15.611882103,15.901532752,15.991206579,16.092073414,16.332287175,16.358812128,16.428739684,16.507365002,16.559393226,16.80895625,13.38183339,14.236706126,14.563307274,14.90772494,15.227166982,15.42081636,15.733403568,15.921003892,16.28830587,16.524673404,17.28401865,11.40108902,12.595472614,13.22345461,13.723002835,14.186897378,14.66356156,15.06351358,15.478953673,15.895666858,16.430430471,17.80929184,9.350762803,10.981991189,11.843466036,12.604020147,13.26847987,13.898104765,14.482077368,15.133236733,15.691088478,16.444412305,18.54890206,7.370833713,9.3999040484,10.553933496,11.5008614,12.359796054,13.20518303,13.951644976,14.754095178,15.470852094,16.518350572,19.47279305
5.174177055,5.3230986764,5.5363139626,5.6088579217,5.8561231428,5.915522732,6.1561942428,6.2696288091,6.4246998156,6.6321211802,6.967845194,3.06279482,3.8497826265,4.4474966,4.861040251,5.500399351,5.9150631985,6.428969377,6.9257414245,7.546946132,8.036110914,9.079227429,0.953173387,2.2977137474,3.1406352156,4.095191401,4.8485511236,5.651227344,6.574614741,7.3441055576,8.3539980358,9.404261034,11.16293108,0.039485799,0.8424180622,2.0625008456,3.3018810178,4.4663147166,5.571822821,6.6882425686,7.9843314612,9.2388217558,10.804163116,13.28259908,0.022909171,0.851089621,1.7755107516,2.7200718436,4.0348433438,5.5056724005,6.9438784896,8.4364198334,10.109570072,12.001408694,15.40272203
6.210876351,6.5301704497,6.724745467,6.8874433821,7.0986053646,7.2526478225,7.4520759172,7.5306352983,7.6573377642,7.8422927636,8.012197809,3.985526859,4.9983589946,5.711379321,6.3133820472,6.8332512798,7.317911077,7.8017233092,8.2643739728,8.8667736628,9.352118684,10.24066638,1.787043089,3.8474189694,4.9364116884,5.7627273477,6.6309119494,7.443004962,8.1942778614,9.0686005567,9.9397698218,10.916624678,12.30690161,0.073161072,2.6074106286,4.0137201918,5.2855760522,6.3955360038,7.496888177,8.6028184594,9.7596892144,10.980980074,12.315265514,14.53102641,0.001008594,1.4625112466,3.2017094448,4.7255303846,6.2210587862,7.6640455875,9.0978956484,10.551553698,12.060908746,13.821194094,16.61930644
0.594268452,0.9306872614,1.1408774194,1.2964650401,1.3808844136,1.642752499,1.7009814628,1.979032597,2.0110613228,2.2420897047,2.362517685,0.032356323,0.2748560726,0.5932130306,0.9171771212,1.2691861114,1.63006868,2.0568454824,2.6992777928,3.0979299732,3.7663796658,4.519964368,0.032356323,0.438123139,0.851634128,1.2714859085,1.69720803,2.194088146,2.703314165,3.275030814,4.11429345,5.162840539,6.629490816,0.032356323,0.574137405,1.172889147,1.69720803,2.317230238,2.935861227,3.611536429,4.335287815,5.164835112,6.556130697,8.744667781,0.001008594,0.7322309612,1.4635957736,2.1921797146,2.9371480818,3.730124384,4.5120364282,5.423289215,6.4300642506,7.7834143264,10.85270232
1.273746086,1.4980489688,1.5943408332,1.8389910222,1.9497130974,2.178678076,2.236055829,2.4787734706,2.6189698372,2.7983706848,3.073724065,0.032356323,0.3835870062,0.7459392982,1.2524311048,1.787910954,2.197268865,2.8440552664,3.2479601638,3.7981264534,4.2913161396,5.110426191,0.032356323,0.4841796325,0.923115394,1.35856969,1.89409785,2.3895636885,3.073724065,3.948293133,4.729381526,5.76478821,7.195181078,0.001008594,0.5768670854,1.1734530414,1.769734864,2.3759717412,3.048783844,3.7529130382,4.6140742452,5.7425808174,7.1576685564,9.294210852,0.001008594,0.7376177406,1.4771803582,2.2161330734,2.9730364014,3.7678401515,4.6445279338,5.565106835,6.7401729616,8.5267499928,11.34998862
11.29039409,11.490561882,11.62426849,11.836532512,11.966929124,12.15192707,12.285726334,12.478683538,12.638890426,12.801489966,13.09230188,9.238083875,10.141537547,10.776710082,11.331735107,11.861076692,12.383172915,12.829821534,13.358639221,13.837567772,14.373227771,15.16704235,7.225744847,8.9031258208,9.9252649598,10.806168332,11.69805503,12.4818333,13.304486318,14.15990446,14.941702104,15.934560354,17.25311504,5.208002292,7.6466243099,9.2004389222,10.433938963,11.6564692,12.765528755,13.869276504,14.978931754,15.989985828,16.878999593,18.7998942,3.233790412,6.5045528208,8.5110719698,10.14006545,11.64242875,13.09230188,14.298441586,15.238203456,16.140985896,17.318580618,20.55528394
7.004122918,7.206354006,7.372409954,7.58175705,7.755457383,7.965000988,8.078119301,8.284657017,8.458764811,8.670943058,8.851293285,4.883337907,5.953776779,6.480671807,7.065429253,7.582146733,8.090692382,8.557832704,9.1227889,9.552432974,10.20877513,11.0563077,2.763374814,4.5614307834,5.6034708278,6.4926618338,7.3623205796,8.186655202,9.0595021266,9.8386034104,10.67494469,11.652050094,13.15114781,0.652297163,3.17624703,4.600752951,5.854679233,7.019306425,8.176143473,9.385204903,10.53924344,11.86185553,13.34286415,15.35738375,0.015176627,1.7942264608,3.5263111038,5.1111108378,6.596961993,8.066610997,9.5576335458,11.150068484,12.749465096,14.697409272,17.45164704
5.351616727,5.649602432,5.7978505592,5.9697866384,6.0841907816,6.166683004,6.2786444784,6.4212305035,6.594491137,6.7318906555,7.034811588,3.13846658,3.9592961395,4.4286625946,4.9330312962,5.368435501,5.796081873,6.2904342436,6.779205681,7.316692321,8.0208322834,9.098923606,1.050834905,2.2558083825,3.240432443,3.9985144386,4.846482046,5.688561298,6.4120266992,7.312426675,8.1976295218,9.2752338816,11.12485312,0.001008594,0.8436801199,2.1787222824,3.2997586362,4.4158012056,5.5984397765,6.7401729616,7.8419419173,9.1208429348,10.623735373,13.16916771,0.001008594,0.8950008016,1.85854902,2.854402116,4.2537967938,5.680145812,7.0951755298,8.5340885766,10.041504276,12.041431998,15.10039248
10.66421335,11.010772714,11.220888234,11.365530115,11.493869184,11.692421795,11.742917926,12.044492514,12.103127478,12.328456244,12.45701975,8.552147063,9.585706993,10.233434846,10.73974765,11.299173306,11.73603729,12.174061542,12.748605241,13.170110072,13.825771968,14.56926793,6.446157033,8.3026810124,9.394148293,10.337608455,11.15924461,12.018581,12.774025398,13.535658098,14.386976554,15.339298477,16.68381836,4.350512061,7.0960235413,8.647419387,9.9258559264,11.111349944,12.233430725,13.334007856,14.461421123,15.591760294,16.921022766,18.7998942,2.301336581,5.9394895693,7.8521031422,9.4541246561,10.98491025,12.418901385,13.835253984,15.263953352,16.390142052,17.730783075,20.68222125
10.3144938,10.528431053,10.649448776,10.768447927,10.983290182,11.102083205,11.222575212,11.448281306,11.65155156,11.835071188,12.08122054,7.810667164,8.8251330635,9.4388407194,9.9503651339,10.490922096,10.994184145,11.50373467,12.000467409,12.57757547,13.169367277,14.12192338,5.769236782,7.4258652845,8.46165014,9.2841279725,10.17496924,10.96411831,11.7805928,12.652518945,13.57116727,14.676612035,16.43476662,3.540113785,5.898921915,7.331275159,8.557892431,9.764048336,10.89850566,12.05215396,13.275719805,14.49803616,15.98054718,18.58089692,1.310990788,4.4787417268,6.2585861902,7.8872859922,9.4381665964,10.89424364,12.371056874,13.904801928,15.517238676,17.392958376,20.09021952
14.20563749,14.40347758,14.537899856,14.706136058,14.866406866,15.04614378,15.08653007,15.22808839,15.398486434,15.558082434,15.86136108,11.97984142,12.95205148,13.53407278,14.0587128,14.56926793,15.04614378,15.5016751,15.95775979,16.4342226,17.06120071,17.95030864,9.918961406,11.692134713,12.749985064,13.650603527,14.47303707,15.24295006,15.89505886,16.413849317,16.918896476,17.560815651,19.13296511,7.89018316,10.35538322,11.87631339,13.12262972,14.1512343,14.87064794,15.53105478,16.22037693,16.88721306,17.93169663,20.55528394,5.887859507,9.2092888214,11.118574962,12.450599192,13.447590124,14.31584423,15.147594874,15.926301036,16.88453274,18.297827148,21.70359209
7.476878157,7.6416594655,7.8396845978,7.8819794842,8.117841065,8.228758649,8.443354385,8.538790883,8.6706896546,8.8561601783,8.980600917,5.282634011,6.0449954807,6.6614172322,7.075513425,7.5874894056,8.0748734455,8.5242859714,9.1268581565,9.566900807,10.206039647,10.98207681,3.17624703,4.4107476508,5.37918311,6.2455678814,7.06820751,7.882296539,8.72873801,9.5583777156,10.49977236,11.565680758,13.09288081,1.078565755,2.8738175358,4.2591246978,5.4916890572,6.6854341284,7.810667164,8.9980746552,10.22240942,11.50369512,12.949732952,15.16295406,0.005871112,1.3794862334,3.1925111868,4.8339106558,6.3178655078,7.780522508,9.2837976018,10.829976912,12.458628206,14.404697066,17.29706297
9.952087803,10.18457009,10.376776938,10.528387092,10.76336368,10.87860983,11.030737298,11.143851594,11.38522575,11.517707662,11.71905121,7.667804835,8.5768984004,9.219756271,9.8431374704,10.360557612,10.851861615,11.36238136,11.894889389,12.40829017,13.028935086,13.95079652,5.432004095,7.2492568206,8.3652037706,9.2887466396,10.162554764,11.02170925,11.840093668,12.666745584,13.573607056,14.599322788,16.0760321,3.452279075,5.9042506204,7.4220635414,8.7329410858,9.91618019,11.13814956,12.267085416,13.380090596,14.682082076,16.112770226,18.30515509,1.222941579,4.537698428,6.507064226,8.078119301,9.577456166,10.95701335,12.35458474,13.77209037,15.48872921,17.2925972,20.08559489
8.65605554,8.9525457968,9.122982442,9.3129173989,9.5418126676,9.6717534145,9.8165856966,9.8486465031,10.091140734,10.242676705,10.45023843,6.628565971,7.328085118,7.84994625,8.431586531,8.873573654,9.3230560735,9.827338944,10.29641264,10.87793828,11.52300973,12.48487503,4.534873159,5.788997976,6.746714438,7.5805973182,8.436117194,9.224733221,10.0027568608,10.930107614,11.786904616,12.84272497,14.54430217,2.585261424,4.2875073002,5.688944125,6.846800271,8.0200397268,9.220076491,10.305534518,11.426623698,12.760833712,14.197008498,16.61930644,0.528383887,2.8749426195,4.650988029,6.206987482,7.756733802,9.2208591765,10.65053898,12.106668595,13.81545033,15.606723535,18.70470442
16.9698127,17.291291087,17.384605196,17.430666666,17.569682254,17.736663595,17.839853192,17.883481137,17.939141434,17.98439598,18.24579446,14.75435553,15.669981388,16.013954684,16.329680092,16.640855702,16.84701197,17.207386176,17.407609294,17.7851243,18.170697642,19.13296511,12.67123523,14.057516968,14.797155648,15.299945004,15.812850754,16.29742444,16.699630814,17.126078684,17.731670814,18.544044994,20.55528394,10.74579459,12.58705426,13.495477682,14.30780843,14.937983084,15.60213583,16.282253854,16.854250038,17.709136838,18.879149516,21.70359209,8.651086427,11.034126148,12.297994236,13.27164063,14.171290216,14.95811248,15.782697114,16.620150176,17.71604928,19.299094808,22.90340031
6.498169225,6.7548668492,6.84189623,7.0331279222,7.178801425,7.338259159,7.4609341554,7.540316309,7.7335555064,7.8786175604,8.200034992,4.295326088,5.3336243467,6.0141061472,6.4905084021,7.097257472,7.498171597,8.0163968948,8.5183500192,8.9433929164,9.579313486,10.39346607,2.391203685,3.9907796118,5.0252118264,5.8586920928,6.752029562,7.504838526,8.2603452344,9.2228784056,10.00910268,11.065380606,12.49543362,0.381151329,2.607031315,3.9771944644,5.0940922194,6.3893915286,7.472825044,8.5848433254,9.7708433206,11.02593223,12.471269146,14.60299921,0.032356323,1.2257873783,2.8818075364,4.3786511708,5.912205416,7.4038241375,8.8752478662,10.315915638,12.032606302,13.845373989,16.66395728
4.976949048,5.113441918,5.2440998482,5.3695405949,5.522808266,5.728812107,5.8654349504,5.9962344979,6.1205314038,6.3185717924,6.480671807,2.879267772,3.5196173474,4.081579139,4.5522889022,5.0863113826,5.578449404,6.021955654,6.5024045982,7.0629253576,7.7244916875,8.578353083,0.676317921,2.0436548762,2.9699225434,3.832199992,4.6609622446,5.475310026,6.3096969578,7.1318033484,8.0729259322,9.1544624138,10.67612432,0.005871112,0.791157912,1.7757722758,3.0582487437,4.1989074132,5.37379476,6.5456405486,7.7523504456,9.0614130964,10.514030252,12.71643521,0.005871112,0.89110122,1.774425229,2.7255471545,3.814588293,5.285816116,6.777651065,8.3043072385,9.976807266,11.888905355,14.82997818
0.440345888,0.7840073353,0.965882884,1.1302269601,1.2429832046,1.478358834,1.5348624554,1.721027986,1.8603172596,2.081267467,2.242525122,0.039485799,0.263680086,0.562272445,0.8148135175,1.133155896,1.432112558,1.8101603,2.2271328425,2.824675074,3.327225924,4.340890026,0.032356323,0.4316310012,0.8423638928,1.2880780805,1.7109905828,2.199748871,2.6866062386,3.2329481753,3.929085435,4.768442855,6.411498957,0.032356323,0.594268452,1.194578386,1.805182204,2.392579486,3.059650368,3.740619642,4.448612394,5.278849413,6.403222288,8.477018392,0.022909171,0.7495974882,1.4891724844,2.239216827,3.03789998,3.818065213,4.6766807566,5.5741749854,6.6069249404,7.8590983572,10.56024206
3.988485139,4.3143411331,4.3727151676,4.6080274932,4.69644629,4.861595517,5.0479268968,5.1232468062,5.4057490492,5.6642531032,5.800307133,1.879970513,2.8669139699,3.3617741448,3.9752340108,4.3658724714,4.9903995895,5.3939199246,5.9666670337,6.4343721382,7.1173269,7.910239431,0.032356323,1.446558848,2.380379335,3.284237235,4.015471099,4.981488671,5.732057067,6.498169225,7.465383471,8.517626444,10.0222505,0.032356323,0.8063178604,1.648865396,2.6098268755,3.926765073,5.014039706,6.113887474,7.3144614832,8.5386256086,9.9423821502,12.1375089,0.032356323,0.8938217269,1.825843111,2.7384201215,3.7421669108,5.065382161,6.476286986,7.9670106553,9.5837043934,11.363291122,14.25456907
6.696105665,6.9401060658,7.1242658902,7.3284543717,7.552343844,7.672317911,7.793057322,8.0069824537,8.1251728686,8.2476868423,8.461794221,4.466973286,5.4449958743,6.0840809268,6.6062508289,7.17299549,7.6863793315,8.182419927,8.7418499803,9.252930655,9.909980324,10.77706245,2.337517387,3.9519455315,5.030060516,5.9962262725,6.883798281,7.713785891,8.568629696,9.44520999,10.30135966,11.359141395,13.00696973,0.10838008,2.6905303138,4.1372708174,5.4601104821,6.609754155,7.716867327,8.8748696014,10.125792491,11.280390826,12.727573883,15.23687702,0.005871112,1.3997178238,3.078814229,4.7877019606,6.2596103718,7.730223825,9.2374254936,10.811988886,12.369240198,14.19843099,17.27696796
0.047929049,0.2379545882,0.3391337966,0.593389175,0.7124263602,0.7789237015,1.0241526564,1.218703593,1.396167509,1.646337586,1.805182204,0.022909171,0.2866055689,0.5230830578,0.7775637128,1.0725032854,1.3447582295,1.70831989,2.0590046233,2.48241653,3.1623167988,4.002529055,0.015176627,0.3896814344,0.7886824754,1.22957831,1.6662884722,2.0782248705,2.5503441848,3.0618514844,3.7198086316,4.4771552538,6.058698301,0.015176627,0.5732703602,1.1368602582,1.7104149824,2.3091120034,2.897497223,3.5285326828,4.212530134,4.9871127788,6.0014215274,8.27389403,0.005871112,0.7246459636,1.447553831,2.1905783903,2.9362901786,3.735372013,4.5190216902,5.3844928982,6.3743670098,7.613078261,10.48712521
13.28299623,13.4505917,13.624808,13.783102328,13.878080516,13.98079133,14.143635982,14.323415386,14.474078494,14.649787394,14.80217392,11.07912847,12.005005274,12.523596204,13.113511912,13.576085696,14.10956467,14.536482322,15.022816764,15.579173524,16.168734,17.02337375,8.891354582,10.63070846,11.562854142,12.454879564,13.289120122,14.12355491,14.917690764,15.785379816,16.65168447,17.706225492,19.24801691,6.73537564,9.16153181,10.598148476,11.78905276,13.02545624,14.16621235,15.23981237,16.396317004,17.701427022,19.007620602,21.47503332,4.614290057,7.8078907255,9.600751079,11.31072684,12.777589674,14.21985354,15.660067982,17.003471523,18.190855804,19.842317374,23.19564961
2.547389944,2.8590771603,3.0169718686,3.233301014,3.2972739346,3.423254756,3.6105328398,3.7809183553,3.9600506948,4.1226510792,4.340890026,0.440345888,1.2203464979,1.8471262606,2.3688954716,2.9075022488,3.307639518,3.9368260658,4.32902136,4.918511071,5.4270472455,6.411498957,0.039485799,0.563802524,1.142794203,1.8273041185,2.604463207,3.501163174,4.298121442,5.051799227,6.052651293,6.926665794,8.477018392,0.032356323,0.7124263602,1.3647824238,2.1167865776,2.8633840674,3.638893855,4.6986067842,5.8633426452,7.1075476284,8.41149218760001,10.56024206,0.022909171,0.809858605,1.655298525,2.5205998208,3.3816814526,4.31503819,5.3478625676,6.7282024054,8.2138751778,9.9872855402,12.64396079
7.660179151,8.017609597,8.2297109252,8.3793672913,8.4522161144,8.726144078,8.7335899184,9.0755439639,9.0888651716,9.3273430819,9.437129467,5.894732279,6.6101348927,7.2433907538,7.6736938213,8.3534148478,8.7339133865,9.23601616,9.7921917962,10.16969927,10.854329745,11.58414337,3.775486816,5.1985037256,6.2603555448,7.3158699935,8.0372143928,9.0261319315,9.7887175654,10.502291331,11.408135278,12.369605632,13.76520759,1.659994929,3.8065532469,5.447599763,6.6133965691,7.7190851288,8.741607894,9.7954108452,10.876321459,12.135673268,13.542447439,15.96150064,0.079312536,2.5444369638,4.4458710088,5.8521551194,7.1466770006,8.382109649,9.7910522682,11.207627392,12.757783766,14.682082076,17.88267227
4.087340597,4.3341018452,4.516734862,4.6441986802,4.777688859,4.971009915,5.096983359,5.2212758735,5.4678840172,5.6398672717,5.854679233,1.774425229,2.656439777,3.26437196,3.846965206,4.361015654,4.8793642145,5.392110584,5.909453387,6.493994059,7.108227126,8.084586517,0.007158718,1.2739508877,2.327008132,3.2351361032,4.1007006146,4.922951232,5.7935348758,6.6073951731,7.5279899884,8.5944115586,10.21016699,0.005871112,0.8362684287,1.6696380002,2.6348665966,3.7831012272,4.9113456105,6.1133876388,7.3198993496,8.56433479,10.0192516836,12.43875573,0.005871112,0.847479655,1.7599539496,2.7223461117,3.7824643648,4.922951232,6.4319344008,8.005632284,9.5568915302,11.356113324,14.6674953
15.13845201,15.264850576,15.435940268,15.551241728,15.770777348,15.92628246,16.09849635,16.225951882,16.403235262,16.595770394,16.93551264,12.90449336,13.723618468,14.274472768,14.810789914,15.29542353,15.79750632,16.33272665,16.78537512,17.376357004,18.005652512,18.99512337,10.67141831,12.098687755,13.11397428,13.94040186,14.86905581,15.60277694,16.4805052,17.35516456,18.1963082,19.26383731,21.09327941,8.641918827,10.667400062,12.055285216,13.292182068,14.530012964,15.61563115,16.724461732,18.024689268,19.183005344,20.564204228,23.19564961,6.405933248,9.2238058133,11.01965064,12.667974566,14.173658418,15.60888349,17.068494834,18.363819155,19.677105692,21.388147934,24.77962531
17.25759123,17.48317389,17.682925398,17.750944729,17.932417044,18.140116335,18.226513562,18.384292549,18.609147894,18.800524177,19.00819889,15.20544684,16.154104592,16.73913697,17.268482094,17.748685398,18.23187386,18.68702483,19.047841294,19.475443496,19.92804422,20.91467204,13.15624462,14.79775023,15.84847461,16.648816935,17.2842393,17.7773771,18.36690206,18.892908765,19.65190357,20.600778745,22.29434746,11.25527304,13.494162324,14.85073377,15.756460875,16.493244112,17.255353135,17.942863836,18.80922191,19.819365646,21.102064643,23.82023434,9.195777828,12.333705936,13.797079854,14.84681711,15.813196436,16.67029629,17.559372236,18.689336938,19.987712682,21.717772068,25.20675403
8.233772172,8.5818316536,8.7356913316,8.9313143272,8.952982518,9.268027728,9.288155124,9.4408741144,9.6377696176,9.9193020088,10.0222505,6.117302263,7.1494345784,7.7953148084,8.211465287,8.6263171192,9.224733221,9.6275887176,10.075977326,10.698370128,11.33669181,12.1375089,4.298121442,5.688433689,6.5341371778,7.4744891874,8.2324322948,9.171096231,9.9407784384,10.697667686,11.703513056,12.758706866,14.25456907,2.153665546,4.1840775932,5.6634757164,6.8091617478,8.0189473308,9.224733221,10.30259459,11.403990058,12.760833712,14.17565112,16.3727321,0.032356323,2.8440552664,4.6810226182,6.3782422648,7.8186399952,9.253220918,10.688075742,12.157169572,13.825000904,15.59430785,18.49161901
13.13397368,13.306376516,13.50448574,13.820309008,13.875904922,14.17643142,14.248171424,14.476800026,14.557114722,14.771095636,14.92247592,11.01769214,12.051271955,12.60143188,13.126291155,13.59329404,14.17242504,14.5456436,15.165003375,15.58992273,16.24879813,17.03795798,8.90380904,10.639865954,11.587412666,12.441316504,13.197245238,14.12355491,14.907318496,15.678667626,16.659624776,17.71030365,19.15473144,6.794563326,8.997188422,10.37894745,11.70314792,12.81261803,13.93127608,15.14145865,16.33262902,17.63963054,19.11962499,21.2724108,4.696071451,7.534406509,9.2944819264,10.937862356,12.416648806,13.85575158,15.303170886,16.937224406,18.494288114,20.384700612,23.36686881
10.31728302,10.509975165,10.70092534,10.874829505,11.0586238,11.21661984,11.40442585,11.58014193,11.76510516,11.94557259,12.1375089,8.167900312,8.94802899,9.612242356,10.279945665,10.68221061,11.165446815,11.70314792,12.122927695,12.76026711,13.33186848,14.25456907,6.046751749,7.5326549245,8.5855331334,9.581104064,10.320309172,11.084690985,12.02938444,12.785312541,13.678316016,14.70250958,16.3727321,3.925604892,6.0947871745,7.5062166024,8.8759417896,9.9903892652,11.09084777,12.28908823,13.476365189,14.68203118,16.087846276,18.49161901,1.804714976,4.6926591562,6.5090777194,8.1921036542,9.6317262208,11.10313145,12.587876612,14.169426072,15.655749662,17.475201122,20.61100654
18.81533946,19.014092915,19.1986435,19.39997148,19.58721076,19.76432175,19.90257394,20.103058055,20.28998183,20.492824275,20.68222125,16.70159833,17.69874606,18.28187736,18.82062944,19.15789302,19.502408955,19.90257394,20.29080064,20.76773447,21.3522429,22.29434746,14.53452736,16.297397625,17.18630667,17.742569945,18.2816703,18.80761683,19.40150945,20.0047394,20.7815198,21.748219475,23.82023434,12.41687857,14.8944197,15.85777274,16.65165452,17.37022492,18.07134992,18.85669406,19.81223991,20.88633723,22.20505625,24.94858176,10.27073377,13.337324144,14.551223612,15.587924038,16.498699038,17.38036853,18.410633254,19.533150682,20.908570954,22.659724176,26.19529593
0.513830772,0.695868076,0.8939512874,1.1347181756,1.275242738,1.514502567,1.6554734618,1.7957008864,1.9343432412,2.1349106318,2.313694601,0.015176627,0.3067200596,0.592092858,0.8105469182,1.1146344062,1.415444438,1.8019282102,2.3344696216,2.8203556276,3.5019636486,4.414096319,0.005871112,0.3894619645,0.814368661,1.2802344885,1.718342612,2.1359463555,2.63661804,3.186842471,3.880245376,4.8692486325,6.514498036,0.005871112,0.5897677574,1.1850881136,1.7689637016,2.3931493152,2.998616463,3.681431016,4.370271848,5.1155116566,6.2692847482,8.5158589,0.005871112,0.7402824464,1.4901078462,2.2629956938,3.0598021902,3.83980713,4.6765142882,5.575164576,6.5398742054,7.7774005946,10.62089564
3.720951816,4.0234127996,4.2177459772,4.3618816834,4.5774383734,4.686661639,4.8873945578,5.0889080638,5.2080591976,5.3666004024,5.519806077,1.766382374,2.8678638624,3.5155044198,4.0279688826,4.6348884578,5.084355921,5.5267437056,6.0539629666,6.4996506544,7.1112738358,7.970928781,0.039485799,1.6262664344,2.7378618482,3.6230389288,4.4123220102,5.278849413,6.0533071298,6.820463333,7.71093319,8.6096990986,10.00506978,0.022909171,0.8859278594,1.8886544808,3.0404642238,4.2179719544,5.349699634,6.4477856084,7.596277822,8.8785362112,10.21758774,12.23625469,0.015176627,0.894832564,1.825867641,2.8575997265,3.9813366404,5.400692181,6.8321378822,8.3080255372,9.9495326194,11.709333749,14.46894731
5.547964808,5.9026538322,6.0437223142,6.2564448658,6.2576216118,6.60971391,6.610363572,6.7521372808,6.9635484538,7.2463462302,7.317028205,3.42665646,4.4890573426,5.165392309,5.550454462,5.9084732384,6.60971391,6.9651325712,7.4511968702,8.0265787648,8.731190041,9.440523558,1.305350706,2.805972331,3.8427271938,4.8434500742,5.552788581,6.396550045,7.2985834594,8.0263615733,8.9424142256,9.8423927114,11.56283286,0.097337003,1.6131858925,2.982842733,4.129754256,5.188128693,6.2059536805,7.259991405,8.375355431,9.470945558,10.94440833,13.67795097,0.007158718,0.962179116,2.0164716626,3.0876480451,4.4652764846,5.811175253,7.1495741734,8.5454933615,10.142387724,11.926697234,15.44721404
0.015176627,0.062317441,0.25389887,0.3154301675,0.3886264288,0.410113612,0.628880548,0.7333560188,0.943944704,1.0620531054,1.382936842,0.015176627,0.2963651732,0.5357847928,0.784321187,1.0617921562,1.316094778,1.6677723156,1.952553112,2.3458965582,2.8103129156,3.58121617,0.005871112,0.3977098745,0.8337538668,1.2856686345,1.723281408,2.1788385195,2.6865629378,3.1832654046,3.796913162,4.4799158666,5.682334751,0.005871112,0.5947794402,1.1845604858,1.7601422566,2.3458965582,2.956439749,3.6118686824,4.3183711087,5.1155116566,6.1122857145,7.882227202,0.005871112,0.7309665705,1.482123825,2.236334594,3.047123153,3.8301562155,4.67996979,5.587612956,6.6376253,7.8060726465,10.06092275
0.742479671,0.970259284,1.1552867436,1.318938126,1.54671774,1.668435629,1.7910268458,1.9333598506,2.161139464,2.30341477,2.509818306,0.005871112,0.3142306276,0.615861574,0.9310328009,1.2375156672,1.5782217135,2.0729546058,2.5981008667,3.1545188888,3.7793880647,4.73972559,0.005871112,0.458514648,0.9326805806,1.3829633306,1.8594288986,2.345010293,2.8806748272,3.4496322486,4.2668409764,5.299080693,6.867283876,0.005871112,0.5969454746,1.189393922,1.8450801992,2.425057847,3.076679344,3.797422844,4.5615601834,5.4444958226,6.7694746146,9.095872618,0.005871112,0.764668644,1.515371925,2.285309257,3.074200352,3.882900456,4.739651119,5.68180245100001,6.77981653,8.103265463,11.32446136
1.2985358,1.4865255551,1.6619921456,1.8532945239,2.0076238966,2.048071397,2.3076557854,2.3849077694,2.6011981742,2.7503816087,3.06970868,0.079312536,0.4580615618,0.910757869,1.3108832341,1.9707621526,2.3692950385,2.871376886,3.4291535397,3.8938048782,4.4910871872,5.264187868,0.007158718,0.465520286,0.956231867,1.5196031405,2.01823367,2.7158487545,3.430975416,4.1829723465,5.195508487,6.1276368775,7.48333057,0.005871112,0.6033007132,1.3039877248,1.9601766226,2.674214513,3.422832391,4.1504756262,5.1894633162,6.3071799834,7.6737718306,9.565239377,0.005871112,0.81166498,1.65586781,2.410106391,3.28682412,4.143181281,5.105040844,6.178496197,7.517586964,9.300613894,11.71905121
7.186661041,7.5162499748,7.6865448912,7.8632423412,7.9850222792,8.201671281,8.3381019574,8.5558548094,8.6563199698,8.865552257,8.987261741,5.002358375,5.9847634996,6.5978382638,7.1381373619,7.7569000376,8.19639719,8.6883973362,9.2417665613,9.7139648212,10.295631338,11.19800791,2.867813127,4.660905892,5.782224621,6.7995233326,7.612695028,8.5158589,9.2773669856,10.135594066,11.017305374,11.951982148,13.28822598,0.746567631,3.524974663,5.025582656,6.217659109,7.46692085,8.570418871,9.66870401,10.924654925,12.08256472,13.47259428,15.38695936,0.039485799,2.2053414625,3.988485139,5.685129002,7.138422379,8.6036971265,10.0953884,11.638320245,13.17826914,14.93206704,17.61278262
18.82740118,18.949525552,19.177374764,19.26076451,19.484532358,19.60051313,19.727273466,19.882379078,19.962825542,20.188707922,20.30313662,16.71404531,17.455836622,18.061597022,18.538922784,19.080257418,19.48939297,19.949059282,20.535415118,20.980583616,21.639902828,22.49446419,14.5456436,15.945815765,16.99848039,17.798031425,18.70470442,19.49291382,20.28998183,21.14077108,21.95265525,22.888900525,24.4547398,12.42835561,14.531058369,15.915059084,17.047199488,18.298729136,19.302727105,20.190282944,21.100112369,22.228785082,23.497968917,26.19529593,10.31272508,12.970927049,14.760154564,16.33357046,17.699740104,18.708181865,19.804941134,20.946799485,22.352635502,24.098308981,27.90510977
18.85122156,19.080498764,19.219879108,19.306701927,19.527098176,19.651233215,19.754821574,19.991438512,20.200169332,20.358007912,20.63833561,16.61539172,17.58855361,18.24890146,18.83222053,19.30714861,19.779798115,20.23334848,20.71292655,21.23254435,21.827142775,22.65589311,14.63045394,16.315873385,17.31812322,18.22834026,19.07399462,19.793343925,20.42038639,21.083062195,21.86742966,22.817099415,24.4547398,12.5976818,15.03515365,16.478469764,17.699740104,18.511372788,19.31173986,20.208721524,21.095231684,22.204898102,23.513286342,26.02357774,10.57605744,13.743897999,15.59320765,16.785499132,17.775604846,18.80655685,19.88194157,21.079830431,22.447437464,24.146594737,27.90510977
21.39764328,21.545300424,21.72774531,21.788302354,22.030558888,22.13138004,22.362772928,22.437455895,22.617499714,22.837203171,23.19564961,19.24801691,19.960448374,20.560732528,21.05372428,21.392217368,21.74007085,22.073153102,22.48485092,23.010544124,23.529451202,24.69783422,17.02337375,18.425393578,19.27332955,19.851556714,20.422919824,20.94236757,21.601354328,22.299292196,23.02371444,24.048191768,25.84236705,14.9572156,16.99352,17.97904756,18.7660633,19.48069264,20.23334848,21.10304078,22.02413832,23.10875294,24.44317585,27.27037493,12.7291296,15.297432218,16.617740552,17.598279582,18.533808966,19.526270075,20.626637674,21.875599525,23.309697362,25.085475147,28.85069543
4.921123725,5.0390103193,5.2659854602,5.4042672205,5.616707242,5.670361476,5.8624289426,5.9992684827,6.2571288156,6.32904789,6.415439908,2.787611679,3.6081666612,4.2560743574,4.834702162,5.2915582242,5.715306002,6.2198784856,6.6926785378,7.1968361706,7.7909589056,8.5158589,0.682407524,2.3182575285,3.265680712,4.180574354,4.96540352,5.7598180445,6.543396779,7.3859136375,8.273573344,9.2489557685,10.68226198,0.015176627,0.9102306352,2.1762906762,3.4633701044,4.638890947,5.789224508,6.9133917524,8.0966997862,9.3688243522,10.801094222,12.78415277,0.005871112,0.956011431,1.9315862964,2.9943924288,4.42202723,5.901006656,7.3836330016,8.8850986233,10.50275437,12.317533894,14.98165989
17.35954408,17.47685318,17.715105774,17.745799403,18.069951328,18.10514156,18.359077256,18.428344217,18.582216048,18.78501357,19.13236762,15.23839552,16.009310685,16.66395728,17.21491798,17.71849991,18.126266655,18.76505684,19.16033572,19.83101459,20.390010995,21.27855001,13.11724696,14.584559156,15.603744884,16.526296604,17.36413747,18.12690088,19.018030488,19.85593333,20.72262693,21.77485629,23.4374006,10.98716076,13.166428032,14.558356856,15.844758577,17.011190998,18.124187435,19.300686506,20.54444622,21.73966049,23.205720505,25.54530729,8.866001187,11.746733184,13.515102704,15.134646057,16.658426594,18.09177486,19.554382674,21.069350001,22.476912246,24.160620894,27.63562461
13.22971827,13.399456427,13.593790108,13.739797011,13.876572904,13.983133855,14.20265191,14.34038926,14.49531362,14.613843103,14.73214166,11.04354496,11.993599416,12.517358978,13.12701519,13.545551938,14.16565272,14.570548178,15.01510232,15.603479544,16.201239886,17.06246522,8.932796983,10.469760991,11.46514772,12.43208129,13.196060334,14.07228872,14.894457758,15.654395516,16.660499646,17.606357411,19.0333019,6.828604445,9.028292453,10.60537712,11.772182572,13.108493034,14.18413233,15.293469384,16.492937888,17.72514235,19.138068766,21.12892814,4.738566557,7.7593738334,9.6103638758,11.345689806,12.809422524,14.27086106,15.7933286,17.305977986,18.81207471,20.553785051,23.22921926
10.65400265,10.758975968,11.010588436,11.220947596,11.359222808,11.40224689,11.71324975,11.75356535,11.956756334,12.098881182,12.43505324,8.52446788,9.3285923,9.958770261,10.64573041,11.04354496,11.53638568,12.06767659,12.46597665,13.00069836,13.51639016,14.55376645,6.403222288,8.0962437051,9.2073699546,10.085000168,11.00231876,11.77161443,12.578021426,13.471382696,14.234026126,15.255530145,16.71635801,4.281976792,6.7955281855,8.249861338,9.6004564685,10.72707062,11.92145575,13.0575203,14.2217924,15.39005842,16.748239615,18.83130887,2.160731295,5.433214806,7.419333724,8.93977311,10.56024206,12.03739353,13.47410876,14.92823389,16.56639813,18.33531117,20.78766096
1.845001092,2.0898771255,2.2741607466,2.4773588874,2.702627767,2.8235017675,2.9426767848,3.1566277192,3.2762635332,3.3974085851,3.610689648,0.007158718,0.4605439884,1.0576046078,1.5497268286,2.1060085522,2.579562363,3.0815370968,3.6311468002,4.1436813406,4.7206326588,5.840361797,0.005871112,0.4597857984,0.9297695868,1.3952453322,1.873958277,2.509818306,3.2870245724,4.1617924438,5.0567384554,6.126228941,8.070269081,0.005871112,0.600705723,1.193100316,1.845099976,2.412564911,3.076248186,3.800270857,4.6903975585,5.945313165,7.511674176,10.02742406,0.005871112,0.791157912,1.5148503102,2.2412103095,3.0733020176,3.8811212875,4.7007013516,5.623965332,6.695690333,8.5821139997,12.25733135
7.035696848,7.1414674784,7.3834751112,7.4480845561,7.6056519082,7.778541372,7.9752060806,8.1101840815,8.1967351568,8.4240932943,8.5158589,4.904523454,5.6424922903,6.2790080086,6.774819975,7.237897072,7.763073363,8.2389937746,8.7904934409,9.2425062536,9.9110363435,10.62639992,2.787611679,4.2022068633,5.1132415538,6.0133134951,6.86746265,7.7081736245,8.4770197278,9.3454016027,10.253232538,11.293344682,12.73133911,0.682407524,2.7381909735,4.11355843,5.366246679,6.543396779,7.746663735,8.882827683,10.027814275,11.32353598,12.705165365,14.89020259,0.015176627,1.313081489,3.191313804,4.8345865055,6.400915632,7.8223128125,9.308960813,10.81784363,12.42626966,14.24657996,17.00005014
0.106230734,0.107249653,0.1910149546,0.2459870757,0.2903335264,0.460003647,0.4612691428,0.5984779363,0.6857902216,0.8152680812,1.168415918,0.099402705,0.24890401,0.461313206,0.812053924,0.9630711,1.30649684,1.520767873,1.87254277,2.225618414,2.579974664,3.289724053,0.007158718,0.4551576302,0.813399153,1.2367426246,1.6625791164,2.149810461,2.580024239,3.0742436212,3.6378138536,4.1504756262,5.411032187,0.007158718,0.597830834,1.1654594396,1.679218899,2.346711745,2.934638405,3.6304554608,4.293634052,5.0368696076,5.8826308278,7.532340322,0.005871112,0.602782513,1.3079070764,2.0169439727,2.7292212304,3.5314877775,4.3478560818,5.1998104245,6.2338889972,7.3486630972,9.653648457
22.46521095,22.68914544,22.90001469,23.040862265,23.14863688,23.371365445,23.58144099,23.723528925,23.83344448,24.055022425,24.26433691,20.42460878,21.320473945,21.98381836,22.437177245,22.802053,23.115167305,23.50469873,23.88757788,24.39931801,24.932500445,26.02357774,18.40227118,19.97757171,20.76285072,21.326385085,21.89933082,22.44769737,23.101665,23.75025329,24.51951798,25.497382115,27.59975425,16.3949684,18.54007056,19.476198236,20.205144045,20.948978886,21.78507631,22.696686276,23.703870723,24.781297994,26.19568821,28.85069543,14.37963593,16.995504156,18.116548144,19.124140218,20.112220056,21.12892814,22.303470976,23.45897568,24.875950936,26.65283148,30.50914818
4.928102754,5.1553000142,5.3404070118,5.5044688776,5.731666138,5.85394549,6.080835001,6.2665546138,6.3801532444,6.4889152056,6.695067335,2.88770173,3.7316570733,4.3696338398,4.889027081,5.4866216718,5.97424068,6.4731134586,6.9490132639,7.505325284,8.1589258373,9.010516799,0.573105149,2.168391975,3.2630911974,4.2124414836,5.1077047042,5.958256275,6.7725048084,7.6061844186,8.535575287,9.5883888326,11.23910554,0.005871112,1.083411411,2.3620662774,3.6416791876,4.8361624076,6.015878874,7.1675529104,8.2766842268,9.5820663458,11.067714548,13.46836895,0.005871112,1.0081878672,2.0335712976,3.141968074,4.5255367326,5.988704519,7.3629564706,8.8101918122,10.37630355,12.238118022,15.69810102
0.097337003,0.1089976242,0.1472155792,0.2428632154,0.2950037276,0.4529513705,0.5082087382,0.5462670079,0.68721679,0.8106600184,0.9630711,0.096343309,0.2501247812,0.4612691428,0.8047571316,0.9633712374,1.27206624,1.518525618,1.8652255982,2.2177624964,2.4939927288,2.927792029,0.096343309,0.4544411795,0.81166498,1.1833726405,1.659994929,2.020061479,2.571464854,2.9614332295,3.535457002,4.137953218,5.052739639,0.008030875,0.4506900509,0.8532180508,1.3290598217,1.8975531334,2.5713412225,3.167498273,3.8692250349,4.693622342,5.5521245134,7.174031632,0.007158718,0.5480303469,1.101134843,1.6631941788,2.3081169558,2.975892622,3.7843530326,4.7007410304,5.7542486436,6.9534222278,9.295323625
17.92996936,18.261402134,18.456918938,18.619828192,18.768131064,18.8921757,19.012753216,19.249224236,19.37397583,19.575123402,19.73123384,15.83725917,16.863225698,17.436356432,18.070312499,18.476420786,18.98193019,19.494588956,19.908411226,20.551573208,21.015706149,21.8285733,13.93127608,15.317408933,16.34506962,17.359340059,18.088497978,18.87492711,19.830404238,20.572622858,21.604108502,22.50266382,23.93014073,11.82858529,13.887833754,15.308212166,16.661310084,17.781699648,18.98694477,20.187446328,21.265946814,22.564697166,23.913813196,26.0349123,9.733982055,12.49125002,14.45566634,16.015015255,17.61278262,19.124173185,20.55127959,22.02597561,23.7147222,25.359928215,28.1421691
12.88701746,13.015775271,13.178819172,13.326902901,13.485518834,13.64200508,13.781854838,13.942672709,14.085077968,14.364056859,14.52866623,10.69816393,11.607544468,12.21377014,12.77229449,13.318130688,13.821611825,14.242663746,14.729477072,15.31490082,15.922298538,16.75430243,8.533827031,10.29549161,11.36082283,12.271533615,13.12346961,13.915359865,14.7408743,15.59053034,16.46304969,17.40043818,18.98239072,6.414408399,8.9143497833,10.428497722,11.717767543,12.893571828,14.09520019,15.20984553,16.337438369,17.603384472,19.003569483,21.0478675,4.281976792,7.605101452,9.5361354204,11.089866152,12.684291816,14.18266936,15.613045128,17.099070983,18.698136542,20.503409297,23.27310107
7.481769047,7.6847524133,7.9678612258,8.166563586,8.3256949662,8.5195493535,8.6861203824,8.8843529624,8.9338044478,9.0943669352,9.402722398,5.285520284,6.2632651791,6.9049448292,7.4380643209,8.0475856734,8.4844268325,8.971897578,9.5080352363,10.0091170122,10.590952733,11.4860012,3.182371138,5.0150705407,6.113157816,7.1007639784,7.9357442954,8.787773534,9.5794821494,10.406011868,11.324253794,12.291416763,13.70093372,1.01621366,3.7154793042,5.1236934586,6.4282406624,7.6465670926,8.8252144145,9.9842052898,11.150885346,12.419339254,13.814502073,15.83999987,0.005871112,2.3245575604,4.1970931524,5.8325624972,7.3721608576,8.8866125835,10.314143314,11.807549263,13.419760824,15.209764261,17.88638116
19.31471998,19.654284223,19.853928464,20.01179218,20.14726302,20.371879595,20.481130418,20.664597624,20.753667518,20.968622323,21.10996804,17.20573593,18.146954005,18.8132195,19.2375523,19.80311644,20.265660795,20.7553806,21.30830021,21.81294196,22.408581465,23.21964276,15.10020826,16.785276215,17.8395125,18.83099618,19.57534107,20.457267875,21.30502476,22.03098738,22.98005953,23.890767155,25.33107735,12.99981655,15.511397172,17.020380316,18.2440825,19.513672528,20.61238215,21.7339528,22.832472348,23.990038008,25.22134068,27.44275019,11.05669138,14.258896688,16.199867346,17.838777008,19.38547928,20.65820785,21.90434115,23.121059512,24.519051272,26.280484618,29.4998445
8.807724471,8.935157913,9.1627370214,9.2447717274,9.4669223198,9.583358444,9.8598398132,9.9289416328,10.1242035544,10.271346438,10.59783464,6.667499334,7.6393341524,8.2218338856,8.8058099121,9.3208644104,9.85550036,10.309441762,10.911294972,11.343304406,11.976939835,12.78415277,4.546644471,6.2813238864,7.3392025128,8.2174804532,9.1038150558,9.892142867,10.691976822,11.582424766,12.482372868,13.433095914,14.98165989,2.426603491,4.888401909,6.317936773,7.5964343655,8.807724471,9.9601160135,11.12041703,12.32036135,13.5817093,14.976054735,17.08324784,0.315714515,3.5027209714,5.3480475648,7.0287362156,8.546806205,10.02742406,11.57311584,13.05754161,14.67927463,16.398784762,19.18651004
23.01594025,23.198279105,23.37422182,23.56010664,23.7364218,23.9217842,24.08122446,24.266795385,24.44317585,24.631811035,24.80992382,20.89479169,21.79901205,22.32298072,23.01119022,23.39075,23.98122795,24.43003929,24.895154785,25.47212526,25.9553869,26.93831361,18.77364312,20.24413217,21.2945478,22.304206625,23.0222207,23.605165045,24.22094663,24.89438001,25.74447284,26.73797167,28.53435568,16.65249456,18.830461216,20.224319212,21.312173544,22.158244996,23.01877461,23.822876368,24.808955004,25.947814092,27.350167714,30.16817899,14.531346,17.404757125,19.13090873,20.2293652,21.2724108,22.33067224,23.44105505,24.78494698,26.2095838,28.013054245,31.86506464
4.349178719,4.4214778428,4.7024001632,4.7038394444,4.98581104,5.058566553,5.4090679716,5.4108966632,5.62244336,5.7652116052,6.118134899,2.225618414,2.9356595472,3.6393171188,3.9968043355,4.6980149308,5.0561127945,5.6352179218,6.1152657093,6.78747098,7.3464805681,8.239443034,0.104298216,1.33958896,2.227536487,3.265900723,3.993921451,4.730076798,5.567609493,6.4353786365,7.238933155,8.2946778075,10.36051974,0.007158718,0.694991652,1.498683404,2.232881034,3.28682412,4.3403285395,5.400388124,6.4703174235,7.671586012,9.243923298,12.10874441,0.005871112,0.7491230454,1.503862159,2.2241280238,3.0503875976,3.886431473,5.1059287974,6.5621984958,8.1663058646,10.113505644,14.02305324
12.98732453,13.218902506,13.40233287,13.609046672,13.772267648,13.912560215,14.080300846,14.1165859,14.352565134,14.468684477,14.7408743,10.93640174,11.734998814,12.33209206,12.730837769,13.359195024,13.771398315,14.258328602,14.807929979,15.359549988,15.899372131,16.9260459,8.636910821,10.067229792,11.094287918,12.009109398,12.867685444,13.698435185,14.475749228,15.38160318,16.24434355,17.294827254,19.04236048,6.400915632,8.6237041808,10.076184724,11.362276732,12.507221106,13.73805367,14.892254278,16.05065765,17.330451482,18.73100863,21.18329426,4.405224775,7.1856478102,9.139148635,10.775693074,12.33209206,13.83037885,15.27789702,16.767958838,18.301053518,20.050137762,23.30269355
2.576071172,2.9281575907,3.001060694,3.2806095711,3.2846307498,3.460361291,3.6344930008,3.6374482919,3.916997169,3.9899002723,4.341986691,0.454779179,1.5150170134,2.2184580822,2.5807955306,3.005522932,3.632870033,3.9960662734,4.4404037024,5.0481656488,5.6546288918,6.466934301,0.096343309,0.5967859465,1.1652455766,1.8643085633,2.5710179238,3.2140787135,3.9860755436,4.7006616728,5.5031732172,6.5304419176,8.588226294,0.007158718,0.4597857984,1.0034135556,1.6554217848,2.2257744326,2.931447646,3.6429906914,4.7211124192,6.0886100818,7.53224902,10.36051974,0.004800048,0.5694251655,1.1604142632,1.7742662754,2.4588500998,3.27147171,4.1005071998,5.0718996316,6.4690144832,8.422995353,12.10874441
17.0162416,17.20494336,17.37970682,17.572201455,17.74981521,17.938752385,18.08631339,18.27819691,18.45579754,18.650658955,18.83130887,14.89533181,15.8533122,16.389525774,17.021599054,17.473000748,18.07304244,18.462527016,19.080258018,19.514907332,20.19394311,21.00577781,12.76701215,14.531269729,15.586573654,16.45983099,17.365449946,18.129883325,18.929762118,19.838635595,20.623990158,21.616421289,23.11761817,10.64573041,13.148386482,14.616817216,15.9667997,17.134166832,18.33569209,19.497074802,20.620335175,21.923465224,23.242383803,25.29918531,8.52446788,11.788175411,13.769551954,15.381901468,16.987971902,18.42783055,19.871072424,21.384018088,23.019979542,24.789466984,27.40858161
19.53589162,19.612811594,19.890681378,20.102165616,20.248790652,20.2519404,20.597676782,20.738823046,20.954308174,20.95841511,21.30502476,17.41457375,18.13168163,18.8332067,19.24850329,19.89052385,20.27755927,20.94801003,21.30751069,21.7446344,22.37240044,23.4262095,15.29325588,16.752088422,17.839885914,18.828384358,19.596804574,20.41233776,21.30488894,22.036022034,22.911023712,23.883897874,25.19990575,13.17193801,15.397569812,16.907454514,18.186914196,19.414104306,20.59796939,21.68457723,22.833125384,24.108783796,25.429546064,27.34237879,11.05062014,14.167812952,16.113801388,17.787278058,19.315721028,20.79749656,22.25308027,23.696272569,25.191777988,26.910138741,29.46168168
0.806011222,1.1573545733,1.2058185042,1.4178245026,1.5115695102,1.5161566785,1.6867086702,1.8442124432,1.8686365602,2.1851331244,2.245095107,0.008030875,0.2466378657,0.4499462972,0.6078356324,0.812187664,1.1575000655,1.5033375782,1.8653526205,2.3591913958,2.9256143729,4.017576708,0.008030875,0.255976073,0.58850463,0.8507716258,1.1994654038,1.561661384,1.9364221828,2.3736659346,2.9289060194,3.7789630068,5.754189851,0.004800048,0.4109894824,0.8115487318,1.1991813936,1.6602530002,2.112890904,2.641872477,3.2789192529,3.9865231562,4.8550048202,7.499749533,0.003586253,0.4792375912,0.9648962604,1.5170503396,2.0584049884,2.712142967,3.3888798342,4.0753874176,4.9747902236,6.114986653,9.295323625
8.53283773,8.7416357094,8.918805724,9.016469678,9.2306927144,9.336968384,9.5386904504,9.6518913315,9.800815865,9.9891611407,10.30017637,6.219994486,7.0074614875,7.532340322,8.205203672,8.594076142,9.143553599,9.647791372,10.073116105,10.67975307,11.23642546,12.4820593,3.990087202,5.4079611586,6.4299604504,7.1750987608,7.8824865472,8.591794989,9.3454946644,10.152535526,11.073258928,12.145092746,14.20936505,1.949996262,3.918557792,5.109480611,6.115545467,7.145131784,8.133810034,9.14021402,10.22554347,11.51678502,13.05441903,15.88743207,0.005871112,2.2251111744,3.7341828216,5.0537842038,6.281987958,7.532340322,8.780344906,10.100044462,11.601592002,13.492946842,17.02511604
22.3145574,22.49097795,22.67237661,22.84843259,23.02261526,23.20347249,23.37941796,23.555378195,23.7296971,23.910433965,24.08646315,20.19342588,21.1097922,21.67222966,22.32107569,22.75891734,23.376471955,23.77060903,24.32144011,24.8125204,25.497700625,26.22560227,18.07233869,19.70894708,20.83517144,21.66485855,22.58870569,23.401850345,24.16771263,25.05858685,25.90243977,26.924337545,28.34543672,15.9513135,18.42081949,19.84696888,21.154418444,22.328957178,23.46323349,24.679878982,25.854422122,27.045794212,28.407138754,30.49734891,13.83037885,17.03283834,18.92657667,20.56944052,22.13173847,23.682373125,24.98979763,26.2520729,27.69211751,29.450885445,32.61548495
24.87234089,25.069515555,25.25591245,25.4315752,25.57710596,25.773732245,25.95989448,26.135600265,26.28199682,26.47810327,26.66404188,22.75891734,23.73720094,24.350001812,24.821214228,25.37163039,25.85094259,26.26580884,26.910534228,27.357733444,28.000714442,28.84504618,20.72929888,22.338194724,23.380487796,24.292328472,25.143645072,25.86725822,26.568906828,27.287994098,28.06399371,29.088718484,30.844783,18.62897767,20.90046546,22.31553343,23.58747421,24.4547398,25.40569075,26.30186766,27.31529974,28.45714176,29.83169329,32.57121399,16.68532131,19.498035,21.32068287,22.66309225,23.7296971,24.83207572,26.02357774,27.317862765,28.75601594,30.53995123,34.36494866
19.68666032,20.020095802,20.216946284,20.378424356,20.534970534,20.740133075,20.882503456,21.013957104,21.12960401,21.334270116,21.48691162,17.4911431,18.565588905,19.232308182,19.839750077,20.285597016,20.785581225,21.276040236,21.743741998,22.326976706,22.875888217,23.69202141,15.38695936,17.11768553,18.25252809,19.17115995,20.08896029,20.909645945,21.70951921,22.586791805,23.44105505,24.441926575,25.90243977,13.28822598,15.830169544,17.365832944,18.694101318,19.84696888,20.96736823,22.143127738,23.299665538,24.479848286,25.856851318,28.11691472,11.35282272,14.468684477,16.376726672,18.07407642,19.595859732,20.964581895,22.31700387,23.690091753,25.157980786,26.921197463,30.16301774
23.06925735,23.182293452,23.424811752,23.428019535,23.777360658,23.783779115,24.061068004,24.169975947,24.485406418,24.491618271,24.83689308,20.94801003,21.664467757,22.369574256,22.824359788,23.42661173,23.809269045,24.48519251,24.852165487,25.545271702,25.920414551,26.95816701,18.82677915,20.286251244,21.375382482,22.365296318,23.143853888,23.962722525,24.840253156,25.595032662,26.60650004,27.433501696,29.07944771,16.705571,18.867572586,20.399921286,21.698955852,22.971102418,24.13327638,25.235704128,26.410063756,27.668510158,28.992248436,30.90758847,14.58439549,17.612424659,19.572512662,21.304787075,22.771669748,24.245228875,25.54733164,26.9241264,28.376662856,30.144002294,33.07404718
27.44275019,27.638143555,27.82838296,27.9172871,28.08886172,28.18133915,28.22910233,28.500101695,28.53435568,28.822504455,29.17279085,25.33107735,26.0349403,26.42104323,26.73797167,27.05857936,27.441129775,27.83261479,28.292067195,28.75521432,29.434095215,30.50914818,23.15352669,24.408083905,25.022994666,25.54739548,26.199828204,26.7746198,27.363149254,28.074390863,28.922561086,29.806321579,31.86506464,21.10996804,22.717344517,23.603350942,24.435676481,25.194288386,26.071437655,26.969711428,28.024183285,29.12770656,30.5388294,33.63697719,19.0028864,21.03924592,22.295019958,23.231231425,24.302090974,25.47767981,26.60931459,27.980531981,29.436454564,31.260639425,35.10631223
5.783948348,5.9528677866,6.1171116486,6.224099862,6.3710118972,6.555158287,6.6712412654,6.8026241178,6.9665332926,7.196253945,7.361536474,3.609597347,4.5268264766,5.020976395,5.4007632035,5.7548233218,6.114189953,6.5823272226,7.1096217139,7.5905188682,8.2280724313,9.295323625,1.561661384,2.9299853992,3.6453816058,4.3655816574,5.106016804,5.765668471,6.5785848912,7.3891790858,8.2387800344,9.2966164406,11.11332465,0.083450254,1.5131906686,2.5710678406,3.4892710888,4.3510074518,5.407728727,6.4618179968,7.5296214716,8.6881819758,10.210090806,13.07204665,0.004800048,0.6101521562,1.3886004822,2.3081966001,3.5733327352,4.703686349,6.0680947526,7.3784407645,8.9445807358,10.875089873,14.60543184
3.609597347,3.7930804175,4.059316725,4.154828607,4.337741091,4.536063547,4.598358337,4.753945499,4.975437421,5.136195228,5.30008149,1.561661384,2.603721953,3.192853011,3.6859752605,4.138718506,4.6143165405,5.059027442,5.563759886,6.067926863,6.563058396,7.361536474,0.083450254,1.4611937088,2.2185574516,2.927377101,3.6334870904,4.34068044,5.0571774716,5.7797678934,6.6924595276,7.6751300878,9.295323625,0.004800048,0.5390403021,1.177508991,1.9102502476,2.9249684718,3.8765297645,4.8804589236,6.0407076617,7.1775216342,8.6504981037,11.11332465,0.004800048,0.5648188714,1.1645457132,1.8161926632,2.5497857038,3.405279129,4.6327142342,6.0270016995,7.53224902,9.5603888691,13.07204665
12.90875887,13.132333032,13.317743484,13.48388877,13.558907826,13.74537376,13.949959104,14.039147892,14.150934978,14.35841449,14.56310321,10.58880245,11.424129046,11.801763818,12.248307026,12.642648632,13.078521905,13.553988686,14.008535016,14.516585864,15.040885113,16.11013444,8.360213711,9.6565906398,10.499944894,11.06883066,11.637742084,12.25733135,12.933427938,13.615991492,14.46701714,15.416234392,17.27844981,6.317936773,8.0638288912,8.9450145276,9.729659691,10.597322788,11.47964102,12.358701732,13.36426802,14.436490886,15.751410416,18.42536169,4.089348031,6.3815492902,7.4151532068,8.4811847821,9.5623031022,10.63193869,11.77995103,13.055585742,14.486004878,16.117524943,19.68684814
0.083450254,0.1330969531,0.2240809346,0.3490990258,0.4300603328,0.558518202,0.6059449896,0.7318682913,1.0070796056,1.0900566455,1.177179871,0.004800048,0.2457762216,0.5078940936,0.727064873,0.9941313634,1.253858824,1.5775232986,1.846947195,2.2646603444,2.708869048,3.39703619,0.004800048,0.3606477146,0.6863955588,1.0592778068,1.4623790946,1.864358248,2.3042835698,2.7993122852,3.3995884252,4.1322302374,5.400388124,0.004800048,0.4058456855,0.817246706,1.264443315,1.764048406,2.2863412455,2.924769733,3.6163328255,4.369110913,5.4005965015,7.361536474,0.003586253,0.489789097,0.993334835,1.538177693,2.137233535,2.771991165,3.470621776,4.333504463,5.305135355,6.503329276,9.295323625
22.32751484,22.536517279,22.689978186,22.841260571,22.967046852,23.103929635,23.257538434,23.462123062,23.659425448,23.823148577,24.12759199,20.09709957,21.16261768,21.70080062,22.257772046,22.778092928,23.29512352,23.793474144,24.318870198,24.803324374,25.422647991,26.35839909,17.86809737,19.599608324,20.596852898,21.516486844,22.303947498,22.99459405,23.684302782,24.483561296,25.281828722,26.320217758,28.25781011,15.81414984,18.162734412,19.600590384,20.646959196,21.603582978,22.4995424,23.42485005,24.499769296,25.63337884,27.071095502,29.79497829,13.69593665,16.700242308,18.465891754,19.61722927,20.783928538,21.96533948,23.194623176,24.51917511,26.07899176,27.971276122,31.78803801
11.08942458,11.157540656,11.421049528,11.585789703,11.646731948,11.88201405,12.08244568,12.136805703,12.3509056,12.615152793,12.6889256,9.058508938,9.648438407,10.159467696,10.671862154,11.080535946,11.5738863,12.070939392,12.495123888,13.029597032,13.563418926,14.60543184,7.05869474,8.1646385406,8.944145395,9.6163719794,10.155440724,10.7969582,11.547690648,12.215683358,13.082407058,14.098139696,16.11013444,5.059027442,6.5510515266,7.4954516488,8.2393743193,9.1356768284,10.032449685,10.976606426,11.990058939,13.085229718,14.519295521,17.27844981,3.059795071,4.808901156,5.9470103178,7.0293342254,8.0723819856,9.185222724,10.359572204,11.631058702,13.089724238,14.87061013,18.42536169
29.43537502,29.545247615,29.789830724,29.801098746,30.143475254,30.147954285,30.427172868,30.498180195,30.643402108,30.848145751,30.8554233,27.31405715,28.031833512,28.726347558,29.072214042,29.42635466,29.76773183,30.140620994,30.497323718,31.03952317,31.56155339,32.92176091,25.19273927,26.592361416,27.268182746,27.762467442,28.386770602,29.07944771,29.764150034,30.478035086,31.21107203,32.283749702,34.36494866,23.0714214,24.888975296,25.887491574,26.639762992,27.60438803,28.41959274,29.432963652,30.494280736,31.616842746,33.043180932,35.63620516,20.95010353,23.368865952,24.492452286,25.556280343,26.636952658,27.843530265,29.0948866,30.389316613,31.751210746,33.390308218,36.48353382
26.9719267,27.318489662,27.404206012,27.669282354,27.691248688,27.86665816,28.036488256,28.073309814,28.325400716,28.413030013,28.75179043,24.83689308,25.585750324,26.261517922,26.871997194,27.31710569,27.75955313,28.360072692,28.732798566,29.265641546,29.837397904,30.87129676,22.71562782,24.17469097,25.248803636,26.255088868,27.033258636,27.91194928,28.729799884,29.498424244,30.494923562,31.51287885,33.02499865,20.5943739,22.773098616,24.36463005,25.612461264,26.8295785,27.83261479,28.823084304,29.911679958,31.157482182,32.570037446,34.93301134,18.47313524,21.460118524,23.430286602,25.136151262,26.27394455,27.48145617,28.734112934,30.128696424,31.611975154,33.413122528,36.48353382
27.62173639,27.974969387,28.186536584,28.328244448,28.411973288,28.67869474,28.686550008,29.030909959,29.04235664,29.286075148,29.3952904,25.49483748,26.38033573,26.963085888,27.622069368,28.01553703,28.67811956,29.071024548,29.693908844,30.111016742,30.80004668,31.53898548,23.37352595,25.050991506,26.12056525,26.994151406,27.95441465,28.69108707,29.408236544,30.141739352,30.883298274,31.910880156,33.69468968,21.25221617,23.743366304,25.185757778,26.464744856,27.316983208,28.144412965,29.081377136,30.07539237,31.15663248,32.570681013,35.27691267,19.48639118,22.350333403,24.237046084,25.459353711,26.383488566,27.36205221,28.453137792,29.697794151,31.018135496,32.722362341,36.11252039
25.29918531,25.45516802,25.66070761,25.777864989,26.019160706,26.139452915,26.293172604,26.402737329,26.574214308,26.763378554,27.09560027,23.11761817,24.03216119,24.64150499,25.187405574,25.662815762,26.20761865,26.66651571,27.256978664,27.70929589,28.34277134,29.09776982,20.94754789,22.586409028,23.68023584,24.517958802,25.467982788,26.18820849,26.897435422,27.633916032,28.460524254,29.488917334,31.08727775,18.83130887,21.253434332,22.70721675,23.897438594,24.84655377,25.86079047,26.849796584,27.911990706,29.075855052,30.490726104,33.10826887,16.67314267,19.84425785,21.67222966,22.97929564,24.14407351,25.41813332,26.6272992,27.99328341,29.43537502,31.20334618,35.10631223
20.84913602,21.044199025,21.22660706,21.424120225,21.60905416,21.787923275,21.93163706,22.128497315,22.31320413,22.512324905,22.6993712,18.73240245,19.641226905,20.26624033,20.753055825,21.16222606,21.48706011,21.88971934,22.327823905,22.93759256,23.40321961,24.52139631,16.57656293,18.16425539,18.9995884,19.60147695,20.21161212,20.816174055,21.48367689,22.269459995,23.02886845,24.076969025,26.08291216,14.45679312,16.603177559,17.609671858,18.422625897,19.261312516,20.111848355,21.074010476,22.092215916,23.275991554,24.737072125,27.7073418,12.32389567,14.977517438,16.264042556,17.34518604,18.411818838,19.52694712,20.739507082,22.068378518,23.611545058,25.423486386,29.22538532
23.84252609,24.020702419,24.067353032,24.268388726,24.308121358,24.44732031,24.52028571,24.717787023,24.825564594,24.963243916,25.40728311,21.52388065,22.282444516,22.630083112,22.985950788,23.397196414,23.7220318,24.108520696,24.558096992,25.027077952,25.655987368,26.79117268,19.37051975,20.639818695,21.22660706,21.854409845,22.50211111,23.09476389,23.7220318,24.5149134,25.3440092,26.34380756,28.45046848,17.36477661,18.935655821,19.828863082,20.711390217,21.548707562,22.44485496,23.402945566,24.466264134,25.615184122,27.040418709,30.16301774,15.12980367,17.32462724,18.485392092,19.585103984,20.703456946,21.86294046,23.073846358,24.441795154,25.936470974,27.798513094,31.43824207
29.01092378,29.177085978,29.372904668,29.514967818,29.640557306,29.76366606,29.975861566,30.122476109,30.298572904,30.483579369,30.81094483,26.81455065,27.63109488,28.239710088,28.775168554,29.299870438,29.81609627,30.269537114,30.784570792,31.336324526,31.905008436,32.91178865,24.62532344,26.27514759,27.314845352,28.164185892,29.085546776,29.8877065,30.757114746,31.580721842,32.443232218,33.505879138,34.93351654,22.44533319,24.840867421,26.323336798,27.668624951,28.848141654,30.10570901,31.197703388,32.267115596,33.459213314,34.814153813,36.86832329,20.33276841,23.46070494,25.482957562,27.131996128,28.66805432,29.88477662,31.217019446,32.624137894,33.921622468,35.336515042,37.75115507
28.27570351,28.466731326,28.551827606,28.680420086,28.798682878,28.91802577,29.088251076,29.2206461,29.394546182,29.526140394,29.68980603,26.05562672,26.75225911,27.173902548,27.5308131,27.924573494,28.28739554,28.75015075,29.214719122,29.695131444,30.320747012,31.43824207,24.10007489,25.115216748,25.751097512,26.367612804,27.011934502,27.673067835,28.372838176,29.104269007,29.99619035,31.010777593,33.10826887,22.01435988,23.441469308,24.387879162,25.280345194,26.199855252,27.09560027,28.086211812,29.150701784,30.375643834,31.833487418,34.7763478,19.79918012,21.845096094,23.027617812,24.165272604,25.394734352,26.57076441,27.85604158,29.226811766,30.789221238,32.47591446,35.84178015
25.94031845,26.279780006,26.478612164,26.585611432,26.71356908,26.8290272,27.0179908,27.173457112,27.283143996,27.464560053,27.7073418,24.00395187,24.850292742,25.342192994,25.714232588,26.08160536,26.45526518,26.872170364,27.298136524,27.762226266,28.376270666,29.22538532,21.9541278,23.39605786,24.00395187,24.55895817,25.21245236,25.87285371,26.55749528,27.30173104,28.11691472,29.20364913,30.96029727,19.90672624,21.747925382,22.6220891,23.522120738,24.37547954,25.29156611,26.25071629,27.301290958,28.459422042,29.914395184,32.73573797,17.8625802,20.134452884,21.322839894,22.431211553,23.597394714,24.79062266,26.020089542,27.354756475,28.911673762,30.790163957,34.45048003
20.4943649,20.717906374,20.827482534,21.075567474,21.197921898,21.38152346,21.446234802,21.698688534,21.849248484,22.0252713,22.27814312,18.47465871,19.296173105,19.988102614,20.518005983,21.002451946,21.488366805,22.0345148,22.501753719,22.96964734,23.505660082,24.30065099,16.46501525,18.01167769,19.002573212,19.904624962,20.693546438,21.34784221,22.061357026,22.774731488,23.641479614,24.587806948,26.32921603,14.45325641,16.738498596,18.181694366,19.142648782,20.037429316,20.92672425,21.849291476,22.922071646,24.042266848,25.427317422,27.99008825,12.29928686,15.456210852,16.99692319,18.086629895,19.184375004,20.37473106,21.56605053,22.931531561,24.36552623,26.19417342,29.68980603
33.0462969,33.262210777,33.366424522,33.418993972,33.556191188,33.721110425,33.823875518,34.004019973,34.112900782,34.27714876,34.45048003,31.15488724,31.62648706,31.97688713,32.33657381,32.73983181,33.21783652,33.55635766,33.99657644,34.38935019,34.86507163,35.63620516,28.95564287,29.98201088,30.668869488,31.238611858,31.787163902,32.27719953,32.869628654,33.430657091,34.15051441,34.916176012,36.48353382,26.93218775,28.34543672,29.23014014,29.93670593,30.62759968,31.38456708,32.18490833,32.99103627,33.95638163,35.06554775,37.200398,24.8125204,26.74330933,27.75639525,28.689898975,29.50732009,30.487851765,31.48860729,32.571721125,33.71278289,35.10877775,37.75115507
25.93910555,26.138104474,26.346621446,26.416679983,26.597698508,26.80269136,26.893506036,27.058252912,27.260311424,27.47066041,27.67220933,23.8809818,24.832803942,25.417384992,25.924686834,26.408178666,26.88363926,27.358088828,27.81083341,28.292589128,28.8854156,29.72885012,21.82350538,23.431737814,24.463722826,25.293800362,26.097734986,26.87884518,27.64437082,28.389942556,29.226336284,30.183711542,31.78585274,19.76675043,22.08568442,23.523187076,24.73855988,25.67331549,26.6272992,27.61197559,28.681066966,29.861449898,31.24394727,33.69647962,17.86976486,20.796003135,22.6362086,23.84450594,25.01507558,26.25531234,27.51990235,28.88698535,30.40562405,32.25184861,35.56960861
33.1750036,33.333913551,33.498884528,33.650104541,33.805411488,33.971855565,34.125903306,34.277643081,34.441348766,34.681262265,34.87304603,31.00049123,31.850785586,32.46142244,33.0097693,33.440443726,33.9061258,34.340814174,34.740667668,35.116012838,35.50035994,36.21265235,28.93961623,30.528650528,31.467223532,32.171149876,32.726820884,33.29245324,33.779713654,34.391575022,34.948595644,35.638399248,37.200398,26.99062164,29.194352253,30.2085354,30.99195452,31.686399196,32.35068574,33.074375122,33.841232525,34.704603474,35.717539426,37.75115507,24.92919147,27.667281092,28.797028428,29.746017533,30.506472004,31.36609535,32.270042522,33.264323884,34.340928158,35.598388979,37.75115507
18.79626828,18.97082841,19.116987506,19.226370836,19.389446232,19.5691148,19.643768972,19.74326588,19.841612642,20.014670986,20.37603057,16.60361333,17.522816944,18.047114864,18.57983267,19.075403764,19.5691148,20.042739578,20.504872048,20.978271798,21.500778888,22.43632322,14.54214556,16.10202172,17.08809624,18.02747783,18.7940918,19.61144613,20.37402285,21.18670981,22.02148867,22.97929564,24.36212528,12.48070589,14.834408584,16.262965858,17.470602319,18.66218028,19.76322613,20.838868998,21.897823008,23.040122422,24.360993641,26.40498398,10.41931098,13.578279698,15.415059776,17.071570776,18.523424068,19.77368199,21.026981692,22.321336961,23.841281356,25.526859392,28.45046848
31.11353074,31.259715656,31.457108556,31.671172134,31.819617094,31.97688713,32.110087796,32.253400228,32.4062476,32.642985576,32.81158744,29.05206922,29.845595189,30.469905632,30.999552484,31.49007065,31.95844578,32.405347262,32.895980156,33.431620638,34.025282663,34.87304603,26.99062164,28.526313678,29.529052686,30.399196866,31.11614887,31.84484977,32.572888556,33.36184102,34.114256824,35.009771172,36.48353382,24.92919147,27.188423956,28.538641702,29.528613756,30.494525136,31.46515847,32.32754216,33.183425852,34.114940818,35.223308424,37.55332669,22.86778342,25.895663394,27.307711474,28.569913462,29.744587598,30.7064278,31.622980248,32.670038776,33.83087904,35.183946884,37.75115507
