"b1t0","b1t0.1","b1t0.2","b1t0.3","b1t0.4","b1t0.5","b1t0.6","b1t0.7","b1t0.8","b1t0.9","b1t1","b3t0","b3t0.1","b3t0.2","b3t0.3","b3t0.4","b3t0.5","b3t0.6","b3t0.7","b3t0.8","b3t0.9","b3t1","b5t0","b5t0.1","b5t0.2","b5t0.3","b5t0.4","b5t0.5","b5t0.6","b5t0.7","b5t0.8","b5t0.9","b5t1","b7t0","b7t0.1","b7t0.2","b7t0.3","b7t0.4","b7t0.5","b7t0.6","b7t0.7","b7t0.8","b7t0.9","b7t1","b9t0","b9t0.1","b9t0.2","b9t0.3","b9t0.4","b9t0.5","b9t0.6","b9t0.7","b9t0.8","b9t0.9","b9t1"
0.776160314,0.7787463461,0.7804109536,0.7847780649,0.7873695458,0.7918023865,0.7938947106,0.794815833,0.795959369,0.8020583002,0.804195743,0.685646947,0.7255128068,0.7384953834,0.7554779348,0.7609587562,0.768851323,0.7737407178,0.7787373644,0.7862935768,0.796730029,0.824555153,0.679564578,0.7181768878,0.7340695564,0.7463408267,0.7589096512,0.7689097615,0.7760159274,0.7854172212,0.7970210266,0.8151790512,0.899225249,0.679564578,0.7214458733,0.7367342112,0.7494121069,0.7587380712,0.767368187,0.774823118,0.7851997999,0.7968075198,0.8155984216,0.908465229,0.668651877,0.7217413036,0.7356219266,0.7456297806,0.7537425306,0.7619607945,0.769822296,0.7795348411,0.792415747,0.8097744169,0.908465229
0.751261249,0.753659483,0.7580457454,0.7604303686,0.7618102958,0.763287922,0.7635678652,0.7639284872,0.7666149344,0.7733731172,0.776897961,0.709099964,0.7444043844,0.7523912576,0.757541992,0.7612661006,0.764089444,0.7739863304,0.7806070112,0.792657324,0.801618626,0.815258883,0.69903365,0.7410197098,0.752197758,0.758491001,0.7633237404,0.76926023,0.7787949078,0.7836304406,0.7915125686,0.8004239676,0.830330454,0.676028131,0.7372103672,0.7491637426,0.7585886982,0.766040134,0.774767863,0.7813834188,0.7902570352,0.7995844048,0.814316686,0.920245399,0.66569676,0.733228091,0.74583896,0.7554638,0.763268949,0.771254058,0.779593475,0.789306378,0.79827196,0.814958327,0.920245399
0.760828028,0.766027353,0.768086254,0.7721396965,0.778449375,0.7803914525,0.784103178,0.7882147395,0.795330279,0.8002650875,0.814840987,0.739523458,0.7509301492,0.7567077752,0.7608425718,0.7658074774,0.770429226,0.7753620682,0.7809015886,0.7910086664,0.8000068068,0.836600324,0.692203858,0.7462457072,0.7528350146,0.7598409708,0.76414459,0.771396147,0.7789437956,0.785718071,0.7968075198,0.8151850172,0.850716948,0.680762509,0.7350487844,0.7470180676,0.7561624674,0.7632727436,0.770823201,0.779212982,0.788034365,0.797757272,0.8136285458,0.872273622,0.679564578,0.7305446797,0.7407049384,0.751816805,0.7610229044,0.7688511805,0.7778966858,0.786363706,0.7962924098,0.8119048722,0.899225249
0.759466501,0.7706099643,0.774061728,0.7789620606,0.7815115358,0.78325353,0.7842554682,0.785470987,0.7869743976,0.7894196547,0.790849442,0.69903365,0.739966414,0.760596622,0.773760084,0.781152481,0.786582247,0.789891495,0.795642312,0.805310236,0.814958327,0.871170119,0.696677,0.7371725454,0.7520997448,0.7620969222,0.7706088772,0.779593475,0.7879908868,0.7940532058,0.802550992,0.8171615188,0.920245399,0.66569676,0.7288330824,0.7444215486,0.755640358,0.7633547066,0.7718914285,0.77976886,0.7888965591,0.7975891268,0.8100085482,0.920245399,0.66569676,0.73017701,0.746081451,0.755494228,0.7631460264,0.770610268,0.7794032668,0.7870768906,0.7963353842,0.8094360326,0.920245399
0.715487367,0.7173042288,0.7233569694,0.7296452754,0.7368590088,0.752480154,0.7575901144,0.7804024835,0.7850793862,0.7930970443,0.800912468,0.675776288,0.7179366726,0.7269280158,0.7345270556,0.7411617338,0.745647289,0.7516334558,0.7588179756,0.7694854714,0.7822077094,0.819381623,0.610415838,0.6937635628,0.7197069514,0.732048182,0.7399711102,0.746846267,0.756070358,0.7658044182,0.7795343182,0.7977625286,0.92614988,0.610415838,0.6889973918,0.7172331182,0.7306260752,0.7409616466,0.751182689,0.7608226252,0.7736183016,0.7868356446,0.8080156628,1.035506161,0.610415838,0.689907925,0.7190517178,0.7342325762,0.7458509724,0.756238958,0.7674622758,0.7795087158,0.7912566774,0.8064312534,1.035506161
0.629458702,0.6598930378,0.6776761254,0.6857725536,0.7032770744,0.717865695,0.7237993898,0.7246404874,0.7348123042,0.7409694762,0.7465749,0.610415838,0.6865090056,0.7158393698,0.7292650682,0.7352694568,0.741477769,0.7468656624,0.7547556856,0.7654690006,0.7797232486,0.802153379,0.610415838,0.701607823,0.722474784,0.731777832,0.737870166,0.74520445,0.754209292,0.764644105,0.778044577,0.789055942,0.889942378,0.610415838,0.6960645323,0.7188022946,0.7324384965,0.7412202014,0.752398393,0.762862758,0.7781749733,0.7900534978,0.8079743839,0.92614988,0.610415838,0.6930017779,0.7176432718,0.7332181005,0.7456286128,0.7565854645,0.770049267,0.7835394101,0.7948341152,0.8120097778,1.035506161
0.710661136,0.7248564121,0.7484608794,0.756466292,0.760891403,0.7741973165,0.7827483604,0.7960148981,0.8011413882,0.8030537576,0.811523881,0.632840193,0.707586592,0.7280288862,0.7390947032,0.7521012922,0.759090764,0.7788385682,0.788987016,0.8027266036,0.8174611388,0.843861814,0.610415838,0.7175711987,0.734774074,0.7452795428,0.7562757188,0.76665713,0.7796513008,0.7890898534,0.8016692456,0.8150462719,0.843861814,0.610415838,0.7160095042,0.7325820004,0.7431633925,0.7535575628,0.7622756385,0.773905633,0.7843266171,0.7939055932,0.8065738304,0.843861814,0.610415838,0.7029968106,0.722489226,0.7344212572,0.7454854524,0.7544044255,0.763877326,0.7756035757,0.7875160038,0.8023312726,0.889942378
0.741549089,0.7524147531,0.7555145716,0.7565311503,0.7619134904,0.766463101,0.7697761404,0.7727596851,0.779376698,0.7863925071,0.806431822,0.722276646,0.7378758636,0.7517667662,0.759388936,0.7651801786,0.77225528,0.779645122,0.7870442048,0.7953561474,0.8029883342,0.82965265,0.699803702,0.7380181178,0.7476179134,0.754585229,0.7620076222,0.769030295,0.7785074108,0.7870383146,0.796545302,0.8068148134,0.920245399,0.69903365,0.7392849211,0.7498393014,0.7591066486,0.7645127112,0.7734359495,0.7809309956,0.7904663185,0.7997659008,0.8145855313,0.920245399,0.692203858,0.739664297,0.7505695766,0.759115748,0.7657406278,0.773760084,0.7807430774,0.7898312836,0.7988735824,0.813803148,0.920245399
0.711646652,0.7275969298,0.7491988022,0.754873468,0.769260838,0.7761244045,0.7821770438,0.7921746991,0.7940169414,0.7983579899,0.806865273,0.699487506,0.7297028588,0.7461253662,0.755471407,0.7630056004,0.771079695,0.780800126,0.7916550554,0.7962926042,0.8034504946,0.827589122,0.669177823,0.7343867474,0.7485215606,0.7596863724,0.7697269834,0.779010715,0.788328121,0.7970372774,0.80618321,0.8381492902,1.035506161,0.669177823,0.7371696648,0.7517679554,0.7607732395,0.7705590176,0.779145921,0.7867217376,0.7962641325,0.8082831598,0.8311729377,1.035506161,0.644502315,0.7177177048,0.740965953,0.7539921108,0.7617194766,0.7713982205,0.7802199168,0.7895476545,0.800840794,0.8207612577,1.035506161
0.742713982,0.7603968718,0.7735514662,0.7882374142,0.7924773038,0.795873081,0.8016461216,0.8140723736,0.8342650622,0.8530498682,0.894753779,0.699487506,0.7248963714,0.7391263224,0.7446810067,0.7523709318,0.764353027,0.7794991094,0.7942145664,0.8037838768,0.8226474808,0.920245399,0.699487506,0.7389687032,0.7492084836,0.757311217,0.7641549814,0.775799789,0.782848797,0.790805061,0.7994375376,0.8095230208,0.920245399,0.669177823,0.7406560648,0.7535357618,0.7612410904,0.7691941002,0.776558421,0.7840402788,0.7917897444,0.8008327844,0.8144719078,0.942621531,0.649077795,0.7363009522,0.7486382154,0.7569204584,0.763578558,0.772614051,0.7802055828,0.7897209012,0.800589188,0.8185245722,1.035506161
0.717498554,0.7291314605,0.737358392,0.742419937,0.748186103,0.759069898,0.777517519,0.7783836155,0.779398444,0.787828022,0.798599166,0.692203858,0.721024979,0.727293686,0.7367385695,0.74583896,0.7664393625,0.77965322,0.7881853385,0.803940389,0.8236898285,0.872273622,0.692203858,0.7242629322,0.7342554776,0.7423963524,0.7524368146,0.7656790645,0.777973986,0.7873046134,0.800508793,0.8208391214,0.872273622,0.652427531,0.7244690892,0.7361951482,0.7471162964,0.7583873206,0.767704102,0.7772696428,0.785817373,0.7974119252,0.8161260822,0.91376975,0.652427531,0.715647496,0.731635797,0.744783567,0.756334536,0.765601228,0.774802115,0.784467936,0.797568068,0.819142811,0.91376975
0.726026181,0.7275911176,0.735049306,0.7414737016,0.745585978,0.7470013,0.749368881,0.7520325178,0.7569393226,0.7662597962,0.780718806,0.720364201,0.7374357982,0.7462931892,0.7517144338,0.7620212082,0.767481601,0.777401878,0.7898624392,0.8007289334,0.8189772914,0.852351971,0.692203858,0.7381863594,0.749532606,0.759405682,0.7667782508,0.77478856,0.781044115,0.7918749354,0.8020236616,0.8207849754,0.872273622,0.692203858,0.736759368,0.7494856704,0.7592191394,0.7663971402,0.77478856,0.7813009406,0.790831573,0.8004954408,0.815256958,0.884097805,0.692203858,0.7360715414,0.7479589358,0.7588619246,0.7667619112,0.7747782115,0.7820727204,0.7907927959,0.8008489834,0.818136158,0.920245399
0.808154563,0.8171549847,0.8226127238,0.830409803,0.8475690796,0.859153341,0.871238384,0.8732921541,0.878585734,0.9129604853,0.954129026,0.644502315,0.7061404599,0.7476153576,0.7820042489,0.7983773284,0.812999852,0.8250847902,0.8410403073,0.8721147796,0.9043985256,1.035506161,0.644502315,0.7045954858,0.7223197492,0.735049538,0.7470466382,0.763886579,0.7819337784,0.8005245558,0.818624831,0.8570938828,1.035506161,0.629458702,0.7017563375,0.7211481752,0.7343686589,0.746346317,0.757628931,0.7694154004,0.7812983777,0.7947806988,0.8209577942,1.035506161,0.610415838,0.7080514389,0.7256150448,0.7382534504,0.7491794394,0.758696465,0.7688557444,0.7805872536,0.793443212,0.8106603158,1.035506161
0.744918582,0.7648843558,0.7712065982,0.7749452286,0.7819924044,0.796143215,0.7997466964,0.810450199,0.818253702,0.8230750412,0.859217984,0.715441647,0.748765832,0.76461901,0.7700135575,0.775463793,0.785944683,0.796143215,0.802780882,0.817578468,0.8282411845,0.868847316,0.685855908,0.7261035402,0.7478194372,0.7634658948,0.773290255,0.7853082325,0.7970720408,0.8103286617,0.8226979836,0.8436939032,0.947686556,0.659859597,0.717699457,0.7364245826,0.7509271432,0.7652746112,0.776089976,0.7877549094,0.8013813882,0.8191466798,0.8381411606,0.947686556,0.659859597,0.717098476,0.7372614526,0.7523356786,0.7641994262,0.7747235555,0.7837200196,0.7966101787,0.81310191,0.8345122907,0.947686556
0.724310399,0.7275827826,0.739612807,0.7527943624,0.756945,0.760831178,0.782211732,0.7860515568,0.7887023598,0.7895208426,0.797927953,0.661981473,0.7150702851,0.7238121818,0.7398760417,0.7518471048,0.7637309115,0.7735687776,0.7828819875,0.7895583298,0.7982293275,0.812090587,0.610415838,0.6990801101,0.7158313458,0.7284607206,0.7400335044,0.752398393,0.7667578674,0.7812034877,0.7911505058,0.8039544924,0.889942378,0.610415838,0.706397512,0.722487457,0.73414985,0.745916665,0.756504844,0.773354861,0.7858990535,0.800171819,0.8152919705,1.021061266,0.610415838,0.7076842545,0.724310399,0.7353783495,0.747379981,0.7572821525,0.773009083,0.785354873,0.798671597,0.8155008695,1.035506161
0.766797902,0.7765652607,0.788898897,0.8037207591,0.8092909384,0.8197404255,0.8247719486,0.8270652167,0.8276694876,0.8300603761,0.836844595,0.686920597,0.7207948687,0.7392428432,0.7523657634,0.7725001844,0.7841087095,0.789814623,0.8013835555,0.8066552916,0.8163290135,0.836844595,0.671473838,0.717390714,0.7363704706,0.7474281706,0.7575206354,0.773189723,0.7818047258,0.7891665538,0.7980301858,0.8121522626,0.836844595,0.610415838,0.716452037,0.7314177884,0.7414804296,0.7511451066,0.7603110195,0.7754164068,0.7867004077,0.7979535112,0.8115354598,0.843861814,0.610415838,0.7140310354,0.7270097784,0.7363958228,0.7464314376,0.754785247,0.7652590612,0.7796527434,0.7908920458,0.806192274,0.843861814
0.735351203,0.739112464,0.740939805,0.746023189,0.750564583,0.758344601,0.760702512,0.761782106,0.764581899,0.767287712,0.774802115,0.720364201,0.7378462888,0.7429189838,0.7585214306,0.762938363,0.767704102,0.7747653406,0.7833559662,0.7930810178,0.816928741,0.845257031,0.699803702,0.7409530929,0.7589859848,0.767662463,0.7758557988,0.783134674,0.7907235958,0.7983498373,0.8079575238,0.820760698,0.872273622,0.699803702,0.737620633,0.7496458142,0.7627320536,0.771572186,0.779568499,0.7874652112,0.797309621,0.8080829066,0.8233817646,0.91376975,0.692203858,0.7347395789,0.746298987,0.7552963703,0.7628151032,0.7714561745,0.7796392448,0.7894733633,0.800026528,0.8187237924,0.920245399
0.740354008,0.744153487,0.748626991,0.7528799566,0.7559722214,0.757068394,0.7579221736,0.7608042528,0.7628885928,0.76851092,0.772128529,0.734119754,0.7434981562,0.7501505946,0.7562187694,0.760629995,0.765076051,0.772270971,0.7773237286,0.7901501098,0.8021398545,0.920245399,0.699487506,0.7373716106,0.747978192,0.7547936938,0.7599386676,0.765339699,0.7746031856,0.783809231,0.7957724042,0.8098030968,0.920245399,0.649077795,0.7325472858,0.7458181876,0.7533052497,0.76076682,0.770423441,0.779099301,0.7896629841,0.8008141376,0.8159751797,1.035506161,0.649077795,0.7288178848,0.7415041356,0.7505670798,0.759046488,0.766260853,0.7763829188,0.7854137922,0.7972730276,0.8145173572,1.035506161
0.748002003,0.7487702534,0.7539364664,0.7572653439,0.7616380326,0.771247804,0.7747978818,0.7795594315,0.7900499304,0.797117145,0.815432724,0.691259729,0.7414457471,0.7495819394,0.7562304957,0.7626025834,0.7707209325,0.7782008206,0.7848298583,0.8002171516,0.8304861475,0.890675044,0.649077795,0.716280706,0.7445956606,0.7524039883,0.7596715638,0.7686333395,0.7776096502,0.790737152,0.8036717662,0.8440881525,1.035506161,0.649077795,0.7198408576,0.7431287844,0.7518725507,0.7598301618,0.769646214,0.7795151372,0.7921054242,0.8040350066,0.8283922833,1.035506161,0.644502315,0.7161467504,0.734750757,0.7463173442,0.7561746838,0.763779181,0.775236586,0.7853193482,0.7991737598,0.8185205492,1.035506161
0.715441647,0.731841474,0.7374849018,0.7387291969,0.757563818,0.7586918485,0.7892808214,0.7987894597,0.816074051,0.8223075194,0.84066679,0.715441647,0.7475757964,0.7608963606,0.7684629302,0.7754911002,0.786404761,0.797150041,0.8070484916,0.8208708696,0.8342355776,0.876966256,0.686750323,0.7381862902,0.7512406672,0.7647478531,0.7735312248,0.783377753,0.793999832,0.8080732787,0.8218590672,0.8405531641,0.902913694,0.659859597,0.7138878536,0.7345111268,0.7497763608,0.7640460586,0.775691008,0.7875914128,0.802273782,0.818610785,0.8370055883,0.947686556,0.652427531,0.7120739936,0.7305417174,0.7471673511,0.7591804576,0.770470364,0.7829629814,0.7959335076,0.813167385,0.8345119201,0.947686556
0.699803702,0.7538537474,0.7637070738,0.7682462826,0.7757660382,0.7907350285,0.7946703876,0.7978588405,0.8015373328,0.8062450905,0.812731391,0.699803702,0.7395756122,0.7544122616,0.7730997384,0.7798321716,0.787269095,0.795690042,0.800648588,0.808398024,0.8177537166,0.838908235,0.699803702,0.7374054239,0.7475486954,0.7561834762,0.7620696448,0.7692494835,0.776182234,0.7861388711,0.7969899828,0.8118686859,0.920245399,0.699803702,0.7363826459,0.7454881172,0.7517025424,0.7598648696,0.766424068,0.7747953442,0.7836172071,0.795166649,0.8078946003,0.920245399,0.699487506,0.7338762103,0.7444120468,0.7524865295,0.7613402822,0.7691002255,0.7782441136,0.7870932934,0.7980973936,0.8140254412,0.920245399
0.712625101,0.719234516,0.721356997,0.7246005295,0.725935884,0.7263628345,0.727067476,0.7410549675,0.745455547,0.7607028,0.817126637,0.669331489,0.706586409,0.7183611018,0.7226877346,0.7328783184,0.751756909,0.7612556882,0.7791543784,0.785748091,0.8042933576,0.853316103,0.669331489,0.7128022279,0.7298870074,0.7530415119,0.762617737,0.772392833,0.7805605984,0.7882504621,0.7990737488,0.8190347631,0.930967516,0.669331489,0.7206252416,0.7425855428,0.7594079336,0.769681827,0.7792738085,0.7875232948,0.7978553064,0.8101738108,0.8255226975,0.947686556,0.661260315,0.7215277564,0.7438088256,0.7599727362,0.7705625302,0.781600042,0.791003486,0.8024234924,0.8140204196,0.8298678102,0.947686556
0.730597212,0.7307250179,0.7343567524,0.7482563088,0.7512391356,0.7558543865,0.7595855188,0.7615565749,0.7699920062,0.7722942528,0.804280772,0.652427531,0.7258443748,0.7367761502,0.7483219204,0.7589823966,0.770919662,0.7799934988,0.7880945698,0.8053333428,0.8280528494,0.91376975,0.652427531,0.700736594,0.723975939,0.7363269485,0.74871559,0.763027181,0.780173323,0.7923862775,0.807955619,0.8263582775,0.91376975,0.652427531,0.7049794902,0.7252011658,0.737589987,0.7522058846,0.76648396,0.77928858,0.7909173294,0.8042126954,0.8254857966,0.91376975,0.652427531,0.7117556921,0.7289617514,0.7406784063,0.7540355838,0.766293456,0.7772079794,0.7875289535,0.8022468796,0.8233587362,0.91376975
0.774618243,0.7836366392,0.7880676304,0.7905147058,0.7978700718,0.806530998,0.8082356396,0.8105023752,0.8169092952,0.8228227324,0.843842457,0.721844206,0.7686164972,0.7790696326,0.7859347864,0.7921582566,0.79730783,0.8022105598,0.8103198902,0.8209026644,0.8322542358,0.91376975,0.701677814,0.7391915422,0.759185479,0.7694239494,0.7800501054,0.7881853385,0.796716273,0.8065691181,0.819961394,0.8382485025,0.91376975,0.652427531,0.7285654051,0.7430566666,0.7580491936,0.7685120446,0.778035686,0.7861769032,0.7960400487,0.8071103754,0.8249752413,0.91376975,0.652427531,0.7195146774,0.7342082284,0.7462288078,0.7570964508,0.766360532,0.7762404852,0.7854505168,0.7975788008,0.8155503778,0.91376975
0.708018435,0.7106210194,0.7146464678,0.7238852402,0.7291501558,0.737900482,0.738973018,0.7451621804,0.7518349958,0.7569268962,0.776455453,0.644502315,0.6854449218,0.7101833392,0.715935584,0.7214801172,0.727475531,0.7349193148,0.7466338282,0.754659467,0.7789541554,0.803959065,0.644502315,0.7021063727,0.7157607436,0.7225858102,0.7307656382,0.742106803,0.7554971318,0.7732279366,0.7943442622,0.8105781419,0.994227257,0.644502315,0.7047713485,0.719778551,0.7331639933,0.7445142088,0.756441206,0.772892356,0.7879499733,0.8037902564,0.8260526284,1.035506161,0.610415838,0.7026125842,0.7190938732,0.733325574,0.7445383824,0.755509066,0.7684430242,0.782029767,0.7952722188,0.8148838148,1.035506161
0.765957061,0.7675835048,0.7768439512,0.7820303968,0.7826013664,0.78309338,0.7862337538,0.7868866302,0.7890295536,0.7954840176,0.8043615,0.722299288,0.7463935866,0.7602044416,0.7646888634,0.7700664856,0.7739509,0.7810020852,0.7847730094,0.789155873,0.7966775898,0.841159719,0.719410561,0.7381820865,0.750150004,0.7637842205,0.771516202,0.7792507815,0.787266444,0.797055806,0.807955619,0.8221548655,0.86319557,0.699803702,0.7341938365,0.7450719346,0.7570371675,0.7660066558,0.7750106455,0.7846156546,0.794256299,0.8069165582,0.8227158227,0.91376975,0.652849343,0.7292581099,0.7409663808,0.750140249,0.7582608218,0.7653761145,0.7742953258,0.7844526552,0.7969899828,0.814507493,0.91376975
0.692761832,0.6962552632,0.7018313992,0.7048688502,0.7080251154,0.713215524,0.7171886406,0.7191567996,0.720567002,0.724679107,0.736866419,0.669331489,0.695553658,0.708211017,0.717697042,0.7220508392,0.73623389,0.7490305546,0.758752834,0.7646330898,0.781366695,0.811506515,0.669331489,0.7039541715,0.720551595,0.7347482555,0.749170123,0.759176474,0.768332239,0.7772446275,0.784275374,0.797305262,0.850878417,0.669331489,0.7126055808,0.7310833668,0.7488127182,0.7615895672,0.773111011,0.7830178938,0.7921198274,0.8043844682,0.8229539952,0.879258817,0.661260315,0.71900037,0.736650211,0.7526844715,0.765711544,0.7772446275,0.787483592,0.7992575915,0.811874514,0.8297142535,0.947686556
0.693426298,0.7038438975,0.7057874286,0.7162427235,0.7240383802,0.7414208465,0.7531833944,0.7567895824,0.7653979118,0.7810935675,0.788311544,0.686920597,0.7076576986,0.733224774,0.7433172292,0.7520880308,0.771231069,0.7830536618,0.7934827942,0.8024510112,0.8118568126,0.827055577,0.679205973,0.717242715,0.7358516208,0.752169991,0.7654864036,0.7799253465,0.789071186,0.7952963652,0.8040335994,0.8122293571,0.836844595,0.679205973,0.7172951229,0.729171852,0.7381737094,0.7495324298,0.7581490565,0.7734624618,0.7844350165,0.7935436634,0.8080084107,0.836844595,0.610415838,0.7107592638,0.7233637864,0.7331297368,0.7424124036,0.750210625,0.7596053812,0.7734431012,0.7864076338,0.8026738986,0.836844595
0.797864417,0.800217834,0.803959065,0.8064519675,0.809781137,0.8103346355,0.811639669,0.814192322,0.819786549,0.8219719845,0.8224514,0.693426298,0.738163195,0.757958951,0.7731999995,0.782934285,0.790996993,0.796018044,0.8023548245,0.808062016,0.812608563,0.827055577,0.679205973,0.708128448,0.719769509,0.728467005,0.742418158,0.754868948,0.77249821,0.786343079,0.795266304,0.806861589,0.827055577,0.644502315,0.704588649,0.7175374314,0.7286474316,0.7411452834,0.753183416,0.765916447,0.780108026,0.791060463,0.8058603654,0.836844595,0.610415838,0.7027504016,0.7197676994,0.7326288816,0.742629947,0.752316819,0.7639041198,0.779592492,0.7911492062,0.8099382432,1.021061266
0.732432703,0.740770962,0.744409532,0.7484894654,0.7497140998,0.758601643,0.7730338628,0.7786214448,0.7821306546,0.7916920498,0.81051943,0.680967278,0.710420058,0.739380286,0.749994129,0.759052118,0.772106476,0.781438497,0.795920942,0.81051943,0.824155988,0.879258817,0.669331489,0.709277477,0.730085514,0.7495580895,0.763213299,0.7748977745,0.789230138,0.8036012895,0.819710336,0.8356052935,0.879258817,0.669331489,0.7134314885,0.7352340568,0.7492566763,0.7613868314,0.7735270805,0.7837189262,0.7954807486,0.8098168002,0.827402103,0.883967262,0.669331489,0.7192894682,0.7371724854,0.7511724278,0.7641994262,0.775807704,0.7867238974,0.7994181984,0.8162514502,0.8365009534,0.947686556
0.812613502,0.814747478,0.821423362,0.8227130566,0.8254744898,0.827739175,0.8355923716,0.8382891588,0.8410945074,0.8513287198,0.86319557,0.751208654,0.7738488914,0.7816006372,0.7870245736,0.7953117936,0.7991558,0.8083103224,0.8166828926,0.8308253442,0.8529525946,0.91376975,0.677050401,0.7527026001,0.7615302014,0.7684352713,0.7753901078,0.782965115,0.7905430954,0.7992517399,0.8121721828,0.831200336,0.91376975,0.652427531,0.7192508813,0.736989189,0.7500123434,0.7600786856,0.7679786655,0.777251075,0.7872415896,0.7993207166,0.8195486678,0.91376975,0.639550224,0.7197765,0.734107114,0.744831653,0.754616157,0.763089334,0.774063754,0.785859763,0.799362506,0.819821183,0.91376975
0.729780772,0.7348833868,0.7405214904,0.7469274304,0.7488966382,0.7537618745,0.7588475076,0.7659572671,0.7764451232,0.7856718436,0.799237759,0.712944904,0.72690814,0.734097307,0.7414770445,0.746847389,0.750585383,0.75857281,0.77211477,0.786184178,0.8080369595,0.836523509,0.699803702,0.7247902392,0.7348523916,0.7410186228,0.7471803934,0.753854222,0.7620244812,0.7701382002,0.7822658694,0.799362857,0.837023249,0.699803702,0.7312228004,0.7404353608,0.747984798,0.7552984682,0.760897588,0.7671376998,0.7752618718,0.785021506,0.7982376394,0.844750647,0.687193003,0.730377383,0.741324322,0.749332412,0.756763831,0.76277688,0.770361263,0.77923218,0.7902382,0.808423692,0.920245399
0.73612092,0.7373866262,0.7443660572,0.7464795794,0.7484323952,0.750155046,0.7543592524,0.7568699691,0.7583897774,0.7593251707,0.761745663,0.70475864,0.7227498016,0.7393494366,0.7458589968,0.7503320114,0.755343365,0.7594891452,0.7627707233,0.769198368,0.7787385577,0.831766209,0.687193003,0.7265437817,0.7421326558,0.7486336838,0.7542226136,0.759577796,0.7648437746,0.7716005375,0.7806457606,0.7932933149,0.831766209,0.649077795,0.7230941308,0.7352990642,0.7434487212,0.7499236342,0.756979827,0.763520744,0.7725652806,0.784008661,0.800560364,0.889818402,0.649077795,0.7164629857,0.7332731692,0.7416402608,0.749100379,0.756920999,0.7636864816,0.774850326,0.787022063,0.8072768862,1.035506161
0.748439646,0.7522645284,0.7662786146,0.7754808381,0.7761837382,0.7804766275,0.7848706496,0.7878664,0.790476674,0.8013447333,0.812915201,0.649077795,0.7102516796,0.7341535586,0.7455949096,0.7513043458,0.760383941,0.769720281,0.7789418474,0.78941344,0.8034291848,0.831766209,0.649077795,0.7145138762,0.7318530358,0.7422504058,0.749101643,0.756387598,0.761309102,0.7702972072,0.7813299946,0.7998921912,0.943409079,0.649077795,0.713671578,0.729798408,0.740354008,0.748960819,0.756445697,0.762688405,0.771419662,0.784712053,0.811908465,1.035506161,0.644502315,0.7070114583,0.7231710836,0.7359496862,0.7456278024,0.7543180745,0.7627898722,0.7754847485,0.7912201962,0.8165045672,1.035506161
0.744027516,0.7689259638,0.7743158266,0.7968647398,0.8075942474,0.807638105,0.826160559,0.8368393926,0.8494267794,0.8561133226,0.861048456,0.680139248,0.7451641552,0.7502602262,0.7581916128,0.7692689872,0.78726609,0.8076155394,0.8261964726,0.8452506732,0.869142061,1.045733167,0.641872737,0.7285426052,0.7469897454,0.7568822304,0.7688195976,0.77780957,0.787677862,0.8033930695,0.8261964726,0.8561883051,1.045733167,0.641872737,0.7139888334,0.7403677728,0.7535894314,0.7633568894,0.7742038,0.78427035,0.7972898224,0.8193640026,0.8525054026,1.045733167,0.641872737,0.7088997781,0.732365792,0.7501361523,0.7631718596,0.774667546,0.7853959864,0.7973051078,0.8142542584,0.84427422,1.045733167
0.699193035,0.7142767203,0.7160697922,0.7182079073,0.720673875,0.7278550795,0.7353965008,0.7383097224,0.7414225136,0.7571790532,0.768044755,0.683298274,0.7110867526,0.7163544538,0.7239470524,0.7296911438,0.736796024,0.7452637314,0.7536676542,0.7615820612,0.7781072454,0.845799544,0.649077795,0.6973243676,0.7143542546,0.7235573408,0.7314358568,0.738277394,0.7476362194,0.7558121196,0.7710108634,0.79133391,0.947845634,0.644502315,0.6970446,0.713671578,0.725911751,0.735642535,0.748020577,0.758089978,0.773457156,0.788486993,0.811920462,1.010779636,0.644502315,0.698190222,0.714704005,0.728314993,0.740097182,0.751552483,0.762765398,0.778083605,0.794731267,0.816790827,1.035506161
0.715349388,0.729392839,0.731844267,0.733410213,0.736962985,0.7374985615,0.737734331,0.7462565505,0.749099747,0.7687942095,0.781934127,0.695050562,0.7266329518,0.734394763,0.7402810776,0.749613777,0.761683498,0.7746133046,0.7838175448,0.793103612,0.8128302872,0.947845634,0.649077795,0.7116376483,0.7273932664,0.736644351,0.7451567618,0.754100599,0.7612653334,0.7698967971,0.7836596156,0.8026226535,0.947845634,0.649077795,0.6985932802,0.7159339606,0.7292068992,0.7387760778,0.746704784,0.7551515806,0.7640659804,0.776483544,0.7975258378,0.947845634,0.649077795,0.6974881742,0.7143683028,0.7265115944,0.7365653234,0.7462565505,0.7544933244,0.7618118349,0.7754205226,0.7963169838,1.035506161
0.721669939,0.7241879742,0.7305299056,0.7341055125,0.7357648744,0.737848024,0.7387873664,0.7391908345,0.7424260102,0.7463549206,0.750627744,0.700430211,0.7216731564,0.7243727402,0.7298372251,0.7341331322,0.7380511445,0.7420750282,0.7470504912,0.7527184134,0.7601706262,0.796424868,0.697467068,0.7225430536,0.7311280048,0.737479287,0.7429017054,0.74719198,0.7519515646,0.7565605892,0.7610601244,0.7703288846,0.812310725,0.676495848,0.7230424684,0.7345829284,0.7424272882,0.7483989662,0.7539597245,0.7590046568,0.7650353796,0.7748271888,0.7859784178,0.836523509,0.675439164,0.7212889376,0.734289958,0.7433569196,0.7498462314,0.756065983,0.76166936,0.7692555672,0.778503161,0.7931436444,0.866586284
0.692606166,0.7030739804,0.7150193888,0.7269474002,0.7495784098,0.763472998,0.771161114,0.7882638592,0.8020100236,0.8146531768,0.827941536,0.679205973,0.7028570944,0.7207062312,0.735501585,0.7456034864,0.7509419015,0.7603929702,0.7737435532,0.7834548236,0.8057640575,0.827941536,0.679205973,0.7173402306,0.7293078844,0.7367104325,0.744679758,0.7534274195,0.762286348,0.7738346053,0.786023509,0.8018295967,0.827941536,0.65326146,0.7158944078,0.728527004,0.7363718808,0.7440863758,0.7529656145,0.7629159868,0.776130255,0.789932659,0.8068821616,0.838167681,0.631876402,0.6925538358,0.7179584682,0.7301769799,0.7398318728,0.750238522,0.762677236,0.7789776889,0.7923328722,0.8098122815,0.8871953
0.750150004,0.7515890038,0.7536355564,0.7563751756,0.7582756036,0.759382683,0.762455352,0.7651529306,0.7669982602,0.7675000532,0.7706665,0.712922185,0.725555434,0.7379024908,0.7463302628,0.7508244126,0.756726856,0.7597474426,0.7653571834,0.7706693344,0.77718853,0.798637106,0.712922185,0.730159538,0.7380867844,0.7449483396,0.750583132,0.756065983,0.7603132036,0.7671698788,0.7751420486,0.7887489066,0.86319557,0.697467068,0.7305313455,0.739954556,0.747107549,0.75281047,0.7581282825,0.763817104,0.7720127015,0.783426126,0.7994961305,0.86319557,0.639550224,0.7232858004,0.7365421206,0.7452710932,0.7523238184,0.75857428,0.7650253418,0.7753040152,0.7876591872,0.8082440812,0.91376975
0.758469156,0.758661129,0.75874274,0.758813202,0.760238021,0.761246856,0.764209022,0.765381702,0.770533143,0.774316691,0.781457128,0.727340635,0.7416840716,0.7528234554,0.7587842994,0.7620118048,0.767486896,0.7734411502,0.779698363,0.7885518804,0.802426023,0.86319557,0.659874394,0.7322379045,0.7471176732,0.7544487195,0.7590728702,0.765381437,0.77185313,0.7807655888,0.7925806488,0.8126115475,0.86319557,0.639550224,0.7152138906,0.732224979,0.7445334102,0.752600455,0.758995417,0.7680985682,0.7808965518,0.7936100734,0.8171766418,0.91376975,0.639550224,0.71850633,0.7343309934,0.7463610384,0.753777977,0.760698224,0.7698590866,0.7820718922,0.7965978836,0.8210511428,0.91376975
0.659874394,0.6741291012,0.6783570824,0.6826310906,0.686644285,0.68846949,0.6900119954,0.6938737626,0.701131443,0.7235486494,0.734107114,0.639550224,0.679874787,0.696554529,0.710215816,0.722837465,0.73206387,0.749451583,0.760650105,0.77573744,0.789605079,0.820946812,0.639550224,0.6911315985,0.713063534,0.7316256556,0.752248531,0.7663109845,0.7784878826,0.7963179514,0.8131726418,0.8322979932,0.870249423,0.639550224,0.7055691565,0.7290374674,0.7465583863,0.7592320084,0.7695256105,0.7855973598,0.8017435727,0.8191189164,0.8388833204,0.91376975,0.629786267,0.7122168874,0.7321333416,0.7480658091,0.7585978664,0.7677063415,0.7797296224,0.7924438227,0.8086223536,0.8302386231,0.91376975
0.767460406,0.7848548704,0.7885620376,0.798627676,0.811806636,0.814737267,0.8255768934,0.8270407294,0.8311004128,0.8355239948,0.838241688,0.691188454,0.7169529932,0.7250580348,0.7347543786,0.7466314234,0.757747662,0.7668578404,0.783206953,0.7938807476,0.8250470596,0.850878417,0.673352227,0.7042350635,0.719109084,0.727145976,0.735854368,0.748425904,0.760808189,0.773695047,0.786450275,0.806249147,0.906220414,0.673352227,0.709228501,0.722427464,0.73293266,0.744087859,0.757972002,0.771299223,0.783754629,0.794152988,0.81834725,0.906220414,0.661260315,0.7093763492,0.7223665556,0.7339962558,0.7448432962,0.75863188,0.7735128724,0.7850987734,0.7982246862,0.8178035372,0.921833611
0.701565634,0.7054103298,0.7272939142,0.7289435402,0.7392452878,0.750747107,0.7834287174,0.8060194443,0.8199409276,0.8491997459,0.876759287,0.683839694,0.7205266425,0.7321940002,0.7514290074,0.7657435166,0.781962309,0.7934514934,0.8065629934,0.8296880298,0.8522106806,0.906220414,0.681152782,0.7119960213,0.7240050538,0.7360501323,0.7492319958,0.7613622435,0.7822746266,0.7918849946,0.8055526386,0.8291927191,0.906220414,0.666670873,0.709472307,0.724101235,0.7379140895,0.752216381,0.767574272,0.779890967,0.789202857,0.801617668,0.8234607175,0.906220414,0.650837322,0.7049597438,0.7219994346,0.735641666,0.749174111,0.763855833,0.7790056064,0.7900683674,0.8043567482,0.8287482262,1.045733167
0.675492237,0.678833298,0.6867246108,0.6894626418,0.6907691622,0.712231841,0.7192522526,0.7357854634,0.7389644272,0.7406382744,0.752264698,0.673352227,0.6915268807,0.7068346152,0.7178735828,0.7239588686,0.735292573,0.7402486912,0.7554080674,0.7732780842,0.7925753677,0.808493617,0.673352227,0.703888785,0.7177489612,0.7300510572,0.7389963034,0.751309944,0.7672214728,0.782532421,0.795176327,0.8133080818,0.850878417,0.669331489,0.7084568426,0.722844979,0.735230241,0.746971772,0.75930083,0.7732516042,0.786329276,0.8044364232,0.8296666462,0.921833611,0.669331489,0.7124786792,0.7257469716,0.7366845793,0.7497445222,0.7624602595,0.77734259,0.7919219675,0.8106752554,0.8355223175,0.921833611
0.742994295,0.7505212322,0.7519137858,0.7562202096,0.7584910524,0.7593008,0.7610856558,0.762535891,0.764454241,0.7648235362,0.764938587,0.691820493,0.716250204,0.7253152392,0.7389539948,0.74522745,0.753384087,0.7593754902,0.7647719286,0.7707270476,0.7827812244,0.816584093,0.675439164,0.71292437,0.7248017656,0.7358682951,0.74172633,0.747095901,0.7532001062,0.7595889571,0.7696316536,0.784475665,0.866586284,0.658694747,0.7110868127,0.7233347396,0.7328805206,0.7400079792,0.7470261175,0.753969564,0.7608459415,0.7708113992,0.7852407603,0.947845634,0.649077795,0.7085942519,0.7243760588,0.7346064232,0.7433925228,0.750453985,0.7574949258,0.7647199122,0.7753271026,0.7922302374,0.947845634
0.777343031,0.7841685182,0.787210193,0.7895588282,0.7918369502,0.79233295,0.7964608384,0.8040784336,0.8142884176,0.8164703336,0.822919981,0.701365281,0.7508174379,0.7681933336,0.7811299936,0.7915983182,0.800233544,0.805340975,0.8142710173,0.8273073814,0.8384159831,0.883967262,0.673352227,0.7185340803,0.7385256084,0.7508380197,0.7656905572,0.782723379,0.7980549094,0.8103702181,0.8263712416,0.8438336768,0.895258947,0.672997928,0.7115197884,0.726024785,0.7391372172,0.7507897018,0.765574625,0.7830708918,0.7996533636,0.8185140706,0.8398713612,0.921833611,0.669331489,0.7159446843,0.7319478456,0.7443193462,0.7593847586,0.7746153675,0.7904896122,0.806038952,0.8221949934,0.8407073109,0.921833611
0.70318643,0.705046711,0.7175421938,0.728517533,0.7506922254,0.761252315,0.7659455702,0.7854797478,0.7900690866,0.800093493,0.814381354,0.681152782,0.7056366798,0.722559234,0.7376564977,0.7511553394,0.7709805125,0.7874236968,0.8001389233,0.8082880016,0.8291944597,0.905518684,0.650837322,0.7072038622,0.7225132554,0.7366231868,0.7534189502,0.771515829,0.7839685606,0.7927566956,0.8049993942,0.8310152838,0.946613757,0.650837322,0.709061035,0.7255696932,0.7418211124,0.7565002732,0.773217994,0.785735043,0.796444085,0.81205987,0.8376333324,1.045733167,0.641872737,0.7052980064,0.726301503,0.7427423488,0.7581678296,0.77348225,0.7848709576,0.794487957,0.8112667074,0.8327007662,1.045733167
0.733521098,0.7492523253,0.7509810538,0.7530203227,0.7565659878,0.7603524725,0.7692593012,0.7743661659,0.7828078058,0.786028431,0.789542194,0.685282739,0.7086138364,0.7214596992,0.7352094206,0.7440252786,0.755509066,0.7611733132,0.7669528658,0.7823498238,0.7950983364,0.817079718,0.650811578,0.7005894905,0.7129538524,0.7253667327,0.7361953026,0.7466321525,0.7574498644,0.7674545396,0.7862668856,0.8067714408,0.873907391,0.65077409,0.700525001,0.715772544,0.7284150446,0.7415853524,0.754029771,0.766021151,0.7813433666,0.7949452818,0.8113291252,0.8871953,0.65077409,0.701911305,0.7180878316,0.7300268996,0.7414833844,0.752931193,0.7646348802,0.781508343,0.7952590632,0.8122139382,0.947845634
0.75626964,0.7732294985,0.7987515578,0.820269551,0.8327651528,0.8419384445,0.8498567162,0.8575633097,0.8613766534,0.8917000809,0.945796664,0.650837322,0.7033554604,0.7334175198,0.757041474,0.7820533474,0.797499446,0.8180458374,0.8315063453,0.847500215,0.8787227827,1.045733167,0.650837322,0.7122414201,0.7335530664,0.7471233009,0.75635153,0.7727254675,0.7878632744,0.8057457202,0.8258109658,0.852330284,1.045733167,0.641872737,0.7159706385,0.740638028,0.7536196795,0.763459969,0.773920662,0.785755853,0.796807326,0.812725171,0.8339649165,1.045733167,0.641872737,0.716170261,0.744673605,0.7574015,0.77087639,0.780864382,0.791048519,0.802549415,0.820572639,0.847283132,1.045733167
0.631876402,0.6341729112,0.6423176024,0.6457078832,0.6478526368,0.65164216,0.6557046594,0.6570202402,0.6587484526,0.6617286006,0.6637897,0.631876402,0.645978337,0.657297038,0.667334917,0.67980957,0.685602934,0.69156422,0.699167521,0.708388566,0.736214226,0.762664339,0.631876402,0.6574059791,0.6746473914,0.6850462368,0.692477344,0.7026956005,0.7147920254,0.72643026,0.7365187628,0.7492364507,0.793545625,0.631876402,0.663161591,0.678538722,0.68895928,0.697786563,0.709938755,0.723083802,0.733323961,0.743916198,0.755861035,0.819816105,0.630620134,0.6663041517,0.6828575994,0.6918229357,0.7033270202,0.715729084,0.7260410564,0.7354407297,0.7484116876,0.7689199347,0.827941536
0.689454967,0.6961890445,0.7019923854,0.7088547041,0.7181407002,0.7437082035,0.7689613388,0.7878461011,0.835750473,0.8653941533,0.918177192,0.658826356,0.6986540286,0.7116720996,0.7261388542,0.7346913976,0.7409851855,0.7505325228,0.7607594491,0.7751699808,0.8299305772,0.947845634,0.658694747,0.6924350755,0.709062803,0.7267855075,0.734996386,0.7458757175,0.757444221,0.7686870265,0.784513174,0.813932932,0.947845634,0.650811578,0.6945492683,0.712940554,0.7246212832,0.7345791962,0.744142692,0.7541002698,0.763707096,0.7774877682,0.8001803515,0.947845634,0.649077795,0.6936142451,0.7104147582,0.7211277045,0.7319217368,0.7420453515,0.750906931,0.7597583241,0.7740783606,0.795547076,0.947845634
0.74706854,0.77143611,0.778260598,0.7815805156,0.787123306,0.792512089,0.7945425576,0.7994645052,0.8030882478,0.8076018646,0.830366991,0.683839694,0.7151340379,0.7288720916,0.7481379413,0.7581493174,0.774247865,0.7829937356,0.7889271124,0.7958883328,0.8089144319,0.876759287,0.681152782,0.7153542252,0.7296073534,0.7439425732,0.7557617894,0.769520566,0.7809409358,0.7915417326,0.8016484912,0.817922087,0.906220414,0.650837322,0.7137190584,0.7292700074,0.7426482778,0.7555453706,0.7705606875,0.7832035564,0.7931588884,0.8062811292,0.8276240285,0.906220414,0.650837322,0.7113577642,0.7277750566,0.7412931109,0.7574664452,0.7732527775,0.7854351284,0.7960486356,0.8109460234,0.8331643214,1.045733167
0.724003528,0.7345825124,0.7442539124,0.7462298354,0.7577098486,0.762164217,0.7635574796,0.7675122856,0.7755659872,0.7925176276,0.810806701,0.669430557,0.7082819037,0.719860524,0.7322292941,0.738241989,0.7461946045,0.761055361,0.7685034497,0.7860453282,0.8049507013,0.8871953,0.65077409,0.6893631734,0.708030817,0.7205572432,0.7341420212,0.744294481,0.7580974886,0.769885702,0.7929531318,0.8119666932,0.8871953,0.65077409,0.691543517,0.7116834302,0.7272726494,0.7415329734,0.75561211,0.766989926,0.7831911436,0.7981055858,0.8196717716,0.8871953,0.65077409,0.6995462228,0.7173061542,0.7299992992,0.741704062,0.754018164,0.7668162516,0.7831948878,0.799492073,0.821417738,0.947845634
0.7070373,0.709205894,0.7145594832,0.7188327828,0.7256706592,0.7271757745,0.7283152362,0.732601849,0.7377115386,0.7460195204,0.751157707,0.673352227,0.7056383808,0.7149949706,0.7215473746,0.7273525434,0.732152031,0.738365769,0.7474803188,0.7636703758,0.7983231632,0.849124541,0.673352227,0.7075295805,0.721007645,0.730277411,0.737775485,0.7473255095,0.765006963,0.786234552,0.810892699,0.83801507,0.921833611,0.672704626,0.711572042,0.723347763,0.7334723095,0.740962526,0.7563679335,0.773111011,0.792196779,0.810721426,0.835943697,0.921833611,0.672704626,0.7136713015,0.726122487,0.736071837,0.747471308,0.760316167,0.774875786,0.788499906,0.806998944,0.832544663,0.921833611
0.675400716,0.6806618309,0.6815817048,0.6855021175,0.7029539418,0.7242224765,0.7271962138,0.7312947705,0.7333979848,0.74185769,0.784841584,0.675400716,0.7114448346,0.7293101892,0.739736708,0.7519733782,0.762130638,0.76938554,0.7781626926,0.7890745592,0.8065420258,0.846990949,0.650837322,0.7224330618,0.7435415542,0.7542356602,0.7624198178,0.773966951,0.7859145464,0.7985539814,0.8188705674,0.8428104534,0.987806182,0.650837322,0.7387554046,0.753538262,0.765814186,0.7784720118,0.788667778,0.7997624578,0.8123876682,0.8288346824,0.8507804511,1.045733167,0.650837322,0.736910328,0.7558457902,0.7699537398,0.783334118,0.793910469,0.8059546494,0.8199212148,0.83776972,0.86631154,1.045733167
0.722344048,0.7245498285,0.7276335892,0.7300288649,0.7351174692,0.742216948,0.7464141876,0.7478727019,0.7549681302,0.7622762602,0.762656602,0.708609378,0.7314193535,0.739340228,0.744018606,0.748256965,0.7518886005,0.756658892,0.7625957,0.768064142,0.787853141,0.824830088,0.663676627,0.7273191746,0.7400490682,0.7475038172,0.7529482184,0.757586797,0.7615480164,0.7690741402,0.782250815,0.800507355,0.870249423,0.639550224,0.7175574055,0.734843032,0.7448866075,0.751401504,0.7573262095,0.763325947,0.773125428,0.785859763,0.805499895,0.870249423,0.629786267,0.7207532011,0.7370629126,0.7472571747,0.754402151,0.761744787,0.7716201294,0.7820833786,0.7964604144,0.8210926574,0.894274206
0.716023128,0.727811333,0.743388637,0.7555096582,0.757952451,0.76108108,0.763124277,0.764639829,0.7682794638,0.7828999334,0.799504477,0.69088035,0.719976294,0.734366108,0.743427689,0.748834044,0.753245153,0.756110443,0.759205488,0.764589013,0.775318063,0.799504477,0.676495848,0.7162573719,0.7252213982,0.7347980928,0.7424949098,0.747879802,0.7533047536,0.7572493792,0.7640659648,0.7754712016,0.802744569,0.675015293,0.7135435377,0.7253393328,0.7347079987,0.7424238874,0.7486746115,0.7534598082,0.7582291901,0.7647202042,0.7748912201,0.816584093,0.658694747,0.710486035,0.725623634,0.7361168535,0.744090414,0.7506378515,0.75688672,0.7632244785,0.772886663,0.784874459,0.866586284
0.732610468,0.7612395196,0.7681264744,0.7720667608,0.7748221036,0.780268867,0.7821229216,0.7852342192,0.7859607298,0.7880599942,0.791964711,0.700638473,0.7287602072,0.7438456158,0.7514398868,0.7604606216,0.767906442,0.7765629368,0.7855287228,0.791258963,0.8054106406,0.838167681,0.652842782,0.7143368414,0.7290186408,0.738049067,0.745539803,0.759748809,0.7688717028,0.784994539,0.7991212982,0.8173178716,0.873119669,0.639809107,0.699675316,0.7192192002,0.73247624,0.7424674182,0.754026334,0.7663583526,0.7821750112,0.7969132204,0.819416337,0.891744422,0.630620134,0.6851834206,0.7053322668,0.72187907,0.7343055388,0.744780196,0.757222463,0.7724075342,0.7920231702,0.8162254018,0.900972261
0.72982914,0.7376408856,0.741654037,0.7436437126,0.7467988802,0.751581682,0.7557401446,0.7595920426,0.7610793036,0.7660234573,0.77333306,0.727645264,0.7378416108,0.743995049,0.7469246434,0.7486792262,0.751511279,0.7542314238,0.7562567124,0.7595642936,0.7636003216,0.77570173,0.695607032,0.730051829,0.739438315,0.7454624726,0.7500468348,0.753350546,0.7561090144,0.759121494,0.7644370166,0.7721193776,0.79255675,0.681205227,0.7259721991,0.7375634944,0.7457449294,0.7516294002,0.7568507315,0.7616641202,0.7685304598,0.7775869868,0.7899596466,0.870249423,0.639550224,0.722312716,0.7346245852,0.7439915319,0.750585336,0.757092372,0.7646044122,0.7737778732,0.7835493276,0.7995974916,0.870249423
0.728485192,0.7298998646,0.7317539526,0.734392661,0.737483476,0.742634198,0.7443694888,0.7458269429,0.7546364338,0.7565423843,0.757953054,0.651623398,0.6887148684,0.7110912536,0.7262266618,0.7329453192,0.740190108,0.7489558112,0.7628917618,0.7750951306,0.7882810014,0.818081541,0.631876402,0.6747508812,0.693681973,0.7131528,0.7272164036,0.737828638,0.7475490202,0.7619034115,0.7798618816,0.7964400307,0.827941536,0.630620134,0.6753329645,0.6915279136,0.7070858328,0.722030687,0.733081044,0.7441212466,0.7579592149,0.777892786,0.8051652062,0.875763362,0.630620134,0.6769907576,0.6923209264,0.7073908638,0.7209131512,0.733056031,0.7446334776,0.7590507054,0.77871582,0.8084937716,0.900972261
0.691102853,0.7058640412,0.7294424408,0.7578343382,0.7878366934,0.818319112,0.825273468,0.8416228556,0.8534325314,0.8577682346,0.870249423,0.639550224,0.6921617888,0.7124219896,0.7276276376,0.7556768034,0.7715747125,0.7873174138,0.8015228553,0.8177189884,0.8352402521,0.870249423,0.639550224,0.704843614,0.7274705762,0.7459808604,0.7585978664,0.770434438,0.7852747202,0.7990191066,0.8173167848,0.8361748678,0.879686198,0.629786267,0.7062978304,0.7277527046,0.7419030818,0.7534344332,0.763751168,0.7780556952,0.7954926296,0.813971551,0.8325396474,0.879686198,0.629786267,0.7125778254,0.7325652192,0.7455934052,0.7546968328,0.76480448,0.7786968124,0.7968965874,0.8176288324,0.8387605098,0.904479165
0.639809107,0.6433220257,0.647336026,0.6513793902,0.6542909344,0.6552698075,0.6662848198,0.6820704199,0.6898226716,0.7054308638,0.721875971,0.633197987,0.6540799426,0.666358879,0.6807218258,0.6875115726,0.691988518,0.7078743792,0.7184192232,0.7313797558,0.7400954454,0.756157336,0.630620134,0.6572047838,0.6764481586,0.6881024208,0.6970443922,0.707570807,0.7195520044,0.7315740008,0.7425349066,0.7616460682,0.818081541,0.630620134,0.6662296159,0.6841378914,0.6917073987,0.7019639898,0.7133766115,0.7267271932,0.738713334,0.7552163694,0.7810256341,0.827941536,0.630620134,0.6693131951,0.686303129,0.6963986464,0.7084896684,0.719958765,0.7311034064,0.7432296531,0.7588378464,0.787440008,0.875763362
0.688400277,0.708755645,0.7235504722,0.7274936566,0.7302254174,0.732862725,0.735775949,0.7380040182,0.7539021366,0.7692336618,0.779620387,0.683839694,0.7119143662,0.7210125514,0.726803112,0.7323915966,0.738346818,0.7472931816,0.7578493832,0.769030262,0.7833824686,0.86178754,0.680132572,0.711893397,0.7213309992,0.7280728874,0.7351548068,0.7400954245,0.752255021,0.765876287,0.783482968,0.8070281599,0.86178754,0.672704626,0.7120174653,0.7244201824,0.7321002634,0.739874564,0.7514480485,0.7663885428,0.7819613001,0.7937258324,0.8154539771,0.911064342,0.672704626,0.7154655984,0.7291130928,0.7389370788,0.7529015662,0.767622215,0.7801834874,0.7917215782,0.8055901528,0.8249520018,0.921833611
0.70741838,0.7169542672,0.7210029508,0.722558848,0.7254884484,0.740377222,0.7421805354,0.7448189622,0.7461685188,0.7550971052,0.758045289,0.675439164,0.7020922234,0.7118467184,0.7185637634,0.7255237108,0.7342367865,0.7406617052,0.7465469063,0.7576285608,0.7812313804,0.816584093,0.658694747,0.6947929618,0.7086717796,0.7185637634,0.7290548756,0.7389226075,0.7487721998,0.7561176043,0.7635590766,0.7753497016,0.816584093,0.658694747,0.6999537159,0.7155002904,0.7253210999,0.734952794,0.7444389055,0.7524800376,0.7586053289,0.7680509806,0.7820452156,0.947845634,0.658694747,0.7085896875,0.724634999,0.734930041,0.744476029,0.7510671785,0.757777664,0.7654687855,0.776820818,0.795551382,0.947845634
0.737517203,0.742747298,0.744673605,0.7509433595,0.755300089,0.75970965,0.763974921,0.766371807,0.770266468,0.7797196295,0.789110407,0.737517203,0.7515775085,0.757569251,0.7629629905,0.769598493,0.777895876,0.781906366,0.792358449,0.804001805,0.8184854405,0.841661894,0.675400716,0.7434152835,0.757569251,0.7679665115,0.779368813,0.7895256715,0.801540784,0.8152943405,0.828255448,0.8488600065,0.925033912,0.675400716,0.7456392662,0.7605601304,0.775087082,0.7881679868,0.799424008,0.8118761048,0.8217330362,0.839037314,0.8645370048,0.951386028,0.646564346,0.7374716903,0.7585980688,0.7747578183,0.7888157232,0.8006566195,0.8142097928,0.8281345539,0.8456638594,0.8703299953,1.045733167
0.704008278,0.7045456838,0.7081385532,0.7518461404,0.769059443,0.7758102835,0.7827451376,0.7869624226,0.7962345618,0.8106177998,0.834551941,0.650837322,0.7040690583,0.727213411,0.7521880183,0.7699009506,0.7834000315,0.7891608096,0.7971556388,0.80628406,0.8197780963,0.870991816,0.650837322,0.7164687314,0.7467426714,0.7638631734,0.777831079,0.786383731,0.7963231986,0.8062040752,0.8194725968,0.8385741054,0.945796664,0.650837322,0.7272495746,0.749773825,0.7638537412,0.7780412974,0.787918254,0.7972295792,0.8104389414,0.8290939162,0.8509988426,1.045733167,0.650837322,0.7330987722,0.752523073,0.767616249,0.779660599,0.789618989,0.8006962128,0.8141348136,0.8304750104,0.8577430788,1.045733167
0.816282317,0.8260575289,0.8361577762,0.8449148692,0.8491737392,0.8520226475,0.8612765286,0.8666104321,0.879512093,0.8915717547,0.921833611,0.704162268,0.7368530266,0.7494559736,0.7702432044,0.7896052602,0.805249809,0.8168119078,0.8359288726,0.8506194854,0.8685076492,0.921833611,0.676570007,0.7169536495,0.730863978,0.740212092,0.75857676,0.7838265875,0.800142431,0.813666958,0.833955146,0.851492895,0.921833611,0.672997928,0.7143117497,0.7260883114,0.7373837705,0.7494127222,0.764938835,0.786233317,0.8016489562,0.8200103992,0.8452806218,0.921833611,0.665821288,0.7164926345,0.729665156,0.7395938593,0.7522380402,0.768251124,0.7875436636,0.8041896626,0.8220882398,0.8447672339,0.921833611
0.662219585,0.685095183,0.6975880102,0.7036127663,0.7148360934,0.739949741,0.7558688694,0.7676015365,0.7762342482,0.8334081633,0.885954747,0.651802256,0.674643157,0.691428852,0.7002721095,0.714211668,0.726108903,0.736640328,0.7524398115,0.773916805,0.8139559045,0.891746788,0.65077409,0.680466426,0.695302329,0.707813218,0.720362586,0.7327846565,0.745617946,0.7590819385,0.780827861,0.8157103345,0.947845634,0.65077409,0.6843162922,0.6992527614,0.7136270364,0.728001232,0.73767029,0.7502229136,0.7676656598,0.7909469246,0.8198783652,0.947845634,0.65077409,0.6918267088,0.7091210938,0.720927717,0.7326302914,0.742643143,0.7550816156,0.7670959964,0.7839729802,0.8104356504,0.947845634
0.77348225,0.7755545562,0.7843958454,0.788289711,0.791805565,0.792795501,0.7974251268,0.7987864344,0.8006967576,0.8098556524,0.818303804,0.677875147,0.7388279962,0.7570446124,0.7735997396,0.7825371634,0.789521698,0.7939529202,0.8010693288,0.8121935388,0.8255616144,0.870991816,0.650837322,0.7136143095,0.744269171,0.7598138685,0.774715464,0.783321055,0.79127416,0.797920505,0.808446764,0.828209951,0.904783107,0.650837322,0.718145152,0.7483298824,0.7664976214,0.7794338018,0.788065769,0.7972550024,0.807071266,0.8198295818,0.8371811526,1.045733167,0.650837322,0.7251423329,0.7472802664,0.7631022305,0.7763595108,0.7879376225,0.7993117196,0.8115148205,0.8291537522,0.8553131879,1.045733167
0.712969836,0.7314105078,0.7349277112,0.7388590002,0.7506816942,0.7732353205,0.8005028636,0.8325256263,0.8635636336,0.8764732004,0.8871953,0.668542621,0.6986261518,0.7223843844,0.7349277112,0.745873236,0.762728824,0.7780050158,0.8002451298,0.8135146776,0.8493712204,0.8871953,0.65077409,0.6855783418,0.7082639792,0.7245068274,0.7396909772,0.760544621,0.7738855756,0.7939688562,0.811236661,0.845418055,0.8871953,0.65077409,0.6914602996,0.7112250998,0.7292604416,0.7424943606,0.7568804,0.7691449256,0.7870176632,0.80455142,0.8327549506,0.900972261,0.65077409,0.694366022,0.712664154,0.726637705,0.737868062,0.750549606,0.763974283,0.77843224,0.796444477,0.821668548,0.901782384
0.805558092,0.8089627076,0.813425598,0.8143593734,0.8179851114,0.821132835,0.8253881954,0.8284399346,0.831312289,0.8335575014,0.836666731,0.738711631,0.7871592973,0.7963232386,0.8054395204,0.8126497784,0.81842729,0.8249072142,0.8340720479,0.849011635,0.8744694495,0.925033912,0.675477587,0.7590026585,0.777306974,0.787716562,0.797119552,0.8057892525,0.816900888,0.8253390445,0.840044179,0.863475119,0.925033912,0.646564346,0.7553097749,0.7706278904,0.7828458633,0.7950466222,0.805615953,0.8178573796,0.8293350193,0.845531561,0.8686412367,0.951386028,0.646564346,0.7494753066,0.7712077042,0.7867883718,0.7990423612,0.810224204,0.820811624,0.835036392,0.850660274,0.8770952508,0.951386028
0.714355515,0.7182141849,0.7225893456,0.7248550545,0.7361118264,0.7479003285,0.7512325338,0.7572670993,0.7862396982,0.7979783981,0.802744569,0.675015293,0.6924054091,0.70692364,0.7156313004,0.720977559,0.725755706,0.7328103968,0.74006788,0.7512325338,0.7652708446,0.81016848,0.658694747,0.691458756,0.703760921,0.714528931,0.723296072,0.733892893,0.744950778,0.758425796,0.771202326,0.7857330875,0.837577901,0.658694747,0.6997016638,0.7160256924,0.7299753786,0.7427006562,0.752658089,0.7596904404,0.7694925146,0.7793551224,0.7971046424,0.879975383,0.658694747,0.708472078,0.725623634,0.7375723245,0.747413366,0.755386535,0.764034436,0.7740268145,0.785212498,0.809401315,0.947845634
0.785801192,0.7990805813,0.8054478042,0.8086554957,0.8152594524,0.822540742,0.8310322684,0.8449776539,0.8682020936,0.8776611338,0.899487261,0.701495153,0.7734631265,0.785801192,0.7922370995,0.800179722,0.814562224,0.821320739,0.837252108,0.849331188,0.8779530455,0.904783107,0.675400716,0.7438235987,0.7659585218,0.7759858144,0.7870430792,0.7980115635,0.8146805832,0.8290228569,0.847345908,0.8762918863,0.945534983,0.650837322,0.741807474,0.7629395224,0.777831289,0.7891110302,0.799424008,0.8145457388,0.8276696204,0.8452743336,0.8724321972,0.951386028,0.650837322,0.746780394,0.765247784,0.780613137,0.790530302,0.8006407035,0.813234078,0.8271235455,0.844477035,0.8695297995,1.045733167
0.671982547,0.6937071336,0.7146750146,0.7168535788,0.718834637,0.7209584365,0.721340619,0.7274104046,0.7327751934,0.7471648354,0.754018164,0.65077409,0.6726899252,0.6981917196,0.7140432982,0.721371235,0.732339776,0.7446029512,0.7525548708,0.7700374156,0.8089755242,0.895302183,0.65077409,0.6788500324,0.6918704588,0.7023968236,0.7179705298,0.731808708,0.7462624596,0.7642786189,0.7907980142,0.8198045269,0.901782384,0.65077409,0.684590481,0.699444815,0.714099849,0.728004069,0.740215214,0.755051003,0.769901713,0.791922443,0.820407901,0.947845634,0.65077409,0.6892938596,0.7055146318,0.7201627051,0.7316717694,0.743152683,0.7562800472,0.7688496629,0.787520884,0.8125382787,0.947845634
0.64570351,0.6520165133,0.6629683602,0.6713237876,0.6861137576,0.6894975805,0.7078478474,0.7186662518,0.7437901776,0.7639279697,0.798381484,0.64530305,0.662933803,0.6738079512,0.6858734333,0.6931325266,0.707076826,0.7127936524,0.7192126045,0.7260943732,0.752675283,0.800469036,0.630620134,0.6619136478,0.674641003,0.6849538594,0.690124909,0.697630026,0.7049651362,0.7141710094,0.7224456036,0.7436329012,0.825019899,0.623517725,0.6561587073,0.6719151838,0.6832657003,0.6893334962,0.697037537,0.7041901608,0.7135615051,0.72263393,0.7455319643,0.841390438,0.622929925,0.655284995,0.6701419992,0.6818761447,0.6902934566,0.698992923,0.7077056884,0.7175344617,0.7299475828,0.7490516009,0.841390438
0.708595393,0.7128761715,0.7212917358,0.7333635834,0.747470003,0.755308069,0.7662462118,0.7724831924,0.7743318488,0.7773772373,0.782200172,0.681205227,0.7148618956,0.729386947,0.746082728,0.7535364074,0.759065498,0.7653096112,0.7726180436,0.7761521154,0.7841068526,0.802744569,0.681205227,0.7156313004,0.728140721,0.7429463912,0.7505483648,0.7548363195,0.7627825794,0.7705068266,0.7792589608,0.7900974067,0.839462867,0.675015293,0.7087113714,0.725766536,0.7385318275,0.7471101342,0.753592565,0.760177237,0.7700184521,0.7807345898,0.796427301,0.879975383,0.658694747,0.709563156,0.725868999,0.737562985,0.746020497,0.753154841,0.759065498,0.767371423,0.777754052,0.791876501,0.879975383
0.659044697,0.661941021,0.6717594342,0.6812441334,0.6872743418,0.689836194,0.6930312082,0.6953649446,0.6987506,0.6993968016,0.703400916,0.658694747,0.6841106506,0.6932965986,0.7043536857,0.7157126688,0.726354189,0.7368288052,0.7584012095,0.774037571,0.7976804611,0.827408329,0.658694747,0.6913422458,0.7028363486,0.7132176884,0.7233828056,0.734467019,0.7504137116,0.7632403272,0.7771713628,0.8068981572,0.895302183,0.658694747,0.6960559702,0.711777326,0.7228746178,0.734214897,0.745617946,0.7582547698,0.7704276864,0.789091556,0.8136821504,0.947845634,0.65077409,0.6939612196,0.711803017,0.7263486706,0.7375593984,0.750418144,0.7623406786,0.7732961838,0.7853284702,0.8100325082,0.947845634
0.790397363,0.8018599784,0.8240965976,0.8331099482,0.8388520294,0.839902776,0.8423907812,0.8486263616,0.853209866,0.854960456,0.873119669,0.729250954,0.7621864109,0.7777609184,0.7932017863,0.8000374164,0.809145047,0.8217408108,0.834238519,0.848037798,0.8596761269,0.891744422,0.652842782,0.7174008189,0.7353970482,0.7548657406,0.7676429924,0.78081979,0.7935270036,0.8075124544,0.826364541,0.855459777,0.900972261,0.652842782,0.6989095442,0.7154807262,0.7302154006,0.7414478074,0.754869489,0.7668575612,0.783677735,0.8006385,0.8298245098,0.900972261,0.630620134,0.6864841492,0.7011798102,0.7149741084,0.7282396102,0.739292378,0.7518424366,0.7665032568,0.786307295,0.8129006606,0.900972261
0.695607032,0.703066051,0.7056586136,0.7138987052,0.7205706434,0.736822003,0.7491192774,0.7568229272,0.7633400574,0.7719777544,0.780876118,0.695607032,0.7165485012,0.730281019,0.7391794932,0.7434163466,0.747941574,0.7579881742,0.7696443742,0.7817834014,0.7876562298,0.808639906,0.695607032,0.7336696094,0.7416365078,0.7474518852,0.7531656418,0.759211598,0.7715770334,0.7827329034,0.7940942892,0.8206085524,0.870249423,0.629786267,0.7301456315,0.743872584,0.7506492745,0.755385807,0.7627002785,0.7718067092,0.782032711,0.7923272564,0.8176189678,0.870249423,0.629786267,0.7247736227,0.7402747554,0.7491428148,0.754790547,0.7615416395,0.7694907814,0.7787727028,0.7898271022,0.812422345,0.879686198
0.731853897,0.7410800353,0.7533926542,0.7613712335,0.7679429912,0.7934139805,0.8055399314,0.8113990539,0.838715003,0.8451685208,0.874891463,0.629786267,0.68183231,0.726825038,0.753140893,0.77306515,0.7988679115,0.817873076,0.8366711435,0.849187925,0.862022328,0.88618617,0.629786267,0.7184609785,0.743959499,0.7612824105,0.783209916,0.799174873,0.813994921,0.828474638,0.843278735,0.858070751,0.904479165,0.629786267,0.7151175302,0.732938056,0.751187733,0.7714648982,0.789429774,0.8037864698,0.8194006652,0.8355349936,0.8525070664,0.904479165,0.629786267,0.7161566794,0.7353294736,0.7472830584,0.7616222542,0.777279785,0.7919645994,0.8067915919,0.825668371,0.8474643804,0.904479165
0.731434785,0.7414708624,0.7495591538,0.7526144071,0.7542883042,0.7579154705,0.7590829688,0.759996393,0.7631357836,0.7642235675,0.76803644,0.698756042,0.7362514405,0.7430683294,0.7491050033,0.753242084,0.755872809,0.76289243,0.7712750242,0.7770975892,0.7859523532,0.803017335,0.681205227,0.7263871258,0.7403394422,0.7468895402,0.752196132,0.755836755,0.7628768238,0.7700382406,0.7768412668,0.7857118376,0.811773243,0.681205227,0.7279808038,0.7399787188,0.7468434224,0.7523238184,0.7569163925,0.7633764614,0.7718541785,0.7810715898,0.7912428458,0.853852668,0.675015293,0.7253433226,0.7394312494,0.7476609892,0.753799035,0.759211598,0.7672173848,0.7754801656,0.7865084898,0.809294023,0.879975383
0.739075287,0.7487492152,0.7597458148,0.7732953584,0.7829757818,0.7868609885,0.800789984,0.8050716726,0.8216941592,0.8452004414,0.866183046,0.693101897,0.7227518315,0.735591136,0.7480219395,0.780956568,0.802168599,0.831458911,0.8431418025,0.852802342,0.864215879,0.904479165,0.665821288,0.720934986,0.737676001,0.755303669,0.779483884,0.797801645,0.815401515,0.8337721915,0.848348459,0.864215879,0.921833611,0.629786267,0.7197940238,0.7360936636,0.7535137528,0.772216596,0.79032922,0.805624941,0.8200410224,0.8383563164,0.8568810112,0.921833611,0.629786267,0.7199221346,0.734536155,0.748085553,0.7649259698,0.782980866,0.7974001724,0.8111525366,0.8269062282,0.8458770486,0.921833611
0.775374473,0.8010051795,0.804740074,0.816199068,0.820158034,0.824073879,0.82833687,0.830162816,0.832293513,0.8356535945,0.844232068,0.629786267,0.7120070266,0.7506945956,0.7692590043,0.7809875516,0.7927892695,0.802351687,0.8123414337,0.8241279558,0.8315506562,0.869866375,0.629786267,0.7125404581,0.7374260498,0.75159723,0.7669775922,0.7822762125,0.79320751,0.8045452591,0.8228076402,0.8382971975,0.875095772,0.629786267,0.7155308022,0.7381143696,0.7500250222,0.7622814236,0.776573306,0.790149656,0.8044820702,0.8223357366,0.8425816992,0.88618617,0.629786267,0.7222373464,0.739796554,0.7498444482,0.7588928818,0.769964151,0.783246856,0.7980749522,0.8165805494,0.8385770824,0.904479165
0.728496554,0.7332927038,0.7342914914,0.7465760486,0.7608037186,0.771800786,0.7890742764,0.8169526432,0.8334828892,0.8429199,0.851293411,0.691806465,0.7154426128,0.7274039336,0.7335967938,0.7408209386,0.762438738,0.7818791652,0.8028672604,0.8175660396,0.8374343254,0.911064342,0.672704626,0.7163354804,0.7269002844,0.7340917798,0.7409679572,0.759016247,0.7733069246,0.7896052602,0.8062119106,0.8239682332,0.921833611,0.672704626,0.7181199792,0.729437374,0.7378521578,0.7505857434,0.766408344,0.7793257506,0.7928976206,0.8082727014,0.8259576067,0.921833611,0.665821288,0.718088832,0.732360329,0.743944837,0.760719426,0.774671124,0.786526049,0.798602957,0.812840619,0.836017819,0.921833611
0.800698608,0.8121911791,0.8283625884,0.8308161461,0.8487007372,0.85712288,0.8641714956,0.8703804933,0.8804740254,0.8875574421,0.904783107,0.76815079,0.7793468814,0.7859574688,0.7943760024,0.801110276,0.814169528,0.8195947966,0.8307003232,0.8456066652,0.8683054076,0.904783107,0.690003376,0.7638495576,0.7794773386,0.7879781998,0.7971826628,0.806689857,0.8181248214,0.831367865,0.846433399,0.8705178972,0.927216101,0.650837322,0.7466783856,0.7688141972,0.7808984044,0.7912918056,0.800922492,0.8145793156,0.8293233062,0.8475217046,0.8762495682,0.951386028,0.650837322,0.7399619686,0.7624307102,0.7751599456,0.7856666128,0.7955959025,0.807258901,0.8246588231,0.8431621114,0.8658388393,0.987806182
0.721002002,0.7284526801,0.729437374,0.7306397166,0.7342847084,0.7354414025,0.737111323,0.7384645368,0.7450018896,0.7485464502,0.759670441,0.672704626,0.7159837136,0.7253904758,0.730497825,0.7366481912,0.7405305775,0.7508808786,0.767486287,0.7832870194,0.8038758841,0.868437932,0.672704626,0.7207433834,0.7290643268,0.7355224958,0.7438263456,0.757119465,0.7703650216,0.7810291546,0.7971096352,0.814877736,0.868437932,0.672704626,0.7161503208,0.7288338616,0.737883887,0.7503124766,0.763895785,0.7759695846,0.7878851748,0.8029835764,0.8191517656,0.911064342,0.672704626,0.7180747105,0.7323120734,0.7440362673,0.758966935,0.7709699825,0.7813039862,0.7919333352,0.8034196608,0.8200579298,0.921833611
0.767767214,0.7773270164,0.7826072298,0.7833097543,0.7942380152,0.7987725215,0.8107502014,0.8192433838,0.8207015872,0.8300370776,0.846800186,0.699819028,0.7445260012,0.7646143872,0.7768399836,0.7883271482,0.796753422,0.8040574058,0.8111263366,0.8216084946,0.8336789594,0.868437932,0.680656752,0.7227727898,0.7356515182,0.7500295578,0.7622915154,0.77533201,0.7860499164,0.7967912048,0.806936992,0.8200797188,0.868437932,0.672704626,0.7211197796,0.7352412882,0.7500821968,0.7634353374,0.773711679,0.782351439,0.792826433,0.8033402964,0.8184138368,0.870991816,0.672704626,0.7222424126,0.7355544246,0.7503037811,0.7636574464,0.7734276775,0.7832557954,0.7950099407,0.8082892674,0.8255452752,0.904783107
0.702991125,0.709307466,0.7267477436,0.7459791158,0.7544966706,0.760580963,0.766995226,0.781027526,0.7930347392,0.8015305432,0.806689184,0.702991125,0.7411807412,0.763382622,0.7751675129,0.7832557954,0.7939871535,0.8010922628,0.8105986649,0.817861,0.830500651,0.856740088,0.695045227,0.7505396496,0.7690011544,0.778400632,0.7856598246,0.794367228,0.8017052364,0.811861469,0.8246275986,0.84149651,0.883853943,0.677125839,0.733563689,0.755695511,0.77042104,0.779641057,0.788923707,0.797260708,0.8072601575,0.819350397,0.842378912,0.904783107,0.650837322,0.723991633,0.7456567298,0.763253264,0.7748814154,0.7847943815,0.7950945,0.8070281599,0.8213140212,0.8461768894,0.936481867
0.630620134,0.6507874593,0.6744580304,0.6832021189,0.685507455,0.6880493275,0.6934331904,0.7003965265,0.7111425118,0.7241532408,0.731191024,0.630620134,0.675882435,0.6876138718,0.6911137256,0.6973178506,0.702051246,0.7093097918,0.7149169292,0.7203873638,0.730004817,0.755055203,0.630620134,0.6588577056,0.675216529,0.6869917702,0.6921143384,0.700823424,0.7092419686,0.7181234282,0.7283628268,0.74302208,0.815112217,0.622929925,0.6595564163,0.6752172258,0.6878292815,0.6969828182,0.706817561,0.7164051588,0.7287659493,0.7431545314,0.7690065828,0.855398013,0.622929925,0.662648271,0.681336661,0.692098307,0.702768451,0.714174733,0.725018773,0.738149939,0.755055203,0.788498255,0.900972261
0.678248225,0.6875570426,0.690949868,0.6955534597,0.6978118274,0.70033317,0.7014672566,0.7021926911,0.707983112,0.7126541044,0.728505882,0.652842782,0.6883121918,0.6971224578,0.7031944464,0.7094177122,0.714831152,0.7220037886,0.7306480794,0.7416980144,0.7638542742,0.820011495,0.630620134,0.6833002306,0.6944579102,0.7032332362,0.7145914038,0.724363727,0.7327821226,0.7487266712,0.7696630094,0.800087013,0.873119669,0.630620134,0.67063551,0.688722513,0.701268435,0.712510505,0.7250143985,0.736707863,0.754637822,0.783179911,0.817979854,0.900972261,0.622929925,0.6686798605,0.6879643258,0.700735717,0.7143282046,0.726028406,0.7378496194,0.7524211589,0.773641761,0.8039469157,0.900972261
0.740754101,0.7609710194,0.7668157904,0.7790621221,0.7877116394,0.792015324,0.8003473806,0.8042627809,0.8059801148,0.8081117949,0.812977824,0.69889412,0.7318935905,0.743346201,0.76176391,0.779236413,0.7883024215,0.800681561,0.8125063575,0.823106899,0.8423514985,0.911064342,0.693101897,0.7197789986,0.7323522806,0.7419843031,0.7611334732,0.780652316,0.7900373,0.8041896626,0.816651542,0.836194723,0.921833611,0.665821288,0.7204039136,0.733198891,0.7447643074,0.7645909822,0.781674007,0.7944915186,0.8087031206,0.823482617,0.8490298094,0.921833611,0.665821288,0.7206859169,0.7334989332,0.744837439,0.7626772646,0.7765230905,0.7881961946,0.8014364381,0.8184576688,0.8428718747,0.921833611
0.803787214,0.8204671684,0.8345641744,0.8504852164,0.8666692648,0.871700862,0.8843352284,0.8852753892,0.8905097028,0.8931925532,0.927216101,0.768802454,0.788190174,0.808483985,0.8289588436,0.8439825828,0.850869291,0.8661324312,0.8808998124,0.8973417236,0.915334962,0.951386028,0.738711631,0.781189638,0.789788148,0.800362491,0.817294978,0.827621141,0.840927416,0.853950687,0.876209077,0.896779725,0.951386028,0.675400716,0.7687513256,0.7837564728,0.792738713,0.8029708508,0.818375682,0.8309653874,0.8451875234,0.859596248,0.8813713278,0.951386028,0.667165691,0.759222747,0.7745096554,0.7857634574,0.7951278304,0.804257037,0.8177339132,0.8290298146,0.8464384684,0.8672084576,0.951386028
0.708354902,0.7099780121,0.711444626,0.7173988979,0.720311734,0.7287613685,0.7388908246,0.7447179575,0.7716119658,0.81121143,0.831054924,0.659147832,0.6822562075,0.697010753,0.7103083895,0.731326962,0.741385401,0.756517265,0.767098535,0.779557025,0.808170183,0.846370521,0.65077409,0.6871851575,0.703547571,0.721981363,0.735559599,0.748555284,0.763895335,0.7770383705,0.804611447,0.8487273795,0.900972261,0.65077409,0.6890759654,0.7103718498,0.7238045786,0.736928787,0.751030824,0.7647938974,0.782831139,0.8084732534,0.838233564,0.901782384,0.65077409,0.692123408,0.7122787732,0.7248276954,0.7374627642,0.750398578,0.7637703704,0.7780470769,0.7975121402,0.8236838435,0.901782384
0.819220618,0.8247414236,0.8251725712,0.8275039084,0.8317439416,0.837799288,0.8464927786,0.8561752222,0.8890476388,0.9142875028,0.929398502,0.748119529,0.7803466991,0.7892377012,0.7995910307,0.8080874338,0.823439502,0.8429088136,0.858748331,0.8923277162,0.9105537605,0.951386028,0.738711631,0.7785059079,0.787575993,0.7942885976,0.8025799366,0.8149697465,0.824969772,0.8435624946,0.859381247,0.8924952581,0.951386028,0.738711631,0.7771753592,0.7884081102,0.7955421002,0.8031528968,0.814370852,0.824318332,0.8385579664,0.8532334356,0.8783740394,0.951386028,0.675400716,0.7712081284,0.7861404694,0.7954072174,0.8039773598,0.815098348,0.8251725712,0.8386126552,0.8537842962,0.8740497906,0.951386028
0.777145819,0.787841292,0.805385652,0.8237334625,0.829665124,0.836959066,0.859368269,0.864414334,0.870588894,0.8959623645,0.900972261,0.673876821,0.720473769,0.733505651,0.753603904,0.769808637,0.790139957,0.811523301,0.8310543865,0.855603893,0.8718542815,0.900972261,0.653507712,0.7107528237,0.726872696,0.7409732978,0.7540441634,0.7672457875,0.7790813918,0.7977519961,0.8185767756,0.8517739494,0.900972261,0.652842782,0.6934340363,0.7113644524,0.721128305,0.7346389338,0.747581336,0.7638651292,0.7786460043,0.799658439,0.8275340237,0.900972261,0.630620134,0.6884594622,0.702849362,0.7161224228,0.7273315886,0.738164292,0.7505102104,0.7647118709,0.7836044044,0.8126009973,0.900972261
0.743025202,0.750682385,0.757083099,0.764618889,0.767917937,0.772181022,0.772596381,0.773194805,0.805438393,0.806282827,0.811773243,0.734490077,0.7429983192,0.752859759,0.7573522618,0.7650027834,0.771611311,0.7757657578,0.7816189062,0.787549548,0.792753451,0.811773243,0.695607032,0.738988305,0.745215938,0.752742538,0.758806487,0.764784634,0.77182859,0.7790013785,0.786190506,0.796033952,0.853852668,0.681205227,0.736253578,0.7456372716,0.7526824232,0.7586485462,0.766014481,0.7739151602,0.7804667344,0.7881983908,0.8055204856,0.863800185,0.669784645,0.7264739686,0.7422124308,0.7503269266,0.7571708302,0.764833991,0.7740270852,0.7822609312,0.7927052228,0.810670767,0.879975383
0.68668269,0.7108914282,0.7182376198,0.7295378782,0.7321797898,0.73728839,0.7426698222,0.7468848426,0.7499224434,0.7536484214,0.766799398,0.672832095,0.6919738236,0.7008257878,0.710338002,0.714846574,0.721049489,0.7290451132,0.7335126778,0.7416990818,0.7523767636,0.784099303,0.630620134,0.6833458424,0.6949338246,0.7034491412,0.7119181206,0.720174329,0.7298336198,0.7412174442,0.753578134,0.7887653515,0.900972261,0.622929925,0.6743979308,0.6919706116,0.7034815656,0.7148660732,0.723905901,0.7359625974,0.752733637,0.7765622332,0.8148476418,0.900972261,0.622929925,0.6698819481,0.6893415646,0.7028294929,0.7153635254,0.7288854,0.7417655736,0.7569222352,0.7754822744,0.8030162824,0.900972261
0.663043858,0.7196902909,0.7272932086,0.7488632854,0.7619960358,0.766226167,0.7670614198,0.7690459597,0.7800833496,0.7962955171,0.82966313,0.663043858,0.713629342,0.7339155394,0.7535519876,0.7618260616,0.767939929,0.7743894408,0.7830818086,0.7918781578,0.8050546398,0.861192477,0.652223635,0.7024744328,0.7203672234,0.7358996452,0.7524845738,0.765703522,0.7751065104,0.7851779402,0.800832907,0.8199490634,0.901782384,0.652223635,0.7018526459,0.7178520326,0.7298218843,0.7432099332,0.7584904435,0.7693873498,0.7795274978,0.7928944666,0.8141501093,0.901782384,0.652223635,0.6939757324,0.711366282,0.7232956035,0.734472212,0.748364567,0.761652255,0.7742342935,0.7859038392,0.808322027,0.901782384
0.699784897,0.719778813,0.7270306486,0.7312091068,0.734567586,0.746973374,0.7528566172,0.7668567984,0.7719133698,0.775484377,0.781954587,0.667986611,0.6910603262,0.7024095052,0.7179778944,0.727110774,0.735959148,0.747922186,0.7636356369,0.7987517856,0.8276120993,0.901782384,0.656499568,0.6843192067,0.7013358804,0.7179778944,0.728184858,0.7379995765,0.7500391638,0.7652060967,0.7812587298,0.8105757146,0.901782384,0.65077409,0.6888912717,0.7083184588,0.722855396,0.736416021,0.7487267125,0.7610373752,0.7715806361,0.7856475822,0.810723105,0.901782384,0.65077409,0.6901862957,0.7084049356,0.7236079136,0.7366076478,0.7498931395,0.7622755948,0.7735862227,0.7920014966,0.8183653122,0.901782384
0.765922543,0.7763611088,0.7789580586,0.7844354719,0.787841936,0.7943081835,0.8009654582,0.8061945472,0.8138508444,0.8169133956,0.821147997,0.731434209,0.7474854464,0.7695137786,0.777125442,0.7824104862,0.787076973,0.796000854,0.8108246696,0.8262609562,0.8411079696,0.863800185,0.686968425,0.7186161294,0.7399348488,0.7528374251,0.764777753,0.7725173115,0.7791283032,0.7859329476,0.7959355464,0.8203912705,0.879975383,0.663043858,0.7185610483,0.7348130568,0.7468899359,0.7560288466,0.76529153,0.7730274596,0.7811796785,0.7905421934,0.8071356023,0.879975383,0.648637918,0.7060731624,0.725766536,0.739445012,0.7497721558,0.758059427,0.7668775192,0.7759846612,0.7863954524,0.8036886277,0.879975383
0.687216352,0.6926738066,0.7006886534,0.7170840879,0.7545299836,0.7656632965,0.769375543,0.772342629,0.775024411,0.7909711768,0.853989653,0.663043858,0.7037608676,0.7176372684,0.7303796698,0.7509447362,0.765956335,0.7740055824,0.7872897056,0.8079540962,0.8353699882,0.879975383,0.663043858,0.7086932456,0.7261167204,0.7420301852,0.7603337796,0.769474579,0.7785516846,0.7866484614,0.8020008676,0.8252082356,0.879975383,0.652223635,0.7040006455,0.72218849,0.7344181555,0.749633273,0.7650396075,0.774702405,0.782582037,0.79352451,0.810943906,0.879975383,0.648637918,0.699659162,0.718299653,0.731434209,0.744212533,0.756763831,0.76646657,0.776013867,0.786022456,0.806723536,0.901782384
0.744036807,0.7468169929,0.7508222222,0.752995046,0.7561263146,0.76181209,0.766660083,0.7770203231,0.782571629,0.7867529383,0.795775921,0.708693577,0.7398537956,0.7455466726,0.7519774944,0.7547039064,0.759878203,0.7660161676,0.772871204,0.780135386,0.7864445718,0.832601181,0.695607032,0.7387544223,0.7472953284,0.7539118349,0.7605313228,0.7698878815,0.7758014682,0.784776249,0.792286746,0.812422345,0.861708838,0.695607032,0.7382992152,0.7472993702,0.7544813684,0.7623759302,0.770737214,0.7787367268,0.7870711854,0.7972813048,0.8159945458,0.861708838,0.629786267,0.7309652711,0.7450571526,0.7531563345,0.761008401,0.770124561,0.7795138836,0.7875388238,0.7982811954,0.8169131157,0.877586943
0.718904206,0.7216052988,0.7287812988,0.7361429394,0.7418853534,0.773419391,0.7991892598,0.8006935986,0.8118979056,0.8223440728,0.831723041,0.665821288,0.7198912484,0.7301908632,0.7498075624,0.7658828162,0.779051281,0.7987045274,0.814781417,0.8333871878,0.8481402296,0.872355643,0.639845762,0.719236952,0.7344576134,0.7451940636,0.7586762446,0.771988617,0.7861862486,0.8034032746,0.8302546034,0.8511830454,0.888506577,0.629786267,0.7130085464,0.730506505,0.7449269048,0.7599716366,0.773419391,0.7875608132,0.801841341,0.8192137396,0.8446936196,0.904479165,0.617499772,0.7136028929,0.7357389696,0.7539688704,0.7708018688,0.7858618005,0.7979065118,0.810133927,0.8240939898,0.8463259518,0.921833611
0.73594171,0.740245971,0.7446626948,0.7454130642,0.7476849678,0.751157734,0.757873201,0.7691340426,0.7717579596,0.7862234453,0.815615595,0.639845762,0.7097691205,0.726825038,0.746867035,0.759810983,0.7756080315,0.793475568,0.8013139355,0.816400062,0.838369736,0.88618617,0.629786267,0.7155237085,0.737355901,0.753683983,0.766554948,0.7806811105,0.797392267,0.808875143,0.832160479,0.848616004,0.88618617,0.629786267,0.7197007106,0.7386099574,0.7538280192,0.7670293334,0.780064352,0.7941898664,0.806807301,0.825179564,0.8462735208,0.904479165,0.629786267,0.7167203486,0.7355164676,0.7480725666,0.7603576388,0.772713978,0.7863640886,0.8014337354,0.8193127336,0.8402799433,0.904479165
0.726373049,0.7617836869,0.7805746756,0.7864469054,0.7953499666,0.802268637,0.8079889938,0.8124132835,0.8187878188,0.8201539361,0.824529128,0.672704626,0.7332369108,0.7566629238,0.768395333,0.7759354908,0.781317294,0.7873959996,0.7943940609,0.8019154464,0.8177950031,0.833818203,0.672704626,0.7324964702,0.750850538,0.7657770032,0.772876336,0.780123495,0.7880998496,0.796784188,0.8082578124,0.820639358,0.873744817,0.672704626,0.728076643,0.740971578,0.760197959,0.770939744,0.778522369,0.787263875,0.797446882,0.80885354,0.820591907,0.911064342,0.665821288,0.7221916879,0.7354047662,0.7503861466,0.7665216086,0.776890134,0.7867263584,0.7968158713,0.8079851886,0.8207081538,0.921833611
0.791528254,0.8025377494,0.8191016722,0.8385770824,0.839776172,0.846533022,0.8484228994,0.8491317014,0.854935262,0.8597200604,0.861708838,0.718538393,0.7506662034,0.7706943876,0.7794494473,0.7887187924,0.796166306,0.8037935868,0.8138194082,0.8246949336,0.8382649074,0.861708838,0.629786267,0.7260742475,0.7453814096,0.7531082789,0.7627268402,0.7746445375,0.7851625014,0.7966508906,0.8099437028,0.8273642414,0.861708838,0.629786267,0.7231230662,0.7449723972,0.7548494176,0.7644371264,0.774446614,0.7848844918,0.7961935968,0.8112131576,0.8336115418,0.88618617,0.629786267,0.7230598953,0.7410530886,0.7520551486,0.7615481372,0.771684062,0.7822609312,0.7946771771,0.8124470842,0.8363673336,0.888506577
0.65283175,0.6581898184,0.6698423292,0.677508687,0.6812239382,0.69669294,0.6981073124,0.7043194696,0.7070466052,0.7088116184,0.733452635,0.622929925,0.6474892334,0.6596251892,0.668573986,0.6847605794,0.6946167,0.7053581746,0.7145197894,0.7272158476,0.7368926208,0.766276885,0.622929925,0.6523051389,0.6673221066,0.6818940719,0.6903728888,0.700349671,0.7086797802,0.7190309281,0.729992315,0.7448219246,0.769002063,0.622929925,0.6607210221,0.6756259522,0.6880880846,0.6968283906,0.705146206,0.7136040718,0.722927053,0.7358746738,0.7513616772,0.807950259,0.622929925,0.6670901953,0.685426189,0.6944866886,0.7050447104,0.7148013415,0.7239075442,0.7365387064,0.7521934148,0.7730518936,0.870588894
0.732360329,0.745159946,0.761144571,0.7649558855,0.768901247,0.771299538,0.781739454,0.805538259,0.820670992,0.83516586,0.841153176,0.665821288,0.72838649,0.7555921466,0.768873215,0.7797552256,0.788089106,0.795458104,0.8061010038,0.8127738498,0.8243935442,0.873744817,0.665821288,0.7243792802,0.7404676526,0.760836864,0.7749927576,0.786586482,0.794733954,0.8044696606,0.8135140814,0.8252338424,0.893898211,0.665821288,0.7256350515,0.740252367,0.760720692,0.773016194,0.78362788,0.794183547,0.804417438,0.817873076,0.839841273,0.921833611,0.617499772,0.7161566794,0.7339758282,0.750318159,0.7658952416,0.7778990795,0.7896052602,0.8015472564,0.8177837078,0.8405835929,0.921833611
0.727066065,0.7602207377,0.7619954586,0.7646487854,0.7701798864,0.7744801385,0.7801879842,0.7850534606,0.7923386674,0.7989606354,0.801181401,0.707208682,0.7618955531,0.7673950786,0.7748760207,0.7807727428,0.7944632445,0.8010560506,0.8108348607,0.8274840608,0.8498392094,0.865398177,0.677125839,0.7424510259,0.7642084836,0.770968576,0.7783577776,0.7858387915,0.7980424872,0.8108089188,0.8257498554,0.8493003578,0.892725551,0.677125839,0.749701309,0.769108765,0.778013109,0.787375683,0.797260708,0.807253875,0.819035833,0.832508991,0.85420508,0.919092414,0.677125839,0.7489304962,0.7695857194,0.7795205834,0.7905815666,0.800204554,0.8114361592,0.8218814086,0.8364957604,0.8608686272,0.936481867
0.822766323,0.8284105462,0.8410807406,0.8571728228,0.8618481064,0.864212131,0.874165234,0.8776612696,0.8832643204,0.8867632576,0.890160309,0.763825145,0.7781199813,0.7932725104,0.8047512224,0.8200836166,0.8280158065,0.8409272274,0.8483634993,0.8582164134,0.8721992976,0.892725551,0.727066065,0.7704014372,0.7806256568,0.7920291672,0.8046615554,0.819750185,0.8342495456,0.8488822098,0.8632440536,0.8814965196,0.923485506,0.677125839,0.76787497,0.778527701,0.7914653795,0.802028877,0.8156040495,0.828476539,0.8443170745,0.859244066,0.881002134,0.951386028,0.677125839,0.7593516892,0.7756228692,0.7877866222,0.7977622966,0.810545796,0.8204971632,0.8323038224,0.8464092876,0.865711215,0.951386028
0.641493597,0.6673659364,0.6699029144,0.6739091414,0.6781482758,0.682491238,0.685356827,0.6864788538,0.6919587534,0.6953999874,0.697195036,0.622929925,0.64530305,0.651329746,0.65979751,0.667119066,0.673324195,0.682340374,0.68935999,0.697630026,0.711468558,0.762077789,0.622929925,0.6518414216,0.6656622724,0.678217233,0.6898394628,0.699733505,0.708970064,0.721414787,0.738357601,0.7652577491,0.825019899,0.622929925,0.6601108506,0.6752931916,0.6889940314,0.6991682802,0.708807276,0.7184110254,0.7294538282,0.7430272946,0.7617687754,0.825019899,0.622929925,0.6627728694,0.6779065536,0.689835882,0.7002173938,0.709010761,0.7182661754,0.7298547628,0.7418223652,0.7609223862,0.825019899
0.738854397,0.7597112448,0.7639885812,0.7697917506,0.770585436,0.773505805,0.7765828404,0.7947008731,0.8018269248,0.8064942762,0.819228953,0.672704626,0.7361090414,0.7504046164,0.7601970386,0.766567754,0.771787147,0.7770806664,0.7858427324,0.796758598,0.8093996608,0.825786155,0.672704626,0.7282865985,0.740218381,0.7572222425,0.76814942,0.773614955,0.781470191,0.7897588635,0.798879449,0.812337146,0.868437932,0.672704626,0.7286001405,0.7421684904,0.7610353354,0.7714959652,0.7780137905,0.7853157688,0.7939916876,0.8027094018,0.8178147877,0.873744817,0.672704626,0.727686438,0.742243657,0.7612333885,0.772448626,0.7811063675,0.790450293,0.800234915,0.809298583,0.821540832,0.911064342
0.775103374,0.7878950426,0.7929284986,0.7966981564,0.7993447208,0.803493676,0.8043440868,0.8052493016,0.8086012154,0.8141237058,0.821106175,0.761188333,0.7752524596,0.7866279966,0.7934168422,0.797330452,0.801949385,0.8057162672,0.8125628562,0.819199644,0.8359617524,0.86737925,0.750837948,0.7807200936,0.790511287,0.7962459776,0.8015157038,0.806414708,0.8127419228,0.8182808764,0.8262861606,0.8363799054,0.885585325,0.7050314,0.779329341,0.7903707486,0.7967025343,0.80289732,0.8095917305,0.8158500196,0.8242298541,0.8353943476,0.8547470225,0.951386028,0.646564346,0.7749799898,0.7877367774,0.7956074962,0.8042368286,0.812828808,0.8207313578,0.8311416253,0.8461055956,0.8664947163,0.951386028
0.677125839,0.6812116942,0.686524433,0.6945583934,0.7012300082,0.70992002,0.7150935894,0.7323295498,0.7482030706,0.7746566334,0.785098237,0.677125839,0.7146627784,0.731339678,0.7448778012,0.7540856246,0.765800317,0.7757626566,0.7826394216,0.7979477686,0.8138272334,0.852252596,0.677125839,0.731077794,0.7506836816,0.7647348882,0.771906139,0.779109586,0.7884006796,0.798059351,0.808396409,0.819737401,0.868437932,0.672704626,0.7359990385,0.756914468,0.768286886,0.775418814,0.7823300945,0.791419921,0.8011011635,0.811550788,0.8290134845,0.873633441,0.672704626,0.7356084493,0.757395338,0.770105938,0.7780456404,0.785847607,0.7957868496,0.8041437865,0.8154123038,0.833033961,0.892725551
0.797544805,0.8203998536,0.8270080688,0.8309655022,0.8509105402,0.8603605015,0.869030542,0.8852161395,0.900164286,0.9177319406,0.923485506,0.774863823,0.820583764,0.83290816,0.843274484,0.850258206,0.8592094055,0.865731731,0.876234384,0.887046366,0.9015689775,0.932069783,0.765145985,0.795045692,0.8151264004,0.8264896382,0.8383698324,0.847004116,0.8544909488,0.862864054,0.876285863,0.8941004522,0.951386028,0.727066065,0.7778062582,0.788641087,0.799118329,0.8134344076,0.822904959,0.836014786,0.8475067018,0.8597858152,0.8813538242,0.951386028,0.702991125,0.7727456272,0.7825626466,0.7920988692,0.8006398198,0.810848657,0.8212747284,0.833111994,0.8465958612,0.8658553054,0.951386028
0.666434464,0.667315582,0.6724990304,0.682992398,0.6904522032,0.702049055,0.7065706172,0.7232006904,0.7299644982,0.7421030598,0.751176971,0.653507712,0.6779136984,0.6908148096,0.7003349686,0.7068101956,0.715159371,0.7199887052,0.728809177,0.7413164986,0.7516552704,0.785677615,0.653507712,0.6894437811,0.7043889126,0.7148216889,0.7201460888,0.7288767405,0.7376249068,0.7469121993,0.756638917,0.7698595193,0.835640646,0.622929925,0.6861396146,0.6998386976,0.7113460492,0.7201837424,0.731074043,0.7424012932,0.7539662852,0.768483367,0.7916283252,0.900972261,0.622929925,0.6794156526,0.6984435538,0.7104595962,0.7197939534,0.731686456,0.743330152,0.7553445644,0.7705268428,0.7957290652,0.900972261
0.628776275,0.6544976105,0.662072077,0.67872801,0.694965777,0.7016681545,0.711116939,0.722332923,0.72470936,0.7413470205,0.757975728,0.622929925,0.6418667482,0.6606096432,0.6753764961,0.698469352,0.7073613785,0.7175631552,0.730509456,0.7422668218,0.7518387329,0.779285618,0.622929925,0.6566285024,0.672881199,0.6896933032,0.6991079062,0.709163351,0.7198826752,0.7310228247,0.7417655736,0.7572151441,0.807950259,0.622929925,0.6638416327,0.679925378,0.6926694787,0.7027807944,0.711662533,0.7233561696,0.7355007509,0.7478888876,0.7672963414,0.817250813,0.622929925,0.668613064,0.6867319316,0.6970449343,0.7065095004,0.715765119,0.7265480206,0.7376754962,0.751112868,0.7683467549,0.834380729
0.742508685,0.745414705,0.749860154,0.750335662,0.758290212,0.761322206,0.765655557,0.777994447,0.780467924,0.781470191,0.782933865,0.680661507,0.750300656,0.7610985026,0.769123175,0.772904279,0.778291436,0.782444016,0.7888041768,0.7962315866,0.8075082992,0.825036785,0.677125839,0.738338669,0.758239212,0.7687620075,0.773137239,0.7781989575,0.783370659,0.7899192885,0.798230883,0.8084223995,0.852252596,0.672704626,0.73587432,0.7588850802,0.7716208798,0.7779900928,0.784934206,0.792535375,0.7995079478,0.8086643092,0.8194793406,0.868437932,0.672704626,0.7372991196,0.7619050944,0.7729381253,0.7807933916,0.789398319,0.7976183068,0.8047347872,0.8128461312,0.8240543312,0.893898211
0.77623684,0.7779638294,0.7792381946,0.7826063416,0.7858623746,0.786661424,0.78710537,0.792981579,0.7983826024,0.8082205302,0.818295283,0.70607328,0.7300423756,0.7392775404,0.7534517544,0.7628917132,0.7731232235,0.7815823584,0.7875905017,0.8058295956,0.8271671224,0.863800185,0.648637918,0.7258074752,0.7404559842,0.7504485876,0.7638483056,0.77507548,0.7827278352,0.7923290354,0.8042019684,0.8255697726,0.879975383,0.648637918,0.6984262485,0.727226414,0.743875656,0.759895002,0.7698379065,0.778448949,0.7865985965,0.797274586,0.813379076,0.900382024,0.648637918,0.6951657775,0.718408654,0.736397986,0.751981871,0.762591775,0.77182859,0.78194484,0.791442355,0.8079225005,0.900382024
0.731405787,0.7416658808,0.7465970024,0.7521761278,0.7533272288,0.756862141,0.7605316164,0.7650474147,0.7751805774,0.7885703166,0.82503662,0.731405787,0.7432946066,0.7526493736,0.7589082445,0.7645591498,0.770367089,0.7752651798,0.7846103907,0.7948833918,0.8082461879,0.827664898,0.692592842,0.7422680745,0.752547532,0.7610730485,0.768694031,0.7748205265,0.782399225,0.7899624355,0.799261368,0.811075914,0.877288364,0.648637918,0.7330855962,0.7453005614,0.754625292,0.7646203018,0.773205364,0.7803799088,0.7875463292,0.7966432796,0.8119302332,0.900382024,0.648637918,0.7130055682,0.7354475624,0.748813604,0.7580628104,0.768057995,0.7762704506,0.7850332472,0.7953698844,0.8118591686,0.900382024
0.748783775,0.7508269538,0.757703979,0.7618591164,0.7646324316,0.769309639,0.7837949688,0.7877466332,0.7920330032,0.7970278308,0.803106236,0.723524518,0.745594382,0.7536359574,0.7578961415,0.7615656506,0.768782108,0.7745794302,0.780097903,0.7878139116,0.7974682782,0.831198441,0.702781329,0.7400325524,0.7505821468,0.7555997127,0.7627917334,0.770733725,0.7769705206,0.7848129986,0.792764039,0.8053417997,0.856112224,0.691986461,0.7374193608,0.74786832,0.7566486789,0.7660667712,0.773900456,0.7818811876,0.7901584884,0.8005395998,0.8142517541,0.877586943,0.676960899,0.7288498035,0.743959499,0.7540651835,0.763930908,0.772929899,0.781708927,0.78990103,0.801100535,0.819131198,0.900382024
0.794183292,0.8044955445,0.815098348,0.831723069,0.834988978,0.837810079,0.853430882,0.8548212125,0.861085388,0.874574568,0.889318993,0.762181573,0.774606924,0.784603437,0.7998740415,0.815098348,0.825242965,0.838759195,0.847595334,0.862259284,0.874821081,0.918427598,0.758018839,0.7725376935,0.7867432224,0.8018587043,0.816408885,0.8232064325,0.8338748022,0.8450648113,0.8583740184,0.8736021687,0.923485506,0.707208682,0.774863823,0.788016086,0.801070915,0.814294293,0.82302471,0.832613406,0.843092509,0.853925189,0.87016074,0.945534983,0.677125839,0.765238404,0.779430646,0.7920348946,0.8032029,0.815910078,0.8262893826,0.8363547232,0.8478257228,0.8665463438,0.951386028
0.638766862,0.662872278,0.673739783,0.6898316075,0.694940167,0.705066025,0.71839739,0.718681899,0.722357361,0.7246733675,0.738260997,0.622929925,0.651894684,0.666064939,0.6750379925,0.688563916,0.6975206885,0.706070448,0.7115128785,0.718465567,0.7317695755,0.753377802,0.622929925,0.656897476,0.67134609,0.6870792545,0.697226741,0.7059603955,0.713877056,0.725180569,0.738502507,0.7600733215,0.801274052,0.622929925,0.6618981399,0.678811741,0.6932429869,0.7048257874,0.713640242,0.7259940682,0.7371334315,0.7497119372,0.767033965,0.816765909,0.622929925,0.6666472337,0.6836679352,0.69494785,0.7050613676,0.715309074,0.7260209408,0.7373003248,0.7509358378,0.7690763068,0.825019899
0.776548372,0.7963592789,0.8012121888,0.8030316585,0.8047963014,0.8082967515,0.80889284,0.8111300381,0.8122055466,0.8204651707,0.882249978,0.724373202,0.7616748915,0.777093925,0.7845644995,0.793197167,0.798942841,0.806072311,0.813318692,0.820709817,0.829956693,0.893898211,0.664672397,0.723465436,0.7527685906,0.7700456926,0.777795972,0.786635068,0.7931708678,0.800388376,0.8092168942,0.82148038,0.893898211,0.617499772,0.7000292455,0.733070124,0.7559965825,0.77061419,0.7782557495,0.787359734,0.796209492,0.805934317,0.8191685085,0.893898211,0.617499772,0.7074535362,0.7324644308,0.752614837,0.7684047384,0.778084393,0.787527082,0.7976860352,0.8076234982,0.8214261934,0.908098932
0.743899968,0.7636483078,0.7698388502,0.7778237814,0.7823660118,0.7850147385,0.7879492674,0.791141642,0.8038371066,0.8070542212,0.847052407,0.652223635,0.6966068592,0.7142337268,0.7258307292,0.734863552,0.7516890085,0.7700100728,0.7790414426,0.7844894136,0.7999988354,0.863558298,0.652223635,0.6901520255,0.707736034,0.7244744837,0.7355533572,0.754855849,0.7693516832,0.7822487089,0.7941802102,0.8178201428,0.879975383,0.648637918,0.6830277947,0.703884252,0.7207035122,0.7337009674,0.7497290355,0.7641452662,0.7762447546,0.787255291,0.8071715439,0.879975383,0.648637918,0.6913203272,0.7094769816,0.727531922,0.7409756318,0.7544721305,0.7666089522,0.7784466633,0.789233312,0.808928184,0.901782384
0.764056269,0.7686800357,0.7709425706,0.7721433013,0.7730480378,0.775790877,0.7769023538,0.7786687998,0.7850483666,0.7881746623,0.790996835,0.75736165,0.771312873,0.775075354,0.7779831545,0.783145617,0.788129614,0.794686085,0.799699346,0.808844356,0.820813192,0.836093874,0.711000928,0.7622693336,0.7724326172,0.7780021844,0.7841552382,0.790764665,0.7973622616,0.803082989,0.8103985376,0.8209427528,0.893898211,0.651102263,0.7387173214,0.7621740932,0.7727089882,0.7792152682,0.787610558,0.794684029,0.8014126036,0.8097522476,0.8207087082,0.893898211,0.617499772,0.7110834436,0.7352669682,0.7568820896,0.7708334028,0.778659322,0.7880712504,0.797100692,0.806146183,0.8181706536,0.893898211
0.718990505,0.7220226004,0.7250577608,0.7320389936,0.7360060972,0.741029203,0.7454301404,0.758444178,0.762156288,0.7653754152,0.796303692,0.677125839,0.7263852748,0.7380638718,0.749581262,0.7641236244,0.776728179,0.7893352586,0.7986278494,0.808333546,0.8175045068,0.836363264,0.677125839,0.732628462,0.751686571,0.766506848,0.775169092,0.7814398075,0.789672505,0.7983312375,0.809594646,0.8249348,0.854059339,0.677125839,0.7471466285,0.7651616548,0.7725362349,0.7785213838,0.7860023715,0.7959164904,0.8031222524,0.811342311,0.8251503442,0.877236772,0.672704626,0.7454172159,0.7652631192,0.7750099663,0.7816985936,0.7908525255,0.7993842252,0.8081410661,0.8183799546,0.8331356472,0.892725551
0.767019762,0.7865891492,0.794273552,0.7956440588,0.7979526568,0.804990623,0.8153639998,0.822757977,0.8429219532,0.8555221604,0.857045675,0.709698586,0.7311493838,0.7481255498,0.7598128521,0.7678880072,0.7758039325,0.785744115,0.7959501444,0.8053730366,0.8165879232,0.877586943,0.680047122,0.7276868846,0.744790186,0.754064254,0.7615479898,0.770683681,0.7818206828,0.7933637638,0.805612223,0.8239970016,0.877586943,0.650019772,0.7242464148,0.7421527698,0.7524221962,0.7610215334,0.770683681,0.7801835474,0.7893090464,0.8024091926,0.8195427694,0.877586943,0.629786267,0.7199111165,0.7408889994,0.7527622349,0.7637183844,0.7723332735,0.7817724056,0.7910717977,0.8023940866,0.8194684432,0.88618617
0.735146407,0.7455988382,0.7496392482,0.7514182938,0.755163999,0.757094737,0.7594329978,0.7688415766,0.7863908098,0.800031391,0.804868206,0.675053243,0.7097160592,0.7400106078,0.7496440528,0.7569320058,0.764622613,0.7729605488,0.784814849,0.801901541,0.823327862,0.877586943,0.657890652,0.7129766753,0.737334439,0.7477085156,0.7592831496,0.7671136175,0.7764480402,0.7871223638,0.8039658756,0.8198987291,0.877586943,0.639845762,0.7097108398,0.7292562738,0.7446615274,0.7575336788,0.7691569075,0.7800199402,0.791583017,0.8047319154,0.8266267066,0.88618617,0.617499772,0.7092169461,0.7299819088,0.7456571114,0.7585301262,0.770212684,0.7818573656,0.7940252594,0.8082984896,0.8304998105,0.893898211
0.690129108,0.7219704198,0.7271448304,0.7283469596,0.739540519,0.741213961,0.7484033326,0.7544771754,0.763266892,0.7798265754,0.79202126,0.652223635,0.702045312,0.712563745,0.7217839075,0.731726762,0.7406386365,0.756096072,0.765859008,0.779037619,0.787470915,0.812400375,0.652223635,0.6973420005,0.719763993,0.7311282045,0.741106144,0.7526143945,0.761578489,0.769568768,0.781739415,0.79259513,0.863558298,0.652223635,0.688786351,0.706477097,0.7243247855,0.736034469,0.7509748315,0.762811019,0.773096277,0.783609078,0.8002635375,0.901782384,0.648637918,0.6882752334,0.703459578,0.720452335,0.7332177178,0.746696891,0.759140937,0.771960041,0.784935882,0.8068151936,0.901782384
0.711474935,0.7209868844,0.7301386454,0.7351865312,0.7465747392,0.759648901,0.7685678366,0.7804210252,0.7899558588,0.795216994,0.808860501,0.674334,0.706660553,0.715528827,0.719925229,0.734641425,0.750234077,0.757766604,0.768989803,0.778831638,0.797711935,0.823678967,0.653507712,0.6950351964,0.7106330638,0.7186409962,0.7308083816,0.742416682,0.7497261348,0.7595251396,0.7714188884,0.7951273316,0.900972261,0.653507712,0.6920664074,0.710410893,0.7185914909,0.729552111,0.7403341535,0.7498418716,0.761402547,0.7725976198,0.7966518806,0.900972261,0.653507712,0.694762459,0.71086056,0.72115176,0.732827912,0.743167229,0.753269184,0.764897995,0.779964824,0.807950259,0.900972261
0.756752576,0.7614111544,0.7668129992,0.7723916552,0.7771882504,0.778147096,0.7795777796,0.7810856096,0.7846486118,0.7867406446,0.808172535,0.657890652,0.6904994876,0.7051507016,0.7197391916,0.730904953,0.739714948,0.7496772096,0.7601268414,0.7717851808,0.7793480616,0.808172535,0.617499772,0.683192658,0.7101137356,0.7290345028,0.742410309,0.7538446785,0.7664778276,0.7777356924,0.792799907,0.8137351703,0.893898211,0.617499772,0.6963507444,0.7234999036,0.7421626526,0.7540790554,0.767431178,0.7801771294,0.7942351169,0.8064212972,0.8250592586,0.893898211,0.617499772,0.7058605739,0.7292622744,0.7472126717,0.7652350522,0.7771312785,0.7880146534,0.7990941157,0.8111636872,0.8317667848,0.893898211
0.705592043,0.7184233397,0.7338871906,0.7409797614,0.7546323336,0.7579301035,0.7582784294,0.7596801246,0.7664805788,0.7710543988,0.784965212,0.692041112,0.7202645874,0.7364905236,0.7473532322,0.7551094384,0.761089213,0.7685952832,0.776600032,0.7886451944,0.8049173994,0.824775647,0.660434203,0.7020794674,0.715323601,0.7239501926,0.7362646646,0.745345767,0.7542183368,0.7636155582,0.775655171,0.7965373054,0.854944427,0.653507712,0.6920748392,0.7067851754,0.7184306176,0.7300505868,0.739764335,0.75087007,0.7625326634,0.7771190538,0.7990411404,0.900972261,0.653507712,0.6932649254,0.711117659,0.7224679468,0.7348457976,0.745958759,0.756139814,0.7668447716,0.7825928832,0.808432419,0.900972261
0.667872011,0.6702352328,0.6755244618,0.6869250517,0.6932723816,0.696295769,0.7017333188,0.7087155272,0.7163705456,0.7229344202,0.730623192,0.667872011,0.681449482,0.6937561254,0.7057161282,0.719612789,0.7300172425,0.7366739252,0.7491052163,0.7635313316,0.7953200589,0.838136484,0.660434203,0.6928716945,0.711784864,0.723785549,0.734492984,0.7446439725,0.75285121,0.763121968,0.773427743,0.791289965,0.841985503,0.660434203,0.701463061,0.7199107746,0.7325069306,0.742739643,0.751528824,0.7596061134,0.7690221899,0.7813813024,0.7971473617,0.901782384,0.652223635,0.6983952238,0.7180496034,0.7324272088,0.742506115,0.752512699,0.7632155816,0.7730188068,0.788534866,0.80905217,0.901782384
0.843768311,0.8481163245,0.8502436194,0.8526945251,0.8538312394,0.856095309,0.8587037186,0.8594615009,0.8596673436,0.8617863862,0.864712509,0.768302944,0.790726782,0.8029809384,0.8226379535,0.8367217868,0.845598261,0.8502321498,0.8548111741,0.8623727338,0.8750548076,0.923485506,0.760767994,0.780296539,0.790726494,0.802366726,0.8167355742,0.826516982,0.8380150528,0.8465215878,0.8558684284,0.877217821,0.944243066,0.760391183,0.779436409,0.7903587614,0.7973183364,0.8057022222,0.818064094,0.8288241136,0.8409272274,0.8543433866,0.875936381,0.951386028,0.748119529,0.7785760301,0.7888511454,0.7972773632,0.8044852644,0.8143737375,0.822757383,0.8342073654,0.8454583456,0.8642621688,0.951386028
0.7698733,0.7720386356,0.7754946842,0.7781594026,0.7785599204,0.778731071,0.7805090256,0.7851850914,0.7880825238,0.7898259568,0.811550788,0.742859895,0.7666445495,0.770757567,0.7747321728,0.7780838818,0.782450262,0.7909422962,0.8010712087,0.8063330352,0.8206605705,0.840178133,0.677125839,0.746346342,0.7682515714,0.7763125032,0.7860318798,0.797613243,0.8084431498,0.8202792976,0.83221249,0.8478106468,0.892725551,0.677125839,0.7530793376,0.7718191854,0.7829913088,0.796224819,0.806887132,0.8158481836,0.8245188386,0.8348135824,0.8499215576,0.918427598,0.677125839,0.7579178269,0.7749503298,0.7857130318,0.7972723708,0.8069742475,0.8165016236,0.8258706072,0.8376528702,0.8538033281,0.923485506
0.783197293,0.786186109,0.7894870034,0.792931985,0.7949823202,0.795639154,0.7992792022,0.8032997806,0.809928451,0.8106681286,0.815277789,0.760767994,0.7749384408,0.7808569932,0.7877611776,0.791442256,0.795618727,0.7999193632,0.8048450648,0.8106065374,0.815754825,0.848685859,0.748950331,0.7745345644,0.7802442792,0.7881005926,0.7922311434,0.7968654025,0.8023462458,0.806799989,0.8133038798,0.8273767446,0.864712509,0.748950331,0.7746490756,0.7831274422,0.7906107636,0.796508894,0.802390599,0.8086580408,0.817519733,0.830359467,0.8502321498,0.932069783,0.748950331,0.7763185194,0.7859048022,0.794120711,0.8015613024,0.809091268,0.8179170412,0.8277502028,0.8406789468,0.8559093311,0.951386028
0.718807937,0.7240222912,0.7298269572,0.741979467,0.7469085006,0.75886234,0.7643949818,0.7688876486,0.7743166706,0.7828767462,0.788091617,0.656511754,0.6783473488,0.6919253088,0.7075063896,0.7180258734,0.735870443,0.748354109,0.762174763,0.7675155802,0.7811416734,0.808313011,0.653507712,0.688485555,0.704064036,0.713200741,0.719896392,0.731532477,0.744104727,0.752550134,0.763882775,0.779288806,0.817250813,0.622929925,0.688117592,0.701721212,0.7127458038,0.7204623,0.73037752,0.7397906554,0.7492067992,0.7620517154,0.778497932,0.834380729,0.622929925,0.6828859604,0.6995043336,0.7111045894,0.720160264,0.729898857,0.7397557232,0.7509290778,0.7639215888,0.7830985282,0.900972261
0.700997798,0.7202720355,0.7284560192,0.7482165507,0.7662629662,0.769851798,0.7768134666,0.7874044382,0.7957611902,0.8008747826,0.813392274,0.648637918,0.6704259668,0.6813923862,0.6920753714,0.7070967234,0.72411612,0.7322145458,0.7540997164,0.7741878956,0.787089051,0.813543881,0.648637918,0.6753631439,0.690061128,0.7006354132,0.713707674,0.72795508,0.738661636,0.7580772204,0.7786544202,0.7921822109,0.863558298,0.648637918,0.679934786,0.6975102786,0.7133147112,0.730129744,0.744599333,0.7616663036,0.776184898,0.791770837,0.813335963,0.900382024,0.634611425,0.686508375,0.7027790114,0.7213111304,0.736246428,0.751012921,0.7637632378,0.7762287136,0.7891358764,0.8072725258,0.900382024
0.702874037,0.7122557092,0.7219888866,0.7310731225,0.7435174354,0.748748764,0.7555751182,0.7651640204,0.7856388846,0.8165148409,0.841985503,0.669889275,0.701347623,0.7210758858,0.7342532316,0.7441424942,0.75271609,0.7612565084,0.769053131,0.789675093,0.8036051336,0.841985503,0.667872011,0.704813808,0.7260228136,0.7371953096,0.747415844,0.754669948,0.7621191548,0.7697297276,0.7830216516,0.7975955462,0.854190379,0.660434203,0.701273699,0.7199666674,0.7325121782,0.7430572298,0.7522629885,0.7609430814,0.7709576988,0.7848540032,0.802937443,0.888779222,0.642022882,0.6938725972,0.7125657066,0.728563393,0.7407764338,0.751031364,0.760660299,0.772271949,0.7882333344,0.8087026836,0.901852162
0.821718693,0.8260071934,0.8280524128,0.8284512174,0.8289439508,0.8299543485,0.8338592358,0.8355292538,0.8400279896,0.8431832757,0.847864345,0.768403398,0.792792589,0.8086649056,0.8190433412,0.8224829904,0.828396562,0.8343708712,0.8395400148,0.8464355506,0.852898169,0.879677765,0.760391183,0.783159379,0.795606526,0.809117619,0.819079534,0.8245062415,0.83311036,0.838769804,0.847497642,0.8584819565,0.912274182,0.758131707,0.780130818,0.792323545,0.802271234,0.813622873,0.822044167,0.829348434,0.837573855,0.845222584,0.858956524,0.923485506,0.679384312,0.7769055207,0.7896405376,0.7988917602,0.80825355,0.818313483,0.8265410476,0.8353677613,0.8452139868,0.8595922265,0.951386028
0.65907227,0.6640463141,0.668263923,0.6698310876,0.6737013026,0.67729564,0.6804344238,0.6824036634,0.6872678726,0.6936129253,0.69963989,0.648637918,0.6698279596,0.6761523036,0.6813490621,0.690447317,0.695930141,0.7026927182,0.7150934293,0.7257415886,0.7502462304,0.813392274,0.648637918,0.674849413,0.6864396136,0.6968665154,0.7081792182,0.7270599145,0.7364893114,0.753344473,0.7730382546,0.7935004925,0.900382024,0.634611425,0.676783258,0.691259564,0.703768847,0.720030744,0.733553074,0.749894896,0.766508994,0.782900399,0.802526584,0.900382024,0.634611425,0.6817347013,0.7000223558,0.7174859683,0.7315710678,0.7443477545,0.7580820268,0.7724958985,0.787534533,0.8062743951,0.900382024
0.664156956,0.667581925,0.686060617,0.7115282836,0.7146837336,0.718806696,0.724943845,0.7305633138,0.7332034272,0.7440002532,0.750213148,0.651689225,0.6668959846,0.6770016534,0.6872147954,0.6925754584,0.698780669,0.7044501092,0.7114041202,0.7196088716,0.732704729,0.7630933,0.639126707,0.670129504,0.6884954086,0.6965783092,0.7045040092,0.712474682,0.7211854342,0.7316205258,0.7437345976,0.7633378704,0.801274052,0.625939717,0.670553523,0.68981172,0.698780669,0.708585562,0.718727122,0.729079189,0.739017796,0.753384211,0.771091794,0.817250813,0.622929925,0.670553523,0.691240192,0.703044429,0.713167108,0.724917546,0.73588102,0.747825166,0.760883749,0.776487439,0.851047786
0.752550134,0.7536796368,0.7582259922,0.7662784211,0.7726094512,0.774239514,0.7822863632,0.7899767414,0.7966857072,0.8073306247,0.817250813,0.662799722,0.6956415995,0.71423287,0.729811349,0.748892551,0.756775499,0.764783526,0.7754606315,0.782232111,0.7965071785,0.834380729,0.656511754,0.6919253088,0.7069009078,0.7179674706,0.7270273186,0.737111711,0.7471514784,0.757638714,0.7683921758,0.7843521212,0.834380729,0.639126707,0.690550843,0.7019109476,0.7136746704,0.7214306066,0.731518719,0.7413862026,0.751113954,0.7639147544,0.7799005238,0.843587811,0.622929925,0.6856821182,0.699904712,0.710860349,0.7192852688,0.7289545125,0.7382590114,0.7495172668,0.7625768328,0.7789163289,0.860825272
0.740175185,0.7452292016,0.7578029768,0.7826835398,0.806295461,0.83224998,0.8424799476,0.8483584768,0.8516833054,0.8530261086,0.877236772,0.731564174,0.7601946082,0.7894544418,0.7968403537,0.8055337476,0.813056712,0.817774322,0.8280820528,0.8353488468,0.8459806785,0.877236772,0.711835334,0.755657452,0.777296075,0.787647825,0.795959936,0.803484547,0.808035155,0.815332358,0.824517364,0.834772136,0.877236772,0.672589739,0.751379441,0.770724218,0.7795953242,0.7902787998,0.7991843595,0.8060566318,0.8136631228,0.8215834364,0.8346317776,0.895197501,0.658823134,0.746936106,0.7699439474,0.7797227156,0.7905613146,0.801204621,0.809117115,0.8189278908,0.8285552428,0.8421497992,0.919389019
0.724447322,0.7299501912,0.736337233,0.7442382572,0.7481656046,0.7545255665,0.755954014,0.7678372201,0.7722171318,0.7801469908,0.784861219,0.670553523,0.699112164,0.7146948502,0.7289563707,0.736502158,0.744474568,0.7532544602,0.7667113937,0.7798622636,0.7928176503,0.817250813,0.639126707,0.6884279152,0.7015908342,0.714946444,0.7292989966,0.741234074,0.7532960284,0.762492385,0.7747962024,0.7853510566,0.834380729,0.625939717,0.6778681174,0.6932355378,0.7055243031,0.7138640584,0.723018771,0.7327435596,0.7448925593,0.7598754332,0.7766175562,0.834380729,0.622929925,0.6755923558,0.6926647422,0.703429239,0.7124704636,0.720943226,0.7305787318,0.7413523612,0.7541619796,0.770944577,0.843587811
0.691986461,0.6995494113,0.7068540016,0.71081163,0.7152390466,0.731996555,0.7471422042,0.7644176185,0.790120316,0.8077599807,0.814805831,0.691986461,0.711170116,0.722326174,0.731628737,0.7408390674,0.753758007,0.7671133282,0.776633714,0.7877153954,0.7999758184,0.821078779,0.671804408,0.7118053006,0.729716359,0.7442028686,0.7585513834,0.769094513,0.778411948,0.7866156116,0.7939227726,0.8103931942,0.877586943,0.671804408,0.7141211492,0.7337570416,0.7496011222,0.7615780658,0.770200011,0.7803560734,0.788677274,0.7979579162,0.8107089764,0.877586943,0.647072524,0.7075335069,0.7288614214,0.7453524383,0.7593740964,0.7691569075,0.779340843,0.7883714984,0.798751589,0.8135439619,0.900382024
0.766508994,0.7852036854,0.7967798102,0.807411689,0.8199172546,0.833190761,0.8358674948,0.8449035028,0.8520242686,0.8647990426,0.86869856,0.648637918,0.68518101,0.7021606638,0.723102185,0.7415730328,0.761958433,0.7895066376,0.8024812609,0.8196784928,0.8425511773,0.900382024,0.648637918,0.678071799,0.692592842,0.70962576,0.729146562,0.750191889,0.766881127,0.783074669,0.795826896,0.810128839,0.900382024,0.648637918,0.6813056176,0.699879507,0.7197708132,0.7337182434,0.748967114,0.7625491512,0.7759530796,0.7894946248,0.8025960544,0.900382024,0.634207788,0.684679635,0.704103004,0.721266713,0.734162473,0.74720182,0.759620618,0.772659533,0.786390484,0.801100535,0.900382024
0.748239186,0.7499170697,0.7518318072,0.7528215424,0.76097461,0.766003827,0.7698848624,0.7708662397,0.7761369818,0.7827714221,0.789238976,0.695246601,0.715283563,0.7312022664,0.7416956049,0.7483466614,0.756275419,0.7705806608,0.7833900548,0.7956277418,0.8254214957,0.872410404,0.678721047,0.7204731594,0.7320037082,0.7425143968,0.7488308102,0.75634842,0.7649035188,0.7765833612,0.7937016458,0.821802312,0.888779222,0.656511754,0.7111010464,0.7255090856,0.736541404,0.7465728242,0.755304004,0.7640515584,0.7771452063,0.7937193662,0.8187124454,0.888779222,0.642022882,0.7004139456,0.7184759902,0.7326072564,0.7444958912,0.754077253,0.7639255782,0.7772023874,0.7940123398,0.8180870634,0.912903647
0.767643004,0.7730454022,0.7777415026,0.7821966412,0.7859818028,0.794018543,0.8159352586,0.8307438622,0.8355564244,0.8590613924,0.868365939,0.7074823,0.7383227358,0.7551051562,0.7682509706,0.7775100676,0.786254089,0.791907444,0.8047194088,0.8169203352,0.8296073094,0.875989295,0.680134985,0.7159684944,0.7364131798,0.7526742038,0.7670675406,0.776064205,0.784288336,0.7922488888,0.8047241232,0.8170122052,0.877586943,0.657890652,0.709264893,0.72808713,0.744754553,0.760867016,0.7724488455,0.782462136,0.791116402,0.801134954,0.8136153555,0.877586943,0.617499772,0.7023681636,0.7221785004,0.7422705354,0.7576335714,0.769810077,0.7803392212,0.788403942,0.798586643,0.8117431354,0.877586943
0.701493397,0.7355593807,0.7436128208,0.7609684962,0.7670526236,0.7757938395,0.7819110022,0.7861485665,0.7919666024,0.7934225618,0.799387338,0.655874703,0.6722138609,0.6875041888,0.6978630394,0.7122434226,0.734257112,0.749118244,0.7577011451,0.7706772912,0.7848931028,0.801763619,0.634611425,0.6803953865,0.695514944,0.7089191495,0.723689594,0.7386716585,0.750288224,0.7587029655,0.769757418,0.7887827625,0.823787823,0.634611425,0.6810644836,0.6990820644,0.711906092,0.7285053252,0.741106144,0.7530548608,0.7649587658,0.7778743116,0.790327973,0.901852162,0.634611425,0.6819981934,0.7016005372,0.7199839068,0.733694178,0.748050049,0.7595950446,0.7730331298,0.7870994488,0.8048435942,0.912903647
0.715127469,0.7244905922,0.7358394138,0.7494036752,0.7541885552,0.7687829425,0.7721572418,0.7833662187,0.7877919028,0.7925056467,0.80464169,0.676960899,0.724546437,0.742309751,0.7541745335,0.767551575,0.774752441,0.78479952,0.789809115,0.795010435,0.8012271735,0.820378608,0.653839568,0.7132556832,0.7321019292,0.7453703532,0.7615582382,0.770869357,0.7811960416,0.79101111,0.7982963628,0.8125896378,0.900382024,0.647072524,0.6936545825,0.710414299,0.726098669,0.74138382,0.7557754725,0.768057995,0.7804303085,0.791416962,0.805066997,0.900382024,0.634207788,0.6898497391,0.7101580156,0.7275267685,0.7433962144,0.7557754725,0.767331895,0.7798974391,0.7918198978,0.8082975033,0.910597862
0.671765203,0.6756385922,0.6846671778,0.6947666544,0.7014177996,0.721953056,0.7297180408,0.7332627564,0.7473257184,0.7783448332,0.789950677,0.655874703,0.6704304136,0.6785990162,0.6837044116,0.6931519754,0.700457548,0.709353812,0.7302195892,0.7448166366,0.7671208918,0.789950677,0.634611425,0.669936685,0.6786405612,0.6891739952,0.6966239206,0.707315758,0.720977357,0.7326514264,0.7506072578,0.7694721486,0.813392274,0.634611425,0.6757875134,0.690143718,0.7006996052,0.7136806722,0.7270599145,0.7389670088,0.7521238703,0.7650248242,0.784785262,0.886247117,0.634611425,0.6813629576,0.6987915084,0.7144538869,0.7283938984,0.741198159,0.7536396688,0.7659819275,0.78030573,0.796557587,0.900382024
0.77212974,0.7724425919,0.7741084138,0.7763175721,0.7838510496,0.7892660045,0.7922788314,0.7942281679,0.7961562012,0.800008071,0.808331919,0.757621229,0.768845373,0.77360354,0.7785841725,0.783492425,0.7902254205,0.794488642,0.8002277425,0.804932573,0.809100684,0.828658552,0.748950331,0.7698099285,0.775048163,0.781076729,0.787673692,0.7942011625,0.800757308,0.8076431465,0.814952816,0.8280571065,0.880385146,0.748950331,0.7724291905,0.7786518528,0.7839125265,0.790915363,0.7966373795,0.8039470934,0.810821345,0.8185279812,0.8338939317,0.880385146,0.743884483,0.7742724722,0.7825307922,0.7903719208,0.7982784076,0.805988376,0.813080326,0.8218751384,0.8320691718,0.8472278508,0.911854658
0.789216019,0.8011072638,0.8071510982,0.8078934788,0.81007226,0.813622873,0.8215729328,0.826449792,0.8313074172,0.83434039,0.835086391,0.711835334,0.7769620108,0.796185062,0.8067799403,0.8114210836,0.818821203,0.8235066376,0.8309966489,0.8345870444,0.8411914325,0.858694619,0.672589739,0.7645401304,0.7869666816,0.8004961794,0.8076952752,0.815533841,0.820783308,0.8290457998,0.8351028808,0.8440695014,0.877236772,0.658823134,0.7696712038,0.7879424338,0.8020830884,0.8095889148,0.817358498,0.8231624398,0.830448611,0.8363547232,0.8455582474,0.895197501,0.658823134,0.7693710575,0.7830829374,0.7963317534,0.8060430792,0.815747883,0.8245030656,0.8330897895,0.843042398,0.8556274884,0.919389019
0.782033065,0.7884173478,0.7905540366,0.7944519006,0.797744139,0.803532019,0.8041360354,0.805134667,0.8059041256,0.806986,0.818346225,0.7171473,0.7751422312,0.7844613766,0.791979227,0.798845034,0.804068628,0.8080949678,0.8123853196,0.81640759,0.825991105,0.856748637,0.674739965,0.7455999336,0.7699325956,0.7793468426,0.7881699242,0.795969191,0.8029406068,0.8081518194,0.8162492736,0.8290287362,0.877236772,0.674739965,0.7492073052,0.7697614036,0.7775718562,0.7836349822,0.791548308,0.7994983454,0.8053015992,0.8124804942,0.8250666446,0.877236772,0.658823134,0.7454752295,0.766510511,0.775232689,0.782128856,0.7906419105,0.798823065,0.806016364,0.815276094,0.828320879,0.919389019
0.744115432,0.7527711738,0.7597930166,0.7688666852,0.7744956036,0.779059218,0.7946190406,0.8022004002,0.8047926462,0.811767097,0.838978337,0.709210232,0.7595223887,0.7746250558,0.783150217,0.7951850448,0.800521678,0.8043843264,0.8086007927,0.816106418,0.8225027517,0.856525403,0.674739965,0.762187216,0.774549048,0.779583448,0.788044467,0.795437812,0.800852599,0.805896551,0.812255564,0.820506659,0.875232695,0.641104555,0.7454969284,0.7647108734,0.7747482102,0.7808268212,0.788690348,0.7961036866,0.8034965332,0.8088003764,0.8191186882,0.875232695,0.624881901,0.7304735004,0.7575481804,0.7712102318,0.7783960568,0.785793995,0.7942994748,0.8015507494,0.8086903118,0.8206740728,0.892068888
0.795450761,0.8008013972,0.8036775736,0.8046751108,0.8138408584,0.817075494,0.8205519322,0.8219369226,0.8328433434,0.839776261,0.850816861,0.641104555,0.729434323,0.762240182,0.774318909,0.78179567,0.794654856,0.800190757,0.805239667,0.809321785,0.818402441,0.875232695,0.629544876,0.6959580075,0.735611541,0.756426041,0.771873937,0.7812548415,0.792345309,0.800868954,0.807633384,0.8179073335,0.875232695,0.617499772,0.69376764,0.730881597,0.756298497,0.771071492,0.777979119,0.787145681,0.795959936,0.804175843,0.815933291,0.893898211,0.617499772,0.705935485,0.7419855154,0.7627750166,0.7741147656,0.780797994,0.7887343446,0.7966314118,0.8047004066,0.8151290102,0.893898211
0.770640743,0.7732845834,0.7776877874,0.7788443275,0.7816454502,0.7860740505,0.787792574,0.7995971184,0.8044916984,0.8063759254,0.811109988,0.662936386,0.7229437623,0.7468415998,0.7703495093,0.77939025,0.7872748445,0.7949131026,0.8027422606,0.810533856,0.8187854212,0.85791569,0.617499772,0.683184888,0.721978127,0.744631005,0.768165209,0.7786151015,0.786660568,0.792227728,0.802408341,0.8118882875,0.868365939,0.617499772,0.695409778,0.722041963,0.745125278,0.765051544,0.777380962,0.785968162,0.793320605,0.80546864,0.815930257,0.877586943,0.617499772,0.6991971526,0.723468976,0.744336831,0.7605438248,0.772920408,0.7826042098,0.791641639,0.8032897104,0.8160595242,0.893898211
0.690830811,0.7004302848,0.7282659058,0.7443689006,0.7528157516,0.758426291,0.7651960456,0.776132124,0.7873188366,0.7947366514,0.821422064,0.681733959,0.703225052,0.715168644,0.7242836405,0.731916948,0.741740757,0.748110367,0.7605752225,0.769680581,0.794994849,0.843587811,0.656511754,0.6991778243,0.7124688346,0.7227333062,0.7319991906,0.741740757,0.7491352314,0.7577159293,0.7723645492,0.8025521507,0.872410404,0.656511754,0.700937787,0.7166183686,0.7278513578,0.7389461006,0.749777406,0.7605834674,0.7728707664,0.7892373008,0.8089405464,0.888779222,0.656511754,0.7012401486,0.7191142972,0.7316041094,0.7431996448,0.753290593,0.7633593686,0.7754491584,0.792464482,0.8160409148,0.899447238
0.676597299,0.6897785889,0.7118012196,0.7237676004,0.728756775,0.731054344,0.7348933218,0.7543293471,0.7609337878,0.7702565991,0.790982397,0.617499772,0.6651486608,0.6767611886,0.6978543992,0.7182553008,0.735409369,0.7590632482,0.7819549702,0.7907645906,0.806651222,0.85791569,0.617499772,0.6717712118,0.696386677,0.7242383468,0.752213931,0.767210566,0.7799344326,0.7873670894,0.7952197042,0.806422763,0.85791569,0.617499772,0.683193555,0.7196007792,0.7441731634,0.7642351488,0.777312467,0.7868160694,0.7962701778,0.8055542082,0.8165817476,0.893898211,0.617499772,0.70126943,0.7372581034,0.7560662718,0.7713229698,0.781069094,0.7889562166,0.7977824704,0.807782216,0.8180454068,0.893898211
0.714984646,0.7330059731,0.7359000614,0.749857961,0.7537798068,0.7565632105,0.7601064934,0.7628375775,0.7650500472,0.7737118328,0.779649638,0.642854145,0.6758058738,0.6876604008,0.695836975,0.7045107302,0.718084706,0.7297180408,0.7389540862,0.7535889184,0.767191255,0.789950677,0.634611425,0.6715131655,0.6821591948,0.692684595,0.7009156126,0.715320454,0.7275122098,0.7393899864,0.751568177,0.7627807683,0.811613238,0.634611425,0.6764422117,0.6897614098,0.699665531,0.7133935292,0.7244132845,0.736145073,0.7499114684,0.763058241,0.7856326756,0.900382024,0.634207788,0.6795404619,0.694954047,0.7086062964,0.7213335392,0.7326227785,0.7451860582,0.7574141617,0.7731567974,0.7924916106,0.900382024
0.672093117,0.6800135892,0.6839531348,0.6861533858,0.6872785862,0.691444576,0.7150536236,0.7193487944,0.7211690678,0.7245488862,0.739140937,0.653839568,0.678781674,0.685563248,0.691729697,0.706783062,0.720717881,0.74138382,0.755197095,0.765644781,0.797544649,0.900299636,0.634207788,0.6786883318,0.6927916634,0.7082403787,0.7203492746,0.7298253015,0.7422001664,0.7545682531,0.7682835074,0.7980565956,0.900382024,0.634207788,0.68097019,0.6980335528,0.7138857228,0.7260323386,0.740107,0.7520799686,0.7668386236,0.7889641282,0.8093453084,0.948400851,0.634207788,0.6831649312,0.700423828,0.7145557828,0.7271670904,0.7394778635,0.752863416,0.7679177637,0.7862976074,0.8096391995,0.994383746
0.689207649,0.6993514819,0.746970331,0.759087055,0.760746919,0.7628884915,0.7659823936,0.7675447186,0.7703515084,0.7748102911,0.775411569,0.661986476,0.7011412941,0.7183850648,0.730197329,0.7373316,0.748634347,0.757479023,0.7646483113,0.7740480494,0.7840861884,0.834380729,0.661986476,0.6944513678,0.7079579512,0.7190717643,0.7254448508,0.7334717965,0.742482867,0.7551270557,0.7658281902,0.7798683737,0.834380729,0.636664476,0.6873255909,0.699722607,0.7097759296,0.7197093768,0.7284466565,0.736793849,0.7489765962,0.7622461766,0.777102968,0.835347108,0.629506607,0.6816230974,0.6958936468,0.707865912,0.7170508456,0.727469807,0.7377055076,0.750292684,0.7648712924,0.7830079484,0.899447238
0.726622154,0.7350876911,0.7434391694,0.7545537302,0.7575322194,0.7605752225,0.762366604,0.7636181481,0.7674283364,0.7718051275,0.776159452,0.680868531,0.725907293,0.740134656,0.7478262915,0.755257841,0.7633820375,0.776159452,0.792602189,0.802868765,0.8238014605,0.866466854,0.680868531,0.7172214197,0.7323690884,0.7454576895,0.7543251308,0.7653657985,0.7780280666,0.7942136892,0.814265503,0.8354595427,0.888779222,0.667466286,0.708430844,0.724680264,0.737186494,0.748776563,0.7604753915,0.774109899,0.7919207385,0.807165981,0.8354274185,0.899447238,0.656511754,0.7101035184,0.7269195084,0.7402249962,0.75167792,0.762619711,0.7760382872,0.7910567732,0.8077826002,0.8356921276,0.913472295
0.720212953,0.7327835212,0.7504108564,0.7634620696,0.7671957214,0.78283402,0.7953952222,0.8007888222,0.8124940202,0.8357717616,0.843587811,0.680868531,0.7147427022,0.7275274546,0.7400075354,0.7479240304,0.756497013,0.7634035236,0.777224565,0.7974347354,0.8216406092,0.860825272,0.667466286,0.7019902014,0.7203367822,0.7286041102,0.7385031702,0.750261051,0.7599753796,0.773573033,0.7933521244,0.8170515806,0.870663042,0.656511754,0.70373055,0.721134704,0.7327931445,0.745345767,0.755746806,0.768625853,0.784148555,0.80149496,0.8307315805,0.899447238,0.656511754,0.702862147,0.72115176,0.734851539,0.746074132,0.756961411,0.769915944,0.785612662,0.799533039,0.828777666,0.907919304
0.658682194,0.6792972008,0.6886080808,0.6924678476,0.6992201726,0.706706852,0.7159720754,0.7206146704,0.7250012116,0.7301989538,0.743835542,0.629506607,0.6746223906,0.688378214,0.6951047327,0.7043877462,0.710665531,0.7202252088,0.7309893746,0.736594587,0.7623819088,0.784330147,0.629506607,0.674752094,0.6919507052,0.7022923988,0.7086354072,0.717083962,0.7280613488,0.7364190726,0.7500212768,0.767100366,0.811959702,0.629506607,0.6787539604,0.6940038718,0.705890983,0.7151292922,0.725552343,0.7339183202,0.743659222,0.7564119996,0.7697942652,0.834380729,0.629506607,0.680664613,0.6943751388,0.7057218441,0.7151711266,0.7243660975,0.7334951356,0.7445685365,0.7583701286,0.7746835051,0.851047786
0.725744118,0.736816152,0.738382901,0.7458741045,0.751037675,0.7540374025,0.758709684,0.7632816295,0.770807292,0.774324344,0.791789686,0.624881901,0.6713669408,0.7069466246,0.7307258342,0.7458586346,0.755117015,0.7666524814,0.7756707674,0.787883302,0.8033347404,0.839992728,0.624881901,0.6944644092,0.729668565,0.746682238,0.7620980692,0.770426088,0.7762304804,0.7847520864,0.7977397172,0.8074137608,0.875232695,0.624881901,0.708424435,0.738195998,0.7549651455,0.765920195,0.7757701975,0.782876357,0.7910999895,0.800690038,0.8109797965,0.875232695,0.617499772,0.7147507235,0.7507194884,0.7640966109,0.7744024836,0.78108776,0.7889562166,0.7977861271,0.8056241714,0.816579308,0.892068888
0.76360441,0.7665059538,0.7738037094,0.7789891816,0.7873285488,0.7881626225,0.7957213458,0.7983094874,0.8070881026,0.8187557994,0.824851863,0.680134985,0.709642068,0.737266931,0.760768854,0.772920408,0.77933731,0.787369522,0.7918466645,0.799940985,0.8106645425,0.824851863,0.663177269,0.704026598,0.718376481,0.7383307025,0.760029877,0.774974289,0.782896998,0.791970609,0.802782997,0.814062187,0.868365939,0.636943318,0.6963487685,0.713340641,0.7329752465,0.752969967,0.770269487,0.781986057,0.790775289,0.801083151,0.8128960035,0.875989295,0.635409056,0.6917420184,0.7116102522,0.7306223842,0.7477366734,0.7657197045,0.779201715,0.7881302279,0.7998830534,0.8149486241,0.994383746
0.679384312,0.7556180207,0.7739049666,0.7934220642,0.8000578244,0.8049666755,0.805579597,0.8074156637,0.8108996724,0.8177888259,0.858840454,0.658823134,0.71976805,0.772507641,0.7999551975,0.806663576,0.8136859745,0.819283334,0.8263574335,0.831524789,0.8449506025,0.895197501,0.658823134,0.7579826734,0.7885042494,0.805020334,0.813147445,0.820709245,0.8273525604,0.8338165684,0.843633483,0.8640250514,0.915652802,0.658823134,0.7716881778,0.7941405902,0.8059771058,0.8164845728,0.82364665,0.8308349776,0.8365800454,0.8453450612,0.8598403514,0.919389019,0.658823134,0.7751682146,0.7921989788,0.8044246994,0.8129184458,0.820836825,0.8277449762,0.83509266,0.8423284042,0.8555459652,0.958276491
0.773005477,0.7940551982,0.8057218066,0.8192457162,0.8259321982,0.82746155,0.8371413146,0.8474075103,0.8505102462,0.8551859191,0.864221239,0.715871098,0.748000868,0.771138996,0.7827473105,0.79297487,0.803579551,0.818392218,0.833206051,0.849426231,0.8632247275,0.909892606,0.642022882,0.7262022862,0.746178713,0.7587454256,0.7759959898,0.789472385,0.80099403,0.8175054582,0.834139002,0.856405544,0.913472295,0.642022882,0.708741384,0.731914914,0.747912123,0.7583459052,0.770320813,0.783309053,0.7969536658,0.8158659234,0.8470919886,0.913472295,0.634611425,0.7022485074,0.7248539192,0.7417736208,0.753289479,0.764077465,0.7781610132,0.7911276412,0.8062839746,0.833780185,0.913472295
0.715678212,0.7207074702,0.7331913574,0.7465000264,0.7495442276,0.762033852,0.7637091108,0.7736335312,0.7881848782,0.8123685462,0.82453757,0.647072524,0.6788512546,0.6904126722,0.7085731196,0.7257555614,0.733455263,0.7469330442,0.7588380616,0.767240397,0.7810112462,0.82453757,0.634207788,0.6802261265,0.697162602,0.7090660505,0.719703026,0.7318580635,0.746192263,0.761754144,0.775804677,0.7978293455,0.948400851,0.634207788,0.683890019,0.700853235,0.714637195,0.727736782,0.743433595,0.758882232,0.776833045,0.79476339,0.832400925,0.994383746,0.634207788,0.6854133731,0.7044634556,0.7186622001,0.7309866548,0.7465651355,0.7614252094,0.7785585347,0.7923321814,0.8168789127,0.994383746
0.690104551,0.7016875589,0.7128391648,0.7242204156,0.7336359046,0.7711322295,0.7806237488,0.8010219149,0.807017161,0.8117648983,0.816948877,0.674739965,0.7154257894,0.7447273866,0.7650770648,0.7772819086,0.781084531,0.7847139604,0.7911194145,0.7979790724,0.8108893591,0.849841978,0.674739965,0.750195666,0.768010309,0.774919158,0.780626404,0.786093079,0.793193046,0.801878107,0.808118423,0.81818801,0.887079811,0.649278395,0.7483805,0.764724416,0.7747869035,0.781047528,0.7895968025,0.797976739,0.8047141745,0.813187702,0.8276890425,0.919389019,0.624881901,0.7400009588,0.7619149898,0.7737140138,0.7810501476,0.789704741,0.7988834522,0.8067162862,0.8173530956,0.8420482108,0.958276491
0.777208812,0.7795157294,0.7800196014,0.782911815,0.7862433358,0.787901012,0.7890915224,0.7916261664,0.7946084634,0.8010087542,0.802353184,0.708596048,0.7671512656,0.7835019484,0.7885083372,0.7931257452,0.799925975,0.8056347804,0.8104789586,0.8123442206,0.8205448714,0.841481055,0.662936386,0.7607488405,0.777208812,0.7828681365,0.788060199,0.793405577,0.800084174,0.807218368,0.811911587,0.8213825795,0.85791569,0.617499772,0.705962157,0.738936351,0.765210993,0.77664137,0.783141372,0.789395196,0.797297099,0.807800774,0.818010919,0.868365939,0.617499772,0.6936462814,0.7177211816,0.7373129294,0.7540328452,0.768685346,0.7800824284,0.7887634868,0.800985899,0.8151388606,0.875989295
0.750704914,0.7632841305,0.776244652,0.7810012654,0.7862387562,0.792614169,0.8048678738,0.8172742832,0.8194170868,0.8206656963,0.84049656,0.678615627,0.7462098296,0.7600511238,0.7775519086,0.7836244234,0.789549749,0.80212711,0.8074441356,0.8238471126,0.8754680942,0.912269216,0.658823134,0.7456677002,0.767725925,0.7803741,0.7889517314,0.798144659,0.8055148036,0.8145234088,0.825323603,0.8593112554,0.919389019,0.658823134,0.7541882584,0.7744367694,0.7848375856,0.796750972,0.805440032,0.8141871712,0.8249961002,0.8370345088,0.8594658234,0.958276491,0.658823134,0.7592381548,0.7771617312,0.7876528242,0.798537465,0.806887132,0.8169721322,0.8264330514,0.8363766206,0.8536183342,0.958276491
0.815160714,0.8223452804,0.82772355,0.8302581618,0.8313605206,0.838525971,0.839563222,0.8434420432,0.8446513072,0.8518346612,0.8571316,0.802137422,0.8157486116,0.8222056324,0.826873601,0.8307231222,0.8341312885,0.8399599772,0.8448380958,0.8508843234,0.8545279074,0.873001291,0.773028568,0.8074317407,0.8156888524,0.8211575242,0.8265016036,0.830818337,0.835562961,0.8398190187,0.8451245484,0.8532200848,0.874461706,0.658823134,0.7753368058,0.794148712,0.805843929,0.8148524824,0.821071699,0.8277639378,0.8335610652,0.8391641794,0.8475037696,0.874461706,0.658823134,0.7747077641,0.7872061314,0.7984871114,0.8074454016,0.8163280105,0.8225374124,0.8304621572,0.8375881942,0.8476335987,0.915652802
0.763863349,0.7656246225,0.767469253,0.7685721885,0.770883325,0.7730684405,0.775194829,0.77658642,0.778099725,0.7824766955,0.793193046,0.674739965,0.717420113,0.751037675,0.764959948,0.772042661,0.7765526735,0.784011042,0.7916530945,0.800481601,0.8093600645,0.827710885,0.624881901,0.711671996,0.740267158,0.762187216,0.773086524,0.778399009,0.78421696,0.79250455,0.800954915,0.809605146,0.856525403,0.624881901,0.7240487766,0.7511933926,0.7640597145,0.7739277834,0.779932538,0.7865714448,0.7959627125,0.8039883048,0.8125045138,0.875232695,0.624881901,0.7333850166,0.754881124,0.7649240244,0.7739866252,0.780584902,0.7878273872,0.7965636694,0.8051894184,0.8172844298,0.919389019
0.808852227,0.8154212055,0.819666605,0.820748346,0.821126625,0.830452754,0.835662758,0.8368930635,0.837960342,0.840987417,0.842355774,0.754891944,0.769736877,0.777049594,0.789432639,0.805730361,0.8128162735,0.820526585,0.82752569,0.836462125,0.842863743,0.866318021,0.743884483,0.7706704162,0.7784269016,0.7863715826,0.7959421456,0.806059928,0.813212955,0.8212344874,0.8335921764,0.8435386593,0.869122483,0.743884483,0.772830673,0.78037417,0.7884436697,0.7988554284,0.80821387,0.8163300026,0.825667868,0.8348792566,0.8444732557,0.888102572,0.743884483,0.7747332565,0.784963381,0.794475715,0.804230828,0.8126796355,0.821165919,0.8289579605,0.836995816,0.846926282,0.911854658
0.690368781,0.7048390326,0.7241560614,0.7376510112,0.7465912612,0.748445254,0.74893102,0.7516296092,0.7562039312,0.759647042,0.774435815,0.634611425,0.6848397192,0.7044707492,0.7212750767,0.731917107,0.7484887645,0.760002299,0.772957671,0.782128073,0.7964134103,0.813198409,0.634611425,0.6833674882,0.696939754,0.7103693343,0.7223545824,0.7359118985,0.7472251512,0.7566042211,0.771733665,0.7866322621,0.819107571,0.634611425,0.681158708,0.695089653,0.708629469,0.721953056,0.735056708,0.748552337,0.760282644,0.77615027,0.790568654,0.912903647,0.634611425,0.6827554036,0.6992986092,0.7140976392,0.7264356046,0.739565017,0.7513325654,0.762768044,0.7776871684,0.7960456642,0.913472295
0.724167288,0.724799824,0.7285056316,0.7363746958,0.7392728326,0.741972895,0.7432195608,0.7498554916,0.7599576976,0.762161682,0.789941313,0.667466286,0.689605014,0.6959039376,0.7094286832,0.7192499118,0.724167288,0.7326330786,0.7422816962,0.759759331,0.770944577,0.815470354,0.658068231,0.6944027226,0.708343178,0.7193604677,0.7259212316,0.735687142,0.7483072806,0.7601741744,0.7705906876,0.787580585,0.860825272,0.656712378,0.6930602256,0.7071146312,0.7188531904,0.7272441878,0.736582921,0.7489088026,0.759778055,0.7726124936,0.7936598064,0.899447238,0.650659818,0.6898976563,0.7049286962,0.7160661654,0.7262095778,0.7356485255,0.7459940518,0.7577395637,0.7714346458,0.7900377243,0.899447238
0.686971393,0.6941674384,0.699188502,0.7046438459,0.7080346618,0.710033606,0.7127697366,0.7148266215,0.7149666608,0.7191292564,0.735154004,0.647072524,0.6764322268,0.691258241,0.7035833948,0.7099735344,0.716702687,0.7351797828,0.7519358516,0.7651973498,0.780398816,0.804349145,0.636943318,0.6824094463,0.700671638,0.7100914298,0.7241775,0.735445215,0.7521102028,0.7648683458,0.7782338404,0.7910304382,0.913247032,0.635409056,0.6832465159,0.70278359,0.7144733708,0.731877868,0.7485602635,0.7654189168,0.7803618544,0.7943965944,0.8133281039,0.994383746,0.634207788,0.6864236234,0.7068685854,0.721910741,0.737421081,0.7578182885,0.7732095574,0.7870772243,0.7999588106,0.8209295971,0.994383746
0.764332136,0.7730347148,0.7784457012,0.779893596,0.7809338688,0.781378507,0.7823006106,0.7848466966,0.7858987438,0.7864291362,0.788911971,0.730881597,0.7654549762,0.7724806708,0.7793258932,0.782598051,0.7865322565,0.791942892,0.7979050607,0.809024622,0.8149534528,0.833101986,0.624881901,0.7010683076,0.7374348172,0.7630613228,0.7768106532,0.783520582,0.7908190422,0.7992791502,0.8118476398,0.8232913752,0.85791569,0.617499772,0.698016248,0.737247658,0.754152986,0.768685346,0.7795165845,0.787572383,0.796548636,0.806465267,0.8170531745,0.85791569,0.617499772,0.7016896598,0.7388767054,0.756858442,0.7700223688,0.779319645,0.7875523778,0.7962123398,0.806208793,0.8170451946,0.875232695
0.679554654,0.7286458317,0.755678139,0.7826251008,0.788934375,0.801023205,0.815807484,0.8225172935,0.8314851906,0.8642281465,0.901852162,0.642022882,0.6825360582,0.7080741726,0.7194882026,0.7493010098,0.779935695,0.79083295,0.8023937296,0.822782977,0.8473005022,0.912903647,0.642022882,0.6962234415,0.717267444,0.7411813275,0.758088097,0.77413173,0.789052263,0.8031219225,0.823787823,0.8554466935,0.913472295,0.634611425,0.698064481,0.719017073,0.741526826,0.755963547,0.770320813,0.783760355,0.795265941,0.814635201,0.847292969,0.913472295,0.634611425,0.6999057672,0.7219266162,0.737035768,0.7504784448,0.7608861325,0.7734691482,0.7864762083,0.8010312204,0.8302997189,0.913472295
0.647072524,0.6577798228,0.6738603828,0.6756535264,0.679727744,0.6832337255,0.6957230582,0.7071676886,0.7095983558,0.7188794551,0.7287532,0.647072524,0.675089024,0.692750699,0.7054211245,0.709976174,0.715837185,0.730552375,0.7464487325,0.761536743,0.781151526,0.913247032,0.635409056,0.6748124248,0.6902715216,0.7049355354,0.7138090628,0.727978628,0.7436966172,0.7594856474,0.780398816,0.849796598,0.994383746,0.634207788,0.6802443548,0.6975095682,0.7106905496,0.7236293246,0.736555613,0.7545968232,0.7709810534,0.7902335434,0.824693025,0.994383746,0.634207788,0.6856055603,0.7043151908,0.7183475863,0.7322124332,0.7486958535,0.7656047486,0.782462555,0.7973029502,0.8177150255,0.994383746
0.647072524,0.6566635651,0.6723720392,0.6756535264,0.679727744,0.682264505,0.6857624948,0.6957879761,0.702608357,0.7097872649,0.7287532,0.647072524,0.6748067728,0.6898205458,0.7042599788,0.7094697768,0.7146459685,0.7285499164,0.7432673884,0.7617355866,0.7914746658,0.919459428,0.635409056,0.6745979104,0.6900471478,0.7043874594,0.71361052,0.72730978,0.743583371,0.7594176187,0.781491351,0.8601290409,0.994383746,0.634207788,0.679297055,0.696959177,0.709226637,0.721519443,0.735871466,0.752813546,0.768724361,0.788464235,0.824587133,0.994383746,0.634207788,0.6858214484,0.7040487784,0.7178754155,0.7316057406,0.7473862455,0.764277822,0.781151912,0.796084445,0.8159261408,0.994383746
0.647072524,0.6581720827,0.6775015762,0.6802435775,0.6845994302,0.6908397295,0.7065830368,0.7144822834,0.7234259446,0.7274838823,0.773599658,0.647072524,0.6746656472,0.691601954,0.7048904682,0.7109255368,0.717636668,0.7357191452,0.7522566396,0.7718953636,0.830828254,0.994383746,0.634207788,0.6740150664,0.6881948136,0.7008286724,0.7113094466,0.7257756765,0.7433966602,0.7607884578,0.7901365134,0.8735265058,0.994383746,0.634207788,0.6793253858,0.697176422,0.7094275677,0.721836406,0.735739499,0.7519898466,0.7669992513,0.7886591166,0.82482539,0.994383746,0.634207788,0.6850568349,0.7033297608,0.71717638,0.7303453442,0.7461645505,0.7614430082,0.779441005,0.7944248556,0.816722536,0.994383746
0.753883519,0.7687686335,0.7719703702,0.7731722373,0.7758299554,0.776910846,0.777791519,0.7787063906,0.7816592052,0.7861970887,0.78750175,0.743884483,0.7657283418,0.7732531284,0.7754457764,0.7788008112,0.78372103,0.7893612126,0.8055267984,0.8126992266,0.8202391508,0.873062482,0.743884483,0.770113313,0.7776526844,0.7847950178,0.7924279398,0.802298932,0.809790419,0.8168541958,0.825620686,0.8409888894,0.911854658,0.743884483,0.7729159125,0.781275712,0.789599695,0.7974807,0.8057974235,0.813845981,0.823751373,0.835296628,0.8511124925,0.911854658,0.693998377,0.7739776455,0.783746958,0.7928823055,0.802298932,0.8110699145,0.81981235,0.8280749025,0.837960342,0.8509048465,0.911854658
0.70433096,0.7114993341,0.7261813814,0.7409964469,0.7443248214,0.749561281,0.7552417198,0.7575045569,0.7599882642,0.7643625781,0.785864875,0.687073239,0.698607383,0.709115034,0.7200988654,0.7281619174,0.735889878,0.744109297,0.7503972618,0.7594558862,0.7746007893,0.811613238,0.642854145,0.6983210516,0.7136604484,0.7235416842,0.7308059498,0.739603941,0.7472563308,0.7532183516,0.7666100374,0.7824655634,0.819387385,0.634207788,0.6906308653,0.707812985,0.7211825426,0.7301360482,0.7414970015,0.7500973456,0.7600638294,0.7740335606,0.7888918526,0.931814105,0.634207788,0.6847782444,0.7000836142,0.714115498,0.7255307202,0.736600667,0.7486979902,0.7601955744,0.776040021,0.7943701586,0.948400851
0.664404784,0.686573115,0.6994983566,0.7038322766,0.7051279926,0.705952675,0.7122850396,0.7239646444,0.7347518056,0.737154812,0.744398698,0.657302222,0.6962217651,0.707193168,0.713642388,0.719737871,0.730615732,0.7357754508,0.7415877603,0.7497424848,0.7672653644,0.798839054,0.629506607,0.681739973,0.6979458048,0.7091392904,0.717872218,0.728341607,0.735523847,0.7442116922,0.7569683642,0.7691719198,0.811028773,0.629506607,0.6778900712,0.6919398828,0.7023242058,0.7111570056,0.719891628,0.7303023796,0.7389779306,0.753140477,0.767777292,0.830053989,0.629506607,0.678679732,0.693170459,0.703708632,0.712669717,0.7223387675,0.732411005,0.742438684,0.754582771,0.768605377,0.83041191
0.687258648,0.6972959465,0.7071192702,0.7088758702,0.7095963648,0.713214937,0.717537226,0.7202613368,0.72695418,0.7321958135,0.733954022,0.656712378,0.6804782646,0.6941415416,0.7054565024,0.7109609564,0.720091202,0.7284551236,0.7377764779,0.7504735784,0.7597211843,0.787614097,0.656712378,0.6843480248,0.6991932472,0.709327748,0.7185051936,0.7269361975,0.7350983012,0.7457990432,0.756734739,0.7684324639,0.830053989,0.656712378,0.6873531622,0.7016266118,0.7131433409,0.7224978552,0.732610283,0.741216356,0.7535157446,0.7695700912,0.7898980253,0.899447238,0.629506607,0.6882852581,0.7029039706,0.7144506026,0.7246113686,0.7355413205,0.7483699406,0.7600506872,0.7753004352,0.7958306029,0.899447238
0.634207788,0.6754415271,0.6967762322,0.7131848964,0.721055341,0.7246762915,0.7257375796,0.7325872655,0.7432589376,0.7477361281,0.764016702,0.634207788,0.6977331934,0.714072125,0.7217548878,0.7262225044,0.736480431,0.7430458798,0.751620216,0.7736996184,0.825634026,0.931814105,0.634207788,0.6898713736,0.7081035658,0.7207403516,0.727070118,0.738974134,0.7487160986,0.7601051508,0.7859991326,0.861328188,0.948400851,0.634207788,0.6888246383,0.7043779286,0.7194427489,0.7290633858,0.7411768745,0.752139332,0.7643713518,0.7868257352,0.8263305178,0.994383746,0.634207788,0.6847207095,0.7013344626,0.7145738744,0.7267964684,0.740401264,0.7523421196,0.7665924215,0.7863767278,0.8121743574,0.994383746
0.739592859,0.7615008346,0.7701257962,0.7822026922,0.7909497338,0.793461851,0.7948859632,0.7955087884,0.796095373,0.803008461,0.811773242,0.689055478,0.7199694772,0.7301704614,0.7413334293,0.7518063918,0.7627779175,0.7690042972,0.778566401,0.7876926276,0.7944956292,0.819107571,0.634630928,0.6950759208,0.7097961504,0.7213080638,0.7316746204,0.743849219,0.7532427872,0.7652858938,0.777071026,0.7901492624,0.819107571,0.634611425,0.6937799555,0.707825044,0.7205761525,0.732001439,0.7446848025,0.756258048,0.7685865955,0.780215064,0.796520539,0.913472295,0.634611425,0.6938123472,0.7105246904,0.7244061448,0.7355427706,0.747697507,0.7584236252,0.7719983736,0.7849196216,0.8060318112,0.913472295
0.756107759,0.7720672468,0.7888459048,0.7954196008,0.798507342,0.799463568,0.8069245706,0.8346436966,0.846482935,0.8583926306,0.870663042,0.677928772,0.72166505,0.744876697,0.754910264,0.766244234,0.779337326,0.789063402,0.799463568,0.828777666,0.853256289,0.899447238,0.667466286,0.70990324,0.7327465898,0.7461980836,0.7563413114,0.767866144,0.7801041148,0.791981062,0.8081752336,0.8323924294,0.899447238,0.656712378,0.6994437968,0.7215421616,0.7355666536,0.7484770104,0.760235918,0.773104663,0.78740793,0.7997860354,0.821598445,0.899853586,0.656712378,0.6991510866,0.7193375268,0.7332387206,0.7480500106,0.760030106,0.7742052576,0.7889538252,0.8063276878,0.8325870882,0.907919304
0.7147452,0.75148516,0.7789607356,0.7881063652,0.8171954246,0.852574824,0.8802298586,0.8867467122,0.8974215564,0.9060157228,0.948400851,0.647072524,0.6908952985,0.708785624,0.721476135,0.738702523,0.7773760745,0.832400925,0.867368349,0.887793158,0.916535801,0.994383746,0.634207788,0.6740150664,0.6896530096,0.7042599788,0.7167582584,0.7292909655,0.7487754938,0.7784119732,0.8218129224,0.8794582671,0.994383746,0.634207788,0.6819490794,0.697909177,0.7111167066,0.7230576484,0.735445215,0.7487327402,0.766182654,0.791130798,0.8311909705,0.994383746,0.634207788,0.6846965474,0.7016518106,0.7146678682,0.727554526,0.741378136,0.7557936602,0.7687961258,0.788848003,0.8152807812,0.994383746
0.737413559,0.7960218204,0.8029219132,0.8202693244,0.8272213196,0.833344273,0.8507545608,0.8568525056,0.8613180098,0.8715471854,0.873977356,0.66908268,0.79024176,0.803280438,0.812070671,0.82083627,0.828892346,0.835807908,0.844486774,0.862993355,0.878078994,0.915652802,0.658823134,0.786441531,0.8050142912,0.8177982112,0.8258131902,0.83256,0.8380736166,0.8453155888,0.8598563542,0.8813759838,0.958276491,0.658823134,0.7823584542,0.7981911316,0.8081335182,0.8185198024,0.825821063,0.8326461792,0.8397887722,0.8481937352,0.8684639892,0.958276491,0.658823134,0.7713511473,0.7877508948,0.8007919653,0.8102122066,0.8208413135,0.8278260848,0.8356550648,0.8444405568,0.8595852981,0.962667326
0.739249914,0.7579118392,0.7679031286,0.7712295832,0.7818490196,0.7841532045,0.7951258838,0.8074644073,0.8149601068,0.8154914476,0.840751718,0.680868531,0.7306404321,0.7486485772,0.7600368204,0.770339474,0.7819013795,0.792638158,0.8032932687,0.8155204444,0.8323459663,0.899853586,0.680868531,0.7353378808,0.751850136,0.7651051434,0.7793687408,0.789150142,0.7993664844,0.8151242884,0.8317838684,0.8505929395,0.913472295,0.664735574,0.7304712853,0.7507779452,0.7644571945,0.7774032228,0.7885913495,0.7994599132,0.8147257255,0.8319690308,0.8522046078,0.913472295,0.652869863,0.708212023,0.728541385,0.7455146485,0.758346356,0.7713469785,0.784697114,0.7978578805,0.81605128,0.840776706,0.913472295
0.654027189,0.6675156756,0.6721796104,0.680235541,0.6822363386,0.692750699,0.696943846,0.7033259388,0.7084516764,0.7133313204,0.718913582,0.635409056,0.6613947605,0.6767038542,0.6887656511,0.6975714874,0.7065646035,0.7144978262,0.727436289,0.7433227906,0.771174875,0.935626327,0.635409056,0.6735461946,0.6850905658,0.6972724196,0.706674449,0.7147452,0.7291834124,0.747368303,0.7716516872,0.8232234254,0.994383746,0.635409056,0.6795439425,0.696529847,0.7084421877,0.723135142,0.737339223,0.7584288904,0.7783392277,0.7975057776,0.8269479334,0.994383746,0.634207788,0.685878984,0.7029019936,0.7172871904,0.7326404784,0.750191889,0.767566858,0.7841739728,0.7978775398,0.820227417,0.994383746
0.817416801,0.8198346583,0.8307767856,0.83602207,0.8479532164,0.8539147675,0.860367277,0.8762634833,0.8858380054,0.8941405395,0.907919304,0.695601522,0.7589471956,0.7781397194,0.7963125418,0.8076934186,0.821699573,0.8373060382,0.8494846802,0.8588426706,0.883570249,0.913472295,0.658067659,0.709729737,0.7308073318,0.761393194,0.7800966776,0.792602189,0.8071418756,0.8212768525,0.8421537504,0.8589652447,0.913472295,0.642022882,0.706130983,0.726675859,0.745113279,0.761197481,0.775794423,0.787841317,0.802693557,0.822070528,0.847819003,0.913472295,0.642022882,0.7109406232,0.731979128,0.748413826,0.761381986,0.773548353,0.7849937996,0.796548325,0.813950172,0.8401701058,0.913472295
0.812687132,0.8137088925,0.8170864722,0.8242640334,0.829318993,0.8312524755,0.8407684214,0.8479169086,0.8496889274,0.8524347834,0.854796905,0.761580959,0.7778706315,0.7873698832,0.796065311,0.804678177,0.813659813,0.8249600158,0.8331912631,0.8463431702,0.8604394362,0.911854658,0.743884483,0.773865633,0.7830860276,0.7913071062,0.7999471966,0.809296177,0.8178032058,0.8270515664,0.8427986686,0.857192648,0.911854658,0.743884483,0.7739750964,0.7837972636,0.7923802149,0.8035437588,0.8130225745,0.821782836,0.8339856698,0.8442535256,0.8591813846,0.911854658,0.670035695,0.77408116,0.78598298,0.796422589,0.807723095,0.8168687575,0.825544173,0.8353250355,0.845930763,0.8621266535,0.911854658
0.731755326,0.7367809723,0.7399431276,0.7448983154,0.746012344,0.746655648,0.7494548324,0.7606172948,0.7658049684,0.7805775286,0.784555114,0.624881901,0.7037239961,0.7335375252,0.7431170095,0.748421962,0.75405477,0.7565973004,0.7627771931,0.7699712864,0.7764660864,0.829375618,0.624881901,0.7278985119,0.7465882954,0.7551109596,0.7640625672,0.770880193,0.77751476,0.7864341777,0.7970862382,0.8096337389,0.830513055,0.624881901,0.736568173,0.753412751,0.762771871,0.770426088,0.777511484,0.784613593,0.7927619285,0.804016051,0.816595239,0.849870617,0.624881901,0.7350865435,0.753403156,0.762832364,0.770851355,0.7778833145,0.784011042,0.791816918,0.802248388,0.81592314,0.876042247
0.7774509,0.7836929091,0.7886127236,0.7928468338,0.7977088354,0.8077393435,0.810802878,0.8131669491,0.8153312084,0.8234820573,0.830513055,0.745465621,0.7574538053,0.7744434464,0.7843442057,0.7904451212,0.801311354,0.8100990738,0.8158232296,0.8214480312,0.8275946913,0.844203371,0.624881901,0.7456901215,0.757331315,0.769952073,0.779358219,0.7856746315,0.793168829,0.8033766075,0.81513796,0.825098198,0.849870617,0.624881901,0.7314498445,0.7493439716,0.7613033426,0.7713676802,0.7805923835,0.7875757446,0.7962641301,0.8067889838,0.818797483,0.849870617,0.624881901,0.7151847628,0.7436923084,0.7565973004,0.7670876802,0.777188482,0.784429797,0.7925065324,0.803428624,0.81505284,0.85791569
0.755738438,0.7701789284,0.774868695,0.7845670431,0.7923678196,0.79929522,0.8038934012,0.8213746435,0.836977211,0.8710766841,0.919389019,0.753862338,0.778363861,0.795338778,0.8041043064,0.8255484922,0.843367675,0.8654065512,0.8776374994,0.8861446968,0.9016521464,0.958276491,0.658823134,0.764442385,0.777399122,0.784912495,0.797316726,0.8127917295,0.827666777,0.845883137,0.864716516,0.8854427225,0.958276491,0.658823134,0.7560288928,0.7683989854,0.779497022,0.7887291284,0.801023921,0.812219749,0.8267941096,0.8405536504,0.8664770604,0.958276491,0.658823134,0.7579069534,0.771071689,0.7805775952,0.7905573968,0.803122464,0.8135704066,0.8250718269,0.8356366544,0.8521593509,0.958276491
0.76221824,0.7678591404,0.7695330336,0.7720467666,0.7732633322,0.774577794,0.7771163246,0.7779624805,0.7791728084,0.7806502041,0.789916995,0.73967157,0.757326163,0.764968874,0.771993848,0.777232049,0.7806245875,0.784474382,0.791254898,0.799000776,0.8080080485,0.836802926,0.674739965,0.7558201228,0.7640285634,0.7723110518,0.7778928106,0.782787422,0.7905415602,0.7986242712,0.8087509576,0.82937426,0.958276491,0.649278395,0.752389315,0.763424773,0.77157217,0.777808503,0.784161142,0.792984324,0.8052659065,0.825139636,0.86299617,0.958276491,0.624881901,0.7457009296,0.7576278688,0.7658898056,0.7739759184,0.781190135,0.7911913032,0.8038550798,0.81821261,0.8467093218,0.958276491
0.688349379,0.6983482345,0.716604487,0.721093872,0.724385576,0.728465375,0.743143993,0.751057553,0.752440885,0.754156537,0.760235918,0.656712378,0.6813479302,0.6954858152,0.7069240334,0.7158788254,0.72252393,0.7304286574,0.7375509268,0.7502838548,0.7603781618,0.787614097,0.656712378,0.6834934571,0.6989437694,0.7105451509,0.7238853816,0.732997715,0.7436660026,0.7552985697,0.7705557882,0.7934854167,0.899447238,0.656142835,0.691805311,0.706715636,0.7168507282,0.7272810656,0.737550058,0.7499056622,0.76245806,0.7802387922,0.80393203,0.899447238,0.644846746,0.6910384725,0.7068217292,0.7192081138,0.7306625934,0.741762548,0.7544752166,0.7671428387,0.7843307656,0.8046148731,0.899447238
0.774203144,0.784788668,0.790799571,0.791916998,0.799165365,0.801724179,0.809501796,0.8096255695,0.818207608,0.8211567725,0.829375618,0.649278395,0.739521439,0.7580151118,0.7734438428,0.7763490766,0.783398513,0.7879370556,0.7926734332,0.800730797,0.8085243676,0.829375618,0.624881901,0.736439155,0.7528001212,0.7594454794,0.7653516652,0.773125286,0.777998367,0.7842866392,0.7918593712,0.8039352182,0.848113576,0.624881901,0.7365382375,0.7519694282,0.7589893988,0.7653734832,0.771891286,0.7776452192,0.7839778424,0.7936406126,0.8065596816,0.876042247,0.624881901,0.7423957948,0.7551049042,0.7627572102,0.7700318384,0.77681603,0.7836708998,0.7929300944,0.804941252,0.8212188448,0.958276491
0.705962157,0.7069461766,0.7125712186,0.7197067036,0.7417248396,0.759949201,0.7607118334,0.767939965,0.776353846,0.77805109,0.778841857,0.662842607,0.683035243,0.7056310066,0.725175219,0.7371695486,0.7526346075,0.773086047,0.7834951643,0.795653686,0.8066731809,0.827741088,0.644492909,0.6882605176,0.7090858464,0.7295517596,0.7410102218,0.760567841,0.7778764292,0.7879224714,0.8009414198,0.811447628,0.841481055,0.635409056,0.6840648546,0.7034366868,0.721763142,0.7414431138,0.761521227,0.7789273392,0.7885973288,0.8007740522,0.8149311384,0.844203371,0.635409056,0.689298401,0.7075585852,0.7277738672,0.7480123512,0.767532829,0.7813135574,0.7900666202,0.8029161766,0.8170451946,0.994383746
0.759132321,0.7755154206,0.7808528308,0.7837197376,0.7871169982,0.791802121,0.7931962862,0.794236995,0.7947152286,0.7951836567,0.796615834,0.674122058,0.750452633,0.774003898,0.7828748967,0.7852610738,0.794437059,0.8048514972,0.8163891736,0.8231832562,0.8277408921,0.844203371,0.665599274,0.7216465764,0.7495444348,0.771468499,0.7830982432,0.789846289,0.7965467174,0.8054241106,0.8128268098,0.823430971,0.844203371,0.644492909,0.714302183,0.741457313,0.758149291,0.770963712,0.781378507,0.788186315,0.796940265,0.807710527,0.818770677,0.849870617,0.624881901,0.6954171268,0.7214353462,0.7429336954,0.7577289982,0.770517193,0.7812795118,0.7895623556,0.8012477342,0.8143976526,0.85791569
0.819884974,0.8222740512,0.8248474276,0.8264789764,0.8332029536,0.838707777,0.8470384256,0.85583506,0.8651275792,0.8691656592,0.874461706,0.766785481,0.8011147057,0.8162954984,0.8236254849,0.8265501604,0.8305272205,0.8356702496,0.8397012434,0.8459683546,0.8534889989,0.874461706,0.755320714,0.792111882,0.80206639,0.809579417,0.816494386,0.8235191805,0.82935291,0.835367601,0.840951272,0.85066902,0.874461706,0.658823134,0.7863790675,0.79920624,0.8082892115,0.816452663,0.8222065175,0.828270608,0.83485728,0.840210167,0.852294088,0.915652802,0.658823134,0.7755917372,0.7923377918,0.8042430887,0.8125771854,0.820967386,0.8283125522,0.8357400675,0.843545872,0.858003355,0.958276491
0.755738438,0.7692736541,0.7702989518,0.7725012603,0.7754951806,0.7815632475,0.78983492,0.8012411198,0.8208388468,0.8640663328,0.885968839,0.755738438,0.7875433582,0.8027166282,0.821654621,0.8365646974,0.852609504,0.8628917244,0.8750165238,0.8848602196,0.9016083494,0.958276491,0.66908268,0.7644331935,0.777232049,0.786214609,0.799532121,0.818691432,0.833351254,0.8465417045,0.864716516,0.8854427225,0.958276491,0.658823134,0.7568104439,0.7682495686,0.7792179037,0.7883669918,0.8015520455,0.814356933,0.8271286276,0.8416366586,0.8664947886,0.958276491,0.658823134,0.7588695245,0.770883325,0.7805579795,0.789916995,0.8025741845,0.813896788,0.826138506,0.836525013,0.8537288075,0.958276491
0.69604103,0.7057175438,0.7339897194,0.7575993036,0.7636877324,0.769617272,0.7792722632,0.7811111776,0.7902960514,0.7966712454,0.825813387,0.694309799,0.7446297614,0.761374514,0.7731772316,0.7819537394,0.787621598,0.797227162,0.810430359,0.8263491828,0.8418604476,0.899853586,0.664735574,0.7350493175,0.756479354,0.768840829,0.78116818,0.790967184,0.799220859,0.8127030575,0.829452411,0.8502703725,0.907919304,0.658067659,0.720775941,0.743849219,0.758547924,0.77127118,0.783377985,0.793797554,0.808170994,0.82569226,0.846727111,0.913472295,0.658067659,0.7148073718,0.7354477488,0.7494412042,0.7625715744,0.775609731,0.7882671326,0.8016766428,0.819392984,0.8411231164,0.913472295
0.725440284,0.7394689946,0.7411626456,0.7424625554,0.748505673,0.764667894,0.766955972,0.7708866982,0.7750082352,0.7829154654,0.791701599,0.674122058,0.7383582415,0.750262737,0.7657327335,0.774270253,0.7831789215,0.786982759,0.792414958,0.801000064,0.821542754,0.844203371,0.67137213,0.7226618596,0.744061216,0.761781511,0.7757295544,0.784450419,0.794387043,0.8054460818,0.8162889596,0.8261710216,0.849870617,0.644492909,0.6990501998,0.7320030058,0.7480102166,0.7627430622,0.7766677205,0.7846275414,0.7941843553,0.8054567502,0.8177764239,0.849870617,0.596953198,0.693619581,0.721994958,0.7431971935,0.756681282,0.766624241,0.778739653,0.7863901665,0.797601358,0.811848188,0.849870617
0.678700705,0.6847447273,0.6995560054,0.7010427683,0.7074642356,0.716531473,0.7263461088,0.7325804351,0.7382741208,0.7494196215,0.758149291,0.644492909,0.6858520714,0.7008697898,0.7136342392,0.7279167026,0.733737791,0.7414879854,0.754119958,0.767971292,0.7821391062,0.809884018,0.644492909,0.6849211406,0.6990169296,0.7119208894,0.7295700648,0.741386317,0.754705066,0.767066886,0.7807601204,0.793565441,0.827741088,0.596953198,0.6821922127,0.6979328872,0.7147296417,0.733300112,0.748172564,0.7655813102,0.7824353201,0.7964481712,0.8164292592,0.849870617,0.596953198,0.6829817906,0.7034819762,0.7212741918,0.7404919762,0.759949201,0.7752582404,0.7864108874,0.799931979,0.815341498,0.994383746
0.703058794,0.7049438284,0.7220337902,0.7458182338,0.7486430312,0.755785524,0.7567893974,0.765415771,0.776789201,0.7947963564,0.828479801,0.656712378,0.679901851,0.7006487672,0.7160368558,0.727836375,0.73982092,0.748202829,0.7550689372,0.7730938482,0.7954227114,0.865117617,0.656142835,0.6840260486,0.7008515664,0.7163884582,0.7298206974,0.746993719,0.7561407956,0.7747174114,0.791785858,0.8235602716,0.899447238,0.656142835,0.6882462765,0.703624728,0.719348294,0.732811887,0.7473164275,0.758881299,0.7754755525,0.792595674,0.817565753,0.899447238,0.644846746,0.689331839,0.705881124,0.7192707136,0.7320841472,0.74405471,0.7555589752,0.7688839701,0.7859252084,0.8086019467,0.899447238
0.755898675,0.7597310187,0.7935485528,0.8022873388,0.8140866068,0.83053334,0.8667936062,0.8885166618,0.9145722414,0.9324550818,0.95248396,0.636223501,0.7092257518,0.7561070382,0.7810704568,0.7944781076,0.805224823,0.8247462898,0.8623451458,0.8883715478,0.9195004935,0.994383746,0.635409056,0.6845077245,0.70303507,0.7204326055,0.744972149,0.7727728805,0.791878026,0.808095246,0.833771924,0.880939729,0.994383746,0.634207788,0.6846261175,0.7008971426,0.7134068439,0.7297880274,0.7472709165,0.7633967312,0.7850785672,0.8038611584,0.8404288706,0.994383746,0.630183816,0.6849291386,0.7027966182,0.7151171334,0.7289024224,0.74283545,0.7573505508,0.773948583,0.792400666,0.8243215528,0.994383746
0.678327402,0.6826300955,0.687678548,0.6939628409,0.6993364284,0.702671895,0.7165729096,0.7218298701,0.7289479796,0.7332009857,0.739738278,0.678327402,0.7034267694,0.7162056924,0.7275424428,0.7413811172,0.750759905,0.7597184572,0.780695737,0.7953492402,0.8187882022,0.880215975,0.634207788,0.7059175825,0.7233513,0.738462829,0.75216921,0.7652156875,0.778325251,0.7923757875,0.810442591,0.862429867,0.95248396,0.634207788,0.701523665,0.716462807,0.730243091,0.743118049,0.753935605,0.768820661,0.78228185,0.799969135,0.831159181,0.994383746,0.634207788,0.6899261528,0.707750413,0.721769102,0.7326727704,0.746705202,0.7574554096,0.77450841,0.7911168534,0.8196101468,0.994383746
0.707844271,0.7278338072,0.7460011716,0.7508680464,0.754686582,0.773932997,0.775747673,0.7807025602,0.7888089862,0.8084795582,0.819387385,0.670425561,0.690491449,0.705824045,0.716330266,0.728267838,0.741747129,0.750026635,0.759704825,0.776951134,0.78856551,0.819387385,0.670425561,0.699279873,0.712444554,0.725305227,0.733090337,0.742909421,0.750152434,0.7600319235,0.773598411,0.7840733625,0.832717258,0.666965952,0.7040840612,0.7205133828,0.7316046327,0.7431194606,0.7518538265,0.7616429166,0.7736474607,0.7821946806,0.7934225231,0.931814105,0.634207788,0.6998395584,0.7183417346,0.7295737036,0.7417739478,0.750853498,0.7622490418,0.7745569046,0.785172946,0.8015781454,0.95248396
0.667722363,0.6803039763,0.6815630512,0.6972145209,0.7080966148,0.7190849395,0.7434497978,0.7556301985,0.7846232958,0.7898618081,0.830053989,0.65739454,0.678278611,0.6873739544,0.6968162502,0.7057906972,0.710461171,0.7201227326,0.7310483818,0.7495236282,0.772441328,0.830053989,0.644846746,0.6801034092,0.6933823568,0.7054482865,0.7128354158,0.722224686,0.731815556,0.7440044072,0.7545994438,0.7765942608,0.848106019,0.644846746,0.681919,0.696909509,0.707676359,0.716864935,0.728399279,0.738256033,0.751559984,0.76510601,0.785293097,0.868841395,0.644846746,0.6833882649,0.698757304,0.7108648252,0.7225065468,0.7342856005,0.7467968456,0.7576182342,0.7725049686,0.7932958071,0.899447238
0.757010874,0.7865137055,0.787380705,0.7908079246,0.809566145,0.8278750325,0.835692635,0.8437362046,0.8508385554,0.8525410976,0.867990817,0.695309187,0.719118749,0.7421342054,0.7641165656,0.7781397558,0.785330541,0.801444058,0.8219956392,0.8404182038,0.8528939276,0.895834586,0.658067659,0.7018868034,0.7237604032,0.7408647968,0.7600098762,0.775794423,0.7854651018,0.8054447754,0.8252103878,0.8503893984,0.913472295,0.658067659,0.7116728743,0.7290056014,0.7450768184,0.7615951418,0.7743744885,0.7861291122,0.7999841493,0.8195849852,0.8430540336,0.913472295,0.652869863,0.7157288555,0.7339941482,0.7496123759,0.7626664556,0.7741514925,0.784529449,0.7947668854,0.8133628798,0.8372352315,0.913472295
0.745525007,0.751743572,0.75716729,0.7650991695,0.76535322,0.7660125535,0.76681787,0.7721220435,0.777188482,0.783039347,0.793728503,0.732191481,0.748967683,0.754074171,0.7563420565,0.76283726,0.7662904445,0.774174644,0.7889851565,0.802248388,0.811092561,0.831158945,0.684602651,0.749358526,0.756493185,0.7641279775,0.770744471,0.777483922,0.784685449,0.7931633385,0.804016051,0.817195134,0.849870617,0.624881901,0.7467879858,0.7548624884,0.762095483,0.7668637496,0.775056359,0.7822481288,0.7898413866,0.8023042648,0.8174365128,0.876042247,0.624881901,0.743327119,0.752203109,0.757943616,0.764968874,0.771289503,0.77839126,0.784946094,0.794757363,0.811801873,0.876042247
0.658067659,0.6841382275,0.69975128,0.708009824,0.711206758,0.7155616235,0.718952337,0.7254296405,0.729741305,0.7393431485,0.74364123,0.658067659,0.6969841395,0.707113094,0.720498114,0.727897405,0.7357152165,0.745069845,0.7575775535,0.771232144,0.7866335095,0.865337381,0.658067659,0.7076128978,0.7233335934,0.7359193415,0.7509369224,0.763829178,0.7739864604,0.7844011471,0.7999439856,0.8426818118,0.913472295,0.652869863,0.7117042825,0.7274158488,0.7389816955,0.751640524,0.763829178,0.775154042,0.7863777895,0.804432099,0.8384956696,0.913472295,0.642022882,0.7073357205,0.725607237,0.741502321,0.754550424,0.767103957,0.776575023,0.787143449,0.803155523,0.830136513,0.913472295
0.765386992,0.7679762052,0.774738483,0.7811288355,0.7832021896,0.785028746,0.7882882824,0.7903668615,0.7975688812,0.803935249,0.829535519,0.74584565,0.7566117254,0.7632536356,0.765946372,0.7708221726,0.775936461,0.782228538,0.7880468732,0.8004552304,0.8185631992,0.876042247,0.725689947,0.7502355605,0.755056461,0.7585640475,0.764082322,0.767591762,0.774174644,0.781454312,0.789916995,0.8041285505,0.876042247,0.624881901,0.747952127,0.7548559744,0.759053876,0.7641527732,0.769518227,0.775829195,0.7831971896,0.7920793196,0.8063586148,0.876042247,0.624881901,0.746708782,0.75499888,0.7613935755,0.766522425,0.772651325,0.778843723,0.7854980465,0.797499607,0.815188208,0.958276491
0.835611783,0.8382350844,0.8451131372,0.846896846,0.8490669756,0.849671599,0.8557610598,0.8654778618,0.8714345586,0.8810703214,0.901460375,0.734335649,0.7651387613,0.7753414796,0.7991391041,0.816769227,0.828442412,0.8431032172,0.8521977999,0.8654301888,0.8865843413,0.958276491,0.734335649,0.7609989615,0.770031117,0.7793932113,0.7964716136,0.8144135415,0.8267941096,0.8369001815,0.8480260954,0.8716580836,0.958276491,0.703559794,0.7617377748,0.7701387534,0.7792096942,0.7882386708,0.804064501,0.820868639,0.8330407156,0.8442573608,0.8684678226,0.962667326,0.658823134,0.7573950933,0.7674379724,0.7770626445,0.784742812,0.7970923115,0.8096458562,0.8250827211,0.8372168574,0.8575065282,0.962667326
0.800172344,0.8063520077,0.8179206642,0.8187201266,0.8244774542,0.829317548,0.8323058994,0.8346304142,0.8370982302,0.8394008275,0.849870617,0.742118923,0.7671084963,0.7803345792,0.7853113842,0.792883269,0.8002326865,0.8054674024,0.8122022403,0.8192558634,0.8275918386,0.849870617,0.683267707,0.746098662,0.7569607662,0.766671209,0.7753816296,0.783243786,0.7896159344,0.8005110382,0.8109862722,0.8235517678,0.849870617,0.648709748,0.7368793942,0.749544916,0.7584061968,0.7661211634,0.774104287,0.782113957,0.7891264969,0.8016348704,0.8169911223,0.849870617,0.596953198,0.7073394354,0.7405114346,0.7520005786,0.7598343052,0.766699429,0.7767284778,0.7844286298,0.794963413,0.8110073558,0.849870617
0.70962754,0.7217675051,0.7511188722,0.7599212407,0.7682429992,0.77355395,0.7759523616,0.7775220929,0.779383215,0.785363767,0.791217051,0.693749478,0.7187411274,0.729179779,0.7358887166,0.7489745996,0.757003011,0.7630132712,0.7714384318,0.7768224814,0.7870453832,0.807984401,0.658067659,0.6999826364,0.7165954702,0.7304173668,0.741963405,0.750261602,0.760734949,0.7705955774,0.7778621298,0.7893805478,0.82651664,0.658067659,0.7049455661,0.7193908398,0.7312729885,0.7418820858,0.7530103205,0.7632242326,0.7734466026,0.7809441672,0.7913265972,0.865337381,0.634630928,0.7033260216,0.7187509576,0.7296220906,0.7409430222,0.750530991,0.762844544,0.7745237288,0.784454181,0.8009221968,0.913472295
0.809645765,0.8201345932,0.829451806,0.8343041092,0.83565329,0.836892408,0.8389308146,0.8394429586,0.8425120576,0.8514823668,0.860009856,0.776235777,0.7887872774,0.7993977772,0.8099185154,0.81825801,0.827641119,0.8356424906,0.8384843845,0.8432271774,0.8552483154,0.908285645,0.737413559,0.790985306,0.8049211848,0.8165605918,0.8251345438,0.832088764,0.8373621716,0.8447946868,0.8572754528,0.8795625498,0.962667326,0.66908268,0.7736188041,0.7917451978,0.8048312082,0.816398771,0.825425778,0.8333569732,0.8398133393,0.851045274,0.8738898421,0.962667326,0.658823134,0.761036695,0.776351757,0.791300872,0.804703731,0.816385298,0.825852156,0.834767735,0.84584287,0.867163361,0.962667326
0.744570998,0.7483208134,0.7533821344,0.7548949234,0.7559857714,0.7563090505,0.7568922992,0.7590706118,0.760724842,0.7634641381,0.763706501,0.734335649,0.752389315,0.756459844,0.7613563195,0.763892637,0.767095878,0.773937889,0.780124662,0.791245432,0.8230265295,0.876042247,0.734335649,0.7561385266,0.761690401,0.7655613288,0.77025524,0.776015472,0.781234987,0.7905776704,0.806202388,0.8366917608,0.958276491,0.734335649,0.7549185202,0.7605030472,0.7659770748,0.771875296,0.778659994,0.7849071472,0.7971752176,0.8166220812,0.8451959432,0.958276491,0.649278395,0.7511858006,0.7591451156,0.7653520539,0.7721943758,0.779256677,0.7874525606,0.8028647496,0.824737533,0.8472415635,0.958276491
0.727874469,0.7404315252,0.74194402,0.7582301756,0.7898888988,0.797712499,0.8085220454,0.8141521095,0.815375122,0.8159955254,0.8267361,0.674939137,0.735617392,0.7481143458,0.7618168228,0.7756929802,0.78766489,0.7926221538,0.8020727516,0.81525651,0.8365201654,0.866155643,0.666716236,0.7130718213,0.7359433224,0.7501451579,0.7624875808,0.775434378,0.7867659424,0.7960340529,0.8091854364,0.8321660835,0.899447238,0.656142835,0.6913063848,0.7105023722,0.7319409704,0.747507337,0.7582025305,0.7708350984,0.7841286401,0.7963644842,0.8187773314,0.899447238,0.656142835,0.6934296728,0.7151299214,0.7338932765,0.7490270108,0.7596778555,0.772938515,0.7862984807,0.7997566098,0.8226520299,0.899853586
0.671448406,0.6777774074,0.6796262862,0.6890724465,0.7003865672,0.728125409,0.7523710684,0.7558869918,0.7656371402,0.7674075905,0.786749187,0.639600606,0.676266042,0.685097291,0.692055274,0.699387223,0.705570698,0.711307375,0.731833728,0.751502437,0.777495967,0.860993398,0.630183816,0.674665814,0.689941512,0.7001471685,0.710940185,0.726077559,0.737620791,0.7545502435,0.777484748,0.802562627,0.933736318,0.596953198,0.6749515087,0.6918948302,0.7058137189,0.7193651206,0.732939419,0.7481700124,0.7673063942,0.7887624144,0.8247240977,0.994383746,0.596953198,0.6827495203,0.7007969478,0.7147281351,0.7324388956,0.748055163,0.7645593828,0.7818416806,0.802111131,0.8415690127,0.994383746
0.658961268,0.6650154596,0.6724328324,0.6835626848,0.696425664,0.70524139,0.710956249,0.723975857,0.7308063146,0.7362265274,0.753690568,0.656142835,0.6726333753,0.6881864608,0.6984327965,0.7063058002,0.716248307,0.7271400028,0.7492218096,0.7572885602,0.7894174796,0.848106019,0.656142835,0.6790128236,0.6928920436,0.7030410112,0.712224814,0.724848251,0.7376225876,0.7520262136,0.7680974702,0.7915727128,0.868841395,0.644846746,0.682274207,0.697451196,0.709499921,0.721398901,0.7351393955,0.747924859,0.7578553445,0.775887369,0.8023987535,0.868841395,0.644846746,0.684316072,0.7001297742,0.713057274,0.727855422,0.740055713,0.7527259452,0.7652054968,0.7802571198,0.7995317326,0.899447238
0.698871992,0.7026928356,0.7071597064,0.7086847349,0.713198006,0.7184969535,0.725498721,0.7288004516,0.735374971,0.7454936773,0.753690568,0.656142835,0.6725261485,0.689309526,0.699400188,0.709423822,0.7180982645,0.731739527,0.749394668,0.756962939,0.7934981245,0.848106019,0.656142835,0.6801155625,0.693508496,0.7068437275,0.718194768,0.732637477,0.746867357,0.757535089,0.780087637,0.8003098645,0.868841395,0.644846746,0.6829016375,0.698893339,0.7108015765,0.724385576,0.737021952,0.751226765,0.765219844,0.781493907,0.804363921,0.899447238,0.644846746,0.685720786,0.701600598,0.715605575,0.72952102,0.741972895,0.753978979,0.767629521,0.78433324,0.803286869,0.899447238
0.701600598,0.7085753345,0.712505758,0.718414495,0.721026909,0.726832542,0.73577131,0.7438728895,0.752725558,0.7619167375,0.823439335,0.656142835,0.6724993418,0.6907961684,0.697700804,0.708133694,0.718001761,0.7320081182,0.749446423,0.7677011906,0.79411409,0.848106019,0.656142835,0.680113947,0.6938082332,0.7079155988,0.7220760178,0.73982092,0.7527259452,0.768590369,0.7891647132,0.811358289,0.868841395,0.644846746,0.6841208278,0.6996214852,0.7117644773,0.7270060692,0.73968761,0.7528860416,0.7676557101,0.784438411,0.806600731,0.899447238,0.644846746,0.6855711647,0.7017046532,0.7159939697,0.7303828196,0.7428802645,0.7550684324,0.768571895,0.7847071302,0.8038489343,0.899447238
0.701600598,0.7108885589,0.7189039944,0.7260412058,0.729602912,0.7438728895,0.7517654182,0.7715395481,0.7893521576,0.8018344913,0.823439335,0.656142835,0.6761412511,0.693029926,0.7014835482,0.7122899492,0.727162901,0.7404068968,0.7554306977,0.7720570794,0.7963307207,0.848106019,0.656142835,0.680113947,0.6938082332,0.7091391272,0.7272315956,0.743143993,0.753918253,0.7697580622,0.7896719868,0.8122908492,0.868841395,0.644846746,0.6848457016,0.7012579986,0.7143046854,0.7305007214,0.744237191,0.7556442856,0.7708059865,0.7887010002,0.8115066468,0.899447238,0.644846746,0.6853890773,0.7009336056,0.7161151728,0.7309747914,0.7451257,0.7557533858,0.769594691,0.7856907986,0.8041515591,0.899447238
0.660389145,0.6757576165,0.693544125,0.6961754735,0.698492824,0.7055507635,0.712218451,0.7191091485,0.72210523,0.741803973,0.767344781,0.644492909,0.6752058054,0.6898009992,0.6955510264,0.7063640832,0.718183765,0.7276699882,0.7352173154,0.7467103942,0.7663107722,0.821234507,0.596953198,0.6690685802,0.6860051866,0.6956078207,0.7065771712,0.719161555,0.7318899996,0.7405514567,0.7554415554,0.7678130819,0.821234507,0.596953198,0.6763959244,0.6918948302,0.7062903056,0.7203208478,0.732654574,0.7457138544,0.7611166098,0.7745426776,0.7900697778,0.914670004,0.596953198,0.6829312458,0.703548279,0.7205958046,0.7372182398,0.751699528,0.7653036676,0.7799273274,0.7960654386,0.8244942162,0.972350445
0.656142835,0.669205733,0.672660182,0.67810178,0.68119283,0.687550294,0.69291781,0.695143751,0.7004301,0.725432855,0.756753476,0.656142835,0.6769896806,0.6928131164,0.7020931382,0.7107778498,0.724058866,0.7386393044,0.7554481664,0.7727960294,0.7955768596,0.868841395,0.644846746,0.6811485361,0.6934067192,0.7048759639,0.7152401256,0.7310431855,0.7483399242,0.7625003774,0.7818257052,0.8018782245,0.868841395,0.644846746,0.680107614,0.693377993,0.706347226,0.716770978,0.7316824525,0.745473344,0.756671853,0.773805091,0.7949054285,0.868841395,0.644846746,0.6824506228,0.6975449226,0.7113626306,0.725659872,0.7381888155,0.750507988,0.7611725097,0.7756055178,0.7947204806,0.899447238
0.69069502,0.6999192594,0.7238018798,0.7317162588,0.7324640276,0.739831696,0.7460734968,0.750605444,0.7542067302,0.768235134,0.795751356,0.67081994,0.698457823,0.7110620262,0.72989968,0.7437820906,0.75420468,0.7658831544,0.7811846592,0.7949265242,0.8244862198,0.872267857,0.630183816,0.6789388468,0.6955190616,0.7074980292,0.7234923302,0.738639145,0.7545032404,0.7755999076,0.791461755,0.8224584518,0.889165383,0.596953198,0.6791614088,0.6992231704,0.7161736964,0.7327338796,0.751775204,0.7681875416,0.7903834751,0.8141049422,0.8591504356,0.994383746,0.596953198,0.6833303081,0.7024019654,0.7174102229,0.7327743404,0.75121969,0.766447623,0.7857987129,0.8122584324,0.8492799669,0.994383746
0.712750135,0.7309205768,0.7357104,0.7401546174,0.7461764466,0.750342791,0.7551724942,0.7611092546,0.7619048624,0.8078086696,0.852019434,0.691167829,0.7351737713,0.7471485436,0.7543669631,0.7641221218,0.7735860565,0.7818518226,0.7920557463,0.8003095402,0.8185047231,0.852019434,0.657573606,0.7034304066,0.7284055186,0.7466932701,0.7557936014,0.765863804,0.775356883,0.7869566869,0.7971282572,0.8123266559,0.865117617,0.656142835,0.693438461,0.7175644532,0.7397481764,0.7526181932,0.763069522,0.7747934794,0.7869566869,0.7980998638,0.818026827,0.899447238,0.654154788,0.6928221122,0.7165504798,0.7359385684,0.7504476004,0.76135957,0.7743658718,0.787437753,0.8012163904,0.8233276226,0.899447238
0.719486053,0.7298938121,0.7524314098,0.7968276261,0.801996427,0.812829604,0.8283042354,0.8340203974,0.8408264212,0.8423033287,0.867386163,0.697809736,0.7251855244,0.7415131508,0.7586111422,0.77254706,0.784291266,0.79228037,0.8107541032,0.8223545954,0.8396297522,0.867386163,0.658067659,0.7144897854,0.7289877978,0.7401373622,0.7550511478,0.768625588,0.7803057592,0.7916959327,0.8138576606,0.8355802432,0.867990817,0.658067659,0.7138327502,0.7312313382,0.7458239778,0.7613171504,0.7716373205,0.7810348678,0.7922870375,0.8099435626,0.8302170669,0.899853586,0.658067659,0.718596548,0.73610647,0.7503308246,0.7626757412,0.773101216,0.7821541316,0.793680385,0.808977899,0.8298430642,0.913472295
0.683267707,0.6940002968,0.70361257,0.7078244418,0.7263120874,0.7337957915,0.7428515292,0.7546852128,0.757238067,0.7642500659,0.767719372,0.648709748,0.691538422,0.719104143,0.739167693,0.747013316,0.7577242965,0.763824424,0.7700005635,0.779237736,0.785103683,0.805475459,0.596953198,0.6833946946,0.7064176248,0.7255732102,0.7430703442,0.753308137,0.7615860652,0.7700013462,0.7808357258,0.793028445,0.849870617,0.596953198,0.6859175722,0.7080120748,0.7322926864,0.747249664,0.759104698,0.7668126366,0.7786635652,0.7885809524,0.8066072878,0.8798427,0.596953198,0.69012478,0.714826066,0.7368940755,0.747978711,0.7577242965,0.766276352,0.777467824,0.78902244,0.8100509115,0.914670004
0.764608891,0.7668390734,0.7698497586,0.7720043377,0.7740640748,0.77514974,0.7759294124,0.779706256,0.78565273,0.7873148881,0.789946795,0.690166976,0.7296804492,0.7440986652,0.7551923631,0.759692789,0.766765412,0.7706913958,0.7758806605,0.7820149666,0.7899791577,0.82651664,0.675467117,0.7186675876,0.7320476392,0.7409265746,0.7500077774,0.758887373,0.7671439602,0.7739082246,0.7811573844,0.7912114762,0.829110176,0.658067659,0.7072511324,0.7233007494,0.7333050674,0.7427603402,0.752137762,0.764204142,0.7735783878,0.7812511324,0.7928441574,0.865337381,0.658067659,0.6988834928,0.7182702194,0.7310688102,0.7432013676,0.756247298,0.7690135854,0.7781520126,0.7911880966,0.815233109,0.913769989
0.744569371,0.7492492994,0.753082979,0.7609415077,0.766268295,0.770833481,0.7745482862,0.7793607943,0.7805716346,0.782613808,0.788971102,0.683267707,0.7477403246,0.7586064696,0.7666668984,0.7733187876,0.7771153145,0.780456202,0.7847115687,0.7927208676,0.8054633741,0.837198973,0.665225782,0.7405581999,0.7514773524,0.7591334267,0.7653726684,0.773576041,0.780068521,0.7857942249,0.795598009,0.8110656939,0.849870617,0.596953198,0.7127303237,0.7404977264,0.7487540189,0.7558614,0.7617789655,0.7674102782,0.7783343104,0.7875793492,0.8053844272,0.849870617,0.596953198,0.7079149731,0.7382108902,0.7483643663,0.7556673702,0.762913994,0.769949736,0.7784182666,0.7879960092,0.8054854443,0.911842708
0.759961004,0.7660438332,0.777038669,0.7808501476,0.782203211,0.7836727385,0.784751366,0.7893724113,0.7904639162,0.7917135273,0.794695211,0.74552428,0.7517209014,0.7595386098,0.7641537018,0.770953653,0.776967086,0.7805191258,0.7887357598,0.7936493118,0.8054571048,0.837198973,0.736249175,0.747928523,0.752053632,0.7568928465,0.76311927,0.766396565,0.772340627,0.779262609,0.7887649,0.8030256895,0.837198973,0.683267707,0.7454622593,0.7519275854,0.7562906775,0.761542333,0.7662904445,0.7731337718,0.7807504165,0.78952132,0.8059522725,0.876042247,0.665225782,0.7390016813,0.7485603052,0.7546247359,0.7594126132,0.765112072,0.7708639016,0.7787394958,0.7870104656,0.8054433993,0.882800326
0.729588046,0.758892249,0.762172821,0.7660110148,0.7682897244,0.7764152365,0.780722651,0.7862405995,0.7903236004,0.7977580304,0.802782026,0.670638995,0.7074233214,0.7385326696,0.7517931524,0.7593096846,0.7681907955,0.7761535746,0.7844731725,0.7951845178,0.8030499279,0.832717258,0.662397955,0.7004338266,0.7167392446,0.7306284966,0.7456602694,0.75723608,0.7693183396,0.7811691806,0.7950197954,0.8125739436,0.865336308,0.662397955,0.7051904648,0.7233132802,0.736311773,0.7509101726,0.764105308,0.7764532,0.7877446112,0.8015820052,0.8247240977,0.95248396,0.634207788,0.6975677691,0.7204476448,0.7336564579,0.7485621088,0.7607025845,0.7756377502,0.7869808002,0.8047292098,0.8377259295,0.994383746
0.699248201,0.7041288836,0.7169351432,0.7295658868,0.7476846978,0.755989481,0.7625296678,0.780349085,0.7854615878,0.798849441,0.813325197,0.676247761,0.704463124,0.726805854,0.742191658,0.758663775,0.7637105725,0.77178735,0.7811373405,0.791691904,0.8072776785,0.832415814,0.664735574,0.7234655869,0.745539552,0.7564303667,0.766048307,0.777266377,0.7871683312,0.7968771599,0.8097788616,0.8247062386,0.867386163,0.657573606,0.7202740898,0.7415440176,0.755410773,0.7659814334,0.776560211,0.7872867156,0.7966712454,0.8115263234,0.8283147338,0.867990817,0.657573606,0.7107467832,0.7325459236,0.7453988331,0.757574485,0.769496169,0.7818246198,0.7931848215,0.8081513756,0.8298900763,0.899853586
0.743158269,0.7486130988,0.7499102444,0.750306182,0.7509405124,0.751943189,0.7526786322,0.7555683722,0.759482486,0.7636914184,0.767582743,0.72975015,0.7456619242,0.7504733658,0.7541554144,0.756868107,0.759900464,0.763325642,0.7662985331,0.771062799,0.7759290624,0.876042247,0.725547305,0.7486047124,0.7535458044,0.7569356753,0.7618004434,0.765417108,0.7699719162,0.7753158938,0.7833700496,0.7949177396,0.876042247,0.709848058,0.7478344325,0.7538898764,0.7575284001,0.763056119,0.766946997,0.7723873956,0.7787302723,0.7853177372,0.8005934254,0.904006607,0.674574697,0.7446119056,0.7529239298,0.7580946426,0.7638008394,0.768972434,0.7752017048,0.7811482304,0.7908591882,0.8103902694,0.904006607
0.821707869,0.824684436,0.826654915,0.8302181445,0.832777223,0.834299286,0.835987174,0.8408578155,0.856426428,0.859523748,0.912764391,0.723921573,0.790004121,0.813479402,0.8239285375,0.828360333,0.8328935275,0.837403977,0.8460141635,0.854711739,0.883036849,0.962667326,0.66694211,0.7667869478,0.7873486676,0.8001747498,0.8099019262,0.822059395,0.8294873772,0.836954596,0.8466406298,0.8714849714,0.962667326,0.645409556,0.752988459,0.773355184,0.787440429,0.799312362,0.812829598,0.8239689,0.834348338,0.845119631,0.868997084,0.962667326,0.645409556,0.7529207046,0.7672141864,0.7810263906,0.7949102866,0.8085369775,0.8226801014,0.8340522259,0.8459256786,0.8720026312,0.962667326
0.658836939,0.6765747482,0.7003906314,0.7390091904,0.7524512468,0.757465289,0.7577124994,0.7622923538,0.77437406,0.7957294708,0.814584113,0.656142835,0.6763762638,0.6896210692,0.701527941,0.7114299778,0.72739008,0.7477992454,0.7640390342,0.777398642,0.799737269,0.868841395,0.656142835,0.680263758,0.6950023226,0.7085770268,0.7266429532,0.740055713,0.75417395,0.769275113,0.7842170014,0.8042403276,0.868841395,0.644846746,0.682443624,0.698871992,0.71351285,0.731615227,0.746979626,0.755785524,0.768935534,0.784505937,0.801737965,0.868841395,0.633595591,0.6821028926,0.6966661728,0.7105355008,0.7267783164,0.742646435,0.7536753348,0.7664319326,0.7833605502,0.8018149444,0.899447238
0.745159392,0.7541243262,0.7547309278,0.7572988726,0.7612525506,0.7619946095,0.7635738188,0.7653754964,0.7667534404,0.767647072,0.773455774,0.739342243,0.7540642204,0.7563894428,0.7593684446,0.7623844256,0.767095669,0.7697576838,0.773858752,0.7793244346,0.7860791392,0.833087041,0.725547305,0.7489889498,0.7550077234,0.7588956594,0.7622996318,0.766674279,0.7702486022,0.7759996698,0.7812487906,0.7904442834,0.876042247,0.714167974,0.7517406584,0.757477525,0.763219237,0.7676151426,0.7733043035,0.7797147156,0.789606813,0.8117785272,0.8313925522,0.907389052,0.675270489,0.7512631702,0.7591451156,0.7653909716,0.772666696,0.779845436,0.790710615,0.8059567226,0.8242524846,0.8430370874,0.962667326
0.690564775,0.7193816255,0.735786073,0.75122787,0.767097555,0.7706909315,0.774944297,0.7802329215,0.785603122,0.789536799,0.796686054,0.662397955,0.6864731828,0.7018774918,0.7129120128,0.7314316082,0.746264953,0.7628202288,0.776442248,0.7857869364,0.791835583,0.829110176,0.662397955,0.6963503332,0.7148513016,0.7269513792,0.737751464,0.750123524,0.7622914668,0.774514201,0.7830175676,0.794601136,0.832717258,0.656149482,0.6905574424,0.7107447032,0.7268571966,0.741554631,0.7523662155,0.7641146104,0.774509309,0.7829757872,0.795447808,0.848239259,0.641807972,0.6932467025,0.7126484188,0.7287227657,0.740701416,0.752197329,0.7637973848,0.7745053091,0.7849244652,0.8007426869,0.87409037
0.687438116,0.713647437,0.7183295122,0.7262476346,0.7325558562,0.752759358,0.7747520136,0.7884125732,0.7979785116,0.8119949842,0.813902507,0.687438116,0.7321274387,0.7480194344,0.7600999361,0.7700485568,0.781666238,0.7965674674,0.8038464121,0.8156425272,0.8307806968,0.87409037,0.683899271,0.7246253639,0.7426190004,0.7553848029,0.7671408874,0.780004898,0.7920885034,0.8035042261,0.8188486414,0.8390978075,0.879937309,0.632972519,0.7028199,0.7238347988,0.7436538507,0.75722083,0.7697116475,0.7850579932,0.8007646173,0.820157786,0.8524553726,0.95248396,0.630183816,0.6945402666,0.711902352,0.7300016498,0.7471016336,0.760198525,0.7761985,0.7916490805,0.8131080682,0.8487449393,0.994383746
0.762337663,0.7697996286,0.7735014492,0.7763008605,0.7786527946,0.7793127345,0.7815073152,0.7830543465,0.7912069814,0.8235536977,0.836308152,0.747202284,0.7632803402,0.769132644,0.7749381696,0.7792406458,0.784874598,0.8004369646,0.8140229348,0.8251045952,0.8345481372,0.857077316,0.734335649,0.7594833985,0.765669585,0.7733154255,0.779246251,0.789600621,0.804341626,0.8185602575,0.82925008,0.843090015,0.962667326,0.671507678,0.756355847,0.763860674,0.7723603995,0.78113839,0.7931565165,0.810391916,0.825886824,0.837507023,0.859175979,0.962667326,0.645409556,0.7498588256,0.760145365,0.76896978,0.7792463254,0.791094789,0.8076251098,0.824445841,0.8377910244,0.8600050506,0.962667326
0.693810905,0.7003612213,0.7062256388,0.7109718097,0.712630471,0.7211950265,0.7301730428,0.732214216,0.7431455678,0.7589383501,0.77128645,0.666365904,0.7020397546,0.7135673294,0.7308049942,0.7457365342,0.753747237,0.7653626004,0.7749981722,0.7899456698,0.8137478588,0.868841395,0.644846746,0.6768258734,0.6889840748,0.6989366392,0.7105262326,0.72674807,0.7415939486,0.7559442326,0.7725583484,0.7932728774,0.868841395,0.644846746,0.675402132,0.6866766128,0.6964526772,0.7070380654,0.718001761,0.7323298578,0.749394931,0.7667013498,0.7890852858,0.868841395,0.633595591,0.676016463,0.688315623,0.698420579,0.70961202,0.721153722,0.735292494,0.749826814,0.762798685,0.784747195,0.868841395
0.693810905,0.7011386968,0.7095913532,0.7118555678,0.713739847,0.728280414,0.7323530842,0.7431455678,0.749840249,0.7605939174,0.77128645,0.664931725,0.6994272106,0.7116530122,0.729150219,0.7429837098,0.752907828,0.765352097,0.7753908042,0.7914876886,0.814851789,0.868841395,0.656142835,0.6767824628,0.6888538912,0.6992560009,0.7106466146,0.727069075,0.7417105682,0.7560684617,0.7726236798,0.7933534548,0.868841395,0.644214089,0.6755855923,0.6876184522,0.6971683177,0.7078753564,0.718719545,0.733265724,0.7506656622,0.7686393826,0.7907742873,0.868841395,0.633595591,0.6755479292,0.68777257,0.6981590884,0.7096093024,0.721622379,0.7355921412,0.7499858636,0.7631163946,0.7856611154,0.868841395
0.774686569,0.7787003146,0.7822875374,0.7840852574,0.7863002158,0.788683472,0.7918678704,0.7952259766,0.803958985,0.813933341,0.820466997,0.673436885,0.7213267674,0.7337109702,0.7501422718,0.7670760362,0.775566944,0.7829966774,0.7872101316,0.7934706078,0.8071087634,0.829110176,0.659073429,0.6833173702,0.7010484952,0.721260354,0.7324178942,0.743121578,0.7568137328,0.7687447022,0.7789007022,0.7898568766,0.829110176,0.641807972,0.6848560422,0.7051012164,0.7210675838,0.7348289378,0.747212816,0.7595310616,0.7696667714,0.7782764496,0.790978318,0.832717258,0.641807972,0.6877238028,0.7088235544,0.7245157056,0.7366908192,0.749285467,0.76054851,0.7713159795,0.7812511324,0.7965979882,0.913769989
0.699301624,0.712630471,0.7164787082,0.7249811732,0.7301730428,0.739180621,0.7449145872,0.749591162,0.7580300438,0.7904851294,0.817711873,0.664931725,0.6883430503,0.7050040386,0.7217495496,0.737897903,0.749996443,0.762691575,0.7723631779,0.7859446622,0.8116230378,0.868841395,0.656142835,0.6772146644,0.6895299008,0.700925683,0.7116597634,0.728399279,0.742970165,0.7571252516,0.7728798666,0.7932728774,0.868841395,0.633595591,0.6755433909,0.6875444028,0.6967196689,0.7068062734,0.7189501025,0.7345198056,0.7508508094,0.7695153434,0.7910116997,0.868841395,0.633595591,0.675596812,0.687610318,0.6979727275,0.709853362,0.722862133,0.736025508,0.750340607,0.765083861,0.7880071795,0.868841395
0.745079807,0.7508386678,0.7737707902,0.7818290932,0.7921525176,0.818842977,0.8257131748,0.835384266,0.8386727442,0.8507295678,0.864445704,0.698423192,0.723360537,0.7366441456,0.7461196974,0.7661159062,0.776217072,0.7891940024,0.8021948735,0.8231634476,0.8391066539,0.866082913,0.675891742,0.7206555914,0.736225362,0.7488942223,0.7659755384,0.7748803365,0.788085016,0.7999373109,0.8138576606,0.8295213582,0.867386163,0.664735574,0.7175151371,0.735757179,0.748756756,0.7628691714,0.771733798,0.7812127826,0.7928445342,0.8082045194,0.8265050492,0.913769989,0.658067659,0.7135832576,0.7312307566,0.7442441992,0.7570975164,0.767537278,0.776517003,0.787873811,0.8029027586,0.8230006832,0.913769989
0.716747389,0.7376383182,0.7468587482,0.7494580682,0.7512353966,0.762783941,0.7640455042,0.767642371,0.7739267146,0.7857289158,0.807727233,0.677786839,0.7208579555,0.7387111128,0.7470771014,0.7534031174,0.7596008675,0.7657988782,0.7744817133,0.7868068228,0.8007693609,0.826594665,0.657573606,0.71204323,0.7333885952,0.7455288012,0.7532471852,0.761241314,0.7689318682,0.7794635744,0.7918264918,0.80954149,0.852019434,0.654154788,0.6922500116,0.714196168,0.7355682646,0.7495462622,0.759438589,0.7712309594,0.784329951,0.7967795166,0.8132420026,0.868841395,0.633595591,0.6914397893,0.7101797872,0.7292447747,0.7455518754,0.756804142,0.7712056766,0.7845020859,0.7977093498,0.8163125576,0.868841395
0.665176214,0.6720162312,0.680674668,0.6827136166,0.6833539308,0.703107746,0.7052789178,0.7094820826,0.7182437174,0.725485212,0.740493157,0.597056472,0.6647335055,0.682640255,0.6969284935,0.710445149,0.7213263495,0.740493157,0.7504023525,0.75964199,0.768720353,0.795078275,0.596953198,0.680008872,0.704388806,0.7217249924,0.740802217,0.749443798,0.7586489536,0.7647430842,0.7720271568,0.7851065802,0.914670004,0.596953198,0.684217748,0.7106085924,0.7281129914,0.7415364366,0.75190418,0.76100329,0.7678876428,0.7786506674,0.7957589712,0.914670004,0.596953198,0.6925677035,0.717233618,0.7363495615,0.747072675,0.757556197,0.765947795,0.7771813015,0.788716333,0.8099162345,0.914670004
0.662177709,0.680375257,0.6994678958,0.7057018616,0.7109154592,0.715510093,0.7340483182,0.7591318534,0.7673590468,0.7793090024,0.803398138,0.596953198,0.6427839838,0.6646449638,0.6844325818,0.6949149798,0.711262366,0.7210412522,0.7360930074,0.762140527,0.8043232868,0.914670004,0.596953198,0.669256345,0.686978827,0.704434835,0.7181963,0.729028552,0.74232121,0.75903782,0.775350934,0.82422456,0.914670004,0.596953198,0.6798525032,0.7022625592,0.7162247872,0.7292432872,0.743118765,0.7547003224,0.7658867128,0.7831581116,0.8222194862,0.914670004,0.596953198,0.6852962096,0.7074097608,0.7234218041,0.739791341,0.7510613005,0.76163089,0.7736028915,0.7856476544,0.817342106,0.914670004
0.739941407,0.7441126214,0.747825703,0.7488179656,0.7494706346,0.7513830345,0.7527669864,0.7531079187,0.755963418,0.7598719549,0.762009861,0.725367348,0.7399629714,0.7470506334,0.7512497148,0.7537615074,0.759903105,0.7652077068,0.7716918401,0.7767560286,0.7832216002,0.803267004,0.714167974,0.7401807183,0.7470671646,0.7520620053,0.7558578476,0.761207918,0.7661115388,0.7722687463,0.7787872354,0.7861167057,0.837198973,0.661196888,0.733247411,0.745605865,0.75183656,0.756435291,0.76180917,0.766639806,0.773539958,0.780679195,0.793026048,0.882800326,0.650018337,0.7165366808,0.7406830474,0.7510218492,0.7569746912,0.763165965,0.7693907102,0.7771500788,0.7862184304,0.805938783,0.904006607
0.731440171,0.7510618019,0.7571257604,0.7626525919,0.7743278434,0.7785850655,0.787537534,0.7939673647,0.8022174876,0.815268793,0.861081946,0.664931725,0.7020264087,0.7118555678,0.727325879,0.7392668772,0.7496204725,0.762348462,0.7721034997,0.7853459286,0.8076249201,0.868841395,0.656142835,0.677958178,0.689280168,0.6982715561,0.7088067056,0.7196299045,0.7379574404,0.7527064512,0.7695568766,0.7911500442,0.868841395,0.633595591,0.674256898,0.683617201,0.6931386476,0.7022732518,0.712248338,0.7274439732,0.746404465,0.762584465,0.7847748055,0.868841395,0.633595591,0.674970557,0.6861815334,0.69623073,0.7079600016,0.719612886,0.7338097954,0.7489547792,0.7619525428,0.7850442254,0.868841395
0.702814653,0.7139607188,0.7230348594,0.7249092724,0.7264414164,0.738604113,0.7477983016,0.7529905922,0.764342897,0.77661716,0.79352319,0.668648289,0.7155911473,0.7277128068,0.7402048378,0.7522590938,0.7607025845,0.7706947574,0.7815385815,0.8064678454,0.8269972681,0.87409037,0.662397955,0.7064140854,0.7259749642,0.74319402,0.7535047586,0.764612459,0.7742795526,0.785847849,0.8009766506,0.8251708948,0.879937309,0.625524137,0.693223064,0.716182943,0.7346684522,0.75072455,0.763186674,0.7747143074,0.7879307766,0.8050140976,0.828909754,0.891691269,0.625524137,0.6905061142,0.714556484,0.7316898822,0.7467731736,0.759665202,0.7736374538,0.7864201812,0.8031614742,0.8279835262,0.907630054
0.676412191,0.6773826064,0.6812568864,0.6854428668,0.6878512316,0.688315623,0.6947282062,0.6996777794,0.7072269758,0.7108292546,0.71623956,0.654154788,0.6757924596,0.6830333272,0.6909794668,0.7056239978,0.733264972,0.753067607,0.7671153866,0.776791901,0.792651603,0.868841395,0.636939796,0.6785206389,0.6914115652,0.7053577157,0.7262022792,0.7414102805,0.7519123714,0.7636060074,0.775765922,0.7969803889,0.868841395,0.633595591,0.6826713133,0.698834515,0.713886312,0.7312384606,0.746279219,0.7537250832,0.765161681,0.7787570512,0.7973398681,0.868841395,0.633595591,0.6783507492,0.6925764212,0.7047453954,0.7186598908,0.735292494,0.749838758,0.7618180388,0.778697193,0.7983895066,0.868841395
0.686605242,0.6948714298,0.6988258198,0.7057006186,0.7091826638,0.709756753,0.7157123774,0.7204227282,0.724491672,0.734198756,0.737681332,0.659073429,0.6745944744,0.6911471546,0.7090833956,0.7210675838,0.736194428,0.756836809,0.7701456342,0.7848491896,0.7943758442,0.829110176,0.641807972,0.6771457375,0.6914919718,0.7042606037,0.7219256986,0.7368043325,0.7501985152,0.7683696626,0.7810298924,0.7930341136,0.830562373,0.641807972,0.6833120106,0.700010193,0.7165205132,0.72967149,0.742860156,0.7553352152,0.7678452624,0.7782907042,0.7912114762,0.833893175,0.625524137,0.6838890378,0.7043613388,0.7218042676,0.7356750142,0.750660036,0.7628837612,0.7741607976,0.7861082406,0.8044436718,0.882852034
0.763517255,0.7781654958,0.8114073886,0.8249841802,0.8380389378,0.841532314,0.8496314986,0.8558644554,0.8637321138,0.8698291498,0.902726623,0.632972519,0.7044334256,0.7214193482,0.7420606388,0.7619855374,0.781142368,0.8112151516,0.8416791088,0.8621163108,0.876992381,0.904391328,0.630183816,0.702120843,0.7234839666,0.739747388,0.7530504166,0.773813063,0.7882388876,0.8176021042,0.8412999032,0.8648647186,0.914670004,0.596953198,0.687718685,0.7088106468,0.7243759636,0.7411788618,0.755199095,0.773933753,0.7949159733,0.8192869036,0.8462756953,0.914670004,0.596953198,0.6817520598,0.7044456938,0.721205744,0.7359666166,0.752497117,0.766232493,0.7831023902,0.8034291364,0.8314211216,0.914670004
0.697061744,0.7114887385,0.721811416,0.736205639,0.748757827,0.751827871,0.754550424,0.7621793235,0.771204699,0.77316886,0.780465546,0.697061744,0.7190921625,0.733318451,0.74085671,0.748777135,0.758910043,0.767413385,0.772610003,0.780465546,0.807480096,0.835090669,0.675891742,0.720985827,0.734841158,0.742702609,0.754947137,0.766986634,0.774947977,0.7851021025,0.801686818,0.8272367015,0.913769989,0.658715096,0.7157854,0.7328430906,0.7451054304,0.760010821,0.769611315,0.7794335154,0.7904252868,0.8052383716,0.825298334,0.913769989,0.648320601,0.702893921,0.723330078,0.737730639,0.751761391,0.766080762,0.775794423,0.786615294,0.802155911,0.823160054,0.913769989
0.761952517,0.7718495565,0.7843253018,0.7912085946,0.8122745726,0.8143938665,0.818336878,0.8217042959,0.823631926,0.8275862801,0.834469277,0.677786839,0.723431608,0.739598117,0.754997467,0.766962683,0.779063543,0.788225089,0.796757713,0.807727233,0.818008617,0.847687573,0.677786839,0.7194114671,0.7377979146,0.7515704667,0.7628965954,0.7740665045,0.7837534548,0.7948521112,0.8077039416,0.822880821,0.866082913,0.664735574,0.7062544696,0.7271244212,0.7428573322,0.7550578878,0.7661921345,0.7764426208,0.7887105691,0.8025285096,0.8188704387,0.867386163,0.654154788,0.6993011998,0.7191464772,0.736095528,0.7501944082,0.763069522,0.7743590816,0.7860323923,0.8010575944,0.8210136375,0.913769989
0.758065173,0.7630872784,0.7717369954,0.7725151843,0.7734577778,0.775495675,0.778318805,0.7835697717,0.7841860428,0.7874107044,0.79314511,0.725547305,0.7524512862,0.756423516,0.7598230882,0.7671969724,0.771312509,0.7771057894,0.7838848668,0.7962231334,0.8282708426,0.904006607,0.695981033,0.744588345,0.755538515,0.7607963117,0.7667018818,0.771392463,0.7786132168,0.7856611499,0.7981968564,0.8213717927,0.904006607,0.661196888,0.7450744572,0.7551991928,0.7618835586,0.7678924492,0.775402356,0.7820350694,0.795835838,0.813127974,0.8300934328,0.904006607,0.660911073,0.7431585206,0.754664939,0.7616801064,0.7678926776,0.776365435,0.7857702886,0.8028642216,0.8199052568,0.8348107022,0.904006607
0.758114289,0.7762431714,0.777901749,0.7810617958,0.785505063,0.788886226,0.7936722836,0.797467502,0.7983703634,0.8035587674,0.818775917,0.747202284,0.7609047972,0.76835407,0.7773438621,0.7821392672,0.7926221885,0.7992067654,0.8085941562,0.817797776,0.8323065186,0.896859233,0.683623745,0.758282883,0.767446429,0.776358596,0.782749249,0.794381675,0.805292471,0.816082062,0.829630059,0.845685289,0.953584658,0.645409556,0.754379512,0.7637543102,0.7729846664,0.7820044208,0.7952176635,0.8117528632,0.8249142566,0.8345874522,0.8552567076,0.962667326,0.645409556,0.7457091388,0.7600415046,0.7699965487,0.7820044208,0.7969679845,0.814109269,0.8268382255,0.8396851808,0.8640688134,0.962667326
0.748027899,0.7493467074,0.751225754,0.7527874748,0.7544631406,0.757166335,0.7602063014,0.7610971406,0.7614109426,0.7622089436,0.765522885,0.725367348,0.740029092,0.7447038444,0.7486780367,0.7528194244,0.7565502715,0.759632137,0.7618378954,0.7658873448,0.772824361,0.797088447,0.650018337,0.7223869728,0.7406285264,0.7479885486,0.7534262152,0.759845206,0.765524125,0.7715775858,0.777490623,0.783923284,0.831256019,0.596953198,0.707174095,0.7369445148,0.7469653615,0.7540360088,0.761142141,0.7670716608,0.7752697389,0.7823275514,0.7980019076,0.8798427,0.596953198,0.7018514314,0.722258727,0.7403555234,0.7497766456,0.757723028,0.7654421464,0.7742043414,0.7836981762,0.8019126006,0.914670004
0.769872333,0.7933904266,0.8001455582,0.8281146568,0.849260326,0.873736796,0.8748929644,0.8842238564,0.8944550118,0.8999188632,0.90304235,0.645409556,0.7053610301,0.7345760232,0.762148379,0.7950299864,0.8110817965,0.8265245676,0.843757839,0.873591278,0.9077878539,0.961264607,0.645409556,0.7183155138,0.7510563628,0.7716385734,0.7978770866,0.814300013,0.8287864408,0.8425335426,0.8622104258,0.8941593244,0.962667326,0.645409556,0.742902669,0.7653398972,0.782073364,0.7950857464,0.808582428,0.8226535408,0.8344152172,0.8486755118,0.882559968,0.962667326,0.645409556,0.7521565618,0.7705950956,0.7854607709,0.7964760602,0.808727575,0.8214652354,0.8340059776,0.8472605028,0.874341284,0.962667326
0.733783087,0.7398615476,0.7444205814,0.7472681533,0.7490785218,0.7533591175,0.7584434004,0.7640546264,0.7671456114,0.7772478889,0.783929919,0.704002823,0.733038368,0.740936175,0.7485633195,0.753913352,0.76428303,0.769327892,0.7741960515,0.783929919,0.8162402905,0.904006607,0.661196888,0.733003066,0.745159392,0.7514371555,0.755578195,0.7605151415,0.766089135,0.7719542775,0.780378073,0.807962047,0.904006607,0.660911073,0.7301485215,0.7464994098,0.7533374793,0.7589586726,0.764248711,0.7702155114,0.7771096015,0.786026255,0.8115008443,0.904006607,0.660911073,0.7342836366,0.7486903126,0.7559399185,0.762208243,0.767875825,0.7754573786,0.7828110659,0.7965344334,0.817152261,0.904006607
0.752942167,0.7833568308,0.7915635134,0.8169920497,0.832821905,0.840207876,0.850600907,0.8536702804,0.8596115114,0.8705716153,0.879937309,0.697564062,0.7321497854,0.7501099408,0.7645913486,0.7824095574,0.805355435,0.8301560484,0.8403253944,0.8518690874,0.8628950854,0.891691269,0.687438116,0.7259749642,0.7461960562,0.7572593274,0.7685015656,0.783185351,0.8032890994,0.8191293662,0.8388064416,0.8607257954,0.904391328,0.625524137,0.706428914,0.725110576,0.7431627765,0.753199884,0.7650351455,0.779313705,0.793742372,0.81531747,0.8418836185,0.904391328,0.620598306,0.688318311,0.7121167392,0.72967149,0.7461416006,0.758043351,0.7706474624,0.7860627406,0.8053267468,0.8334106924,0.914670004
0.654154788,0.6647787256,0.677423626,0.6821923732,0.6855755408,0.686821656,0.6893117312,0.6930500824,0.6954838612,0.69869975,0.70208225,0.633595591,0.674800543,0.6798024342,0.6863781312,0.6923479052,0.704215189,0.7208238926,0.7458792036,0.757583746,0.7807900096,0.800476218,0.633595591,0.6770712352,0.6884954854,0.7045510122,0.7243678074,0.739611902,0.7491335754,0.757516161,0.7731405568,0.7927076332,0.868841395,0.633595591,0.677066448,0.688931991,0.699716905,0.712808364,0.730037542,0.744931737,0.755148519,0.76909405,0.790992777,0.868841395,0.633595591,0.6778686517,0.6908633208,0.7017563968,0.712224359,0.726590162,0.7422050854,0.7552878137,0.7725474154,0.7933872056,0.868841395
0.675891742,0.6910061074,0.7134429652,0.7242575699,0.7373047298,0.7384893075,0.761274674,0.7746485606,0.7846631864,0.7992004631,0.814715037,0.675340051,0.7187072966,0.7417233122,0.7667060828,0.7783061444,0.78710446,0.7957028092,0.803939915,0.8141193578,0.8266796222,0.900270495,0.675340051,0.7160039633,0.741583125,0.7603029512,0.7710364234,0.779568479,0.7926415138,0.8031721994,0.8163300044,0.834542936,0.913769989,0.675340051,0.7130184544,0.7286061516,0.7426072676,0.7603273082,0.771204699,0.7834652086,0.7968924502,0.8122839362,0.8300786674,0.913769989,0.656362322,0.703351112,0.7193708624,0.7346604004,0.7475383484,0.7621047,0.7732304616,0.7860996484,0.8021552866,0.8231307974,0.913769989
0.7871772,0.7889455911,0.8000611316,0.8070998299,0.8108760122,0.8152371235,0.8173466364,0.8223414136,0.83048269,0.8342897867,0.848469024,0.709577375,0.7666949811,0.7766266204,0.7835407098,0.791183446,0.803988888,0.8140308846,0.8267364358,0.832157499,0.8481370491,0.904006607,0.675270489,0.7449579114,0.7615114292,0.7698007384,0.7787275528,0.78875439,0.8000873722,0.814356892,0.8257478942,0.8393624962,0.904006607,0.661196888,0.7426160226,0.7565781444,0.765753495,0.7748057902,0.784126446,0.7984019282,0.8128439878,0.8249251724,0.8373278312,0.904006607,0.645409556,0.7377560966,0.7539310864,0.7624390612,0.7712706746,0.7816296,0.7971103902,0.8114598614,0.8250733742,0.8386239386,0.91762686
0.748598019,0.7508020411,0.7532479546,0.7544932085,0.755740306,0.758589154,0.7616794196,0.7655769675,0.7693195686,0.7707538327,0.785571908,0.661196888,0.6972193458,0.7105941022,0.7247200894,0.7389322768,0.7504304375,0.755820693,0.765461369,0.773370608,0.7819907462,0.803267004,0.660911073,0.7003588004,0.7199548696,0.7368360984,0.7442462074,0.751046367,0.7563589248,0.7651173862,0.7734128494,0.7868654096,0.882800326,0.649614015,0.7078980262,0.7313701206,0.74432103,0.7522774448,0.759374125,0.766028476,0.7735887246,0.781881488,0.803864334,0.904006607,0.642833119,0.7182585347,0.7405068652,0.7509668403,0.7577858384,0.765167561,0.772005925,0.7803810391,0.7943114044,0.8153765585,0.904006607
0.674201083,0.6885752575,0.702629757,0.704296813,0.7181963,0.7246759845,0.739486361,0.7541930255,0.773813063,0.7938271405,0.817275443,0.650575073,0.6833396762,0.7081389214,0.7239096048,0.7384124772,0.751064962,0.7680998354,0.790493261,0.8052697804,0.8342522214,0.914670004,0.626030289,0.678761152,0.704351132,0.717233618,0.729028552,0.746286777,0.762201913,0.778388365,0.803398138,0.835144749,0.914670004,0.596953198,0.6692728138,0.6953067912,0.7139105398,0.7252524204,0.741380097,0.7577525336,0.7741879166,0.7954193878,0.8313118464,0.914670004,0.596953198,0.6765932977,0.705542432,0.7212721496,0.739655369,0.753009823,0.764835036,0.777278342,0.7955755854,0.8228214928,0.914670004
0.714692828,0.718774679,0.732631218,0.754309078,0.760622266,0.762424959,0.764092612,0.764600407,0.798464088,0.830272575,0.83043077,0.645409556,0.706644752,0.729634135,0.754551752,0.7641205476,0.7816296,0.798399473,0.8183907912,0.838434238,0.8639807016,0.91762686,0.645409556,0.7418325795,0.767989464,0.7906443255,0.799312362,0.8139582105,0.827064703,0.8438087795,0.872226297,0.8937125265,0.961264607,0.645409556,0.750153394,0.7735349052,0.7893175482,0.8002103306,0.813162462,0.8232922398,0.8345267288,0.8509607098,0.8832794898,0.962667326,0.645409556,0.7557989682,0.7759097208,0.7893044766,0.8007444182,0.813119352,0.8220627144,0.8308626836,0.8428939564,0.8713432708,0.962667326
0.680296559,0.7019841636,0.7080175324,0.7159460908,0.7255613972,0.738978777,0.7520219394,0.7799819842,0.8052617554,0.8191580226,0.840358783,0.659881436,0.6922367998,0.7142283164,0.7296814357,0.7508656284,0.7668780705,0.7857558698,0.809528206,0.8368346294,0.8725170859,0.904391328,0.620598306,0.6770922507,0.7084090332,0.7236100322,0.74432174,0.756563125,0.7752971848,0.7979812355,0.825982601,0.8525928414,0.914670004,0.620598306,0.6725372446,0.704443242,0.7210152362,0.7370828368,0.752942167,0.767124773,0.7840746156,0.8075392674,0.8415386674,0.914670004,0.596953198,0.6740463696,0.7029390348,0.7190892942,0.7331937572,0.748650354,0.762981052,0.7775586078,0.8000008834,0.8333927678,0.914670004
0.750734863,0.7787120104,0.7952677908,0.7963421964,0.7977500904,0.801348935,0.8063118802,0.8119878854,0.8152864892,0.8228425108,0.827472635,0.678463651,0.712490441,0.7324902582,0.7449783366,0.7592570262,0.77370136,0.7967647468,0.8143080056,0.8332514796,0.866039799,0.913769989,0.648320601,0.687824547,0.7048262468,0.722273656,0.7373942968,0.75193782,0.7666096756,0.7820063102,0.8112152242,0.834862475,0.913769989,0.631730223,0.6835874221,0.705201213,0.7233218478,0.7395156656,0.7565090605,0.770092087,0.78211662,0.7991087584,0.8243045755,0.913769989,0.629883297,0.6855652122,0.7087905552,0.7232781902,0.7395002874,0.754827747,0.7694501242,0.7815929608,0.7964024252,0.819199175,0.913769989
0.726627586,0.7349066661,0.7529268594,0.757019231,0.758290957,0.7600291605,0.7628294096,0.778423789,0.7926683312,0.7993254233,0.82064694,0.625524137,0.6953278475,0.7267997956,0.7425927939,0.756311587,0.765890041,0.7768648274,0.7885335733,0.8008313522,0.8125675072,0.862578304,0.625524137,0.6905961152,0.7103883952,0.7300618524,0.7450083284,0.756109403,0.765799041,0.7809216528,0.7973034194,0.8217634328,0.879937309,0.625524137,0.6837025717,0.7045626288,0.7232109492,0.7425107496,0.753757277,0.766238157,0.7821536373,0.8013647786,0.8314945614,0.891691269,0.625524137,0.6828467121,0.7022088286,0.7193667598,0.7343567304,0.7496868185,0.7636564474,0.7786017015,0.798698191,0.8279212563,0.904391328
0.712530749,0.7145242248,0.7187988582,0.7209362995,0.7394480082,0.7411148465,0.7458243496,0.7478774611,0.7510870484,0.7593120075,0.761459424,0.633595591,0.6750229254,0.6851796928,0.6911289233,0.6987415222,0.7066768025,0.7167946048,0.7289486748,0.745848877,0.755761244,0.8129075,0.633595591,0.6666244254,0.6770736288,0.685176319,0.6915511548,0.6993452495,0.7095788158,0.724611544,0.745106665,0.7649705775,0.861081946,0.633595591,0.6715233228,0.6817010562,0.6895582515,0.6982298442,0.708283055,0.719981276,0.7373390346,0.7523467694,0.7756550561,0.868841395,0.633595591,0.6749289617,0.6856862674,0.695225165,0.7066267724,0.718390988,0.7329477828,0.7477804872,0.7614912732,0.7843048525,0.868841395
0.702481815,0.744427755,0.752200479,0.754083014,0.757504817,0.7660638225,0.785307523,0.807479257,0.831135426,0.8369775,0.862578304,0.697564062,0.725702589,0.74556918,0.758196042,0.763691504,0.781353916,0.80037579,0.812509027,0.828108066,0.842397366,0.882167207,0.625524137,0.71285373,0.732981206,0.748134955,0.760368905,0.770720264,0.787130119,0.805601492,0.827156035,0.8507811805,0.904391328,0.620598306,0.692449339,0.7200468408,0.7349171896,0.7509048564,0.764488337,0.7779805498,0.794245888,0.8181171256,0.8461482608,0.904391328,0.620598306,0.6783429755,0.7045655888,0.7223431094,0.73984618,0.754084159,0.7679680172,0.7821435371,0.8032890994,0.8342761053,0.914670004
0.699348294,0.7096211522,0.7161737758,0.7197563844,0.7297268332,0.734971448,0.7380907326,0.748588529,0.7735026228,0.8114490438,0.831256019,0.661491685,0.7147515818,0.7246232112,0.7373779186,0.745302659,0.756614618,0.7675923542,0.7794794132,0.7962469426,0.8136594834,0.843086121,0.650018337,0.7027981158,0.7190769968,0.7350016664,0.7455660856,0.758077247,0.7662042792,0.7784626986,0.7960966502,0.812223501,0.914670004,0.596953198,0.6965242145,0.716543852,0.73314655,0.74496232,0.7546686915,0.764571437,0.7746422075,0.787580186,0.804355921,0.914670004,0.596953198,0.6814952754,0.7048170902,0.7212304094,0.739482545,0.751336158,0.760762159,0.7704823578,0.782113775,0.804110296,0.914670004
0.641807972,0.6648780248,0.665887814,0.6692092744,0.6756638072,0.679077236,0.6817877612,0.6837042778,0.684478926,0.6930894466,0.71637366,0.641807972,0.666113246,0.674278518,0.6786043595,0.684549994,0.692666262,0.704274331,0.7160184215,0.727849461,0.750215973,0.800160161,0.629883297,0.6681836598,0.6780873834,0.6858452938,0.6987597404,0.711059497,0.7209714438,0.737751464,0.755050015,0.7738551324,0.833893175,0.625524137,0.6743742282,0.6877173902,0.702497383,0.7165012778,0.72830298,0.7430090592,0.7585369474,0.772638677,0.7920052714,0.85653242,0.625524137,0.6830287402,0.7009745008,0.7196406694,0.7332103046,0.747761802,0.7618567274,0.7752412167,0.7897105124,0.8137644758,0.913769989
0.754454702,0.7634197746,0.7872139998,0.7953013614,0.7971194666,0.801205482,0.8040697056,0.80814029,0.811740335,0.834632515,0.871248836,0.740143104,0.762834111,0.7856313878,0.7943504514,0.8015787366,0.8145132735,0.8200438254,0.8336256286,0.842266265,0.8635875458,0.896859233,0.683623745,0.7571791701,0.7771728574,0.7889270305,0.7984573176,0.8123278705,0.8192369238,0.8283290289,0.837794448,0.8579215315,0.91762686,0.645409556,0.7558464,0.7725240938,0.7855050372,0.797492243,0.807529413,0.8165602054,0.8257596308,0.83569063,0.8563314376,0.91762686,0.645409556,0.751543417,0.7677038212,0.7812946242,0.7950178502,0.805992865,0.8163600718,0.827180173,0.837773999,0.8610822852,0.962667326
0.710184692,0.7292227215,0.73425767,0.7455871485,0.746918545,0.747959003,0.752787559,0.756425573,0.776252576,0.793509874,0.822479134,0.681662118,0.6995232016,0.7137230272,0.7266867734,0.7346281538,0.743897067,0.749216921,0.755407931,0.768274035,0.7864478464,0.854114076,0.633595591,0.6817916319,0.695366741,0.7060318611,0.7140211964,0.728840463,0.7429035326,0.753458746,0.7660577852,0.7858767123,0.858955027,0.633595591,0.6808002785,0.692889707,0.7044964355,0.713538129,0.7274928955,0.741343232,0.7538795645,0.768823747,0.7931801045,0.858955027,0.633595591,0.6807141827,0.6952531102,0.7082157442,0.7200637516,0.7362129945,0.7503282038,0.7653983111,0.7809982114,0.8028832935,0.881095277
0.674574697,0.6814836522,0.6983871344,0.7036016609,0.7308157066,0.733287123,0.7366199266,0.7446550368,0.7762480694,0.8164022372,0.850343256,0.661196888,0.703215979,0.715167437,0.726140798,0.7388757,0.75260605,0.763165965,0.775502762,0.795871226,0.825201242,0.904006607,0.660911073,0.7048672545,0.726140798,0.7437248255,0.756454686,0.7673766875,0.777922204,0.7982842155,0.816187919,0.828632127,0.904006607,0.660911073,0.7098209897,0.7372174974,0.7497999736,0.7591175924,0.7693426045,0.7788679894,0.7923580361,0.808187035,0.825776673,0.904006607,0.642833119,0.7199257464,0.7430767554,0.7532057151,0.7601884406,0.76890134,0.7785620236,0.7927675625,0.8094089654,0.8270899246,0.904006607
0.68077412,0.6856125352,0.6898708072,0.6948241162,0.6963101806,0.708171718,0.7112298318,0.7160084922,0.7287214608,0.7355845512,0.741233807,0.676643859,0.6926252644,0.7008682268,0.7091990086,0.7198518452,0.732436017,0.7527767976,0.776489186,0.792986591,0.8038287962,0.828320903,0.674618347,0.6964736776,0.7110332808,0.724468425,0.739079898,0.7532951785,0.7681357432,0.7811210526,0.7946220094,0.8100029986,0.836580708,0.643909388,0.6983946275,0.7129930558,0.725902073,0.7396147196,0.752695752,0.76617461,0.7791080308,0.7939243016,0.8123314964,0.858955027,0.633595591,0.6944597111,0.708963972,0.7211840597,0.736839004,0.7505738745,0.7649898656,0.7788358264,0.7943054882,0.8188460283,0.913769989
0.747893263,0.7591902577,0.763600201,0.7664329691,0.7712060498,0.7717977985,0.778915228,0.7820489189,0.7850543658,0.7873492976,0.790542548,0.715469303,0.740390624,0.7499204474,0.7579072968,0.7658480014,0.7730747365,0.7780111558,0.7821217487,0.7944153282,0.8063752654,0.833269424,0.665411151,0.7133951337,0.731152106,0.7441978747,0.7529845224,0.7600340965,0.7662522164,0.7765080109,0.7856872408,0.8041569854,0.833269424,0.642833119,0.6949101008,0.7163851094,0.7313922244,0.7441693324,0.752881787,0.7599312036,0.7678282048,0.7787232326,0.7986857518,0.843086121,0.597056472,0.6918314215,0.713009743,0.7303088095,0.745398674,0.7544483695,0.762714051,0.771812038,0.781209078,0.7997615025,0.914670004
0.653773353,0.6612574406,0.6636416804,0.674907044,0.675601969,0.677272687,0.6822729434,0.6898796036,0.7029385734,0.704798803,0.711232324,0.633595591,0.6613512055,0.674652047,0.678136503,0.682725678,0.6904943975,0.697782779,0.7072158125,0.724378221,0.745654541,0.783957453,0.633595591,0.6686299512,0.6783593944,0.6868563938,0.6943838358,0.704454569,0.7136041216,0.7291857954,0.7469943976,0.7649022308,0.858955027,0.633595591,0.674278161,0.683939617,0.6928482348,0.7040859182,0.713538129,0.7288340398,0.743798108,0.756406745,0.7818202068,0.861081946,0.633595591,0.6766446962,0.689175554,0.6987332754,0.7093534896,0.720531649,0.7358913658,0.7513637248,0.767975207,0.7944852684,0.89308729
0.648320601,0.6527903546,0.66282257,0.6683105946,0.6695853676,0.67977722,0.681717518,0.6868127668,0.692006623,0.6950268704,0.699250848,0.629883297,0.6588761462,0.6744301884,0.6874409602,0.6998219754,0.712040694,0.7214758486,0.7416331098,0.764496803,0.7830382954,0.85653242,0.629883297,0.6703386716,0.68374255,0.6967020091,0.7109090944,0.721942648,0.7380744444,0.7543254461,0.7802132782,0.8144009515,0.890378505,0.629883297,0.6750388925,0.688681611,0.7050927505,0.718881004,0.731725743,0.746753915,0.7632026925,0.783284239,0.8156294205,0.913769989,0.625524137,0.682212112,0.699250848,0.713637534,0.725595512,0.740428061,0.754184041,0.769391188,0.786802742,0.814990752,0.913769989
0.699930441,0.7045724139,0.7146100354,0.7225595309,0.7309599252,0.7353937445,0.7459897828,0.7507910347,0.7680524218,0.7751464933,0.79103884,0.625524137,0.6826523724,0.695700932,0.7085472618,0.7198436734,0.737528884,0.7508097488,0.7693221956,0.7847998416,0.8130341564,0.872129012,0.625524137,0.682603832,0.7017536042,0.7170353646,0.733056566,0.747383014,0.759632205,0.7734936732,0.790950886,0.813453978,0.877889808,0.625524137,0.679077236,0.697071654,0.714502004,0.729710283,0.74389768,0.755525808,0.769578458,0.785885985,0.811210489,0.877889808,0.62527371,0.678055371,0.696274364,0.712935315,0.726978504,0.7432132315,0.755680765,0.769568091,0.787279011,0.8173747,0.88885425
0.705357145,0.7071793811,0.7112708804,0.7139938518,0.7547204678,0.768187747,0.7747218294,0.7771223568,0.8008315876,0.8363340991,0.858955027,0.673260224,0.6916071863,0.6995552954,0.706019958,0.7102176486,0.713713092,0.7202706974,0.7352879346,0.7518632876,0.7685480213,0.858955027,0.650566767,0.6826754471,0.695087258,0.7037625686,0.709314165,0.715269917,0.7264471254,0.7366854559,0.749394571,0.7659543748,0.858955027,0.633595591,0.6781692392,0.6916177202,0.7034531537,0.7120723614,0.723174875,0.7360324238,0.7500624831,0.7669070342,0.7931437514,0.89308729,0.633595591,0.6816663309,0.6954720666,0.7072652726,0.7185626008,0.7333482405,0.7473433536,0.7625361151,0.7795633106,0.8042993284,0.89308729
0.703021386,0.7105616488,0.7182916308,0.7260144348,0.7306951184,0.753527465,0.7552708526,0.759519839,0.7666093676,0.773552412,0.777222125,0.655456135,0.7040590922,0.7166276138,0.722861176,0.7377650262,0.746286777,0.756177667,0.7755691898,0.8009559846,0.8130030718,0.833269424,0.650575073,0.7041500675,0.722038846,0.7408021945,0.75433554,0.766513098,0.777222125,0.78809157,0.798713303,0.811446835,0.837195497,0.615864204,0.6824765435,0.7063385026,0.7238793243,0.742962891,0.757049545,0.767343186,0.777318424,0.7902299536,0.8060395366,0.914670004,0.615864204,0.6732317187,0.6964112754,0.715473382,0.7304421972,0.7467203985,0.7595813546,0.7701063485,0.7824669086,0.8027979797,0.914670004
0.732556531,0.7429463238,0.748349111,0.7555347344,0.7592960316,0.761439545,0.764766309,0.7763736966,0.7862349162,0.7938407742,0.798558034,0.679700894,0.7222901198,0.7330699022,0.7453342,0.758931456,0.766382334,0.7767732294,0.7873087013,0.808186485,0.8310952301,0.877889808,0.620598306,0.6724918642,0.7031767074,0.7223431094,0.7407610646,0.7546703645,0.766717004,0.7810426928,0.8008979708,0.8231479788,0.877889808,0.613078289,0.6680252134,0.6938188086,0.7170911646,0.7342569376,0.752195047,0.7655143012,0.781006554,0.8004336692,0.8320043034,0.891691269,0.613078289,0.67005207,0.6968982356,0.7174157798,0.733937366,0.750574624,0.763950972,0.7788596137,0.7981874842,0.8324370646,0.904391328
0.620598306,0.6312480804,0.6391708008,0.6443540423,0.6463432854,0.650979727,0.6633363054,0.6684691222,0.673941039,0.6769408257,0.711889234,0.620598306,0.6405574828,0.656293727,0.669741667,0.6833571932,0.712584932,0.7222021352,0.7320598622,0.7574437116,0.7725747476,0.809455042,0.620598306,0.6586281721,0.6773530472,0.701653548,0.718642676,0.7324103615,0.7502993036,0.7632477078,0.7767515782,0.7936554835,0.877533367,0.613078289,0.6677067312,0.6923238846,0.7143267126,0.7331927692,0.7493523395,0.7636983968,0.7779463075,0.7967831988,0.8320290957,0.904391328,0.613078289,0.6712418088,0.7032898534,0.7205156852,0.7381475528,0.753407297,0.7668791766,0.780934194,0.7998758064,0.8339544218,0.914670004
0.758834673,0.7650947681,0.7715138048,0.7769294919,0.7786711674,0.783075806,0.784536303,0.7880605128,0.7926066,0.7950582338,0.798267353,0.623431504,0.6592161248,0.6926491634,0.7169433399,0.7288024086,0.747742952,0.7577366954,0.7696322252,0.7788904914,0.7904945436,0.812218715,0.620598306,0.6625450362,0.6832986984,0.7048461497,0.7177666704,0.730012969,0.7479346628,0.7614438237,0.7741266924,0.7884289569,0.834652881,0.620598306,0.6692503985,0.6971681402,0.7162196524,0.7313095496,0.746361012,0.7605538046,0.7746235023,0.7902948464,0.8097663881,0.914670004,0.613078289,0.6697440924,0.697604677,0.7155778747,0.7308723828,0.7482589735,0.7632356758,0.7755856115,0.7899227868,0.8132125614,0.914670004
0.724701546,0.739295745,0.764394246,0.7748304378,0.780112494,0.783429322,0.791087866,0.7957124802,0.7982826662,0.8027616644,0.832645792,0.677380046,0.7201564965,0.747819295,0.759329276,0.767679466,0.7770756515,0.785649566,0.798549367,0.804157268,0.8132373625,0.832645792,0.642833119,0.689390781,0.7079751754,0.724154568,0.7422743088,0.757132618,0.7677162784,0.778958587,0.7940890328,0.8066590724,0.833269424,0.615864204,0.6861167152,0.7051718972,0.7215265294,0.738357714,0.751178029,0.762082292,0.773193816,0.7849413318,0.803873498,0.869010696,0.615864204,0.6868926542,0.7103500502,0.7290690778,0.7431631234,0.7546322275,0.7628276928,0.7739488753,0.7855502008,0.8030360931,0.882396602
0.765781671,0.7694514014,0.7831907622,0.793443463,0.7962265986,0.800144181,0.8056098922,0.8149443342,0.8198531666,0.8240978684,0.834981278,0.715357807,0.778303903,0.7918921636,0.8002556228,0.8078181974,0.815226876,0.8188275802,0.8235685032,0.8279613744,0.8339808476,0.865593096,0.714985066,0.7781561024,0.7933641352,0.8020124142,0.808560705,0.815577654,0.8211014746,0.827542317,0.8340342458,0.8522106886,0.903291955,0.633702844,0.7520558658,0.7806156726,0.793541768,0.803212649,0.814203071,0.8214150354,0.8311575716,0.843613845,0.868112894,0.959907222,0.628198359,0.742844958,0.77895398,0.7962092658,0.808553475,0.818340342,0.8282630912,0.8400897176,0.8554588206,0.8760701312,0.961264607
0.689909718,0.697576313,0.7001846416,0.7118984181,0.717817955,0.722831034,0.72537925,0.7349362728,0.7507633416,0.7661597766,0.782722676,0.689132783,0.7072760649,0.719995125,0.7299408903,0.7524901602,0.763093073,0.7719699728,0.7829322245,0.7982076144,0.8203765677,0.844005614,0.675340051,0.7106117889,0.7241980026,0.7429548944,0.7584707388,0.7688004995,0.7812396578,0.7933287002,0.8153192684,0.8347788326,0.910495698,0.643909388,0.7003831698,0.7156129476,0.7286584524,0.7468030216,0.764224737,0.7791752184,0.7937583202,0.8111300798,0.8332328898,0.913769989,0.643909388,0.6966891872,0.7099562174,0.7217657496,0.736104805,0.751791303,0.7670474878,0.7840207904,0.8028760606,0.827109813,0.940028617
0.678428003,0.6845909705,0.687711752,0.6896526,0.690366371,0.6966748145,0.704821731,0.7123318545,0.718291728,0.7296862265,0.738415342,0.642833119,0.6780610506,0.6880428676,0.6988560308,0.7083206718,0.721907875,0.7297245324,0.7454874804,0.7579134804,0.7755314608,0.829289416,0.642833119,0.6849589802,0.7048674314,0.7224049254,0.7405573914,0.75552286,0.7657008346,0.7757731928,0.7863666962,0.8040824296,0.869010696,0.615864204,0.691641179,0.714576409,0.730714883,0.744633618,0.756560313,0.766322829,0.776768488,0.78838372,0.80625303,0.878707237,0.615864204,0.694306823,0.718244309,0.7371440015,0.748841605,0.759170052,0.769353521,0.7807673005,0.797466141,0.812957137,0.882800326
0.664224084,0.671359201,0.674000564,0.6791235755,0.681676161,0.685200952,0.689752756,0.6998113255,0.709578703,0.7304212665,0.737162821,0.646731032,0.66648279,0.675379945,0.6817770765,0.688931991,0.6959120665,0.701960026,0.7095953615,0.724378221,0.7391039175,0.805802865,0.633595591,0.6653763545,0.6760442834,0.6843839683,0.6909338324,0.6988371395,0.7096395264,0.7237496214,0.7410627578,0.7629370804,0.830760181,0.633595591,0.6746362223,0.6846882342,0.694438003,0.7044987278,0.718796473,0.7347213706,0.7515104536,0.7644373504,0.8024280788,0.872867282,0.633595591,0.67653705,0.689701339,0.701704853,0.713696652,0.730201975,0.746315275,0.760738484,0.777712783,0.809772819,0.89308729
0.650361045,0.6599625546,0.6654019658,0.6780086276,0.6840009616,0.710790694,0.7147639104,0.7220347652,0.738565478,0.7510988032,0.759087918,0.629883297,0.6597145068,0.6777907786,0.6856483709,0.7005697458,0.711090612,0.7179140254,0.7275686763,0.7412472902,0.7495358932,0.792149756,0.629883297,0.6699684731,0.6830392562,0.692074547,0.7046741534,0.7162716595,0.7277870644,0.7409744866,0.7538593668,0.7724129838,0.85653242,0.625524137,0.6743672528,0.6876139692,0.7043161428,0.7174879618,0.730397818,0.7451996812,0.7593493034,0.7742561968,0.7961790012,0.872129012,0.625524137,0.6822558368,0.6997135498,0.714999516,0.7286100402,0.742346661,0.7562524904,0.7706037424,0.7872563182,0.8156239472,0.890378505
0.683428456,0.6939413702,0.711664935,0.7143394093,0.7181739796,0.724265653,0.7339120132,0.7390487186,0.741855194,0.7493968202,0.750496709,0.643909388,0.6914792378,0.7012342268,0.708713444,0.7151439326,0.7259169785,0.7387777774,0.7502066201,0.7686316168,0.7968378253,0.833894678,0.643909388,0.6899131524,0.6992427856,0.7081366227,0.7154954278,0.7252351,0.738540103,0.7537827382,0.7710364234,0.7922547981,0.839772766,0.643909388,0.6959039375,0.7070557568,0.7159701865,0.7259837368,0.737644939,0.7539260576,0.7697347141,0.7870320168,0.805766593,0.877726202,0.643909388,0.6955740872,0.7101868298,0.7214618884,0.7370990114,0.751136865,0.766044658,0.7825237413,0.8015256588,0.8248122454,0.913769989
0.741547022,0.7649457865,0.7803386878,0.7848831421,0.792788276,0.8234985885,0.8289755554,0.8336364472,0.8412454246,0.8421808703,0.846658683,0.688681611,0.7188639166,0.7400177032,0.753232113,0.772548762,0.784528894,0.8045646772,0.8176092794,0.8338321652,0.8417760422,0.882333115,0.648320601,0.697600292,0.714240539,0.7260816376,0.744034735,0.763365019,0.774528696,0.7946018212,0.8156805822,0.840331097,0.913769989,0.629883297,0.6891498462,0.70833842,0.7219007908,0.7384583228,0.754141919,0.7675615828,0.7844909271,0.805492068,0.830992995,0.916921075,0.629883297,0.686223158,0.70448339,0.7188875825,0.730430579,0.745937665,0.760738554,0.775046432,0.79641583,0.824189605,0.940028617
0.803271331,0.8077253456,0.8103696826,0.8138827584,0.8151120498,0.819042214,0.8228457488,0.8245905696,0.830397528,0.8411395611,0.842924315,0.740143104,0.7876572571,0.8076897578,0.8162238417,0.823135195,0.8265277305,0.831744197,0.8348922293,0.8418960984,0.8534458579,0.889998521,0.715816789,0.7848282185,0.798139104,0.8056712725,0.814990767,0.8221067295,0.827876725,0.8335660455,0.841841654,0.85979326,0.91762686,0.689573148,0.7737194675,0.7895024576,0.7989209585,0.8072626292,0.8155061825,0.8226862944,0.8296862971,0.8390700798,0.8579215315,0.91762686,0.645409556,0.7585792501,0.7781342256,0.7899839337,0.799420407,0.807020707,0.816098015,0.8238930389,0.8336212032,0.8516746283,0.91762686
0.78018278,0.7877640203,0.797652277,0.8009642253,0.8019988802,0.804083009,0.8073300762,0.8121076597,0.8142669524,0.8178592023,0.825743982,0.747765886,0.7864720706,0.800689793,0.805955278,0.8118467122,0.816226246,0.8215499506,0.8250917492,0.828951771,0.8351367988,0.851478888,0.699991202,0.756754978,0.78018278,0.7961763345,0.8057052,0.8125188875,0.819148941,0.825829193,0.832138311,0.8410010365,0.862198435,0.660911073,0.7405676382,0.76697726,0.785303663,0.7980996088,0.80693107,0.8153034144,0.823441271,0.8316794402,0.8439897132,0.904006607,0.642833119,0.7258035098,0.7550678974,0.7703355372,0.785237194,0.797659639,0.8075282352,0.8171929084,0.8278937198,0.843661682,0.91762686
0.746217467,0.7542004709,0.7653660248,0.7761210182,0.7812625024,0.801106179,0.8102910284,0.8269849471,0.8317023838,0.8386815596,0.851478888,0.693734492,0.7436750872,0.7583513656,0.7686119826,0.7789725162,0.789984723,0.7993052316,0.8065018854,0.8138002862,0.8253928628,0.856700278,0.660911073,0.7089958496,0.7387692214,0.7560718946,0.769281749,0.784647002,0.798499402,0.8074199566,0.817242718,0.8287474804,0.862198435,0.642833119,0.7042176354,0.729442957,0.7528452978,0.767064797,0.786981172,0.8028790568,0.8145324034,0.8250894936,0.8369473654,0.917467498,0.630509389,0.7138771808,0.7426071448,0.7598254922,0.7749734914,0.787178965,0.800280631,0.8115068078,0.8227735592,0.8353979418,0.917467498
0.772322589,0.790130548,0.7943916008,0.7977239186,0.830444163,0.853147195,0.8566446918,0.861767109,0.8689190064,0.8826727096,0.908989209,0.706699138,0.7842245526,0.7939105538,0.8040331454,0.8139074994,0.822644964,0.834242982,0.8532127816,0.873525128,0.8958478024,0.91762686,0.706427208,0.775843767,0.7892118884,0.7999817358,0.8074704092,0.816208857,0.8242401468,0.8329270204,0.8446572814,0.8758266026,0.91762686,0.645409556,0.7592842082,0.784918747,0.7949055072,0.8046917898,0.815195727,0.8232659082,0.83170766,0.8433001142,0.8676533524,0.91762686,0.633702844,0.761865475,0.784801535,0.7953019062,0.8044092264,0.815019435,0.82225151,0.8297944266,0.841139295,0.8629306622,0.961264607
0.798441431,0.8064277858,0.8165974046,0.8215442786,0.822352467,0.831040942,0.8343265286,0.8439646202,0.8468562176,0.8505797512,0.852711178,0.70978862,0.7642817478,0.779383951,0.7937440766,0.8054735256,0.815447473,0.8197148606,0.8254620042,0.8318956074,0.8400189888,0.859692536,0.678603282,0.7642449937,0.7840623942,0.794465728,0.8041972804,0.813496831,0.8197587604,0.8274944095,0.833869801,0.8468108922,0.873366846,0.633702844,0.7659486474,0.7876396362,0.8012257082,0.811109669,0.818871297,0.8269720096,0.8349366608,0.846865091,0.8625786898,0.908539749,0.62342635,0.743326441,0.782152009,0.797252994,0.809455454,0.818197498,0.82771228,0.838988235,0.853190113,0.871675134,0.915700834
0.741471676,0.7586388777,0.7741395328,0.7927966177,0.8095368384,0.8171387945,0.819639445,0.8211816534,0.8222687918,0.8240814921,0.827883089,0.714985066,0.7552058488,0.7716870894,0.7915689406,0.7995134976,0.808114329,0.8155283594,0.8202476392,0.8248196174,0.8312598404,0.873489916,0.633702844,0.7293742184,0.767963725,0.7907336788,0.8014598488,0.808869522,0.8163976314,0.8223829026,0.8293272478,0.8399477576,0.892605118,0.628198359,0.7409122612,0.7804501518,0.7939885014,0.8028052104,0.813183326,0.8198167116,0.8275963402,0.8358808786,0.8534367304,0.913340433,0.62342635,0.7452276165,0.78162815,0.7953138484,0.8078007434,0.816719822,0.8254620042,0.8349140853,0.8484627894,0.8680909078,0.959907222
0.718244309,0.748040462,0.75594979,0.7733076265,0.781666264,0.786552721,0.786978497,0.787469345,0.799894638,0.8024359635,0.807256732,0.710919217,0.7414781475,0.753224874,0.7596971615,0.767940491,0.7787989645,0.787759725,0.798135774,0.808041499,0.822244855,0.853331475,0.642833119,0.7080059211,0.7362794122,0.7530516373,0.762183827,0.775791537,0.7897544328,0.7997449725,0.8099071056,0.8230835093,0.917467498,0.630509389,0.6991562739,0.7260613232,0.745796603,0.7621583666,0.779880478,0.7954732756,0.8066900731,0.817978169,0.8316458561,0.917467498,0.630509389,0.7101580908,0.738400935,0.7565173306,0.7728378796,0.786126065,0.7997003766,0.81039499,0.8213675088,0.833729519,0.917467498
0.751699819,0.7566181225,0.757752883,0.7648247535,0.769697105,0.775164777,0.777364327,0.778592976,0.783349029,0.787165031,0.797122095,0.640367193,0.6956268966,0.7194262668,0.744179533,0.7523709464,0.7630723305,0.7708834794,0.7773035536,0.7858695338,0.7927964649,0.834652881,0.620598306,0.657356391,0.6865765056,0.7072234162,0.7286827678,0.745149201,0.7585848142,0.7696252067,0.7791673376,0.7898810762,0.834652881,0.613078289,0.657525211,0.677047051,0.6969042365,0.713246891,0.7264970925,0.744421664,0.7615626295,0.775692436,0.790146049,0.834652881,0.613078289,0.6654855595,0.688591267,0.7056638235,0.721277951,0.7374209245,0.755042551,0.7695657225,0.784574245,0.8039750345,0.88885425
0.732653517,0.748952524,0.75717514,0.7782601545,0.790087256,0.822237591,0.828484422,0.8320533345,0.839280218,0.84338534,0.847875792,0.684060482,0.7524037825,0.778457563,0.79769392,0.807024125,0.814870238,0.820967719,0.8274531405,0.833194815,0.843045663,0.870507232,0.636123148,0.7552058488,0.7807628494,0.794132943,0.8043290998,0.815627865,0.821729643,0.8285942712,0.8379855788,0.8518772478,0.898029918,0.62342635,0.7307623385,0.7776007514,0.7939377073,0.8055216266,0.816008006,0.822187589,0.8314434272,0.843052143,0.8594276737,0.898191653,0.62342635,0.7430727038,0.782101276,0.7970123682,0.808591157,0.816887904,0.8255180106,0.8351750798,0.8490802998,0.8657374496,0.919479309
0.765002739,0.7739772828,0.7940109002,0.814153605,0.8150653664,0.81563591,0.8184330054,0.8210031286,0.8246454508,0.8348759568,0.84994559,0.669500279,0.701319259,0.710870267,0.7233393585,0.74058856,0.7529044555,0.773425913,0.7912095615,0.821089565,0.840551617,0.910791843,0.669500279,0.7031234466,0.7179966746,0.7285093352,0.7448154256,0.759846207,0.7735151634,0.7885085931,0.8129415782,0.8395342517,0.940028617,0.656362322,0.7042328285,0.719339254,0.7318241595,0.747049406,0.7597019145,0.770973603,0.7862268815,0.811471885,0.836295115,0.940028617,0.629883297,0.692018117,0.7087513128,0.7216248707,0.7375143448,0.751688049,0.765035787,0.7826939303,0.8033200932,0.8305255487,0.940028617
0.736767854,0.7458527835,0.7601073488,0.7798797129,0.7873001112,0.794001545,0.8136880892,0.8174041303,0.8202554538,0.8378396031,0.854654817,0.668469904,0.7089666119,0.7300320914,0.7456666262,0.7636307214,0.7746280985,0.7831966056,0.8030693584,0.8233459056,0.8463689418,0.885994607,0.613078289,0.6741317414,0.7042894574,0.7222337856,0.7368102056,0.7529023395,0.7657193502,0.7798042826,0.7983567174,0.827110707,0.88885425,0.613078289,0.6601704212,0.682077313,0.7018484386,0.7189680518,0.735681858,0.7526587506,0.767806723,0.7848434536,0.8139363242,0.88885425,0.613078289,0.6676022836,0.6873017188,0.7034505866,0.718547033,0.732826998,0.7476309074,0.7629414516,0.7796975608,0.8051898122,0.88885425
0.741368002,0.7443444805,0.7492226164,0.7550533088,0.7566050744,0.7567888585,0.7595195122,0.7712687991,0.7746961598,0.7888318891,0.798603913,0.642833119,0.6757308768,0.7151319672,0.7345263116,0.749176478,0.758396275,0.7669270052,0.7764141166,0.7870185906,0.8005997092,0.869010696,0.630509389,0.6879185096,0.7177718216,0.7364135186,0.7496391824,0.760138239,0.7738572742,0.7863574506,0.79905586,0.8156937026,0.878707237,0.630509389,0.6957516756,0.7183129326,0.7385534494,0.7547232868,0.7654769075,0.7797342792,0.7935359764,0.8067228866,0.8223612294,0.917467498,0.615864204,0.693654346,0.722021265,0.744641791,0.760593355,0.774965461,0.787774307,0.8016716325,0.813454079,0.829633041,0.917467498
0.643909388,0.6578352186,0.6612249402,0.6662325258,0.6852076874,0.696957505,0.7196224408,0.7275782284,0.7331513602,0.7402365834,0.768036,0.643909388,0.6780799204,0.695740501,0.7036660951,0.712247696,0.71912441,0.7285558102,0.7370123747,0.7495424342,0.7644814425,0.842960684,0.643909388,0.689997087,0.702509627,0.712206902,0.720781833,0.731248175,0.744711506,0.759518302,0.775732968,0.800342156,0.877726202,0.643909388,0.6928831819,0.7049940108,0.7140274543,0.7258360328,0.738867513,0.754046603,0.7704711957,0.789046209,0.8187499482,0.89308729,0.643909388,0.6939277444,0.7070792404,0.7185487942,0.7343928776,0.748282686,0.7659085992,0.783342585,0.8038521538,0.8302322284,0.940028617
0.697071654,0.707107057,0.72273096,0.7324132495,0.740490292,0.7626034255,0.772708742,0.7894350905,0.798815137,0.806811601,0.839770615,0.683047669,0.7080937584,0.722663627,0.735437348,0.7465967048,0.759073434,0.7713387322,0.7807189926,0.798094969,0.813537309,0.856754633,0.652479594,0.6935843734,0.7116407964,0.7263613218,0.7390765346,0.7513911455,0.7652627022,0.7798129742,0.7971977704,0.8232525994,0.884351952,0.625524137,0.6834539834,0.7005541566,0.715380258,0.7308962012,0.742456498,0.7547527042,0.7695922724,0.786292067,0.8154356488,0.88885425,0.613078289,0.6723649362,0.6908515162,0.7069606752,0.7219712322,0.736497828,0.7501698874,0.7636662858,0.7818915092,0.809785172,0.88885425
0.747819295,0.7508913242,0.7626447614,0.771727298,0.7767465948,0.781556952,0.7875253044,0.7948034488,0.8081099014,0.812263543,0.82510164,0.615864204,0.676111035,0.6935742,0.709198697,0.724602994,0.748083882,0.761203737,0.774344355,0.784878224,0.807006203,0.831469095,0.615864204,0.6679089885,0.6891964434,0.7051847252,0.7237348532,0.7458230515,0.7608409402,0.777217528,0.7967446926,0.8151933062,0.882396602,0.615864204,0.6762346068,0.6970774984,0.7161707788,0.7335712364,0.7532108315,0.7652881656,0.780625193,0.7967944474,0.8134371149,0.882396602,0.615864204,0.6819660865,0.702594222,0.7205284552,0.7399062098,0.754658886,0.766760446,0.7789215703,0.7931991834,0.8129093961,0.917467498
0.723505194,0.7321077556,0.7377505304,0.742895678,0.75126484,0.765915114,0.7746849536,0.7752049204,0.7933933018,0.824820733,0.860037506,0.640475152,0.684912533,0.704043137,0.7240180922,0.739511742,0.74969966,0.7650037722,0.7780738332,0.809836167,0.8512028038,0.89308729,0.640475152,0.6757598056,0.690853939,0.7059761421,0.7169859222,0.733965176,0.7536544492,0.7756046825,0.8057653552,0.8306598076,0.89308729,0.633595591,0.6760070469,0.6884952828,0.7012455063,0.711217152,0.7260890125,0.7408425388,0.7633313235,0.7905142264,0.8191444372,0.89308729,0.633595591,0.6781460456,0.6904231574,0.7024508498,0.7129584304,0.72681631,0.7423628392,0.7628362134,0.7870435462,0.8150509556,0.89308729
0.68620643,0.7015791622,0.7035319358,0.70724972,0.716215966,0.718299448,0.7202528414,0.7274698078,0.7338051856,0.7648137988,0.790154725,0.659643015,0.6840229851,0.7008174344,0.7062100576,0.7123466506,0.718470328,0.7281872228,0.7406519829,0.7698799292,0.7909407067,0.881095277,0.643909388,0.6867092604,0.7027428358,0.7099884614,0.717981657,0.728989887,0.7400530074,0.7589387788,0.7754774832,0.813554144,0.89308729,0.640475152,0.6827935884,0.6963058956,0.7065968761,0.7163194632,0.7290492155,0.7407330882,0.7578881619,0.7767320076,0.8059850588,0.89308729,0.633595591,0.6818611292,0.6961237584,0.7072147304,0.7177254326,0.730822222,0.7460042986,0.7636201175,0.7870934132,0.8168257608,0.89308729
0.656232412,0.6672597324,0.6781392176,0.6837267128,0.7073970196,0.731651604,0.799086553,0.8050245702,0.8133994638,0.816772765,0.818317682,0.640475152,0.6754693537,0.6937504534,0.7103989837,0.728664508,0.753170848,0.7698035708,0.8024280788,0.8143574848,0.8230300332,0.872867282,0.640475152,0.678000358,0.693967312,0.7173196065,0.736322681,0.75635871,0.77011582,0.7909756925,0.810474873,0.822740076,0.872867282,0.640475152,0.6776962255,0.6923510344,0.706588518,0.7246022432,0.741536974,0.759918316,0.7750758525,0.8015802272,0.8214437562,0.89308729,0.633595591,0.679085011,0.693967312,0.709657864,0.726585888,0.745339033,0.761459424,0.778797596,0.802419858,0.821996743,0.89308729
0.744135512,0.745058136,0.7464684824,0.7536708086,0.758538989,0.759821731,0.7663424782,0.772505023,0.7820907586,0.801014841,0.811046163,0.699015865,0.710249433,0.719124478,0.730120917,0.745186724,0.754184041,0.766165094,0.781311137,0.792879456,0.820657383,0.877726202,0.643909388,0.7011541817,0.7179703298,0.727539871,0.7415599548,0.753864635,0.7674402254,0.785098293,0.802153533,0.8319298903,0.940028617,0.643909388,0.697584306,0.7117044594,0.7237828488,0.7391719826,0.75391255,0.7681597304,0.7860996484,0.8084883804,0.8336757698,0.940028617,0.643909388,0.6965172794,0.710314053,0.721662073,0.7375339272,0.753479714,0.768883094,0.7869290208,0.8083186648,0.8354945902,0.940028617
0.685073091,0.6885884031,0.6904640546,0.6940396456,0.7084268282,0.7289797885,0.7396619016,0.7440770419,0.7474185538,0.7556645434,0.771313235,0.652479594,0.6817616824,0.691357061,0.704643622,0.7125203332,0.722801703,0.73758369,0.7474799848,0.7657464982,0.7900332561,0.843965473,0.629883297,0.6844701476,0.7028200896,0.7142966246,0.7244992336,0.7374957145,0.747900183,0.7603554199,0.7761932316,0.7984284597,0.869631332,0.629883297,0.6844658135,0.7016679972,0.7151566695,0.7279401648,0.740016763,0.7511756908,0.7641883161,0.7818580066,0.8090710583,0.872129012,0.625524137,0.6832450868,0.6992510332,0.7135789956,0.7262907934,0.740490292,0.7532704286,0.766378334,0.7847696312,0.8146873322,0.88885425
0.785833997,0.7963937268,0.7981936586,0.8010879643,0.8030455488,0.8035545725,0.810864113,0.8135279766,0.8233190186,0.8268113506,0.856363974,0.773564189,0.7874512454,0.7977609352,0.803856509,0.8115923826,0.816860963,0.8249556946,0.8301520594,0.8357549118,0.8439360946,0.861659828,0.74740857,0.7841825282,0.7942927496,0.8022535912,0.8076948858,0.815807284,0.8228429962,0.8287876386,0.8361647108,0.8461876776,0.906659713,0.727434024,0.7784076297,0.7884208632,0.797664941,0.8045048858,0.813205945,0.8194823852,0.826387639,0.8347697836,0.8523878184,0.91762686,0.633702844,0.7632872696,0.7795477772,0.7901583739,0.799625843,0.807414982,0.8154725856,0.8231651269,0.832592685,0.8494862043,0.91762686
0.70978862,0.7190373298,0.7445975892,0.7639746179,0.7827385036,0.804365894,0.809425366,0.8118690836,0.826829124,0.8475410794,0.854850317,0.684060482,0.7439319319,0.7757147728,0.7988329989,0.8114238678,0.8250015665,0.8309905492,0.8382920696,0.8442325184,0.858091606,0.898029918,0.62342635,0.728943484,0.771708825,0.792605581,0.8051970882,0.815880853,0.8221213578,0.8303578692,0.840017984,0.852902752,0.898029918,0.62342635,0.7142964099,0.7640785268,0.788513395,0.8011763508,0.813194167,0.821136078,0.8304982258,0.8417999664,0.85804641,0.903464028,0.62342635,0.7430092695,0.78162235,0.797011284,0.808227738,0.8164811,0.824666343,0.8344914925,0.847250169,0.8651191035,0.969406454
0.783461159,0.8060144436,0.8071384194,0.808059983,0.8108905368,0.813880187,0.8189405644,0.8341836874,0.8365682522,0.8420470336,0.849673478,0.727434024,0.7807430709,0.7944851566,0.8027083245,0.8068221272,0.813262749,0.8167445236,0.8229877311,0.8324645484,0.8411695069,0.861659828,0.718244309,0.7673883395,0.7871236502,0.7979316472,0.8037882186,0.8103784375,0.815754965,0.8224198047,0.8295553712,0.8399789906,0.917467498,0.701596305,0.755918489,0.775397949,0.787010925,0.796481443,0.8040272705,0.811862845,0.817445875,0.825524803,0.8354221655,0.917467498,0.63674526,0.7378465494,0.7613843898,0.7761743077,0.7870604564,0.797536446,0.8066567754,0.8162238417,0.8259938646,0.8401091045,0.917467498
0.70881331,0.7192148362,0.7224759132,0.7232912549,0.7280005292,0.735075835,0.7542931904,0.7593831116,0.7613491442,0.7664295672,0.772728567,0.672866191,0.7000564946,0.7109445552,0.7199186869,0.7313765736,0.740192884,0.75199982,0.7626656094,0.7740272686,0.796077588,0.85653242,0.652479594,0.6909201606,0.7036467728,0.7149499012,0.7233415638,0.736497828,0.7477799848,0.760961022,0.7755653066,0.80510489,0.910791843,0.629883297,0.6891163441,0.7047278942,0.7176911186,0.7287186104,0.7439340835,0.7573024114,0.7709475362,0.7894088664,0.8272792388,0.940028617,0.629883297,0.6898497024,0.7062812028,0.7197042105,0.7344641666,0.74867032,0.7621519312,0.7800168794,0.8013546822,0.8302169009,0.940028617
0.648506068,0.6562605522,0.6649559678,0.6824135864,0.691454536,0.700537514,0.7115376164,0.7424366572,0.775166533,0.7980893718,0.812896185,0.615864204,0.66303831,0.6869641428,0.7003414489,0.7146900608,0.736268588,0.7592857052,0.7742224928,0.7886689064,0.8047083603,0.834652881,0.615864204,0.67134102,0.693291832,0.7063359695,0.726234728,0.748507155,0.761178301,0.7716711885,0.782123147,0.797720884,0.834652881,0.615864204,0.676735178,0.698056858,0.714740252,0.730029332,0.746489233,0.761561846,0.774771357,0.785861987,0.804156326,0.882396602,0.613078289,0.6662765802,0.6895492018,0.7076416274,0.7247189588,0.742000354,0.7588875792,0.7729756128,0.7863865266,0.806507968,0.882396602
0.676193171,0.6897549488,0.7003503256,0.7069849021,0.712721883,0.717799719,0.733615451,0.7421835244,0.7440679004,0.7469810124,0.76810575,0.613078289,0.6441978618,0.6579932006,0.6709232924,0.6889614554,0.707218261,0.7223796854,0.7374203362,0.7517412664,0.769060563,0.797122095,0.613078289,0.6503652214,0.6670034964,0.6792183582,0.7008435548,0.719770931,0.73538654,0.7592596946,0.7700209786,0.7846252922,0.88885425,0.613078289,0.6567692903,0.676829944,0.6967715641,0.7163722206,0.7316974765,0.7517737504,0.7671043937,0.77976447,0.7928456892,0.88885425,0.613078289,0.6636274441,0.6837197796,0.7021235706,0.718533359,0.732996673,0.7506858366,0.7640256725,0.7794441904,0.7962067275,0.88885425
0.826396994,0.8329688896,0.8464488908,0.859082204,0.8642355516,0.865706179,0.8697912532,0.8734767512,0.8902417826,0.9049995874,0.906659713,0.765536054,0.7826907399,0.7898120186,0.7976076699,0.8055618298,0.816200348,0.8248200226,0.8299425449,0.8411143504,0.8607028934,0.906659713,0.680557481,0.7788590045,0.789120286,0.7977071075,0.804480393,0.813972338,0.821802779,0.828768887,0.84090587,0.8618104145,0.913340433,0.633702844,0.767980368,0.784550674,0.795052151,0.804278287,0.813810426,0.821314977,0.828025396,0.838979783,0.8581313235,0.91762686,0.628198359,0.7566460024,0.776752487,0.787553025,0.798365288,0.806043126,0.8154711082,0.8227354998,0.8314493668,0.8473611504,0.91762686
0.725748249,0.7482315137,0.7772636364,0.7820065164,0.7925455872,0.8048322765,0.8128456866,0.8162065249,0.820032971,0.8337471743,0.844286919,0.633702844,0.732829806,0.781381431,0.793720051,0.8055545002,0.815065661,0.81957582,0.829327961,0.8423510936,0.8552650744,0.900117305,0.633702844,0.7312352165,0.7745126614,0.7912331784,0.80076533,0.809903468,0.8188554726,0.8248049502,0.8351090978,0.8555152962,0.906659713,0.628198359,0.7356929654,0.7745514172,0.7875766754,0.7975377518,0.805568872,0.8152184832,0.8226845852,0.8314137292,0.8546471552,0.913340433,0.628198359,0.7480119335,0.77747413,0.789770869,0.800349322,0.809903468,0.818761094,0.8261077095,0.834767365,0.853168654,0.91762686
0.633702844,0.6360524203,0.6440451902,0.6542150663,0.6761519688,0.6867160135,0.723498043,0.7671741873,0.8277441158,0.8454167616,0.889824014,0.633702844,0.6794762706,0.7139472568,0.7352722714,0.7634454236,0.789633939,0.8028284694,0.8142475614,0.8227423114,0.8448394568,0.889824014,0.628198359,0.691758349,0.738657281,0.7755815135,0.793968711,0.8048322765,0.814689015,0.8209021515,0.828583764,0.8451296845,0.900117305,0.628198359,0.7307680255,0.768038878,0.7873048094,0.7995937474,0.808466524,0.8180852534,0.8249901137,0.834684151,0.8527066429,0.906659713,0.62342635,0.7458999266,0.7774762164,0.7901681407,0.8004004388,0.809903468,0.8186507234,0.826370618,0.8350551998,0.8544464849,0.913340433
0.770471859,0.8000937597,0.817880743,0.8231056393,0.8348908482,0.8386950595,0.8488854316,0.8626373396,0.8744504112,0.8830646824,0.894820141,0.75845629,0.7919777588,0.8024785218,0.8159696526,0.8231032382,0.832119476,0.8410784956,0.8511243526,0.8634969988,0.8780071814,0.903464028,0.62342635,0.786141591,0.802169825,0.813318635,0.82131866,0.8303370015,0.838988235,0.847546152,0.85790526,0.8721570405,0.919479309,0.62342635,0.7580419626,0.7876116184,0.8006637812,0.81278376,0.821948733,0.8315497048,0.8409396855,0.8520162522,0.8679311041,0.919479309,0.62342635,0.75307248,0.781140565,0.7969726518,0.8095946074,0.819258667,0.8296649904,0.8400793226,0.8522535612,0.8701138854,0.989254485
0.722369978,0.7633998634,0.7897537506,0.8123042856,0.8210913572,0.826519723,0.8274341474,0.8290173906,0.8304627372,0.8326392136,0.835722732,0.722369978,0.7758806668,0.7968961096,0.8028094997,0.8126174002,0.8197117795,0.826630939,0.8330972646,0.8382780016,0.8462111078,0.868104575,0.695886532,0.7617610365,0.780145796,0.793832111,0.802535561,0.812871374,0.824685208,0.8359708375,0.845586188,0.8604862375,0.903464028,0.657722913,0.7716951614,0.7902828592,0.8020823178,0.8134902904,0.823264704,0.8341366094,0.8446150204,0.8573971428,0.877032654,0.924660993,0.62342635,0.774386368,0.794779065,0.807069844,0.818264009,0.827949037,0.839390462,0.851862459,0.865372278,0.885930035,0.990906003
0.690917634,0.7032026887,0.7151931834,0.7238065343,0.7401212824,0.744901814,0.7557287436,0.7688843639,0.7782813814,0.7842366081,0.803203994,0.669500279,0.6913708966,0.7029603202,0.7087567936,0.7183796198,0.725447942,0.73981068,0.7502992217,0.7660972722,0.8071885018,0.916921075,0.669500279,0.6987038905,0.7128261172,0.721747659,0.7365141616,0.749730094,0.7606323088,0.7725845525,0.7949727708,0.8318907463,0.940028617,0.652479594,0.6979291197,0.7147131114,0.7271751902,0.7425021146,0.754093996,0.766335706,0.7851594538,0.8086922642,0.839747024,0.940028617,0.629883297,0.6962358566,0.7143378848,0.7279274179,0.7437893334,0.75687673,0.7719936172,0.787128393,0.8118173808,0.8374470022,0.940028617
0.756947232,0.7616976814,0.7631010992,0.7632771718,0.7678983944,0.776042668,0.7784433584,0.7796791035,0.7831954434,0.7843943228,0.787573678,0.665215607,0.7209153283,0.7305684892,0.7402880328,0.7517412664,0.7630691775,0.7698929856,0.7773631187,0.7827519586,0.7877589183,0.80984556,0.613172593,0.6699223386,0.6957140012,0.7123581029,0.7286859476,0.745694374,0.7625346942,0.7740411906,0.783179709,0.7952160104,0.834652881,0.613078289,0.659362534,0.6768229316,0.6932757024,0.7062188714,0.7240593515,0.740602763,0.7607551031,0.7756300324,0.7914510245,0.834652881,0.613078289,0.6621863974,0.6791730418,0.6971669871,0.7134141482,0.730693494,0.7510909808,0.7662700561,0.7822906436,0.7993400972,0.88885425
0.765822456,0.7717482356,0.7812936744,0.8088069307,0.8223248234,0.8237394265,0.8285740568,0.8329247845,0.8377169934,0.8462007616,0.861051183,0.672137886,0.6917215082,0.7069652468,0.7212415756,0.7382667852,0.763449102,0.7821605592,0.8000109446,0.8237598828,0.8518203648,0.89308729,0.643568647,0.6835328096,0.6982728216,0.7080695764,0.7185176296,0.731248175,0.7435330222,0.7655954142,0.7863986606,0.8175064936,0.89308729,0.640475152,0.6815005406,0.6953390796,0.7060971339,0.717821712,0.729610275,0.7441422664,0.7645838462,0.7884570888,0.8220726238,0.89308729,0.640475152,0.681926324,0.69788044,0.710299454,0.72190584,0.737607746,0.75770192,0.7768783035,0.801284336,0.822038899,0.89308729
0.669777079,0.6761394585,0.705368404,0.7232030515,0.746766351,0.755683804,0.77300624,0.7872092015,0.830648655,0.8411900915,0.855596148,0.643568647,0.689255337,0.705097343,0.7217615415,0.744199762,0.76579755,0.781942499,0.8081392495,0.835741411,0.8583236655,0.89308729,0.640475152,0.6880813601,0.7051210276,0.7223620765,0.7384263156,0.75760978,0.775659662,0.7991031598,0.816949512,0.8346260705,0.89308729,0.640475152,0.6814225492,0.6948473102,0.7072229792,0.7211783276,0.737760582,0.7631056622,0.7873925356,0.8099780796,0.8235075426,0.89308729,0.640475152,0.6808278099,0.696938109,0.7097189885,0.7257219994,0.743853201,0.763618286,0.7858834936,0.808155076,0.8234435446,0.89308729
0.720769999,0.747099265,0.76738159,0.7829616645,0.795090087,0.8032140335,0.809158695,0.8125857585,0.820705746,0.823385847,0.847097091,0.630509389,0.6698837865,0.68874554,0.710478214,0.731876232,0.7463290865,0.771252731,0.788620411,0.812871206,0.832564513,0.882396602,0.615864204,0.6622762041,0.680708637,0.6988281478,0.717340793,0.7418017205,0.7609795834,0.7810215071,0.8067100458,0.8315015274,0.882396602,0.615864204,0.671488664,0.689924207,0.706941394,0.727637427,0.746815519,0.762209062,0.779047961,0.798575547,0.822099387,0.882396602,0.615864204,0.68103349,0.703347198,0.723912714,0.7430849172,0.757132618,0.770431015,0.7841056744,0.7987251072,0.8166850724,0.917467498
0.68747411,0.705525354,0.7186281214,0.7258211567,0.7269474886,0.729486425,0.7433837246,0.7685219673,0.7780240578,0.786351435,0.790675464,0.633907899,0.6632356218,0.6803280992,0.6944674566,0.706922152,0.727493051,0.741594997,0.7632502908,0.7752502776,0.7844249002,0.80984556,0.615864204,0.6655261688,0.6875738622,0.6999067092,0.7147850652,0.73164516,0.751501914,0.7686152988,0.7823488102,0.794713301,0.834652881,0.613172593,0.6715178818,0.6923513516,0.7061081532,0.7259316284,0.742000354,0.7592076902,0.770483545,0.7850459862,0.8024380868,0.882396602,0.613078289,0.6670032672,0.6885292158,0.7060590652,0.7246621252,0.742228667,0.75959464,0.7743274316,0.7875952428,0.8071360832,0.882396602
0.718904411,0.7393647936,0.7518835814,0.7623365913,0.794822721,0.805912687,0.8138876738,0.8202110941,0.8231161588,0.828860055,0.869631332,0.664123589,0.696053757,0.7169787296,0.7336615786,0.7437436544,0.755680765,0.7699819196,0.7850824398,0.7983088892,0.8241545124,0.869631332,0.655027088,0.6910031638,0.7062662522,0.722159435,0.7349198308,0.746230741,0.756464239,0.7709122798,0.7863675114,0.8122790034,0.885994607,0.621564123,0.6838217796,0.6989874806,0.7127962408,0.727025408,0.740490292,0.7544719342,0.769860295,0.786292067,0.81736312,0.88885425,0.613078289,0.678088083,0.6945711682,0.70856857,0.7216761336,0.736105582,0.7488322022,0.761242185,0.7794793808,0.813550811,0.88885425
0.727422729,0.7497923294,0.7564162306,0.7603136002,0.762585691,0.766062798,0.7752493092,0.788194944,0.7901368896,0.7981453596,0.81050779,0.668202185,0.6856167936,0.6982908052,0.7134425616,0.727688774,0.7395512645,0.7556795316,0.7696930729,0.789485396,0.8084076436,0.851737708,0.643909388,0.687749567,0.703705037,0.722179079,0.736523954,0.754248424,0.771713044,0.790095454,0.811046163,0.830817346,0.888408467,0.643909388,0.6936669989,0.7087304172,0.7213407392,0.736526489,0.751746502,0.766540073,0.7868234701,0.8057316168,0.8324144419,0.89308729,0.643568647,0.6926785687,0.7076447828,0.7185618281,0.7347660888,0.751003482,0.7661820716,0.7875505593,0.811462063,0.842998183,0.968603899
0.656374917,0.6994075226,0.7063513128,0.711435136,0.7161657552,0.7245623045,0.730776556,0.7362964757,0.7749402122,0.7937690384,0.799397564,0.628198359,0.662563085,0.6851962198,0.7017752559,0.7293628444,0.7549260065,0.7881446062,0.804645517,0.8157763936,0.8288158222,0.871686527,0.628198359,0.6900236888,0.7330315334,0.7648379099,0.789726206,0.8036703595,0.814381504,0.8225414604,0.8320699792,0.8513910906,0.895959219,0.62342635,0.7204129598,0.7608629806,0.782416146,0.7966744788,0.808855603,0.8168977156,0.8253391144,0.8360477514,0.8554542952,0.910123403,0.62342635,0.7419599005,0.772765549,0.7878535625,0.799617805,0.8088851865,0.817920857,0.825548056,0.836779928,0.8557937915,0.969406454
0.790332828,0.7945176092,0.7999543744,0.8093761637,0.8140906218,0.816938128,0.8205303838,0.8227244388,0.828340076,0.8503889061,0.865372278,0.763709984,0.7901968464,0.8016801046,0.8073339534,0.8150529872,0.82397851,0.8353971394,0.8463994846,0.8578511872,0.8721463472,0.900164453,0.715947314,0.786982779,0.8014280314,0.810349487,0.8199914986,0.833702617,0.8432474234,0.8564625482,0.8713296634,0.889028224,0.933422079,0.695886532,0.7780090324,0.799627654,0.8124299759,0.8238737504,0.8367186035,0.8503403176,0.8669327035,0.8863142234,0.9053212716,0.949007265,0.690809418,0.7774060082,0.7990338196,0.8109954944,0.8241438908,0.837129517,0.8520162522,0.8706014304,0.88906057,0.9073657934,0.990906003
0.738475785,0.7615641748,0.7812394762,0.7901565793,0.8032072314,0.8208339645,0.823033696,0.833222554,0.8430714786,0.8551021655,0.86911549,0.668151274,0.7164237905,0.749814549,0.773311537,0.788655247,0.802053516,0.811589279,0.818118123,0.823779097,0.8377007125,0.880314986,0.643568647,0.6906350915,0.7252543442,0.7560194622,0.7736612896,0.7901978445,0.8059238076,0.8140685535,0.8211912708,0.8360600949,0.880314986,0.640475152,0.6894050109,0.716168506,0.7384180707,0.7591050342,0.777904255,0.7970567632,0.8108864136,0.8198507454,0.8359188991,0.89308729,0.640475152,0.6869028817,0.7053526336,0.7250369137,0.7445370522,0.763210265,0.7790055226,0.7996706238,0.8137240742,0.8278128591,0.89308729
0.677665411,0.6823011632,0.6971869114,0.737275207,0.788103759,0.80942302,0.8305738754,0.8390983079,0.8477011344,0.8594448354,0.870564275,0.62342635,0.6952987336,0.736420071,0.765358555,0.7955734864,0.809564327,0.8242718708,0.8365188858,0.84797364,0.8613838564,0.898029918,0.62342635,0.699852184,0.737123361,0.7739575575,0.799862266,0.813630726,0.826380178,0.8355607075,0.846265746,0.8613142395,0.969406454,0.62342635,0.713201821,0.760684802,0.790692449,0.804584397,0.817285204,0.828321212,0.839931319,0.855657558,0.878939133,0.989254485,0.62342635,0.7353151382,0.7752124684,0.79500788,0.8085532184,0.817987719,0.825851965,0.8360477514,0.8500194392,0.870273889,0.989254485
0.640331072,0.677981815,0.710777344,0.768030623,0.80219915,0.818370676,0.846265746,0.8500055455,0.871944617,0.8753482265,0.898191653,0.62342635,0.7090678696,0.7812720082,0.816738292,0.8293421158,0.8390744985,0.847229043,0.8560969946,0.8689872562,0.8848336351,0.919479309,0.62342635,0.7365739375,0.787620229,0.808349629,0.821648515,0.833079154,0.841526874,0.852809856,0.86595398,0.8816856695,0.969406454,0.62342635,0.735183827,0.778062746,0.798545647,0.81170621,0.822540402,0.832857639,0.842514762,0.855972138,0.873155107,0.989254485,0.62342635,0.7347976835,0.7744388312,0.7933921302,0.8054735256,0.8166195345,0.826591243,0.8367555089,0.8487359042,0.8685710657,0.989254485
0.711560646,0.7499529372,0.7588075444,0.769168396,0.7763061288,0.786172117,0.8090860294,0.814808935,0.8178431116,0.8221418064,0.827281645,0.63674526,0.723781428,0.743096608,0.751547422,0.761780912,0.779912432,0.789742443,0.801421413,0.814422723,0.827235817,0.878707237,0.630509389,0.7308562115,0.7460936652,0.760225932,0.7747379184,0.785444185,0.7971001148,0.8118488129,0.828493708,0.8440152227,0.917467498,0.630509389,0.7061622008,0.7338929836,0.7524389911,0.7640725864,0.7786806875,0.7885083668,0.8015040557,0.8140197872,0.8344433194,0.917467498,0.615864204,0.688678362,0.718720332,0.7415909615,0.757933025,0.774279534,0.786844783,0.7988967575,0.811494557,0.8271859655,0.917467498
0.778258789,0.7858601194,0.7915055584,0.7936330619,0.796253189,0.8037359465,0.811894192,0.8170629423,0.8256677028,0.8408867214,0.867961516,0.681886874,0.7166898653,0.741569651,0.7537436231,0.7690007736,0.7881352915,0.800395864,0.818370384,0.8279813298,0.8508352277,0.888408467,0.67466951,0.7179435394,0.735824035,0.7503638082,0.7644194552,0.782072522,0.7972524888,0.8139969228,0.8324531764,0.8607263236,0.940028617,0.643909388,0.6961597616,0.7158678464,0.7348713883,0.7494227594,0.7652406155,0.7851885356,0.8020600538,0.8219987484,0.8486809611,0.940028617,0.643909388,0.6963551046,0.7124201952,0.7268474352,0.7424332036,0.75770192,0.773895034,0.7929686228,0.8156294346,0.843028862,1.006352747
0.77385106,0.7841166106,0.7886042548,0.794126103,0.7955174266,0.7986447325,0.8099012728,0.8128472444,0.820387579,0.8377852743,0.846666201,0.725454594,0.7754593406,0.7852731222,0.7928417152,0.7977775296,0.803775264,0.8095052836,0.813830206,0.817370936,0.825408377,0.85752308,0.701596305,0.7456514876,0.7691079172,0.7811636984,0.790035466,0.79699295,0.8057314736,0.8135308416,0.8202333138,0.8336825568,0.917467498,0.698345345,0.744065266,0.763017685,0.775085935,0.784124619,0.792322078,0.799665307,0.80754027,0.817008468,0.830502729,0.917467498,0.63674526,0.7445689562,0.7621896564,0.7747736489,0.7841304694,0.7933710145,0.8025553238,0.8103723948,0.8205153868,0.8331724439,0.917467498
0.783787778,0.7918299972,0.8016193948,0.8044445816,0.8057147572,0.8092175035,0.815566505,0.817776928,0.8260332012,0.8303998005,0.837828878,0.763463405,0.7761195596,0.782704671,0.7862528126,0.7937801584,0.7981595525,0.804164581,0.8099938557,0.8175134636,0.8247291635,0.84418463,0.746698635,0.767237698,0.775673208,0.781400251,0.787065401,0.7950230915,0.801080571,0.8074212315,0.816959756,0.8275995425,0.85752308,0.701596305,0.7618048,0.774042381,0.782478771,0.791136211,0.798571749,0.806757567,0.815466676,0.824824329,0.840393854,0.917467498,0.675169029,0.7527202355,0.769848819,0.781270571,0.789848139,0.798790398,0.80824655,0.8168115415,0.825894843,0.8412522,0.917467498
0.755269057,0.7622048161,0.7660168352,0.7680370292,0.7731554268,0.7747288335,0.7828345746,0.7881910249,0.7887431244,0.8054862347,0.833527555,0.74740857,0.7671236112,0.775018641,0.7841917167,0.7887810372,0.798355934,0.8100486638,0.8202363718,0.8293163912,0.8498741387,0.874940152,0.675169029,0.765534724,0.774396394,0.7822598875,0.790095274,0.7991616755,0.808855603,0.819127468,0.82680256,0.846539367,0.906659713,0.633702844,0.7598869115,0.7725153082,0.7824798399,0.789719619,0.799135818,0.8081992012,0.8165157142,0.8245760764,0.8379204998,0.906659713,0.628198359,0.755130923,0.773137452,0.783979547,0.793739701,0.8028100515,0.812494772,0.8206154765,0.830483827,0.8479458325,0.913340433
0.659382688,0.6654944118,0.6687157722,0.6710077176,0.6846594048,0.689022442,0.7074319256,0.7144306576,0.718458955,0.7197077442,0.726534679,0.621564123,0.6610947843,0.6778996522,0.6918488302,0.7004747368,0.7119127475,0.7275133582,0.7404503227,0.7638673242,0.7892805748,0.860003386,0.621564123,0.6656796138,0.6808225052,0.6958098008,0.7069192044,0.718307317,0.7307153784,0.7497754222,0.763917492,0.7868793942,0.88885425,0.613078289,0.6671256112,0.6853967066,0.6971029956,0.7111358394,0.726238698,0.7374852106,0.7539898162,0.7705518798,0.7984549308,0.88885425,0.613078289,0.6712514096,0.6913027968,0.7072583656,0.720890091,0.733283897,0.7461948466,0.7594389008,0.7754673884,0.8007851192,0.88885425
0.723781428,0.7298129309,0.7406818404,0.7491886006,0.7545849746,0.7640179965,0.7868213072,0.7942776946,0.7987181844,0.805083785,0.814054483,0.701596305,0.72584616,0.7448244696,0.7582371007,0.7733108586,0.785444185,0.7944716532,0.8038405536,0.8161148378,0.8333098016,0.917467498,0.65176581,0.735199265,0.749630744,0.7626275615,0.776285464,0.786468062,0.795500734,0.8068826895,0.815837185,0.835689255,0.917467498,0.630509389,0.7324715889,0.7523468536,0.7671727461,0.7806142714,0.790031474,0.799761033,0.8090451595,0.819246866,0.8359890983,0.917467498,0.630509389,0.7243455284,0.7466416328,0.7611552593,0.7762901044,0.7859748115,0.796581543,0.8074083492,0.8173503956,0.8337833064,0.917467498
0.709491466,0.7882939322,0.8020789998,0.8124296054,0.8194723718,0.834936732,0.839911165,0.8407120111,0.8451853892,0.851269094,0.860337602,0.695886532,0.7626396048,0.7848496394,0.7971641527,0.8079289442,0.8210399215,0.8306031022,0.8406068418,0.84727492,0.8635146312,0.914054708,0.657722913,0.7690212335,0.789994146,0.801326274,0.810449947,0.819357045,0.827775614,0.83746978,0.846800935,0.8606536105,0.925551246,0.657722913,0.7737388815,0.795180341,0.804493651,0.813841648,0.8243355865,0.834174913,0.8440322565,0.856724299,0.8738468495,0.976788674,0.640331072,0.7765311873,0.7966250874,0.8072651691,0.8179562286,0.8274147675,0.8386257712,0.8504869032,0.8648832636,0.8842193558,0.976788674
0.684688789,0.7003297794,0.722914525,0.734541907,0.7537654454,0.759584188,0.7635293036,0.7675227256,0.7790495938,0.7935094162,0.795952871,0.635862975,0.6668584439,0.6844386162,0.6952732474,0.7073482026,0.7193004345,0.7292067352,0.7391993119,0.7565875066,0.7813393925,0.801145371,0.613078289,0.6573309935,0.6715976248,0.6881950055,0.7066153592,0.7238436305,0.736842113,0.7562400386,0.7703160742,0.7909267004,0.862370156,0.613078289,0.664477878,0.680484578,0.6986982555,0.713246891,0.728791639,0.743832058,0.762663716,0.776631814,0.794597368,0.88885425,0.613078289,0.6670972608,0.6871971486,0.7017290904,0.7180253712,0.730672105,0.7460972246,0.7621054908,0.7755996044,0.793025863,0.88885425
0.766854077,0.7767378141,0.7944510474,0.7946742489,0.7963346816,0.7995250015,0.8042947476,0.807023753,0.8074935904,0.8088745428,0.813814535,0.659615675,0.706614285,0.733188869,0.7520904635,0.7620869964,0.771363531,0.7823034862,0.7916607481,0.8008596536,0.8075728985,0.825391559,0.645349765,0.686787964,0.705457389,0.724254354,0.735791297,0.7499556725,0.763228786,0.7763418715,0.787573678,0.801051598,0.825391559,0.613078289,0.666759466,0.6861534384,0.7022450222,0.7225994108,0.737040337,0.7523242818,0.766743842,0.7824586896,0.7956447372,0.862370156,0.613078289,0.664785363,0.682175896,0.69926948,0.714064266,0.7299392945,0.747011942,0.7638710345,0.77936135,0.798287735,0.88885425
0.700015816,0.7100604865,0.7420006148,0.7489537036,0.753487316,0.7543489775,0.7605554958,0.7646859161,0.7686917704,0.7931600407,0.807318473,0.642532842,0.685869953,0.694747276,0.701834718,0.715312431,0.7291056205,0.73712043,0.74861047,0.759190477,0.7763703985,0.844792725,0.642532842,0.6896046606,0.7019471144,0.7178084412,0.7301928558,0.738972992,0.7538474836,0.76425483,0.7819967852,0.8154701496,0.870771414,0.621564123,0.6877680204,0.700532624,0.7135437854,0.725903666,0.736878154,0.7493797328,0.7623751692,0.780275398,0.8101390314,0.885994607,0.621564123,0.683047669,0.698639683,0.71208314,0.725755816,0.73712043,0.749173817,0.762478441,0.780328023,0.809689811,0.88885425
0.657722913,0.6910782555,0.6999987706,0.7364655788,0.7797635086,0.808989122,0.8516534442,0.8694128234,0.8785987338,0.8852981404,0.89005185,0.657722913,0.7184110903,0.779960368,0.8104449376,0.8272168194,0.836823148,0.8525928524,0.8635681679,0.8725265926,0.8858066486,0.919479309,0.624181579,0.73667095,0.7904894196,0.8104547565,0.8221838346,0.832887493,0.841095063,0.8515224059,0.8663844254,0.883105089,0.989254485,0.62342635,0.7584520068,0.7881331036,0.8013037236,0.8127112186,0.823915435,0.8339076402,0.8442365276,0.8568777536,0.8780178661,0.989254485,0.62342635,0.7612257878,0.7881466234,0.8005790005,0.8104747584,0.8209487145,0.8305323578,0.8417590857,0.8556510028,0.8762293496,0.989254485
0.797781055,0.8335275828,0.8368041316,0.840301322,0.8411743766,0.8474739075,0.8557305136,0.8580191624,0.8688344308,0.8797150023,0.907770179,0.624181579,0.7152895012,0.7924628308,0.8144283882,0.8270538376,0.8408223565,0.8531484252,0.8675788223,0.8776654238,0.8977073516,0.989254485,0.62342635,0.7361156166,0.7786441192,0.8034890826,0.819290416,0.832119476,0.8415777488,0.8538454504,0.8696968026,0.8893287522,0.989254485,0.62342635,0.740678354,0.7767900914,0.7963233768,0.8100105902,0.82227049,0.8332110042,0.8431796352,0.8567363718,0.8775617134,0.989254485,0.62342635,0.7412740257,0.7784919006,0.7963047672,0.8075883622,0.8174376945,0.8283354848,0.8397356974,0.852711346,0.8727274587,0.989254485
0.69033469,0.6927605227,0.697768401,0.7078173421,0.724462902,0.729200077,0.7306122408,0.7341895385,0.740832889,0.7531276743,0.776108774,0.629297494,0.6708108026,0.6848783652,0.6950349076,0.704149509,0.712778104,0.7213683948,0.7277398768,0.7434654156,0.7635646242,0.81564858,0.621564123,0.6706858884,0.685525466,0.695458108,0.7052618036,0.71619284,0.7272789796,0.737960756,0.7533299722,0.7726469414,0.862370156,0.613078289,0.6670830077,0.6858501852,0.6988159094,0.712389431,0.7253052045,0.7359761954,0.7474599065,0.7610439906,0.7847051777,0.88885425,0.613078289,0.6700190726,0.6901270332,0.705406206,0.718267083,0.73004814,0.7413282758,0.7544348495,0.770563393,0.7954353351,0.88885425
0.719051645,0.7443538201,0.7739979218,0.7927089294,0.8018420768,0.82563727,0.834004124,0.8436054066,0.8523689844,0.863556496,0.866758492,0.656329628,0.7132967847,0.7408198024,0.7551743603,0.7805265984,0.8018792045,0.8178739932,0.8274657421,0.848731825,0.8655377689,0.888408467,0.656329628,0.7189197538,0.7422790258,0.7564261482,0.7778231468,0.794240579,0.808954547,0.8237162744,0.8382798506,0.8606473362,0.940028617,0.656329628,0.709271951,0.72767022,0.7458474906,0.7605557022,0.779185555,0.7939316276,0.8124906844,0.830801319,0.8580234378,1.006352747,0.654637915,0.6970620075,0.7138220416,0.7298100899,0.7459755438,0.760127637,0.7779803836,0.7970669823,0.8170141818,0.8453226875,1.006352747
0.719688606,0.7502325526,0.7596737146,0.7642457984,0.7647593586,0.767420474,0.7754824534,0.7991134004,0.8009552416,0.8194799744,0.834902548,0.678493649,0.7056142855,0.735334264,0.7507075775,0.761434636,0.77610822,0.788212923,0.807550157,0.825970687,0.8413863675,0.883325772,0.663079675,0.6999891814,0.7146693378,0.7267674384,0.7418969714,0.75412193,0.7656743554,0.7835615158,0.8015794806,0.827170313,0.883325772,0.662351805,0.7007838354,0.7151869456,0.7296952456,0.7404535516,0.751882069,0.7631867532,0.780057559,0.7986605596,0.8276146336,0.940028617,0.642532842,0.697911865,0.714606073,0.727496621,0.740428061,0.752258126,0.76355488,0.779834772,0.79762228,0.826597884,0.940028617
0.760147858,0.7609602709,0.7758695308,0.7938483159,0.7956241652,0.800963711,0.8085514424,0.8194048934,0.8416008708,0.8551540592,0.86780414,0.661821222,0.719981142,0.7601000304,0.7768713292,0.7921717276,0.801589019,0.813406591,0.8273258214,0.8454322966,0.880989235,0.931636826,0.62342635,0.716568084,0.760239892,0.785575224,0.801326167,0.8106080095,0.822587164,0.8347326775,0.851216417,0.8813057115,0.989254485,0.62342635,0.7166515662,0.7626051922,0.7928046866,0.805368023,0.815925531,0.8232360306,0.8359743774,0.8516352778,0.8739148502,0.989254485,0.62342635,0.7356865798,0.7669460456,0.7883206458,0.8031068354,0.815925531,0.8255094608,0.837019519,0.8519701806,0.8719379594,0.989254485
0.74243014,0.7863395524,0.7927636392,0.7996478022,0.8051727366,0.814812096,0.8325322458,0.8367036314,0.8425075646,0.857086171,0.862908809,0.655198012,0.7372994097,0.7565818668,0.7707097328,0.7829335534,0.792768283,0.804279332,0.8135893362,0.8252591064,0.8447240267,0.888408467,0.655198012,0.6952607586,0.714579316,0.7397496184,0.7597359976,0.778901063,0.7963879088,0.8131678292,0.8276949384,0.8526596602,0.968603899,0.655198012,0.6976617002,0.7115361788,0.7257357737,0.7421550282,0.7594130295,0.778910271,0.8003622965,0.8229714304,0.8486951801,1.006352747,0.642495905,0.6902001611,0.7063732278,0.7186513885,0.7350856624,0.7513982445,0.770246878,0.7923545435,0.815835279,0.8449657398,1.006352747
0.674960952,0.687262539,0.6957033386,0.6982639688,0.7014423352,0.702215741,0.7032533902,0.7075496374,0.7129884532,0.7166940992,0.718572175,0.655198012,0.6800137204,0.6893444666,0.699490876,0.7079183232,0.715845685,0.721210379,0.7365244616,0.754845136,0.7716916612,0.825446046,0.642495905,0.6805025335,0.691506257,0.7027748805,0.71112179,0.7212140585,0.736121756,0.7568349405,0.777325996,0.8063553655,0.862908809,0.642495905,0.685746606,0.700019648,0.712905645,0.724532259,0.74047624,0.760012264,0.778901063,0.800921682,0.822875625,0.89308729,0.642495905,0.6889531315,0.7053526336,0.7184997467,0.7351154146,0.7543688935,0.7746152578,0.796517985,0.8134699212,0.8359340518,1.006352747
0.655999207,0.6646286245,0.6663923022,0.6712353515,0.6785278332,0.696735685,0.7081344832,0.7110551554,0.715077219,0.742158221,0.766822882,0.646359504,0.6670924394,0.6776704398,0.6903954072,0.7042073546,0.716669638,0.7302338978,0.7411449254,0.7544942694,0.7719540876,0.862370156,0.621564123,0.6660221305,0.680484578,0.6941409545,0.709556388,0.7238436305,0.734605508,0.748084423,0.762797875,0.785038337,0.862370156,0.613078289,0.6655883006,0.6868764586,0.7008930308,0.7158706636,0.726709632,0.740708747,0.7565751398,0.7735438248,0.7950713956,0.88885425,0.613078289,0.6684876926,0.6881372186,0.7022568858,0.7163946848,0.728659403,0.742463143,0.7587778052,0.7728261326,0.7923389874,0.88885425
0.738689834,0.7495174716,0.7626530164,0.7658341396,0.773435574,0.776425765,0.77782193,0.7855527048,0.802138803,0.8140999654,0.828304939,0.662351805,0.7051633364,0.7316119244,0.740908801,0.7537427794,0.764331496,0.7820459716,0.8033548024,0.8259884886,0.8392331878,0.883325772,0.642532842,0.694398401,0.7086879732,0.7244128024,0.7388781708,0.752971102,0.7626214942,0.777416106,0.7964309604,0.8251599806,0.883325772,0.642532842,0.6952700458,0.7100608948,0.7242508084,0.736193758,0.747172126,0.758741476,0.7707467006,0.7867797524,0.8157762424,0.883325772,0.642532842,0.6942078663,0.709590821,0.7219979004,0.7332497132,0.743806305,0.753712972,0.7647518227,0.7816779064,0.8073513662,0.883325772
0.663079675,0.6807212025,0.6859308044,0.6931278502,0.7043005684,0.718592324,0.7370178162,0.7502373197,0.7588991268,0.7844862385,0.788212923,0.663079675,0.709534508,0.730508778,0.748171869,0.760695211,0.770086883,0.784941672,0.798683626,0.812696858,0.834902548,0.861671556,0.663079675,0.7033765134,0.7204854024,0.7355677226,0.7499445318,0.761483246,0.7770075176,0.789749751,0.811874976,0.8332485734,0.907322279,0.656329628,0.7030336106,0.717866995,0.7346281978,0.7474152468,0.759492491,0.7749527246,0.7891717066,0.812345062,0.8400881946,0.940028617,0.654637915,0.7008108132,0.71776358,0.7328177052,0.7467628008,0.759328937,0.7733977462,0.7908779958,0.814601936,0.8418693544,1.006352747
0.691055375,0.7026046807,0.7166167896,0.7363549312,0.7400506408,0.7471705885,0.7512712138,0.753432804,0.7604233674,0.7669677725,0.771830802,0.645349765,0.6790938552,0.6961176738,0.7064784362,0.7325567384,0.748620093,0.7672343432,0.7875066032,0.7983334908,0.8071646276,0.825391559,0.631914221,0.6735241936,0.6905377646,0.706111609,0.7318928346,0.751960991,0.7674310196,0.7826450636,0.7944510474,0.8070477264,0.832620314,0.631914221,0.6772799163,0.7011145614,0.7201655626,0.734809545,0.7512247245,0.7639222886,0.7782489718,0.7913178592,0.8070456837,0.882396602,0.615864204,0.6773377982,0.701879296,0.7238759754,0.7403767456,0.756947232,0.7706010856,0.7849808664,0.7984006176,0.814735242,0.897874671
0.671372281,0.6726505396,0.6749515592,0.6791169572,0.6854623536,0.695050977,0.7091489352,0.7210698232,0.726595717,0.735679719,0.753708809,0.631914221,0.665920636,0.6761688736,0.6868623188,0.7013653728,0.715359806,0.731811791,0.7540941402,0.7767917794,0.8340773824,0.867724187,0.631914221,0.6777794686,0.6970521438,0.7153019513,0.7331175798,0.7535111535,0.7706544616,0.7876532328,0.8087248412,0.8334633401,0.882396602,0.627818585,0.6773750945,0.702230803,0.7298661135,0.749815324,0.769062485,0.785596392,0.8013215335,0.815622006,0.833780483,0.912650537,0.615864204,0.687481541,0.717248816,0.741354678,0.760688596,0.777239363,0.788218012,0.800064518,0.811614377,0.831481957,0.912650537
0.716289857,0.7220653384,0.731608116,0.7387818498,0.7457568662,0.746698635,0.7483980514,0.7554114074,0.7631143832,0.770384918,0.793457651,0.698345345,0.7304112178,0.7476070428,0.7644148108,0.7749866346,0.780659125,0.7865921068,0.7931608748,0.7978757196,0.8116862626,0.875800068,0.698345345,0.7372840755,0.748556273,0.7633392155,0.774042381,0.781681553,0.787290648,0.7961300185,0.806757567,0.8169910365,0.875800068,0.698345345,0.7385972965,0.754510074,0.76931787,0.779480515,0.7873955125,0.79665401,0.8066920585,0.815807284,0.829764287,0.917467498,0.698345345,0.741950639,0.7565476722,0.7693897614,0.780629866,0.789555858,0.7987660006,0.8083501522,0.8194571192,0.8355239952,0.917467498
0.762432152,0.7719568578,0.7906324914,0.8051126778,0.826976929,0.832589012,0.8358985288,0.837855238,0.8433713008,0.846540898,0.847743947,0.715517587,0.7472098172,0.7563268616,0.7678463505,0.7771260998,0.7879262465,0.8051289984,0.819588511,0.8354426706,0.842821484,0.874637745,0.637638733,0.7112877504,0.7423136918,0.7563848898,0.7734664968,0.784620273,0.7955294918,0.8082314556,0.8228791874,0.8407036378,0.912650537,0.630509389,0.6970141119,0.7277753154,0.7474348857,0.7647943256,0.7824900885,0.7953367662,0.8082186326,0.8219179206,0.8408016649,0.912650537,0.615864204,0.691244012,0.7268401668,0.7467536502,0.7640823156,0.781329814,0.79267025,0.8052831865,0.8158436108,0.8349187992,0.917467498
0.753578756,0.7610852096,0.763016322,0.7651898934,0.7698254942,0.781241782,0.7822827966,0.7841901274,0.7874146708,0.7948863964,0.798377477,0.728743393,0.759003117,0.7642346384,0.7705292766,0.7756618798,0.778843056,0.7817868964,0.786330245,0.7934290302,0.802181657,0.836855859,0.708446544,0.7514334168,0.7637166934,0.772171939,0.7789879056,0.784424528,0.7937641104,0.8026780056,0.813883718,0.8246800384,0.883891747,0.698345345,0.7466838711,0.7625141946,0.7703766738,0.7791891428,0.7857287625,0.7949066642,0.8040074868,0.8156794092,0.8301777081,0.883891747,0.631553922,0.7430614198,0.7608650186,0.7728292578,0.7826949586,0.791721059,0.801449909,0.8116561612,0.821458124,0.8359743774,0.917467498
0.738585383,0.74877861,0.751630181,0.7653177995,0.766375278,0.7698272985,0.772432839,0.789044607,0.796497698,0.804267171,0.816279401,0.738585383,0.758273161,0.764124353,0.7691982635,0.777392202,0.7835968095,0.790095274,0.8016032115,0.81165484,0.8215162415,0.849853341,0.738585383,0.76198833,0.7698497654,0.7774880604,0.7842060116,0.793168902,0.8022392134,0.8119023254,0.8206409684,0.8318753572,0.882982845,0.634634068,0.758908211,0.768591278,0.779024118,0.785514616,0.794853271,0.804555134,0.816094577,0.825306928,0.845114645,0.910123403,0.628198359,0.7466838711,0.765534458,0.7766250423,0.7854618232,0.795315521,0.8056668722,0.8174327532,0.828945822,0.8470955685,0.910123403
0.744106621,0.7514847827,0.767276036,0.7738524036,0.7757914488,0.7861337105,0.8037894074,0.8076781209,0.8140390674,0.8292055533,0.838853289,0.708322764,0.7412508057,0.756634258,0.7713577255,0.7797103928,0.788161563,0.7973728756,0.8071341028,0.8163522036,0.8365247211,0.875800068,0.698345345,0.731137213,0.749307365,0.7651972685,0.776896473,0.7876519725,0.798957333,0.8092674205,0.819479684,0.8365138965,0.912650537,0.698345345,0.737225511,0.751972962,0.7659532995,0.778741358,0.78722714,0.796229745,0.808755587,0.820463518,0.839162938,0.917467498,0.630509389,0.7291501138,0.7465743024,0.7612214334,0.7765260302,0.786598766,0.7966711044,0.8074691374,0.8175591334,0.8338921602,0.917467498
0.800455187,0.822672821,0.8253699352,0.8414495583,0.8466584872,0.856688814,0.86812672,0.8730762953,0.8912255346,0.9109095062,0.925551246,0.709491466,0.7806128835,0.7991129244,0.8086957824,0.822353824,0.8281358265,0.839852336,0.8501766768,0.8621296462,0.8815724705,0.9300107,0.690809418,0.7729044558,0.7933900524,0.8065275548,0.8161165476,0.82573859,0.8364449732,0.8476963536,0.8617838994,0.8779962118,0.9300107,0.657722913,0.7809801582,0.7989287756,0.807868671,0.8169375846,0.82573859,0.836518758,0.8474508796,0.863236888,0.886920192,0.976788674,0.640331072,0.7759339954,0.7967055626,0.8069687994,0.8174221366,0.827125684,0.8397319716,0.8526982784,0.8659320508,0.8864547366,0.989254485
0.833548836,0.8350191301,0.8400067204,0.8441603895,0.8513614804,0.8583254445,0.8605328342,0.8671837472,0.8681362904,0.8685358157,0.882240302,0.759741722,0.7989824614,0.8049899008,0.8174624074,0.8252181714,0.834433987,0.8436393062,0.853169336,0.8620599976,0.8751104994,0.925551246,0.715947314,0.786010265,0.800733374,0.8077135872,0.8159872062,0.824383516,0.8326323092,0.847490648,0.8599936226,0.8768984524,0.9300107,0.690342688,0.7836223593,0.7982302186,0.8070866656,0.8165047836,0.825194843,0.838575828,0.8501264929,0.8636040852,0.8870262361,0.9300107,0.657722913,0.7782447797,0.7967162602,0.8075265629,0.8191242742,0.8299952085,0.8440870532,0.8573745444,0.8714875694,0.8926383146,0.976788674
0.753158711,0.8036271826,0.8098815778,0.8183347372,0.8238825192,0.824229492,0.8261918738,0.8283905518,0.8340434332,0.8405219932,0.873326018,0.684552884,0.7133906893,0.7533513374,0.7639011495,0.7864839974,0.803025809,0.8103538886,0.8263666208,0.845281958,0.8643727932,1.006352747,0.656329628,0.704643543,0.7172885348,0.7366900873,0.7564560076,0.7783479215,0.80096087,0.8166470937,0.8341803048,0.8618927171,1.006352747,0.655198012,0.696915644,0.709439034,0.721036387,0.737156274,0.756041486,0.77779478,0.800409291,0.822081055,0.851082712,1.006352747,0.642495905,0.6916477145,0.7069363838,0.7209622047,0.7371777348,0.7543479055,0.7732300202,0.7947374556,0.816785929,0.8420160372,1.006352747
0.702536996,0.7110209285,0.7129091764,0.715902453,0.718753452,0.721112277,0.7219573236,0.7232096936,0.7343416812,0.7480099741,0.755932045,0.646680261,0.6794175075,0.695413972,0.703833761,0.7088568282,0.715635687,0.7206057832,0.7280927599,0.7397496184,0.7585810502,0.811177344,0.642495905,0.6809615655,0.6957172224,0.7028888579,0.7109225596,0.7184549755,0.7287780556,0.7436950676,0.7596118692,0.7848575749,0.846292105,0.642495905,0.6852948876,0.699362997,0.7090252584,0.7203428628,0.735791763,0.7541404832,0.7717450434,0.796551429,0.8215795756,0.897769189,0.642495905,0.6899651395,0.706924491,0.7214335945,0.738803359,0.757511148,0.77836547,0.7988530865,0.815166777,0.83738572,1.006352747
0.810926463,0.826067077,0.868411346,0.875011418,0.880288585,0.8809305865,0.881417483,0.8854264375,0.896810001,0.8986753385,0.910123403,0.737123361,0.7966970175,0.805237717,0.814647194,0.821851665,0.828957162,0.84034882,0.852166023,0.868411346,0.8854264375,0.910123403,0.700373237,0.7729502149,0.7878478562,0.7994711557,0.8101234592,0.8181174265,0.8278927908,0.8398725739,0.855769814,0.8775935737,0.969406454,0.628198359,0.7412740257,0.7653665108,0.7839808726,0.7979436516,0.8102558255,0.8208712754,0.8305098098,0.847087748,0.8679617708,0.989254485,0.62342635,0.7451061842,0.7671005258,0.7846433574,0.7970703522,0.808894468,0.8195969554,0.8296294468,0.8433076212,0.8624410114,0.989254485
0.690518214,0.7234460664,0.7283037928,0.738504526,0.7458802836,0.749173817,0.7505690512,0.7512868204,0.7539721678,0.765129755,0.767782748,0.64424702,0.6894761391,0.6968283882,0.710737733,0.7161139098,0.7235707635,0.7272034894,0.7327914209,0.7432682184,0.7528065272,0.778890189,0.64010899,0.6753578792,0.6899589496,0.7006563044,0.712490713,0.7226937335,0.7285042508,0.7385692941,0.7483157968,0.7602051036,0.862370156,0.621564123,0.6714341944,0.6881281426,0.699871728,0.7100404208,0.719653284,0.7279823808,0.739429683,0.7511966376,0.765775251,0.862370156,0.621564123,0.675153497,0.692097328,0.706269122,0.717315427,0.727724503,0.739013385,0.751210966,0.763207276,0.783009448,0.88885425
0.689667557,0.7084324475,0.7347608112,0.7661108351,0.7729659986,0.7813251525,0.7920849016,0.7968557273,0.7996269504,0.8024493809,0.811406356,0.645719927,0.7029329663,0.7350822092,0.7541333144,0.7635901752,0.771987682,0.7802345148,0.7909751494,0.797282715,0.8070586569,0.827635588,0.629344432,0.7020820532,0.7257281048,0.7408763846,0.7536146384,0.764127078,0.7768239018,0.7861628864,0.7960216252,0.8071360832,0.832620314,0.629344432,0.6876587524,0.7075065288,0.72791408,0.742960843,0.757907754,0.7716021848,0.7850984104,0.7959501758,0.8076593668,0.864954389,0.629344432,0.6773875731,0.6971964846,0.7142249208,0.7307637772,0.748058537,0.7663675418,0.7827570917,0.795540715,0.8091594718,0.897874671
0.78302297,0.788880375,0.8156501586,0.8256123372,0.8397312564,0.850163148,0.8639909494,0.8706024818,0.8727143726,0.875329477,0.878542541,0.750344632,0.7978167757,0.8060722466,0.8218832347,0.827919699,0.8430785605,0.8514542208,0.865970105,0.8791254454,0.9041255283,0.9300107,0.715947314,0.788226909,0.8036943642,0.812437898,0.8243260006,0.834433987,0.84753902,0.8600685322,0.8740808528,0.8998517752,0.9300107,0.690342688,0.7781659946,0.7958559654,0.8065146894,0.8154884384,0.825738227,0.8393069192,0.8540684492,0.868645369,0.8908082678,0.976788674,0.657722913,0.774848268,0.792680415,0.804704096,0.81446978,0.825571787,0.838449748,0.852101175,0.867508098,0.887813354,0.976788674
0.689224766,0.6990849572,0.7010148964,0.7030354515,0.706831993,0.709992921,0.7135345172,0.715917476,0.7187423404,0.7228657908,0.738930666,0.684576879,0.7153231598,0.7276672444,0.7374822671,0.7498253926,0.761894248,0.781347131,0.7940768465,0.8123962896,0.8363714959,0.869869373,0.654637915,0.7069030245,0.7259136912,0.7405298009,0.7514982124,0.7647242915,0.7775222136,0.7900457063,0.8076097038,0.8294363187,0.869869373,0.654637915,0.702599954,0.7205983934,0.7353255852,0.7496359594,0.7613630925,0.7746820656,0.7893636186,0.8085438028,0.8306334524,0.925984643,0.654637915,0.7040386202,0.720427499,0.7352285932,0.7473892272,0.760584569,0.7748070242,0.7926524334,0.814778274,0.8419470659,1.006352747
0.718599733,0.7458500557,0.7650456766,0.7814395885,0.7853159292,0.8035548395,0.821035869,0.8249811388,0.8287068624,0.8314091319,0.832620314,0.66427968,0.7036165734,0.7281079048,0.743889401,0.7603268062,0.776778055,0.7875404482,0.7985281091,0.806920374,0.8174530339,0.841143657,0.637638733,0.688177342,0.72032566,0.7402916585,0.755732769,0.7716844435,0.784764721,0.7927916515,0.802475418,0.8174691205,0.897874671,0.631914221,0.689757894,0.721727588,0.7458371435,0.764146959,0.7818711935,0.790961782,0.800302579,0.811406356,0.8279063935,0.897874671,0.631914221,0.6972101112,0.7272666492,0.748491572,0.7660904136,0.7805269515,0.7903830836,0.8007007958,0.8117257926,0.8319535543,0.912650537
0.681007088,0.7175543334,0.726408812,0.7312887987,0.742858405,0.763059061,0.7937493434,0.799809406,0.8009474906,0.8033827671,0.808824164,0.66427968,0.6886758132,0.7199804746,0.743852079,0.7621883804,0.780078618,0.7886930724,0.799532566,0.8103266178,0.8242007592,0.897874671,0.637638733,0.6905899715,0.731750251,0.7535111535,0.774315341,0.7865859895,0.798786911,0.8089851285,0.823757901,0.836085868,0.897874671,0.631914221,0.7021971133,0.7375495348,0.7578604443,0.7772470804,0.787907993,0.7996123774,0.8087082874,0.8228040762,0.8405885657,0.912650537,0.631914221,0.7018455197,0.7362184334,0.7601169273,0.7774702416,0.78769416,0.7975923444,0.8077440105,0.8174449952,0.8343641398,0.912650537
0.73716179,0.7491236129,0.751494598,0.7550719367,0.7585689562,0.767883335,0.7713343474,0.773172222,0.7823512978,0.7862831727,0.789728847,0.698345345,0.7263841322,0.7335272704,0.739830862,0.7444214832,0.752082844,0.7610913834,0.7720434972,0.7825477898,0.7967390238,0.831078519,0.698345345,0.7312989385,0.742841238,0.7522620535,0.765543335,0.774521866,0.782021149,0.7932103375,0.808077494,0.8262338705,0.883891747,0.668586007,0.7374154633,0.7506683372,0.7630288777,0.7730281326,0.7819286495,0.791274212,0.8028741687,0.8141476794,0.8328029241,0.912650537,0.631553922,0.7390977404,0.7536090706,0.7668304472,0.7782625326,0.787290648,0.79690142,0.8067417286,0.8175675736,0.834996015,0.917467498
0.721762914,0.7468230766,0.7648491286,0.8077351024,0.833560014,0.859427641,0.880887241,0.892933923,0.9144243708,0.9249456332,0.968603899,0.656329628,0.6998652332,0.712203171,0.7314423852,0.7484427972,0.791782034,0.8167213634,0.8352502,0.8553747664,0.8826291148,1.006352747,0.654637915,0.7022845746,0.7226554324,0.7435308825,0.757305002,0.7807493355,0.8005117692,0.8168589771,0.8361585216,0.8618927171,1.006352747,0.654637915,0.7038449008,0.7218617508,0.7395729876,0.7561753646,0.772848222,0.793256517,0.8103213147,0.8263857394,0.8489984198,1.006352747,0.654637915,0.7021743172,0.717954891,0.7350761376,0.749975831,0.764962259,0.7844363664,0.8010279474,0.8219052872,0.8459879968,1.006352747
0.802473579,0.8313249387,0.8441381018,0.8465574912,0.8476146324,0.848466222,0.8510860348,0.8566671304,0.865316085,0.868257605,0.876712942,0.750344632,0.7990372736,0.8061078328,0.8168634823,0.8257397892,0.8351710175,0.8451018026,0.8538995708,0.8612332092,0.8704182634,0.907317071,0.690342688,0.7835171255,0.796748353,0.8044446945,0.812911246,0.823840625,0.832065409,0.849146238,0.861742701,0.8826178625,0.9300107,0.690342688,0.7775816865,0.792415325,0.8044139226,0.8134540048,0.824452041,0.841214152,0.8540630291,0.8679259488,0.8885643379,0.9300107,0.690342688,0.7776135715,0.792698655,0.80571512,0.818146403,0.8311796385,0.846266722,0.859723145,0.876168364,0.8959507165,0.940519054
0.772354615,0.7813850202,0.794910789,0.8073170892,0.8091249346,0.8093859655,0.8144176204,0.8214470752,0.8304112204,0.8419790815,0.868238382,0.736535192,0.7733036008,0.792442317,0.8009720355,0.808568697,0.8157662655,0.8251342606,0.8347879869,0.858182624,0.8898194937,0.9300107,0.709181732,0.783717525,0.798239536,0.8086389115,0.817373533,0.827715028,0.843163115,0.862490852,0.886831833,0.906092479,0.976788674,0.657722913,0.770376203,0.79091169,0.803889082,0.816482566,0.828339053,0.844616048,0.859492503,0.874120197,0.8971185275,0.989254485,0.640331072,0.7709179674,0.7939444986,0.8069924507,0.8196847646,0.830120385,0.843234249,0.8571518614,0.8712657786,0.8940232629,0.989254485
0.629344432,0.6566025232,0.6780502844,0.6869544167,0.6947480292,0.699242103,0.7033920488,0.7088971854,0.7237643058,0.7326721994,0.748470046,0.629344432,0.663479024,0.681517038,0.6958782035,0.704726821,0.718560149,0.727431018,0.7403581205,0.747686067,0.7614879235,0.802811078,0.629344432,0.6667039525,0.686222626,0.7006393365,0.711650965,0.724488157,0.736312538,0.7484768495,0.764091761,0.7844936315,0.862370156,0.629344432,0.6816996912,0.6994557158,0.711627547,0.72465792,0.7349761195,0.747029422,0.7611855876,0.778681453,0.7994315151,0.864954389,0.621564123,0.677572633,0.694747276,0.7103821895,0.723573865,0.73566487,0.74872786,0.764274225,0.783009448,0.8011525865,0.864954389
0.715079602,0.7175892121,0.7254073638,0.7278982529,0.7330751872,0.734477811,0.7358972384,0.7425910093,0.7681658006,0.7939091064,0.797295437,0.658870146,0.6863241502,0.7047755334,0.7150838748,0.7249330142,0.733902301,0.742536669,0.7498575242,0.7595561926,0.7765737658,0.835013677,0.642532842,0.690732066,0.7066009736,0.7160591363,0.7267679996,0.736101845,0.7453555562,0.7541455325,0.7675404554,0.7873310611,0.851658613,0.642532842,0.6941433374,0.710729579,0.7222412789,0.7312620928,0.7397624425,0.750103133,0.7610344669,0.7733702232,0.7937892358,0.883325772,0.64010899,0.6905253767,0.707274256,0.7216571945,0.7327144614,0.7426112475,0.754086552,0.7673803361,0.7856367348,0.8147070108,0.887587461
0.749205695,0.7536291978,0.7715103622,0.7850394196,0.7942501276,0.799206301,0.8019442168,0.8103763488,0.8173245882,0.8386792022,0.863148352,0.717752253,0.7674507838,0.792564677,0.8056958468,0.8169530166,0.827962652,0.8471384074,0.857649375,0.8670573318,0.8766877652,0.910123403,0.662145691,0.7663842372,0.7955264524,0.810109967,0.8208849546,0.829049791,0.8400371538,0.8519772648,0.8666454692,0.8820294162,0.969406454,0.662145691,0.761023768,0.784009327,0.7969980575,0.808492142,0.817522503,0.826574368,0.837271634,0.851948928,0.871131856,0.989254485,0.62342635,0.7513666702,0.7732397296,0.7878752756,0.8002176908,0.81110753,0.8213645042,0.8318823798,0.8466690968,0.8668189728,0.989254485
0.772858184,0.8014612714,0.8074533774,0.8079938652,0.808334842,0.811715208,0.8126880888,0.814335682,0.8176074094,0.8229074854,0.826910667,0.707173338,0.751541486,0.773912288,0.783418469,0.791402546,0.802122175,0.80821569,0.814667341,0.82612155,0.852807331,0.912650537,0.698345345,0.7315221195,0.7478678972,0.7641872526,0.7785193982,0.789193575,0.7988496386,0.8080933959,0.8185643562,0.8364831846,0.912650537,0.698345345,0.7385972965,0.751972962,0.766404127,0.779702319,0.789607691,0.798765286,0.808588609,0.819793776,0.836418273,0.912650537,0.66427968,0.7395074982,0.7536827984,0.7687107365,0.7807450508,0.7904063615,0.800078563,0.8095312936,0.8197842448,0.8364922473,0.912650537
0.75025298,0.7547732416,0.7571036364,0.7658620074,0.7771181618,0.789492777,0.7978196252,0.8007144816,0.8036390772,0.815810704,0.830746983,0.713781025,0.7505007128,0.763355573,0.7701789893,0.7822732718,0.78544939,0.7946648156,0.802916571,0.819109487,0.8366104151,0.882982845,0.679695398,0.750196926,0.762263625,0.7700207105,0.780030885,0.7861171805,0.795689361,0.8087636395,0.820584007,0.8378696255,0.883891747,0.631553922,0.7464762561,0.7611221722,0.7702018371,0.7816301276,0.7894638545,0.799133448,0.8119682439,0.824550591,0.8408872193,0.896810001,0.631553922,0.7465415058,0.7630985526,0.7743116256,0.7831301932,0.791721059,0.8025271622,0.8149777054,0.8271736756,0.844433584,0.910123403
0.74486682,0.7576864017,0.7833481442,0.7974193696,0.7995599432,0.8040046095,0.8149906206,0.8277297409,0.8400162032,0.8553341502,0.893869931,0.715517587,0.7714917248,0.7856738094,0.7945284792,0.8038124992,0.812923333,0.8240835074,0.8322592582,0.844726098,0.863453766,0.912650537,0.681007088,0.7572157116,0.780290402,0.7885325963,0.796783381,0.804324421,0.809006488,0.8174161288,0.831237989,0.8447676375,0.912650537,0.66427968,0.7401261912,0.7612831342,0.7776350538,0.7884616964,0.7972087885,0.8068519898,0.8144041772,0.8250609894,0.8398235568,0.912650537,0.631914221,0.7281066718,0.7478115848,0.7649945996,0.7797455816,0.788554701,0.7987997706,0.8088231498,0.819877224,0.836654727,0.912650537
0.719653284,0.7273585354,0.7347857304,0.7614364978,0.773373199,0.786373753,0.7911863262,0.7998100181,0.810133641,0.8168651391,0.851658613,0.68976825,0.7070902848,0.723127974,0.733909075,0.743520618,0.754345404,0.7659363232,0.7741871742,0.783420553,0.7968318306,0.851658613,0.658870146,0.708148409,0.722146784,0.7331874575,0.741305093,0.747829398,0.758750532,0.7684727135,0.780314231,0.8002936455,0.870476739,0.642532842,0.701884125,0.716262091,0.7310252935,0.740752772,0.752321455,0.764318283,0.777254523,0.795165236,0.827743247,0.887587461,0.642532842,0.7018266808,0.7190156332,0.7327144614,0.7448162682,0.755229611,0.7679266738,0.7831444568,0.8050238456,0.8294329042,0.892208885
0.779169627,0.7853221684,0.7948555852,0.801834994,0.8050609076,0.807185923,0.8108571084,0.8156214688,0.8263270714,0.8445956138,0.855161599,0.662145691,0.7494280092,0.770779431,0.784389463,0.7932647554,0.799352863,0.8060072714,0.8116036994,0.8190784182,0.836216983,0.922520922,0.662145691,0.762782814,0.781403829,0.795849881,0.805588009,0.813893444,0.823376465,0.837385629,0.855972138,0.882539217,0.989254485,0.662145691,0.771000753,0.792683817,0.8055667626,0.815915755,0.827386291,0.8399361784,0.8556132858,0.8713405298,0.8974815894,0.989254485,0.624181579,0.7705378238,0.7948138706,0.8088909868,0.821304527,0.830709101,0.843198682,0.8581381676,0.8738401358,0.8950557712,0.989254485
0.752846551,0.7649553863,0.7693900142,0.7804351633,0.7991661702,0.8005460015,0.8319745056,0.84112412,0.8523768182,0.8676044732,0.883891747,0.668586007,0.737789262,0.7503484912,0.7634733146,0.7765431842,0.7915079,0.8028250044,0.8178919194,0.8336344952,0.8508709014,0.883891747,0.631553922,0.7289354419,0.7446314904,0.7595059221,0.7704332082,0.7824983875,0.7972016836,0.810835399,0.825447991,0.8385338028,0.883891747,0.631553922,0.7322176938,0.7462437498,0.756560127,0.767000124,0.777006959,0.785566321,0.7982829416,0.8128760894,0.8333139194,0.883891747,0.631553922,0.7368323688,0.75142423,0.7630865896,0.7719074114,0.781601976,0.789895867,0.7991525248,0.8116829508,0.8296398768,0.891618493
0.777136519,0.8106888156,0.8315084288,0.8567733939,0.8713203018,0.8778140885,0.8813511976,0.8884000433,0.8923789082,0.9074274065,0.919439029,0.754296938,0.7916603428,0.8060722466,0.8117645162,0.8272074938,0.849893482,0.8745827204,0.8900036835,0.9021318714,0.9123003956,0.933015206,0.709181732,0.784326107,0.800157047,0.809569716,0.822711633,0.836736656,0.855161599,0.870754395,0.889996925,0.9064305845,0.933015206,0.662145691,0.77496553,0.7966704594,0.807940689,0.8205845016,0.830189466,0.845424334,0.8604801922,0.8759635886,0.8963897086,0.976788674,0.657722913,0.7713792341,0.7940666108,0.8079863191,0.8211876544,0.831393887,0.8456097624,0.8586348778,0.8719161074,0.8925451481,0.989254485
0.792201793,0.8061142965,0.808944241,0.81278062,0.819824914,0.821364767,0.841519548,0.8501569285,0.866366889,0.8703478405,0.881980857,0.662145691,0.751729586,0.784051046,0.8042383745,0.817209888,0.8300353715,0.843373914,0.8534779025,0.861979918,0.872112335,0.89346132,0.662145691,0.7627444566,0.7940493196,0.806667751,0.8184579428,0.826056525,0.8344249402,0.844813639,0.85766712,0.8711788084,0.953215327,0.662145691,0.7688868261,0.787935583,0.8022396875,0.8136876788,0.8219186455,0.8312195634,0.8415378831,0.8564156688,0.8773375686,0.989254485,0.662145691,0.7632563462,0.783755877,0.7970049092,0.808260792,0.817767375,0.827497515,0.8376771876,0.852662353,0.8740526562,0.989254485
0.649575503,0.6559142735,0.657522357,0.671450943,0.681901709,0.691301871,0.693906716,0.706350471,0.718206732,0.726575366,0.746809255,0.64010899,0.662031659,0.681719986,0.6922051945,0.704065443,0.710809048,0.721723539,0.7262606805,0.736560984,0.747033128,0.802811078,0.629344432,0.6691150088,0.685745239,0.695564492,0.707728613,0.714700416,0.724318154,0.731056627,0.7417057014,0.7545217522,0.810126984,0.629344432,0.6768022856,0.692091652,0.7069045596,0.7160985324,0.725760873,0.7357537796,0.7462341206,0.7576028886,0.7759406814,0.862370156,0.629344432,0.6825183275,0.699466715,0.7117622325,0.723336134,0.735198874,0.746693088,0.7601832715,0.775994917,0.799674211,0.875917875
0.701869556,0.7110694514,0.7135384018,0.7201535903,0.7271575358,0.7411862505,0.7670601484,0.7776159254,0.7858552364,0.7899666808,0.795653183,0.701869556,0.728629288,0.743008111,0.7593536075,0.770100033,0.781087555,0.787694594,0.7939057095,0.80491221,0.8135054945,0.850332562,0.645719927,0.7389776835,0.757968557,0.771617099,0.78081664,0.787557423,0.794617846,0.8013215335,0.808654737,0.820605194,0.884724084,0.645719927,0.7186035898,0.7396192622,0.7597897294,0.775274086,0.785230535,0.7928067872,0.8017154232,0.811551814,0.8247144708,0.897874671,0.629344432,0.6996213142,0.7255728492,0.7436636278,0.7630890856,0.77834135,0.7896952728,0.7996750112,0.8085519922,0.8222163944,0.897874671
0.693728678,0.7290863292,0.7448571944,0.779080733,0.792583279,0.793914208,0.799122745,0.804719356,0.8114724,0.8229964404,0.832258634,0.684552884,0.7048617685,0.7249949738,0.7408486766,0.7572447636,0.784214485,0.7983714538,0.8116605844,0.832219099,0.858646353,0.924849354,0.677016227,0.7075582034,0.72292589,0.7371634276,0.7529422906,0.774853458,0.7956736374,0.8133542362,0.8338976278,0.8608923372,1.006352747,0.654637915,0.7012517777,0.7139547614,0.731883133,0.7484900114,0.767871427,0.7920056868,0.8115190409,0.8322545524,0.8561505386,1.006352747,0.646680261,0.6991256202,0.7146216124,0.7323782604,0.7498950402,0.76997389,0.7936619348,0.8133567779,0.8331887404,0.8579561735,1.006352747
0.788636004,0.7909075979,0.7957025406,0.8003934445,0.8038719892,0.8071844245,0.812059551,0.8223170728,0.8254573816,0.8390075052,0.856229034,0.690342688,0.768278,0.788636004,0.8041970335,0.821623996,0.844227722,0.858962736,0.868633729,0.892451165,0.9064305845,0.925379775,0.690342688,0.78008583,0.798003693,0.8113352995,0.8258861862,0.845344786,0.8574254508,0.8677633191,0.8795355246,0.8982695143,0.933015206,0.690342688,0.7738750835,0.7911179706,0.8044244549,0.8169853646,0.8287847485,0.845424334,0.8595062677,0.8743974516,0.8954355306,0.933015206,0.690342688,0.7756779208,0.791546647,0.8044244549,0.815678776,0.825975362,0.839809246,0.854108831,0.8699583744,0.8891325843,0.933015206
0.753301698,0.7612290827,0.7713232154,0.7751975248,0.7828744506,0.790392557,0.7925836866,0.7930512267,0.7951342388,0.8314775792,0.856416883,0.705431387,0.728272233,0.740607756,0.7503265665,0.758495567,0.770140446,0.781921769,0.7948934275,0.810720948,0.829432889,0.858117664,0.654637915,0.7054406655,0.723118334,0.735115941,0.747598724,0.7586517885,0.770423596,0.7825335215,0.801432328,0.8205743065,0.869869373,0.654637915,0.7028744312,0.719874969,0.7327417551,0.745240972,0.7586517885,0.7716571976,0.7863767028,0.8057413816,0.8270271289,0.892208885,0.654637915,0.7076615886,0.7267021328,0.739212439,0.7513785476,0.765093364,0.779517495,0.7951709906,0.816251494,0.8418420358,1.006352747
0.701201765,0.7146647834,0.7266422888,0.7276988139,0.7287657528,0.733674707,0.7403738228,0.7447139052,0.7466660428,0.74956736,0.753869229,0.701201765,0.727814609,0.7373401,0.741454123,0.7476721762,0.753869229,0.7599580898,0.7716781176,0.78343245,0.8125324686,0.874421555,0.698345345,0.7360626099,0.74438487,0.7531047793,0.7644902222,0.776932678,0.7904132456,0.8030356326,0.8129167406,0.8313127376,0.891618493,0.631553922,0.7337986752,0.747442903,0.7594537168,0.77386054,0.787127168,0.7977955626,0.8074041124,0.8178587492,0.8362734746,0.912650537,0.631553922,0.7377476445,0.752192726,0.7665016175,0.777226646,0.7876519725,0.798547868,0.8088339015,0.819886354,0.836361697,0.912650537
0.850113663,0.8622084838,0.873478445,0.8815919459,0.8834815294,0.891739357,0.8967726566,0.9083435179,0.9101080796,0.9212637191,0.933015206,0.760843908,0.7968369847,0.8160078566,0.8341538381,0.8540519344,0.870632842,0.8844231874,0.8943485055,0.9014541706,0.9120877244,0.933015206,0.709181732,0.783579234,0.80111619,0.8121540535,0.826428418,0.845364431,0.861673414,0.8755104095,0.889398445,0.9060368115,0.933015206,0.662145691,0.7746315098,0.7947144818,0.8057237392,0.8187611252,0.830189466,0.8465780046,0.8610490356,0.8792115052,0.8960024622,0.976788674,0.662145691,0.7769211907,0.7977496584,0.8105094306,0.82296178,0.8352248205,0.8481451846,0.8605913126,0.8743973436,0.8924602208,0.989254485
0.788470066,0.792673085,0.7934645782,0.7957614562,0.7984238598,0.803913402,0.805053806,0.806549316,0.8123567964,0.8289456744,0.846308606,0.773160637,0.7886642986,0.7935955834,0.798731974,0.805399991,0.808822965,0.8141163588,0.8185127836,0.8286527168,0.846025336,0.893869931,0.717497027,0.7706322602,0.7821235956,0.7904132456,0.796805052,0.806742411,0.8117907614,0.8196103364,0.831354741,0.843822723,0.912650537,0.676343598,0.7476673126,0.7643503894,0.7779680442,0.7881605114,0.796870065,0.8063667828,0.8122799046,0.8218354312,0.8365388226,0.912650537,0.66427968,0.7376381968,0.755721661,0.7695350716,0.782688604,0.791883428,0.8023773608,0.8107400196,0.820127568,0.8365637016,0.912650537
0.729383556,0.743502619,0.7458897078,0.7472521608,0.7507597364,0.800765105,0.8041389482,0.8104400474,0.8166609164,0.8326277456,0.843862837,0.631553922,0.701708251,0.732071057,0.75150719,0.76862515,0.782466913,0.797954312,0.807421897,0.81970924,0.833918066,0.874421555,0.631553922,0.7260363902,0.7388733456,0.7478591884,0.7588844532,0.769999568,0.7881723772,0.8041822688,0.820363076,0.8373141724,0.883891747,0.631553922,0.7294289313,0.7443587598,0.7554005724,0.767906842,0.7816395375,0.7931429534,0.8067202135,0.8197190226,0.8366723015,0.883891747,0.631553922,0.7339437518,0.7486732694,0.7613726056,0.771740205,0.782529862,0.7931159084,0.8034098016,0.8165220034,0.8332671716,0.891618493
0.780171391,0.7844686864,0.797601326,0.8026509502,0.8110125444,0.8140031915,0.8158933666,0.8186531613,0.8264733314,0.8276221508,0.834515673,0.682623858,0.7274151993,0.7412148154,0.74827072,0.7576358738,0.777979951,0.7975100908,0.8103024607,0.819971852,0.8343363909,0.874421555,0.631553922,0.7272269045,0.739852276,0.7484309715,0.756554244,0.7669542905,0.782123575,0.7991512125,0.81303911,0.8329310025,0.883891747,0.631553922,0.7302177243,0.7443550256,0.7553048234,0.76751982,0.7816794855,0.794456434,0.8083694415,0.8206525492,0.8365800666,0.891618493,0.631553922,0.733986145,0.750056524,0.7630849492,0.774030823,0.783789321,0.7951347742,0.8063741424,0.8173832222,0.8337592732,0.891618493
0.784987101,0.8091273287,0.8110658642,0.8117739882,0.8149878898,0.8216974195,0.8254880212,0.8323283255,0.8355827856,0.8395839392,0.84145655,0.746690587,0.7772875718,0.7851587886,0.7906297908,0.796848394,0.80793614,0.8142194032,0.822083721,0.8338212348,0.8489047936,0.897874671,0.676343598,0.7624911005,0.778511057,0.787256346,0.796169832,0.8022087325,0.809882181,0.8171161045,0.828384825,0.8409364495,0.897874671,0.66427968,0.7370593957,0.7684410814,0.7820030512,0.7890608398,0.79702801,0.8058315712,0.8137309676,0.8225623174,0.8369048723,0.897874671,0.66427968,0.73321916,0.755536815,0.771458538,0.783346913,0.791671219,0.800168545,0.808368613,0.817602077,0.834725983,0.912650537
0.713737803,0.7148707658,0.72083645,0.7307582241,0.7322919932,0.734379826,0.735313794,0.7573135245,0.766852928,0.7678827187,0.771065221,0.671737961,0.7084496588,0.7238905004,0.7315291282,0.7402898992,0.75516568,0.768111382,0.7787820494,0.794047822,0.8140366172,0.844986161,0.654637915,0.69899629,0.7136898684,0.731670903,0.741545815,0.757103277,0.7754417072,0.795259226,0.8138677104,0.8417352198,1.006352747,0.654637915,0.7037351876,0.7233727124,0.7391183541,0.7570928586,0.779746958,0.8033307828,0.8228748915,0.8449714184,0.8734564987,1.006352747,0.654637915,0.7064753982,0.7285553248,0.7455423394,0.763467375,0.785883672,0.8069987282,0.8249550788,0.846051255,0.872618128,1.006352747
0.733521869,0.7631271608,0.7745852608,0.7829908906,0.7887628062,0.794692593,0.7961975156,0.7982931384,0.8040229212,0.8072881456,0.815210778,0.722161649,0.7481883096,0.767893977,0.7797759821,0.7873255406,0.792468794,0.7963424158,0.8011625379,0.80736024,0.8148237258,0.84280778,0.695821099,0.729662033,0.747055642,0.7661204265,0.777886027,0.785550482,0.79301392,0.8008455455,0.808250346,0.8194253295,0.864954389,0.645719927,0.7137586424,0.7334293178,0.752716448,0.769207023,0.78213296,0.7911535328,0.800104707,0.8088749558,0.8225675292,0.884724084,0.629344432,0.7026598142,0.7259375946,0.741736207,0.7596417336,0.773687335,0.7854614232,0.7946166804,0.8053464594,0.8185296174,0.897874671
0.79717056,0.8116015484,0.8176954204,0.822391525,0.8241392734,0.827211091,0.8345362892,0.8383712388,0.8411702934,0.8430789634,0.858117664,0.690499153,0.741432879,0.753028807,0.766328167,0.773177831,0.783122288,0.795165236,0.810577303,0.820690756,0.837248538,0.859179664,0.672894732,0.709422681,0.7280884412,0.741368279,0.7513841718,0.76474471,0.7747382868,0.7911641638,0.8074334906,0.8270884496,0.892208885,0.654637915,0.707127681,0.7281455144,0.7415356313,0.7555456682,0.769127901,0.7831845712,0.8015560057,0.8232558686,0.8472373157,0.923068598,0.654637915,0.7101386164,0.7307950426,0.7440522447,0.758805356,0.772362079,0.7896416956,0.8107364253,0.8339840428,0.8586573033,0.940702935
0.773328308,0.7973473948,0.8061382818,0.83032701,0.8372273958,0.842622049,0.853696631,0.8593765772,0.861564023,0.8778365896,0.895913966,0.662145691,0.7648919128,0.7905397198,0.8001981194,0.8123815362,0.827687379,0.8400578636,0.8531023498,0.8597077882,0.8803087156,0.925710078,0.662145691,0.7681664008,0.7909185652,0.805517873,0.8161458098,0.827438733,0.8357278728,0.8474319762,0.859206226,0.880399164,0.925710078,0.662145691,0.7733550728,0.7948602226,0.8071961626,0.8168856784,0.825440644,0.8348936382,0.8477525448,0.863209776,0.884927792,0.933015206,0.662145691,0.778990934,0.798964875,0.8090153345,0.818720236,0.8273635025,0.838024219,0.8529338485,0.867784081,0.888646612,0.989254485
0.817170727,0.8398160003,0.8568971568,0.8660576071,0.8853654998,0.888874724,0.8916009154,0.8977158796,0.9074199126,0.9129465123,0.931951591,0.755416988,0.789653174,0.8155019106,0.8336352044,0.8518199346,0.867508098,0.8780013774,0.8881360224,0.8959626614,0.9060434062,0.933015206,0.709181732,0.785712804,0.805120118,0.8221455045,0.835454904,0.854082528,0.867936258,0.8806083985,0.890331329,0.903599712,0.933015206,0.662145691,0.7793076374,0.7980315294,0.8101450244,0.8243637538,0.837056597,0.8533204642,0.8673991558,0.8816569374,0.8971548116,0.933015206,0.662145691,0.7768342415,0.797624602,0.8105576685,0.822566896,0.835310201,0.849083626,0.862334171,0.87734813,0.8949936175,0.976788674
0.738825856,0.753772791,0.7564490866,0.7570119142,0.7586981418,0.762808042,0.7652003332,0.7666962408,0.7732840518,0.782240755,0.789301343,0.727273392,0.7424563968,0.7507492534,0.7562172438,0.7605906042,0.767718768,0.78715922,0.8011414851,0.810744289,0.8319809665,0.861888778,0.701201765,0.74017388,0.752649247,0.7636942905,0.774932441,0.7871843325,0.795567495,0.806560642,0.815795806,0.8326412435,0.874421555,0.631553922,0.738126376,0.7517351,0.766049981,0.776366918,0.789863955,0.799657806,0.8085229775,0.817790012,0.832772903,0.893869931,0.631553922,0.7358039238,0.7507224918,0.7660155116,0.777020323,0.789030484,0.798810365,0.8081909076,0.818509362,0.833722758,0.912650537
0.720335501,0.7311941344,0.7440796736,0.7464564636,0.7484655698,0.781329447,0.7930083616,0.8124068998,0.8189512416,0.8299313306,0.83207654,0.710189755,0.731177443,0.7451192954,0.7584492964,0.7686855544,0.781329447,0.7930087444,0.8116518264,0.8277180622,0.8504179822,0.887587461,0.707610843,0.731302837,0.7463181844,0.7593646008,0.7703661864,0.782649702,0.8011453628,0.816377491,0.829994073,0.8439925878,0.892208885,0.648133954,0.719830696,0.736110575,0.7498612855,0.762825724,0.7751953755,0.789848991,0.8093438275,0.82769675,0.8472349215,0.892208885,0.648133954,0.712299119,0.729790492,0.741957423,0.755229611,0.769420694,0.784509867,0.803982615,0.825513305,0.849177627,0.928804493
0.772127697,0.7781873236,0.7938547692,0.8087968986,0.8115574286,0.823851358,0.828949953,0.8344848334,0.8433148216,0.8462636736,0.849051393,0.709512729,0.7345175,0.7644855276,0.7785627571,0.785724379,0.79260924,0.8014454754,0.8101878433,0.8173188882,0.839961844,0.86835275,0.676343598,0.730809784,0.74694966,0.7686100935,0.7797958,0.7884538035,0.794617846,0.8023190535,0.810867259,0.832126975,0.884724084,0.676343598,0.7376861212,0.758833613,0.7738046432,0.7846970862,0.791679226,0.8005763484,0.8077137112,0.8157181604,0.8307279558,0.897874671,0.645719927,0.7264228426,0.7447314068,0.7655123223,0.7792894258,0.7880409315,0.7955854734,0.8043793414,0.8143736536,0.8282657559,0.897874671
0.746476572,0.7467292843,0.7475554734,0.7497914283,0.770798246,0.779548358,0.7838473876,0.7946553105,0.8161173114,0.82554059,0.846443657,0.631553922,0.6861798554,0.7144272212,0.7342587814,0.7528997786,0.769426461,0.7850004078,0.8008610668,0.8181825882,0.8350452066,0.8700126,0.631553922,0.705529651,0.739763454,0.7596336645,0.77542734,0.78467327,0.793278973,0.8020349915,0.817386819,0.8332341775,0.882139048,0.631553922,0.730969518,0.75461268,0.76862515,0.776968883,0.786019451,0.795994358,0.804660356,0.818677043,0.835771642,0.883891747,0.631553922,0.7375052312,0.752262807,0.7655062886,0.7762581308,0.786019451,0.7963512596,0.8069211996,0.8196243374,0.8335971028,0.883891747
0.731103076,0.7483165629,0.7546359346,0.7565633179,0.7656805704,0.7746096695,0.7838615614,0.7908215206,0.798640092,0.8046652933,0.809884429,0.665434826,0.7022319442,0.715156739,0.7271862929,0.7374373966,0.7474242885,0.7555091244,0.7695661569,0.7867976102,0.8090236654,0.862313246,0.647399011,0.683770426,0.702801319,0.7155780965,0.725760873,0.737359496,0.747643632,0.7620399765,0.778677426,0.8026763205,0.886247752,0.64010899,0.6851997102,0.7043241594,0.7162527787,0.727242123,0.7404813215,0.753391303,0.7688458419,0.7885986872,0.8164517026,0.887587461,0.629344432,0.6906469062,0.709581203,0.7230391644,0.7361035146,0.749089274,0.7638239168,0.7797186316,0.7993605446,0.821829947,0.887587461
0.855984458,0.8590407878,0.8607666242,0.862463297,0.868064131,0.873863933,0.8744088946,0.8770214186,0.8790982136,0.8808009396,0.897279354,0.727567362,0.8116324156,0.8285442218,0.843623131,0.8533592022,0.8607844635,0.8674829072,0.8739324347,0.8818064268,0.8924743552,0.906752835,0.690342688,0.7786237744,0.8042765514,0.8224681786,0.8400065402,0.85510908,0.8679235122,0.8785374934,0.8891974348,0.902735599,0.933015206,0.690342688,0.7767895094,0.7985093414,0.815371076,0.8265652652,0.84334095,0.8570207886,0.8689771462,0.8818357266,0.8959500166,0.933015206,0.690342688,0.7758674231,0.794593611,0.8075168422,0.8215774892,0.8336911675,0.848925788,0.8629791332,0.877278324,0.895386386,0.937887159
0.808885765,0.8289143186,0.8321575118,0.8345725484,0.8497850588,0.858187079,0.864642837,0.8706963546,0.875788743,0.8770580662,0.895642912,0.741205466,0.7952081294,0.8126322534,0.8267911592,0.8336990572,0.844768705,0.8553413228,0.8623919791,0.8764779386,0.8902839155,0.925710078,0.662145691,0.7771001845,0.798689079,0.8106240595,0.820880832,0.829012812,0.835849947,0.8453504175,0.857392171,0.8756295515,0.925710078,0.662145691,0.7781784399,0.7965798244,0.8066674465,0.814452948,0.824148776,0.8317604294,0.8409601174,0.8565046468,0.8797324788,0.933015206,0.662145691,0.7740136172,0.7941808312,0.806466703,0.815390922,0.824638016,0.8337860674,0.847391429,0.86200764,0.8830577674,0.961382594
0.689046561,0.6945479005,0.7017727482,0.7062921451,0.710050579,0.7152943365,0.7199693236,0.7212549149,0.7232677054,0.7422320106,0.75880801,0.672936338,0.6909283134,0.7040950322,0.7136764698,0.7237415592,0.733817492,0.7433147384,0.7555638206,0.7710035898,0.8119865446,0.859179664,0.654637915,0.6992263936,0.7194619572,0.734029076,0.7484566624,0.766530966,0.781452429,0.7971446378,0.815800723,0.8393895336,0.913955359,0.654637915,0.7081636873,0.7290499764,0.7427378855,0.7578917674,0.7718326135,0.7926648824,0.8130859176,0.8407022094,0.8678282985,0.940702935,0.654637915,0.7154497668,0.735513725,0.7532020572,0.7704014976,0.789341487,0.8120901018,0.8343375988,0.856453701,0.8792190476,1.006352747
0.665234215,0.682815551,0.6844856638,0.6873308926,0.6974959702,0.704070288,0.7049769754,0.7097672246,0.7142252204,0.7156483044,0.742016304,0.657627536,0.679962586,0.6866258728,0.696370489,0.7075178848,0.714996882,0.7230985892,0.7389327982,0.749797642,0.769644699,0.817134931,0.64010899,0.6780730741,0.6909360116,0.7041400443,0.7151361424,0.7266260015,0.740803705,0.7564086073,0.7725268418,0.7959333829,0.864954389,0.64010899,0.683897666,0.7007446842,0.7137478952,0.7257515272,0.740043222,0.7559641654,0.7739351316,0.7928551768,0.8097840366,0.864954389,0.629344432,0.6863740878,0.706595692,0.7204975196,0.7329865084,0.7449468725,0.7586909808,0.776149548,0.792724932,0.8081726693,0.875917875
0.813061759,0.818699629,0.8211199936,0.8295055158,0.8326365454,0.837759476,0.8408500082,0.846308787,0.8514830806,0.8601128712,0.874213182,0.773217585,0.8176081763,0.8229223308,0.8299127804,0.8334822882,0.8385064805,0.8443489342,0.8552911767,0.8623632188,0.875870544,0.898325403,0.662145691,0.7905098935,0.807237121,0.8161423205,0.822514181,0.829921523,0.836096358,0.8460283205,0.85810556,0.8756295515,0.925710078,0.662145691,0.7718018575,0.791004823,0.8038501405,0.811316976,0.819813633,0.828389068,0.8370232645,0.850715184,0.867565584,0.925710078,0.662145691,0.7698153078,0.7859562836,0.7984945444,0.8079785156,0.8171903075,0.8256180316,0.8352618752,0.8500438102,0.8685119615,0.933015206
0.668578849,0.6695055306,0.672510387,0.6982155978,0.715981739,0.718429552,0.7718115988,0.7847170084,0.7955537536,0.8032819208,0.81801596,0.665965596,0.6876081098,0.7163358772,0.7299013298,0.7490984102,0.773699839,0.791583634,0.8031296764,0.8138069808,0.8232557754,0.864954389,0.650404944,0.688746463,0.711589255,0.72340022,0.739107259,0.76254202,0.777935953,0.791325931,0.801159802,0.813378055,0.864954389,0.64010899,0.6887926282,0.7087138952,0.7225970494,0.7353312498,0.748994804,0.7660780586,0.782326187,0.7946166804,0.8076685474,0.864954389,0.629344432,0.690463204,0.710416071,0.725118803,0.737228758,0.749186941,0.765685524,0.781029583,0.794250122,0.80771687,0.864954389
0.778810188,0.7810357654,0.7850427184,0.7862693215,0.7906204622,0.8011982695,0.80675082,0.8153726202,0.8253041656,0.8463995948,0.85301779,0.750015922,0.76882801,0.782470532,0.7926968204,0.8050149126,0.808513717,0.8144454228,0.819951323,0.8272361906,0.8350339532,0.85301779,0.737629371,0.7644508387,0.7766605888,0.7865644706,0.7984896026,0.809786314,0.8185672684,0.825536462,0.8336025914,0.8409601174,0.880224049,0.713781025,0.7715691266,0.7835154228,0.7931429814,0.8028050206,0.811978552,0.8206502672,0.8302060872,0.8400517522,0.8575457994,0.902285251,0.662145691,0.7619620557,0.7815562928,0.7924873844,0.80243943,0.8114867695,0.8198714472,0.8298921645,0.8399405464,0.8583005984,0.925710078
0.702834472,0.722950658,0.728420669,0.7360170941,0.7406629192,0.7414277195,0.743366304,0.7469123953,0.7482545726,0.7631462778,0.768169312,0.657627536,0.6846226064,0.7028079496,0.71599471,0.728490713,0.743088848,0.7550239984,0.7653158467,0.7835597802,0.8048800166,0.862313246,0.654681891,0.6850322784,0.7024249468,0.7132266397,0.7249477708,0.7398402115,0.754355595,0.7658936944,0.7812363832,0.8005076645,0.862313246,0.64010899,0.685032637,0.704383006,0.718127273,0.732710728,0.746383958,0.761949223,0.777358694,0.794507101,0.813430609,0.887587461,0.64010899,0.690518214,0.710002193,0.72298232,0.736378225,0.749089274,0.76444586,0.783102476,0.803201056,0.822226818,0.887587461
0.785229899,0.791302834,0.792680415,0.81317823,0.81942969,0.825465799,0.832336259,0.8393741605,0.849632952,0.853160158,0.85510908,0.714553045,0.7640135265,0.783833793,0.7986803785,0.814950504,0.822876914,0.832790746,0.8399980005,0.849526276,0.8657008945,0.897279354,0.690342688,0.7635668219,0.7848261188,0.8013307702,0.8171554938,0.831619372,0.8438938572,0.857127581,0.8685596744,0.8816121003,0.928655601,0.690342688,0.7721509637,0.792684063,0.8106408568,0.8238394796,0.8396990715,0.8537998322,0.8666825915,0.8783229384,0.8925699577,0.939000872,0.690342688,0.7763017126,0.7943838144,0.8098749315,0.8241070476,0.839297887,0.8534281128,0.8664550188,0.8794530284,0.8959708502,0.939000872
0.717009803,0.7370045014,0.7531430518,0.7625174368,0.7715914388,0.778677426,0.7823549642,0.7886896138,0.7926676174,0.8067268942,0.814179539,0.695945791,0.7230530828,0.7373517654,0.7537565604,0.7682485844,0.78137425,0.7927461542,0.806214493,0.8252175516,0.8408516762,0.887587461,0.668917151,0.7168760822,0.7365947968,0.7522592944,0.7654230836,0.779623197,0.7916093034,0.8088475042,0.8230551528,0.8347364498,0.887587461,0.648133954,0.706627642,0.7260298332,0.7405157682,0.754607958,0.768790062,0.7850596876,0.804145568,0.8194007718,0.8382116882,0.892208885,0.643645654,0.7038589272,0.7234227132,0.7405242324,0.7570616266,0.7725142745,0.789085365,0.8073472337,0.823180455,0.842688221,0.896982686
0.713391521,0.7347991864,0.7470788756,0.7599422084,0.7673083648,0.769994818,0.7779243956,0.784464292,0.801931894,0.819757828,0.843004245,0.676343598,0.727466717,0.737960613,0.7548424066,0.7699100112,0.787404617,0.8028253594,0.812241054,0.8288633968,0.845891755,0.884400959,0.676343598,0.734109236,0.748293377,0.7665614212,0.7780890112,0.786982741,0.7963297208,0.8087052496,0.8185296174,0.8377809254,0.884400959,0.676343598,0.7387645745,0.762355652,0.776845877,0.785564825,0.7917824765,0.800096632,0.8075398585,0.816515982,0.8335164255,0.897874671,0.676343598,0.7349933579,0.7559732252,0.7712204374,0.782759806,0.7910089875,0.7988265322,0.8072811567,0.8171384148,0.8323905601,0.897874671
0.702777305,0.7163649895,0.7196918902,0.7222153076,0.7310855016,0.7348675485,0.7447200946,0.782165985,0.7843183332,0.7880294539,0.791755691,0.702777305,0.7250922944,0.7338335568,0.7465751912,0.768484469,0.778119244,0.7892959162,0.7938120208,0.8031431458,0.8106844738,0.852915155,0.69481501,0.7334695844,0.7500829128,0.7661072456,0.777411124,0.787732992,0.7946477448,0.802117534,0.8122355224,0.8282934078,0.884400959,0.650404944,0.7265227255,0.7413650016,0.7605039015,0.7727924608,0.7835076765,0.7911444804,0.7993063569,0.8087052496,0.8228373888,0.884400959,0.650404944,0.7235148247,0.7387738964,0.755510687,0.769380873,0.7820486305,0.7906542352,0.800109502,0.8105932796,0.823329189,0.897874671
0.723291122,0.732489743,0.7532099998,0.7685607077,0.778030236,0.7841650475,0.7917692374,0.7934993295,0.7975223328,0.8036764659,0.805116527,0.702777305,0.7272894263,0.7411631888,0.7675982948,0.779999968,0.790025758,0.7944578538,0.8011115421,0.80736024,0.8195579971,0.851381135,0.650404944,0.720163099,0.7339328188,0.750699674,0.770189303,0.782434517,0.7914683686,0.7990616504,0.8074404062,0.8197234782,0.864954389,0.650404944,0.720218038,0.734100296,0.7464732247,0.763040728,0.7750861695,0.786348535,0.7937106715,0.8047531174,0.8182190126,0.884400959,0.645719927,0.7092491901,0.72739241,0.7408630545,0.7553773308,0.7693073675,0.7822254966,0.7916811853,0.8020024404,0.8163417638,0.884724084
0.729166888,0.7407114984,0.7647987564,0.7784537568,0.8022220628,0.81140861,0.815706964,0.8189270826,0.832421071,0.8336260818,0.836500017,0.668220469,0.6932526274,0.723983362,0.743779642,0.7685252632,0.784210171,0.7927502018,0.799078338,0.8111227552,0.8201473468,0.8700126,0.631553922,0.7154760742,0.7477184892,0.769130412,0.7769295762,0.785052563,0.7921377926,0.7996563254,0.8101843008,0.8253268424,0.8700126,0.631553922,0.7295994514,0.7561891386,0.769404627,0.7792253568,0.787498077,0.7957469358,0.8051782174,0.8167040582,0.8303039244,0.8700126,0.631553922,0.7391644968,0.7586771128,0.771939165,0.7825343842,0.790984454,0.8001240328,0.8100792892,0.820047508,0.8336958858,0.883891747
0.810738145,0.8144797868,0.8184917026,0.8229563166,0.8248357778,0.82846931,0.834885061,0.8411933472,0.8445602966,0.8590778734,0.876723979,0.716335303,0.7689077725,0.7893270246,0.8038734673,0.8193617448,0.829063233,0.8361634356,0.8434567109,0.8511853012,0.8622505859,0.892208885,0.695945791,0.7393328202,0.7644049224,0.7815025398,0.7955529058,0.810738145,0.8245300402,0.8390096096,0.8523643848,0.8670226074,0.892208885,0.672936338,0.7346721115,0.75464632,0.7718816165,0.788399726,0.807470059,0.822348682,0.8354010385,0.84932198,0.867141527,0.928804493,0.648133954,0.7240348904,0.7448338694,0.7619855244,0.778405984,0.7945277,0.8115638782,0.8287146954,0.8450391752,0.8641835772,0.940702935
0.765323273,0.7813975493,0.79538301,0.7984549487,0.8066364268,0.812589472,0.8219366428,0.8260164124,0.8311930446,0.8330021377,0.836289293,0.684976157,0.7446430732,0.7685777674,0.7770244265,0.7920692898,0.8009560605,0.8088023276,0.8166319071,0.8271882836,0.8373477753,0.864227483,0.631553922,0.711568612,0.740296705,0.7538256185,0.766376773,0.7784612335,0.796881224,0.8071143805,0.818500826,0.8336044315,0.864227483,0.631553922,0.727816313,0.746021444,0.758350217,0.770751759,0.782662464,0.79552861,0.805963264,0.816548028,0.833199355,0.874421555,0.631553922,0.7329503862,0.7512708396,0.7654421369,0.7756398566,0.785368347,0.7960515858,0.80712593,0.8176213896,0.8332973356,0.923401612
0.828490219,0.8292274352,0.8309537678,0.8344834966,0.8450701152,0.8468329515,0.8482738022,0.8535175141,0.8602959382,0.8712875494,0.873630097,0.777437467,0.8073018275,0.8151525686,0.8223254468,0.8284805422,0.8338734615,0.8402124178,0.8489389077,0.8592927102,0.875491884,0.909156104,0.725976679,0.7992777635,0.807023702,0.8125204845,0.819917178,0.827595211,0.833643435,0.8419079505,0.856530786,0.8757658865,0.925710078,0.662145691,0.7793487553,0.7961368982,0.8057557187,0.8127800174,0.820591421,0.8288439452,0.8360402113,0.8484549232,0.8644596746,0.925710078,0.662145691,0.7734062324,0.791683481,0.8024903056,0.8115531578,0.8199124665,0.828910166,0.8379379874,0.8517656596,0.867727012,0.931951591
0.784238805,0.8035629608,0.80561451,0.8093959962,0.8141735138,0.817602077,0.8220630816,0.8258122388,0.8321830232,0.8438236172,0.855418874,0.690290147,0.7589240362,0.778572119,0.7875780824,0.7950555846,0.803736649,0.8103661652,0.8168913084,0.8225967112,0.8360400174,0.865183242,0.676343598,0.7433896076,0.7634974078,0.7732477111,0.7835516232,0.792936228,0.8034667768,0.8129723247,0.819517612,0.8363671175,0.884400959,0.676343598,0.744417318,0.766037483,0.776711176,0.7873787532,0.795465581,0.8046653684,0.8122251472,0.8219174716,0.8370242572,0.908952353,0.676343598,0.740718832,0.759592663,0.772360325,0.781894556,0.7912308,0.801389336,0.810663561,0.822060147,0.838470588,0.91242967
0.759114634,0.7766563594,0.7855930704,0.7880228921,0.7972448382,0.8116673175,0.8250512778,0.8490966887,0.8600611196,0.866799311,0.877935829,0.706462241,0.759831984,0.777803439,0.789341487,0.804569214,0.819514302,0.841920888,0.852098384,0.860998541,0.873454293,0.919808515,0.672936338,0.7313576994,0.7597818664,0.7836711007,0.80590648,0.823168734,0.8408404572,0.852744477,0.8634923054,0.8771549266,0.940702935,0.672936338,0.7289203254,0.7565494278,0.7747026704,0.7952197156,0.81488272,0.8322251344,0.8459802606,0.8600338614,0.8759784864,0.940702935,0.654637915,0.7241219207,0.7462546078,0.7644270691,0.7816968902,0.803167395,0.8232558686,0.8419201621,0.8582861408,0.8736577646,0.940702935
0.730192668,0.7443936569,0.748247536,0.771643575,0.7786622308,0.7933901125,0.798385263,0.8074262532,0.8151482982,0.824211301,0.836149089,0.727016573,0.7427441715,0.7526164088,0.7665315426,0.7811489546,0.797562317,0.8028837264,0.8133483637,0.8232206386,0.8367045168,0.856739536,0.69988381,0.742573644,0.756737303,0.766950656,0.776366918,0.7891164115,0.798744121,0.808098938,0.818500826,0.8336044315,0.864227483,0.631553922,0.7281240238,0.747549842,0.7588200806,0.7698920972,0.780393433,0.7931429534,0.8057110706,0.8164476502,0.8329513518,0.889499124,0.631553922,0.7328820762,0.7503647924,0.76440238,0.7747454446,0.786213042,0.797622141,0.8083961255,0.8184417244,0.8336416384,0.923401612
0.821565164,0.8297188871,0.8410482574,0.8597136851,0.86404623,0.8702026435,0.8750145562,0.8864148802,0.8982772668,0.9020115657,0.912450555,0.77219821,0.7991181891,0.8176298648,0.8288653347,0.8394896504,0.852419177,0.862683714,0.8707698544,0.8822656698,0.8930359559,0.912524819,0.725976679,0.7921728758,0.8138154606,0.8259793838,0.839280962,0.853318819,0.8669410808,0.8767797394,0.8849877444,0.899786372,0.937887159,0.725976679,0.7913790674,0.811288504,0.8256398689,0.8392671696,0.8521429455,0.8638925438,0.8742037206,0.884074203,0.8982993516,0.937887159,0.690342688,0.7832534064,0.8009130744,0.8153806005,0.8280996026,0.840175849,0.8537955778,0.8665813468,0.8796148476,0.8951936,0.937887159
0.74662446,0.7609568442,0.7646741162,0.769108769,0.7734011882,0.775160046,0.792506249,0.7993288778,0.8051225078,0.8070256542,0.808785504,0.7431577,0.7607149095,0.7710222234,0.7770373298,0.7835471154,0.7877202565,0.794844506,0.8018927023,0.8077893774,0.8184594514,0.85301779,0.7431577,0.7664469505,0.778668225,0.7859690015,0.793563553,0.801171402,0.807474542,0.8138554435,0.822684968,0.832618309,0.864179521,0.675686126,0.7688935468,0.7829249068,0.7918004684,0.7998226518,0.807023702,0.815142811,0.8212319362,0.8301517022,0.8392796558,0.884582109,0.668220469,0.7578108889,0.7780633124,0.7898755644,0.8004174976,0.8096110055,0.8183498788,0.8271207551,0.8365955364,0.854588719,0.909156104
0.669210223,0.6743962012,0.675967782,0.6894422592,0.6941278752,0.7027755445,0.7049537098,0.7086443526,0.7285623916,0.7490451712,0.764108805,0.664374875,0.6847041,0.69910789,0.7082276645,0.72305159,0.739089108,0.753425617,0.765143036,0.777358694,0.7957807875,0.820767046,0.657627536,0.6868350016,0.7055484934,0.7181096052,0.7346838794,0.748736044,0.7641040842,0.7769886052,0.7944145374,0.808962255,0.87178459,0.645970139,0.6880386754,0.7061026552,0.7182809686,0.733042037,0.745759553,0.7620685554,0.7780292818,0.7959760638,0.8137335308,0.87178459,0.61700632,0.690466618,0.7107813748,0.7250613358,0.7398149542,0.754962382,0.7703034242,0.7872846426,0.8002034654,0.8150719162,0.887587461
0.679903156,0.6891659672,0.6973227676,0.7184706886,0.7323966198,0.735223478,0.746089745,0.755580555,0.7666178694,0.7844638586,0.816831809,0.672936338,0.7037909111,0.7305044266,0.7427020371,0.7669102566,0.794362916,0.825006846,0.8607471805,0.87267415,0.8949158313,0.940702935,0.672936338,0.716986801,0.736256471,0.756783997,0.773172369,0.799829836,0.828009956,0.857788173,0.874630825,0.889955317,0.940702935,0.65971232,0.717436329,0.7415503102,0.7663687268,0.7878684008,0.812046983,0.8366996826,0.8557366742,0.8706036354,0.886834701,0.943129761,0.654637915,0.722873033,0.745343427,0.764633094,0.783063393,0.803982615,0.825711121,0.8444194,0.860744545,0.87933212,0.943129761
0.807237121,0.8119841627,0.826209893,0.8369297012,0.8404209798,0.845515036,0.853604312,0.8584641867,0.870762635,0.8754335755,0.877688475,0.725976679,0.8027004105,0.8106540734,0.819011271,0.8269549994,0.8347616825,0.8488929564,0.8592126108,0.8733598342,0.888641311,0.909156104,0.725976679,0.792470671,0.80494836,0.8119832735,0.820119176,0.827105642,0.833377677,0.8422410135,0.856530786,0.8757658865,0.925710078,0.725976679,0.7865539714,0.8016904216,0.8100523764,0.8175838958,0.8249775725,0.8319685302,0.840114373,0.8528711274,0.8647473129,0.925710078,0.662145691,0.7786314578,0.7960823274,0.8068852596,0.8152317398,0.824329594,0.8328101018,0.8418938828,0.8564175682,0.8768537864,0.93486508
0.714213215,0.7326552468,0.743394404,0.7511795709,0.7588613366,0.7747664935,0.7835918184,0.7852699543,0.7953586918,0.7995682871,0.801950926,0.650404944,0.7041279483,0.719678686,0.7323183267,0.7408978918,0.752408454,0.762715444,0.7739283701,0.790736519,0.8016413461,0.828422679,0.645970139,0.6846837266,0.7028123078,0.7143221152,0.724800353,0.73716684,0.7490695636,0.7651435286,0.7827900402,0.8008382494,0.847883503,0.61700632,0.6890231764,0.7075178848,0.721539087,0.7359488692,0.748160036,0.7640733426,0.778766507,0.7945008826,0.8092303689,0.87178459,0.61700632,0.6922448007,0.7133790686,0.7279154675,0.7408192598,0.755410744,0.769956341,0.7839002095,0.7957964586,0.8100699053,0.87178459
0.724246648,0.7277373708,0.7324205976,0.7372758736,0.747282728,0.761689812,0.7681931218,0.775672586,0.7810983346,0.7959906912,0.798280794,0.690290147,0.7200135884,0.74027474,0.7576691088,0.766776483,0.773534233,0.7789349372,0.789424559,0.8023627004,0.8195900268,0.868156119,0.690290147,0.7407945478,0.7617309324,0.7726645772,0.7833779724,0.796929946,0.8059290068,0.8163185598,0.8243001842,0.8383643334,0.908952353,0.684845539,0.7485670106,0.7617720528,0.7721544044,0.7817371328,0.793095318,0.8040084236,0.8125815399,0.822709542,0.8368032857,0.922104766,0.676343598,0.744494124,0.759759351,0.771001991,0.7810550548,0.790727418,0.800680627,0.8105442566,0.8218349346,0.8365166818,0.926640562
0.664374875,0.6853756362,0.6971470134,0.7153281527,0.7226140188,0.7358631935,0.7444784594,0.7472793402,0.7567639596,0.7589409856,0.7627588,0.664374875,0.6911622112,0.7059032642,0.7216490664,0.7456946802,0.758957167,0.7699807734,0.791828749,0.8005375216,0.809963044,0.828422679,0.646368205,0.6915767963,0.710398829,0.7229965513,0.7394412,0.7513899185,0.7650332394,0.7799661912,0.7945656178,0.8099218445,0.87178459,0.61700632,0.690471739,0.710999232,0.72340022,0.738816491,0.750124636,0.765064766,0.7798075,0.794653393,0.810164144,0.87178459,0.61700632,0.6923388363,0.7143221152,0.73303822,0.746788706,0.76265041,0.776810713,0.7898337465,0.8025748834,0.8186677023,0.906749764
0.872409746,0.8768024802,0.8797500008,0.8824450674,0.8850324996,0.886762533,0.8921215024,0.8937562506,0.8946803814,0.8998475152,0.906255893,0.753641686,0.828982858,0.849369683,0.862467041,0.86887156,0.8760830345,0.881103196,0.8851276195,0.895616611,0.9047341485,0.937887159,0.730892939,0.8104685947,0.8268542558,0.8399638417,0.8501693072,0.862249045,0.8685929024,0.8777000962,0.8844812244,0.8983806702,0.937887159,0.730892939,0.7893510062,0.810096024,0.8226415665,0.8351450808,0.8457219155,0.8573217878,0.8679006789,0.8788644002,0.8927460198,0.937887159,0.690342688,0.7764618675,0.7975842512,0.813772305,0.8259613872,0.839205445,0.851461061,0.8648204977,0.8770187306,0.892465006,0.937887159
0.751113585,0.8198986129,0.8357892266,0.8528835986,0.8614405514,0.864723313,0.8653054562,0.8663105651,0.8749825876,0.8903506298,0.89920533,0.687554581,0.741459981,0.7666468372,0.7895959222,0.8264568606,0.854206731,0.86802671,0.8803511448,0.8900327878,0.9006341626,0.940702935,0.65971232,0.7256773854,0.7493461824,0.7715629984,0.8057230926,0.833240277,0.860749816,0.8718222912,0.883622905,0.895321276,0.940702935,0.65971232,0.7241766472,0.7472349606,0.7666178694,0.7868687814,0.81194356,0.8406412472,0.8576029066,0.870815262,0.887552349,0.943129761,0.65971232,0.7253307604,0.748580659,0.7678594902,0.7861420864,0.809512369,0.8321876372,0.8507292618,0.86309642,0.8791625114,0.943129761
0.664374875,0.6778949456,0.6915704598,0.6990459629,0.7071914032,0.720375897,0.730608358,0.7400570723,0.7514132416,0.7900163336,0.813430609,0.664374875,0.6911622112,0.7059032642,0.7216490664,0.746259077,0.7627588,0.783391688,0.7945656178,0.8050473694,0.8135142402,0.87178459,0.661274279,0.6975387975,0.713849428,0.7316569675,0.744368876,0.758185569,0.769143846,0.7856460735,0.800146299,0.8134828785,0.87178459,0.61700632,0.6906126273,0.712464295,0.7252376984,0.7397646418,0.753397022,0.7666809534,0.7813760679,0.7955870256,0.8096315254,0.87178459,0.61700632,0.694748736,0.7162434664,0.734584217,0.7490773624,0.764793909,0.7782061578,0.790809371,0.8053215416,0.8207103678,0.906749764
0.754050416,0.7742658072,0.7890135224,0.8016117983,0.8216550094,0.8326844485,0.8468697956,0.8593098966,0.8679377674,0.8749547432,0.879938191,0.753641686,0.7926944188,0.807246826,0.8173564536,0.826615907,0.838398095,0.8485997092,0.8638341772,0.8736464046,0.8802646714,0.913867536,0.730892939,0.784957262,0.8058523946,0.819677782,0.8320335994,0.84243035,0.8538673034,0.8649956574,0.8756946556,0.8862812574,0.937887159,0.694152399,0.7740412088,0.7955716482,0.813105645,0.8287082486,0.842135012,0.8550861296,0.8688876381,0.88022375,0.8946838501,0.939000872,0.690342688,0.7762188146,0.794865386,0.812827298,0.8268955266,0.839700245,0.8526237864,0.8650949204,0.8757198574,0.8906620388,0.939000872
0.745759553,0.7743997552,0.7912457884,0.7945948762,0.7983514162,0.804000592,0.8090619232,0.8139834752,0.818322614,0.8260466508,0.828422679,0.664374875,0.7019265264,0.713257903,0.7270775986,0.7392480942,0.751391291,0.764176216,0.784021964,0.7957113412,0.8066041962,0.828422679,0.61700632,0.6842435422,0.7027746912,0.7142349076,0.7260517876,0.737228758,0.749317315,0.7649636296,0.784738336,0.8050473694,0.87178459,0.61700632,0.6904512067,0.709179165,0.7244032256,0.738821075,0.7523100585,0.7667851894,0.7798581514,0.7930838204,0.8082219694,0.87178459,0.61700632,0.6957534328,0.7173618358,0.733277489,0.7464104188,0.760652992,0.7738078736,0.7878966388,0.8001325934,0.8147772172,0.906749764
0.732285187,0.7392555328,0.7491946588,0.761338228,0.7678253162,0.77330935,0.7769552774,0.7828257425,0.7960926416,0.800501022,0.834458372,0.681749172,0.7292730692,0.7383740232,0.7447505614,0.7555636244,0.7668836725,0.7770314262,0.7868986756,0.793554329,0.8043872398,0.849146661,0.681749172,0.72474829,0.737000453,0.7484483115,0.759643727,0.768541015,0.779976338,0.7891579675,0.795830024,0.8088510965,0.884400959,0.62236723,0.718611626,0.7339314832,0.7442777057,0.7559044502,0.7672621725,0.7800134624,0.7901104334,0.8005143586,0.8157036713,0.884400959,0.61700632,0.7146311545,0.7333643714,0.7454337521,0.7596759158,0.7716260425,0.7827888158,0.7922367075,0.8030719916,0.8187459683,0.884400959
0.721349476,0.7303342642,0.7382083914,0.750129208,0.7504548082,0.767218541,0.7785121726,0.7843648522,0.7869257922,0.7887607336,0.792855676,0.669037316,0.7197189214,0.7322364542,0.741418569,0.750901064,0.763622,0.7714468304,0.7821637418,0.7904750164,0.798941198,0.834458372,0.650404944,0.7157822172,0.7302542826,0.7366894606,0.7447385506,0.755898807,0.7686480246,0.7803294376,0.790561504,0.8012912772,0.849146661,0.61700632,0.6989695073,0.7225509858,0.7349396477,0.7444048496,0.7565284955,0.7694219696,0.7837997497,0.7942692296,0.8069732621,0.884400959,0.61700632,0.7053430785,0.726493244,0.7384966075,0.750176688,0.764161427,0.776232361,0.7884967165,0.798997716,0.8135195725,0.884400959
0.742563089,0.7577027114,0.7732283278,0.7820885704,0.7914757872,0.799990932,0.8024563924,0.8099277852,0.8130727464,0.8168295888,0.82093543,0.670336109,0.7262820038,0.7547740282,0.7754187414,0.7852572348,0.7952759415,0.8012449988,0.8106356553,0.8176046418,0.8259436552,0.845440613,0.670336109,0.72324495,0.7524030472,0.7724015707,0.7832022092,0.792788777,0.799971755,0.8096280143,0.8175468628,0.8267176194,0.857821031,0.63666861,0.728356543,0.7569879406,0.7714540678,0.7817390634,0.791303704,0.7996533642,0.808663982,0.8175984192,0.8302427102,0.923401612,0.618034822,0.727816313,0.757309441,0.771523243,0.782185907,0.790824613,0.799657806,0.808844607,0.818720236,0.832507287,0.923401612
0.810080363,0.8177633863,0.8343662382,0.8477772529,0.853032429,0.85916049,0.8672841222,0.8724468205,0.8841023618,0.895785868,0.902340887,0.762868156,0.8255740035,0.840111526,0.850597748,0.856311434,0.8628010645,0.86868342,0.8727822195,0.88297495,0.8903974345,0.940702935,0.687554581,0.7632544492,0.7906792742,0.8184182712,0.8383284386,0.849057591,0.8555330572,0.8621689106,0.8695878532,0.8809547836,0.940702935,0.65971232,0.7433633166,0.775845931,0.8009320132,0.8224548,0.836829448,0.849172468,0.8578406616,0.8666464772,0.8767875598,0.940702935,0.65971232,0.735562577,0.760081868,0.7857146324,0.8090341784,0.82287787,0.8363905992,0.850638063,0.8617469158,0.8757233754,0.940702935
0.747824993,0.7728171531,0.7808261562,0.7878280576,0.7926217398,0.8001283295,0.8009079072,0.8018970271,0.8035756894,0.8073847071,0.809268738,0.69988381,0.7352879492,0.750587648,0.7683361364,0.7757719662,0.784171041,0.7974400834,0.8075372768,0.8159443978,0.8301683206,0.847862022,0.690290147,0.742015397,0.7582850676,0.768258423,0.7755501862,0.787345187,0.7987131586,0.810072563,0.8227371592,0.8346030852,0.913720835,0.684845539,0.747619471,0.761217878,0.770409199,0.780943045,0.7907441445,0.801594065,0.8123619815,0.826588711,0.8397649245,0.926640562,0.684845539,0.746701247,0.7611739964,0.770699397,0.7802770922,0.789560274,0.7997656318,0.8105245522,0.8229561102,0.8368309684,0.926640562
0.762594905,0.7801740759,0.7827411654,0.7843955297,0.788712488,0.7961485545,0.7992444778,0.8005239204,0.8053377532,0.8077572818,0.822705145,0.702768313,0.7621751522,0.7815428672,0.7874208282,0.794896629,0.799459965,0.8047337792,0.8101463658,0.8175991224,0.8262637274,0.864179521,0.693528302,0.763117639,0.781448803,0.790058237,0.798727174,0.8049703375,0.811470698,0.8175997855,0.824860218,0.8339863365,0.87195165,0.693528302,0.764841627,0.782234928,0.790655134,0.798879176,0.804961115,0.811470698,0.81833466,0.825944548,0.836096358,0.880767326,0.63666861,0.7564954132,0.775389309,0.7875172352,0.7968699086,0.805963264,0.8129388036,0.8205414288,0.830069584,0.8408686854,0.908029106
0.752360146,0.7624655993,0.7772441968,0.7800398472,0.7822938332,0.788315616,0.7932452716,0.7969325823,0.7987967292,0.8028389903,0.820127915,0.713009251,0.7512563643,0.7619944156,0.7708524834,0.7785978976,0.790019957,0.8001553862,0.8084967498,0.820866875,0.83210943,0.859270989,0.69988381,0.746463275,0.7611959372,0.7707991272,0.7808261562,0.789312496,0.7996658032,0.8108738932,0.8236439342,0.8356662358,0.923401612,0.684845539,0.7453103542,0.760595555,0.7702551532,0.780225,0.790066748,0.8012182846,0.8121762619,0.825436412,0.8378938107,0.926640562,0.63666861,0.7340167868,0.7534358476,0.7656788042,0.7745738224,0.784881958,0.7966638042,0.808105235,0.8205421174,0.8361767796,0.926640562
0.752705106,0.7581157667,0.7704081426,0.7816847883,0.7887179278,0.7896735675,0.814945224,0.8249723413,0.8277924322,0.8497484488,0.87178459,0.664374875,0.7049148686,0.7192230062,0.7453871921,0.7590497596,0.773932847,0.7879584156,0.7970432307,0.8081823962,0.8211869834,0.87178459,0.648154812,0.7029309927,0.7218001152,0.7489159606,0.7639622738,0.7758592695,0.7886181126,0.7966889402,0.8075433024,0.8219672684,0.87178459,0.61700632,0.7031281056,0.7255334192,0.7444119964,0.7597488794,0.772089788,0.7838016056,0.7952243776,0.8075433024,0.8222284144,0.906749764,0.61700632,0.7029078804,0.724717228,0.7417414124,0.7575775026,0.772781018,0.7873715564,0.8002606318,0.8145668096,0.832197304,0.906749764
0.775121208,0.7837947064,0.8086525328,0.8124843206,0.8157084618,0.818959849,0.8236055932,0.8289012552,0.834287817,0.836631325,0.837592691,0.727265229,0.7552587887,0.7712799482,0.7879729668,0.7956561942,0.8041634075,0.807840963,0.8177526758,0.822592308,0.8313151784,0.855653629,0.676481399,0.7511541776,0.7664275336,0.7819806144,0.791743905,0.802220187,0.8094204994,0.8191904251,0.826962774,0.8370232472,0.894392235,0.664374875,0.734366349,0.761847939,0.776468787,0.78907158,0.802220187,0.812209149,0.8233252685,0.834731409,0.8530689245,0.896982686,0.627915285,0.7203775738,0.750201225,0.7677079346,0.7830910358,0.795989759,0.8098960846,0.8245159934,0.841535646,0.8595998054,0.906749764
0.859632307,0.8687060944,0.8776687696,0.8851307466,0.9077685022,0.9136783565,0.9182928628,0.920413075,0.9236259286,0.926811315,0.93486508,0.78158347,0.8232480965,0.839320324,0.848745047,0.859240454,0.8652349605,0.87155163,0.88102205,0.901324715,0.912974069,0.937887159,0.730892939,0.791936912,0.808580756,0.8257594304,0.8426484844,0.854994328,0.8660926568,0.8755156016,0.8838766944,0.8991441206,0.937887159,0.725976679,0.7905772369,0.8063178476,0.8210798565,0.832083413,0.8424961275,0.8535669856,0.866219962,0.8778737652,0.8919192173,0.937887159,0.648876573,0.7902974016,0.806005795,0.8188693502,0.8293199348,0.840040699,0.851146667,0.863113109,0.875802912,0.8909569856,0.94996274
0.805539883,0.819572524,0.828248,0.831292101,0.833660657,0.8344653625,0.836287865,0.842377931,0.850144925,0.8534494875,0.87195165,0.758204257,0.8007565215,0.805539883,0.8096846945,0.813569844,0.820240754,0.830562353,0.8363804635,0.846132169,0.856042867,0.880767326,0.693528302,0.781480454,0.797059403,0.8048745305,0.810628979,0.816323093,0.822497448,0.8309548595,0.839188971,0.85259556,0.88428267,0.648876573,0.771961689,0.790875499,0.80042421,0.808022145,0.815196086,0.822660924,0.830397638,0.839491319,0.855209093,0.909156104,0.648876573,0.7721272537,0.7876897382,0.7983914289,0.8067886078,0.8139423705,0.8216533896,0.8299756182,0.8385434556,0.8543823297,0.925710078
0.796862926,0.8262382208,0.8402943436,0.8605441952,0.8661316056,0.8699478975,0.8765268206,0.8779172084,0.8834273152,0.8924435739,0.89469922,0.730892939,0.799422713,0.8152678012,0.8264283186,0.8366544348,0.845235881,0.8518701162,0.8623535632,0.8690672992,0.8772228766,0.89469922,0.730892939,0.7802869145,0.798352276,0.8143987505,0.828110958,0.842296054,0.85711431,0.868195233,0.87728113,0.8920596625,0.937887159,0.730892939,0.7811639304,0.8017153314,0.8171523296,0.8300874254,0.842975686,0.8550631792,0.8675643276,0.8785861484,0.893330066,0.937887159,0.714553045,0.7799754609,0.7996530716,0.8157033929,0.8300365626,0.8405511235,0.8516981572,0.8643891519,0.8767032134,0.8923329765,0.94996274
0.748603239,0.764433633,0.780535032,0.785612675,0.787726287,0.79082315,0.791015001,0.7982291025,0.803978287,0.8153780105,0.819010462,0.680265361,0.735303045,0.7494738512,0.7594262754,0.7664715294,0.775508555,0.7824627132,0.7903699756,0.794933622,0.804253759,0.837266415,0.675649794,0.725567965,0.7423929536,0.7511539868,0.760942726,0.768603675,0.7798001488,0.7896395172,0.7989988076,0.817057703,0.884400959,0.62236723,0.723361155,0.738653532,0.750704641,0.762042376,0.772064816,0.780979447,0.790520526,0.800623488,0.818151847,0.901266327,0.62236723,0.720329213,0.7375172406,0.7501312628,0.7635558848,0.773450884,0.7839892606,0.7931584748,0.8050751814,0.8226378862,0.91242967
0.864243714,0.865946668,0.87155163,0.8997578285,0.901793568,0.9028846105,0.904674824,0.9101050975,0.914018523,0.9245804115,0.937887159,0.730892939,0.8309704075,0.852685585,0.8627338355,0.86887156,0.8747311525,0.881103196,0.8881831125,0.898238565,0.910924147,0.937887159,0.730892939,0.803206614,0.825839127,0.8424211825,0.852685585,0.8631167255,0.869887917,0.878312979,0.88573797,0.8996073515,0.937887159,0.730892939,0.7914085802,0.8083651584,0.8218313247,0.8347004788,0.8452777155,0.8561553058,0.8667787585,0.878175161,0.892461465,0.937887159,0.725976679,0.7858672858,0.8022413704,0.8166045392,0.828603993,0.839700245,0.8507195814,0.8629520738,0.8754684702,0.8895395306,0.94996274
0.769390071,0.782877031,0.7839946114,0.7854821632,0.7909215912,0.810493897,0.8160581432,0.8301307516,0.833732323,0.8421060638,0.849250465,0.697140809,0.7573335584,0.770288794,0.783306165,0.7925020932,0.808417827,0.8152368342,0.8289202236,0.8338409326,0.8490043944,0.923401612,0.63666861,0.735184851,0.756922563,0.7683603095,0.777097483,0.785672695,0.794905911,0.809247211,0.821224058,0.8343354215,0.923401612,0.618034822,0.723046738,0.748625149,0.7634646446,0.7745702094,0.785534375,0.7968123592,0.8081105572,0.817538992,0.8324577166,0.923401612,0.618034822,0.7261038681,0.7498225392,0.7653384452,0.7758145522,0.7870109145,0.7993903846,0.8104724929,0.8202731064,0.8333009293,0.926640562
0.795533722,0.8001090558,0.8190624822,0.8253728796,0.8266999344,0.827305005,0.8364307264,0.8513182972,0.8532794776,0.8541766004,0.860322466,0.742783947,0.795551024,0.8059692664,0.8132866216,0.8203955008,0.826326359,0.832643027,0.84212249,0.853093705,0.8616825182,0.888390214,0.648876573,0.7874726896,0.8007822858,0.8081479932,0.815284271,0.823214582,0.830864621,0.8373785602,0.8480479592,0.8577862802,0.908029106,0.648876573,0.7860049505,0.798933633,0.8075051905,0.814650679,0.822511467,0.830050752,0.8377763305,0.849021152,0.8625963655,0.926888154,0.648876573,0.7797503515,0.796221533,0.806510395,0.815098973,0.824391395,0.831981519,0.8409055995,0.853318819,0.8700407075,0.937887159
0.799895047,0.811264848,0.815650958,0.819356908,0.824860218,0.825928355,0.828468876,0.8313037885,0.832071364,0.8385665985,0.84743607,0.705847004,0.781934766,0.792040662,0.7985453115,0.80225225,0.8070438085,0.814205579,0.8176539605,0.822705145,0.830381936,0.84743607,0.684921258,0.7443457105,0.76652123,0.7824352595,0.791096233,0.797674339,0.802866014,0.8100737555,0.817543824,0.826203116,0.864179521,0.63666861,0.7347758734,0.7597852648,0.774653667,0.7851480668,0.7935706775,0.8013232836,0.8089087063,0.8175453434,0.8289087081,0.87195165,0.618034822,0.7351972945,0.763395346,0.777149346,0.787850217,0.7965136575,0.805100389,0.812668086,0.821258218,0.8332075465,0.923401612
0.700269662,0.7524773934,0.7628294534,0.7704921605,0.7752017344,0.779918624,0.78252912,0.7905985882,0.8124239062,0.8365959419,0.852388281,0.684845539,0.7560712692,0.7662590592,0.7770304817,0.786980226,0.801891964,0.8110551768,0.8218729036,0.8338656742,0.8478730834,0.908952353,0.684845539,0.7290527595,0.753514629,0.764732287,0.77534313,0.78621693,0.796929946,0.8131572115,0.823960974,0.841900292,0.913720835,0.680265361,0.73056425,0.749344091,0.762315589,0.772379713,0.7818119795,0.791883428,0.8042989815,0.817602077,0.835707851,0.926640562,0.638516407,0.7250143332,0.7469872178,0.7600410392,0.7702545138,0.7781797255,0.7882759878,0.7971905234,0.8099079078,0.8282672151,0.926640562
0.795637075,0.8022022826,0.8049677378,0.8062572575,0.8076723192,0.8105814665,0.8123487898,0.8177954924,0.8199155726,0.8230128132,0.837502995,0.736401762,0.7662315115,0.785731902,0.7937076015,0.802365339,0.808603136,0.813055524,0.8193804125,0.825753806,0.8322873715,0.855653629,0.705629067,0.761625614,0.775441705,0.7880784255,0.794980702,0.8065131295,0.815265495,0.822598788,0.830848151,0.8439036315,0.896982686,0.669352881,0.742601059,0.764049701,0.7780894245,0.790245727,0.802203904,0.8123837,0.8235378505,0.836829448,0.858125369,0.906749764,0.627915285,0.726136496,0.7563193784,0.7747735544,0.7899506454,0.80516183,0.818001478,0.830733404,0.8473626456,0.8634168462,0.956134403
0.684504334,0.6901739192,0.698379146,0.7015456832,0.7116114728,0.716350878,0.7606963868,0.7671518996,0.7812763768,0.7901198848,0.803872098,0.62236723,0.68785273,0.7027549232,0.7288002458,0.7336439816,0.74399533,0.754767728,0.765576364,0.7771497032,0.791765139,0.837266415,0.62236723,0.7012619764,0.7243911612,0.7340629194,0.7439060784,0.752181412,0.7637493404,0.7730307746,0.784519245,0.7952740504,0.848987596,0.61700632,0.7013756525,0.726788059,0.738644871,0.748918915,0.7604065245,0.770709421,0.7819884125,0.791544445,0.80529761,0.858681924,0.61700632,0.7110615846,0.7311611244,0.7429273594,0.7540341634,0.766812519,0.777834465,0.788443775,0.79732325,0.8122748372,0.884400959
0.745289098,0.7539746179,0.7740186032,0.782524393,0.7850760426,0.786887392,0.787499899,0.7889953548,0.7905535808,0.8063258377,0.817407363,0.729280378,0.7524527236,0.7615546682,0.768344594,0.7755529946,0.784692508,0.7910559296,0.8083592124,0.8191515522,0.8459893364,0.923401612,0.723564827,0.7557533076,0.7651683478,0.7741394886,0.7826497188,0.790826372,0.8040686216,0.8144666124,0.829711208,0.8416190866,0.926640562,0.634784305,0.732745731,0.7533877112,0.7666400313,0.7767026318,0.7866684835,0.7969257642,0.8102048936,0.8240721022,0.8385905142,0.926640562,0.618034822,0.7215818256,0.7442722752,0.7607543384,0.7707822048,0.7803948425,0.791251837,0.8041703212,0.8178951684,0.834206128,0.926640562
0.814614405,0.8217175952,0.832710906,0.833764962,0.83601888,0.841785229,0.8465593052,0.856289692,0.858084271,0.8616100278,0.862962597,0.648876573,0.7631956966,0.801298681,0.8141001275,0.8209277448,0.826642945,0.8325364152,0.8377302933,0.846669604,0.8556860111,0.862962597,0.648876573,0.7856333422,0.799089655,0.8076689478,0.8152767766,0.8226488765,0.8295274212,0.8367631977,0.8439028184,0.8557342943,0.900709468,0.648876573,0.7814785614,0.7972703894,0.8059100474,0.8138438556,0.821835323,0.829764351,0.836489212,0.8450264742,0.8565861658,0.908029106,0.648876573,0.781417677,0.797593975,0.806660917,0.814650679,0.823589063,0.831526234,0.83978958,0.850513268,0.865602959,0.93486508
0.843713276,0.8724423404,0.8761657848,0.880547663,0.8872264472,0.89085098,0.8920063888,0.8926610863,0.8946266028,0.8959721482,0.897321735,0.730892939,0.7879777918,0.8139578256,0.8335502108,0.8455967364,0.859016575,0.8664339044,0.8742484452,0.8828186336,0.8957626626,0.912020367,0.730892939,0.800420068,0.8171531582,0.8325035998,0.8434868192,0.853462967,0.8643824514,0.8738807734,0.883703246,0.9011640976,0.94996274,0.730892939,0.7939210192,0.8111630756,0.8261111132,0.8393765088,0.84969437,0.8605550758,0.869999518,0.8805633438,0.8944415696,0.94996274,0.648876573,0.7805311729,0.798447234,0.8126799189,0.8258695092,0.836750035,0.8480809934,0.8605508509,0.873529167,0.8874047429,0.94996274
0.786993118,0.8078067534,0.8087914044,0.8133374832,0.8187727748,0.8247382355,0.8369049728,0.8497797011,0.856410991,0.8584069755,0.861365849,0.727650573,0.7878092548,0.7962530698,0.8114979294,0.8198180646,0.825281833,0.832179101,0.837724239,0.843563657,0.8542650026,0.880767326,0.648876573,0.7720131028,0.7915763758,0.8025340084,0.8122293968,0.820362332,0.8269700104,0.8338009608,0.8422228466,0.8526373914,0.880767326,0.648876573,0.7737391884,0.7901464318,0.7998226518,0.8075965126,0.813541194,0.8217791456,0.8294903408,0.8366205828,0.8496880548,0.888390214,0.648876573,0.7630888689,0.7835127966,0.795572066,0.8039343662,0.8119704385,0.8192708778,0.8271392524,0.835125218,0.8489710727,0.911440199
0.702855446,0.7176758266,0.7441121574,0.7472606898,0.7760682214,0.787344493,0.8015150906,0.8075426102,0.8080040318,0.8120584874,0.821705362,0.63666861,0.6850790467,0.7132994318,0.7432257627,0.763400877,0.775632704,0.7905068492,0.8030797003,0.8109927302,0.8192464602,0.846161771,0.618034822,0.709159367,0.7392998976,0.7616681748,0.7752382274,0.790685738,0.799870357,0.8087322826,0.8175350002,0.8273560004,0.86604371,0.618034822,0.721924705,0.745941636,0.765149471,0.779049134,0.7908909855,0.799358457,0.808427253,0.817519664,0.83013198,0.923401612,0.618034822,0.7211501974,0.7450110184,0.7635806828,0.7761891474,0.786213042,0.7949982832,0.8059404023,0.8156050452,0.8289186923,0.923401612
0.70978573,0.7197842568,0.7252385578,0.7286038596,0.7317081176,0.740378873,0.7451900708,0.7604779272,0.7736803338,0.7811098402,0.791347044,0.62236723,0.6912549708,0.7088860842,0.7266107224,0.7350657212,0.74018999,0.7496055026,0.7637399934,0.774292525,0.7989704848,0.848987596,0.61700632,0.6899503595,0.713534405,0.729806493,0.738192712,0.7470321435,0.760295561,0.774654529,0.790374897,0.814043756,0.858681924,0.61700632,0.702756305,0.7253217444,0.7383241464,0.7492358534,0.760652992,0.7713937674,0.7839652332,0.7954830568,0.812286607,0.869597988,0.61700632,0.713296435,0.7340148018,0.7472307682,0.7609964314,0.771715793,0.783809957,0.7935260536,0.8055270936,0.8235760128,0.906749764
0.721623629,0.7306447128,0.73991064,0.7460323098,0.7470692214,0.759411551,0.7698119766,0.772481717,0.7745686268,0.7969694812,0.821278531,0.680265361,0.7228060186,0.7355733576,0.7479068655,0.7581264754,0.7660571665,0.7739619252,0.779589992,0.7875863952,0.7971991835,0.84523791,0.638516407,0.7117403314,0.7361873272,0.7515611062,0.7598043844,0.768659391,0.7768258418,0.7842489596,0.7927604588,0.804382258,0.852774861,0.62236723,0.706066407,0.727497749,0.7455306545,0.758613407,0.768246433,0.778707724,0.789385839,0.79881621,0.819125891,0.913720835,0.62236723,0.7037032238,0.7272652624,0.7447140064,0.7591026388,0.770984992,0.7815858942,0.7915260426,0.8038450082,0.8234335818,0.926640562
0.692042172,0.7184459562,0.7228228746,0.7305622157,0.7349332742,0.7399604055,0.7515411688,0.7547251682,0.7702621032,0.7996534834,0.821628039,0.61700632,0.6800168644,0.701073338,0.7183461956,0.7394787396,0.752142574,0.7638429644,0.7728983948,0.7841700964,0.80139534,0.831396286,0.61700632,0.696645178,0.7177191742,0.732750206,0.7447347944,0.758169777,0.77236628,0.7844196154,0.8072065602,0.8302444548,0.906749764,0.61700632,0.7086426348,0.7338599172,0.7466002164,0.763176065,0.775241272,0.7888232254,0.8029341696,0.8210769348,0.8428898094,0.956134403,0.61700632,0.7099372541,0.7331237074,0.7489475324,0.7647376358,0.778276159,0.790053915,0.8021697573,0.8179280952,0.8395165517,0.956134403
0.770299845,0.7780523504,0.7804031964,0.781743309,0.7833391186,0.783861561,0.7899266988,0.7990741304,0.8105514314,0.8221548106,0.840819005,0.683066426,0.752639229,0.770142368,0.775241272,0.78037123,0.786531775,0.792649719,0.801867394,0.81917558,0.847306308,0.906749764,0.654083931,0.7259931238,0.7539773376,0.7677947048,0.7764987186,0.787987518,0.7936417368,0.8061058566,0.8193188654,0.848488114,0.951286201,0.61700632,0.7129619044,0.7510683034,0.7681295456,0.7817135722,0.793398484,0.8066022024,0.8160258362,0.8282958288,0.851696771,0.956134403,0.61700632,0.7169096798,0.7407865562,0.7601375698,0.7751141724,0.789660381,0.8031826986,0.815460196,0.8288199508,0.8489375062,0.956134403
0.741381586,0.7522154868,0.7553864624,0.768102564,0.7987552602,0.8055386595,0.813179258,0.8186556001,0.8261747838,0.8468494347,0.908054819,0.723564827,0.7501768794,0.7580708348,0.7679740606,0.772366982,0.781395989,0.7877211436,0.7949370198,0.8135602578,0.8288962992,0.926640562,0.698113814,0.7534123332,0.7646416016,0.772366982,0.7816194064,0.789396653,0.7970734886,0.811110961,0.8268931126,0.8432325866,0.926640562,0.673529851,0.7351743684,0.7552633212,0.767878833,0.777177174,0.786214552,0.796359848,0.8096772796,0.8238032238,0.839100278,0.926640562,0.618034822,0.7101226348,0.7351743684,0.7526416249,0.7651964614,0.775033328,0.7857190926,0.798714394,0.8148562634,0.8337286956,0.926640562
0.706080371,0.7421130668,0.7565738958,0.7669611482,0.7730379732,0.7764609685,0.777113703,0.7829676288,0.8068593498,0.8224238129,0.852774861,0.684845539,0.7214144714,0.7289936132,0.7464606538,0.7584932808,0.767598467,0.7753834074,0.779488766,0.7859214756,0.7993862466,0.861530178,0.642313241,0.707698976,0.7286412862,0.746094139,0.7597666904,0.77304763,0.7806310434,0.7901681318,0.7996069332,0.8255750974,0.926640562,0.638516407,0.7058902012,0.725393178,0.746215323,0.759740504,0.77215709,0.781682155,0.79343829,0.8060780154,0.8321104366,0.926640562,0.631403579,0.7024926454,0.725304305,0.7454511268,0.759124021,0.770358384,0.780836793,0.7913730444,0.804129683,0.823555365,0.926640562
0.716311806,0.7255481217,0.7442318684,0.7513015999,0.7669468662,0.7826165845,0.7887920486,0.7925620929,0.795046826,0.7985531086,0.8623509,0.684845539,0.7454130678,0.7596109978,0.7706252105,0.777911247,0.7881031785,0.7925459728,0.7999601435,0.8296257432,0.8542360269,0.926640562,0.684845539,0.7248753349,0.7493146342,0.7595718245,0.7717080208,0.780653191,0.792169568,0.8068715613,0.8231818428,0.8387504158,0.926640562,0.635422009,0.7145459653,0.7413427508,0.7580188044,0.768312185,0.7768323905,0.7872368366,0.796654526,0.811206605,0.8323798147,0.926640562,0.635422009,0.7066855939,0.7309790168,0.7501796951,0.7640304302,0.774278085,0.7841033828,0.79504882,0.8109556086,0.832653153,0.926640562
0.655577761,0.6712768458,0.6754005694,0.6827313424,0.6883268184,0.689740713,0.69270446,0.7116207464,0.7256629436,0.7280764988,0.740062733,0.62236723,0.6887846898,0.7168465316,0.7318407948,0.745195768,0.7590996,0.768398201,0.7779571396,0.7876943738,0.803512071,0.848987596,0.62236723,0.714408956,0.7316146442,0.7425468128,0.753394301,0.764194782,0.7729961174,0.784844335,0.7961335522,0.811924993,0.858681924,0.61700632,0.7078520048,0.732369481,0.7447465578,0.7558474568,0.767471824,0.7792497894,0.788954252,0.797215854,0.811885481,0.858681924,0.61700632,0.7075901374,0.7319465578,0.7447142677,0.7560645662,0.7685203575,0.7796967342,0.7897390123,0.798750906,0.8148263026,0.869597988
0.796709062,0.8059122755,0.8206399906,0.8246519257,0.8306671916,0.8326096105,0.8346292734,0.8416332233,0.8448589828,0.8545260181,0.858145511,0.634784305,0.6870208392,0.7437858956,0.7626619206,0.776605526,0.785657539,0.7962550022,0.8137435888,0.8307932088,0.8468935152,0.923401612,0.618034822,0.6986388825,0.727064234,0.748267435,0.761569893,0.771966223,0.782641222,0.7952307875,0.813300654,0.83414355,0.923401612,0.618034822,0.7110237205,0.7349162936,0.7534451127,0.7660077292,0.777022649,0.7884039214,0.8011668764,0.8147692604,0.8316309562,0.923401612,0.618034822,0.7219636734,0.7404677464,0.7571211988,0.7698678194,0.781472932,0.7925005314,0.8024566028,0.815529904,0.8319800334,0.926640562
0.82345048,0.8291066452,0.8363712012,0.8405245388,0.8416207844,0.846202056,0.8484816188,0.8498430739,0.8513978342,0.853286872,0.868276867,0.788590044,0.816806153,0.827257861,0.83544376,0.843147134,0.850700115,0.859591129,0.86761773,0.881151993,0.891678918,0.927067051,0.73486337,0.7905591007,0.8063305008,0.8192525804,0.831669094,0.8406903525,0.851084663,0.8655745342,0.8790282444,0.8942974683,0.94996274,0.648876573,0.7858716458,0.8032009032,0.8148266414,0.828007036,0.838985962,0.8497286192,0.862901947,0.877781791,0.8943186832,0.94996274,0.648876573,0.790209349,0.805933287,0.818946846,0.830799633,0.839873041,0.850056509,0.861909933,0.874293987,0.889605169,0.94996274
0.737386395,0.7523088614,0.7586067746,0.7651148126,0.7683734274,0.775441705,0.775832825,0.7780301786,0.7854576104,0.7893708348,0.793656108,0.71748142,0.7563230126,0.7648081788,0.7729003552,0.7787044712,0.786531775,0.7920947072,0.8008766766,0.8102750034,0.8159693784,0.843138936,0.679271755,0.7491457271,0.7677947048,0.7801679261,0.7916736022,0.8016162055,0.8095571108,0.820460057,0.8334273796,0.856021493,0.956134403,0.655715664,0.737887114,0.7620102834,0.7766160544,0.7903091928,0.8023634535,0.814274586,0.8260073111,0.841899398,0.8633118116,0.956134403,0.627915285,0.7212371274,0.7511304624,0.7694669406,0.7843127324,0.7978511935,0.8113654492,0.8248124893,0.8408577034,0.8586758917,0.956134403
0.774587177,0.7933137254,0.8085259158,0.8272114212,0.8494170848,0.857371832,0.8647451016,0.8668568112,0.8745399684,0.8789765588,0.880323663,0.772231818,0.7885985896,0.8051571958,0.8182664636,0.8319525088,0.84169829,0.8517698072,0.860292608,0.870028173,0.8801657924,0.916009805,0.730892939,0.7714428622,0.7886253062,0.8049641798,0.8237229216,0.836099156,0.8491065616,0.859800227,0.8736654768,0.8896852008,0.94996274,0.712752223,0.7767631418,0.7943872806,0.808084593,0.8244217198,0.83757838,0.848184733,0.8573250544,0.8699206716,0.8846409144,0.94996274,0.712752223,0.778426478,0.797899085,0.811429085,0.826469963,0.838206777,0.84890591,0.860637101,0.873685659,0.886353791,0.94996274
0.770951455,0.7724241252,0.7739936106,0.7808275084,0.7817375054,0.782343588,0.7858391928,0.7917861802,0.7939706616,0.8040037224,0.813403532,0.693528302,0.7617514146,0.7765790002,0.7870387288,0.7920408892,0.797593975,0.806858372,0.8131238846,0.8217877632,0.8318417986,0.858795124,0.693528302,0.759175176,0.774943529,0.7877790465,0.794570874,0.8046339625,0.81515115,0.8230676615,0.832218414,0.842202225,0.861372216,0.648876573,0.7548389049,0.7731591678,0.7882310976,0.7983743732,0.807867836,0.8163320662,0.824856537,0.8339398788,0.8443029661,0.880767326,0.647431966,0.7544795025,0.7746060778,0.7875034508,0.7969323924,0.8057313725,0.8136131316,0.8220574518,0.831574059,0.8432440908,0.911440199
0.743007577,0.754968682,0.77290902,0.7835539648,0.784558776,0.793262804,0.802329036,0.8175654633,0.8196046272,0.8270252211,0.831396286,0.668255139,0.7180339065,0.7381896848,0.7513034274,0.7590176072,0.768040459,0.7823627118,0.7898183688,0.8098614786,0.8214876027,0.869597988,0.61700632,0.7110502789,0.7377776146,0.7528450869,0.768346704,0.78147114,0.7963279108,0.8136763032,0.8281939278,0.8435448265,0.906749764,0.61700632,0.7056087711,0.7327531194,0.7489977514,0.7672246374,0.781530374,0.7942247236,0.8098373739,0.8274015,0.8493890038,0.956134403,0.61700632,0.7176404608,0.7398572116,0.7566946813,0.7714927098,0.784117239,0.79569565,0.8086504971,0.8259957126,0.8503667413,0.956134403
0.730188524,0.7535941092,0.7767735068,0.7958378835,0.809365733,0.8131913015,0.8213149052,0.8253680286,0.8446172936,0.8532865734,0.891170551,0.634784305,0.6912050092,0.712292438,0.7309813718,0.7534104214,0.769680715,0.7806278108,0.792944174,0.8091112518,0.8311740548,0.891170551,0.618034822,0.696266495,0.715736636,0.731644724,0.75251125,0.7651964485,0.778725971,0.7920545485,0.812958974,0.8338940595,0.923401612,0.618034822,0.7110237205,0.7289622812,0.7437304962,0.7581603676,0.7695729685,0.7815563008,0.7937630916,0.8104980886,0.8282378691,0.923401612,0.618034822,0.7141768213,0.7340957646,0.7483957101,0.761567266,0.7739915025,0.7854604766,0.7956709101,0.8105001844,0.8275664559,0.926640562
0.692254128,0.7175646387,0.7221794402,0.7251476035,0.7329718532,0.743782597,0.7442260098,0.7546207123,0.7592449792,0.7614417502,0.784121385,0.642313241,0.6897657176,0.7114372154,0.7211646008,0.7279874376,0.743574485,0.758360443,0.772626146,0.7845626112,0.7990848332,0.861530178,0.63560572,0.6808605113,0.70825637,0.7215289058,0.73424459,0.747630422,0.7623784792,0.7767939339,0.7879171146,0.799302237,0.926640562,0.616854269,0.68206527,0.7084052124,0.7240830166,0.7444681114,0.758613407,0.7721790508,0.782892815,0.7950174926,0.8217722542,0.926640562,0.616854269,0.6936029036,0.7179898888,0.7397687507,0.755687765,0.7671492305,0.7775542724,0.7897163199,0.8024381176,0.8239604116,0.926640562
0.82345048,0.8290961902,0.8421778114,0.8493016372,0.851587093,0.857782197,0.8637044546,0.8761195224,0.8813313114,0.885856026,0.892266768,0.73486337,0.8201300587,0.8314321844,0.8421292444,0.8494177788,0.8572250935,0.8661905354,0.8756904507,0.8866643834,0.9077656324,0.94996274,0.720002096,0.7944907693,0.807458035,0.8204561408,0.8316697174,0.840538863,0.8531321084,0.8639148521,0.879574353,0.8940350688,0.94996274,0.648876573,0.7875799206,0.8047180332,0.8159486037,0.8293793446,0.839125106,0.8494276628,0.8628601173,0.8769044324,0.8910551172,0.94996274,0.648876573,0.7886265505,0.80436943,0.816608794,0.828381079,0.8375187155,0.847071534,0.8588958695,0.872202029,0.8876065855,0.94996274
0.774048615,0.7777595658,0.7824364446,0.7867705542,0.791404021,0.805025646,0.806867015,0.8087356514,0.8119994078,0.817902641,0.830984343,0.742588981,0.775115967,0.783418086,0.792365012,0.799324428,0.807849699,0.812462251,0.821462326,0.828647534,0.837967732,0.858795124,0.693528302,0.758132652,0.7718021912,0.7842595556,0.7932439394,0.8038386065,0.8133020618,0.8230851419,0.8309944836,0.8411420518,0.861365849,0.647431966,0.7455505471,0.7667200548,0.7814270917,0.7920408892,0.8024130725,0.812873816,0.8226344991,0.8323587396,0.8439845953,0.870926308,0.647431966,0.7517845974,0.7738285854,0.7863134958,0.7954999732,0.80477022,0.8133514636,0.8227957654,0.8320146394,0.844125617,0.911440199
0.732106003,0.7575959036,0.765002467,0.771065349,0.775645102,0.7787099225,0.785156771,0.7950846223,0.7969414782,0.8021085424,0.809678995,0.638516407,0.6991222828,0.7170430968,0.7487757832,0.7652295938,0.776300843,0.7826828482,0.7893076316,0.7946571904,0.8017741015,0.814211129,0.638516407,0.7021800368,0.7200061406,0.7365161299,0.7493042894,0.760218703,0.7714596308,0.7805278245,0.7901820642,0.7990648453,0.831110629,0.62236723,0.69426468,0.715555288,0.7320974754,0.7474165462,0.759357843,0.7714897518,0.7808220255,0.7914162728,0.8050563089,0.858681924,0.616854269,0.6934417568,0.7180289346,0.7362364225,0.7501432836,0.76340688,0.7753558,0.7849881975,0.795109145,0.8087170709,0.882724298
0.759132726,0.7614213258,0.7632472062,0.7649716981,0.7683784916,0.7716505955,0.7804044778,0.7849100816,0.8070680188,0.8113802693,0.813669895,0.696351799,0.7294620072,0.7501479946,0.759029064,0.7675888064,0.779795451,0.7886158476,0.8000438586,0.8145299512,0.828571501,0.891170551,0.6479593,0.7201397843,0.7436987748,0.7588575655,0.7691628828,0.77889935,0.787499899,0.7971485872,0.8138128522,0.83183692,0.916077917,0.618034822,0.7109199418,0.7284683456,0.7453779118,0.760722561,0.770299443,0.7815940574,0.7935527906,0.8105568156,0.8310312268,0.926640562,0.618034822,0.7048909481,0.723561113,0.7397726866,0.7529687124,0.766648512,0.7799158316,0.7924037721,0.8086502328,0.8303601904,0.926640562
0.722568669,0.7630972959,0.7789823812,0.7927050387,0.79883943,0.818903363,0.8242971896,0.8276558072,0.8517263342,0.8588318961,0.86604371,0.618034822,0.6738184774,0.724240845,0.7370838296,0.7510967728,0.772429747,0.789033262,0.7993721276,0.810065505,0.8250546818,0.86604371,0.618034822,0.6959594625,0.716022754,0.7321302775,0.747593443,0.7652887125,0.777875886,0.79344567,0.806751189,0.821144651,0.891170551,0.618034822,0.7111305385,0.7284847322,0.7433629807,0.7562607846,0.769330846,0.7822414032,0.7948374327,0.8070215074,0.8220737281,0.916077917,0.618034822,0.7117956168,0.7329386542,0.7478078535,0.7628806148,0.775474026,0.7857331532,0.7966409637,0.8096440418,0.8242731562,0.923401612
0.77664047,0.7960219354,0.8044330062,0.809111931,0.8159722528,0.821731094,0.8282064246,0.8298724954,0.841482207,0.8483540642,0.854490514,0.648876573,0.7984599371,0.809720045,0.8204136568,0.8264191856,0.8297866835,0.8351169326,0.8406463464,0.8462760108,0.851167595,0.870926308,0.648876573,0.7814199758,0.7976153334,0.8046117414,0.8138703332,0.821835323,0.8290049866,0.8347810906,0.8420355318,0.8509128298,0.911440199,0.648876573,0.7749620024,0.792167861,0.8031841311,0.8121379884,0.8205022885,0.8276817446,0.8338795644,0.8422806902,0.8538877865,0.927089096,0.647431966,0.7658419968,0.7874096484,0.8000892896,0.8096364066,0.819827597,0.8282820532,0.8355823018,0.8459060434,0.8613904632,0.927089096
0.792770562,0.8019519926,0.8137940186,0.8201703752,0.8242769256,0.830430027,0.8411921204,0.8441839008,0.849216528,0.8521810732,0.856672677,0.763192947,0.781143128,0.7924637944,0.8038813554,0.8153152028,0.8227856485,0.8298315176,0.8351577168,0.8420037392,0.8495209448,0.860794143,0.648876573,0.7719410468,0.787638501,0.798417238,0.8080664564,0.817195744,0.823373858,0.829885864,0.8366043082,0.8458671066,0.870926308,0.647431966,0.7466096036,0.7729428912,0.787919592,0.798546544,0.809819625,0.8204180452,0.8287927252,0.8365492226,0.848381673,0.911440199,0.647431966,0.7552510607,0.7746879926,0.7884196961,0.7982134798,0.806725715,0.81521822,0.824149696,0.8332061438,0.8449399413,0.911440199
0.805004857,0.8395529824,0.844150005,0.8491782021,0.8501037882,0.853034691,0.861371221,0.8668302541,0.8754439674,0.8796634041,0.884182013,0.748967381,0.786599962,0.804515969,0.817764432,0.831204796,0.838282171,0.849160412,0.855871337,0.864625092,0.8767905715,0.917483377,0.712752223,0.7697789197,0.787280278,0.7996879553,0.8131723466,0.829021363,0.8407835418,0.8533148987,0.8654504976,0.8845005357,0.94996274,0.712752223,0.7734391542,0.7885646,0.8028554492,0.8158247146,0.830079391,0.8421351472,0.8536377772,0.8669989176,0.8824845334,0.94996274,0.712752223,0.7810694972,0.7979811836,0.8107551066,0.8254595984,0.8362990405,0.8481709148,0.85857265,0.8716034044,0.8845837698,0.94996274
0.799234972,0.8150742616,0.8302584916,0.8343522046,0.8546219206,0.870510743,0.8740054868,0.8767369444,0.8837145196,0.9044646988,0.917483377,0.748967381,0.7857851888,0.8052484916,0.8255883686,0.8388217124,0.8501825745,0.8626451776,0.8737759026,0.8842532706,0.9059293768,0.94996274,0.748967381,0.788611408,0.805021427,0.8250076415,0.833441142,0.8424547865,0.852868894,0.8625579135,0.874872034,0.8896326825,0.94996274,0.712752223,0.7766330776,0.7949129624,0.8084856938,0.8259630252,0.837264236,0.8491117834,0.8593933926,0.8737802184,0.8880240756,0.94996274,0.712752223,0.780059725,0.795814941,0.807535216,0.820943317,0.832135637,0.843709864,0.856136491,0.870618235,0.884828086,0.94996274
0.768927691,0.7709929875,0.7748990392,0.77711673,0.7816884002,0.789646503,0.7919815026,0.7994228655,0.8044329488,0.8356623817,0.871097531,0.635422009,0.719808457,0.744318812,0.7600743765,0.770664489,0.777473381,0.788643354,0.795979246,0.802373534,0.825899972,0.884302036,0.635422009,0.6993444828,0.7291677956,0.7526271388,0.764361787,0.774481672,0.7849483108,0.7965310482,0.8078096506,0.8281536168,0.926640562,0.620964289,0.6924217422,0.7160130604,0.7358485144,0.7492124494,0.7616385205,0.7732574944,0.7842750585,0.7967230168,0.8213286015,0.926640562,0.616854269,0.6954042147,0.7144497718,0.7299568084,0.743293119,0.7570589135,0.7697015152,0.7827951219,0.7989018302,0.8245269987,0.926640562
0.796808014,0.8100468244,0.8175119692,0.8276806996,0.8319063652,0.834450986,0.837241781,0.841604519,0.8455239116,0.8568618468,0.86187434,0.780261559,0.80477022,0.814498846,0.82204035,0.82767908,0.831560118,0.835545525,0.843037425,0.847976031,0.859507845,0.911440199,0.697502328,0.7751045342,0.7942109074,0.8046536682,0.8131484218,0.82226104,0.8296799872,0.834833515,0.8426695226,0.8511251514,0.911440199,0.647431966,0.7673238803,0.7855448896,0.8001112619,0.8085855364,0.8187893975,0.826650877,0.8334307735,0.8423628966,0.8567118803,0.927089096,0.647431966,0.7591171918,0.7821115276,0.7963692001,0.8072686064,0.8177080625,0.8274138058,0.8354347598,0.846959678,0.8633721028,0.927089096
0.70725025,0.7165380512,0.72154154,0.7480644012,0.7539243746,0.760058744,0.7689197236,0.7864327692,0.7916841722,0.7927183868,0.79347843,0.638516407,0.7002771295,0.710467018,0.7223443439,0.7452879322,0.761281316,0.7743082456,0.7862738358,0.7930873136,0.8027110276,0.831110629,0.638516407,0.6830816382,0.707223928,0.7234552708,0.7417360586,0.756432727,0.7714134784,0.7827358692,0.7916898932,0.8043701488,0.852370108,0.616854269,0.6813640838,0.708893576,0.7265553488,0.743659153,0.755853566,0.7703179556,0.7828160294,0.793056872,0.8056094466,0.854239733,0.594473001,0.6787229368,0.708468409,0.7278077422,0.744251834,0.758713453,0.7724755642,0.784899369,0.7971212748,0.810554748,0.861530178
0.641642584,0.662883945,0.6884607922,0.6934663024,0.7068702492,0.711810058,0.7131069078,0.7176958842,0.7268217972,0.7364096876,0.74684166,0.638516407,0.6573269938,0.6689530992,0.6825781537,0.6984790862,0.7069641485,0.711790044,0.7184218751,0.7329297668,0.7441941372,0.79879296,0.616854269,0.6596728265,0.681786257,0.7000178305,0.711810058,0.7224735295,0.73621523,0.747469171,0.76364858,0.786433931,0.809678995,0.616854269,0.665344772,0.693541608,0.7111443612,0.7233525038,0.736870557,0.749785117,0.764879715,0.7809078816,0.7970617608,0.871097531,0.580038126,0.6680800848,0.7018512912,0.7213705942,0.736325077,0.748983269,0.7629468986,0.776453835,0.7893836762,0.8024792904,0.884302036
0.739052466,0.7630546022,0.7825542366,0.7872007434,0.7893180386,0.790472405,0.7954983744,0.8030689364,0.8172865634,0.8241342122,0.831722696,0.689508725,0.7377563187,0.7567374266,0.7636995334,0.771926039,0.7813409255,0.789439316,0.7984711022,0.8086898412,0.8227981835,0.837500891,0.647431966,0.7389307014,0.7585162724,0.768564693,0.7782170254,0.785892932,0.794571056,0.8026718054,0.8125102602,0.8258330362,0.870872964,0.647431966,0.7403482972,0.7554344782,0.7674032038,0.7773167428,0.7858095525,0.795024079,0.8057339921,0.8209172336,0.8353408609,0.870926308,0.647431966,0.7347703846,0.7513219878,0.7639940094,0.775964729,0.7877336845,0.7978764342,0.8093655266,0.822582675,0.8361069413,0.911440199
0.743386531,0.7440292816,0.7551364396,0.7721316214,0.776315771,0.785592333,0.8085250418,0.813353663,0.8197170548,0.8223512596,0.823598699,0.712752223,0.7465284874,0.7698308946,0.7807689515,0.7918313282,0.798244834,0.8081302066,0.8212540634,0.8289778836,0.8491606209,0.891502978,0.712752223,0.7688078592,0.7842536284,0.7955849512,0.8066348446,0.820257526,0.8305088428,0.8434924764,0.853659303,0.8663988164,0.899378053,0.712752223,0.7674348542,0.785592209,0.7988275374,0.811479865,0.825291438,0.8373804388,0.8491460742,0.8595012578,0.873704616,0.919992319,0.691867829,0.7675818648,0.7869755604,0.8022459393,0.814218667,0.8279197375,0.8402936844,0.8523847186,0.8646047288,0.8803389702,0.94996274
0.754634745,0.7557589918,0.7579720844,0.7680030731,0.7756987572,0.7799821665,0.7812603286,0.787477557,0.8008560504,0.8053191038,0.823936906,0.647431966,0.7248315228,0.755314756,0.768564693,0.7776512716,0.791535332,0.804300183,0.8207734386,0.8320460982,0.8414840956,0.870872964,0.647431966,0.7451349595,0.766868096,0.780471169,0.792003643,0.8030365935,0.813289293,0.8233525755,0.83413813,0.844249287,0.870926308,0.647431966,0.7478484102,0.7662341904,0.7787930976,0.7893601242,0.798664279,0.808708334,0.8204180452,0.8299650188,0.8421403602,0.911440199,0.647431966,0.7459584996,0.7631334738,0.776630384,0.7876203562,0.796992014,0.8069410008,0.8184748198,0.8292941412,0.8423628966,0.911440199
0.715467356,0.7260052026,0.7280763218,0.7289895704,0.7308620228,0.731835737,0.7369332394,0.7424079842,0.7469488022,0.7708176166,0.77836579,0.6883374,0.7161390706,0.7260994098,0.7295132506,0.736573592,0.7455028865,0.7511518012,0.7599672802,0.7793352466,0.7949825678,0.832097853,0.640742713,0.7053370005,0.722568669,0.7311152765,0.741948528,0.750435589,0.761569893,0.7769503465,0.791483101,0.80399536,0.86604371,0.618034822,0.7053370005,0.720529618,0.7317547205,0.743343698,0.7513887095,0.763750511,0.777808018,0.791483101,0.808236477,0.891170551,0.618034822,0.7102971441,0.7269531014,0.7408926477,0.750773475,0.761625332,0.773573778,0.7838984088,0.7982303466,0.815916254,0.891170551
0.73080149,0.734788145,0.7372303458,0.7396558698,0.742061837,0.742539979,0.744085723,0.7445750414,0.7453671884,0.7459750064,0.748917309,0.683739125,0.7009411212,0.707519218,0.7147015738,0.7211046352,0.7255899735,0.7322894664,0.7377506539,0.744575771,0.7607709167,0.828173985,0.677985819,0.7016990195,0.712654141,0.7218857385,0.728477113,0.7370838935,0.744368754,0.7527997765,0.772514647,0.8028691675,0.855173509,0.618034822,0.7043552235,0.719580404,0.7284551945,0.738481871,0.7478149955,0.756997812,0.772472197,0.790210373,0.8121402785,0.891170551,0.618034822,0.7015305978,0.7195440152,0.7327825632,0.7444956592,0.75450894,0.7662815702,0.7791362444,0.7933252092,0.813508354,0.916077917
0.747907932,0.7519306145,0.7630760628,0.7720637717,0.7790467456,0.7902281225,0.798268073,0.8042777384,0.809757682,0.8137123277,0.820251596,0.687959811,0.7370889665,0.747711378,0.7570589135,0.764215347,0.7729554235,0.78133371,0.7919063335,0.804966515,0.8241433215,0.884302036,0.635422009,0.7045990025,0.717910768,0.7307718835,0.739191758,0.747809655,0.760026954,0.7737821045,0.79074523,0.8140486005,0.884302036,0.625725376,0.6962964624,0.7104705872,0.7204487185,0.7313019678,0.740511776,0.748899336,0.7633799527,0.7791338558,0.8019422594,0.884302036,0.616854269,0.6922875196,0.708926987,0.7198190076,0.7287174086,0.738459486,0.748219976,0.7616285918,0.7798158852,0.80308589,0.926640562
0.799236025,0.8026552859,0.8113494956,0.8152047126,0.822613456,0.8292732965,0.8454808634,0.8533713719,0.8540494978,0.8563352037,0.860637101,0.751167288,0.7736560134,0.783121135,0.7922330129,0.7993859628,0.81282436,0.8259285342,0.8310299175,0.840962098,0.8535997193,0.882077015,0.712752223,0.7717826042,0.7850496658,0.7975286336,0.8051309778,0.820127987,0.829701786,0.8401278012,0.8544927438,0.8683531576,0.901869399,0.712752223,0.7701645922,0.7880357296,0.802506336,0.8127994378,0.825115737,0.8357692262,0.8496526842,0.862260206,0.8794436236,0.94996274,0.710496088,0.7650747468,0.7868476956,0.802579796,0.815088037,0.827179764,0.8392083984,0.8516755112,0.8640211654,0.8803372694,0.94996274
0.787050413,0.829405255,0.849828274,0.8782336815,0.886221091,0.893970838,0.898857996,0.905357771,0.908799499,0.9132320495,0.926071426,0.757040579,0.8114539075,0.821853562,0.8391458845,0.857280228,0.8640382715,0.877001825,0.880310388,0.888372114,0.904946305,0.926071426,0.742586303,0.8005901055,0.81342846,0.82577941,0.83457692,0.843119725,0.854252099,0.8638278905,0.877526501,0.889531572,0.935129592,0.720002096,0.787421966,0.8042728232,0.8142677514,0.8268261102,0.834726747,0.8458122208,0.8571302408,0.8705921346,0.8860910982,0.94996274,0.720002096,0.7847958266,0.800655116,0.8104093584,0.8223035334,0.830597532,0.839997757,0.8509421384,0.8635649824,0.879783288,0.94996274
0.875654995,0.8783272554,0.8839827202,0.8856620749,0.889450816,0.895993582,0.8978581248,0.9048874934,0.9087958722,0.9137853561,0.919294402,0.742586303,0.8066032294,0.8193759456,0.830271416,0.8432853784,0.856251078,0.8711482892,0.8794580924,0.887560248,0.9036771742,0.926071426,0.735624199,0.7998227732,0.8125120946,0.823743955,0.8338533802,0.845083278,0.8544273824,0.8637272352,0.876754199,0.8881905792,0.927089096,0.720002096,0.7865868316,0.8033299582,0.8137712428,0.825561854,0.834337872,0.8433718162,0.8555411152,0.8686866106,0.8844525984,0.94996274,0.720002096,0.7855863087,0.8014168158,0.8105596485,0.8218065934,0.8298929265,0.8387502154,0.8493679905,0.861276893,0.8784304471,0.94996274
0.668966085,0.6946961004,0.6983464068,0.703233692,0.7132954624,0.716253619,0.7285111276,0.7340103172,0.7379701734,0.753076327,0.770421906,0.620964289,0.6524549425,0.681111783,0.695985713,0.704875826,0.714937638,0.725303443,0.7359565965,0.749705511,0.771909053,0.857026309,0.616854269,0.666157793,0.6884125006,0.7064539082,0.7187546552,0.732819707,0.7405801478,0.7508923728,0.7693457796,0.7922839792,0.884302036,0.616854269,0.663351999,0.697108496,0.714264847,0.724381135,0.735894136,0.74374107,0.755681316,0.770477346,0.796910824,0.884302036,0.569153951,0.6651080456,0.6958940082,0.7115891752,0.7208260142,0.72992752,0.7405066802,0.7525056658,0.7696554574,0.7932821982,0.884302036
0.680482855,0.6820658342,0.6873515184,0.6948916129,0.7111286058,0.7231049735,0.7280096292,0.744257643,0.7558279426,0.7648991112,0.772020701,0.656047102,0.6800171938,0.700078189,0.714284905,0.7273181708,0.740781664,0.753179305,0.7636129954,0.7786496692,0.7939646864,0.823565614,0.594473001,0.6646262057,0.6909838606,0.7140147314,0.7332823816,0.747317748,0.760732768,0.7804705469,0.7919125226,0.8062770408,0.852370108,0.580038126,0.6582058181,0.6884626404,0.7142667439,0.7349043224,0.748136934,0.7644132554,0.7803566225,0.7928286298,0.8072315131,0.852370108,0.569153951,0.665081397,0.7018421458,0.722676708,0.7384407976,0.751716344,0.7699194234,0.7836641414,0.7952254752,0.8077922786,0.854239733
0.716198495,0.7553319855,0.7615825172,0.7657513602,0.7680797194,0.7786169415,0.7876382716,0.7886355301,0.7906940566,0.8029146323,0.823177882,0.647431966,0.725116812,0.747847719,0.7614833615,0.771784908,0.7883471725,0.800403423,0.8081424075,0.821812801,0.8364505825,0.870872964,0.647431966,0.7399022196,0.7555541112,0.7683650418,0.7797249108,0.7915632,0.8020604,0.8144667388,0.8261857104,0.8373292712,0.870872964,0.647431966,0.7424170556,0.7607599064,0.774760682,0.786201238,0.797045003,0.8080542736,0.8188134744,0.8305683056,0.845614557,0.920569132,0.647431966,0.7486658006,0.7635424422,0.7770005497,0.7895027816,0.8010921845,0.8115416364,0.8230589213,0.8347970738,0.8511831604,0.920569132
0.720991417,0.7261790125,0.7286455262,0.7298676185,0.7321229434,0.7381303865,0.7406138232,0.7438776744,0.7508923728,0.7587042797,0.770477346,0.68820521,0.721851786,0.7309905426,0.7362786642,0.7406865632,0.744156467,0.7477784108,0.7524099706,0.7616449414,0.7773561396,0.819047901,0.667500731,0.6978416195,0.7104122628,0.7190955872,0.7308664098,0.7385485175,0.7453426866,0.7535218429,0.7668989768,0.7902513649,0.864913458,0.626352948,0.6959253154,0.7094872022,0.7178025672,0.725291627,0.7335362,0.7419132588,0.7502998614,0.7653476022,0.7908510682,0.884302036,0.616854269,0.692907588,0.7084992442,0.7174980123,0.725297535,0.7337932445,0.7425121134,0.7512834628,0.7647969392,0.7859973392,0.884302036
0.708598129,0.7108948863,0.7162878002,0.7328727877,0.7383069088,0.7462409695,0.7592853358,0.7644882771,0.7726641334,0.7777407242,0.785892932,0.70015474,0.7355068636,0.7508682748,0.7568434482,0.7638932254,0.771863391,0.7792859438,0.7845208236,0.7924129978,0.8011685822,0.837500891,0.647431966,0.7325017675,0.746127083,0.7539858645,0.760532455,0.766237156,0.774524163,0.78148874,0.788897211,0.801083836,0.85897385,0.647431966,0.731901765,0.745981841,0.753581428,0.760145082,0.768303577,0.775790774,0.78430767,0.794842748,0.809324071,0.869588693,0.647431966,0.7255633688,0.7419147474,0.7516967976,0.7600157802,0.770654389,0.7810758718,0.7925071642,0.8052066452,0.8205476132,0.870872964
0.705198849,0.7226380152,0.7274517356,0.732655745,0.7362003706,0.743110779,0.7454628342,0.7493805202,0.7519820398,0.7563290826,0.757844899,0.680882166,0.710701117,0.725782855,0.7369480174,0.7468182146,0.751226977,0.7550436604,0.7633251942,0.7763198974,0.7888702644,0.851262968,0.677985819,0.70749136,0.72222451,0.7337932445,0.744498968,0.751852647,0.758829342,0.7699439925,0.781343964,0.7988129655,0.85897385,0.677985819,0.7103518136,0.723417812,0.7362117386,0.745131395,0.751980211,0.7607736042,0.7715732122,0.782201696,0.7986412008,0.85897385,0.640742713,0.709523203,0.7248833556,0.7368702367,0.7458363174,0.7536177965,0.7622805586,0.7732094321,0.7838277388,0.7991851283,0.86604371
0.66733022,0.6895000222,0.7245610346,0.730013576,0.7311649544,0.7335362,0.7351021698,0.7361146958,0.7363004366,0.7418384154,0.743511561,0.616854269,0.6324660799,0.6505703558,0.6793218051,0.697205114,0.7143398315,0.7235835758,0.7329556069,0.7382308854,0.7433763415,0.767522702,0.569153951,0.6375143548,0.6598735972,0.6808789854,0.7018512912,0.714091762,0.7222136484,0.731813538,0.7402660786,0.75331636,0.801382318,0.569153951,0.6499607215,0.676971875,0.6967724936,0.711576437,0.7205744,0.730165491,0.738960948,0.7512808502,0.7691742957,0.864913458,0.569153951,0.664407549,0.6951400826,0.7119748316,0.721127475,0.730638849,0.7407088262,0.7513246702,0.7662652188,0.7898222926,0.884302036
0.735624199,0.764658949,0.773424513,0.821210385,0.83457692,0.8487855115,0.851589091,0.859463743,0.871243835,0.8862285855,0.891438384,0.723284483,0.7791305145,0.796174188,0.809117723,0.827793996,0.837571396,0.849869725,0.85764642,0.86778545,0.8767352875,0.891438384,0.723284483,0.785028857,0.8015808622,0.8089972812,0.8192971994,0.8288471945,0.838477349,0.8504542804,0.8629017922,0.8793493188,0.920569132,0.716198495,0.781337845,0.799547943,0.809574576,0.819544882,0.828626541,0.83626392,0.849092823,0.860650406,0.877301307,0.926071426,0.647431966,0.767992877,0.7895867146,0.8036471894,0.8129943338,0.823149946,0.8312857124,0.8408379598,0.8526701356,0.8711622,0.927089096
0.68137459,0.6937041918,0.6973399156,0.6978416195,0.6995521842,0.7044156605,0.7101127828,0.7126839797,0.712961847,0.7156504282,0.718099613,0.677985819,0.6924350611,0.697817491,0.7061046982,0.7124395762,0.7174126985,0.722088477,0.7316109903,0.7397475898,0.7497830078,0.780249654,0.677985819,0.6975945287,0.7120555164,0.7210544938,0.728195013,0.7369235965,0.7426888958,0.7484044451,0.7553356706,0.7713935535,0.819047901,0.676739559,0.7017672822,0.7165148062,0.7261117567,0.7361792696,0.743660303,0.7502765518,0.7590097964,0.771427418,0.7925308182,0.85897385,0.640298335,0.7050202106,0.718144138,0.7280940526,0.737942197,0.747823923,0.7567070926,0.7684083558,0.780656705,0.8009291584,0.884302036
0.707890453,0.7203538609,0.7232212694,0.725104177,0.7272351536,0.7322261535,0.7331069718,0.7408224689,0.741460702,0.7418446704,0.743445118,0.625943699,0.6593715337,0.6966234984,0.7066038068,0.7142948434,0.718239179,0.7230771446,0.7312527172,0.7365950918,0.7434916281,0.780525605,0.569153951,0.6440810927,0.6859619118,0.7062524405,0.7170358336,0.7232007585,0.7314808354,0.7385067451,0.7501940566,0.7674693617,0.819229964,0.569153951,0.652251815,0.6816435132,0.7037825802,0.7148882266,0.7223933425,0.7316320966,0.7405587014,0.7498569174,0.7679881505,0.864913458,0.569153951,0.6673472711,0.6951269802,0.7102698845,0.718344874,0.726320055,0.7356009724,0.7443365661,0.757986234,0.7801143312,0.884302036
0.805557527,0.8141428025,0.821638993,0.8254345731,0.8277720782,0.8283904675,0.8378100936,0.8431048629,0.8444618086,0.8492966741,0.852397696,0.747330214,0.7903686711,0.8028210496,0.8122951934,0.8187007774,0.8263572145,0.829858532,0.8401251818,0.850462217,0.8614140748,0.877526501,0.740532036,0.7820316345,0.79963084,0.8097308075,0.819627693,0.826928319,0.835443377,0.846648649,0.859921392,0.871432719,0.926071426,0.724567485,0.7734697055,0.792425403,0.8053177945,0.816740897,0.8266288075,0.835846026,0.8484685685,0.860159912,0.8767352875,0.926071426,0.710496088,0.769892906,0.7881951634,0.8032920292,0.812567631,0.822919401,0.8305864664,0.8414684282,0.8563679742,0.8751340494,0.941557475
0.63198472,0.6370200856,0.6448025968,0.6464356096,0.6477282024,0.664561851,0.6766987238,0.6865891082,0.716863112,0.7372029528,0.7515518,0.569153951,0.627640306,0.634963585,0.645667672,0.655203164,0.672372017,0.696927974,0.724381135,0.736258154,0.749256753,0.767522702,0.569153951,0.6347237524,0.6560036254,0.6797708372,0.6957173156,0.7158410765,0.7236624612,0.7335004588,0.7420155864,0.7549613462,0.794487565,0.569153951,0.652247384,0.680748423,0.700226364,0.714414816,0.723037727,0.733146001,0.742522314,0.756587558,0.776243219,0.843135961,0.569153951,0.6653676436,0.69739835,0.7138054124,0.7228790262,0.733706314,0.7446258872,0.7589901616,0.7746503196,0.7938038174,0.864913458
0.75802259,0.7830210458,0.793518196,0.805445296,0.8207003274,0.839364445,0.8634634522,0.8731196558,0.879048031,0.8869437776,0.890740461,0.723284483,0.7757214403,0.8045095558,0.8194399316,0.8347389938,0.848156693,0.8514155636,0.8614396945,0.869963202,0.8799214745,0.891438384,0.723284483,0.7856220102,0.8043635584,0.8175446596,0.827830947,0.836615775,0.847149716,0.8542573788,0.8638257204,0.8768151878,0.920569132,0.723284483,0.7826781284,0.8007701802,0.80960612,0.8187485982,0.827474565,0.8358038082,0.847169932,0.8587922186,0.8765308674,0.926071426,0.716198495,0.7779945286,0.7944725696,0.805367084,0.8144664118,0.823149946,0.8309550384,0.840165715,0.8539358314,0.8717573488,0.927089096
0.790038645,0.800539062,0.8047804468,0.8062648078,0.8136917162,0.81667702,0.8173300918,0.822346401,0.827909415,0.8356426986,0.841158643,0.740532036,0.7805668881,0.7993087426,0.8056796255,0.8134110564,0.8202775595,0.825602285,0.8283835517,0.8353500384,0.8453187355,0.880727244,0.724567485,0.762504339,0.7803617962,0.7956632866,0.8056340936,0.816847151,0.8253774168,0.8336236304,0.8444298656,0.861278876,0.89066961,0.710496088,0.763026261,0.7807926414,0.7962815758,0.8088363974,0.818801902,0.8271065924,0.837294039,0.8495674816,0.8652806458,0.926071426,0.710496088,0.762189505,0.781822132,0.798568817,0.809955879,0.818719611,0.826552173,0.838239836,0.851937471,0.869600152,0.926071426
0.695579321,0.6974962111,0.7004407184,0.701650183,0.7064646374,0.7109772765,0.7159919876,0.7180165451,0.7274077042,0.7341700135,0.737962246,0.686650379,0.6953142365,0.704515942,0.7122348045,0.71933882,0.7272625895,0.73253001,0.739901426,0.747454678,0.7561618965,0.793562363,0.676739559,0.6959051242,0.7095483658,0.7180147284,0.7265526054,0.735002293,0.742067277,0.7490622672,0.7588160952,0.7711471198,0.819229964,0.667500731,0.6982674718,0.7119010234,0.7190623164,0.7264939808,0.736227173,0.7445319018,0.7533030718,0.7644922268,0.7814549046,0.845008656,0.625943699,0.701810571,0.714627662,0.723043827,0.731522039,0.740636777,0.749242223,0.7608008645,0.77618092,0.798374833,0.894078306
0.594473001,0.641291613,0.646746484,0.667937234,0.6862484532,0.6975409955,0.7209798114,0.738006146,0.7581141318,0.7658172737,0.78014483,0.569153951,0.6298977756,0.6461796304,0.659192901,0.6813833318,0.702770602,0.7293203914,0.7428544796,0.7558854722,0.7683645366,0.794487565,0.569153951,0.6423373474,0.668638096,0.6930531764,0.7204113876,0.731630083,0.743327798,0.7560649514,0.7669827086,0.7901975698,0.841506408,0.569153951,0.6545063416,0.6909406698,0.7179653492,0.7274285748,0.740071327,0.7526078594,0.765160353,0.7819933442,0.7968560172,0.843135961,0.569153951,0.6718822016,0.7062541732,0.7201027372,0.7319591084,0.743215863,0.7571130544,0.7707653562,0.7859177164,0.8004866682,0.843135961
0.719580404,0.7400454638,0.7475381294,0.7501925654,0.7536596486,0.757614748,0.7639354818,0.7708206834,0.7740785406,0.7808926406,0.787040823,0.686650379,0.7002509897,0.7115236864,0.7192148993,0.7330482962,0.7452849585,0.751714422,0.7575503071,0.7680167382,0.77755626,0.817230594,0.676739559,0.6953926566,0.707260139,0.7179281254,0.729301468,0.740766664,0.7500538166,0.7569780452,0.7710121042,0.7876014784,0.841228547,0.676739559,0.7035951512,0.7186962612,0.7286634978,0.737847412,0.746411504,0.754633928,0.7642910256,0.7756397198,0.7937880094,0.85897385,0.670211678,0.7070022015,0.7190985656,0.7282636574,0.737823529,0.746157794,0.7536594918,0.7623130926,0.7753422486,0.7934914579,0.894078306
0.727560529,0.7843098017,0.837962226,0.8498217289,0.8608485468,0.874426513,0.879948528,0.8846576588,0.885958156,0.8874166667,0.920569132,0.723284483,0.7764008826,0.7956191022,0.8069459431,0.8197453304,0.829219301,0.8361050706,0.8499602758,0.8589194012,0.8802806163,0.920569132,0.723284483,0.7766519028,0.795754572,0.80825535,0.8186031412,0.827793996,0.8362288628,0.8491329774,0.857770468,0.8693343312,0.920569132,0.723284483,0.780689001,0.796275994,0.8075996901,0.8157088606,0.823908312,0.8313185042,0.8419366759,0.8517157924,0.8674751729,0.920569132,0.69928836,0.769662208,0.788255485,0.7994853525,0.80890903,0.8179320755,0.827111876,0.83628544,0.85094605,0.868799597,0.926071426
0.720262508,0.734328096,0.7430951122,0.7460079402,0.750547597,0.751847963,0.7588098746,0.7605434048,0.7621515274,0.7644599996,0.776209912,0.681440641,0.7369193075,0.746101545,0.7511999125,0.754645888,0.7606722655,0.765237689,0.773041463,0.775702434,0.7861141645,0.8045896,0.681440641,0.7340865942,0.7431794098,0.7509205345,0.7567396012,0.761955436,0.7691906938,0.7759407224,0.7846713152,0.8007846719,0.85897385,0.674766284,0.725992223,0.742213047,0.750709185,0.756754501,0.763453251,0.773154371,0.782564844,0.793804156,0.809579794,0.869588693,0.647431966,0.724184161,0.7411581992,0.7505371594,0.7571476304,0.764160159,0.7743902816,0.7845105024,0.798801696,0.8172206004,0.8825761
0.750840337,0.7540092471,0.7565865724,0.7585139437,0.760167379,0.7677245935,0.7791154112,0.7837012083,0.7959883922,0.8091167869,0.838959361,0.729805014,0.7489476829,0.754951707,0.7613419531,0.7686832516,0.775266455,0.7802934016,0.7897938265,0.8028729056,0.8172170669,0.85897385,0.686449862,0.730945535,0.743251948,0.7505072,0.755365346,0.759754359,0.768157611,0.775124539,0.782564844,0.800825802,0.85897385,0.676739559,0.7074342976,0.7239209876,0.7388796876,0.7489855678,0.7540482495,0.7600832332,0.7687982392,0.7777425062,0.7919479296,0.85897385,0.676739559,0.7094447165,0.7241366272,0.7362098093,0.7452991266,0.752422197,0.7595029616,0.7692086201,0.7802206896,0.7957440399,0.85897385
0.827435001,0.8315034431,0.8392152638,0.8420455624,0.8444298656,0.844554956,0.8454155144,0.8496131736,0.852632973,0.8586089243,0.89066961,0.740532036,0.7685025878,0.7931728606,0.8078738549,0.8183001858,0.827239084,0.8344897038,0.8405332465,0.850610835,0.8637118116,0.89066961,0.740532036,0.772079143,0.787107597,0.804256011,0.811287838,0.819172276,0.827175232,0.835164416,0.845617873,0.85995516,0.89066961,0.723284483,0.7734398305,0.7908684162,0.8043232598,0.8115034098,0.819688055,0.8266329052,0.8357886537,0.8491129002,0.8647911479,0.920569132,0.710496088,0.7752009206,0.791947303,0.8026742056,0.8104366126,0.818446621,0.825959879,0.8357197768,0.849405844,0.867510513,0.926071426
0.762287094,0.7758345383,0.7809764138,0.7834045161,0.7842298098,0.7869793705,0.7894893376,0.7914343727,0.7928518942,0.7977736618,0.806851757,0.702361432,0.7479044752,0.769905652,0.783433718,0.7914789494,0.7976861375,0.8059339862,0.8125689659,0.8177499116,0.8280429459,0.869588693,0.681440641,0.7464255212,0.7578284722,0.7687551715,0.7818867756,0.7930249425,0.8023721124,0.8117134116,0.821603061,0.838178711,0.89707991,0.647431966,0.7369561106,0.751551232,0.7609871678,0.7749667176,0.787520813,0.7993935358,0.812085453,0.8265009528,0.8470629328,0.920569132,0.647431966,0.7312019545,0.7488025626,0.7597816097,0.7727848834,0.7855948615,0.799631199,0.8149777655,0.8296271608,0.8509403935,0.920569132
0.700196121,0.7102469296,0.714406338,0.7167766056,0.7237077516,0.727032056,0.728222131,0.7288333714,0.7318137862,0.7350376074,0.739707065,0.627640306,0.7066468836,0.7121333634,0.7150079138,0.7181294538,0.720697785,0.7231701228,0.728336234,0.7367744288,0.766908914,0.819229964,0.569153951,0.6758172088,0.7063062436,0.713511285,0.718308074,0.722627726,0.7276274028,0.7342008342,0.7440759626,0.7616628798,0.845008656,0.569153951,0.6760598184,0.7002203154,0.711947384,0.7187824802,0.725622353,0.7323908682,0.7409909096,0.7513210634,0.7713508998,0.894078306,0.569153951,0.6803160422,0.7030847442,0.7156933344,0.7233390688,0.7316313415,0.7407249756,0.7503136221,0.76623483,0.7853750467,0.894078306
0.737994414,0.7454837536,0.7474068472,0.7499881395,0.7527534752,0.7552222675,0.7591929518,0.7621905619,0.7642814076,0.7710203642,0.781491931,0.681440641,0.7304164128,0.7396227818,0.7426661142,0.7480220462,0.752724191,0.7596877714,0.7664159458,0.7745253652,0.7841720008,0.841228547,0.681440641,0.7256400015,0.739989535,0.74833394,0.753550979,0.758839503,0.765754043,0.775119698,0.783172873,0.7992563805,0.85897385,0.662376327,0.7259588286,0.7411939324,0.7498671216,0.7545528464,0.759970161,0.7663225364,0.7743376188,0.7836747872,0.799199358,0.85897385,0.662376327,0.7219089302,0.7389782694,0.7489174286,0.7545544386,0.760933955,0.7691345346,0.7790338244,0.7914938384,0.8114427,0.8825761
0.760318591,0.7833086259,0.8014177718,0.8120665935,0.8195878324,0.8246284325,0.8314917814,0.832378227,0.8364558328,0.8411821782,0.847304684,0.734712887,0.7603365909,0.772919178,0.779206226,0.7966728438,0.8098231345,0.8191810886,0.825100815,0.832286704,0.8440176198,0.880727244,0.710496088,0.7520795897,0.7675620272,0.779798483,0.7974744444,0.8093410985,0.8168142232,0.8227012599,0.8290305606,0.8401589172,0.89066961,0.710496088,0.755571095,0.776742293,0.7926221842,0.8043731134,0.8115948245,0.8178843546,0.824888865,0.833168014,0.846152656,0.89066961,0.710496088,0.7661535842,0.7829733928,0.7960255888,0.8056915812,0.812970866,0.8202196002,0.8281229622,0.8406881226,0.8587476718,0.926598073
0.756099616,0.7802572584,0.8147185816,0.8236511781,0.8276109304,0.8286586685,0.8313261154,0.8331367998,0.8404499726,0.8581046402,0.864872,0.749788521,0.7676103475,0.786840218,0.798334557,0.809791946,0.815570799,0.823765977,0.8323741985,0.84040029,0.854326238,0.89066961,0.74189743,0.7775655765,0.7907785298,0.8003390893,0.809748472,0.8152920715,0.8241819246,0.8337599136,0.8453260404,0.8594687888,0.89066961,0.723284483,0.7752652873,0.7911719908,0.8015304668,0.8092775384,0.8165918205,0.8242315186,0.8330898738,0.8457586714,0.8623202489,0.920569132,0.718652255,0.778586022,0.793382016,0.8028311303,0.810401518,0.8174554645,0.8240314468,0.8324708309,0.8449968092,0.8628838824,0.920569132
0.706477754,0.708490681,0.709219361,0.7096864652,0.7103662544,0.710527942,0.7128793768,0.7146024944,0.715819703,0.7174532282,0.71871253,0.671555658,0.709207881,0.7121333634,0.7162793562,0.719337831,0.72225911,0.7287559572,0.736065436,0.7483096914,0.7703441762,0.845008656,0.609360335,0.7021884965,0.712055276,0.717410865,0.7209721,0.726371205,0.732298107,0.7435838525,0.761653386,0.7868618605,0.894078306,0.569153951,0.691498878,0.709403399,0.7173506088,0.7231213574,0.730176249,0.737930375,0.747887922,0.7648162384,0.7860410018,0.894078306,0.569153951,0.6925341173,0.711974357,0.7210637735,0.7295887286,0.737932691,0.7472852022,0.7590848644,0.7728603034,0.792547103,0.894078306
0.755616869,0.7580173862,0.7636459238,0.7661711709,0.7668061396,0.778217379,0.7887926992,0.7940173501,0.7963356706,0.8031262211,0.811731308,0.659758171,0.731142286,0.745757934,0.7554127494,0.763906034,0.772724606,0.7836798262,0.7906128574,0.7967179868,0.8049451378,0.841506408,0.569153951,0.7087259645,0.735667214,0.7481561215,0.756567909,0.7648178535,0.773255265,0.784077883,0.792936549,0.8019955775,0.841506408,0.569153951,0.6865832336,0.7236249478,0.7381686587,0.7506187206,0.7609574615,0.769734831,0.7799635514,0.7895102562,0.8000223683,0.856930113,0.569153951,0.6866339744,0.7156496096,0.7269729224,0.7399496376,0.751208591,0.7620499182,0.7717583118,0.7841497758,0.7976877674,0.856930113
0.751790699,0.759777822,0.7680025488,0.7726948368,0.7749377476,0.77618092,0.780232755,0.7930330054,0.8014447432,0.8217388396,0.839452055,0.695471439,0.7450248516,0.7537557866,0.7601868346,0.7665830918,0.771495147,0.7766683196,0.7838396566,0.792052569,0.8042900712,0.839452055,0.676739559,0.7143382258,0.730952598,0.745979205,0.753012691,0.759693046,0.7686832516,0.7764314814,0.7862116206,0.8015534708,0.839452055,0.676739559,0.7094961916,0.724113113,0.7363930072,0.7473698656,0.754522905,0.7610311358,0.7711533746,0.7813011512,0.7977750322,0.85897385,0.676739559,0.7103289088,0.725782855,0.7380466398,0.7462454456,0.753121114,0.7600186844,0.768878432,0.7799963108,0.7968474682,0.894078306
0.714179513,0.726993333,0.7298868668,0.7308746218,0.7323413068,0.742414112,0.745475341,0.7524325134,0.7546360068,0.7628601958,0.786596965,0.676739559,0.696344068,0.709196401,0.714659084,0.719077578,0.724413908,0.730401847,0.7366870065,0.754316903,0.7868618605,0.894078306,0.676739559,0.7003482956,0.7106232056,0.7186122316,0.7250702214,0.730697445,0.7402358198,0.7536855508,0.771093323,0.7970147318,0.894078306,0.652247384,0.704218107,0.714732452,0.721500194,0.730401847,0.739707065,0.750227682,0.76421536,0.777698451,0.798395789,0.894078306,0.594613545,0.7031383138,0.7173369656,0.7252715966,0.734318331,0.743445118,0.7524344234,0.7628341778,0.7743128226,0.792300438,0.894078306
0.71767519,0.72484401,0.749140244,0.7571796335,0.770812712,0.7735279275,0.777990461,0.786231863,0.802579928,0.804697114,0.808418195,0.676739559,0.69574436,0.724737811,0.735066868,0.749153601,0.761009033,0.774610834,0.7824467445,0.790443748,0.8051377705,0.839452055,0.676739559,0.7014455973,0.7193268848,0.7303780593,0.7429769562,0.7525419705,0.7619109522,0.77224449,0.7840549712,0.7998803859,0.839452055,0.676739559,0.7094777419,0.7237302966,0.7354162736,0.7478737998,0.755544552,0.7628554446,0.7726690616,0.7828707122,0.8009962503,0.894078306,0.676739559,0.7104760138,0.724023346,0.7355877592,0.7452304184,0.753329504,0.760967106,0.7711465978,0.7825539576,0.8003563952,0.894078306
0.741345035,0.7549155685,0.765626023,0.7695209565,0.77570557,0.7819617985,0.788283691,0.7976030915,0.804890569,0.8096780825,0.819209892,0.640543305,0.6888702135,0.723687107,0.7312260585,0.739682217,0.74848877,0.75799402,0.773636121,0.787417627,0.797959559,0.827918496,0.569153951,0.6934543205,0.714259434,0.7222505305,0.731846369,0.744282355,0.758800756,0.7697299915,0.784107575,0.796687182,0.830678195,0.569153951,0.683980201,0.713553842,0.72224498,0.733142538,0.743980857,0.755957601,0.76805215,0.780129606,0.795458499,0.894078306,0.569153951,0.6984978972,0.7182105726,0.7277456004,0.7379726466,0.74851687,0.758783472,0.7698096322,0.7818925098,0.7971980382,0.894078306
0.802291093,0.8092213186,0.81709116,0.829656983,0.8434503,0.847445408,0.8511668712,0.8543505892,0.85830776,0.8617737806,0.880871175,0.726811192,0.7678494982,0.7868924416,0.7959286676,0.8066139294,0.811646561,0.8181056528,0.831593807,0.8456794644,0.8610857888,0.89707991,0.662376327,0.741641407,0.760283295,0.7803799085,0.791105429,0.8025352945,0.814895064,0.8232084795,0.83662887,0.855058955,0.914950225,0.662376327,0.7371148458,0.7543064064,0.768072053,0.7855756124,0.798886652,0.8113809246,0.8223915928,0.8355167224,0.8535629832,0.920569132,0.662376327,0.734873376,0.749786649,0.7612148168,0.7764795748,0.78964548,0.8024421708,0.8165320604,0.8287946186,0.8505139656,0.920569132
0.727302958,0.7412792666,0.7461773414,0.747543071,0.7489927602,0.751824811,0.7529321234,0.7566037206,0.7576717296,0.7595133864,0.765198283,0.681632962,0.7060883734,0.7201091202,0.7271583956,0.7369717106,0.74081829,0.7478925114,0.7531615286,0.7585202182,0.7660046238,0.799514258,0.662376327,0.7160535406,0.7305823732,0.7402977258,0.7460407436,0.751648905,0.756352853,0.7610216996,0.770782352,0.7846894356,0.880257918,0.662376327,0.7223887062,0.73746846,0.746075473,0.7525982896,0.758717715,0.7651466398,0.7741557716,0.7858264892,0.8072061422,0.8825761,0.662376327,0.7252713726,0.740439973,0.7491811945,0.7559075722,0.762310374,0.771148185,0.7824049479,0.795219383,0.8160952593,0.89707991
0.774981382,0.7792335866,0.786583941,0.8127978834,0.8238765282,0.824135289,0.8267997668,0.8370917616,0.8395813722,0.8411960962,0.850179285,0.755254716,0.791298632,0.8066911356,0.812454168,0.8160122258,0.81884244,0.8216830228,0.8244466224,0.831754017,0.8388303748,0.854598584,0.732734115,0.769187726,0.782722108,0.7952186659,0.8048007848,0.8112758745,0.8160122258,0.8203570409,0.8265604094,0.8387975602,0.926598073,0.710496088,0.764018171,0.782027549,0.7952176215,0.804756741,0.811324028,0.817089435,0.8242318145,0.83288716,0.8495012515,0.926598073,0.710496088,0.763395208,0.78291938,0.7957645144,0.8055569784,0.812423553,0.8199340744,0.8282116583,0.8396544362,0.8568488911,0.926598073
0.786263725,0.8015525652,0.8204609738,0.8234773247,0.8284611472,0.838372398,0.8435855856,0.850439525,0.8592501734,0.870912183,0.89707991,0.726811192,0.771845362,0.7942561388,0.8066463178,0.8146933528,0.826388077,0.835016379,0.8496011294,0.8583046548,0.872604243,0.914950225,0.662408662,0.7598612551,0.7835140454,0.7951098337,0.8055922126,0.8132204175,0.8227300768,0.8312805103,0.8438748364,0.8593026763,0.914950225,0.662376327,0.7470098834,0.7665543544,0.7855909088,0.7961806526,0.807112819,0.8171966364,0.8264777607,0.8387549276,0.8579639597,0.920569132,0.662376327,0.7400736675,0.758346445,0.77455242,0.786840218,0.7982538035,0.80841219,0.819511654,0.832750247,0.8515884965,0.920569132
0.781822132,0.7840229148,0.788589918,0.7942912254,0.8049220482,0.815326843,0.8185790564,0.8209716696,0.8262928512,0.8288328748,0.839615312,0.749788521,0.7800551707,0.7872675306,0.7944771121,0.7985000566,0.805413554,0.8110788868,0.8174982427,0.824045717,0.8350293953,0.863699533,0.72894967,0.7799358828,0.7901516624,0.798266723,0.8052443946,0.81001008,0.8167368138,0.8243521206,0.8359186044,0.8534043356,0.914950225,0.718652255,0.777931601,0.7905093782,0.7985645282,0.8074469062,0.812934437,0.8206257938,0.8292213082,0.840029176,0.8589179366,0.920569132,0.718652255,0.771201153,0.789484898,0.799502843,0.808017288,0.815410584,0.822624072,0.831191968,0.842144449,0.857706997,0.920569132
0.790598757,0.7938506983,0.7974809616,0.7984538397,0.7994146514,0.801876014,0.8049039262,0.8062321698,0.8104044924,0.8114002616,0.812991602,0.754115822,0.7839312352,0.7938621992,0.7982928513,0.8017714184,0.8062247775,0.8107699552,0.8125294508,0.8162915638,0.8223464667,0.850655329,0.72894967,0.778710965,0.790598757,0.7979571995,0.803076909,0.808852362,0.812991602,0.8184403735,0.823987009,0.8345209065,0.88996761,0.718652255,0.778694932,0.7910331602,0.7986509,0.8074707766,0.81248559,0.8190051766,0.8245723468,0.8344785222,0.845826937,0.914950225,0.713282727,0.776379645,0.790451506,0.800103333,0.808085274,0.815101003,0.821618827,0.828588801,0.839615312,0.855183566,0.926598073
0.720154101,0.7252136016,0.7319929648,0.7364694358,0.7383156786,0.749766145,0.7560761618,0.756433807,0.7582846024,0.7607373128,0.770817652,0.705534069,0.7206062051,0.7292874372,0.7375178065,0.7466072482,0.751756534,0.7547930356,0.7579749395,0.760721762,0.7673932735,0.797835863,0.685267854,0.7202026658,0.7310849816,0.740583673,0.7477564986,0.752186587,0.7569101958,0.7619111934,0.7697907448,0.7816638106,0.811513983,0.662376327,0.7211901325,0.734555425,0.743055846,0.749842311,0.755710114,0.760990154,0.7688965425,0.778793042,0.7965587215,0.839452055,0.662376327,0.7235918945,0.738494922,0.7471099565,0.754145046,0.7604457825,0.768485355,0.7782158515,0.789303992,0.806750575,0.89443171
0.695365373,0.7031877084,0.7082677844,0.711722612,0.7125774264,0.716033612,0.7175841026,0.7193194418,0.720454229,0.7207013602,0.7209721,0.686521077,0.7112520278,0.7171758066,0.7227136596,0.7311119956,0.73802679,0.7446069948,0.7571957548,0.7715545302,0.7848319062,0.833439015,0.652247384,0.7118536865,0.719667163,0.729930083,0.738945039,0.749693793,0.75969421,0.770450639,0.781921545,0.804792749,0.894078306,0.594613545,0.7105975094,0.720379171,0.7285681191,0.7362369352,0.7451737255,0.7563571778,0.7702750276,0.783771807,0.798715652,0.894078306,0.569153951,0.7064235968,0.7186904574,0.7270167137,0.7362622344,0.7461952255,0.7559780986,0.7666263607,0.7778617426,0.7938492527,0.894078306
0.736080744,0.7435429112,0.7534119812,0.7612760347,0.763410032,0.7656204715,0.7707927134,0.7719274143,0.7746632764,0.7781999282,0.802002813,0.697492051,0.7444649585,0.75098444,0.75938944,0.767221629,0.77358417,0.781146917,0.787797171,0.796498882,0.805335804,0.830678195,0.64525384,0.728287866,0.740748433,0.7522964665,0.762754566,0.767228118,0.77570557,0.784108587,0.791963293,0.8025270455,0.856930113,0.64525384,0.7136487446,0.7283732872,0.739922262,0.7490406228,0.75787618,0.7662786924,0.7755850228,0.7865258204,0.7978531234,0.856930113,0.569153951,0.7096234645,0.7238114712,0.7344734257,0.744275736,0.7521492885,0.7603722794,0.7684033874,0.779828776,0.793331996,0.856930113
0.740736178,0.7541310513,0.7610400908,0.7659820107,0.7668437346,0.7686237995,0.7703082972,0.780324083,0.7840740862,0.7904947747,0.791948199,0.686521077,0.7165942098,0.7273083982,0.7376396238,0.7447188512,0.761653386,0.7684920156,0.7736122292,0.7823155102,0.7920950316,0.856930113,0.652247384,0.7184987194,0.7285718932,0.735870544,0.7447188512,0.756710561,0.7673173658,0.7746644786,0.7874650236,0.8003979718,0.856930113,0.594613545,0.714669367,0.726182245,0.736703449,0.746689392,0.75525109,0.765604012,0.773515357,0.785865799,0.798731184,0.894078306,0.569153951,0.7102698845,0.721243786,0.7308755309,0.7405142438,0.7500806445,0.7586272534,0.7683817422,0.7801356956,0.7946795269,0.894078306
0.707205964,0.708872981,0.7196167552,0.7212649848,0.7289716616,0.7399127485,0.7433935242,0.7462323084,0.7564231198,0.7607128511,0.780296984,0.662376327,0.7087769012,0.7250612406,0.7377489994,0.7441336966,0.753539337,0.7619855764,0.77078253,0.7945505826,0.839094469,0.89443171,0.662376327,0.72144882,0.735883007,0.745375435,0.755370936,0.7622405035,0.774851263,0.792115665,0.815159528,0.847746384,0.89707991,0.662376327,0.7236873236,0.7382478796,0.7487457988,0.757748019,0.76627342,0.7829981234,0.7981840634,0.8182647864,0.8445598544,0.914950225,0.662376327,0.7282327378,0.7416954856,0.7535036607,0.761592255,0.7747504985,0.7886559898,0.8035110343,0.819990124,0.8402171984,0.914950225
0.743071834,0.7483946542,0.7603693132,0.7816630342,0.7874392088,0.791848957,0.810131638,0.8224827935,0.8314823914,0.8465067481,0.854882872,0.702005094,0.731428239,0.742613965,0.751598801,0.759500153,0.7676843485,0.777700176,0.784914936,0.809240444,0.8247432655,0.894078306,0.683085055,0.7157035676,0.7251682974,0.7337331858,0.7433656766,0.750625578,0.757359767,0.7675171292,0.7779837644,0.795389222,0.894078306,0.676739559,0.7144452035,0.72265439,0.731532824,0.739771769,0.7476271215,0.7561370366,0.7671328239,0.7779895082,0.7965500123,0.894078306,0.652247384,0.7121231255,0.7231568072,0.7331202348,0.7431610994,0.7529958085,0.7628457606,0.773019121,0.7855787176,0.8050469495,0.894078306
0.775782789,0.7940528461,0.7961160204,0.7977181145,0.7982742354,0.799147921,0.8030771378,0.8066470196,0.808087478,0.8104111199,0.814414309,0.690281408,0.7343852218,0.7442313132,0.7546489786,0.7612346358,0.772215621,0.7806065284,0.7902157968,0.7966386756,0.8054353268,0.818066719,0.683085055,0.724706122,0.7392373634,0.7491522653,0.7592576692,0.7649867475,0.7727313208,0.7814230016,0.792038598,0.8045044233,0.839452055,0.676739559,0.7237092766,0.73643271,0.7478737998,0.7559940408,0.762038645,0.7710606934,0.781104862,0.792038598,0.8080418874,0.894078306,0.676739559,0.7184741818,0.7319676478,0.7436580645,0.7507368426,0.758016046,0.7667308904,0.7763177586,0.7864914208,0.8023403807,0.894078306
0.723633007,0.7532899956,0.7612310884,0.7676884198,0.7687618866,0.771290211,0.7754834306,0.7777594742,0.7804968248,0.7813624768,0.781852695,0.690281408,0.726664132,0.745996657,0.752542785,0.758082764,0.760811381,0.767362114,0.772131867,0.781852695,0.791476104,0.814373124,0.686706186,0.727942369,0.7431421616,0.7505199875,0.7571131284,0.7621680735,0.7711017948,0.7812984157,0.7893866972,0.8000249092,0.823894774,0.678230464,0.7253124045,0.737454361,0.745314352,0.752040723,0.7580537265,0.765394908,0.7734869955,0.784579496,0.798319818,0.839452055,0.662376327,0.720275513,0.733574759,0.743918513,0.750861604,0.757777405,0.764900279,0.773452975,0.784579496,0.799834496,0.858489148
0.735817692,0.7393802843,0.7474362788,0.7731428769,0.78047467,0.785158959,0.7874170816,0.7890816364,0.7927247232,0.7970472246,0.809181904,0.718652255,0.7712099594,0.7827844568,0.7881508002,0.7933484596,0.798250804,0.8024190624,0.8087927636,0.8181531182,0.8290331202,0.874535216,0.718652255,0.7755069048,0.786176797,0.7944425632,0.7999649294,0.806650274,0.8151635218,0.8227300768,0.8330643518,0.850116545,0.914950225,0.705031184,0.766836522,0.784168746,0.793932312,0.800858541,0.8083911455,0.816248697,0.82412402,0.834463063,0.8496506195,0.914950225,0.691279507,0.7641867296,0.7836883946,0.7939708055,0.802346171,0.8108036275,0.8182950488,0.8271198617,0.8370285068,0.8519750359,0.914950225
0.74050728,0.7464193088,0.74989861,0.7532112561,0.755725375,0.759352384,0.7642146514,0.7681006468,0.7704064658,0.770844735,0.776855343,0.662408662,0.7087605842,0.7232912548,0.7318954401,0.7369570808,0.742297542,0.7487787146,0.755780641,0.7656746682,0.7787217367,0.893298945,0.662376327,0.7088200193,0.729324204,0.7374532175,0.7445820858,0.750888648,0.7569730244,0.7637295318,0.7767268332,0.8079180764,0.895256797,0.662376327,0.7202363685,0.73468677,0.7448584565,0.753317681,0.759995858,0.768652419,0.7833208355,0.798315505,0.8302404825,0.89707991,0.662376327,0.7253983705,0.739974668,0.749918947,0.758221488,0.7667735175,0.780296984,0.793347752,0.811426076,0.834483972,0.914950225
0.791650807,0.7943038123,0.8023960758,0.8053898211,0.8063510382,0.808894165,0.816425999,0.8218845776,0.825908216,0.828926465,0.830089716,0.781231701,0.7935712315,0.799925448,0.8039954825,0.808478597,0.812027248,0.817864272,0.822326034,0.834548382,0.8469544515,0.88996761,0.718652255,0.783525613,0.7923677148,0.7993369906,0.8055200956,0.810781069,0.8142743354,0.8202196002,0.8270701754,0.8403232122,0.88996761,0.705031184,0.7751016622,0.7858498362,0.795011798,0.8012477024,0.807980208,0.8136746926,0.8202265766,0.8281413114,0.8404354028,0.905666249,0.680817134,0.7666800859,0.7839437522,0.7950590415,0.8028617072,0.8111471695,0.818439124,0.8266431831,0.8378049284,0.8539181576,0.926598073
0.742765839,0.7626217505,0.767234607,0.772986522,0.789964956,0.794578461,0.798044263,0.8030688935,0.809850961,0.836673272,0.856930113,0.723299063,0.7376537695,0.750636478,0.758660378,0.766510537,0.7718512305,0.777647098,0.782776513,0.789621014,0.803736283,0.856930113,0.680941254,0.7243288375,0.736274884,0.744569645,0.752734303,0.758955725,0.766669217,0.7734048195,0.78173443,0.7953501595,0.856930113,0.64525384,0.7178428655,0.728905345,0.7383063714,0.7468444514,0.754234383,0.7643996176,0.7719946474,0.7818783514,0.7940210553,0.856930113,0.640543305,0.7142608848,0.7250392016,0.7356078668,0.7450607198,0.752851615,0.762766584,0.7712159534,0.781506511,0.7950487276,0.894078306
0.790045374,0.7955513014,0.800862235,0.8159261752,0.8314053156,0.833676115,0.83788801,0.839167324,0.8429933524,0.8485455144,0.86434737,0.733494133,0.7614064443,0.771817604,0.785795015,0.7993977798,0.8170648325,0.8227980494,0.8335278373,0.8493204314,0.8671716354,0.905666249,0.691279507,0.753832179,0.7622276446,0.7756501378,0.785595215,0.795958541,0.8058043926,0.8185606736,0.8327286746,0.8518122672,0.907129586,0.662408662,0.7382478796,0.759006538,0.772050377,0.7855654274,0.79603957,0.8075446606,0.8219682886,0.8353726172,0.8530186296,0.914950225,0.662376327,0.7373225614,0.759208207,0.7760125184,0.7880101726,0.799705569,0.8094529834,0.8213617572,0.8333514454,0.8502966652,0.914950225
0.802615891,0.8094543859,0.8186704842,0.8245919683,0.8253885998,0.829246472,0.8325624218,0.8401227731,0.8440734192,0.85122958,0.862247605,0.763797428,0.7982893082,0.8053944968,0.809215857,0.8152332672,0.821600386,0.8268506002,0.8349061826,0.8422687636,0.8500609978,0.863802408,0.709267272,0.7711845705,0.789210972,0.797696075,0.804740229,0.809554576,0.814996365,0.821760967,0.83023067,0.843895607,0.88996761,0.680817134,0.7642403019,0.782922647,0.7939470411,0.801873742,0.809554576,0.8168959466,0.8244959437,0.839292689,0.8573911349,0.926598073,0.680817134,0.7651980264,0.7837622682,0.7946202715,0.8023623138,0.809750594,0.817610247,0.8264562057,0.8384323938,0.8580208455,0.972158393
0.720370129,0.7274578729,0.7306724522,0.7414223267,0.7538816062,0.7549027035,0.7584393288,0.7595265965,0.7608872788,0.7623317877,0.765073216,0.715716572,0.7330013155,0.741900444,0.7474267371,0.7519257026,0.7568986895,0.7612043968,0.7710741376,0.7784027552,0.7899131652,0.859084414,0.694414193,0.7330013155,0.743633865,0.7496442182,0.7562964274,0.762908528,0.7710578526,0.7780924136,0.7911155438,0.8118333469,0.878525159,0.683085055,0.7235430512,0.7347809998,0.7442897586,0.7517917484,0.760017467,0.7682419192,0.7783395764,0.7918502708,0.8117168644,0.894078306,0.676739559,0.717434856,0.73009463,0.740790275,0.749380245,0.759034673,0.767492045,0.77798927,0.788172423,0.8078350745,0.894078306
0.69129838,0.7233129517,0.7449495776,0.7491028371,0.755506261,0.7655559075,0.776226485,0.7859386674,0.797614639,0.8129551868,0.823894774,0.686706186,0.7302604625,0.7440371394,0.7519094775,0.7613734018,0.7676340355,0.7789983812,0.7849509074,0.7898942688,0.7986847067,0.823894774,0.686706186,0.729356505,0.743688144,0.7500577955,0.757352814,0.7628555145,0.768817216,0.78006734,0.787858219,0.7984595885,0.823894774,0.661401206,0.726806764,0.7416216922,0.7502016692,0.757042347,0.7631621545,0.7710769182,0.7810723049,0.78982909,0.8035212992,0.850571824,0.661401206,0.7236222154,0.7357413256,0.7460361003,0.7543311082,0.76139366,0.7705347834,0.7813794481,0.7923664734,0.8097437053,0.910528821
0.723550782,0.7385751445,0.7554364238,0.7652398875,0.7696961352,0.782945199,0.7850566228,0.8087392452,0.820231693,0.8343458167,0.838819202,0.68700809,0.7227832627,0.7312676826,0.7370677982,0.7448538004,0.7551287535,0.7653233092,0.7771831959,0.7859817842,0.8350348729,0.895256797,0.662408662,0.7203974553,0.734584559,0.7438729964,0.7545785204,0.761768294,0.7698386954,0.7827391819,0.7965663388,0.831702451,0.895256797,0.662376327,0.7234790229,0.7392351762,0.7502705927,0.7597920464,0.768656886,0.7848004504,0.8007350961,0.8203228882,0.8478677213,0.899952278,0.662376327,0.7294637902,0.7440126276,0.7558951729,0.7654493208,0.780430965,0.79451756,0.8078172144,0.8243060652,0.8480568518,0.914950225
0.64525384,0.6731273486,0.6804727552,0.6842129925,0.7006991578,0.713186113,0.723283165,0.737761668,0.7457954112,0.7580795264,0.764181148,0.64525384,0.691433145,0.707336017,0.7195296315,0.724949348,0.734595268,0.744291236,0.7515325175,0.75838044,0.772964209,0.788437907,0.64525384,0.7073230155,0.721007833,0.7287752035,0.738861114,0.7474564295,0.753171207,0.760289025,0.770078673,0.784158957,0.856930113,0.64525384,0.7136287982,0.7268746674,0.7379788234,0.7464434104,0.752734303,0.7590750904,0.7676007228,0.7783247794,0.7899840784,0.856930113,0.64525384,0.7191163072,0.73072434,0.740778573,0.7491267286,0.755331427,0.7641514508,0.772646596,0.7825382096,0.7954347834,0.856930113
0.723721459,0.729520028,0.7304682408,0.7315762494,0.734978329,0.740672115,0.746907816,0.7687918508,0.7750617206,0.7788425246,0.785722717,0.678230464,0.7094936065,0.7289223316,0.7355917323,0.7421830084,0.751128,0.7569730244,0.7666293666,0.7757615852,0.7852564214,0.889383055,0.678230464,0.7162605804,0.7311959784,0.7400521942,0.7463282842,0.754661984,0.7627317936,0.7715737316,0.7854226004,0.8116244112,0.895256797,0.662376327,0.7218985885,0.735769636,0.745857104,0.755370936,0.762186593,0.771148031,0.7855948615,0.801573796,0.8303483785,0.895256797,0.662376327,0.7258912898,0.741166199,0.7521741712,0.760929047,0.771499025,0.7861435766,0.8012570704,0.821378321,0.8495974462,0.910528821
0.717237477,0.718634349,0.722316286,0.729219181,0.733807321,0.7352347885,0.737348729,0.7409319985,0.743794379,0.7531977485,0.757298183,0.711360703,0.719593027,0.728794689,0.7343338735,0.737348729,0.7437048935,0.748339905,0.7555617115,0.767441504,0.7799326855,0.821543507,0.686521077,0.7192239455,0.730672415,0.7392243575,0.746433826,0.75373451,0.762784611,0.770433279,0.777868873,0.7876639995,0.856930113,0.686521077,0.7212461445,0.734198599,0.7422428118,0.747988578,0.7546440735,0.7622603478,0.769711383,0.7782007228,0.7917772177,0.878525159,0.654332136,0.7209361605,0.734194693,0.743590775,0.750895868,0.75798413,0.766510537,0.773775388,0.784392727,0.8047450785,0.894078306
0.765208659,0.7718074482,0.7756273674,0.7777374018,0.7798113058,0.785586609,0.7922827296,0.8006886072,0.8065346592,0.8149011952,0.847357203,0.705031184,0.7552421939,0.7752513048,0.7825114878,0.79517201,0.802414699,0.8110124062,0.8213090523,0.83061451,0.8427973927,0.905666249,0.705031184,0.7642522615,0.780558536,0.790148204,0.798250804,0.803927814,0.812470317,0.8243367205,0.834987241,0.8475041675,0.905666249,0.705031184,0.7690984735,0.784628229,0.794218491,0.800989571,0.8084898055,0.817864272,0.8271504515,0.837524367,0.850450271,0.907129586,0.692812963,0.7646369944,0.7833993754,0.7933294926,0.8015526408,0.808758983,0.8163187736,0.824157414,0.8352713114,0.8491102154,0.914950225
0.70811501,0.7174833756,0.7207077084,0.7286601054,0.7362219326,0.744281852,0.7464553554,0.7527493713,0.7598418826,0.7699141867,0.785484922,0.686706186,0.7174833756,0.7334431354,0.743933907,0.7479055656,0.75588373,0.7669213012,0.778705706,0.78716432,0.79723663,0.850571824,0.678230464,0.7252514583,0.7380354056,0.746018607,0.7541809628,0.7606519315,0.7680821962,0.7809737803,0.7893016042,0.8029559111,0.850571824,0.661401206,0.7236683878,0.7357044584,0.7456998602,0.753379322,0.760564271,0.7680681602,0.780574319,0.7932413996,0.8113442666,0.910528821,0.661401206,0.7219965398,0.73716091,0.7485576384,0.757315116,0.765756951,0.777020136,0.787721446,0.8029485614,0.831674114,0.910528821
0.807935085,0.8124940088,0.8144592214,0.8229924654,0.8288069166,0.8363202135,0.841950621,0.8440089065,0.8445023152,0.8452218642,0.845627821,0.743276467,0.7767103866,0.7883862198,0.7992091344,0.8068289598,0.819770578,0.8282657898,0.8382078396,0.8454315514,0.8534194654,0.88996761,0.705031184,0.7748707992,0.7886967312,0.7993022222,0.807133523,0.814421083,0.8231629932,0.8331841945,0.8422624622,0.854147588,0.891699137,0.680817134,0.757148088,0.7808636808,0.7920730382,0.800102369,0.807876786,0.8142493546,0.8231629932,0.8348958938,0.8477715228,0.905666249,0.680817134,0.7622502344,0.7809762992,0.7911508975,0.7997126694,0.8074426725,0.8141090412,0.8224256406,0.8342867344,0.8488322389,0.932080342
0.756195451,0.76996079,0.773273792,0.7902566645,0.808037704,0.8108023025,0.811760969,0.813235199,0.819009551,0.820681746,0.826892083,0.718566446,0.745793802,0.7527291778,0.7613858858,0.7675205352,0.777441305,0.7861010164,0.7963314664,0.8102323106,0.8190859094,0.86660159,0.686706186,0.7399182796,0.7477924594,0.7559641099,0.7613511886,0.76770788,0.77719197,0.7853270678,0.7969679292,0.8140389116,0.868932909,0.661401206,0.7329546841,0.744793772,0.7526417523,0.7604645076,0.768334281,0.7779158052,0.7858244675,0.7957319292,0.8111378485,0.868932909,0.661401206,0.7262992531,0.7427799672,0.7505581894,0.7592262218,0.766571659,0.7764996704,0.7852990407,0.7961835856,0.8124054821,0.894078306
0.704856505,0.7110526534,0.7238060338,0.7242775642,0.7279119326,0.729861186,0.7302857822,0.7311991482,0.7326986112,0.7341418296,0.746462662,0.64525384,0.68985978,0.705426411,0.714784451,0.721440315,0.726658639,0.731114121,0.738861114,0.748032093,0.758583675,0.78542449,0.64525384,0.7039086822,0.7149299216,0.7239552996,0.7300066608,0.738561674,0.746528971,0.7520837124,0.7587277934,0.7713405734,0.822539703,0.64525384,0.7096016712,0.7233923254,0.7311634462,0.7408014854,0.747678798,0.7531567318,0.7589735416,0.7680103716,0.7805339732,0.856930113,0.64525384,0.7173769562,0.7285504964,0.738688305,0.7470311156,0.753559843,0.7616442814,0.7717449627,0.7823298132,0.7990308942,0.872154327
0.773710011,0.8035106349,0.8089045754,0.8189223169,0.8281785844,0.843071509,0.8472957502,0.856544532,0.8611001326,0.8635648952,0.871719036,0.680817134,0.7134197787,0.733314372,0.7569978878,0.781922476,0.802196314,0.814400609,0.8295698342,0.8407088482,0.8591863494,0.891699137,0.680817134,0.7314787206,0.7638854048,0.7832737766,0.7985078688,0.809162352,0.8227874306,0.835056795,0.8447321522,0.8608775252,0.923180442,0.680817134,0.7570870921,0.7809242164,0.7931259735,0.802526401,0.8113188705,0.8223937258,0.8339964429,0.8455623978,0.8639724308,1.007497834,0.680817134,0.7661727234,0.7845532856,0.7970308154,0.805932461,0.813475001,0.8224773728,0.8345550954,0.8498038096,0.8737619778,1.021921934
0.740144955,0.7494964754,0.7588381776,0.7689279526,0.781204924,0.7855714765,0.78752605,0.7931313733,0.7980489746,0.8019980631,0.828979008,0.720499981,0.756171311,0.764911144,0.779202861,0.785581402,0.7907436265,0.799569235,0.8080247935,0.824923272,0.835545569,0.888841988,0.705031184,0.760000319,0.7751676676,0.7872770576,0.7987669968,0.807805017,0.818119502,0.8281751676,0.835560523,0.8495186666,0.905666249,0.701270215,0.759807122,0.776606567,0.787556118,0.798418176,0.807681666,0.816212537,0.826048627,0.836117805,0.849828916,0.905666249,0.67878591,0.7545823244,0.7753521768,0.7871183224,0.7960197844,0.80321149,0.8126867354,0.8228343036,0.8349199154,0.8495186666,0.907129586
0.724161518,0.7356209015,0.737170498,0.7402145545,0.743585466,0.744629169,0.746170152,0.749792101,0.758640476,0.759471136,0.762247004,0.711587536,0.7371039215,0.746170152,0.749954665,0.756060089,0.7602720725,0.764566836,0.771121677,0.779837099,0.8161607175,0.868932909,0.697016802,0.7241031505,0.738542231,0.7477051835,0.756504293,0.762853248,0.773108894,0.782637659,0.79767545,0.8162956965,0.868932909,0.697016802,0.7305286744,0.7426183424,0.7500792102,0.7581277776,0.765479651,0.7741549062,0.7849126542,0.7970681814,0.814964334,0.868932909,0.661401206,0.7302528435,0.743111909,0.7517349875,0.760708784,0.76811156,0.777283767,0.786043821,0.798731184,0.8167381295,0.923851193
0.709864945,0.7130154295,0.716679122,0.7213733155,0.723967901,0.7256857545,0.727401651,0.7295881965,0.731886836,0.745014307,0.75131763,0.697016802,0.7128997174,0.721454062,0.7287365468,0.7373329704,0.742384392,0.7475925358,0.7569463724,0.7627074758,0.7718204946,0.794493882,0.697016802,0.7214469652,0.7341697426,0.7409098454,0.7467960568,0.751624597,0.758615516,0.7647755848,0.7732585906,0.783748079,0.826199999,0.697016802,0.726605155,0.738945039,0.74685859,0.754057911,0.761593881,0.768733491,0.776678946,0.787624503,0.809219335,0.868932909,0.686521077,0.7296158405,0.742725606,0.7514704665,0.759353186,0.7679739865,0.775287699,0.785241988,0.797561647,0.8146855325,0.869903212
0.773108894,0.7785456172,0.7806266074,0.7823219299,0.7854467692,0.7898921215,0.796906737,0.8009743277,0.8149901742,0.8175400032,0.819843242,0.742845423,0.7622756017,0.7693110422,0.7764034525,0.7838217632,0.788153639,0.793526648,0.8113028411,0.8194193858,0.8319685004,0.868932909,0.661401206,0.7365495685,0.749301483,0.7601330185,0.767346707,0.7774738065,0.785320372,0.7922412735,0.807677258,0.8189154555,0.868932909,0.661401206,0.7352199768,0.7478442962,0.7568376672,0.7632361004,0.773108894,0.7827619274,0.7915100432,0.8066975328,0.8195606712,0.923851193,0.661401206,0.732000845,0.7461866436,0.7569445322,0.7655248254,0.776732291,0.785876723,0.7969133768,0.8113331714,0.8311622279,0.923851193
0.714398064,0.7177068185,0.7222893334,0.724350279,0.725651336,0.7309312195,0.7398937734,0.7439619512,0.747849176,0.7549761077,0.775782421,0.6980705,0.7231827993,0.7283195308,0.7366405187,0.7425295196,0.74714134,0.7509671436,0.7550074699,0.7601704226,0.7746390644,0.798958848,0.64525384,0.7169669706,0.726733999,0.7351760268,0.743864619,0.74992307,0.7543849756,0.7608916826,0.7704298838,0.7818995056,0.822539703,0.64525384,0.7147478288,0.7247095146,0.7329366306,0.7417154318,0.749352972,0.7554247848,0.7646535386,0.7740210018,0.7862408788,0.869903212,0.64525384,0.7133888685,0.7242773624,0.7324123246,0.7410617684,0.748245889,0.7546686676,0.7646510084,0.7752166386,0.7899781779,0.869903212
0.752904435,0.7538539395,0.767512842,0.771317475,0.772391737,0.7752729525,0.783131429,0.7847209275,0.786804791,0.7942312005,0.826199999,0.697016802,0.723861885,0.739421256,0.7462152545,0.754559764,0.76581267,0.772611263,0.778510621,0.785251164,0.7938714095,0.826199999,0.697016802,0.7234519654,0.7356342576,0.7440172928,0.7510935332,0.7575241335,0.7659378648,0.7738312369,0.7833140062,0.7999952218,0.869903212,0.688783647,0.7236190345,0.7371554308,0.7453668574,0.7520911312,0.758717133,0.7660105052,0.7729523539,0.7807489764,0.796668128,0.869903212,0.64525384,0.7237065174,0.7359127338,0.7444432741,0.751600778,0.7584820575,0.7666380226,0.7737195269,0.783481712,0.7991976171,0.869903212
0.786646578,0.81059816,0.8186122032,0.8307276936,0.8319530992,0.835613721,0.8376452996,0.8445929816,0.8551055168,0.862156122,0.868602442,0.705031184,0.7693127171,0.7850163036,0.7948189029,0.8026340784,0.810660462,0.8220279174,0.8305851064,0.8391406632,0.8544029992,0.868602442,0.705031184,0.7711438842,0.7843949746,0.7933414898,0.8011352678,0.808527485,0.8173017658,0.8275999988,0.83788438,0.8482916818,0.891699137,0.692812963,0.7646369944,0.7824574322,0.792213186,0.8009314732,0.808459806,0.8162319298,0.8257470152,0.8353736474,0.8477772484,0.905666249,0.680817134,0.7623285742,0.7811835142,0.7929219556,0.8002885076,0.807840876,0.8154429148,0.823973815,0.8343756262,0.8476614534,0.932080342
0.801086339,0.808354913,0.821643795,0.829416971,0.837912862,0.8386963715,0.847782974,0.851413618,0.858006191,0.8582475005,0.860868569,0.747925303,0.7826377925,0.793293501,0.802416104,0.809294152,0.820264363,0.829150778,0.8382868135,0.847782974,0.8594187645,0.891699137,0.692812963,0.760788502,0.7786292786,0.7882312446,0.7985396662,0.807617787,0.815159854,0.8257814044,0.8379560956,0.8496028632,0.891699137,0.680817134,0.7572929423,0.7797502744,0.7915199485,0.8010672368,0.808706885,0.8182071628,0.8278325944,0.83788438,0.8508801551,0.967120876,0.680817134,0.7625767661,0.7818848758,0.7935133146,0.8015122826,0.8087540825,0.8179708026,0.8273779546,0.837855898,0.8604268734,1.021921934
0.810273197,0.8213889116,0.83003937,0.838649202,0.8417352028,0.846335635,0.847921977,0.8483736698,0.8497743056,0.8560957956,0.871264689,0.732101199,0.7990305968,0.8070462476,0.8143130751,0.8199529052,0.826552805,0.8326169838,0.8405935986,0.848721065,0.8621997461,0.886169509,0.708917764,0.7592055712,0.778676474,0.7888780136,0.8002377392,0.809115624,0.8178744124,0.8285983882,0.8377744944,0.8536848814,0.895005342,0.674993646,0.7548210969,0.7763126482,0.7888502478,0.8004186816,0.809046222,0.8190616844,0.8303860884,0.843999498,0.8632560263,0.927986123,0.674993646,0.7517495537,0.7751116062,0.7891128436,0.8018326376,0.8119137495,0.8235593074,0.8348905799,0.850499469,0.8733263228,1.004621398
0.700222834,0.7070556933,0.7125711132,0.7301329422,0.7366448928,0.7439817965,0.754156357,0.7587004558,0.769721768,0.786561134,0.789367604,0.680817134,0.713726738,0.7352539406,0.7569811256,0.7801587394,0.789367604,0.804984864,0.8194565682,0.8359020714,0.861519314,0.967120876,0.680817134,0.733314372,0.7643410282,0.7824652854,0.7981234118,0.809019494,0.8243599622,0.8385802502,0.860301646,0.8916264524,1.021921934,0.680817134,0.7572213885,0.782156288,0.7962204415,0.807174511,0.8176500545,0.828954716,0.840897167,0.857774231,0.883378394,1.021921934,0.680817134,0.766926554,0.786587003,0.799741071,0.808758983,0.819650784,0.829150778,0.840431659,0.858013189,0.887022836,1.021921934
0.760272316,0.7702229168,0.7811166456,0.7866024322,0.7882105948,0.79119881,0.793059706,0.7983123942,0.8189074622,0.8221775767,0.824295886,0.694196649,0.7453179894,0.7625961428,0.7730422398,0.7827969006,0.786872461,0.7902495374,0.7962795628,0.8087312016,0.817232319,0.923851193,0.661401206,0.7454660398,0.7631421522,0.7770020556,0.785267836,0.791892874,0.8032329376,0.813595385,0.8243647036,0.8486346628,0.923851193,0.661401206,0.7459635894,0.7611453674,0.7737509432,0.784831503,0.793797855,0.8070363188,0.8164637314,0.8308006814,0.859371678,0.953437839,0.661401206,0.7408796368,0.755426503,0.7662496362,0.7813780572,0.791787231,0.8077301748,0.8207222972,0.8427054874,0.8708717946,1.00033694
0.797038815,0.8056625642,0.8139585292,0.8184678243,0.8235590804,0.8290034505,0.8312549238,0.8325270649,0.8357242728,0.8380444797,0.840421539,0.767349846,0.7877495358,0.7954486412,0.803130093,0.8088147916,0.814262028,0.81795904,0.8231215512,0.8308534144,0.8378250638,0.867967837,0.720499981,0.7866131794,0.7945105404,0.8025769886,0.8086234254,0.815168413,0.8221952124,0.8288408636,0.837598881,0.8498726856,0.886169509,0.705031184,0.7667566524,0.7860786032,0.7948008448,0.803782366,0.8100973945,0.8188073668,0.8275057728,0.8369176676,0.8544407629,0.906230333,0.674993646,0.7653501478,0.785194038,0.79595467,0.804494384,0.81206247,0.8208866172,0.8308534776,0.8453434694,0.8651154958,0.984628625
0.761110362,0.7680341665,0.7704017472,0.770854814,0.7787784716,0.790759971,0.7996095304,0.807218203,0.8104675568,0.8202514158,0.831062345,0.737769816,0.752378507,0.767627908,0.7715084432,0.7744512762,0.780758302,0.7882064862,0.8017184788,0.8097285936,0.8206759862,0.869903212,0.696891706,0.730802477,0.7433077612,0.7527071862,0.7614588462,0.769586507,0.774031348,0.781664661,0.7920911468,0.807251872,0.869903212,0.696891706,0.7263538274,0.7409368926,0.7489036226,0.7560370488,0.762691864,0.7701762622,0.7766837854,0.7854713956,0.8022888002,0.869903212,0.680941254,0.7240676328,0.7371211534,0.7464090829,0.7526259288,0.760077373,0.768062819,0.7760809191,0.7861645442,0.8053551125,0.869903212
0.743248513,0.7531709757,0.7571594136,0.7574578602,0.758842338,0.761302868,0.7636825816,0.7706053138,0.7748516124,0.7782311432,0.780746645,0.696891706,0.7327504408,0.7432820374,0.7542722834,0.7591197644,0.768635163,0.7749288462,0.7815761506,0.7918494074,0.8091706534,0.869903212,0.696891706,0.725796998,0.7365620422,0.7472158252,0.7550341308,0.764143526,0.7723180506,0.779342447,0.7911822064,0.8073632918,0.869903212,0.689689236,0.722278744,0.7322778244,0.7428669166,0.7497945732,0.756287357,0.7648498358,0.7736865782,0.7825106688,0.796937699,0.869903212,0.64525384,0.7146011216,0.7267666256,0.7365298878,0.744995077,0.751699164,0.7589014016,0.7687142142,0.7781827764,0.791716401,0.869903212
0.711268118,0.7179512183,0.7274644152,0.7331125165,0.7349905418,0.738197807,0.7446149178,0.7473726581,0.7533840688,0.7593316987,0.768733491,0.697016802,0.7187842698,0.7370845168,0.7432641466,0.7472249548,0.754977061,0.7607356344,0.763320648,0.7682065126,0.7779180696,0.806936303,0.697016802,0.7267357082,0.7418402264,0.7496469472,0.7591580938,0.765293019,0.771951796,0.7786356332,0.7972386726,0.8117652662,0.85323731,0.697016802,0.7348282154,0.7467160582,0.7569482126,0.7651383466,0.772869682,0.7824226992,0.7918611811,0.8061656762,0.8186174054,0.869903212,0.696891706,0.7355860206,0.7468807702,0.7560456359,0.7643162064,0.773430253,0.7818803922,0.790236958,0.804471856,0.817379053,0.916739581
0.781260828,0.7884457628,0.7918506168,0.8054609077,0.8075031546,0.8098616445,0.8107297936,0.8110423679,0.8120249548,0.8187794364,0.821866703,0.736061792,0.759934293,0.7695757318,0.7815273894,0.7881783334,0.80008159,0.8068670966,0.8109526462,0.8157440784,0.824086846,0.861645519,0.708922194,0.7443796852,0.756973546,0.7669637058,0.7783846128,0.787013705,0.7950718208,0.8075780986,0.8157050782,0.8274491622,0.868932909,0.694196649,0.7368610402,0.7490355874,0.7603940276,0.7684506164,0.779934964,0.7895481994,0.8026701524,0.8144184446,0.8298051874,0.923851193,0.661401206,0.734797974,0.747718951,0.758859252,0.767974027,0.777441305,0.787183213,0.801680771,0.815262783,0.83336758,0.94280803
0.695798935,0.704999579,0.727234149,0.741154173,0.755195968,0.763967783,0.772442352,0.778320791,0.794460183,0.8014052675,0.809807763,0.661401206,0.7232310955,0.735201888,0.749122441,0.763257446,0.781721922,0.79722934,0.811238459,0.842300653,0.860211461,0.895092064,0.661401206,0.738093137,0.761604188,0.777821918,0.789715196,0.806068983,0.824857628,0.849063698,0.866210252,0.8874105995,0.991227573,0.661401206,0.746050559,0.7661807918,0.7837836524,0.793412343,0.812110719,0.8301320198,0.8486879905,0.8667020544,0.8905609169,1.00033694,0.661401206,0.7471235074,0.768537848,0.7852941504,0.798330263,0.812634415,0.8290921956,0.8512583134,0.869571409,0.8938404628,1.00033694
0.763257446,0.7863883768,0.7893375854,0.7906562392,0.7991290888,0.808562533,0.8121869284,0.8150432776,0.8188591844,0.831612543,0.868817405,0.692845837,0.738847289,0.764703242,0.7832449738,0.7894653416,0.805315898,0.8157906058,0.8273234414,0.8442459564,0.8793454144,0.923851193,0.661401206,0.7479672455,0.770389076,0.784849856,0.792008692,0.8067745215,0.816379202,0.8299630155,0.847630272,0.878092695,0.953437839,0.661401206,0.756567418,0.778237263,0.7895143442,0.802471858,0.814445311,0.825305081,0.8422791091,0.8610487072,0.883988484,1.00033694,0.661401206,0.7508095212,0.7668319168,0.7845224072,0.7963358152,0.812351153,0.8261873578,0.8471692612,0.8676885316,0.8932374762,1.00033694
0.734119897,0.7399826584,0.741820979,0.7475556758,0.748842559,0.750056558,0.7548958618,0.7586930599,0.7620718618,0.7682287763,0.776703143,0.696891706,0.720041895,0.7267274852,0.73150088,0.7354209514,0.745503406,0.7561423226,0.7648764532,0.7778688432,0.7951485128,0.810603401,0.664884893,0.7124275239,0.723687594,0.7321436577,0.7442443398,0.751884299,0.7626479248,0.7745647802,0.7850012678,0.8015494627,0.869903212,0.639055945,0.7142529722,0.7265739892,0.7378647455,0.7471081866,0.755486678,0.7636994462,0.7735611706,0.7826179144,0.7986536002,0.870614307,0.639055945,0.7162191116,0.7297816966,0.7417528318,0.748642587,0.756011912,0.764092633,0.773521741,0.7831696376,0.7993156768,1.03974053
0.767503734,0.780856831,0.792680573,0.7987641206,0.8038545074,0.808427281,0.821492606,0.824281422,0.8295793266,0.8322422542,0.842964652,0.742725606,0.7676135064,0.7823624032,0.7908617736,0.7980752868,0.805367732,0.80897188,0.8146567554,0.8213305176,0.8304578784,0.842964652,0.715098229,0.7551713223,0.770917297,0.783545893,0.7902980004,0.800530715,0.8075780986,0.8146435128,0.8235206934,0.8376836679,0.94280803,0.694196649,0.7483284852,0.7614607794,0.7729204546,0.7846450286,0.792312767,0.8062255098,0.8156759912,0.8279181868,0.8487728356,0.972218854,0.692845837,0.7443013665,0.756973546,0.7677552084,0.7781549166,0.788567657,0.8022492662,0.8156729909,0.8313606774,0.8612158834,0.972218854
0.749428457,0.7603714136,0.7771731258,0.7825077978,0.783911415,0.7848289795,0.7923440888,0.795670415,0.7972320342,0.8157351771,0.837685221,0.749428457,0.7795369024,0.7854050368,0.7916368786,0.8020515882,0.808427281,0.816768797,0.8286853568,0.8349815962,0.8658889416,0.923851193,0.694196649,0.778354611,0.789508116,0.797148665,0.806968467,0.813379916,0.820437548,0.829740188,0.841106886,0.870174516,0.972218854,0.692845837,0.7558193836,0.773138041,0.7850187484,0.7936788872,0.806968467,0.8164443796,0.8297804982,0.8467543496,0.873518355,0.972218854,0.661401206,0.7477710128,0.762853887,0.7764256294,0.7882774966,0.802505424,0.8158530354,0.832035938,0.8549798286,0.8825485283,0.991227573
0.846620522,0.851052386,0.8680701396,0.8741613474,0.8784695902,0.900785835,0.9068440676,0.9086335284,0.9253577082,0.937191687,0.953437839,0.745190857,0.8151555534,0.8289674082,0.8372431982,0.8481894644,0.8588267075,0.8682792428,0.8806304333,0.8985952902,0.9132611017,0.976523474,0.692845837,0.788811716,0.8153380586,0.8318922952,0.8433233966,0.854725391,0.8660383968,0.8782690982,0.8935888648,0.9148867938,1.00033694,0.661401206,0.7754492496,0.8010532464,0.8242661756,0.8424738408,0.858623123,0.8721472462,0.8838462174,0.9007120658,0.921321405,1.00033694,0.661401206,0.7693823348,0.7909899928,0.8140315038,0.832876666,0.8540892145,0.8706088526,0.8857942719,0.9072819428,0.9291327436,1.004621398
0.73789469,0.7515292226,0.756544984,0.7598208471,0.7618949176,0.7702493905,0.772162821,0.7838411441,0.8010092828,0.8081160232,0.819188993,0.715098229,0.73789469,0.749565965,0.757653252,0.762691864,0.772045762,0.776443486,0.783070377,0.789913862,0.806490983,0.851467031,0.711268118,0.74246669,0.7515307766,0.7595870757,0.7668018476,0.7734240825,0.779825842,0.7894808639,0.7987622284,0.8116191631,0.851467031,0.690633623,0.741740207,0.750540846,0.759255932,0.765976263,0.773772559,0.781028713,0.790621952,0.802378547,0.814641621,0.869903212,0.678719385,0.738365278,0.747272617,0.755783106,0.763299513,0.772270129,0.779939218,0.789781484,0.80339713,0.8179023585,0.94280803
0.744327365,0.7478444097,0.7612995282,0.7657548535,0.7902098314,0.793420094,0.800659175,0.8144985959,0.8174991882,0.8551115175,0.905384416,0.742235856,0.7658157872,0.7760236254,0.7889057658,0.7952977396,0.805905095,0.8147178154,0.8257258204,0.841425079,0.8723722608,0.94280803,0.715098229,0.7659552108,0.7809617158,0.7907190926,0.8017885706,0.812141502,0.8209414004,0.8314447656,0.8452995252,0.8728919734,0.972218854,0.715098229,0.7603593344,0.7772578626,0.789508203,0.8019155424,0.81253225,0.822367542,0.8346975396,0.8560644874,0.8818235672,0.972218854,0.692845837,0.754225749,0.770790436,0.7845936935,0.795215608,0.8096299635,0.823206471,0.842763278,0.869075293,0.897493588,0.972218854
0.723195484,0.7342625765,0.7409160526,0.7476217073,0.7518358504,0.7690801825,0.7857116562,0.7952578289,0.7956679806,0.796176346,0.810269324,0.715098229,0.7409497476,0.7466940128,0.7513463002,0.7577773824,0.762702306,0.7726384314,0.7812269836,0.7882756928,0.797158818,0.819188993,0.690633623,0.739523,0.7471480276,0.7540810592,0.7596793206,0.764286205,0.7744070522,0.7821777442,0.7909479664,0.8044814266,0.851467031,0.690633623,0.7411265449,0.7482189726,0.7553496345,0.7611904186,0.770281889,0.7770557292,0.7860798898,0.796597093,0.8118201979,0.908724057,0.660339657,0.7381313503,0.7471342172,0.7552448596,0.7623260038,0.7717654085,0.7803668314,0.7906299613,0.8044171076,0.8192182264,1.03974053
0.85340303,0.858155734,0.8588085024,0.8591468928,0.8609250308,0.865780614,0.870802721,0.8732884726,0.8755281172,0.8797794548,0.896318631,0.807527904,0.8367385182,0.8525904218,0.8601557956,0.8679443628,0.877454222,0.8905252802,0.9003889026,0.9078579864,0.9191168242,0.953437839,0.79970955,0.836473571,0.858010747,0.868343862,0.877715042,0.887870643,0.899447097,0.91100179,0.921040245,0.937477215,1.00033694,0.692845837,0.8205117854,0.8423836876,0.8588995279,0.8718258006,0.8832943365,0.8952715018,0.9082247824,0.9208495228,0.9386774631,1.00033694,0.692845837,0.7873124231,0.8200576608,0.8433777661,0.8626029908,0.874696064,0.8890801092,0.9025853646,0.9162712646,0.9339461503,1.004621398
0.738252647,0.7417970726,0.748499297,0.755449787,0.7572285834,0.759255932,0.7628957546,0.7748845974,0.778902378,0.7865508236,0.794503262,0.715098229,0.7409321394,0.7483510052,0.7555098785,0.760731856,0.772604815,0.7791223184,0.7880243963,0.7963901352,0.8094111074,0.841306948,0.690633623,0.7409523522,0.7494922604,0.7557221516,0.7620680824,0.773405801,0.783043014,0.7901910018,0.804424817,0.818973257,0.908724057,0.690633623,0.7422308424,0.7522781374,0.759920975,0.7672197186,0.775589091,0.7846578624,0.7923615786,0.8044006982,0.819962298,0.908724057,0.690633623,0.7427581494,0.7522643246,0.76024207,0.7695019448,0.778747066,0.7878319642,0.7995230472,0.8121413978,0.8329274124,0.94280803
