"block_id","col","row","x_km","y_km","density","connectivity","performance","safety","accessibility","transport_modes","gamma_a","gamma_b","gamma"
1,1,1,5,5,0.135312923302585,0.0641307355868419,0.341398032389213,0.373672496239517,0.408984562331485,0.385817534175828,0.0997218294447136,0.377468156284011,0.238594992864362
2,2,1,15,5,0.115986585836867,0.0878823355922788,0.271510232942453,0.221704623978194,0.359051718854502,0.263102699731393,0.101934460714573,0.278842318876636,0.190388389795604
3,3,1,25,5,0.101927675603013,0.0951558071977245,0.423364498513263,0.410888147273443,0.368707280902123,0.445188269459378,0.0985417414003689,0.412037049037052,0.25528939521871
4,4,1,35,5,0.142562272315042,0.0949683916547724,0.386475752538384,0.441533715490592,0.473055781755948,0.430904120772138,0.118765331984907,0.432992342639265,0.275878837312086
5,5,1,45,5,0.17302011810632,0.140492027988445,0.521340839390393,0.647996106263702,0.535304351005346,0.652401955234377,0.156756073047382,0.589260812973455,0.373008443010419
6,6,1,55,5,0.199186593905658,0.165874223286294,0.528637742996253,0.509012335867407,0.502035625134878,0.588028860611024,0.182530408595976,0.531928641152391,0.357229524874183
7,7,1,65,5,0.24448166217087,0.215966330050271,0.521727628361986,0.628806550804465,0.533013001427726,0.634324576745211,0.230223996110571,0.579467939334847,0.404845967722709
8,8,1,75,5,0.291000311759214,0.229776190077614,0.503008990696491,0.553037871512409,0.50944413421254,0.543799449546035,0.260388250918414,0.527322611491869,0.393855431205141
9,9,1,85,5,0.225802387057756,0.18426381601007,0.437520969433072,0.44989784082712,0.428243572994946,0.520625108681827,0.205033101533913,0.459071872984241,0.332052487259077
10,10,1,95,5,0.115245715060744,0.0910305287259228,0.280722122609315,0.146724541214314,0.235961227371686,0.264208524077014,0.103138121893334,0.231904103818082,0.167521112855708
11,11,1,105,5,0.0985544110864095,0.0274712905939068,0.100215726290484,0.193864651645126,0.262410281968948,0.175938398130366,0.0630128508401581,0.183107264508731,0.123060057674445
12,12,1,115,5,0.135077493483187,0.107668989581634,0.166504380681708,0.146225436799583,0.135894613829364,0.194329782264587,0.12137324153241,0.16073855339381,0.14105589746311
13,13,1,125,5,0.11246916869641,0.0759520022300238,0.0594732349553331,0.0599494280132233,0.0107556379646759,0.0140151716612912,0.0942105854632167,0.0360483681486309,0.0651294768059238
14,14,1,135,5,0.15443184709847,0.0976681778323371,0.188460575142197,0.124037498504955,0.151871528062231,0.243274499591371,0.126050012465404,0.176911025325188,0.151480518895296
15,15,1,145,5,0.229198350243644,0.213449247581968,0.253633521882839,0.228586976050881,0.243054991998926,0.290671294384988,0.221323798912806,0.253986696079409,0.237655247496108
16,16,1,155,5,0.358913503611111,0.319912669640404,0.298108730659957,0.268181299277567,0.395531677791744,0.291897160325558,0.339413086625758,0.313429717013707,0.326421401819732
17,17,1,165,5,0.303843533144532,0.290855035956266,0.401847216096746,0.385137393447788,0.401864057224884,0.425914391123133,0.297349284550399,0.403690764473138,0.350520024511768
18,18,1,175,5,0.441961412645279,0.396338081419527,0.405933010933432,0.36561608844804,0.384746265965678,0.474880230475419,0.419149747032403,0.407793898955642,0.413471822994023
19,19,1,185,5,0.418618169022985,0.370410251623764,0.500327260299956,0.444060063380098,0.501659988369787,0.55742031438741,0.394514210323374,0.500866906609313,0.447690558466344
20,20,1,195,5,0.343907007551228,0.290498447691094,0.504655736401098,0.507927299594945,0.576428987486624,0.5560611121121,0.317202727621161,0.536268283898692,0.426735505759926
21,21,1,205,5,0.389323862987912,0.357797781020881,0.537653511184553,0.552702960518807,0.603035651056253,0.608267532925714,0.373560822004396,0.575414913921332,0.474487867962864
22,22,1,215,5,0.36920545036756,0.327440915361835,0.526648048485444,0.640912345133288,0.538381957226922,0.53543300929489,0.348323182864698,0.560343840035136,0.454333511449917
23,23,1,225,5,0.319851162766128,0.290978275436663,0.497154866735343,0.47027369481095,0.540389221916049,0.554396756379543,0.305414719101395,0.515553634960471,0.410484177030933
24,24,1,235,5,0.315424255719527,0.28826513153485,0.564397952278394,0.583517065027198,0.56015092302956,0.638606880582277,0.301844693627188,0.586668205229357,0.444256449428273
25,25,1,245,5,0.249768287204839,0.165456610834702,0.551900316639272,0.466603540261141,0.575213447462077,0.657513757817357,0.20761244901977,0.562807765544962,0.385210107282366
26,26,1,255,5,0.156025641785341,0.0835448968613831,0.589583382514539,0.577571009029669,0.633359925000484,0.61448854612138,0.119785269323362,0.603750715666518,0.36176799249494
27,27,1,265,5,0.131776227585311,0.101702449279245,0.468658669049639,0.422902964565761,0.545396711538669,0.522090486513633,0.116739338432278,0.489762207916925,0.303250773174602
28,28,1,275,5,0.116668699422216,0.0585552147868406,0.390987725733828,0.433111653576865,0.333816149890632,0.470588496074603,0.0876119571045283,0.407126006318982,0.247368981711755
29,29,1,285,5,0.189564321618966,0.171110417534377,0.536364737595902,0.565916382382744,0.547011520930246,0.530056129976193,0.180337369576671,0.544837192721271,0.362587281148971
30,30,1,295,5,0.280313913225328,0.241911780137475,0.37101081178199,0.477974125986712,0.522866977498596,0.478170520026056,0.261112846681402,0.462505608823339,0.36180922775237
31,31,1,305,5,0.315178711616206,0.237962887728565,0.478527245358321,0.424885445109355,0.466853201259972,0.526209626419776,0.276570799672386,0.474118879536856,0.375344839604621
32,32,1,315,5,0.31086019395461,0.24550725449807,0.402603777554661,0.498604117288158,0.487942723990736,0.43150818546087,0.27818372422634,0.455164701073606,0.366674212649973
33,33,1,325,5,0.239355097034062,0.197293647444233,0.335226490186178,0.413358808479211,0.433886700054947,0.464438044503959,0.218324372239148,0.411727510806074,0.315025941522611
34,34,1,335,5,0.192987868477435,0.123229076062847,0.362384689939227,0.453601981949865,0.357788154480607,0.369499729128551,0.158108472270141,0.385818638874563,0.271963555572352
35,35,1,345,5,0.116779055349782,0.0844139767954878,0.283878345868414,0.303361782907061,0.329889917615208,0.335540428310823,0.100596516072635,0.313167618675376,0.206882067374006
36,36,1,355,5,0.193658015997935,0.14253837537272,0.430679145356762,0.408445639413179,0.395824963703345,0.49200776903962,0.168098195685327,0.431739379378226,0.299918787531777
37,37,1,365,5,0.260613148374634,0.207645465673496,0.452152350542003,0.47163837587709,0.587621704754338,0.423261445920549,0.234129307024065,0.483668469273495,0.35889888814878
38,38,1,375,5,0.35925762914424,0.285766898755186,0.533662711220687,0.509559464683478,0.525025761730171,0.522829761661353,0.322512263949713,0.522769424823922,0.422640844386818
39,39,1,385,5,0.483494035231574,0.443430677769974,0.53011061267266,0.605363680051185,0.546312726485715,0.616871903741393,0.463462356500774,0.574664730737738,0.519063543619256
40,40,1,395,5,0.485490829866194,0.448929263018321,0.526953027533203,0.535533136607568,0.586886007377787,0.525165786358697,0.467210046442257,0.543634489469314,0.505422267955786
41,1,2,5,15,0.113105585071749,0.0623667706283335,0.287981426547199,0.312327417976988,0.320825067835446,0.361515846095577,0.0877361778500412,0.320662439613802,0.204199308731922
42,2,2,15,15,0.101671831656597,0.0876858514542374,0.337785528655225,0.29104667955796,0.334859339253708,0.369506623326255,0.0946788415554171,0.333299542698287,0.213989192126852
43,3,2,25,15,0.108195119422705,0.0869974243662318,0.361121503847612,0.306506019527462,0.397134498664789,0.428493464826152,0.0975962718944683,0.373313871716504,0.235455071805486
44,4,2,35,15,0.0985123300720477,0.0570021801313926,0.464197701190004,0.46918828496554,0.399120699951829,0.49242489586545,0.0777572551017201,0.456232895493206,0.266995075297463
45,5,2,45,15,0.146485258169176,0.0869038223470894,0.457372875728367,0.491614604106647,0.407071635712392,0.503066140335173,0.116694540258133,0.464781313970645,0.290737927114389
46,6,2,55,15,0.195371980334885,0.153332683998207,0.517367140848579,0.585936276787095,0.547164234095086,0.524532247785821,0.174352332166546,0.543749974879145,0.359051153522846
47,7,2,65,15,0.233106502666051,0.231644588070101,0.445890730795455,0.588398575254442,0.574961487631269,0.622407103661685,0.232375545368076,0.557914474335713,0.395145009851894
48,8,2,75,15,0.226816901798189,0.20017307979318,0.50508650285773,0.432779420351872,0.494921490893371,0.534768522059278,0.213494990795684,0.491888984040563,0.352691987418123
49,9,2,85,15,0.157514378439561,0.117153047546712,0.361497279031838,0.431709487578668,0.476717556840377,0.401847241710046,0.137333712993136,0.417942891290232,0.277638302141684
50,10,2,95,15,0.134297134637521,0.0725700682803708,0.319525182567631,0.209830928031577,0.317421550749715,0.271048749186333,0.103433601458946,0.279456602633814,0.19144510204638
51,11,2,105,15,0.129473863078814,0.0661460599028114,0.246758393684741,0.207675689039403,0.243537752581923,0.281590416360978,0.0978099614908126,0.244890562916761,0.171350262203787
52,12,2,115,15,0.0969481138838947,0.0541878117086386,0.0615348590657903,0.0650078934004784,0.010439251738573,0.0600018751916691,0.0755679627962667,0.0492459698491277,0.0624069663226972
53,13,2,125,15,0.181321046314622,0.146179415452982,0.183370858601872,0.239307051478096,0.183991605385832,0.197281141181262,0.163750230883802,0.200987664161765,0.182368947522784
54,14,2,135,15,0.21201280122746,0.191046771933474,0.175404761417758,0.122004170576956,0.207612785174387,0.268304110254377,0.201529786580467,0.19333145685587,0.197430621718168
55,15,2,145,15,0.203070245588761,0.172661665530295,0.167852032058283,0.196369802430666,0.267466011254935,0.241969694982008,0.187865955559528,0.218414385181473,0.2031401703705
56,16,2,155,15,0.27464744547751,0.225931037130945,0.304277864706253,0.289454757013069,0.319010758105244,0.359042287579782,0.250289241304227,0.317946416851087,0.284117829077657
57,17,2,165,15,0.283173431732515,0.214651168834322,0.35371183945516,0.388310955136457,0.431585318492688,0.371696630825711,0.248912300283419,0.386326185977504,0.317619243130461
58,18,2,175,15,0.399100893897667,0.36213273235323,0.468938008268162,0.489017707104008,0.503618483583619,0.551721001643269,0.380616813125449,0.503323800149765,0.441970306637607
59,19,2,185,15,0.385512139929243,0.344771839469719,0.536327007322732,0.68635836627155,0.59939099645813,0.52729442768568,0.365141989699481,0.587342699434523,0.476242344567002
60,20,2,195,15,0.322292423687343,0.31046991376877,0.567187818625417,0.565069142475458,0.501997228602427,0.575477874253757,0.316381168728057,0.552433015989265,0.434407092358661
61,21,2,205,15,0.250995597210007,0.172873276574218,0.478425754273252,0.482736444833387,0.537888457703826,0.46505239261969,0.211934436892112,0.491025762357539,0.351480099624826
62,22,2,215,15,0.272410978270437,0.228533295969142,0.533074750456145,0.600892608315895,0.551441206044725,0.558439931054678,0.25047213711979,0.560962123967861,0.405717130543825
63,23,2,225,15,0.291693223619274,0.235276546001527,0.524332967339779,0.599025589749313,0.602184252315694,0.542303390200752,0.2634848848104,0.566961549901384,0.415223217355892
64,24,2,235,15,0.219297123966123,0.204130801177864,0.491114511353405,0.56231740386341,0.598843704950234,0.512512823049551,0.211713962571993,0.54119711080415,0.376455536688072
65,25,2,245,15,0.220260025412911,0.180670510930676,0.5846157684,0.537713627899475,0.657134640517121,0.652850999312505,0.200465268171793,0.608078759032275,0.404272013602034
66,26,2,255,15,0.183563499298691,0.10007235169282,0.563789077346132,0.582941085563416,0.574704942836802,0.61683887693754,0.141817925495756,0.584568495670973,0.363193210583364
67,27,2,265,15,0.107667141204571,0.0770757698550795,0.375706680309644,0.389739174719158,0.392121354758685,0.390455585256712,0.092371455529825,0.38700569876105,0.239688577145437
68,28,2,275,15,0.139007547844999,0.123679819179859,0.480491660744777,0.496188268415222,0.574891753852419,0.557411091182184,0.131343683512429,0.527245693548651,0.32929468853054
69,29,2,285,15,0.227410327006214,0.172342370937052,0.524484863399144,0.457054479581202,0.544967667595267,0.518347102185834,0.199876348971633,0.511213528190362,0.355544938580997
70,30,2,295,15,0.296533087697714,0.266798904787174,0.42914749397878,0.497026718958478,0.440227972712518,0.42860684077175,0.281665996242444,0.448752256605381,0.365209126423913
71,31,2,305,15,0.350815721943129,0.341785640462973,0.433092617437453,0.609031514385778,0.45877592358883,0.515134763381092,0.346300681203051,0.504008704698289,0.42515469295067
72,32,2,315,15,0.295057938786452,0.299786294318308,0.421473430787432,0.451335449259328,0.493638892543711,0.397426778367728,0.29742211655238,0.44096863773955,0.369195377145965
73,33,2,325,15,0.321356678830957,0.281045873044858,0.344631011386474,0.420957471494935,0.429232417095654,0.515326123376522,0.301201275937907,0.427536755838396,0.364369015888152
74,34,2,335,15,0.156975995330983,0.171069684825512,0.315437523142082,0.403376154866873,0.396800900735742,0.396837317294923,0.164022840078247,0.378112974009905,0.271067907044076
75,35,2,345,15,0.170658682176831,0.153846077965992,0.289746166386412,0.307370785946685,0.361534265178471,0.358103640119206,0.162252380071412,0.329188714407694,0.245720547239553
76,36,2,355,15,0.198709049430544,0.175591099283763,0.441742757567424,0.522140344434466,0.390280012065932,0.436286397931798,0.187150074357153,0.447612377999905,0.317381226178529
77,37,2,365,15,0.286344811386644,0.271029651732563,0.455726384204523,0.413257219324453,0.500497601292847,0.593160254783786,0.278687231559603,0.490660364901402,0.384673798230503
78,38,2,375,15,0.383535734562652,0.328454325293201,0.565046456544053,0.461618116826012,0.510006940847561,0.473909263834017,0.355995029927927,0.502645194512911,0.429320112220419
79,39,2,385,15,0.470224930636439,0.41936014885045,0.494145645765906,0.512225398507334,0.56159411033518,0.552768746155395,0.444792539743445,0.530183475190954,0.487488007467199
80,40,2,395,15,0.432933753472161,0.412291066558038,0.43215134282978,0.555371335214837,0.531115609440967,0.620152142164096,0.4226124100151,0.53469760741242,0.47865500871376
81,1,3,5,25,0.140853430120546,0.129112140529021,0.482806345298978,0.480593137836705,0.539936613924623,0.580141081616932,0.134982785324784,0.52086929466931,0.327926039997047
82,2,3,15,25,0.151541145426715,0.0960090142742711,0.494785440659833,0.512111612855042,0.528794900316137,0.562583470252979,0.123775079850493,0.524568856020998,0.324171967935745
83,3,3,25,25,0.128989160587642,0.0664201840565601,0.367327664645148,0.359931253075586,0.385543465873486,0.366961856977635,0.0977046723221009,0.369941060142963,0.233822866232532
84,4,3,35,25,0.0999020581386727,0.0614042653814397,0.340025795700488,0.429751532391661,0.318692802346619,0.427965294803832,0.0806531617600562,0.37910885631065,0.229881009035353
85,5,3,45,25,0.152675578101263,0.111457620708363,0.53653563210141,0.54686358089769,0.59368888347663,0.624457647598864,0.132066599404813,0.575386436018648,0.353726517711731
86,6,3,55,25,0.254856508120996,0.219207006723755,0.607204960858373,0.707685113676674,0.685172695432725,0.661705402185067,0.237031757422376,0.66544204303821,0.451236900230293
87,7,3,65,25,0.254818588762774,0.174327486646318,0.498852196365858,0.557994412427476,0.547102019688388,0.539249578287878,0.214573037704546,0.5357995516924,0.375186294698473
88,8,3,75,25,0.244363898614989,0.232810597302925,0.488685690542486,0.487438605458848,0.499202329595638,0.572235309305758,0.238587247958957,0.511890483725683,0.37523886584232
89,9,3,85,25,0.20302630659395,0.161093853118352,0.386689305994318,0.545746583721739,0.444413884438802,0.488872033422736,0.182060079856151,0.466430451894398,0.324245265875275
90,10,3,95,25,0.219585522024311,0.198233600094423,0.349480583503926,0.5111488265254,0.464700793587358,0.451898503193301,0.208909561059367,0.444307176702496,0.326608368880932
91,11,3,105,25,0.140379067080823,0.10582321593658,0.236840424360489,0.272511597881801,0.31947171559608,0.273043990196227,0.123101141508702,0.275466932008649,0.199284036758676
92,12,3,115,25,0.147590239630043,0.0715109767993266,0.203296822645716,0.136280974592434,0.301167415745844,0.33207457324101,0.109550608214685,0.243204946556251,0.176377777385468
93,13,3,125,25,0.168918316152866,0.142119386105783,0.133537864852791,0.142036557362085,0.197529543637439,0.225532211715522,0.155518851129325,0.174659044391959,0.165088947760642
94,14,3,135,25,0.201851768111361,0.125260384340888,0.210495363108223,0.195686458103678,0.322338133991792,0.243773534716828,0.163556076226124,0.24307337248013,0.203314724353127
95,15,3,145,25,0.208650183626486,0.160509035016606,0.213166704633097,0.156247394579809,0.257259603362543,0.249369846350461,0.184579609321546,0.219010887231478,0.201795248276512
96,16,3,155,25,0.216369309795445,0.151352104927751,0.355086514175919,0.337373402940852,0.324191294728181,0.335739802902968,0.183860707361598,0.33809775368698,0.260979230524289
97,17,3,165,25,0.293606346890706,0.263519263250157,0.419238290752256,0.479141523382292,0.425126312884166,0.495604627189008,0.278562805070431,0.45477768855193,0.366670246811181
98,18,3,175,25,0.295219530105186,0.300258830783151,0.573536460249366,0.546329842204893,0.574047357056032,0.572648365735442,0.297739180444168,0.566640506311433,0.432189843377801
99,19,3,185,25,0.266122852154116,0.213447967787172,0.489866701539396,0.507628410328758,0.502292587929891,0.58197844938637,0.239785409970644,0.520441537296104,0.380113473633374
100,20,3,195,25,0.255747697630923,0.247761937272518,0.5239203384666,0.47864972866131,0.529160678147137,0.52657462205177,0.25175481745172,0.514576341831704,0.383165579641712
101,21,3,205,25,0.247331719558872,0.200715243821029,0.508310939234594,0.4608887866146,0.57316054210903,0.631253694132536,0.22402348168995,0.54340349052269,0.38371348610632
102,22,3,215,25,0.223289048197375,0.179244390156251,0.523405010274452,0.588772338984223,0.565008596104037,0.568616467464827,0.201266719176813,0.561450603206885,0.381358661191849
103,23,3,225,25,0.233110441576974,0.171228100147021,0.531080124355803,0.558579021264668,0.545298007856622,0.489573150890038,0.202169270861997,0.531132576091783,0.36665092347689
104,24,3,235,25,0.25748433123695,0.210927169922633,0.550354453591347,0.507027975178857,0.54754908542319,0.494648302099663,0.234205750579792,0.524894954073264,0.379550352326528
105,25,3,245,25,0.159749232954308,0.107104585575967,0.566406250376191,0.646643932748854,0.614971849848177,0.657400887395262,0.133426909265138,0.621355730092121,0.377391319678629
106,26,3,255,25,0.124250169343863,0.0607622981560404,0.446601531443985,0.433700447918543,0.412518808404252,0.462073742530115,0.0925062337499515,0.438723632574224,0.265614933162088
107,27,3,265,25,0.108613815545361,0.0586877963775572,0.4044221825209,0.33825914327373,0.442864954168301,0.352276279568058,0.0836508059614591,0.384455639882747,0.234053222922103
108,28,3,275,25,0.169833381464795,0.124972548578067,0.442684645279605,0.514441150663394,0.534915174199666,0.56370339022321,0.147402965021431,0.513936090091469,0.33066952755645
109,29,3,285,25,0.248844953696626,0.168483756667319,0.477439617506047,0.521748899976159,0.530106108059469,0.547865808571448,0.208664355181973,0.519290108528281,0.363977231855127
110,30,3,295,25,0.339062307831738,0.303083432943575,0.443058459118055,0.373793967222508,0.427692355525672,0.539888567319749,0.321072870387657,0.446108337296496,0.383590603842076
111,31,3,305,25,0.431415041147548,0.392544173720165,0.418564724953982,0.37686541465836,0.469269153553257,0.499043462859284,0.411979607433856,0.440935689006221,0.426457648220039
112,32,3,315,25,0.402921484351819,0.389976266055547,0.435208465671605,0.534622897302381,0.439337271289881,0.395917831313141,0.396448875203683,0.451271616394252,0.423860245798968
113,33,3,325,25,0.365010294979885,0.34217749032221,0.473572017608619,0.437173991339361,0.355164947908532,0.53902746635984,0.353593892651048,0.451234605804088,0.402414249227568
114,34,3,335,25,0.277109250015053,0.242727883782657,0.349603675199326,0.308693929101612,0.39392805568076,0.387822508559013,0.259918566898855,0.360012042135178,0.309965304517016
115,35,3,345,25,0.250933314919737,0.230343957287532,0.418931423905662,0.370472604978181,0.476255060696411,0.425924479382869,0.240638636103634,0.422895892240781,0.331767264172207
116,36,3,355,25,0.184040810103242,0.143453903094267,0.429828411312295,0.446452574627807,0.410748035320786,0.456637123605859,0.163747356598755,0.435916536216687,0.299831946407721
117,37,3,365,25,0.295803714658078,0.263050289590737,0.491355385692542,0.503785947059997,0.49932378471555,0.562073764299453,0.279427002124408,0.514134720441886,0.396780861283147
118,38,3,375,25,0.396116929126791,0.355269114491393,0.497504239311723,0.462115498280142,0.552235949141255,0.512385041348882,0.375693021809092,0.5060601820205,0.440876601914796
119,39,3,385,25,0.366031279300821,0.326178953132548,0.503631804380187,0.475062920807815,0.562430474428335,0.637661391870128,0.346105116216685,0.544696647871616,0.44540088204415
120,40,3,395,25,0.462611094165711,0.397526870037366,0.568546915204322,0.525170551547873,0.636859840416019,0.594904749374412,0.430068982101538,0.581370514135656,0.505719748118597
121,1,4,5,35,0.130932876588444,0.094526416732684,0.438508868539026,0.476259458242612,0.405226140410041,0.471954257166216,0.112729646660564,0.447987181089474,0.280358413875019
122,2,4,15,35,0.116152857334403,0.133254962174209,0.501695241261301,0.427459877981938,0.510420737499719,0.369269692800747,0.124703909754306,0.452211387385926,0.288457648570116
123,3,4,25,35,0.12897219759688,0.061782918042527,0.432199022987312,0.395094733157718,0.397831858778234,0.442160493184891,0.0953775578197035,0.416821527027039,0.256099542423371
124,4,4,35,35,0.116450884270974,0.063632213619145,0.425738143645359,0.391412563573409,0.454147595939117,0.465874940656515,0.0900415489450594,0.4342933109536,0.26216742994933
125,5,4,45,35,0.147915487281736,0.0865560398334523,0.417441571887671,0.480155882173419,0.446450006064529,0.451103056797754,0.117235763557594,0.448787629230844,0.283011696394219
126,6,4,55,35,0.160822821270463,0.116125652165432,0.538964491083426,0.568198725238233,0.523598836681721,0.558684165957441,0.138474236717948,0.547361554740205,0.342917895729076
127,7,4,65,35,0.174676864819775,0.1459589640498,0.581832109053634,0.596416289500679,0.620166951683699,0.567224975590937,0.160317914434788,0.591410081457237,0.375863997946012
128,8,4,75,35,0.23292913452409,0.13313861440696,0.507629603708852,0.664529455540479,0.547041570241733,0.605540815659157,0.183033874465525,0.581185361287555,0.38210961787654
129,9,4,85,35,0.19801641982122,0.151586092114392,0.482156906606237,0.453526250915217,0.53654675031914,0.489064257225238,0.174801255967806,0.490323541266458,0.332562398617132
130,10,4,95,35,0.140124710044326,0.142333971799374,0.308876549445718,0.301861783831506,0.418313644021367,0.360840987801818,0.14122934092185,0.347473241275102,0.244351291098476
131,11,4,105,35,0.167525969383173,0.13455607491471,0.333969001854112,0.269316498584211,0.398156479114079,0.408817378037971,0.151041022148942,0.352564839397593,0.251802930773267
132,12,4,115,35,0.108890895926721,0.090907572509272,0.112257019515755,0.204575599108774,0.173552689912013,0.160977859531154,0.0998992342179967,0.162840792016924,0.13137001311746
133,13,4,125,35,0.156492614300672,0.0922041481017969,0.221554167986967,0.242638409443993,0.29426881824294,0.285439082157447,0.124348381201234,0.260975119457837,0.192661750329535
134,14,4,135,35,0.15359703067583,0.0754077305683772,0.2162051531647,0.164844216057115,0.204770566282188,0.27196362236566,0.114502380622103,0.214445889467416,0.16447413504476
135,15,4,145,35,0.131619273790807,0.0937189230913273,0.247585466917298,0.22317652254468,0.276896238499143,0.23806825030554,0.112669098441067,0.246431619566665,0.179550359003866
136,16,4,155,35,0.204878168747138,0.146544346278748,0.40229637901688,0.468987279376193,0.482673613848595,0.453245745027305,0.175711257512943,0.451800754317243,0.313756005915093
137,17,4,165,35,0.213666011949745,0.154543564435836,0.542039531584863,0.55534977320193,0.488862027414285,0.501330783520972,0.184104788192791,0.521895528930512,0.353000158561652
138,18,4,175,35,0.200683485848834,0.175247462039976,0.518732040892867,0.592370058962014,0.56897553465725,0.440250517904817,0.187965473944405,0.530082038104237,0.359023756024321
139,19,4,185,35,0.258995276325745,0.206038625203568,0.618945229277293,0.669026593492636,0.625085565368669,0.581063046696559,0.232516950764657,0.623530108708789,0.428023529736723
140,20,4,195,35,0.201009378262942,0.161439222814932,0.53901152063695,0.53596044454298,0.571733794986866,0.562338917854028,0.181224300538937,0.552261169505206,0.366742735022071
141,21,4,205,35,0.165073649107278,0.111151468566735,0.483063455788069,0.584389676738286,0.459264569103622,0.524427069067837,0.138112558837007,0.512786192674453,0.32544937575573
142,22,4,215,35,0.202403961316275,0.136473408445777,0.431669652142669,0.522005131155206,0.507562834139025,0.58081824824531,0.169438684881026,0.510513966420552,0.339976325650789
143,23,4,225,35,0.134517055711217,0.105653195493532,0.453296210716696,0.380123064943517,0.483958454033369,0.375718032569594,0.120085125602375,0.423273940565794,0.271679533084084
144,24,4,235,35,0.230921681280228,0.195538676440735,0.471681868593902,0.455188579927263,0.528675128852913,0.535295462681671,0.213230178860482,0.497710260013937,0.35547021943721
145,25,4,245,35,0.172929567473442,0.128231022125523,0.495737323130824,0.435492152198241,0.487144207598668,0.52126705821852,0.150580294799482,0.484910185286563,0.317745240043023
146,26,4,255,35,0.23281883804689,0.215329473360267,0.582066545801687,0.644150545741278,0.668722572103889,0.570758275410789,0.224074155703578,0.616424484764411,0.420249320233995
147,27,4,265,35,0.166891559206537,0.129459002139576,0.567338773060547,0.541854180135995,0.509738123231352,0.517523170848647,0.148175280673056,0.534113561819135,0.341144421246096
148,28,4,275,35,0.18208666018415,0.158497753308507,0.564522976103582,0.551491577751276,0.517180057951561,0.602933684370915,0.170292206746328,0.559032074044333,0.364662140395331
149,29,4,285,35,0.290144923098064,0.223447999588886,0.599562322318113,0.497686245135057,0.523340360096351,0.610540562780874,0.256796461343475,0.557782372582599,0.407289416963037
150,30,4,295,35,0.398559573583139,0.35870791006107,0.49846144493905,0.391215561856063,0.494432204499967,0.561344921537751,0.378633741822104,0.486363533208208,0.432498637515156
151,31,4,305,35,0.482360426953812,0.460265178417229,0.416230122532044,0.386560578447687,0.425897239121712,0.355086056792119,0.47131280268552,0.395943499223391,0.433628150954456
152,32,4,315,35,0.442437112313406,0.422549134745829,0.434448208674282,0.424058529929913,0.413744643456924,0.433381436280123,0.432493123529618,0.42640820458531,0.429450664057464
153,33,4,325,35,0.411211419449888,0.393489553063138,0.347354681352581,0.390082359504322,0.419604075845817,0.450395825339024,0.402350486256513,0.401859235510436,0.402104860883475
154,34,4,335,35,0.357425955606285,0.371048596328837,0.382324721383047,0.468170221575053,0.400301533439982,0.461010772229639,0.364237275967561,0.42795181215693,0.396094544062246
155,35,4,345,35,0.300177904801409,0.238427957341677,0.362603997468303,0.455339560085836,0.427726275692675,0.453441009733128,0.269302931071543,0.424777710744986,0.347040320908264
156,36,4,355,35,0.319006776379111,0.268989391339297,0.430379039579703,0.427702894778409,0.50357119474852,0.514296616621151,0.293998083859204,0.468987436431946,0.381492760145575
157,37,4,365,35,0.337441773419254,0.328843603664774,0.492122427752848,0.397872570109149,0.482311387668803,0.577552170144996,0.333142688542014,0.487464638918949,0.410303663730481
158,38,4,375,35,0.333721792777763,0.322068406405482,0.483956839933112,0.473604149947378,0.546473987961245,0.516063636686594,0.327895099591622,0.505024653632082,0.416459876611852
159,39,4,385,35,0.386071103118619,0.359336052458657,0.524509215270005,0.580493324556742,0.595947217821205,0.560860559150236,0.372703577788638,0.565452579199547,0.469078078494093
160,40,4,395,35,0.350709401103613,0.292387698965429,0.621172479253551,0.617617667349115,0.689683912159865,0.676742635573933,0.321548550034521,0.651304173584116,0.486426361809318
161,1,5,5,45,0.236919781331619,0.233952699598594,0.531268069516016,0.592989106511741,0.660120432371663,0.505534951206825,0.235436240465107,0.572478139901561,0.403957190183334
162,2,5,15,45,0.296864903768206,0.284182657928315,0.619100793706609,0.57556682222436,0.590362380583223,0.648050944925454,0.29052378084826,0.608270235359911,0.449397008104086
163,3,5,25,45,0.187861052185915,0.131992516826732,0.502046262803383,0.458882338397706,0.558821729106292,0.537997696986601,0.159926784506324,0.514437006823495,0.337181895664909
164,4,5,35,45,0.197101970888208,0.179788425730705,0.552238458582376,0.638307795937692,0.607080501922295,0.665169438700851,0.188445198309457,0.615699048785804,0.40207212354763
165,5,5,45,45,0.170707082910486,0.138935078951907,0.525024687039798,0.484169165826661,0.61947685480276,0.559046181238136,0.154821080931197,0.546929222226839,0.350875151579018
166,6,5,55,45,0.186766068509177,0.148827781132173,0.45227736046684,0.522763419428579,0.595358028340496,0.61057822087895,0.167796924820675,0.545244257278717,0.356520591049696
167,7,5,65,45,0.151010340229021,0.157120750536307,0.466732644905677,0.529622850686941,0.599123174626034,0.5378699040717,0.154065545382664,0.533337143572588,0.343701344477626
168,8,5,75,45,0.168624680402445,0.108019540244633,0.461714025273309,0.310140762275878,0.506096181051318,0.44200206244144,0.138322110323539,0.429988257760486,0.284155184042013
169,9,5,85,45,0.233285273285302,0.179877733622033,0.569973187310646,0.526309571354762,0.590426453558331,0.545786057849477,0.206581503453667,0.558123817518304,0.382352660485986
170,10,5,95,45,0.186623998897211,0.161101003180703,0.416856441561889,0.445215991699377,0.455905214222989,0.418651540335391,0.173862501038957,0.434157296954911,0.304009898996934
171,11,5,105,45,0.228929414454001,0.154566572487039,0.496703001924828,0.401941903840958,0.452424497921265,0.534877200303365,0.19174799347052,0.471486650997604,0.331617322234062
172,12,5,115,45,0.181983256323842,0.134028991708151,0.331777577139906,0.341895898614534,0.390289790261395,0.413506378448467,0.158006124015997,0.369367411116075,0.263686767566036
173,13,5,125,45,0.181988412493714,0.132744316287533,0.362124277889231,0.280699817060737,0.324915636048328,0.373485749455094,0.157366364390623,0.335306370113347,0.246336367251985
174,14,5,135,45,0.122338554109843,0.0979935696002322,0.212811126281464,0.318817620674348,0.240499605760791,0.313925415218672,0.110166061855037,0.271513441983819,0.190839751919428
175,15,5,145,45,0.145499505987074,0.0924101433023012,0.255089316580847,0.150665689266341,0.264250752713259,0.196761776296576,0.118954824644687,0.216691883714256,0.167823354179472
176,16,5,155,45,0.117555544588742,0.0684269228366134,0.264858264864438,0.305866706921167,0.36156285523359,0.312920957440474,0.0929912337126777,0.311302196114917,0.202146714913797
177,17,5,165,45,0.141310951648614,0.0775489813487386,0.424106054716711,0.419495687344192,0.392405884531516,0.41817065031673,0.109429966498676,0.413544569227287,0.261487267862982
178,18,5,175,45,0.22043232323309,0.194372843347604,0.603745770310831,0.741377704096228,0.616170460793056,0.516852757466428,0.207402583290347,0.619536673166636,0.413469628228491
179,19,5,185,45,0.221821770073651,0.162604060113443,0.511785262257028,0.569331368542406,0.534379954815002,0.558884997070373,0.192212915093547,0.543595395671202,0.367904155382375
180,20,5,195,45,0.143632050434791,0.100864615739346,0.492124107652924,0.562910641640507,0.588185647269814,0.427480308225126,0.122248333087069,0.517675176197093,0.319961754642081
181,21,5,205,45,0.115268787319124,0.107064519010524,0.284101942910726,0.182490325716081,0.31462061682101,0.296724439926309,0.111166653164824,0.269484331343531,0.190325492254178
182,22,5,215,45,0.140938321127197,0.128414005394741,0.44359224884117,0.353330193085325,0.480733230370294,0.470639560549724,0.134676163260969,0.437073808211628,0.285874985736299
183,23,5,225,45,0.175693811558429,0.0814197886930599,0.400702604549187,0.520473140335982,0.47891036051493,0.479718638326339,0.128556800125744,0.46995118593161,0.299253993028677
184,24,5,235,45,0.223257664886779,0.196557171060385,0.516465082830648,0.574277528926714,0.600524639913146,0.553895154907854,0.209907417973582,0.561290601644591,0.385599009809086
185,25,5,245,45,0.243615166817921,0.19946819170083,0.513738769790866,0.596135788099125,0.588904001254585,0.523416715479066,0.221541679259375,0.555548818655911,0.388545248957643
186,26,5,255,45,0.228550867705458,0.232598881300469,0.510469444249084,0.520090922957887,0.548093895042775,0.585626485997856,0.230574874502964,0.541070187061901,0.385822530782432
187,27,5,265,45,0.237159704679397,0.203327509744501,0.497025773923342,0.423792068030976,0.583764482815255,0.536587832176144,0.220243607211949,0.510292539236429,0.365268073224189
188,28,5,275,45,0.303557622736415,0.262512478360081,0.472141530069954,0.660624576244048,0.557935199883855,0.468685386224894,0.283035050548248,0.539846673105688,0.411440861826968
189,29,5,285,45,0.403576378594706,0.39085299844299,0.461693365507435,0.60109565482838,0.508721313065638,0.532357611434644,0.397214688518848,0.525966986209024,0.461590837363936
190,30,5,295,45,0.49670230800966,0.505416531930793,0.473082643804435,0.479428329750042,0.470638880918486,0.588869787885815,0.501059419970227,0.503004910589694,0.50203216527996
191,31,5,305,45,0.52703490554646,0.470635107790914,0.452052315202558,0.518527142808318,0.416358181051487,0.417925585574205,0.498835006668687,0.451215806159142,0.475025406413914
192,32,5,315,45,0.52705214561182,0.501313073089198,0.44399241721388,0.364533191576754,0.545740616848992,0.442980108472305,0.514182609350509,0.449311583527983,0.481747096439246
193,33,5,325,45,0.437173888345942,0.394308139041519,0.403946928656003,0.475473561216563,0.432845085583232,0.37318205993964,0.41574101369373,0.421361908848859,0.418551461271295
194,34,5,335,45,0.453050543998416,0.431490412494661,0.447011968316673,0.441218876101837,0.517770384960383,0.497837009762452,0.442270478246538,0.475959559785336,0.459115019015937
195,35,5,345,45,0.435545976552924,0.411860830095825,0.508522552262505,0.44915254510756,0.537609255268148,0.56256663368012,0.423703403324374,0.514462746579583,0.469083074951979
196,36,5,355,45,0.382092204610073,0.31840450765683,0.476070964303692,0.5621264986107,0.478240918944599,0.509855384244944,0.350248356133451,0.506573441525984,0.428410898829717
197,37,5,365,45,0.386989053762067,0.371033174602803,0.48944401137444,0.550642553409362,0.503716586380554,0.599444345817102,0.379011114182435,0.535811874245365,0.4574114942139
198,38,5,375,45,0.35868351902941,0.33098986902962,0.571709932982305,0.646249843657255,0.587130165842943,0.659820136189835,0.344836694029515,0.616227519668084,0.4805321068488
199,39,5,385,45,0.287723170275548,0.239274596571065,0.626085305212461,0.707924624988831,0.643713898036535,0.639914134748809,0.263498883423306,0.654409490746659,0.458954187084983
200,40,5,395,45,0.233648779807193,0.282652424584312,0.64943572312098,0.735676365842749,0.674214597913015,0.754435349009951,0.258150602195753,0.703440508971674,0.480795555583713
201,1,6,5,55,0.399719973223591,0.37673381050882,0.631951922793356,0.695138548798546,0.699776687060894,0.68899561619054,0.388226891866205,0.678965693710834,0.533596292788519
202,2,6,15,55,0.375145357257505,0.369650489840877,0.643768031346448,0.60015168554406,0.657330071790043,0.599730790578217,0.372397923549191,0.625245144814692,0.498821534181941
203,3,6,25,55,0.381284239129083,0.334735776800653,0.625155880483393,0.566276381148719,0.651016081331949,0.692884621028613,0.358010007964868,0.633833240998168,0.495921624481518
204,4,6,35,55,0.348260633286334,0.324235355725984,0.543702107784486,0.591106977828484,0.641339685848146,0.661279341148691,0.336247994506159,0.609357028152452,0.472802511329305
205,5,6,45,55,0.310334735981584,0.28726776623183,0.58577593034799,0.631595850912024,0.634501078300633,0.62337878881761,0.298801251106707,0.618812912094564,0.458807081600635
206,6,6,55,55,0.287067846393927,0.249190046747611,0.584651153033739,0.585337650679772,0.53331527062731,0.624884499868663,0.268128946570769,0.582047143552371,0.42508804506157
207,7,6,65,55,0.206861294149111,0.174077933074001,0.49895121425612,0.592047756516557,0.579876300470663,0.585322017328532,0.190469613611556,0.564049322142968,0.377259467877262
208,8,6,75,55,0.216436149844532,0.146164079757597,0.539881789322605,0.526718921000131,0.583376767586194,0.660882046909638,0.181300114801065,0.577714881204642,0.379507498002853
209,9,6,85,55,0.253511929480826,0.192247377941977,0.498263380841646,0.620866164702182,0.480041620165458,0.600392355854342,0.222879653711402,0.549890880390907,0.386385267051155
210,10,6,95,55,0.238405155143066,0.20087157975459,0.499749789809764,0.399854251032607,0.53305193298636,0.496698223979185,0.219638367448828,0.482338549451979,0.350988458450404
211,11,6,105,55,0.219223460225691,0.155856317152233,0.476097883561008,0.416885209681567,0.440970528916257,0.405824041199545,0.187539888688962,0.434944415839594,0.311242152264278
212,12,6,115,55,0.263254749026876,0.199152096994114,0.326916227655099,0.396026572733756,0.392681995507636,0.494783098922329,0.231203423010495,0.402601973704705,0.3169026983576
213,13,6,125,55,0.179219718443315,0.137228455059543,0.308421925748135,0.238221770176494,0.337967844310745,0.332558840684124,0.158224086751429,0.304292595229875,0.231258340990652
214,14,6,135,55,0.163730475482848,0.121630836386057,0.296006473418876,0.311893175434843,0.342384064745212,0.36849647517557,0.142680655934452,0.329695047193625,0.236187851564039
215,15,6,145,55,0.119374889809054,0.0731717695094154,0.286832405107537,0.209013736671646,0.272302506686987,0.325221392743809,0.0962733296592345,0.273342510302495,0.184807919980865
216,16,6,155,55,0.140001735903148,0.129102617448027,0.454708667139593,0.423471614913891,0.517289190117925,0.496483834774602,0.134552176675588,0.472988326736503,0.303770251706045
217,17,6,165,55,0.106745542653474,0.104590987510615,0.430474823190943,0.3531491900731,0.447943885725011,0.508502052612547,0.105668265082045,0.4350174879004,0.270342876491223
218,18,6,175,55,0.153862727177973,0.1336608704168,0.496592340157986,0.525418029398754,0.583436175730977,0.59973182345346,0.143761798797386,0.551294592185294,0.34752819549134
219,19,6,185,55,0.114096443095115,0.0812704788983653,0.276035367654085,0.349704675048489,0.376555260584852,0.38756559798649,0.09768346099674,0.347465225318479,0.22257434315761
220,20,6,195,55,0.115609011728579,0.0839021984305656,0.359918641393562,0.25988248202501,0.336479490652409,0.380747299766435,0.0997556050795723,0.334256978459354,0.217006291769463
221,21,6,205,55,0.103488700311794,0.0429714738817731,0.344848796257251,0.282718905451106,0.363172296629622,0.37177227760083,0.0732300870967836,0.340628068984702,0.206929078040743
222,22,6,215,55,0.0950966643692713,0.0384629597896349,0.306798688447912,0.326533916632562,0.320045924651432,0.299745857179339,0.0667798120794531,0.313281096727811,0.190030454403632
223,23,6,225,55,0.135364670174036,0.117818031410747,0.384872091254952,0.293575936502,0.382590677061241,0.464420421024899,0.126591350792392,0.381364781460773,0.253978066126582
224,24,6,235,55,0.233502267418502,0.143607848851592,0.495091340860415,0.515331091131429,0.644937655632498,0.544208561497,0.188555058135047,0.549892162280336,0.369223610207691
225,25,6,245,55,0.237706595305817,0.201586458607184,0.59936766979844,0.527248095242791,0.526841963125497,0.511083501353615,0.2196465269565,0.541135307380086,0.380390917168293
226,26,6,255,55,0.24807211190874,0.207384965712358,0.498767420235433,0.577096421641122,0.541587728331262,0.506346247493979,0.227728538810549,0.530949454425449,0.379338996617999
227,27,6,265,55,0.361441870586852,0.335509984332041,0.612316530269073,0.653709589509426,0.569259006321163,0.668664967268159,0.348475927459446,0.625987523341955,0.487231725400701
228,28,6,275,55,0.466111847641947,0.417112758191208,0.498721595075271,0.543244986332646,0.572385760965124,0.584749577777403,0.441612302916577,0.549775480037611,0.495693891477094
229,29,6,285,55,0.446310617218601,0.422390152454732,0.494109367845194,0.487959866683746,0.506259954206448,0.490912288624435,0.434350384836667,0.494810369339956,0.464580377088311
230,30,6,295,55,0.491425396732384,0.471860432424844,0.446178903858305,0.386676658720622,0.471918253130273,0.420113470923356,0.481642914578614,0.431221821658139,0.456432368118377
231,31,6,305,55,0.624362814136091,0.601423110383477,0.423509223103835,0.490968709836866,0.476221046788225,0.495970680206983,0.612892962259784,0.471667414983977,0.542280188621881
232,32,6,315,55,0.593001081621576,0.543629774449009,0.477244803940485,0.425773019340038,0.459822797321037,0.500342794132131,0.568315428035292,0.465795853683423,0.517055640859358
233,33,6,325,55,0.573860814885848,0.488613566031934,0.416449936515014,0.464612304790804,0.437777907332939,0.528306418014545,0.531237190458891,0.461786641663325,0.496511916061108
234,34,6,335,55,0.511844027537685,0.480179391412148,0.495724744298008,0.528790769893756,0.433614184072018,0.482458425759627,0.496011709474916,0.485147031005852,0.490579370240384
235,35,6,345,55,0.445747680742585,0.414098147444951,0.425896522550583,0.405794971120351,0.485126904534307,0.474662444648825,0.429922914093768,0.447870210713517,0.438896562403642
236,36,6,355,55,0.343896205378362,0.338243657804945,0.564832422532605,0.527840448956606,0.558732615296473,0.5766321604869,0.341069931591653,0.557009411818146,0.4490396717049
237,37,6,365,55,0.236036186090468,0.183697246485628,0.553455510604651,0.630676162870427,0.606096015473103,0.619875900892924,0.209866716288048,0.602525897460276,0.406196306874162
238,38,6,375,55,0.206492872766138,0.134705803277765,0.594748652163886,0.516738802212285,0.62400870503158,0.541323103308253,0.170599338021952,0.569204815679001,0.369902076850476
239,39,6,385,55,0.172351680411487,0.112766378899143,0.608158081403837,0.808224129252896,0.683884661173198,0.747381949053505,0.142559029655315,0.711912205220859,0.427235617438087
240,40,6,395,55,0.160450890540498,0.119240291747517,0.628094492766707,0.656706419530676,0.624552200008403,0.670248517489473,0.139845591144007,0.644900407448815,0.392372999296411
241,1,7,5,65,0.530555596400381,0.501276872607651,0.650915839727901,0.647425232852123,0.637327883924907,0.69486844264257,0.515916234504016,0.657634349786876,0.586775292145446
242,2,7,15,65,0.500885417013178,0.470138121882788,0.551947790361403,0.616293170845097,0.672856978660522,0.67116718022724,0.485511769447983,0.628066280023566,0.556789024735774
243,3,7,25,65,0.51951725481956,0.499885601276234,0.65764655898495,0.671209546074454,0.66734212725495,0.691741492717332,0.509701428047897,0.671984931257921,0.590843179652909
244,4,7,35,65,0.546874324794695,0.541236426465599,0.600846572603325,0.723287462508357,0.665589818828736,0.707243234641847,0.544055375630147,0.674241772145566,0.609148573887857
245,5,7,45,65,0.44422961210233,0.375133950605145,0.671054257417846,0.817642655260638,0.735396348891861,0.65176450029324,0.409681781353737,0.718964440465896,0.564323110909817
246,6,7,55,65,0.342400360131881,0.301628627370495,0.602180929687947,0.562090005764106,0.644216373554785,0.67009898408383,0.322014493751188,0.619646573272667,0.470830533511927
247,7,7,65,65,0.337973432311469,0.29666862490725,0.575608322250801,0.513326811582927,0.62845402223479,0.659615744194594,0.31732102860936,0.594251225065778,0.455786126837569
248,8,7,75,65,0.252000828413713,0.235837484594138,0.557191876405545,0.580814486811224,0.578469770438529,0.586716432038116,0.243919156503926,0.575798141423354,0.40985864896364
249,9,7,85,65,0.30183110556296,0.273326841545124,0.5031651582433,0.538654504107837,0.566495040140513,0.626396123597937,0.287578973554042,0.558677706522397,0.423128340038219
250,10,7,95,65,0.330931258020226,0.371328564740012,0.518544604337337,0.526659761756513,0.456062863481233,0.504564035766,0.351129911380119,0.501457816335271,0.426293863857695
251,11,7,105,65,0.32323370247622,0.273022895030948,0.463997774411982,0.504070624271194,0.59761509578087,0.462711209440938,0.298128298753584,0.507098675976246,0.402613487364915
252,12,7,115,65,0.326630041768849,0.281666277953248,0.421709927535018,0.449732094057353,0.526852503470656,0.455327275644744,0.304148159861049,0.463405450176943,0.383776805018996
253,13,7,125,65,0.214390805248839,0.161367529657549,0.422950177049723,0.486629214747094,0.385678849408295,0.517221132767879,0.187879167453194,0.453119843493248,0.320499505473221
254,14,7,135,65,0.165347861820382,0.0875902483344272,0.422583702459638,0.356782500058333,0.391308350467748,0.34501377260632,0.126469055077405,0.37892208139801,0.252695568237707
255,15,7,145,65,0.146812274400041,0.0729804079227116,0.341004513434314,0.21876162842209,0.338930266149244,0.451522932027157,0.109896341161376,0.337554835008201,0.223725588084789
256,16,7,155,65,0.0905899497884554,0.0478873556839988,0.298801682776315,0.276756191429096,0.354006911073213,0.375255806006445,0.0692386527362271,0.326205147821267,0.197721900278747
257,17,7,165,65,0.13348982567161,0.0976464341384729,0.470678369783035,0.344666983845296,0.451760295161615,0.491484277567298,0.115568129905041,0.439647481589311,0.277607805747176
258,18,7,175,65,0.0972409710319757,0.0531298059554458,0.379587812957646,0.484949904371128,0.324531085850132,0.371202871271069,0.0751853884937108,0.390067918612494,0.232626653553102
259,19,7,185,65,0.108849394106646,0.0428049897770457,0.344648025081861,0.392871109895595,0.388687748221637,0.424683418863432,0.0758271919418461,0.387722575515631,0.231774883728739
260,20,7,195,65,0.0791104457889154,0.0451439534484023,0.29842771053496,0.32370784211753,0.438243720691038,0.342526531776134,0.0621271996186588,0.350726451279915,0.206426825449287
261,21,7,205,65,0.06742929535605,0.0141423815875938,0.289203130605818,0.252638216854154,0.282511683011244,0.278189428894502,0.0407858384718219,0.275635614841429,0.158210726656626
262,22,7,215,65,0.0826178072844808,0.0465360584060266,0.226577723044464,0.210390057444718,0.245600948686566,0.276693069922226,0.0645769328452537,0.239815449774493,0.152196191309874
263,23,7,225,65,0.0961322110445352,0.0726477062436008,0.312098479311758,0.287503761234021,0.351215040390321,0.31380190900964,0.084389958644068,0.316154797486435,0.200272378065252
264,24,7,235,65,0.165897723539218,0.105969869153162,0.449520302425125,0.44729742323315,0.497884222899949,0.524651696686189,0.13593379634619,0.479838411311103,0.307886103828646
265,25,7,245,65,0.25692294843397,0.229171305383072,0.545693880128381,0.483742508385488,0.625694757296251,0.638681460045795,0.243047126908521,0.573453151463979,0.40825013918625
266,26,7,255,65,0.407342904480149,0.392606399866907,0.539068699524794,0.525415566764598,0.538456575864708,0.567776498069195,0.399974652173528,0.542679335055824,0.471326993614676
267,27,7,265,65,0.409828055626984,0.376398471213943,0.5806333185776,0.581161412330317,0.627450683899036,0.605985710965461,0.393113263420464,0.598807781443103,0.495960522431784
268,28,7,275,65,0.488542968807398,0.426238571895485,0.522520200130119,0.511715835665491,0.608064358151484,0.50359805401796,0.457390770351441,0.536474611991263,0.496932691171352
269,29,7,285,65,0.501263236242957,0.485235001692732,0.424167899350266,0.474761554084743,0.443339974713905,0.44890997798582,0.493249118967845,0.447794851533683,0.470521985250764
270,30,7,295,65,0.575567597652328,0.557489471892289,0.442725716693289,0.539984688834505,0.531125596396157,0.469144056414039,0.566528534772309,0.495745014584497,0.531136774678403
271,31,7,305,65,0.649875949523822,0.600558396484252,0.450269796232158,0.500706894342777,0.457175559719517,0.516583752814463,0.625217173004037,0.481184000777229,0.553200586890633
272,32,7,315,65,0.6621914817223,0.668046509102075,0.416910736153658,0.426294899201003,0.506059814526708,0.464018817313614,0.665118995412188,0.453321066798746,0.559220031105467
273,33,7,325,65,0.641249219122441,0.589134134496896,0.494247834374482,0.569063767196661,0.494986241605798,0.484477157506135,0.615191676809668,0.510693750170769,0.562942713490219
274,34,7,335,65,0.540525620522686,0.462843329725987,0.458878261877066,0.41459957662625,0.532790623136942,0.558332818640663,0.501684475124337,0.49115032007023,0.496417397597283
275,35,7,345,65,0.465397511180318,0.421421234447202,0.566044821570432,0.580142503666518,0.588800082849268,0.597509850354127,0.44340937281376,0.583124314610086,0.513266843711923
276,36,7,355,65,0.397897130791226,0.372876348993471,0.492632684520271,0.576601882308231,0.601695652592254,0.585553722045296,0.385386739892348,0.564120985366513,0.474753862629431
277,37,7,365,65,0.246052947982323,0.201008289908215,0.591077225241548,0.554873800917238,0.60873502849789,0.62705158375207,0.223530618945269,0.595434409602187,0.409482514273728
278,38,7,375,65,0.197638382685319,0.179336633010781,0.62828488742487,0.62410429783848,0.65975626026145,0.615488163094675,0.18848750784805,0.631908402154869,0.41019795500146
279,39,7,385,65,0.140620928267324,0.105469364693173,0.587820388581187,0.644628825381256,0.566021777959773,0.641758525585726,0.123045146480248,0.610057379376985,0.366551262928617
280,40,7,395,65,0.102992508863982,0.039065955780112,0.526410188624204,0.553121181986403,0.502485014402535,0.511614930583998,0.0710292323220469,0.523407828899285,0.297218530610666
281,1,8,5,75,0.551467992070167,0.537121908758988,0.658340223148223,0.735019287433428,0.691678543474612,0.642506817367955,0.544294950414578,0.681886217856055,0.613090584135316
282,2,8,15,75,0.60994660978795,0.579429775885583,0.670606044152073,0.665016638035409,0.564721659750734,0.630045158430558,0.594688192836767,0.632597375092194,0.61364278396448
283,3,8,25,75,0.588473138569379,0.579347798322648,0.573487091015726,0.782239933789491,0.629813395182254,0.638989957746545,0.583910468446014,0.656132594433504,0.620021531439759
284,4,8,35,75,0.633615401040665,0.620033054338185,0.615722738538585,0.537731783818677,0.64408916021521,0.70653998541419,0.626824227689425,0.626020916996666,0.626422572343045
285,5,8,45,75,0.53238820903887,0.475180130384132,0.650247482462785,0.661832895320438,0.555455741925301,0.792437873353064,0.503784169711501,0.664993498265397,0.584388833988449
286,6,8,55,75,0.499017547030183,0.475034235248779,0.677603931692546,0.617245267860148,0.629674057060798,0.616428291981224,0.487025891139481,0.635237887148679,0.56113188914408
287,7,8,65,75,0.379082575029078,0.302981798215958,0.581622453781288,0.494071589172445,0.657099931879127,0.663895383667992,0.341032186622518,0.599172339625213,0.470102263123866
288,8,8,75,75,0.360318314233592,0.303227035344124,0.550032050928733,0.56124431535733,0.642532276463005,0.627100426589108,0.331772674788858,0.595227267334544,0.463499971061701
289,9,8,85,75,0.388645511756521,0.317293624525637,0.511024829725789,0.527036052361833,0.561253757963708,0.577740288085747,0.352969568141079,0.544263732034269,0.448616650087674
290,10,8,95,75,0.395294682094571,0.346804608755852,0.52243204736841,0.626505249424906,0.686374306454955,0.59745554360049,0.371049645425212,0.60819178671219,0.489620716068701
291,11,8,105,75,0.36510718522948,0.26826478808788,0.424055699846196,0.514602432393966,0.465254436725745,0.588080525975491,0.31668598665868,0.49799827373535,0.407342130197015
292,12,8,115,75,0.330511746777257,0.303890180362591,0.524472045359775,0.707354137885342,0.537645043506234,0.603554059031473,0.317200963569924,0.593256321445706,0.455228642507815
293,13,8,125,75,0.281562132559925,0.245082144328684,0.389933159527029,0.533001917097931,0.495989485691138,0.530087516599871,0.263322138444305,0.487253019728992,0.375287579086649
294,14,8,135,75,0.226040395690914,0.177436198927776,0.440652865959276,0.534261669499746,0.459035073853142,0.550137279359054,0.201738297309345,0.496021722167805,0.348880009738575
295,15,8,145,75,0.173414884903607,0.140733536350733,0.450987681716011,0.496898444165811,0.457478248464095,0.516298156145179,0.15707421062717,0.480415632622774,0.318744921624972
296,16,8,155,75,0.110080330443516,0.0427212657007753,0.345361412157395,0.354861346141548,0.455128885823458,0.441488133711618,0.0764007980721456,0.399209944458505,0.237805371265325
297,17,8,165,75,0.10054144614316,0.0508251032691136,0.395590773768011,0.265418023584672,0.395400885104182,0.429124573369315,0.0756832747061366,0.371383563956545,0.223533419331341
298,18,8,175,75,0.0812289019027272,0.0542195173809333,0.344960026920828,0.296182811357635,0.343777384677908,0.313814390390745,0.0677242096418303,0.324683653336779,0.196203931489305
299,19,8,185,75,0.0552442882916148,0,0.303051074711324,0.312398804412035,0.328022038898709,0.324075926551219,0.0276221441458074,0.316886961143322,0.172254552644565
300,20,8,195,75,0.0283924115149664,0.0335813299506728,0.24601110317735,0.256027408450067,0.285463270562802,0.270488627320447,0.0309868707328196,0.264497602377667,0.147742236555243
301,21,8,205,75,0.0597453037787083,0.0445778641220206,0.267028246574897,0.333555247590719,0.283976516127654,0.304444015699354,0.0521615839503644,0.297251006498156,0.17470629522426
302,22,8,215,75,0.075531792838479,0.0429892593674094,0.283636948496283,0.284899267989717,0.286240526402939,0.254857650086625,0.0592605261029442,0.277408598243891,0.168334562173418
303,23,8,225,75,0.0832353264632705,0.0553293519066725,0.331199867112717,0.298203939335668,0.325645815022266,0.363463503108397,0.0692823391849715,0.329628281144762,0.199455310164867
304,24,8,235,75,0.173509851586121,0.126501498631722,0.501733572761871,0.595464799173093,0.544571242018326,0.481589433107087,0.150005675108921,0.530839761765094,0.340422718437008
305,25,8,245,75,0.328720656337076,0.27260378457215,0.572557905584133,0.601279291476646,0.543444562995545,0.554348364403377,0.300662220454613,0.567907531114925,0.434284875784769
306,26,8,255,75,0.435447802392628,0.410866486490682,0.545762421672605,0.542349293663319,0.551801116634835,0.563943243635951,0.423157144441655,0.550964018901677,0.487060581671666
307,27,8,265,75,0.41470483848436,0.396236620202761,0.585156593589129,0.637579187289237,0.582221577962855,0.573603979454355,0.40547072934356,0.594640334573894,0.500055531958727
308,28,8,275,75,0.484950594041172,0.409975118374802,0.507711885399294,0.624171009368024,0.608487385301895,0.603368215490102,0.447462856207987,0.585934623889829,0.516698740048908
309,29,8,285,75,0.489800724129138,0.481001795043598,0.481948162138629,0.61585686343091,0.562568352029728,0.602309066023013,0.485401259586368,0.56567061090557,0.525535935245969
310,30,8,295,75,0.657937856540385,0.63202172200538,0.500835386748587,0.43422101354563,0.516050763487854,0.451040065581874,0.644979789272882,0.475536807340986,0.560258298306934
311,31,8,305,75,0.693320052440508,0.677456219625832,0.47933772751795,0.445000816242124,0.443799282559631,0.495852408143883,0.68538813603317,0.465997558615897,0.575692847324534
312,32,8,315,75,0.711618184425407,0.669481791281889,0.448600399513782,0.464149714159002,0.532626687790693,0.514809548353249,0.690549987853648,0.490046587454182,0.590298287653915
313,33,8,325,75,0.684870687599489,0.646671391253559,0.484131391808285,0.47914719772029,0.497824493733324,0.551351208817604,0.665771039426524,0.503113573019876,0.5844423062232
314,34,8,335,75,0.559942888601144,0.519814681130932,0.505875054553016,0.470687188664291,0.574811179821279,0.586889898270741,0.539878784866038,0.534565830327332,0.537222307596685
315,35,8,345,75,0.554890052681566,0.505525253478522,0.55597549432982,0.579238255452374,0.624628987846402,0.533332847819583,0.530207653080044,0.573293896362044,0.551750774721044
316,36,8,355,75,0.345374161613728,0.342189038351537,0.53833282552107,0.657533093156236,0.586381810232435,0.603515040094503,0.343781599982633,0.596440692251061,0.470111146116847
317,37,8,365,75,0.250386584066527,0.225598808076868,0.623316341030819,0.73908437696989,0.710970534151272,0.556546666021349,0.237992696071697,0.657479479543332,0.447736087807515
318,38,8,375,75,0.152755109139809,0.0722427726902925,0.454800068521337,0.44212662518727,0.570414055299102,0.554635186328697,0.112498940915051,0.505493983834101,0.308996462374576
319,39,8,385,75,0.0686897432337366,0.0405635375337015,0.399913464879587,0.364604440826078,0.43211118541605,0.386307526996547,0.0546266403837191,0.395734154529565,0.225180397456642
320,40,8,395,75,0.0677552576925317,0,0.481666080659276,0.298395809524073,0.441121681348036,0.443266845186596,0.0338776288462659,0.416112604179495,0.22499511651288
321,1,9,5,85,0.571178108361816,0.558822795746013,0.633755540550068,0.624649729295062,0.675109489239325,0.790270685659867,0.565000452053914,0.68094636118608,0.622973406619997
322,2,9,15,85,0.62555662958431,0.609037222739766,0.576779388036914,0.601907012071412,0.635634370789339,0.656495909235243,0.617296926162038,0.617704170033227,0.617500548097633
323,3,9,25,85,0.636898947156057,0.606721695753054,0.598842978446415,0.543334238517081,0.616479392271134,0.668264584036355,0.621810321454556,0.606730298317746,0.614270309886151
324,4,9,35,85,0.613294726782959,0.600701310715569,0.706054660220916,0.588296475266548,0.636944761469187,0.676526186608239,0.606998018749264,0.651955520891222,0.629476769820243
325,5,9,45,85,0.553898397410143,0.544916105359693,0.55449576026932,0.552455784633364,0.643241385367534,0.605076158676663,0.549407251384918,0.58881727223672,0.569112261810819
326,6,9,55,85,0.44542488038808,0.41190148396026,0.634702640709935,0.568998224480397,0.641604741578218,0.61899034466999,0.42866318217417,0.616073987859635,0.522368585016902
327,7,9,65,85,0.392449524606224,0.327007944016982,0.61775735767279,0.669859880614954,0.627871412464852,0.635514689608163,0.359728734311603,0.63775083509019,0.498739784700896
328,8,9,75,85,0.380555050648369,0.399623594752188,0.635137183689502,0.665577465066867,0.638200697297602,0.578191925771277,0.390089322700279,0.629276817956312,0.509683070328295
329,9,9,85,85,0.376604584870394,0.270730545161938,0.639404508747254,0.604180898848576,0.535579001171523,0.679750759015675,0.323667565016166,0.614728791945757,0.469198178480961
330,10,9,95,85,0.386847623526008,0.33812308270457,0.570850219197351,0.413326443322378,0.670157027699377,0.630338474679106,0.362485353115289,0.571168041224553,0.466826697169921
331,11,9,105,85,0.437151136426177,0.42019384997766,0.578147638965991,0.565696523918708,0.608587935582266,0.615626015531505,0.428672493201919,0.592014528499617,0.510343510850768
332,12,9,115,85,0.384704983609034,0.372469534162735,0.516132793733688,0.627863194741016,0.630107516826092,0.619054682204205,0.378587258885884,0.59828954687625,0.488438402881067
333,13,9,125,85,0.330390646217756,0.303081225482074,0.419895080863837,0.43777320703849,0.541241599945126,0.482633726401745,0.316735935849915,0.4703859035623,0.393560919706107
334,14,9,135,85,0.240608607579097,0.198293487257101,0.458413538535758,0.574331104726366,0.53160061603301,0.484459106250395,0.219451047418099,0.512201091386382,0.365826069402241
335,15,9,145,85,0.16067567717546,0.0851883916728525,0.436637546214567,0.429032268267981,0.451996921706924,0.492130511712522,0.122932034424156,0.452449311975499,0.287690673199827
336,16,9,155,85,0.101399051450155,0.0682782761743803,0.336418144048044,0.424185984530584,0.407594945667611,0.449547413800771,0.0848386638122678,0.404436622011753,0.24463764291201
337,17,9,165,85,0.100641622549331,0.00203057490415816,0.324180817575419,0.351627986069294,0.311243852607489,0.359812214344489,0.0513360987267447,0.336716217649173,0.194026158187959
338,18,9,175,85,0.0821006254060285,0,0.371358146581576,0.324773222666125,0.337591216619883,0.349665171439021,0.0410503127030143,0.345846939326651,0.193448626014833
339,19,9,185,85,0.0613482932317385,0.0205729185141772,0.214974764237256,0.238783592266664,0.320618490994634,0.329894637702845,0.0409606058729578,0.27606787130035,0.158514238586654
340,20,9,195,85,0.0436066202135244,0.00372703803819525,0.210637653022165,0.323746544340141,0.306318021745161,0.253674069210839,0.0236668291258598,0.273594072079576,0.148630450602718
341,21,9,205,85,0.0470275359042345,0.00639858401506803,0.255269210413949,0.351755691412078,0.325880882538446,0.350414214319063,0.0267130599596512,0.320829999670884,0.173771529815268
342,22,9,215,85,0.077231064809175,0,0.317084599630685,0.327580264740014,0.321997120215474,0.34416101079347,0.0386155324045875,0.327705748844911,0.183160640624749
343,23,9,225,85,0.0831052827756671,0.0204778523674751,0.369307378882916,0.299782819600502,0.362742757647619,0.492558030034344,0.0517915675715711,0.381097746541345,0.216444657056458
344,24,9,235,85,0.13408531628691,0.120656125153465,0.452429992749995,0.520171621130215,0.452225875818281,0.551888038221295,0.127370720720188,0.494178881979946,0.310774801350067
345,25,9,245,85,0.279277561139447,0.239849337857362,0.560209767812049,0.66798796641821,0.648543411591065,0.548371773639264,0.259563449498404,0.606278229865147,0.432920839681776
346,26,9,255,85,0.358622801938165,0.363154513509149,0.610898421939773,0.606005087032211,0.58711599171786,0.574020016043824,0.360888657723657,0.594509879183417,0.477699268453537
347,27,9,265,85,0.428102312965655,0.379789115069892,0.608727032482349,0.557016144214463,0.554783129816771,0.624611090261482,0.403945714017773,0.586284349193766,0.49511503160577
348,28,9,275,85,0.480498606001612,0.422032786238979,0.557403070840619,0.507348431124436,0.562820840172532,0.51016656755285,0.451265696120296,0.534434727422609,0.492850211771452
349,29,9,285,85,0.5306476463507,0.540487913489378,0.526538007495847,0.602091753540725,0.54325220147561,0.517867425238284,0.535567779920038,0.547437346937617,0.541502563428828
350,30,9,295,85,0.628248609538331,0.594703878622446,0.535084263845906,0.617007865810556,0.532532626611651,0.596024107945088,0.611476244080389,0.5701622160533,0.590819230066844
351,31,9,305,85,0.727258887273296,0.683136085741176,0.517492942925794,0.456738260322322,0.523865347387326,0.537750548995941,0.705197486507236,0.508961774907846,0.607079630707541
352,32,9,315,85,0.722095770693583,0.717062420243944,0.497312845890339,0.574482927717949,0.472453574865396,0.539830561622824,0.719579095468764,0.521019977524127,0.620299536496445
353,33,9,325,85,0.71735137485067,0.706341888219446,0.528356281826583,0.630203862816783,0.539324191877599,0.56694002976771,0.711846631535058,0.566206091572169,0.639026361553613
354,34,9,335,85,0.60824668880055,0.579320425370017,0.51309309364277,0.601344426232236,0.577603100043226,0.60041542185448,0.593783557085284,0.573114010443178,0.583448783764231
355,35,9,345,85,0.46647876969318,0.42512060469201,0.57057037006442,0.635384084123514,0.631507153124724,0.682174158070662,0.445799687192595,0.62990894134583,0.537854314269213
356,36,9,355,85,0.382666626443855,0.373285733820848,0.577294274582534,0.501401494525531,0.612343971485691,0.60316413914139,0.377976180132352,0.573550969933787,0.475763575033069
357,37,9,365,85,0.255134364358613,0.204053489314898,0.563794414130335,0.661394552030925,0.639712127629354,0.697419028325455,0.229593926836756,0.640580030529017,0.435086978682887
358,38,9,375,85,0.172714604235878,0.159892555721291,0.623118813369824,0.6374113998278,0.69731077301406,0.739757016115282,0.166303579978585,0.674399500581741,0.420351540280163
359,39,9,385,85,0.0860622632693227,0.0299202244802912,0.454067087673809,0.512848763531453,0.540349384754967,0.47790917750098,0.057991243874807,0.496293603365302,0.277142423620055
360,40,9,395,85,0.0692611980706284,0.0402930409376372,0.442573963340759,0.555999604794698,0.405398704659433,0.45368662631076,0.0547771195041328,0.464414724776412,0.259595922140273
361,1,10,5,95,0.568586408400548,0.535356120987012,0.588534384574996,0.51649002149442,0.540886473286167,0.588249541888168,0.55197126469378,0.558540105310938,0.555255685002359
362,2,10,15,95,0.597683146181973,0.547391738399968,0.508248668448806,0.531556372036524,0.597174201239818,0.642340926357619,0.57253744229097,0.569830042020692,0.571183742155831
363,3,10,25,95,0.636787678704644,0.601784564204387,0.511801098691735,0.717647339173482,0.648966381371308,0.593323814398759,0.619286121454516,0.617934658408821,0.618610389931668
364,4,10,35,95,0.560346708920093,0.543883077092132,0.612140026904509,0.528050687412265,0.653580747944363,0.615059380929978,0.552114893006112,0.602207710797779,0.577161301901945
365,5,10,45,95,0.500237591207082,0.450785901663127,0.547021863864353,0.546808402578273,0.576778686689751,0.595599135021494,0.475511746435105,0.566552022038468,0.521031884236786
366,6,10,55,95,0.420860265267304,0.402249933750129,0.608087499134396,0.575931088852852,0.583081268374721,0.626855322040961,0.411555099508717,0.598488794600733,0.505021947054725
367,7,10,65,95,0.350988097373313,0.316061835535842,0.639033037304068,0.664455618598512,0.636949009336219,0.695764606883529,0.333524966454577,0.659050568030582,0.49628776724258
368,8,10,75,95,0.323372641027977,0.265045325848393,0.559397256302521,0.551933571368182,0.640682068817115,0.674544101054986,0.294208983438185,0.606639249385701,0.450424116411943
369,9,10,85,95,0.331860292512393,0.259684384102099,0.642613865639923,0.567838244693695,0.612239343362052,0.617370304496857,0.295772338307246,0.610015439548132,0.452893888927689
370,10,10,95,95,0.40980759742042,0.373402028905905,0.663133772986266,0.744760233897113,0.771679950407047,0.658738846565848,0.391604813163163,0.709578200964068,0.550591507063616
371,11,10,105,95,0.442039462356272,0.356042044629311,0.634422927617102,0.678175053273244,0.659373213039602,0.697761675241536,0.399040753492792,0.667433217292871,0.533236985392831
372,12,10,115,95,0.402748893420212,0.392328913385505,0.532225795960382,0.528827362020169,0.643976544307996,0.611701383795857,0.397538903402859,0.579182771521101,0.48836083746198
373,13,10,125,95,0.367844954076847,0.338598174379193,0.475381854821472,0.475314001442706,0.514105367368903,0.547093104401483,0.35322156422802,0.502973582008641,0.42809757311833
374,14,10,135,95,0.255848801456438,0.200900007547371,0.44063320742254,0.517950196410702,0.523023779032035,0.407223239909129,0.228374404501904,0.472207605693601,0.350291005097753
375,15,10,145,95,0.163881867864979,0.138201672912405,0.445439179820082,0.540162396319145,0.451011757393031,0.463142472149509,0.151041770388692,0.474938951420442,0.312990360904567
376,16,10,155,95,0.0754544242721817,0.102011879096324,0.329724153545135,0.433980469930182,0.327299286432161,0.390495719031029,0.088733151684253,0.370374907234627,0.22955402945944
377,17,10,165,95,0.0629915586059332,0.03220791970902,0.284124117859467,0.341612964134796,0.257621585291159,0.303187759711528,0.0475997391574766,0.296636606749238,0.172118172953357
378,18,10,175,95,0.0647582076689259,0.000639913153116947,0.263594424604312,0.231051410640196,0.271350340947021,0.279317834404329,0.0326990604110214,0.261328502648964,0.147013781529993
379,19,10,185,95,0.059238528073879,0,0.294676843225816,0.333459782762634,0.36751723384796,0.307684181407635,0.0296192640369395,0.325834510311011,0.177726887173975
380,20,10,195,95,0.0511508612473951,0,0.305212571567456,0.348314261756792,0.31163014312443,0.291779673017408,0.0255754306236976,0.314234162366522,0.16990479649511
381,21,10,205,95,0.0475851689787458,0,0.290973696020474,0.321475039442908,0.243598743814361,0.402078119037463,0.0237925844893729,0.314531399578801,0.169161992034087
382,22,10,215,95,0.0534124666714016,0.0525687777064831,0.241144068571421,0.201251082258023,0.271940596918133,0.352353338475164,0.0529906221889424,0.266672271555685,0.159831446872314
383,23,10,225,95,0.0770306861424113,0.0230538195545371,0.392740861365906,0.468519508072914,0.370248883713313,0.411847986071035,0.0500422528484742,0.410839309805792,0.230440781327133
384,24,10,235,95,0.159888758781945,0.133330537158939,0.518858196473877,0.557344278348886,0.619806690473212,0.471789956671234,0.146609647970442,0.541949780491802,0.344279714231122
385,25,10,245,95,0.314733973747149,0.282486347704039,0.627978301538087,0.584118009903276,0.5862640101805,0.613924265290811,0.298610160725594,0.603071146728168,0.450840653726881
386,26,10,255,95,0.34196008647404,0.324796988622091,0.568189210080086,0.55136466164499,0.522868878195479,0.595809815414643,0.333378537548066,0.5595581413338,0.446468339440933
387,27,10,265,95,0.489925332484791,0.455204061031114,0.4813012040966,0.387232752115278,0.578065647116642,0.572538367857504,0.472564696757953,0.504784492796506,0.488674594777229
388,28,10,275,95,0.47309342212315,0.410559500501273,0.534577176623168,0.637908994396146,0.632237655519881,0.654404575039109,0.441826461312212,0.614782100394576,0.528304280853394
389,29,10,285,95,0.537750245039187,0.516468321320533,0.53761864077986,0.600332103275111,0.58703813350761,0.63851092922062,0.52710928317986,0.5908749516958,0.55899211743783
390,30,10,295,95,0.639600863486992,0.579134026981701,0.497418539377755,0.46893647266154,0.525504245383237,0.570873250401933,0.609367445234347,0.515683126956117,0.562525286095232
391,31,10,305,95,0.729372450750372,0.720670656231144,0.550702283888857,0.575312671362439,0.596043718608577,0.471433014457256,0.725021553490758,0.548372922079282,0.63669723778502
392,32,10,315,95,0.7123083943566,0.666164081286702,0.528340538567687,0.548530768331337,0.616811129333681,0.534934253129675,0.689236237821651,0.557154172340595,0.623195205081123
393,33,10,325,95,0.675532704172166,0.654570551060769,0.605634498854113,0.694315187634858,0.710503664023108,0.755496346803071,0.665051627616467,0.691487424328787,0.678269525972627
394,34,10,335,95,0.570375422568758,0.544814003394897,0.668636363794615,0.638702011131408,0.741820197138584,0.760596582915106,0.557594712981827,0.702438788744928,0.630016750863378
395,35,10,345,95,0.50483448224162,0.475924547686402,0.656687694913601,0.692806035956946,0.715032431011937,0.837307459496572,0.490379514964011,0.725458405344764,0.607918960154387
396,36,10,355,95,0.397647340098316,0.349391703436949,0.640520841770363,0.654810623619708,0.6482317345009,0.703006616311273,0.373519521767633,0.661642454050561,0.517580987909097
397,37,10,365,95,0.273452858044802,0.232713741540224,0.587651301031794,0.62281238947885,0.645955046261794,0.678860880787119,0.253083299792513,0.633819904389889,0.443451602091201
398,38,10,375,95,0.186465944078732,0.159417544317433,0.589172411292032,0.724385444599149,0.649657404777027,0.631716712093333,0.172941744198083,0.648732993190385,0.410837368694234
399,39,10,385,95,0.103319090996727,0.080127047807116,0.486096640684339,0.549400844968485,0.440815589944373,0.493600934398586,0.0917230694019216,0.492478502498946,0.292100785950434
400,40,10,395,95,0.0777007394025776,0,0.389008461860473,0.412044765951061,0.389247570178903,0.384965485440484,0.0388503697012888,0.39381657085773,0.21633347027951
401,1,11,5,105,0.560904302695184,0.498768254517928,0.486690462382837,0.515305063264366,0.547128797705043,0.556476574492609,0.529836278606556,0.526400224461214,0.528118251533885
402,2,11,15,105,0.563470840653796,0.557063128416503,0.631748135653594,0.645800995991942,0.57010058227852,0.589959295751162,0.56026698453515,0.609402252418805,0.584834618476977
403,3,11,25,105,0.528560158054808,0.507074021593084,0.540119782289836,0.594547849577645,0.574483012420695,0.488510579750664,0.517817089823946,0.54941530600971,0.533616197916828
404,4,11,35,105,0.507572971357469,0.462662360201232,0.503094313194955,0.52731007331357,0.546085974132041,0.624863206844861,0.485117665779351,0.550338391871357,0.517728028825354
405,5,11,45,105,0.427482730589157,0.409314217687392,0.587394946423045,0.589886985956253,0.586604641717117,0.58456458264941,0.418398474138275,0.587112789186456,0.502755631662365
406,6,11,55,105,0.298697078200784,0.270704817918693,0.634601927280591,0.628300307051225,0.582638782468903,0.618126866152358,0.284700948059738,0.615916970738269,0.450308959399004
407,7,11,65,105,0.25826004844657,0.192962072620644,0.6140784018185,0.660776883277866,0.617330605672435,0.689419641168236,0.225611060533607,0.645401382984259,0.435506221758933
408,8,11,75,105,0.220842091088985,0.144267405191598,0.627075494165279,0.675172312824796,0.548709229519365,0.603072128383127,0.182554748140291,0.613507291223141,0.398031019681716
409,9,11,85,105,0.198913907129098,0.204587043223538,0.63546704919867,0.750057821583746,0.730750781657141,0.747755151181374,0.201750475176318,0.716007700905233,0.458879088040775
410,10,11,95,105,0.344520462063483,0.230040948673982,0.67120749637886,0.623572095972391,0.711404300355028,0.700683467445956,0.287280705368733,0.676716840038059,0.481998772703396
411,11,11,105,105,0.426825732792895,0.385221937267483,0.60744726423467,0.731997827215288,0.684532652347719,0.636006771460519,0.406023835030189,0.664996128814549,0.535509981922369
412,12,11,115,105,0.339380224178687,0.326571672333885,0.549263811559014,0.612720556729938,0.626971579875747,0.585695073898152,0.332975948256286,0.593662755515713,0.463319351885999
413,13,11,125,105,0.30219902612548,0.269809320040483,0.543045066752549,0.533355507571683,0.612021820537271,0.591240352873352,0.286004173082981,0.569915686933714,0.427959930008348
414,14,11,135,105,0.231506540366477,0.144417055424485,0.57732513849568,0.718455980729734,0.63835847711248,0.562246018760316,0.187961797895481,0.624096403774553,0.406029100835017
415,15,11,145,105,0.172956380725377,0.116248119248985,0.480177671878551,0.537676117989986,0.514625506122262,0.500580517450063,0.144602249987181,0.508264953360215,0.326433601673698
416,16,11,155,105,0.108597393657843,0.0723026399700346,0.356542354752791,0.276734766234752,0.389924781273869,0.457264077151284,0.0904500168139387,0.370116494853174,0.230283255833556
417,17,11,165,105,0.0827127845022955,0.0539010751996798,0.303207371043453,0.304317369197449,0.293401463250094,0.345197797806741,0.0683069298509877,0.311531000324434,0.189918965087711
418,18,11,175,105,0.067287383764958,0.0545502673413903,0.309804198795034,0.302913641108885,0.354711878083203,0.313307848545864,0.0609188255531741,0.320184391633247,0.19055160859321
419,19,11,185,105,0.0594537061138714,0.0413068505722319,0.258155380903061,0.298477059398196,0.314515190032408,0.300997628221802,0.0503802783430517,0.293036314638867,0.171708296490959
420,20,11,195,105,0.0526542063551562,0,0.244381070005133,0.425178656831242,0.311841437958632,0.452569407888496,0.0263271031775781,0.358492643170876,0.192409873174227
421,21,11,205,105,0.0529701123733092,0.00634324267319111,0.273655732383306,0.404151870659249,0.305217610043921,0.356321474708528,0.0296566775232502,0.334836671948751,0.182246674736001
422,22,11,215,105,0.0699099499422672,0.0166340237987068,0.282870951835771,0.333040891671779,0.315648875219046,0.400171045515178,0.043271986870487,0.332932941060443,0.188102463965465
423,23,11,225,105,0.111367362988099,0.0854299019424914,0.365600547198291,0.277921695341142,0.415391427850567,0.459638823510142,0.0983986324652951,0.379638123475035,0.239018377970165
424,24,11,235,105,0.147886018396829,0.10424209527747,0.519706574394025,0.57158324694184,0.568679948813825,0.564863585241895,0.12606405683715,0.556208338847896,0.341136197842523
425,25,11,245,105,0.229819562110762,0.208116832187788,0.554358334653499,0.540123949698947,0.546120497453437,0.535548149786797,0.218968197149275,0.54403773289817,0.381502965023723
426,26,11,255,105,0.330887995687819,0.28970117859923,0.564517773344817,0.513706994991093,0.608548322126609,0.692907186078389,0.310294587143525,0.594920069135227,0.452607328139376
427,27,11,265,105,0.420261225168116,0.390753351372727,0.610782178691862,0.623131477097566,0.660523348873295,0.626080244115408,0.405507288270422,0.630129312194533,0.517818300232477
428,28,11,275,105,0.495782986050563,0.442957558606058,0.632060253207298,0.551515876302542,0.595356502574026,0.648173562007242,0.469370272328311,0.606776548522777,0.538073410425544
429,29,11,285,105,0.55155710161658,0.504295579890909,0.662716724194764,0.681173502262067,0.656961278518318,0.699212545744619,0.527926340753745,0.675016012679942,0.601471176716843
430,30,11,295,105,0.631779065198994,0.570491517086047,0.64869666358786,0.713290845127729,0.675757708210351,0.689731407268699,0.60113529114252,0.68186915604866,0.64150222359559
431,31,11,305,105,0.64708114266123,0.613607966518681,0.661955337324941,0.766625432275863,0.614749960249346,0.740691870528484,0.630344554589956,0.696005650094659,0.663175102342307
432,32,11,315,105,0.674571969537688,0.633266780784926,0.66895907327293,0.741825210465748,0.675099129414837,0.720253710331021,0.653919375161307,0.701534280871134,0.67772682801622
433,33,11,325,105,0.606083621722534,0.601820703166337,0.679353884826248,0.668576634934334,0.650844558203536,0.651872299536817,0.603952162444436,0.662661844375234,0.633307003409835
434,34,11,335,105,0.494606624949229,0.46855408299054,0.681191236567083,0.688875055721049,0.6493575079874,0.69403317127488,0.481580353969884,0.678364242887603,0.579972298428744
435,35,11,345,105,0.533628964592561,0.531649208484216,0.684982673028285,0.800122124399362,0.687241482864767,0.795899380977013,0.532639086538388,0.742061415317357,0.637350250927873
436,36,11,355,105,0.447116389830892,0.42371347609599,0.630621355925488,0.719518191920748,0.626862043926075,0.683800684402491,0.435414932963441,0.6652005690437,0.550307751003571
437,37,11,365,105,0.331174053556345,0.320503383167477,0.579249678244501,0.674690430681449,0.65520998530718,0.678659089825042,0.325838718361911,0.646952296014543,0.486395507188227
438,38,11,375,105,0.234988510141854,0.166162201287166,0.580267542579942,0.64005609493381,0.607826559796119,0.660105661775892,0.20057535571451,0.622063964771441,0.411319660242976
439,39,11,385,105,0.159385498139544,0.113760942920874,0.49136699000712,0.415364412168589,0.511432960631491,0.580035935747156,0.136573220530209,0.499550074638589,0.318061647584399
440,40,11,395,105,0.134630351686526,0.0362667216090202,0.416060543648955,0.460332665735275,0.449203548830926,0.389619546202408,0.0854485366477732,0.428804076104391,0.257126306376082
441,1,12,5,115,0.539638974215884,0.43089689860326,0.442668263892845,0.50444209588613,0.509712417344358,0.531413128951427,0.485267936409572,0.49705897651869,0.491163456464131
442,2,12,15,115,0.554800782055382,0.522693084239298,0.54815767803575,0.557135801044219,0.547537145247982,0.575320258238153,0.53874693314734,0.557037720641526,0.547892326894433
443,3,12,25,115,0.504111597982389,0.502316433705567,0.487925602458282,0.630959040501365,0.478765727004056,0.51139842187073,0.503214015843978,0.527262197958608,0.515238106901293
444,4,12,35,115,0.432772097448502,0.391710668678546,0.583773517704655,0.490177375071607,0.560005874698165,0.623377277950567,0.412241383063524,0.564333511356249,0.488287447209886
445,5,12,45,115,0.369136086630907,0.307427523224977,0.555916509492466,0.567192211374879,0.562070392194894,0.594138818019123,0.338281804927942,0.569829482770341,0.454055643849141
446,6,12,55,115,0.262062592809721,0.219255226392827,0.584812824082762,0.694924483386345,0.644786999041221,0.672737004813766,0.240658909601274,0.649315327831024,0.444987118716149
447,7,12,65,115,0.145982730714558,0.127953344762977,0.511973419527739,0.573439816839274,0.577076962841829,0.599629474560102,0.136968037738767,0.565529918442236,0.351248978090502
448,8,12,75,115,0.112527713854463,0.0810064328070335,0.532750303549902,0.532877250864498,0.495061272096601,0.554759883561469,0.0967670733307484,0.528862177518117,0.312814625424433
449,9,12,85,115,0.178171145740581,0.148400057834734,0.668833063335387,0.656838706185896,0.588539031223175,0.725446114137809,0.163285601787657,0.659914228720567,0.411599915254112
450,10,12,95,115,0.277408719148977,0.246779911174969,0.648678427608355,0.643216897162039,0.714072047313293,0.687297565990897,0.262094315161973,0.673316234518646,0.467705274840309
451,11,12,105,115,0.299808022552045,0.256233704288966,0.625330203004727,0.690981516703006,0.740624546447534,0.670600223288452,0.278020863420506,0.68188412236093,0.479952492890718
452,12,12,115,115,0.381627720872281,0.313658297347435,0.657790192780549,0.681539330890739,0.702336148243327,0.682560515387363,0.347643009109858,0.681056546825495,0.514349777967676
453,13,12,125,115,0.331780852208732,0.29150713929125,0.58108467474372,0.688788450852547,0.629447652360274,0.666046256895894,0.311643995749991,0.641341758713109,0.47649287723155
454,14,12,135,115,0.199555862063809,0.156213099091124,0.567838634218243,0.586340241298865,0.67104923620609,0.692039744316574,0.177884480577467,0.629316964009943,0.403600722293705
455,15,12,145,115,0.200013906635459,0.172039824675931,0.546690583110849,0.628776218729548,0.593533616284872,0.59115998687341,0.186026865655695,0.59004010124967,0.388033483452682
456,16,12,155,115,0.116762264937995,0.0583330424138351,0.484418087816787,0.418973260807455,0.490967604375087,0.45976609112461,0.0875476536759148,0.463531261030985,0.27553945735345
457,17,12,165,115,0.112120733946524,0.0767740881330886,0.314155084615616,0.457426931665309,0.424494045283293,0.428030160456372,0.0944474110398062,0.406026555505147,0.250236983272477
458,18,12,175,115,0.091036655556891,0.0883016733406148,0.34081920147033,0.40699657401405,0.355643298720899,0.458219453565283,0.0896691644487529,0.39041963194264,0.240044398195697
459,19,12,185,115,0.0698669152019448,0.0379840898675295,0.310130642861407,0.373304209211203,0.401567604376643,0.382667173711106,0.0539255025347371,0.36691740754009,0.210421455037413
460,20,12,195,115,0.0865477415656883,0.048347796762408,0.331082366138943,0.320970407154778,0.325865900183314,0.341956709828458,0.0674477691640482,0.329968845826373,0.198708307495211
461,21,12,205,115,0.0861624464325298,0.055155589876546,0.283885270577445,0.273371351568935,0.32270753901098,0.365567199824813,0.0706590181545379,0.311382840245543,0.191020929200041
462,22,12,215,115,0.101468571429637,0.0375670909572489,0.359165736055946,0.392839440339699,0.350638721867676,0.450461136360321,0.0695178311934429,0.38827625865591,0.228897044924677
463,23,12,225,115,0.168413277326316,0.0652099679249329,0.464709461418786,0.456084694068279,0.531134503640191,0.492041466122171,0.116811622625625,0.485992531312357,0.301402076968991
464,24,12,235,115,0.155617088619646,0.108620260483385,0.48701825500659,0.402002022192994,0.551953397220521,0.48408256907207,0.132118674551516,0.481264060873044,0.30669136771228
465,25,12,245,115,0.256816424461625,0.229439802999147,0.565638729053969,0.504570603572591,0.630969455669886,0.500040412510638,0.243128113730386,0.550304800201771,0.396716456966078
466,26,12,255,115,0.416207818593289,0.366059092136525,0.536237371211784,0.642377783295029,0.608008716967476,0.55377127199043,0.391133455364907,0.58509878586618,0.488116120615543
467,27,12,265,115,0.456986549263172,0.409923180895568,0.57278352840549,0.634446171059342,0.567417240616288,0.544855997549239,0.43345486507937,0.57987573440759,0.50666529974348
468,28,12,275,115,0.518078724194735,0.455876706045187,0.636232703397851,0.656763615253029,0.626635296397153,0.627887041644298,0.486977715119961,0.636879664173083,0.561928689646522
469,29,12,285,115,0.589302874678388,0.554946699827494,0.534210286100202,0.665557506018261,0.68175941524916,0.589354453697619,0.572124787252941,0.61772041526631,0.594922601259626
470,30,12,295,115,0.571902665007987,0.563471910692776,0.665499787372342,0.610914848681855,0.638669896048547,0.800079688921287,0.567687287850381,0.678791055256008,0.623239171553195
471,31,12,305,115,0.626045630003913,0.575806398568633,0.684603403225863,0.731314999150398,0.709119052560177,0.719426305918769,0.600926014286273,0.711115940213802,0.656020977250037
472,32,12,315,115,0.660449753613714,0.601678055283363,0.741725771376335,0.685365735754185,0.80939461230377,0.666294522678498,0.631063904448538,0.725695160528197,0.678379532488368
473,33,12,325,115,0.572681045106454,0.510856102991909,0.720822570446046,0.798866832034108,0.791880937451619,0.804285116992512,0.541768574049181,0.778963864231071,0.660366219140126
474,34,12,335,115,0.489731036235148,0.468082567898531,0.626210322012946,0.700971665404689,0.743735901929723,0.693012398493244,0.47890680206684,0.69098257196015,0.584944687013495
475,35,12,345,115,0.497001028088339,0.499660409116181,0.690522402134161,0.641517321994116,0.73914746449391,0.79234044009056,0.49833071860226,0.715881907178187,0.607106312890224
476,36,12,355,115,0.427425387438298,0.400335257371105,0.65115248939963,0.620181199680424,0.702694969934775,0.651589195699353,0.413880322404702,0.656404463678545,0.535142393041624
477,37,12,365,115,0.311696146763813,0.269751082083229,0.614375106173582,0.593974699987972,0.640307116742924,0.615888717704915,0.290723614423521,0.616136410152348,0.453430012287935
478,38,12,375,115,0.278526629694902,0.227748223152648,0.627336119594386,0.582616064477742,0.666165190881218,0.676621419201358,0.253137426423775,0.638184698538676,0.445661062481226
479,39,12,385,115,0.282443655677796,0.249258942139224,0.578069321800248,0.593946913820189,0.57569996982746,0.597041461080286,0.26585129890851,0.586189416632046,0.426020357770278
480,40,12,395,115,0.208197018369553,0.153814766453006,0.51404490137748,0.69975707697382,0.62629649595505,0.7010110023189,0.18100589241128,0.635277369156312,0.408141630783796
481,1,13,5,125,0.590525436784484,0.547365392577558,0.492107805710328,0.542292693331192,0.580194344885489,0.531873354805811,0.568945414681021,0.536617049683205,0.552781232182113
482,2,13,15,125,0.541347113925914,0.50330284961822,0.559755027616392,0.495075571649192,0.610491133086258,0.567418883441823,0.522324981772067,0.558185153948416,0.540255067860242
483,3,13,25,125,0.515455580928839,0.487588228273677,0.53566262260679,0.607701450712228,0.59784429569782,0.570893604129483,0.501521904601258,0.57802549328658,0.539773698943919
484,4,13,35,125,0.428035384723954,0.351357691554432,0.580796882899679,0.528516019982784,0.615044142103683,0.634588085018087,0.389696538139193,0.589736282501058,0.489716410320126
485,5,13,45,125,0.307793935159296,0.250058066490406,0.621127037004498,0.522945975932968,0.581613629171658,0.608834544664052,0.278926000824851,0.583630296693294,0.431278148759073
486,6,13,55,125,0.149970003286582,0.0860542349283638,0.501173385420539,0.517230654543423,0.545792202143793,0.565491935134251,0.118012119107473,0.532422044310502,0.325217081708987
487,7,13,65,125,0.119121409009763,0.121961364863638,0.528841959753688,0.636056894356321,0.609480346940259,0.559273130595866,0.1205413869367,0.583413082911534,0.351977234924117
488,8,13,75,125,0.109077436596239,0.0559273222853105,0.413058760303278,0.386236790816153,0.504584680199783,0.410700971457911,0.0825023794407747,0.428645300694281,0.255573840067528
489,9,13,85,125,0.19858513039985,0.124302692285986,0.629661259146834,0.641043412283966,0.636778392950619,0.61450725264797,0.161443911342918,0.630497579257347,0.395970745300133
490,10,13,95,125,0.145603591088239,0.0815123345851733,0.565303681919174,0.531013283526836,0.615704148552007,0.675979143526388,0.113557962836706,0.597000064381101,0.355279013608904
491,11,13,105,125,0.216210317473094,0.150375843909974,0.604684951196255,0.705038737115234,0.693217465729067,0.78780831942403,0.183293080691534,0.697687368366146,0.44049022452884
492,12,13,115,125,0.220225440215093,0.182592266627995,0.684437697014903,0.697294005891575,0.673915538967895,0.734084738557535,0.201408853421544,0.697432995107977,0.44942092426476
493,13,13,125,125,0.231082306964892,0.18978055456365,0.639268534604791,0.711180817085722,0.733483351510599,0.731938746521734,0.210431430764271,0.703967862430711,0.457199646597491
494,14,13,135,125,0.300740152461215,0.232093040650825,0.650827740862554,0.681214993020513,0.642412278993615,0.701721589793981,0.26641659655602,0.669044150667666,0.467730373611843
495,15,13,145,125,0.16110310446565,0.115832363181278,0.570371707593602,0.607514856264814,0.619490344782221,0.546187652584449,0.138467733823464,0.585891140306271,0.362179437064868
496,16,13,155,125,0.252991925858374,0.220130114338812,0.571526703159741,0.672610580210701,0.670237638224241,0.708045049979179,0.236561020098593,0.655604992893466,0.446083006496029
497,17,13,165,125,0.148091046643655,0.160929741977798,0.572900402874115,0.667565066134383,0.668890335071964,0.612472675644738,0.154510394310727,0.6304571199313,0.392483757121013
498,18,13,175,125,0.177642021352967,0.144743066140168,0.590169886124349,0.670273153888779,0.604971213646171,0.558415387261144,0.161192543746567,0.60595741023011,0.383574976988339
499,19,13,185,125,0.114916640366278,0.0941509435467257,0.460794371356532,0.426611760011422,0.463091100973177,0.582958226697012,0.104533791956502,0.483363864759536,0.293948828358019
500,20,13,195,125,0.154716908629487,0.132091547799382,0.505121343465042,0.541683240149242,0.54641279649452,0.567350029353688,0.143404228214435,0.540141852365623,0.341773040290029
501,21,13,205,125,0.166157186276179,0.126099558423898,0.486208766340199,0.499143022636314,0.499461933309305,0.533759783391264,0.146128372350038,0.50464337641927,0.325385874384654
502,22,13,215,125,0.21908045524448,0.208704740032506,0.549169938434811,0.584906451214403,0.528259523239529,0.649604386184322,0.213892597638493,0.577985074768266,0.39593883620338
503,23,13,225,125,0.269401906118091,0.270844425805838,0.552345990274658,0.698237552239043,0.605110087419261,0.635385601454943,0.270123165961965,0.622769807846976,0.44644648690447
504,24,13,235,125,0.334539317450277,0.309526735519772,0.574928436701973,0.579159262094436,0.572015090131547,0.526512326496202,0.322033026485025,0.56315377885604,0.442593402670532
505,25,13,245,125,0.346920423476865,0.315549554707764,0.574390192028046,0.547813007095298,0.553743018205987,0.582516465374099,0.331234989092314,0.564615670675857,0.447925329884086
506,26,13,255,125,0.475106143102338,0.465676484231546,0.494357286379872,0.547234528852897,0.62198604313934,0.58864302103691,0.470391313666942,0.563055219852255,0.516723266759598
507,27,13,265,125,0.546919983765878,0.501150528074671,0.661084667089242,0.614119360237252,0.63160201821545,0.744455413243535,0.524035255920274,0.66281536469637,0.593425310308322
508,28,13,275,125,0.586604171628116,0.512765615468166,0.542199132700398,0.619291691204487,0.619419175615437,0.671763839108635,0.549684893548141,0.613168459657239,0.58142667660269
509,29,13,285,125,0.591185726217051,0.555382363140586,0.659899627402642,0.784997029886765,0.705768991184135,0.720539572820792,0.573284044678819,0.717801305323584,0.645542675001201
510,30,13,295,125,0.5352923235666,0.530971450304314,0.672787319805657,0.748239405637709,0.644439525297429,0.664438490244132,0.533131886935457,0.682476185246232,0.607804036090845
511,31,13,305,125,0.574283117946413,0.552818726541114,0.678398639000053,0.704682463523,0.76879600476955,0.724593017318645,0.563550922243764,0.719117531152812,0.641334226698288
512,32,13,315,125,0.614796156590326,0.55102862958301,0.740237056854831,0.794119060190676,0.714900153072548,0.69661156903349,0.582912393086668,0.736466959787886,0.659689676437277
513,33,13,325,125,0.550088107817445,0.547011443686906,0.79347456326751,0.796845963516468,0.765616313571883,0.803279708226878,0.548549775752176,0.789804137145685,0.66917695644893
514,34,13,335,125,0.452867369915302,0.440421115404148,0.675634124825789,0.688111566676786,0.732646178911992,0.798636946276459,0.446644242659725,0.723757204172757,0.585200723416241
515,35,13,345,125,0.463662773531582,0.441650569657689,0.633514114320615,0.763432726002989,0.694129640633667,0.738535788523859,0.452656671594635,0.707403067370282,0.580029869482459
516,36,13,355,125,0.410122234187459,0.345835996382401,0.625782972346822,0.75887276717179,0.654952759375692,0.70410562100147,0.37797911528493,0.685928529973943,0.531953822629437
517,37,13,365,125,0.311160088870083,0.303546025832983,0.610887520036765,0.507408912613945,0.629597598755125,0.576645072955112,0.307353057351533,0.581134776090237,0.444243916720885
518,38,13,375,125,0.403007578488088,0.349818597084193,0.569137615313166,0.618918988709503,0.578058097485435,0.648879942369537,0.376413087786141,0.60374866096941,0.490080874377775
519,39,13,385,125,0.484011674531579,0.439813047614399,0.635958425693379,0.694436646369887,0.65506046990258,0.713899501994905,0.461912361072989,0.674838760990188,0.568375561031589
520,40,13,395,125,0.440940066237625,0.39864274150044,0.659253997893489,0.668882321838146,0.68878522085288,0.729017712501085,0.419791403869032,0.6864848132714,0.553138108570216
521,1,14,5,135,0.623944977801085,0.560118093837294,0.515793806877535,0.494358203572499,0.495666537910941,0.605926728914292,0.592031535819189,0.527936319318817,0.559983927569003
522,2,14,15,135,0.540993005314947,0.543538632554356,0.505207023289841,0.412412475909667,0.538133968042779,0.590596021283343,0.542265818934652,0.511587372131407,0.52692659553303
523,3,14,25,135,0.449908946087618,0.395709963286165,0.544646253782505,0.624004747476507,0.596204515760048,0.655446640638181,0.422809454686891,0.605075539414311,0.513942497050601
524,4,14,35,135,0.405459389384292,0.345800804052288,0.584566931533812,0.753549856078048,0.593192331233364,0.573579953862707,0.37563009671829,0.626222268176983,0.500926182447637
525,5,14,45,135,0.209897163769281,0.176423441158223,0.494125737248853,0.600641730092793,0.641445636894342,0.622893136845463,0.193160302463752,0.589776560270363,0.391468431367058
526,6,14,55,135,0.18110488944385,0.165045685190963,0.521640257941755,0.617113660691121,0.532381234327028,0.56916079303044,0.173075287317407,0.560073986497586,0.366574636907496
527,7,14,65,135,0.0769603423540391,0.0306127460386711,0.261027060782408,0.391664626355164,0.313777446950795,0.383709948914722,0.0537865441963551,0.337544770750772,0.195665657473564
528,8,14,75,135,0.0784704516469115,0,0.367907256626337,0.430056573750984,0.373006451362036,0.451536456850812,0.0392352258234557,0.405626684647542,0.222430955235499
529,9,14,85,135,0.0851374965456242,0.0443841238826872,0.426413595336309,0.411221034799081,0.541959746899598,0.545184878607019,0.0647608102141557,0.481194813910502,0.272977812062329
530,10,14,95,135,0.114736195433222,0.0434629690662289,0.466372698148505,0.551375156129923,0.532662522668597,0.542852899133494,0.0790995822497253,0.52331581902013,0.301207700634928
531,11,14,105,135,0.132982451573272,0.0958263639563167,0.626239830475864,0.499060012383847,0.522078163686144,0.545454025182188,0.114404407764795,0.548208007932011,0.331306207848403
532,12,14,115,135,0.154441039328048,0.113360122781164,0.546347687588054,0.536352999736865,0.623187471506056,0.619864939015113,0.133900581054606,0.581438274461522,0.357669427758064
533,13,14,125,135,0.116225415521992,0.104212077860117,0.534695114218809,0.570333215123861,0.592904915611842,0.585826288824853,0.110218746691054,0.570939883444841,0.340579315067948
534,14,14,135,135,0.19750566949875,0.16799667991539,0.590407215906368,0.722257665918576,0.586912987172017,0.568757041642561,0.18275117470707,0.61708372765988,0.399917451183475
535,15,14,145,135,0.264236801025773,0.222396807734864,0.601181668789347,0.570736573871855,0.64485154274403,0.616170444393905,0.243316804380318,0.608235057449784,0.425775930915051
536,16,14,155,135,0.318107482501343,0.296407273770717,0.599261597981092,0.593508720579063,0.689818613142436,0.65922338645753,0.30725737813603,0.63545307954003,0.47135522883803
537,17,14,165,135,0.356660968392246,0.301918524679851,0.648641209744054,0.579993255272161,0.676101205401476,0.779504147028145,0.329289746536049,0.671059954361459,0.500174850448754
538,18,14,175,135,0.418991056901681,0.419438060552115,0.668268588636303,0.644965249092869,0.705896116839682,0.70452660695268,0.419214558726898,0.680914140380383,0.550064349553641
539,19,14,185,135,0.407883554687161,0.39299743534507,0.632130983610471,0.705617400169682,0.643890086545129,0.753822641543101,0.400440495016116,0.683865277967096,0.542152886491606
540,20,14,195,135,0.474601730533568,0.450817197519478,0.584925540748143,0.64789879318902,0.594854003596472,0.663172531024569,0.462709464026523,0.622712717139551,0.542711090583037
541,21,14,205,135,0.460545200187959,0.41815247707279,0.549520511491056,0.549167072842578,0.588456767622136,0.593136329923305,0.439348838630375,0.570070170469769,0.504709504550072
542,22,14,215,135,0.41398331812131,0.405760616549864,0.547109557887716,0.556405915893956,0.538722861641544,0.609761699841706,0.409871967335587,0.56300000881623,0.486435988075909
543,23,14,225,135,0.463647069432122,0.432864845900014,0.552816601418157,0.584577834772099,0.578287862134561,0.603400329715555,0.448255957666068,0.579770657010093,0.514013307338081
544,24,14,235,135,0.453158226762136,0.398782693567496,0.536780338972616,0.61333043683241,0.550454489679932,0.479696009556575,0.425970460164816,0.545065318760383,0.4855178894626
545,25,14,245,135,0.457934501567998,0.459311815959488,0.531353514480387,0.526373827863587,0.627786764077437,0.605287726061978,0.458623158763743,0.572700458120847,0.515661808442295
546,26,14,255,135,0.587031258881489,0.56468725320526,0.498225574285709,0.547073621310344,0.537152579044206,0.589654244292465,0.575859256043374,0.543026504733181,0.559442880388278
547,27,14,265,135,0.552390779690491,0.46727367509236,0.523190017202145,0.688746334874287,0.563515692730826,0.682265461638142,0.509832227391426,0.61442937661135,0.562130802001388
548,28,14,275,135,0.615089097767341,0.584983786194435,0.548049012255838,0.529202919194457,0.578961817494655,0.519298614891244,0.600036441980888,0.543878090959048,0.571957266469968
549,29,14,285,135,0.584980379618576,0.543827220163547,0.614939655046297,0.545816967141461,0.620891043480302,0.65284883647829,0.564403799891061,0.608624125536588,0.586513962713824
550,30,14,295,135,0.62840358853335,0.590502777757853,0.563362613104273,0.625886419992595,0.670532698342945,0.662717063163008,0.609453183145601,0.630624698650705,0.620038940898153
551,31,14,305,135,0.578331828334885,0.576566167244615,0.759494775538843,0.704829392573204,0.731624836688154,0.798773750885793,0.57744899778975,0.748680688921499,0.663064843355624
552,32,14,315,135,0.544006964766886,0.542109921479357,0.705101257657392,0.785183772870106,0.744667838608045,0.776517195862922,0.543058443123122,0.752867516249616,0.647962979686369
553,33,14,325,135,0.448775231587957,0.391639378346186,0.709657795700851,0.760987904004456,0.777951066999882,0.734328785537841,0.420207304967072,0.745731388060758,0.582969346513915
554,34,14,335,135,0.353126958484996,0.320866255411608,0.627668978806546,0.824204958758494,0.786489823036823,0.736072276834429,0.336996606948302,0.743609009359073,0.540302808153688
555,35,14,345,135,0.332551300405998,0.306255747027031,0.690236071534147,0.59235577357905,0.6431792571891,0.635706956455373,0.319403523716514,0.640369514689417,0.479886519202966
556,36,14,355,135,0.372011067377195,0.317641171702367,0.643608080870476,0.756025789731544,0.642775162027774,0.618117589307463,0.344826119539781,0.665131655484314,0.504978887512048
557,37,14,365,135,0.376623132623864,0.288891781887636,0.570533293424975,0.610234650379598,0.625011281518251,0.667455203650235,0.33275745725575,0.618308607243265,0.475533032249507
558,38,14,375,135,0.452143679353719,0.431866439485418,0.584190230238676,0.603278189617816,0.622850529969413,0.649564087836498,0.442005059419568,0.614970759415601,0.528487909417585
559,39,14,385,135,0.562144308509309,0.544587821437532,0.568660893487843,0.63756208725171,0.633330628896108,0.627613452615574,0.553366064973421,0.616791765562809,0.585078915268115
560,40,14,395,135,0.589127808058484,0.5923828768641,0.575964610329588,0.669486876053353,0.637387327514265,0.67474666186791,0.590755342461292,0.639396368941279,0.615075855701285
561,1,15,5,145,0.574059308412716,0.520076033931861,0.517003101284485,0.59988812096196,0.583572844836153,0.583922044146729,0.547067671172288,0.571096527807331,0.55908209948981
562,2,15,15,145,0.511334081518052,0.469500142871434,0.611171935369028,0.700095691488581,0.692860379134042,0.672438623425055,0.490417112194743,0.669141657354177,0.57977938477446
563,3,15,25,145,0.422648274863853,0.422310646245186,0.638867452866407,0.532703323995557,0.577148665073969,0.524141082115329,0.42247946055452,0.568215131012815,0.495347295783667
564,4,15,35,145,0.3394726251191,0.279391788065155,0.520374825297144,0.411765613616566,0.570154215868884,0.454971805760661,0.309432206592128,0.489316615135813,0.39937441086397
565,5,15,45,145,0.239345201089564,0.203364937941743,0.561109239174829,0.496076192911299,0.585485376573736,0.568272614714762,0.221355069515654,0.552735855843656,0.387045462679655
566,6,15,55,145,0.114167485892241,0.047495467496837,0.395622822717562,0.443538535252845,0.441816540671905,0.317750433423665,0.0808314766945389,0.399682083016494,0.240256779855517
567,7,15,65,145,0.107424235474997,0.0362288483586822,0.340117065018997,0.27930400471909,0.316442165326122,0.337620829653881,0.0718265419168395,0.318371016179522,0.195098779048181
568,8,15,75,145,0.0648007833520216,0.0172157129097643,0.329016249715212,0.280163722142418,0.314822165491606,0.309208907128832,0.0410082481308929,0.308302761119517,0.174655504625205
569,9,15,85,145,0.0704323918489137,0.0162007727704711,0.295120262266221,0.435176428211099,0.323265705478556,0.353438298623078,0.0433165823096924,0.351750173644739,0.197533377977216
570,10,15,95,145,0.0855581078122493,0.0284088635773236,0.37253782983349,0.263946748184672,0.397798083255508,0.40354880048875,0.0569834856947864,0.359457865440605,0.208220675567696
571,11,15,105,145,0.0910418033374429,0.0226011305184459,0.383416550260943,0.413650449445207,0.430002589547613,0.432126862093915,0.0568214669279444,0.41479911283692,0.235810289882432
572,12,15,115,145,0.085594260092239,0.0738609302880597,0.389909120593185,0.442196458470452,0.355818531800345,0.381892962398694,0.0797275951901493,0.392454268315669,0.236090931752909
573,13,15,125,145,0.105081782325107,0.067042415659228,0.405525594227059,0.487778170843319,0.442031481015855,0.523474348023214,0.0860620989921677,0.464702398527362,0.275382248759765
574,14,15,135,145,0.194189616379376,0.13789121955385,0.503824250542545,0.651633681186385,0.60600706264286,0.510739126235698,0.166040417966613,0.568051030151872,0.367045724059242
575,15,15,145,145,0.333826614528391,0.27740551063656,0.546830585414802,0.742471174797741,0.582876080652107,0.574952887929198,0.305616062582475,0.611782682198462,0.458699372390469
576,16,15,155,145,0.369509684673766,0.337042431991706,0.641293365464285,0.661673124958346,0.621516470008828,0.606463739398486,0.353276058332736,0.632736674957487,0.493006366645111
577,17,15,165,145,0.509654189337815,0.517020549629898,0.638425157051039,0.638878544917004,0.679137109713764,0.64553389955407,0.513337369483857,0.650493677808969,0.581915523646413
578,18,15,175,145,0.611279327514534,0.577235766329966,0.707715476441591,0.712927487698257,0.727393150324997,0.767810371116228,0.59425754692225,0.728961621395268,0.661609584158759
579,19,15,185,145,0.59832379886156,0.57175116206774,0.715609288104458,0.796135850740186,0.722274942104654,0.740898184563378,0.58503748046465,0.743729566378169,0.66438352342141
580,20,15,195,145,0.631370239326235,0.58272163318623,0.564042826367524,0.710125313215784,0.598815446822369,0.706514308941931,0.607045936256232,0.644874473836902,0.625960205046567
581,21,15,205,145,0.64291693127689,0.614899130025941,0.567430861696623,0.448893691252958,0.612875740142729,0.616704989300364,0.628908030651416,0.561476320598168,0.595192175624792
582,22,15,215,145,0.636474051802149,0.62348162728004,0.60386689682132,0.649834434619817,0.581304930432892,0.681047583365017,0.629977839541095,0.629013461309762,0.629495650425428
583,23,15,225,145,0.644394590613682,0.604588267368747,0.475692573253153,0.455928730282915,0.491433986637583,0.54596677722663,0.624491428991215,0.49225551685007,0.558373472920642
584,24,15,235,145,0.582267928480018,0.554462564119395,0.559473096739637,0.544780836244741,0.547898252569915,0.530281488620471,0.568365246299707,0.545608418543691,0.556986832421699
585,25,15,245,145,0.582264757170751,0.583147640828308,0.510469569389733,0.480626194695251,0.532980777376286,0.555892033166027,0.58270619899953,0.519992143656824,0.551349171328177
586,26,15,255,145,0.592981520169211,0.560628192929927,0.504678342121853,0.483183651317024,0.581475720285457,0.575126797227804,0.576804856549569,0.536116127738034,0.556460492143802
587,27,15,265,145,0.617580701034157,0.596543765969715,0.500042330849751,0.580206105506577,0.519898411807357,0.522650784147663,0.607062233501936,0.530699408077837,0.568880820789886
588,28,15,275,145,0.665896058049988,0.640463198588763,0.498197253953462,0.565856497125543,0.558368441412854,0.544637277850906,0.653179628319375,0.541764867585691,0.597472247952533
589,29,15,285,145,0.658898180060216,0.620154360375075,0.600719832079251,0.673564723753649,0.539112930719217,0.603296932298506,0.639526270217645,0.604173604712655,0.62184993746515
590,30,15,295,145,0.577259215342548,0.50078305113938,0.557105453376759,0.590606238159251,0.668360788277857,0.709514932530011,0.539021133240964,0.63139685308597,0.585208993163467
591,31,15,305,145,0.600232454974913,0.553054776859622,0.653935859710524,0.782737028956425,0.703028319161726,0.651480508487944,0.576643615917268,0.697795429079155,0.637219522498211
592,32,15,315,145,0.518747579159831,0.521650794307758,0.652682926392076,0.60605959707142,0.663949809696724,0.770991900079223,0.520199186733794,0.673421058309861,0.596810122521827
593,33,15,325,145,0.429274157849015,0.403222822750785,0.6165657478214,0.668994198497183,0.679575315676948,0.774332448766961,0.4162484902999,0.684866927690623,0.550557708995262
594,34,15,335,145,0.313433319682719,0.299526963199009,0.641174960534107,0.725748527005869,0.691261997904957,0.689627173618526,0.306480141440864,0.686953164765865,0.496716653103364
595,35,15,345,145,0.341819855850343,0.318378892843072,0.637834329148625,0.693825982386165,0.630240348772688,0.724969712927277,0.330099374346708,0.671717593308689,0.500908483827698
596,36,15,355,145,0.414360672212941,0.342139876718444,0.582481492845027,0.674881627029265,0.539642454432553,0.613063507005925,0.378250274465693,0.602517270328192,0.490383772396943
597,37,15,365,145,0.344101699711517,0.288625060265435,0.501886235726675,0.538056322782608,0.526673801014567,0.510755965792699,0.316363379988476,0.519343081329137,0.417853230658807
598,38,15,375,145,0.549645222111397,0.523045041246167,0.578702083715367,0.602613902346043,0.586106671200299,0.571705405798652,0.536345131678782,0.58478201576509,0.560563573721936
599,39,15,385,145,0.638214431794851,0.59495810834458,0.554630479494061,0.506147830703822,0.614050680694035,0.701434137363364,0.616586270069715,0.594065782063821,0.605326026066768
600,40,15,395,145,0.654390107144188,0.652272686779223,0.519553831381355,0.557979732182554,0.509872151661128,0.562112610208197,0.653331396961705,0.537379581358308,0.595355489160007
601,1,16,5,155,0.585587281001004,0.570674337026064,0.616092354635523,0.702588381845344,0.704127002224446,0.669899650799692,0.578130809013534,0.673176847376251,0.625653828194892
602,2,16,15,155,0.508019281848025,0.490765496957227,0.598059174012237,0.475219576419905,0.492913752430445,0.604061160129968,0.499392389402626,0.542563415748139,0.520977902575382
603,3,16,25,155,0.32945989179607,0.324326940837232,0.533162122762568,0.647143975239591,0.534593454861278,0.589458183995495,0.326893416316651,0.576089434214733,0.451491425265692
604,4,16,35,155,0.227344811039672,0.210665385996042,0.530270379218176,0.545831729638554,0.560410019701828,0.596268426706667,0.219005098517857,0.558195138816306,0.388600118667082
605,5,16,45,155,0.130311616309818,0.116610710648891,0.551869952800417,0.563673972646239,0.587356306712801,0.6222266309653,0.123461163479354,0.581281715781189,0.352371439630272
606,6,16,55,155,0.121423245616814,0.0735007084695413,0.382660261949228,0.264934395283728,0.332054003553442,0.423856707836494,0.0974619770431777,0.350876342155723,0.22416915959945
607,7,16,65,155,0.0758424559943116,0.0473841292798691,0.29820885267742,0.296051330817418,0.26842977620322,0.365698694982521,0.0616132926370904,0.307097163670145,0.184355228153618
608,8,16,75,155,0.052601857677797,0,0.242184564549127,0.305969435365906,0.188610464157903,0.221463258620524,0.0263009288388985,0.239556930673365,0.132928929756132
609,9,16,85,155,0.032789052549808,0.0401082403502653,0.274758362445345,0.142396099314085,0.293798886574808,0.289466257991983,0.0364486464500367,0.250104901581555,0.143276774015796
610,10,16,95,155,0.0699300093931117,0,0.28175881450325,0.295365668039593,0.286048868295362,0.351842192051743,0.0349650046965558,0.303753885722487,0.169359445209521
611,11,16,105,155,0.0227503719299159,0.0294613761722784,0.315586459840316,0.304056682229103,0.322614619405457,0.33015955601874,0.0261058740510971,0.318104329373404,0.172105101712251
612,12,16,115,155,0.0742290321374069,0.0316571971850097,0.283628818735999,0.335986062885687,0.340115620545959,0.331054519180422,0.0529431146612083,0.322696255337017,0.187819684999113
613,13,16,125,155,0.0699802567586313,0.0467178661770392,0.242857190078111,0.35354500659827,0.34613487480456,0.286205788684514,0.0583490614678353,0.307185715041364,0.182767388254599
614,14,16,135,155,0.1189371649562,0.0639868322314006,0.46779079515418,0.447747512006892,0.463111886339762,0.48843006493704,0.0914619985938003,0.466770064609469,0.279116031601634
615,15,16,145,155,0.363601590442206,0.276516590252707,0.557736912633492,0.674132164187036,0.655702070622161,0.571820353604032,0.320059090347456,0.61484787526168,0.467453482804568
616,16,16,155,155,0.571345951754059,0.541567687384713,0.630410678529141,0.67877141544146,0.646463118718035,0.720102231715419,0.556456819569386,0.668936861101014,0.6126968403352
617,17,16,165,155,0.622266957981051,0.613264244930979,0.67493484822781,0.719872795502104,0.62284564743806,0.740756958741651,0.617765601456015,0.689602562477406,0.65368408196671
618,18,16,175,155,0.721157504844981,0.718955078432906,0.632101027264287,0.633455646685541,0.66949176143055,0.68462364231478,0.720056291638943,0.65491801942379,0.687487155531366
619,19,16,185,155,0.761829362650434,0.694295719672105,0.667379480072386,0.662019825656696,0.710174435305627,0.680641318492284,0.72806254116127,0.680053764881748,0.704058153021509
620,20,16,195,155,0.769662707701842,0.764146659880723,0.574796859572885,0.618527955016807,0.657416059186805,0.62656722583466,0.766904683791283,0.619327024902789,0.693115854347036
621,21,16,205,155,0.743087585563583,0.728273093000168,0.54616737160651,0.658631232693657,0.598217872987382,0.599225945719477,0.735680339281875,0.600560605751757,0.668120472516816
622,22,16,215,155,0.735975520687326,0.72744669489497,0.521674690171827,0.569259571104137,0.58184739576123,0.460671886363251,0.731711107791148,0.533363385850111,0.63253724682063
623,23,16,225,155,0.710743309125223,0.689316742330147,0.495123118247934,0.454643305538212,0.54428345841061,0.500023479500353,0.700030025727685,0.498518340424277,0.599274183075981
624,24,16,235,155,0.672305959289758,0.651436200045605,0.469670875959222,0.50346563166064,0.496541341002103,0.54464303016706,0.661871079667682,0.503580219697256,0.582725649682469
625,25,16,245,155,0.697404795108086,0.668482799019354,0.512511058185703,0.431619354872244,0.476978343032065,0.469923508559166,0.68294379706372,0.472758066162295,0.577850931613007
626,26,16,255,155,0.67946452423067,0.663476954923243,0.540274193426491,0.617512686397482,0.49093574951288,0.484309928843665,0.671470739576956,0.533258139545129,0.602364439561043
627,27,16,265,155,0.661053106085261,0.63151883828438,0.435588081444765,0.476243847950996,0.516111302071754,0.52656141935428,0.64628597218482,0.488626162705449,0.567456067445134
628,28,16,275,155,0.651869275983866,0.611312041415909,0.458438368246069,0.533617131083836,0.546456569887248,0.480187273917823,0.631590658699888,0.504674835783744,0.568132747241816
629,29,16,285,155,0.672864147947924,0.617308555828946,0.58556622956855,0.606688687764707,0.580533430961787,0.545829305818311,0.645086351888435,0.579654413528339,0.612370382708387
630,30,16,295,155,0.613728349397623,0.579147751574836,0.599160418732205,0.527197472080899,0.629770431934314,0.646880211294766,0.59643805048623,0.600752133510546,0.598595091998388
631,31,16,305,155,0.50415583818576,0.456943473532748,0.579583927093894,0.71309855958153,0.577128486548416,0.664035608047426,0.480549655859254,0.633461645317817,0.557005650588535
632,32,16,315,155,0.41102481246101,0.406994440738696,0.604254005602847,0.664108598195546,0.637076527928513,0.618251468636753,0.409009626599853,0.630922650090915,0.519966138345384
633,33,16,325,155,0.39203233144403,0.3312611997683,0.521559461145528,0.574243744629564,0.636377687759204,0.624719459157625,0.361646765606165,0.58922508817298,0.475435926889572
634,34,16,335,155,0.365671666215264,0.300125554826679,0.635096325335275,0.650937089065431,0.548136294186149,0.531710860274801,0.332898610520972,0.591470142215414,0.462184376368193
635,35,16,345,155,0.27201403279789,0.233800821070302,0.548963932376998,0.545083189590578,0.634030299544485,0.52015845800474,0.252907426934096,0.562058969879201,0.407483198406648
636,36,16,355,155,0.378880815646262,0.339191377810421,0.562851021902707,0.542536748949501,0.510455072536366,0.565000609818358,0.359036096728341,0.545210863301733,0.452123480015037
637,37,16,365,155,0.445992025171655,0.450815047462477,0.533762877946511,0.592174358889904,0.559058275180706,0.477174037647266,0.448403536317066,0.540542387416097,0.494472961866582
638,38,16,375,155,0.537949344728436,0.512552672766209,0.533566531886513,0.509489533979384,0.547280564466444,0.477428620591775,0.525251008747322,0.516941312731029,0.521096160739176
639,39,16,385,155,0.67829642216414,0.632206335711905,0.518378700152935,0.523217974437535,0.554587747729029,0.580627581741841,0.655251378938022,0.544203001015335,0.599727189976679
640,40,16,395,155,0.726567148901418,0.678007310800082,0.5373286738811,0.444255343242787,0.475945775125116,0.535272010802968,0.70228722985075,0.498200450762993,0.600243840306872
641,1,17,5,165,0.573327348901973,0.55501384211539,0.535659939981255,0.660700592511888,0.626033820793693,0.762685509097354,0.564170595508682,0.646269965596048,0.605220280552365
642,2,17,15,165,0.520464461171934,0.470003910738947,0.711131438499566,0.715548081941776,0.708415636551638,0.694255962670743,0.495234185955441,0.707337779915931,0.601285982935686
643,3,17,25,165,0.340811899848623,0.280398866178674,0.59673913809226,0.645772725729261,0.579403471757752,0.620026695669575,0.310605383013648,0.610485507812212,0.46054544541293
644,4,17,35,165,0.2265133998536,0.21278994057542,0.530544999492988,0.618404659418563,0.61922344532666,0.517001081385202,0.21965167021451,0.571293546405853,0.395472608310181
645,5,17,45,165,0.212106154230182,0.167735117094181,0.56516221329727,0.581425156756412,0.631645984374935,0.572394632541791,0.189920635662182,0.587656996742602,0.388788816202392
646,6,17,55,165,0.0980662378259486,0.0828604382875836,0.288838026756093,0.321233466829254,0.336975544138289,0.448469828878414,0.0904633380567661,0.348879216650513,0.219671277353639
647,7,17,65,165,0.0762410922306017,0.0814567543148678,0.336323642400579,0.328152322247582,0.322531208313691,0.401639081081094,0.0788489232727348,0.347161563510736,0.213005243391736
648,8,17,75,165,0.0761853945992968,0.0446124822056693,0.292627399034387,0.243597920960207,0.329103309073896,0.331668083633279,0.0603989384024831,0.299249178175442,0.179824058288963
649,9,17,85,165,0.0559525428339141,0,0.234689079167639,0.314742703999923,0.253069813878009,0.273382145527638,0.027976271416957,0.268970935643302,0.14847360353013
650,10,17,95,165,0.0377502093808323,0.00323847630009642,0.192411898193572,0.423439966664856,0.249146976491864,0.318583219430452,0.0204943428404643,0.295895515195186,0.158194929017825
651,11,17,105,165,0.0818639962122395,0.0450030136710041,0.154583283070286,0.151973826500864,0.175509349612639,0.166658709894777,0.0634335049416218,0.162181292269642,0.112807398605632
652,12,17,115,165,0.0794978156635497,0.0146856106563029,0.14671007902204,0.145715724708544,0.236352525116865,0.25653656728932,0.0470917131599263,0.196328724034192,0.121710218597059
653,13,17,125,165,0.0712037233141499,0.051168769920052,0.184137221628767,0.159170619930844,0.234011190007925,0.28889086229984,0.0611862466171009,0.216552473466844,0.138869360041973
654,14,17,135,165,0.179859365613627,0.103187202894311,0.457494813382249,0.466507254144662,0.423038534330516,0.470761720201641,0.141523284253969,0.454450580514767,0.297986932384368
655,15,17,145,165,0.412003638848022,0.377365379575097,0.56126582655567,0.579494962590247,0.614277930040176,0.684357690638023,0.39468450921156,0.609849102456029,0.502266805833794
656,16,17,155,165,0.646931748337825,0.604169837808762,0.576031401608533,0.670846006939806,0.658521281229441,0.690435583693162,0.625550793073293,0.648958568367735,0.637254680720514
657,17,17,165,165,0.72557198255997,0.707816094042871,0.565294942973673,0.678911424473379,0.716312762533772,0.6784298818445,0.716694038301421,0.659737252956331,0.688215645628876
658,18,17,175,165,0.769125187939147,0.755792083291757,0.640820287766251,0.855527986934858,0.650446172498568,0.682955847572759,0.762458635615452,0.707437573693109,0.734948104654281
659,19,17,185,165,0.785467610386924,0.789602211834751,0.572235751542999,0.616340858565498,0.634098463914593,0.5656185452048,0.787534911110837,0.597073404806972,0.692304157958905
660,20,17,195,165,0.784694923067658,0.788676688807472,0.590447883547813,0.638966538591759,0.695083681699084,0.623076046603682,0.786685805937565,0.636893537610585,0.711789671774075
661,21,17,205,165,0.797702608059301,0.834857829895719,0.569669273292249,0.616184461780224,0.616641034277508,0.603073391551709,0.81628021897751,0.601392040225422,0.708836129601466
662,22,17,215,165,0.772163589872673,0.725144932832994,0.49134382230455,0.58219492946806,0.588288083021492,0.611563648128873,0.748654261352833,0.568347620730744,0.658500941041788
663,23,17,225,165,0.763586431625049,0.717508663713964,0.529257597921211,0.529628772892604,0.562057855064722,0.597260384491607,0.740547547669507,0.554551152592536,0.647549350131021
664,24,17,235,165,0.730512587449945,0.696403805724775,0.563575921283998,0.531792684893296,0.625372284396767,0.564964101180222,0.71345819658736,0.571426247938571,0.642442222262965
665,25,17,245,165,0.750172237630034,0.724998445685929,0.443880151341526,0.547125557840989,0.570215507322858,0.503664640396951,0.737585341657982,0.516221464225581,0.626903402941781
666,26,17,255,165,0.70460623831418,0.663142808410103,0.48931134439354,0.592093948363449,0.52073833450265,0.552412641602954,0.683874523362142,0.538639067215648,0.611256795288895
667,27,17,265,165,0.741208010571476,0.6976900332496,0.484192695230804,0.420759365594929,0.496029097251805,0.491460145207848,0.719449021910538,0.473110325821346,0.596279673865942
668,28,17,275,165,0.704265824264243,0.671220951865136,0.456552359047007,0.496429785713461,0.529750742617796,0.463147339565758,0.68774338806469,0.486470056736005,0.587106722400347
669,29,17,285,165,0.678998755534063,0.648506003902232,0.499372541935837,0.564369360614314,0.498577477298887,0.500259100012696,0.663752379718147,0.515644619965433,0.58969849984179
670,30,17,295,165,0.562367241533363,0.513161224314803,0.593694046006234,0.653556551473048,0.629836858834665,0.571854082823129,0.537764232924083,0.612235384784269,0.574999808854176
671,31,17,305,165,0.442495166336584,0.425174291618506,0.582947150031518,0.642241323120442,0.595550074629214,0.609910846127891,0.433834728977545,0.607662348477267,0.520748538727406
672,32,17,315,165,0.374444387904213,0.339589290375334,0.533830736204851,0.552965356569885,0.614541052593811,0.648218201819277,0.357016839139773,0.587388836796956,0.472202837968365
673,33,17,325,165,0.270013815054288,0.228347894881436,0.433048128912405,0.53543335096135,0.50879953888201,0.472595767480552,0.249180854967862,0.487469196559079,0.368325025763471
674,34,17,335,165,0.247600245495813,0.193876390229509,0.528693599243984,0.541038275415414,0.510063414611719,0.473311750159778,0.220738317862661,0.513276759857724,0.367007538860192
675,35,17,345,165,0.22326252856234,0.209349223929834,0.505259420175401,0.61015025606039,0.482880232340578,0.594122687391917,0.216305876246087,0.548103148992072,0.382204512619079
676,36,17,355,165,0.388380815359506,0.3564658928968,0.467110491300217,0.52085636055374,0.5546049012336,0.475806088687095,0.372423354128153,0.504594460443663,0.438508907285908
677,37,17,365,165,0.464208547249665,0.403995074122563,0.492814083494893,0.493868011327976,0.557756014513621,0.543970720385853,0.434101810686114,0.522102207430586,0.47810200905835
678,38,17,375,165,0.559238092341218,0.550425762679649,0.491180753338217,0.530509412065575,0.535285561336524,0.531828986102222,0.554831927510434,0.522201178210634,0.538516552860534
679,39,17,385,165,0.636606003575749,0.645452380639184,0.511893147467072,0.396006838016029,0.475800697278988,0.422715507251633,0.641029192107466,0.45160404750343,0.546316619805449
680,40,17,395,165,0.756402849349237,0.7493976192524,0.398580931310532,0.449514852617548,0.415936494976617,0.544059609238403,0.752900234300818,0.452022972035775,0.602461603168297
681,1,18,5,175,0.665446684001242,0.6229825178736,0.69482575884712,0.686099807308899,0.716410008872399,0.715182259871138,0.644214600937421,0.703129458724889,0.673672029831155
682,2,18,15,175,0.610518613928766,0.564507892491815,0.747315144564671,0.811559671266646,0.762596453005828,0.736062548147423,0.58751325321029,0.764383454246142,0.675948353728216
683,3,18,25,175,0.432902956814086,0.378893868108874,0.631181085053432,0.601483434812605,0.715043976017081,0.757760173588534,0.40589841246148,0.676367167367913,0.541132789914696
684,4,18,35,175,0.340140801761758,0.33366901505832,0.642557513363076,0.628150212131373,0.714087678952444,0.64691483595898,0.336904908410039,0.657927560101468,0.497416234255754
685,5,18,45,175,0.203517580044312,0.174323400439841,0.535952725991169,0.557167703397564,0.584605342071642,0.578365511901161,0.188920490242076,0.564022820840384,0.37647165554123
686,6,18,55,175,0.0877698578276655,0.0750438000430932,0.300699798986833,0.324094227445182,0.391507545446345,0.383110666425031,0.0814068289353793,0.349853059575848,0.215629944255613
687,7,18,65,175,0.0967326580973652,0.0465642605693665,0.316591448017816,0.241975311586704,0.349726127671696,0.331324252317007,0.0716484593333659,0.309904284898306,0.190776372115836
688,8,18,75,175,0.0479425494294358,0.0041908204964183,0.240698403184243,0.118616421685366,0.283651843382463,0.284553186210864,0.026066684962927,0.231879963615734,0.128973324289331
689,9,18,85,175,0.0659866984378613,0.0166301949980014,0.172659309109605,0.260491686311611,0.206815187789098,0.184241739426036,0.0413084467179313,0.206051980659088,0.123680213688509
690,10,18,95,175,0.0557269321792922,0.00745995472401016,0.156779643513831,0.109101701876956,0.164390180002143,0.178979365009225,0.0315934434516512,0.152312722600538,0.0919530830260948
691,11,18,105,175,0.0693035171034966,0.019425091760494,0.0956103662500602,0.204246377445626,0.167382795082169,0.115698523250992,0.0443643044319953,0.145734515507212,0.0950494099696035
692,12,18,115,175,0.08643923590863,0.0142111092711482,0.181260829080664,0.142411002417871,0.218892936531819,0.238260537238119,0.0503251725898891,0.195206326317118,0.122765749453504
693,13,18,125,175,0.154219284916323,0.134453538030233,0.400250726782735,0.376434738834251,0.395474948167977,0.40048581644608,0.144336411473278,0.393161557557761,0.26874898451552
694,14,18,135,175,0.286845276702428,0.215920870801459,0.489370449614214,0.396420975222852,0.457004237571024,0.4970282252743,0.251383073751943,0.459955971920598,0.355669522836271
695,15,18,145,175,0.471825997425334,0.420854355143449,0.469960359471574,0.49121710092242,0.575322496905409,0.550672544735733,0.446340176284391,0.521793125508784,0.484066650896588
696,16,18,155,175,0.688043814618774,0.650683750067144,0.576626345102061,0.679699135925202,0.68852276919522,0.606241495557282,0.669363782342959,0.637772436444941,0.65356810939395
697,17,18,165,175,0.781684793497018,0.751162774976847,0.55655278644155,0.67357605896515,0.576882806799524,0.522365286993469,0.766423784236933,0.582344234799923,0.674384009518428
698,18,18,175,175,0.80744953816793,0.792719529560695,0.641089945334471,0.541735768666308,0.635567171849692,0.622950102005216,0.800084533864313,0.610335746963922,0.705210140414117
699,19,18,185,175,0.846827810898729,0.789614916508132,0.585828671689678,0.586999399477116,0.570536475385667,0.673450558983356,0.818221363703431,0.604203776383954,0.711212570043693
700,20,18,195,175,0.852600558033007,0.844026473665711,0.599423007664815,0.544135232505668,0.619280772062739,0.617052747655072,0.848313515849359,0.594972939972074,0.721643227910716
701,21,18,205,175,0.829811640823172,0.800847667074956,0.585992687709454,0.687836439418433,0.653907621829848,0.617646866938018,0.815329653949064,0.636345903973938,0.725837778961501
702,22,18,215,175,0.814870076197068,0.7313957884999,0.587366425526466,0.741380791160765,0.615484578850523,0.637004513831297,0.773132932348484,0.645309077342263,0.709221004845373
703,23,18,225,175,0.805027592766096,0.773484850398942,0.484693768270162,0.74381765353746,0.600780230994683,0.487331328116433,0.789256221582519,0.579155745229684,0.684205983406102
704,24,18,235,175,0.765358525797474,0.704826903892677,0.593725149666829,0.563492251024841,0.571882525525195,0.597642989783585,0.735092714845075,0.581685729000113,0.658389221922594
705,25,18,245,175,0.755381865323903,0.696633059600451,0.504442097291751,0.419004064432133,0.567678497080456,0.446261058470428,0.726007462462177,0.484346429318692,0.605176945890435
706,26,18,255,175,0.685303736634473,0.640830875444409,0.443224545019497,0.412649407359443,0.51593323972725,0.560068322101638,0.663067306039441,0.482968878551957,0.573018092295699
707,27,18,265,175,0.729619586601658,0.710044526409988,0.449151730295908,0.540022744909919,0.494079027815861,0.470349831317365,0.719832056505823,0.488400833584763,0.604116445045293
708,28,18,275,175,0.685154635203212,0.642496279988401,0.489752158231977,0.513604777526729,0.510445579896697,0.502739548477523,0.663825457595806,0.504135516033231,0.583980486814519
709,29,18,285,175,0.608095596387581,0.56910713596292,0.47809039811573,0.554026187614715,0.49102724427127,0.601407987433843,0.58860136617525,0.53113795435889,0.55986966026707
710,30,18,295,175,0.493134592537567,0.456660732104781,0.566069573374824,0.550423291721902,0.607426010980437,0.604143069565356,0.474897662321174,0.58201548641063,0.528456574365902
711,31,18,305,175,0.469190811337801,0.488355444129181,0.504011488629695,0.580770389294307,0.480530973285774,0.53460577490265,0.478773127733491,0.524979656528106,0.501876392130799
712,32,18,315,175,0.271237081582231,0.266037886886077,0.46168429255228,0.442697532084215,0.543211921667028,0.501140834594491,0.268637484234154,0.487183645224503,0.377910564729329
713,33,18,325,175,0.32726725584609,0.308798613610659,0.516935826375608,0.521283053510495,0.490837128054189,0.499212246535093,0.318032934728374,0.507067063618846,0.41254999917361
714,34,18,335,175,0.346610772087823,0.321452356050458,0.491078886312913,0.498804054480435,0.509374809377458,0.512229847871816,0.33403156406914,0.502871899510656,0.418451731789898
715,35,18,345,175,0.285726985697559,0.263083584879927,0.50494414944795,0.557889375108774,0.467188962188783,0.477469931714447,0.274405285288743,0.501873104614988,0.388139194951866
716,36,18,355,175,0.34742595396321,0.338059756384355,0.421706975753422,0.48387727870166,0.521257846381327,0.546940120764757,0.342742855173782,0.493445555400291,0.418094205287037
717,37,18,365,175,0.506023468778826,0.444146037329667,0.457186686091162,0.473183075037858,0.486447394399023,0.500318438605998,0.475084753054247,0.47928389853351,0.477184325793878
718,38,18,375,175,0.605370053031153,0.551882660676762,0.496165024668239,0.395462760217066,0.540758204814569,0.501706544915859,0.578626356853957,0.483523133653933,0.531074745253945
719,39,18,385,175,0.694962242522514,0.65131379826456,0.425476623269472,0.422157532329884,0.474956865835688,0.436075953390026,0.673138020393537,0.439666743706267,0.556402382049902
720,40,18,395,175,0.706404927848644,0.658540089625351,0.407519947892134,0.37289290719676,0.482818986655039,0.413978808582938,0.682472508736998,0.419302662581718,0.550887585659358
721,1,19,5,185,0.721081636080951,0.692357619004466,0.690171782961039,0.826830282963845,0.66448801770397,0.656929418732394,0.706719627542709,0.709604875590312,0.70816225156651
722,2,19,15,185,0.649908306486338,0.630088972217194,0.626624170697451,0.835491068740248,0.717386673856632,0.638659678234653,0.639998639351766,0.704540397882246,0.672269518617006
723,3,19,25,185,0.565931935266804,0.547823556735547,0.659403598692244,0.803484187214677,0.701102635611693,0.689563186631687,0.556877746001176,0.713388402037575,0.635133074019375
724,4,19,35,185,0.510293654364869,0.497524971025942,0.538395473739236,0.63068595760637,0.644530135510356,0.655099964972629,0.503909312695406,0.617177882957147,0.560543597826276
725,5,19,45,185,0.414961777886722,0.3160600002933,0.57057257186112,0.682958323160914,0.688228422204749,0.694847484635032,0.365510889090011,0.659151700465454,0.512331294777733
726,6,19,55,185,0.209191441156627,0.146637738687113,0.514937796954895,0.523563160438683,0.576102586293371,0.67857031679819,0.17791458992187,0.573293465121285,0.375604027521577
727,7,19,65,185,0.121530491927654,0.119283402855736,0.310288845918522,0.482139425590964,0.423652495771691,0.376240482857907,0.120406947391695,0.398080312534771,0.259243629963233
728,8,19,75,185,0.0602595678915381,0.0191299084741041,0.170219481492384,0.26474407739373,0.221705130453634,0.224896573338824,0.0396947381828211,0.220391315669643,0.130043026926232
729,9,19,85,185,0.0661041234406969,0.0209156946993655,0.140343813811084,0.149976436323982,0.196680864464073,0.252963645669967,0.0435099090700312,0.184991190067277,0.114250549568654
730,10,19,95,185,0.0932849248153792,0.0820346359372807,0.141907371273612,0.0939281004841676,0.148040796906361,0.205422943752928,0.08765978037633,0.147324803104267,0.117492291740299
731,11,19,105,185,0.084641222730153,0.0706079250433722,0.169945728854304,0.155936242057623,0.223026156529125,0.200776365390559,0.0776245738867626,0.187421123207903,0.132522848547333
732,12,19,115,185,0.134772979493627,0.108835416825287,0.374926964869734,0.423606148387631,0.33831714790792,0.428121083746409,0.121804198159457,0.391242836227923,0.25652351719369
733,13,19,125,185,0.263646019909464,0.24438445533803,0.402370294111417,0.308079253186544,0.395128578474,0.404585429650719,0.254015237623747,0.37754088885567,0.315778063239708
734,14,19,135,185,0.473776099614263,0.432641532724232,0.523685620971921,0.58641789056403,0.569450938346252,0.525651139744763,0.453208816169247,0.551301397406742,0.502255106787995
735,15,19,145,185,0.633513442960037,0.61545230340426,0.531377736612708,0.601463159486747,0.633940028929346,0.64874136638588,0.624482873182149,0.60388057285367,0.61418172301791
736,16,19,155,185,0.736190719762579,0.723765838051646,0.457280288425274,0.528497242037574,0.591898672005812,0.52089825220136,0.729978278907112,0.524643613667505,0.627310946287309
737,17,19,165,185,0.792838270674409,0.75788401418498,0.539855349518788,0.559692484236255,0.557420814872356,0.59727017351092,0.775361142429694,0.56355970553458,0.669460423982137
738,18,19,175,185,0.816784693808085,0.791839896774529,0.553175331879608,0.683090874933502,0.644825270504322,0.660381022791857,0.804312295291307,0.635368125027323,0.719840210159315
739,19,19,185,185,0.873588854952238,0.820727942122991,0.522440254699163,0.464011015456254,0.5817111615339,0.580269569953987,0.847158398537615,0.537108000410826,0.69213319947422
740,20,19,195,185,0.888245024644182,0.868203688525514,0.54739306836094,0.535507433855837,0.567960824576594,0.521299278265657,0.878224356584848,0.543040151264757,0.710632253924803
741,21,19,205,185,0.872321510455149,0.874852160470801,0.519173419798708,0.550009088052194,0.545044431234356,0.569600818652019,0.873586835462975,0.545956939434319,0.709771887448647
742,22,19,215,185,0.851254324702808,0.814985655554068,0.604894898368685,0.662993240673166,0.64460215502192,0.625056641358696,0.833119990128438,0.634386733855617,0.733753361992027
743,23,19,225,185,0.798946360976614,0.780526656830073,0.464037149209224,0.610318353869779,0.587539760899482,0.567914031408644,0.789736508903344,0.557452323846782,0.673594416375063
744,24,19,235,185,0.800978028675501,0.774029879238128,0.496358450552143,0.529610048878123,0.527498799465714,0.477590995041746,0.787503953956814,0.507764573484432,0.647634263720623
745,25,19,245,185,0.750035716195133,0.735614564998353,0.497890553306856,0.4612099681476,0.540024151091246,0.482020829470116,0.742825140596743,0.495286375503954,0.619055758050349
746,26,19,255,185,0.724729745279682,0.7214582622728,0.538717198201904,0.460372763316377,0.534678607115028,0.604998472179286,0.723094003776241,0.534691760203149,0.628892881989695
747,27,19,265,185,0.698364027044374,0.689484461852981,0.51273991211104,0.527071196894656,0.595102403297756,0.499924865755154,0.693924244448678,0.533709594514651,0.613816919481665
748,28,19,275,185,0.661069859579892,0.669010603423351,0.588717355520011,0.527006847201965,0.620424572023742,0.631394010219642,0.665040231501622,0.59188569624134,0.628462963871481
749,29,19,285,185,0.556415190355664,0.521329691198887,0.501325864561717,0.530828819433943,0.554703028704011,0.589481444497793,0.538872440777276,0.544084789299366,0.541478615038321
750,30,19,295,185,0.540203750981427,0.537482054338264,0.578752272568515,0.536223934997199,0.494522592497027,0.577622155891299,0.538842902659846,0.54678023898851,0.542811570824178
751,31,19,305,185,0.387343305194806,0.38281574240829,0.542083280786139,0.610089681494187,0.556406099630239,0.542095931883194,0.385079523801548,0.56266874844844,0.473874136124994
752,32,19,315,185,0.423591691131407,0.376657988027427,0.534405272627572,0.584253816697735,0.492927856204607,0.573374695763558,0.400124839579417,0.546240410323368,0.473182624951393
753,33,19,325,185,0.336965676749183,0.301615261176433,0.441834782304527,0.449344470850732,0.433053914770234,0.56008005772811,0.319290468962808,0.471078306413401,0.395184387688104
754,34,19,335,185,0.289375789780274,0.260548352724671,0.458861554336926,0.523266706997402,0.585378786596764,0.535618472576878,0.274962071252473,0.525781380126993,0.400371725689733
755,35,19,345,185,0.270029844640503,0.199549426761771,0.445991875474634,0.589672207204352,0.513541853548637,0.534337508194611,0.234789635701137,0.520885861105558,0.377837748403348
756,36,19,355,185,0.42394699558723,0.368016509266023,0.571921542223294,0.540030046986363,0.538649323165326,0.507659027319235,0.395981752426627,0.539564984923555,0.467773368675091
757,37,19,365,185,0.500515998406431,0.458923083284074,0.467733519390703,0.468004096783986,0.431550689765028,0.478790462443453,0.479719540845253,0.461519692095793,0.470619616470523
758,38,19,375,185,0.571986441337732,0.561408223751353,0.446296059063197,0.518001860123576,0.489157539557099,0.40425069132122,0.566697332544542,0.464426537516273,0.515561935030408
759,39,19,385,185,0.637203816859613,0.596218270428085,0.393094651808748,0.409017072821611,0.490932462579275,0.563837209962348,0.616711043643849,0.464220349292996,0.540465696468422
760,40,19,395,185,0.6716317139327,0.666020260858177,0.440408786903376,0.363744021613984,0.430208838145787,0.480472163788619,0.668825987395439,0.428708452612941,0.54876722000419
761,1,20,5,195,0.729650530553963,0.776263085669388,0.638059123338677,0.690682170511871,0.703167327809698,0.65628272562373,0.752956808111675,0.672047836820994,0.712502322466334
762,2,20,15,195,0.740634902632047,0.755212154723572,0.526246288661244,0.550390229321163,0.587483134798034,0.71083397447358,0.747923528677809,0.593738406813505,0.670830967745657
763,3,20,25,195,0.65654578346157,0.639684688440242,0.590538133207013,0.676243137460474,0.576572031813242,0.727668514032369,0.648115235950906,0.642755454128275,0.64543534503959
764,4,20,35,195,0.582829470019638,0.507159902237621,0.663908850359577,0.740185996220997,0.590580844280629,0.644941181117256,0.544994686128629,0.659904217994615,0.602449452061622
765,5,20,45,195,0.421426740386413,0.403850807383499,0.555454232791033,0.537428669484419,0.556957036354359,0.573311681029777,0.412638773884956,0.555787904914897,0.484213339399927
766,6,20,55,195,0.274842224506991,0.2544368506151,0.542774999748932,0.49758924961579,0.504124408007298,0.601154279009882,0.264639537561046,0.536410734095475,0.400525135828261
767,7,20,65,195,0.226309168865163,0.175012955278694,0.476378747941592,0.575174427846169,0.58500155301735,0.517199761986148,0.200661062071929,0.538438622697815,0.369549842384872
768,8,20,75,195,0.122507658017589,0.0534299070620639,0.304855721432023,0.365975562989373,0.369772983803887,0.462899325843333,0.0879687825398263,0.375875898517154,0.23192234052849
769,9,20,85,195,0.086166636214577,0.0463672154822584,0.18544018223657,0.1970704428973,0.233471062522653,0.239716209459823,0.0662669258484177,0.213924474279087,0.140095700063752
770,10,20,95,195,0.0898576480917821,0.0263726194236135,0.208804039558177,0.290869967829175,0.289235968967899,0.282622975707382,0.0581151337576978,0.267883238015658,0.162999185886678
771,11,20,105,195,0.161996705975262,0.119162024612033,0.402398674228159,0.364923978180564,0.463789145255027,0.454119107280724,0.140579365293647,0.421307726236119,0.280943545764883
772,12,20,115,195,0.208054935980924,0.162907169122084,0.403760629197156,0.29861657409173,0.425843416034024,0.490887525864915,0.185481052551504,0.404777036296956,0.29512904442423
773,13,20,125,195,0.427268133066102,0.392376824297664,0.45575629226891,0.448055587689003,0.422210194742528,0.513075053797211,0.409822478681883,0.459774282124413,0.434798380403148
774,14,20,135,195,0.53019183130629,0.496507092118533,0.534166170504996,0.440769291883652,0.564410116484173,0.489676712139009,0.513349461712411,0.507255572752957,0.510302517232684
775,15,20,145,195,0.64163025596657,0.601775125605744,0.568994767541014,0.525505609733224,0.54451226357424,0.579379433494565,0.621702690786157,0.554598018585761,0.588150354685959
776,16,20,155,195,0.754603039011716,0.730182755871712,0.541800360347734,0.524867035891265,0.560860678151255,0.559517719936636,0.742392897441714,0.546761448581722,0.644577173011718
777,17,20,165,195,0.808837178415054,0.828071264522822,0.557138194554233,0.456954655687047,0.568692098363512,0.490871986648917,0.818454221468938,0.518414233813427,0.668434227641183
778,18,20,175,195,0.864161531930884,0.835615131672873,0.53048658571986,0.702138416041417,0.61143012188751,0.581459881997944,0.849888331801879,0.606378751411683,0.728133541606781
779,19,20,185,195,0.902850333689055,0.895520720988101,0.493385866289568,0.54013877981133,0.507314934037605,0.525838164821763,0.899185527338578,0.516669436240066,0.707927481789322
780,20,20,195,195,0.92790044374403,0.876267105917634,0.424160046670117,0.541152451366974,0.427906509805751,0.33644509944913,0.902083774830832,0.432416026822993,0.667249900826912
781,21,20,205,195,0.913284684098107,0.910507762291609,0.492726084551458,0.473037254391381,0.529697251798688,0.498491451569237,0.911896223194858,0.498488010577691,0.705192116886274
782,22,20,215,195,0.890382745717238,0.851013819631095,0.453289069255764,0.462291406495793,0.522942498855674,0.488556966339798,0.870698282674166,0.481769985236757,0.676234133955462
783,23,20,225,195,0.839381079779501,0.806048390303374,0.529108426504106,0.49932218815844,0.548175499548095,0.638979490918448,0.822714735041438,0.553896401282272,0.688305568161855
784,24,20,235,195,0.772788091399737,0.757615317855225,0.550229684270795,0.629849143411877,0.577797182046726,0.631485950937567,0.765201704627481,0.597340490166741,0.681271097397111
785,25,20,245,195,0.7672719432113,0.737298122140729,0.617342412453257,0.550194813173996,0.630134805908367,0.613541488370608,0.752285032676015,0.602803379976557,0.677544206326286
786,26,20,255,195,0.688925703210813,0.639467768269212,0.549796497875745,0.629483662576049,0.56815437681591,0.634865756204772,0.664196735740012,0.595575073368119,0.629885904554066
787,27,20,265,195,0.690500311053242,0.680864310095202,0.552738366830175,0.590742663925236,0.554668604448756,0.617199751854529,0.685682310574222,0.578837346764674,0.632259828669448
788,28,20,275,195,0.676913807378557,0.626349088038716,0.606132430366614,0.540147131592603,0.645562215394427,0.675864598056936,0.651631447708636,0.616926593852645,0.634279020780641
789,29,20,285,195,0.596150376131302,0.568699688015969,0.577500404226609,0.592306786208522,0.644643209866589,0.702350747043513,0.582425032073635,0.629200286836308,0.605812659454972
790,30,20,295,195,0.46143003895782,0.415946837085002,0.532272280475032,0.578486284326311,0.60789655482691,0.532976249098889,0.438688438021411,0.562907842181785,0.500798140101598
791,31,20,305,195,0.331956923565903,0.302941755860816,0.493342696309358,0.664787501076754,0.565954912796181,0.517286090091932,0.31744933971336,0.560342800068556,0.438896069890958
792,32,20,315,195,0.332506943346503,0.309209109194139,0.467821160845414,0.442836098083827,0.565338784359705,0.604466424965345,0.320858026270321,0.520115617063573,0.420486821666947
793,33,20,325,195,0.282347346338794,0.222151286863857,0.52958159423144,0.49613412378096,0.62015773793509,0.526632482719602,0.252249316601325,0.543126484666773,0.397687900634049
794,34,20,335,195,0.224879460526661,0.187389207849763,0.468159588165366,0.402366887021964,0.475415851950749,0.484271440686796,0.206134334188212,0.457553441956219,0.331843888072215
795,35,20,345,195,0.305465579126833,0.286159127498593,0.440076479662138,0.537368618015912,0.470949962783584,0.490624441581324,0.295812353312713,0.484754875510739,0.390283614411726
796,36,20,355,195,0.41585314537863,0.369498230695569,0.448185361375262,0.60181324631368,0.528921492690407,0.524262514989578,0.3926756880371,0.525795653842232,0.459235670939666
797,37,20,365,195,0.50181048798224,0.43582077291421,0.481223044313817,0.458276253466493,0.524089882949915,0.533268576974918,0.468815630448225,0.499214439426286,0.484015034937256
798,38,20,375,195,0.523685544462521,0.479898222727143,0.467438443139341,0.46900380827283,0.445048799960442,0.498210720314031,0.501791883594832,0.469925442921661,0.485858663258247
799,39,20,385,195,0.532159675992019,0.505402935136583,0.502980966617105,0.578357489534481,0.450371893182919,0.514839840888962,0.518781305564301,0.511637547555867,0.515209426560084
800,40,20,395,195,0.536754782590145,0.504992824958609,0.45144750780567,0.388840491668979,0.538345450657582,0.531168133250617,0.520873803774377,0.477450395845712,0.499162099810044
801,1,21,5,205,0.749765467904288,0.725272207331842,0.603216705086491,0.666413431005608,0.69427833428093,0.550910912839026,0.737518837618065,0.628704845803014,0.68311184171054
802,2,21,15,205,0.687162804738322,0.663626464230047,0.69811361839509,0.561023607436064,0.651351358149795,0.738001241847266,0.675394634484185,0.662122456457054,0.668758545470619
803,3,21,25,205,0.677642054587863,0.61543082609295,0.588955981683268,0.653932249229427,0.608990616254381,0.682285684680448,0.646536440340407,0.633541132961881,0.640038786651144
804,4,21,35,205,0.575503730341825,0.541100241367868,0.542428187251728,0.598470778147403,0.580673058867377,0.700436384084086,0.558301985854847,0.605502102087648,0.581902043971247
805,5,21,45,205,0.48765638372531,0.449786054436677,0.521120405756252,0.559220345248955,0.58686576165085,0.609013259201436,0.468721219080994,0.569054942964373,0.518888081022683
806,6,21,55,205,0.432228423788036,0.378024557872615,0.579750980387388,0.437451915185719,0.607910333870027,0.584193541726874,0.405126490830325,0.552326692792502,0.478726591811414
807,7,21,65,205,0.252458669538656,0.247947106495931,0.521132786993586,0.582108080719243,0.585559936775033,0.564842252613525,0.250202888017294,0.563410764275347,0.40680682614632
808,8,21,75,205,0.232648742146076,0.168989928447965,0.470540652391376,0.502780270351744,0.478945210647007,0.551623593156957,0.200819335297021,0.500972431636771,0.350895883466896
809,9,21,85,205,0.143289144845109,0.0518719570013826,0.328171152022076,0.284274364069628,0.332224738273059,0.3669916855755,0.0975805509232459,0.327915484985066,0.212748017954156
810,10,21,95,205,0.160496731938335,0.11145939574315,0.337653370183333,0.39638057485822,0.364958685687823,0.356929367629585,0.135978063840742,0.36398049958974,0.249979281715241
811,11,21,105,205,0.211220456099422,0.186085629543034,0.405945055636631,0.387286431406383,0.436344157232625,0.456170944792694,0.198653042821228,0.421436647267083,0.310044845044156
812,12,21,115,205,0.337863513747717,0.277365143641264,0.462987179825082,0.432356479306932,0.527315244708715,0.512595238668586,0.30761432869449,0.483813535627329,0.395713932160909
813,13,21,125,205,0.455613635447516,0.405740224264592,0.533033613999154,0.717618446537852,0.588411179525014,0.551993895799546,0.430676929856054,0.597764283965392,0.514220606910723
814,14,21,135,205,0.513126325060566,0.445567338119979,0.523906285523717,0.579956743278848,0.656396714889638,0.457134549973649,0.479346831590273,0.554348573416463,0.516847702503368
815,15,21,145,205,0.672670036003014,0.630097607580051,0.535089477227463,0.455173755102958,0.59722156652761,0.586981809790106,0.651383821791533,0.543616652162034,0.597500236976783
816,16,21,155,205,0.769006677224265,0.789431336846279,0.547582823951385,0.460896791803627,0.55977137878243,0.48886927613689,0.779219007035272,0.514280067668583,0.646749537351927
817,17,21,165,205,0.798939466482256,0.781501016991675,0.575325775394707,0.5182643208504,0.611428083783587,0.57041362478129,0.790220241736965,0.568857951202496,0.679539096469731
818,18,21,175,205,0.862617546440355,0.850692107296253,0.425586274142121,0.365409387281974,0.484700346747584,0.438652121782822,0.856654826868304,0.428587032488625,0.642620929678465
819,19,21,185,205,0.922773142562893,0.902356978155884,0.332157378948344,0.578714090236044,0.351360942838543,0.392520442373742,0.912565060359389,0.413688213599168,0.663126636979278
820,20,21,195,205,0.981847825497029,1,0.292938121954399,0.278660817469929,0.352799986244734,0.338438491540357,0.990923912748515,0.315709354302355,0.653316633525435
821,21,21,205,205,0.947151244509631,0.919201962066724,0.32350134688695,0.399428519918982,0.418872850861778,0.365608853994773,0.933176603288178,0.376852892915621,0.655014748101899
822,22,21,215,205,0.897693154218853,0.865281931005133,0.438678271436036,0.419771885179004,0.458682159683093,0.331232365466207,0.881487542611993,0.412091170441085,0.646789356526539
823,23,21,225,205,0.866719324880761,0.850430235992828,0.488296349733349,0.466316949135019,0.492871304098393,0.44255286130821,0.858574780436795,0.472509366068743,0.665542073252769
824,24,21,235,205,0.79079604309296,0.789844479852646,0.516054245266108,0.537512884451611,0.544714258591061,0.564329581654761,0.790320261472803,0.540652742490885,0.665486501981844
825,25,21,245,205,0.781587014169018,0.733978283864666,0.548569160029577,0.535472684374913,0.615839514496561,0.564834071438981,0.757782649016842,0.566178857585008,0.661980753300925
826,26,21,255,205,0.726015085228962,0.679651519842254,0.564998335312227,0.701317773180852,0.605786388411954,0.590568711493564,0.702833302535608,0.61566780209965,0.659250552317629
827,27,21,265,205,0.609160508010559,0.596435783511098,0.637115056620343,0.743866877202807,0.607779932888412,0.703022946472712,0.602798145760828,0.672946203296068,0.637872174528448
828,28,21,275,205,0.609239977201641,0.537943343154951,0.687987237377719,0.760100835603356,0.701867207283162,0.72770709994431,0.573591660178296,0.719415595052136,0.646503627615216
829,29,21,285,205,0.501516477094148,0.490006835429258,0.57493719988441,0.68807448948927,0.56073511844068,0.619457040200911,0.495761656261703,0.610800962003818,0.55328130913276
830,30,21,295,205,0.435632418684711,0.400201900267672,0.569686046606731,0.617199918448972,0.543420857847023,0.704288502406619,0.417917159476192,0.608648831327336,0.513282995401764
831,31,21,305,205,0.422517108002936,0.387288502668111,0.544901829659476,0.49534905073474,0.569491514356212,0.609451382081079,0.404902805335524,0.554798444207877,0.4798506247717
832,32,21,315,205,0.340765022101905,0.252922817972923,0.482023693297386,0.547229763451727,0.487161648184332,0.504082171768992,0.296843920037414,0.505124319175609,0.400984119606511
833,33,21,325,205,0.373572981553378,0.340507244482949,0.496631215679877,0.657272503645256,0.569361906136747,0.555540964259146,0.357040113018164,0.569701647430256,0.46337088022421
834,34,21,335,205,0.311101522366412,0.271839830291701,0.554125975342652,0.52956374801163,0.532253408267872,0.553545940411744,0.291470676329056,0.542372268008474,0.416921472168765
835,35,21,345,205,0.397990293591523,0.37604204189854,0.561929425625055,0.533834008939952,0.582571829058033,0.519080356314677,0.387016167745031,0.549353904984429,0.46818503636473
836,36,21,355,205,0.409789539854049,0.393600322073386,0.540659743387257,0.609313233077228,0.565999055318131,0.572082881568401,0.401694930963717,0.572013728337754,0.486854329650736
837,37,21,365,205,0.437675532415786,0.40739923729874,0.515296443630178,0.581513848464142,0.531671586186929,0.587658854523506,0.422537384857263,0.554035183201189,0.488286284029226
838,38,21,375,205,0.448509065586892,0.410948778256797,0.503349074618415,0.529515801105613,0.500937409597526,0.463632577112841,0.429728921921844,0.499358715608599,0.464543818765222
839,39,21,385,205,0.433410384867634,0.388800319832167,0.495017981798377,0.569961825861222,0.546103339278636,0.467183682097875,0.4111053523499,0.519566707259027,0.465336029804464
840,40,21,395,205,0.462416833345806,0.40306775593898,0.456410082190068,0.427057078598742,0.543617753519695,0.558381411338293,0.432742294642393,0.4963665814117,0.464554438027046
841,1,22,5,215,0.729852973478775,0.704819718989224,0.564259733974968,0.595665249212135,0.629819359958411,0.578900744889734,0.717336346234,0.592161272008812,0.654748809121406
842,2,22,15,215,0.709167335636307,0.683523545354493,0.556378696277166,0.590742188868266,0.602179405842291,0.487174512101529,0.6963454404954,0.559118700772313,0.627732070633857
843,3,22,25,215,0.671891552886763,0.622843962972918,0.540004647179674,0.447063556258292,0.556989015729973,0.678570162620273,0.64736775792984,0.555656845447053,0.601512301688447
844,4,22,35,215,0.59566717094087,0.539862539572789,0.566570086614523,0.571625229882389,0.546254579852426,0.5803853433825,0.56776485525683,0.56620880993296,0.566986832594895
845,5,22,45,215,0.502958106589951,0.523083662334466,0.505044498536608,0.584083471718729,0.55298346671365,0.5548600953994,0.513020884462209,0.549242883092097,0.531131883777153
846,6,22,55,215,0.399489759946043,0.344240697301425,0.51220041124959,0.635385711309964,0.53853948585962,0.500453583604706,0.371865228623734,0.54664479800597,0.459255013314852
847,7,22,65,215,0.334162542115068,0.287080043603736,0.502665308663001,0.563530046633872,0.519477109279984,0.635057753875566,0.310621292859402,0.555182554613106,0.432901923736254
848,8,22,75,215,0.268603779668013,0.225407607319514,0.448686502848974,0.542495666549171,0.528749512940367,0.605356141893094,0.247005693493764,0.531321956057902,0.389163824775833
849,9,22,85,215,0.193574706565349,0.183985571302979,0.408430473992062,0.554677213895969,0.519323954052467,0.475933936287311,0.188780138934164,0.489591394556952,0.339185766745558
850,10,22,95,215,0.209068723763138,0.204733646005831,0.426649804558114,0.493718309953841,0.45762942861489,0.579590730228951,0.206901184884485,0.489397068338949,0.348149126611717
851,11,22,105,215,0.290267553673447,0.265499543551122,0.451189183566904,0.424975789531571,0.454556093620811,0.501833864502668,0.277883548612285,0.458138732805488,0.368011140708887
852,12,22,115,215,0.385500217118824,0.358430305454671,0.474255604477236,0.487025924159686,0.495717179359857,0.533414362540925,0.371965261286748,0.497603267634426,0.434784264460587
853,13,22,125,215,0.486138300128478,0.437004023490295,0.537263503903118,0.582785526721646,0.556007568759594,0.593544489051755,0.461571161809387,0.567400272109028,0.514485716959208
854,14,22,135,215,0.62799213419595,0.607312685550087,0.604217423927944,0.568877062502868,0.611568629714519,0.643782272786265,0.617652409873018,0.607111347232899,0.612381878552959
855,15,22,145,215,0.669748885341637,0.633348791679669,0.562911096396852,0.619809531904383,0.59931137230416,0.625333374345283,0.651548838510653,0.601841343737669,0.626695091124161
856,16,22,155,215,0.736202397079831,0.698424597110604,0.529228654107306,0.569593294436009,0.555907905945085,0.643337311728584,0.717313497095217,0.574516791554246,0.645915144324732
857,17,22,165,215,0.797573763318626,0.771917663215755,0.417434467469654,0.468316212074283,0.450425372818984,0.458185841873346,0.78474571326719,0.448590473559067,0.616668093413129
858,18,22,175,215,0.852372075671892,0.845406475336781,0.414875160276306,0.483058757065606,0.445926360364661,0.44926124761844,0.848889275504337,0.448280381331253,0.648584828417795
859,19,22,185,215,0.902866637473915,0.909043307653253,0.258333419428377,0.430753741934442,0.266556896094949,0.266576643784242,0.905954972563584,0.305555175310503,0.605755073937043
860,20,22,195,215,0.967372333639954,0.935360303658876,0.28190162118795,0.258322894678579,0.324229870509333,0.318981570082357,0.951366318649415,0.295858989114555,0.623612653881985
861,21,22,205,215,0.929218617039098,0.915549710700858,0.307873363794011,0.187261615088308,0.340306898481175,0.279333741601987,0.922384163869978,0.27869390474137,0.600539034305674
862,22,22,215,215,0.899045008844745,0.864570524856061,0.373743073911732,0.452618609487046,0.37822149515681,0.433651759842446,0.881807766850403,0.409558734599508,0.645683250724956
863,23,22,225,215,0.830943010718149,0.796972506839935,0.503670455249929,0.499219530320248,0.507211545055996,0.549071715570957,0.813957758779042,0.514793311549283,0.664375535164162
864,24,22,235,215,0.788423169991087,0.744932767685062,0.566109869583849,0.574196961586385,0.580203092808054,0.571920192779347,0.766677968838075,0.573107529189409,0.669892749013742
865,25,22,245,215,0.697075413592699,0.68956717571301,0.575505866397528,0.591078234336078,0.605515510212913,0.692855236935132,0.693321294652854,0.616238711970413,0.654780003311634
866,26,22,255,215,0.650194576246493,0.638818527510551,0.625160021635282,0.66327909191896,0.664794877879528,0.659692103785658,0.644506551878522,0.653231523804857,0.64886903784169
867,27,22,265,215,0.606156144431627,0.562458045986245,0.671102559720772,0.705303946727808,0.702660646416415,0.647775657540743,0.584307095208936,0.681710702601435,0.633008898905185
868,28,22,275,215,0.541179015779063,0.522241325228318,0.63967080680985,0.882755474570481,0.733819826626803,0.655311164901802,0.53171017050369,0.727889318227234,0.629799744365462
869,29,22,285,215,0.536082618343166,0.516194047803203,0.612510959364818,0.529535042334418,0.720112533530503,0.624536054946917,0.526138333073184,0.621673647544164,0.573905990308674
870,30,22,295,215,0.42910861584578,0.371113442443313,0.598551874257472,0.706483135748106,0.610744090734821,0.58567688208478,0.400111029144547,0.625363995706295,0.512737512425421
871,31,22,305,215,0.312385606819333,0.2616117702585,0.553518595962113,0.58859510627038,0.551878310736414,0.46962795276911,0.286998688538917,0.540904991434504,0.41395183998671
872,32,22,315,215,0.351109545068594,0.302569294426401,0.459900160905684,0.504887760217638,0.568846530796245,0.518803691478428,0.326839419747498,0.513109535849499,0.419974477798498
873,33,22,325,215,0.274424950588092,0.237809680129901,0.531358485592849,0.512369570789363,0.520433428667498,0.509914149490228,0.256117315358996,0.518518908634985,0.38731811199699
874,34,22,335,215,0.311682052675175,0.290516485715002,0.532215229801772,0.511383291175998,0.51478637872188,0.566493712251246,0.301099269195089,0.531219652987724,0.416159461091406
875,35,22,345,215,0.347033247902306,0.297263019283057,0.476619506582756,0.639201093844092,0.563032281484305,0.546472102806936,0.322148133592681,0.556331246179522,0.439239689886102
876,36,22,355,215,0.392719754790872,0.373010117621948,0.452519711163132,0.616502873106031,0.568142989648775,0.559682357526685,0.38286493620641,0.549211982861156,0.466038459533783
877,37,22,365,215,0.390386115525175,0.302751633675713,0.40559805887359,0.457173691503428,0.439917665344364,0.465629165626215,0.346568874600444,0.4420796453369,0.394324259968672
878,38,22,375,215,0.36534825567432,0.326127307191128,0.508221583870134,0.491840835844959,0.474198845709941,0.48032627184352,0.345737781432724,0.488646884317138,0.417192332874931
879,39,22,385,215,0.29214162747218,0.271690132541954,0.448003769212934,0.46074169223842,0.481426470690836,0.471871912838419,0.281915880007067,0.465510961245152,0.37371342062611
880,40,22,395,215,0.279407083973494,0.251094971941764,0.512042591157783,0.483213779651133,0.517590523536446,0.564098775480692,0.265251027957629,0.519236417456513,0.392243722707071
881,1,23,5,225,0.686892354154454,0.624472140213131,0.555515977139188,0.640842732589436,0.566771739298731,0.593386705891942,0.655682247183793,0.589129288729824,0.622405767956808
882,2,23,15,225,0.647673267671009,0.627120575016306,0.645426179201617,0.64657475447247,0.653557272383479,0.60878707256149,0.637396921343658,0.638586319654764,0.637991620499211
883,3,23,25,225,0.613666878491014,0.577471621342318,0.518358609602428,0.682157446358278,0.575605775738968,0.585527604804685,0.595569249916666,0.59041235912609,0.592990804521378
884,4,23,35,225,0.554489846837603,0.50321007347946,0.525465040839346,0.573263835393065,0.502634830002942,0.55122993106516,0.528849960158531,0.538148409325128,0.53349918474183
885,5,23,45,225,0.510102462331279,0.42313949464798,0.474087190328707,0.456000672533669,0.470728510315385,0.540336077509711,0.46662097848963,0.485288112671868,0.475954545580749
886,6,23,55,225,0.476506860434015,0.425861835326904,0.505639160761431,0.45631218578862,0.56640965039901,0.577013962864049,0.451184347880459,0.526343739953277,0.488764043916868
887,7,23,65,225,0.442630725056433,0.449478201637926,0.525943352908789,0.522680170441445,0.567988177602941,0.620116665616159,0.446054463347179,0.559182091642333,0.502618277494757
888,8,23,75,225,0.30850451746656,0.248683366172412,0.530675958127339,0.472566530903679,0.497729724763532,0.626437055331627,0.278593941819486,0.531852317281544,0.405223129550515
889,9,23,85,225,0.260800602108659,0.190185498641154,0.484255646272729,0.552595966267906,0.574152082299328,0.578325279292955,0.225493050374906,0.547332243533229,0.386412646954068
890,10,23,95,225,0.252283699789853,0.200413981066617,0.462567121828772,0.460735414995238,0.511600648997622,0.456028083534009,0.226348840428235,0.47273281733891,0.349540828883573
891,11,23,105,225,0.24138096246985,0.19056921390268,0.468776773648596,0.513891257537714,0.529136955652235,0.467504294446289,0.215975088186265,0.494827320321209,0.355401204253737
892,12,23,115,225,0.376632626592551,0.326209783922937,0.414020571019043,0.360621640775301,0.510289358765907,0.589292227253218,0.351421205257744,0.468555949453367,0.409988577355556
893,13,23,125,225,0.425626556451583,0.39594216873795,0.419070329551177,0.536922362564787,0.517533177994169,0.570286796338595,0.410784362594766,0.510953166612182,0.460868764603474
894,14,23,135,225,0.541320078941599,0.52227771524623,0.576789167777468,0.6263527566749,0.720827294022582,0.576945845002748,0.531798897093915,0.625228765869424,0.57851383148167
895,15,23,145,225,0.63511454307183,0.641298146720202,0.540222030859902,0.542172530877677,0.603062299286764,0.586857402857081,0.638206344896016,0.568078565970356,0.603142455433186
896,16,23,155,225,0.719376699297961,0.698298107238343,0.43809318118825,0.548004196403103,0.574203129268054,0.500038622622566,0.708837403268152,0.515084782370493,0.611961092819322
897,17,23,165,225,0.74960136714712,0.727513048411969,0.457915275043775,0.393376240827033,0.474293682660857,0.510949918052269,0.738557207779544,0.459133779145984,0.598845493462764
898,18,23,175,225,0.788992090384864,0.797098000784101,0.416146395052074,0.511781554506474,0.439285046329847,0.491306462735309,0.793045045584483,0.464629864655926,0.628837455120204
899,19,23,185,225,0.865470945695421,0.807704762173822,0.388525772564795,0.31649020075313,0.451709921668814,0.423450133884359,0.836587853934621,0.395044007217775,0.615815930576198
900,20,23,195,225,0.884308785696845,0.834580828896337,0.365122146561506,0.311794346757807,0.352022095189027,0.390259076441507,0.859444807296591,0.354799416237462,0.607122111767027
901,21,23,205,225,0.896895451738086,0.89785370083908,0.33181404636076,0.405651315132903,0.322210638465558,0.396769850277857,0.897374576288583,0.36411146255927,0.630743019423926
902,22,23,215,225,0.85836256812073,0.829438442518386,0.39024905916286,0.515195314829546,0.37042872221229,0.411470514570772,0.843900505319558,0.421835902693867,0.632868204006713
903,23,23,225,225,0.829702936321893,0.769647046552176,0.474025377802857,0.546063265756346,0.448873537283363,0.531276184529576,0.799674991437034,0.500059591343035,0.649867291390035
904,24,23,235,225,0.767078798065843,0.733897957308436,0.466588671862948,0.642275262815651,0.517600996555442,0.52495249871367,0.75048837768714,0.537854357486928,0.644171367587034
905,25,23,245,225,0.655921453910122,0.664706787239204,0.581303665291984,0.613821912556257,0.596431603932904,0.713548025615048,0.660314120574663,0.626276301849048,0.643295211211856
906,26,23,255,225,0.584597742501094,0.514562413694936,0.65709829200359,0.748114051849565,0.702329836930295,0.676023127124716,0.549580078098015,0.695891326977042,0.622735702537528
907,27,23,265,225,0.540870398252361,0.542557114526416,0.682973368113166,0.690991048716708,0.677365930612223,0.748407402619083,0.541713756389389,0.699934437515295,0.620824096952342
908,28,23,275,225,0.537390424897017,0.482315343844986,0.667383713786421,0.621961940934369,0.66347662328861,0.723519856219229,0.509852884371001,0.669085533557157,0.589469208964079
909,29,23,285,225,0.430540396520865,0.382456477008464,0.649780537469439,0.584382992486827,0.572983159885468,0.601845284234652,0.406498436764664,0.602247993519097,0.50437321514188
910,30,23,295,225,0.295667797976485,0.277956764009967,0.51016960857341,0.578224473649635,0.557558679775637,0.647759774969091,0.286812280993226,0.573428134241943,0.430120207617585
911,31,23,305,225,0.261466906362911,0.223201554209495,0.518789431952871,0.548011366103053,0.584926812662438,0.567313711374506,0.242334230286203,0.554760330523217,0.39854728040471
912,32,23,315,225,0.245530800031238,0.158505841191858,0.522810508055698,0.564292038260124,0.507498112314096,0.567566103030892,0.202018320611548,0.540541690415202,0.371280005513375
913,33,23,325,225,0.240770165559773,0.190605692651907,0.474529274257728,0.506103598008588,0.580103322272785,0.60472579314906,0.21568792910584,0.54136549692204,0.37852671301394
914,34,23,335,225,0.218225331526963,0.161333949014867,0.480251380078421,0.47465905267718,0.493528819966189,0.513773305858023,0.189779640270915,0.490553139644953,0.340166389957934
915,35,23,345,225,0.269980873923938,0.235182040912027,0.463832633081231,0.505696292426713,0.453568608281549,0.519729010366599,0.252581457417982,0.485706636039023,0.369144046728502
916,36,23,355,225,0.342220832883402,0.306292290253728,0.517409931821697,0.506013514976053,0.553688472952545,0.578229784363589,0.324256561568565,0.538835426028471,0.431545993798518
917,37,23,365,225,0.287707069550082,0.208115954248467,0.496998981876051,0.469742428761083,0.51148754639952,0.502355845900901,0.247911511899275,0.495146200734389,0.371528856316832
918,38,23,375,225,0.253512117028811,0.210607310185556,0.445738386795389,0.451536834763502,0.503219895980051,0.540612282711782,0.232059713607184,0.485276850062681,0.358668281834932
919,39,23,385,225,0.195563780779137,0.13284358201257,0.46187304411631,0.395438211934477,0.469280545424286,0.463305593905064,0.164203681395853,0.447474348845034,0.305839015120444
920,40,23,395,225,0.148899151592039,0.128359354979953,0.347108467860801,0.381947356522285,0.423981899974823,0.460736817072264,0.138629253285996,0.403443635357543,0.27103644432177
921,1,24,5,235,0.646784435181637,0.612784355476225,0.695370818197677,0.702701270662778,0.675581341575294,0.714151503599121,0.629784395328931,0.696951233508718,0.663367814418825
922,2,24,15,235,0.644791218008286,0.649809178653712,0.566619368800265,0.60987487979136,0.627202913894461,0.66230576534365,0.647300198330999,0.616500731957434,0.631900465144216
923,3,24,25,235,0.566483481989609,0.518045982855801,0.574359480836106,0.64112574069278,0.63573759576544,0.688243000834375,0.542264732422705,0.634866454532175,0.58856559347744
924,4,24,35,235,0.58324922474065,0.536409759733112,0.529769598599268,0.608811321527704,0.599781200872074,0.55896617060124,0.559829492236881,0.574332072900072,0.567080782568476
925,5,24,45,235,0.494826561040779,0.459554634498345,0.541131632387389,0.506754971175432,0.593276895124922,0.584949577610346,0.477190597769562,0.556528269074522,0.516859433422042
926,6,24,55,235,0.478912658639352,0.475640175804609,0.591440229162207,0.52160870810594,0.644327025733514,0.617756432813038,0.47727641722198,0.593783098953675,0.535529758087828
927,7,24,65,235,0.447833764236274,0.402728203587189,0.5015408549467,0.631858908019403,0.602236638571839,0.633555868686944,0.425280983911732,0.592298067556222,0.508789525733977
928,8,24,75,235,0.334592596046406,0.301648901490608,0.533875323026407,0.565028253864535,0.55652614527787,0.53560806970292,0.318120748768507,0.547759447967933,0.43294009836822
929,9,24,85,235,0.318000583298109,0.256851806669894,0.540128419999789,0.549277910381707,0.521319379914218,0.475228637072779,0.287426194984001,0.521488586842123,0.404457390913062
930,10,24,95,235,0.199381891981748,0.187153416951343,0.542635089603939,0.505777748894128,0.494024882255359,0.469856892917718,0.193267654466545,0.503073653417786,0.348170653942166
931,11,24,105,235,0.216171111066349,0.160780605758698,0.504931805342216,0.55256483325575,0.483092563278457,0.527623975370485,0.188475858412523,0.517053294311727,0.352764576362125
932,12,24,115,235,0.317394582646453,0.279714996281551,0.560255962474494,0.568747636400092,0.568680924562573,0.570414089959188,0.298554789464002,0.567024653349087,0.432789721406544
933,13,24,125,235,0.465750470611718,0.465842010301021,0.448719349906973,0.527570080557046,0.41254101919382,0.529933545650295,0.465796240456369,0.479690998827033,0.472743619641701
934,14,24,135,235,0.505475723160938,0.476639523253135,0.491007443089977,0.653582679674624,0.586139009037494,0.587491102370597,0.491057623207037,0.579555058543173,0.535306340875105
935,15,24,145,235,0.562686824225013,0.501991929676509,0.508001470889238,0.48181270607734,0.544452907478517,0.543759128389802,0.532339376950761,0.519506553208724,0.525922965079742
936,16,24,155,235,0.620443842008051,0.607521087331777,0.583085712448385,0.61355352184652,0.59147492992955,0.6166698029991,0.613982464669914,0.601195991805889,0.607589228237901
937,17,24,165,235,0.742666949748258,0.729202699852178,0.451172944682863,0.502955668037598,0.517984625265098,0.550322558842587,0.735934824800218,0.505608949207036,0.620771887003627
938,18,24,175,235,0.77029036055744,0.726421147759945,0.39917729500423,0.413270618697422,0.479622603935373,0.400472495626005,0.748355754158692,0.423135753315757,0.585745753737225
939,19,24,185,235,0.808538437040427,0.758764053299264,0.403133505904798,0.416094192378358,0.432771762042505,0.433203051018083,0.783651245169845,0.421300627835936,0.602475936502891
940,20,24,195,235,0.835810472810413,0.816732603795915,0.333310953484961,0.37014572834746,0.31786489728778,0.477429060338077,0.826271538303164,0.37468765986457,0.600479599083867
941,21,24,205,235,0.833245999084181,0.822478399434732,0.407530488173561,0.360481660747506,0.462033539421364,0.465047365411588,0.827862199259456,0.423773263438505,0.625817731348981
942,22,24,215,235,0.813254917294513,0.772493467470757,0.415905046477932,0.593878011865729,0.457144102115835,0.453491612992545,0.792874192382635,0.48010469336301,0.636489442872823
943,23,24,225,235,0.761865428739811,0.70294664002027,0.568458156328662,0.602778185750687,0.6516271044284,0.576462001239825,0.732406034380041,0.599831361936894,0.666118698158467
944,24,24,235,235,0.727344795253252,0.707881249608604,0.555245462355747,0.615640440754861,0.61358953680606,0.653417894020047,0.717613022430928,0.609473333484179,0.663543177957553
945,25,24,245,235,0.622668391926384,0.577989773883352,0.670248390055976,0.626826555785233,0.666260156226377,0.715080891462319,0.600329082904868,0.669603998382476,0.634966540643672
946,26,24,255,235,0.523171531561153,0.478607175170306,0.620118120872751,0.620059656313704,0.754591480314122,0.692524537324683,0.50088935336573,0.671823448706315,0.586356401036022
947,27,24,265,235,0.472896682492287,0.436144433286941,0.672398724726891,0.747595558323821,0.705851421071037,0.776199256551936,0.454520557889614,0.725511240168421,0.590015899029018
948,28,24,275,235,0.416428201429457,0.366961141419289,0.64796837167741,0.670648998562503,0.615753490957305,0.701502795346833,0.391694671424373,0.658968414136013,0.525331542780193
949,29,24,285,235,0.315771380905041,0.253145273911715,0.647565198481275,0.670105759222915,0.668437846433876,0.660440932665115,0.284458327408378,0.661637434200795,0.473047880804587
950,30,24,295,235,0.222651078050091,0.218508182098464,0.461209633507119,0.592423388681232,0.525796881081538,0.577191336437997,0.220579630074277,0.539155309926971,0.379867470000624
951,31,24,305,235,0.201037580142714,0.144293618556457,0.514989899366211,0.567279959384521,0.512030656200586,0.5518665678373,0.172665599349585,0.536541770697154,0.35460368502337
952,32,24,315,235,0.148312697989737,0.12995650126323,0.44603313441723,0.390233756821208,0.44764822952551,0.534539688557262,0.139134599626484,0.454613702330303,0.296874150978393
953,33,24,325,235,0.131397417138417,0.1032039116346,0.354976124379393,0.414616784787383,0.35939267773205,0.331600271235772,0.117300664386509,0.365146464533649,0.241223564460079
954,34,24,335,235,0.173418524730808,0.162419499697729,0.453531643110107,0.43530743354106,0.469242319740834,0.520813789692649,0.167919012214268,0.469723796521162,0.318821404367715
955,35,24,345,235,0.240236698926467,0.213650537548272,0.390898813749704,0.364785826737832,0.416003372402949,0.478859409549989,0.226943618237369,0.412636855610119,0.319790236923744
956,36,24,355,235,0.185445897851648,0.14218421557567,0.413987853377693,0.454075248043244,0.447647989303277,0.44697835675329,0.163815056713659,0.440672361869376,0.302243709291517
957,37,24,365,235,0.173879285214641,0.135851538432761,0.402145184861142,0.508458299933533,0.458283398763826,0.525147969088014,0.154865411823701,0.473508713161629,0.314187062492665
958,38,24,375,235,0.229110268453366,0.193628850202383,0.425251029252557,0.515321576494982,0.45487443625088,0.484465244683085,0.211369559327874,0.469978071670376,0.340673815499125
959,39,24,385,235,0.216984879577703,0.187256128029763,0.456771524033237,0.355207884112552,0.433118148978199,0.459176973511172,0.202120503803733,0.42606863265879,0.314094568231261
960,40,24,395,235,0.171557720355056,0.114439729247963,0.370550432655464,0.291189946930309,0.445443705440347,0.397155051383824,0.142998724801509,0.376084784102486,0.259541754451998
961,1,25,5,245,0.608221935229749,0.563916697855476,0.789460615910778,0.816561925915117,0.69783331507165,0.697659521718441,0.586069316542613,0.750378844653997,0.668224080598305
962,2,25,15,245,0.668237835159409,0.6386507608404,0.533019897672528,0.581936301556895,0.60353870363839,0.637356684225245,0.653444297999904,0.588962896773264,0.621203597386584
963,3,25,25,245,0.646696433504367,0.580642728004666,0.543042771006383,0.582309868616296,0.588728756783527,0.633512079244324,0.613669580754517,0.586898368912632,0.600283974833575
964,4,25,35,245,0.536843660860211,0.498286940012398,0.566818057507624,0.544398914480157,0.570788764780446,0.654817443483494,0.517565300436305,0.58420579506293,0.550885547749617
965,5,25,45,245,0.525827210256224,0.527501631524796,0.638179913116693,0.60099878904348,0.58295122308002,0.621566150741393,0.52666442089051,0.610924018995397,0.568794219942953
966,6,25,55,245,0.438068684496771,0.385226004797423,0.533295013421586,0.660162310443176,0.595382087684596,0.612523442089527,0.411647344647097,0.600340713409721,0.505994029028409
967,7,25,65,245,0.414797694080083,0.352781947465764,0.555052763978184,0.651118366054701,0.59969697429424,0.675363429137345,0.383789820772923,0.620307883366118,0.50204885206952
968,8,25,75,245,0.326505858173804,0.329562535239666,0.519995051532735,0.455478789579115,0.587118585161589,0.639500533949174,0.328034196706735,0.550523240055653,0.439278718381194
969,9,25,85,245,0.285047246536541,0.217908656597136,0.449930695822031,0.599817363951634,0.552152946498236,0.511707271599956,0.251477951566838,0.528402069467964,0.389940010517401
970,10,25,95,245,0.202645959892422,0.186758534767899,0.509881987288334,0.427945831938186,0.553785751219498,0.512261036108569,0.19470224733016,0.500968651638647,0.347835449484404
971,11,25,105,245,0.208409879224191,0.1581643256683,0.459900736130711,0.54700176109535,0.477509308096514,0.544229676347251,0.183287102446245,0.507160370417457,0.345223736431851
972,12,25,115,245,0.252903584473084,0.191290147867764,0.507346795861717,0.493738913660225,0.544587640997572,0.551672590576482,0.222096866170424,0.524336485273999,0.373216675722212
973,13,25,125,245,0.272380287732651,0.231180271055528,0.441436389152048,0.446303708799208,0.45388213096484,0.529636515770515,0.25178027939409,0.467814686171653,0.359797482782871
974,14,25,135,245,0.380953119793856,0.327338633727337,0.464824863498145,0.471890765796626,0.508085654192188,0.559171633690433,0.354145876760597,0.500993229294348,0.427569553027472
975,15,25,145,245,0.464377269801414,0.426531667039109,0.531382062234415,0.644595321508071,0.55100518105952,0.512404833899238,0.445454468420261,0.559846849675311,0.502650659047786
976,16,25,155,245,0.553746796929335,0.506649483394762,0.525063663633909,0.386164527837173,0.582806406224592,0.586270167933925,0.530198140162049,0.5200761914074,0.525137165784724
977,17,25,165,245,0.577670580285852,0.531590335300008,0.480548990041732,0.519556785727763,0.507673498686911,0.551257625999883,0.55463045779293,0.514759225114072,0.534694841453501
978,18,25,175,245,0.699041219452347,0.696843064837162,0.477850130096164,0.473678309493771,0.532921339978003,0.52841745669372,0.697942142144754,0.503216809065414,0.600579475605084
979,19,25,185,245,0.728503715272787,0.70421040907052,0.513616395244913,0.47350793240684,0.485915097478819,0.460252599025533,0.716357062171654,0.483323006039026,0.59984003410534
980,20,25,195,245,0.763908935310277,0.771892833462397,0.506313974082908,0.499721071807295,0.490557566447382,0.512675172943389,0.767900884386337,0.502316946320244,0.63510891535329
981,21,25,205,245,0.759737793446101,0.76045200485053,0.439663881467583,0.499091606604633,0.470685560475838,0.546163083311104,0.760094899148316,0.48890103296479,0.624497966056553
982,22,25,215,245,0.769318929921977,0.736466022626261,0.46948025794828,0.540776167306988,0.53166694422732,0.558764548178124,0.752892476274119,0.525171979415178,0.639032227844649
983,23,25,225,245,0.672942122959849,0.644137034321803,0.60201530074944,0.711789155647324,0.720180572998002,0.665599119894369,0.658539578640826,0.674896037322284,0.666717807981555
984,24,25,235,245,0.540600695774248,0.514351129259508,0.687229481064827,0.72488288134693,0.680918321702843,0.715290478160585,0.527475912516878,0.702080290568796,0.614778101542837
985,25,25,245,245,0.476871048054348,0.452258699278111,0.649566758998608,0.701442095723177,0.72084036371203,0.766435400355839,0.464564873666229,0.709571154697414,0.587068014181821
986,26,25,255,245,0.396072934731097,0.390628233900921,0.670063157394301,0.744940156586153,0.729178577142974,0.725147911050423,0.393350584316009,0.717332450543463,0.555341517429736
987,27,25,265,245,0.408691331182432,0.394483637066379,0.656301200884205,0.732078966034077,0.651611136878622,0.723957548894302,0.401587484124405,0.690987213172801,0.546287348648603
988,28,25,275,245,0.266560561375739,0.285921595004956,0.557877901300454,0.660351414311714,0.688558278268924,0.608319392567638,0.276241078190347,0.628776746612182,0.452508912401265
989,29,25,285,245,0.285417351053618,0.210914107158746,0.568700404439688,0.595982286264185,0.616656380649771,0.5887245643326,0.248165729106182,0.592515908921561,0.420340819013871
990,30,25,295,245,0.203346856102694,0.141122505760551,0.551231379334276,0.49569575795074,0.540876827192233,0.553535073460613,0.172234680931622,0.535334759484465,0.353784720208044
991,31,25,305,245,0.173381628293726,0.12995046879061,0.426838260557162,0.44430773608866,0.464964129983972,0.592494245580899,0.151666048542168,0.482151093052673,0.31690857079742
992,32,25,315,245,0.122945163922444,0.108011251476464,0.34666760865192,0.28745126605682,0.407654944582353,0.31861981312046,0.115478207699454,0.340098408102888,0.227788307901171
993,33,25,325,245,0.13365170640795,0.134897896593121,0.258857094987101,0.22679465546157,0.364829251998826,0.342968328828957,0.134274801500535,0.298362332819113,0.216318567159824
994,34,25,335,245,0.150698392094194,0.120835744697,0.408465858326276,0.406447232576424,0.380871119578327,0.506161324319296,0.135767068395597,0.425486383700081,0.280626726047839
995,35,25,345,245,0.176439707744817,0.150616676631592,0.345405479766175,0.339585964275164,0.442259895592153,0.435633079960984,0.163528192188205,0.390721104898619,0.277124648543412
996,36,25,355,245,0.212703987531408,0.199203597763179,0.342409580525743,0.436246715630149,0.350400605852266,0.379425161798705,0.205953792647293,0.377120515951716,0.291537154299504
997,37,25,365,245,0.340740471636082,0.292129393128629,0.430869916794102,0.483588172902327,0.494561696353859,0.38983228116127,0.316434932382355,0.449713016802889,0.383073974592622
998,38,25,375,245,0.332145972579207,0.290312592691703,0.440267863548449,0.511669098282398,0.494916893480317,0.427315130854869,0.311229282635455,0.468542246541508,0.389885764588482
999,39,25,385,245,0.347882520724958,0.327598041904017,0.37205894445139,0.391042031341337,0.389670656440444,0.513741846214476,0.337740281314487,0.416628369611912,0.3771843254632
1000,40,25,395,245,0.275201868936993,0.26057295248877,0.401665879691732,0.482876797843106,0.442789018437881,0.443212675214335,0.267887410712881,0.442636092796763,0.355261751754822
1001,1,26,5,255,0.651405667431013,0.622429374033177,0.662239128510513,0.747626381177278,0.762677988818322,0.735575888894629,0.636917520732095,0.727029846850186,0.68197368379114
1002,2,26,15,255,0.640656468315042,0.668248747294862,0.604898105629564,0.680740752375258,0.69964435536094,0.675974141341375,0.654452607804952,0.665314338676784,0.659883473240868
1003,3,26,25,255,0.675324978195195,0.644731467095065,0.63216247139925,0.69114781661994,0.653622846004346,0.69219766798874,0.66002822264513,0.667282700503069,0.663655461574099
1004,4,26,35,255,0.520869801589682,0.521301982984711,0.604665006495796,0.61445276297129,0.701848056173294,0.693754287744005,0.521085892287196,0.653680028346096,0.587382960316646
1005,5,26,45,255,0.46465065268467,0.433904770987149,0.612985709720296,0.694810646417534,0.63767633457294,0.579899300200054,0.44927771183591,0.631342997727706,0.540310354781808
1006,6,26,55,255,0.460825139413218,0.411091279192402,0.623473979058489,0.548495005071715,0.602183379205345,0.657071759648368,0.43595820930281,0.607806030745979,0.521882120024394
1007,7,26,65,255,0.34339391810864,0.360688726809557,0.555772862300078,0.664460189026199,0.616924925622486,0.627236431719809,0.352041322459099,0.616098602167143,0.484069962313121
1008,8,26,75,255,0.309530335629885,0.288655912269288,0.640216483083323,0.62068053562863,0.64602748374478,0.65201806806912,0.299093123949587,0.639735642631463,0.469414383290525
1009,9,26,85,255,0.173312913576596,0.129848375966929,0.453638077709258,0.456854004577816,0.586571429564619,0.543911788819757,0.151580644771762,0.510243825167863,0.330912234969812
1010,10,26,95,255,0.139298829696769,0.116998011738157,0.421209701660409,0.470035537550831,0.455747528184163,0.407277894918324,0.128148420717463,0.438567665578432,0.283358043147947
1011,11,26,105,255,0.140800321497378,0.114291412148463,0.492218376463316,0.521434887326991,0.430533852784251,0.507457897849475,0.12754586682292,0.487911253606008,0.307728560214464
1012,12,26,115,255,0.194314115627597,0.183787531174366,0.504410819369309,0.630958637750703,0.476405932501207,0.578852397243101,0.189050823400981,0.54765694671608,0.36835388505853
1013,13,26,125,255,0.245956173947743,0.182700451379263,0.471524580307104,0.672743385094262,0.570496675874204,0.568615472393224,0.214328312663503,0.570845028417198,0.392586670540351
1014,14,26,135,255,0.299513458380624,0.275616526144484,0.462818108059816,0.50559049674809,0.492493737403716,0.521385334349271,0.287564992262554,0.495571919140223,0.391568455701389
1015,15,26,145,255,0.342955381490238,0.307774501063219,0.552027847537474,0.462129591459743,0.55868469539112,0.607095232473129,0.325364941276729,0.544984341715366,0.435174641496048
1016,16,26,155,255,0.396557055661246,0.363553072896306,0.503362303467884,0.42548669041278,0.514170930353559,0.543373875447478,0.380055064278776,0.496598449920425,0.438326757099601
1017,17,26,165,255,0.537111171931657,0.479398259735009,0.488189374562819,0.605719413350795,0.585632441957136,0.642422819100968,0.508254715833333,0.580491012242929,0.544372864038131
1018,18,26,175,255,0.562002308740177,0.531466218894931,0.463005696206241,0.513368014026515,0.466167415298742,0.604563801294435,0.546734263817554,0.511776231706483,0.529255247762018
1019,19,26,185,255,0.596253171423182,0.5591133682426,0.584293884428065,0.511692661898851,0.630485357380588,0.634942982614577,0.577683269832891,0.59035372158052,0.584018495706706
1020,20,26,195,255,0.669625065500391,0.661428698914118,0.540881491082387,0.556371915467322,0.595418373280649,0.591147548834367,0.665526882207255,0.570954832166181,0.618240857186718
1021,21,26,205,255,0.711796388727303,0.679216778326583,0.568839841407412,0.539431041491228,0.571367399908608,0.5548110223569,0.695506583526943,0.558612326291037,0.62705945490899
1022,22,26,215,255,0.696083604933236,0.688958606468977,0.575526896026037,0.587292638434164,0.676420572109741,0.63863858264745,0.692521105701106,0.619469672304348,0.655995389002727
1023,23,26,225,255,0.585494173343474,0.589418995530901,0.570970437724876,0.82780089730889,0.665209059722297,0.731371155049873,0.587456584437188,0.698837887451484,0.643147235944336
1024,24,26,235,255,0.4733138190693,0.44662143523598,0.673267600672603,0.659999658476698,0.707923568145154,0.781423824064033,0.45996762715264,0.705653662839622,0.582810644996131
1025,25,26,245,255,0.360569994540129,0.343538351700973,0.690774974930347,0.739555627848669,0.674647619802678,0.700325575801982,0.352054173120551,0.701325949595919,0.526690061358235
1026,26,26,255,255,0.284497456967987,0.280370106452748,0.64810759256174,0.680877606148042,0.699324409346016,0.69077547391666,0.282433781710368,0.679771270493114,0.481102526101741
1027,27,26,265,255,0.273624635632427,0.258208482323459,0.595663717103188,0.62086322701971,0.643023993141516,0.635404447640784,0.265916558977943,0.6237388462263,0.444827702602121
1028,28,26,275,255,0.377236669307765,0.35674714955601,0.592923749111854,0.562099484637976,0.694157629354886,0.64035818889885,0.366991909431887,0.622384763000892,0.494688336216389
1029,29,26,285,255,0.279825302989632,0.202561743561779,0.573499583082938,0.463858513722861,0.534530495999748,0.536579564458935,0.241193523275705,0.527117039316121,0.384155281295913
1030,30,26,295,255,0.147852822134802,0.116934260148933,0.395427916135063,0.454338344792055,0.40519177096336,0.472218122490939,0.132393541141867,0.431794038595354,0.282093789868611
1031,31,26,305,255,0.181099766906078,0.114230544537914,0.341723936757633,0.356237939387016,0.316268132019474,0.423867909109775,0.147665155721996,0.359524479318474,0.253594817520235
1032,32,26,315,255,0.152839583361789,0.092085534930299,0.264052862852089,0.278115663007542,0.338370120460554,0.366508896614594,0.122462559146044,0.311761885733695,0.217112222439869
1033,33,26,325,255,0.131334916594941,0.0828213144624261,0.314796844558072,0.367706714387821,0.363982482164942,0.33409155077765,0.107078115528683,0.345144397972121,0.226111256750402
1034,34,26,335,255,0.15772190963816,0.11791756656925,0.321113057759818,0.230137445389009,0.331222657131214,0.440899270467435,0.137819738103705,0.330843107686869,0.234331422895287
1035,35,26,345,255,0.269362696889316,0.236548091168063,0.379555818093425,0.519418403509585,0.444617590774877,0.438668956375482,0.25295539402869,0.445565192188342,0.349260293108516
1036,36,26,355,255,0.302936500461092,0.279408449839965,0.433658194050495,0.453602694533249,0.471930405984008,0.427341211977483,0.291172475150529,0.446633126636309,0.368902800893419
1037,37,26,365,255,0.400497818779816,0.369518870663538,0.46830008157781,0.434104053441103,0.470209159247287,0.449898072424028,0.385008344721677,0.455627841672557,0.420318093197117
1038,38,26,375,255,0.435643444714792,0.415292206551451,0.399974547184559,0.406405418612548,0.420303813485182,0.382555823716961,0.425467825633121,0.402309900749812,0.413888863191467
1039,39,26,385,255,0.510092597698401,0.417481786559143,0.445485930150373,0.444104175418729,0.439627320213642,0.536101087354621,0.463787192128772,0.466329628284342,0.465058410206557
1040,40,26,395,255,0.513566764751917,0.485127326982868,0.431914104611364,0.553728651210684,0.505960739018504,0.515303542714884,0.499347045867393,0.501726759388859,0.500536902628126
1041,1,27,5,265,0.659829960645954,0.649761872843815,0.666422441596991,0.824543395590046,0.725493590213609,0.76198522519538,0.654795916744885,0.744611163149006,0.699703539946946
1042,2,27,15,265,0.604335440584276,0.546367619803519,0.659169483127252,0.642228964897614,0.692114214820936,0.667981028400861,0.575351530193898,0.665373422811666,0.620362476502782
1043,3,27,25,265,0.618302627186442,0.576636437245933,0.631634651912177,0.676394180656216,0.753491815620113,0.669779779978527,0.597469532216188,0.682825107041758,0.640147319628973
1044,4,27,35,265,0.497953263309021,0.453021976590766,0.58376994225743,0.625900647478767,0.587597877858527,0.642741536800556,0.475487619949894,0.61000250109882,0.542745060524357
1045,5,27,45,265,0.376823204642564,0.341411622838598,0.592377624261169,0.624035118126691,0.624613830756806,0.595537890663652,0.359117413740581,0.60914111595208,0.48412926484633
1046,6,27,55,265,0.281017879680645,0.245123839634626,0.511711799755148,0.616789799615424,0.598578853142177,0.59636404280432,0.263070859657635,0.580861123829267,0.421965991743451
1047,7,27,65,265,0.22523006891867,0.184299736311272,0.497395907745169,0.582804087149086,0.618589041962078,0.583524920611948,0.204764902614971,0.57057848936707,0.38767169599102
1048,8,27,75,265,0.175653627783517,0.139262475195169,0.541038509580144,0.477812870135214,0.545499876413553,0.568251548806545,0.157458051489343,0.533150701233864,0.345304376361603
1049,9,27,85,265,0.178733050455212,0.144642301636438,0.515401551190946,0.500722180875229,0.558365557298541,0.586194562232121,0.161687676045825,0.540170962899209,0.350929319472517
1050,10,27,95,265,0.155660633496607,0.106344842936235,0.453775749106073,0.645719249523439,0.507449837674121,0.591838193963588,0.131002738216421,0.549695757566805,0.340349247891613
1051,11,27,105,265,0.113490166707995,0.05134255248572,0.360632969846449,0.487518090597983,0.460806099678636,0.412321532573368,0.0824163595968576,0.430319673174109,0.256368016385483
1052,12,27,115,265,0.141507278702363,0.051695945268077,0.297745698119239,0.401234173495603,0.439577594035993,0.391857169674657,0.0966016119852198,0.382603658831373,0.239602635408296
1053,13,27,125,265,0.155283120656832,0.136427114021618,0.408868830169266,0.451110744797327,0.433324409886616,0.456322951575642,0.145855117339225,0.437406734107212,0.291630925723219
1054,14,27,135,265,0.170433532337983,0.16429496447144,0.526011130900873,0.456986327192183,0.512369105196807,0.545278925110315,0.167364248404712,0.510161372100045,0.338762810252378
1055,15,27,145,265,0.249489832520492,0.195606253396269,0.480856235365713,0.435527501465366,0.492390703060504,0.493461204815081,0.222548042958381,0.475558911176666,0.349053477067523
1056,16,27,155,265,0.312659027082942,0.269391640223464,0.510016239699395,0.517653925646799,0.526519272580738,0.507415949423885,0.291025333653203,0.515401346837704,0.403213340245454
1057,17,27,165,265,0.403475668264154,0.36331694212663,0.488858544158453,0.587831125793664,0.580836475446142,0.578207843612418,0.383396305195392,0.558933497252669,0.471164901224031
1058,18,27,175,265,0.420409109231366,0.386849661749874,0.539804795498195,0.595932721068982,0.601341684289382,0.620172667369663,0.40362938549062,0.589312967056556,0.496471176273588
1059,19,27,185,265,0.502912191426368,0.500280173113329,0.567810347865191,0.614113837912474,0.628734339758133,0.529920969253418,0.501596182269848,0.585144873697304,0.543370527983576
1060,20,27,195,265,0.604540406897627,0.579099082077289,0.652819198563067,0.627367208170721,0.651641870493408,0.665572027214413,0.591819744487458,0.649350076110402,0.62058491029893
1061,21,27,205,265,0.610012078952128,0.567459631369311,0.57514693881479,0.660905441009871,0.689085304793552,0.618739586982917,0.58873585516072,0.635969317900283,0.612352586530501
1062,22,27,215,265,0.530941454887784,0.519141983955857,0.730905805671481,0.673488476944396,0.706997295096603,0.764310621117844,0.525041719421821,0.718925549707581,0.621983634564701
1063,23,27,225,265,0.514436288677475,0.484490514545079,0.751817614148111,0.709670932437341,0.728284842626173,0.837463709050709,0.499463401611277,0.756809274565584,0.62813633808843
1064,24,27,235,265,0.361163800141851,0.29190571605681,0.754959341840751,0.711824166028389,0.69076526244077,0.627366523684928,0.326534758099331,0.69622882349871,0.51138179079902
1065,25,27,245,265,0.316319842225017,0.27140909018012,0.640138947177379,0.728765261331414,0.715343399375268,0.686478506348585,0.293864466202569,0.692681528558162,0.493272997380365
1066,26,27,255,265,0.339333425758787,0.298986625226537,0.650727501742347,0.717978085574042,0.676842427891786,0.720716613668828,0.319160025492662,0.691566157219251,0.505363091355956
1067,27,27,265,265,0.281810246831976,0.245888132933713,0.654015717381559,0.730623518481508,0.60445372797323,0.614030591669141,0.263849189882845,0.65078088887636,0.457315039379602
1068,28,27,275,265,0.307832559563836,0.275828798869625,0.604354453669024,0.573767275967945,0.582124379808953,0.65827183047083,0.291830679216731,0.604629484979188,0.448230082097959
1069,29,27,285,265,0.267194077247533,0.214918060150045,0.504442635879078,0.498564706930724,0.513637596314935,0.540169108939661,0.241056068698789,0.5142035120161,0.377629790357444
1070,30,27,295,265,0.188946573508266,0.161578741399837,0.382323581208563,0.39929638050985,0.443502399645387,0.354436621035594,0.175262657454051,0.394889745599848,0.28507620152695
1071,31,27,305,265,0.166127624640432,0.119636910003105,0.304462778598556,0.385807657779027,0.340854800516628,0.364758004852498,0.142882267321768,0.348970810436677,0.245926538879223
1072,32,27,315,265,0.112908148582273,0.0932159897643046,0.248664958555523,0.32414379540592,0.286821661119667,0.353580506481671,0.103062069173289,0.303302730390695,0.203182399781992
1073,33,27,325,265,0.122247123196262,0.0588976829878497,0.319473310026323,0.223754785568712,0.319568024186762,0.358132200607085,0.090572403092056,0.305232080097221,0.197902241594638
1074,34,27,335,265,0.164534620124787,0.116870891469996,0.391859430926966,0.439482565127633,0.32708337801939,0.464035617670961,0.140702755797391,0.405615247936237,0.273159001866814
1075,35,27,345,265,0.293988614425758,0.238427629868592,0.39444870963112,0.383873283067032,0.447909994927513,0.408316849941344,0.266208122147175,0.408637209391752,0.337422665769464
1076,36,27,355,265,0.433450140070305,0.382695857424123,0.455242373627099,0.478974571305494,0.438018863880819,0.428534724586738,0.408072998747214,0.450192633350037,0.429132816048626
1077,37,27,365,265,0.545772267701296,0.496723503442849,0.450063579606426,0.525773273613928,0.520667131957466,0.474975335319749,0.521247885572073,0.492869830124392,0.507058857848232
1078,38,27,375,265,0.598340635496928,0.616536055499111,0.447648100089651,0.51831869921149,0.506340025595778,0.515634803497204,0.60743834549802,0.496985407098531,0.552211876298275
1079,39,27,385,265,0.635578156490366,0.595083068330615,0.432875742925661,0.3802772925804,0.520212369854012,0.503669590914393,0.615330612410491,0.459258749068616,0.537294680739554
1080,40,27,395,265,0.631128303712129,0.607781127854959,0.541628448264352,0.46461100328603,0.55881369827005,0.617635161404633,0.619454715783544,0.545672077806266,0.582563396794905
1081,1,28,5,275,0.550663676607348,0.535523180758132,0.716336338706559,0.683827236598269,0.715310316491545,0.730110839423446,0.54309342868274,0.711396182804955,0.627244805743848
1082,2,28,15,275,0.551733349429233,0.574119995169177,0.617725004907549,0.714790056474366,0.696228509269047,0.69540138644598,0.562926672299205,0.681036239274235,0.62198145578672
1083,3,28,25,275,0.477966147947982,0.445630987035883,0.635710114084992,0.75025502638364,0.703159826073998,0.669093210900839,0.461798567491933,0.689554544360867,0.5756765559264
1084,4,28,35,275,0.414171720513404,0.340345881049424,0.55757979129304,0.611480882694988,0.604038216910622,0.622480840036418,0.377258800781414,0.598894932733767,0.488076866757591
1085,5,28,45,275,0.257325576256498,0.223709633439812,0.563396664305285,0.605484595795309,0.60260221868772,0.592836366445564,0.240517604848155,0.59107996130847,0.415798783078312
1086,6,28,55,275,0.132528264770978,0.123564158025229,0.5113213638597,0.440218935232664,0.473736085876625,0.480203021124059,0.128046211398103,0.476369851523262,0.302208031460683
1087,7,28,65,275,0.15249738857736,0.103327192860064,0.470458132389237,0.5004109811664,0.465469560491171,0.499683805923116,0.127912290718712,0.484005619992481,0.305958955355596
1088,8,28,75,275,0.149316615968823,0.0983196392102633,0.379313601477731,0.383377110776419,0.38407396740628,0.467924958742692,0.123818127589543,0.403672409600781,0.263745268595162
1089,9,28,85,275,0.0988426283130938,0.0835192316053333,0.311143610754552,0.371946571939658,0.451608013353308,0.356915992921227,0.0911809299592136,0.372903547242186,0.2320422386007
1090,10,28,95,275,0.101086746359025,0.0435257170862179,0.287692868494115,0.406425276025658,0.365678897897749,0.375664163503709,0.0723062317226214,0.358865301480308,0.215585766601465
1091,11,28,105,275,0.110313083859571,0.0657089259457015,0.354994037007279,0.631018772230054,0.47885257596898,0.316442837621624,0.0880110049026362,0.445327055706984,0.26666903030481
1092,12,28,115,275,0.10866639972758,0.10250195494909,0.377985943924214,0.231836061010338,0.335064850673554,0.418758281851942,0.105584177338335,0.340911284365012,0.223247730851674
1093,13,28,125,275,0.120472743222151,0.0599484970773601,0.38876009032389,0.585076159020755,0.491527523283623,0.479836033487911,0.0902106201497555,0.486299951529045,0.2882552858394
1094,14,28,135,275,0.145734340680288,0.117499930141915,0.474001903511806,0.465615156285549,0.507688392269452,0.463180114178128,0.131617135411102,0.477621391561234,0.304619263486168
1095,15,28,145,275,0.170668296872661,0.100761950002003,0.507504636084654,0.43516578686672,0.535819968564934,0.571543826094199,0.135715123437332,0.512508554402627,0.32411183891998
1096,16,28,155,275,0.24343770354354,0.195347922415611,0.585757721225212,0.465154293214728,0.509109529353006,0.567239973612337,0.219392812979576,0.531815379351321,0.375604096165448
1097,17,28,165,275,0.19611937049222,0.151598352717429,0.487768496838037,0.499935181858663,0.511037539105737,0.502285877118086,0.173858861604825,0.500256773730131,0.337057817667478
1098,18,28,175,275,0.281105554774083,0.265267294761093,0.514818185143274,0.504333569865498,0.529291281891948,0.609667008865402,0.273186424767588,0.539527511441531,0.406356968104559
1099,19,28,185,275,0.40952968558748,0.370645244964956,0.550243968826932,0.530349853958073,0.520847130115767,0.599962581803362,0.390087465276218,0.550350883676034,0.470219174476126
1100,20,28,195,275,0.434325299074253,0.44082032668286,0.547466417419664,0.584113190727288,0.55715943197732,0.63845082106338,0.437572812878557,0.581797465296913,0.509685139087735
1101,21,28,205,275,0.530015073684217,0.466778413657683,0.563120462702308,0.616119796753394,0.695553388618948,0.703143603273675,0.49839674367095,0.644484312837081,0.571440528254015
1102,22,28,215,275,0.433803691761975,0.415694404967097,0.62693961538536,0.74704107924762,0.731332414589106,0.671483613678824,0.424749048364536,0.694199180725227,0.559474114544882
1103,23,28,225,275,0.496113562693246,0.428360357063983,0.57921513706588,0.804683927065803,0.62687470918506,0.696086001258557,0.462236959878615,0.676714943643825,0.56947595176122
1104,24,28,235,275,0.286287388226423,0.278713108889688,0.609305082378345,0.760673424867359,0.600775618043208,0.723054816548555,0.282500248558055,0.673452235459367,0.477976242008711
1105,25,28,245,275,0.274597667170101,0.207797420150361,0.655718845754939,0.751656334879989,0.730589437129578,0.716945623606638,0.241197543660231,0.713727560342786,0.477462552001509
1106,26,28,255,275,0.287820390755124,0.233414437933905,0.619925488799001,0.53029457131544,0.576493639265333,0.616435186899363,0.260617414344515,0.585787221569784,0.42320231795715
1107,27,28,265,275,0.344668484711257,0.291619444765002,0.532170631078496,0.604055286853768,0.600003165484297,0.590904427977161,0.318143964738129,0.581783377848431,0.44996367129328
1108,28,28,275,275,0.269810541337107,0.211979388683188,0.538184115553547,0.458569197029233,0.518313774019993,0.502338164843448,0.240894965010147,0.504351312861555,0.372623138935851
1109,29,28,285,275,0.250869345531699,0.233988439442593,0.544567104752263,0.601101846251112,0.512101399215123,0.520651213792097,0.242428892487146,0.544605391002649,0.393517141744897
1110,30,28,295,275,0.214981290346667,0.165430126918514,0.497776484171011,0.468873158877867,0.427360719826271,0.49910674176778,0.190205708632591,0.473279276160732,0.331742492396662
1111,31,28,305,275,0.101221719629114,0.0666229454672116,0.256852474636576,0.279435945853685,0.265663688537207,0.282132511456452,0.083922332548163,0.27102115512098,0.177471743834571
1112,32,28,315,275,0.100554245950309,0.0151582482501249,0.123696848992429,0.104665504188842,0.157911253497585,0.170329325180548,0.0578562471002169,0.139150732964851,0.0985034900325339
1113,33,28,325,275,0.0957258458700235,0.0687160724207843,0.276588634304571,0.327376612377368,0.233622590555097,0.333771924321088,0.0822209591454039,0.292839940389531,0.187530449767467
1114,34,28,335,275,0.137210379495674,0.12656238306771,0.360835545781144,0.376662411272567,0.398300609817767,0.362947895073194,0.131886381281692,0.374686615486168,0.25328649838393
1115,35,28,345,275,0.409279351212501,0.359058192306266,0.392321200254383,0.422031162344274,0.515583799105976,0.449196871534142,0.384168771759384,0.444783258309694,0.414476015034539
1116,36,28,355,275,0.468845074449883,0.467082332150786,0.449200231399454,0.523317358246198,0.489072818896647,0.504189596902435,0.467963703300334,0.491445001361183,0.479704352330759
1117,37,28,365,275,0.613228308101987,0.593336165242116,0.501094466765101,0.605564478284349,0.569858694244847,0.553328809525166,0.603282236672052,0.557461612204866,0.580371924438459
1118,38,28,375,275,0.635162864219688,0.59176996524194,0.454308131351518,0.503069006218745,0.605084691805232,0.606393070666757,0.613466414730814,0.542213725010563,0.577840069870688
1119,39,28,385,275,0.718161257712823,0.635857185927015,0.46064062935673,0.509884270400482,0.505381424646716,0.552924034598101,0.677009221819919,0.507207589750508,0.592108405785213
1120,40,28,395,275,0.679839745386409,0.655874250201413,0.455798755975469,0.616020347398559,0.581211292058894,0.49484920384244,0.667856997793911,0.536969899818841,0.602413448806376
1121,1,29,5,285,0.47219673228608,0.429771826644396,0.626961520311031,0.54518009003782,0.677420820417189,0.677775939744636,0.450984279465238,0.631834592627669,0.541409436046454
1122,2,29,15,285,0.434021486710527,0.382776518775795,0.590588232925604,0.655175248796368,0.632214545856197,0.655935278640712,0.408399002743161,0.63347832655472,0.52093866464894
1123,3,29,25,285,0.428803888192137,0.405782876163474,0.524529090957941,0.488290706861359,0.570012990934989,0.583396563703988,0.417293382177806,0.54155733811457,0.479425360146188
1124,4,29,35,285,0.236373882330124,0.181737179437669,0.577701073000285,0.573186148719541,0.612940601364481,0.563060112119869,0.209055530883897,0.581721983801044,0.39538875734247
1125,5,29,45,285,0.17799868892041,0.163748149451786,0.543656628258878,0.617479948982691,0.569151052194192,0.630166221121449,0.170873419186098,0.590113462639303,0.3804934409127
1126,6,29,55,285,0.14965621245014,0.0723380473708233,0.373206154234451,0.392468593062002,0.382657340228597,0.411173150006329,0.110997129910482,0.389876309382845,0.250436719646663
1127,7,29,65,285,0.0889087403783217,0.0326009193407669,0.30743425650785,0.45100937656171,0.386674018863559,0.364352093795925,0.0607548298595443,0.377367436432261,0.219061133145903
1128,8,29,75,285,0.0848265219492578,0.0769455399399058,0.360575065677261,0.210361740222497,0.324140876072687,0.34386595790226,0.0808860309445818,0.309735909968676,0.195310970456629
1129,9,29,85,285,0.161578591990657,0.101364997539654,0.390000385461031,0.369845451553415,0.362282401269759,0.393385652762893,0.131471794765155,0.378878472761774,0.255175133763465
1130,10,29,95,285,0.147678456885281,0.0654228135325826,0.404925616796717,0.420364856291578,0.51295991497199,0.477859776791086,0.106550635208932,0.454027541212843,0.280289088210887
1131,11,29,105,285,0.186511939522553,0.131878511887465,0.562179994502457,0.560787870579028,0.600795886789223,0.560140706124131,0.159195225705009,0.57097611449871,0.365085670101859
1132,12,29,115,285,0.154876848915555,0.104590003761397,0.48791787181831,0.512375467140926,0.477954459245044,0.495272767207644,0.129733426338476,0.493380141352981,0.311556783845728
1133,13,29,125,285,0.21997133792563,0.131195914024473,0.561808251386456,0.588525123639308,0.593956930183711,0.663919055432143,0.175583625975052,0.602052340160405,0.388817983067728
1134,14,29,135,285,0.179016755504999,0.144886351928026,0.486576020395888,0.585951555207632,0.49222683153007,0.621322626575693,0.161951553716512,0.546519258427321,0.354235406071917
1135,15,29,145,285,0.231322606448659,0.158355115615826,0.584572329409994,0.669524846220564,0.541647108343682,0.469087920573906,0.194838861032243,0.566208051137037,0.38052345608464
1136,16,29,155,285,0.195948515867936,0.129306170330668,0.509869757971223,0.63689429579759,0.570136082349779,0.521880004067176,0.162627343099302,0.559695035046442,0.361161189072872
1137,17,29,165,285,0.198826936842902,0.189566761868149,0.520773407179423,0.437790056057112,0.623863762965377,0.66052579236956,0.194196849355525,0.560738254642868,0.377467551999196
1138,18,29,175,285,0.195662135641215,0.145284854743827,0.549386251283133,0.492085708396771,0.626504690199207,0.547915008053155,0.170473495192521,0.553972914483067,0.362223204837794
1139,19,29,185,285,0.268012135556408,0.211979321853507,0.563780470510999,0.511511454799436,0.579008511719205,0.569320346549903,0.239995728704957,0.555905195894886,0.397950462299922
1140,20,29,195,285,0.326123153336133,0.297318603257696,0.509913292529733,0.561242491800067,0.630779533168472,0.591588436501604,0.311720878296915,0.573380938499969,0.442550908398442
1141,21,29,205,285,0.311953487975774,0.274473997262679,0.578315879343566,0.498636341296348,0.58959430292837,0.687382617594304,0.293213742619227,0.588482285290647,0.440848013954937
1142,22,29,215,285,0.312451758159878,0.264625460491856,0.613545018451504,0.655381952295339,0.648982458475116,0.684457087188232,0.288538609325867,0.650591629102548,0.469565119214208
1143,23,29,225,285,0.352956678676622,0.302572111955662,0.694616374481794,0.602194709939451,0.622190972607368,0.697045799988313,0.327764395316142,0.654011964254231,0.490888179785186
1144,24,29,235,285,0.292815062641512,0.264569346396117,0.641487405644494,0.70105576289667,0.700248552328252,0.632759940509075,0.278692204518814,0.668887915344623,0.473790059931719
1145,25,29,245,285,0.299961841091425,0.269088401067622,0.657578527678119,0.637277022689712,0.659294310258242,0.653640383191833,0.284525121079523,0.651947560954476,0.468236341017
1146,26,29,255,285,0.373566257672006,0.306429061073777,0.61381251986722,0.630475702394336,0.604957218970509,0.607208414469925,0.339997659372892,0.614113463925497,0.477055561649195
1147,27,29,265,285,0.339805192728335,0.314335748847221,0.491936755718238,0.686065164830309,0.584998591565354,0.551515630564855,0.327070470787778,0.578629035669689,0.452849753228733
1148,28,29,275,285,0.439170067725851,0.43160779212545,0.498579519155004,0.502679153880487,0.553780554165403,0.510417942105522,0.43538892992565,0.516364292326604,0.475876611126127
1149,29,29,285,285,0.361519119304729,0.351125826462156,0.341437971267072,0.435477747908687,0.39399201035165,0.420365787394834,0.356322472883442,0.397818379230561,0.377070426057002
1150,30,29,295,285,0.230119517288759,0.178051702652628,0.422216641342469,0.436751897415878,0.492209797765808,0.475760866820618,0.204085609970694,0.456734800836193,0.330410205403444
1151,31,29,305,285,0.108388817851328,0.0764138865881718,0.1649650614287,0.0671596295100001,0.192213267011219,0.283538440643738,0.0924013522197501,0.176969099648414,0.134685225934082
1152,32,29,315,285,0.0922022655985279,0.0667905251685257,0.220621090724835,0.239189105281171,0.154687741665416,0.210406763421343,0.0794963953835268,0.206226175273191,0.142861285328359
1153,33,29,325,285,0.141461998031049,0.057172734107202,0.32160074251607,0.29941319983471,0.330455382007993,0.380604530927289,0.0993173660691253,0.333018463821515,0.21616791494532
1154,34,29,335,285,0.169740822943716,0.0915715151399146,0.329726418768097,0.230285725030253,0.379291632714652,0.361116381768465,0.130656169041815,0.325105039570367,0.227880604306091
1155,35,29,345,285,0.234571647430272,0.231728225440648,0.442461121509489,0.492587534374493,0.471503902485599,0.483250951832282,0.23314993643546,0.472450877550466,0.352800406992963
1156,36,29,355,285,0.453023131831242,0.444825412963392,0.487474426166427,0.424074432015487,0.495023147088336,0.472350754663884,0.448924272397317,0.469730689983534,0.459327481190425
1157,37,29,365,285,0.544199187054217,0.531112257024097,0.52316196513434,0.558125413046749,0.511798539945612,0.595534504709154,0.537655722039157,0.547155105708964,0.542405413874061
1158,38,29,375,285,0.650502269757774,0.627876120753876,0.53431866879727,0.600344630251434,0.43678948285336,0.558252076653603,0.639189195255825,0.532426214638917,0.585807704947371
1159,39,29,385,285,0.670199531627118,0.659794194252344,0.497274126457771,0.408629319481186,0.526737736735095,0.629338628907233,0.664996862939731,0.515494952895321,0.590245907917526
1160,40,29,395,285,0.652744444567233,0.599320729276052,0.541744432273599,0.593352839614125,0.626916552657645,0.613259835837053,0.626032586921642,0.593818415095605,0.609925501008624
1161,1,30,5,295,0.421638665166897,0.364752437146419,0.558174277552235,0.553720271790267,0.618776724441583,0.60392442735404,0.393195551156658,0.583648925284531,0.488422238220595
1162,2,30,15,295,0.398695470609381,0.368366155250543,0.480782550973198,0.523452719443135,0.618414161066509,0.611994848462349,0.383530812929962,0.558661069986298,0.47109594145813
1163,3,30,25,295,0.321517189582231,0.299613570674275,0.496348713183579,0.586378164569444,0.604097565698498,0.610343767847711,0.310565380128253,0.574292052824808,0.44242871647653
1164,4,30,35,295,0.226613789062039,0.18243239043148,0.504570189748726,0.529666125102933,0.560605005369451,0.508989796320123,0.20452308974676,0.525957779135308,0.365240434441034
1165,5,30,45,295,0.119452785642328,0.0701219973114439,0.306338375676176,0.409976344045027,0.379106546342542,0.445722979505901,0.0947873914768862,0.385286061392412,0.240036726434649
1166,6,30,55,295,0.0855399657500789,0.0972375621724134,0.224806166944721,0.237427224033604,0.247831422643003,0.317116873174437,0.0913887639612461,0.256795421698941,0.174092092830094
1167,7,30,65,295,0.0858936698102649,0.0602482646738218,0.223921194467787,0.234012939503611,0.250776422588685,0.269944248751814,0.0730709672420434,0.244663701327974,0.158867334285009
1168,8,30,75,295,0.109962280739627,0.113034528989301,0.210792851585876,0.220408900550471,0.295405954701044,0.349888906437947,0.111498404864464,0.269124153318834,0.190311279091649
1169,9,30,85,295,0.146210633278396,0.11355995906717,0.361524967159458,0.362814902138234,0.427658773878228,0.472066814518645,0.129885296172783,0.406016364423641,0.267950830298212
1170,10,30,95,295,0.212077632276909,0.192990553094235,0.47221164543965,0.638991582398275,0.523822108796599,0.546142117202162,0.202534092685572,0.545291863459171,0.373912978072372
1171,11,30,105,295,0.203062114486533,0.177199894598665,0.57525240581968,0.527214425419481,0.62638032447429,0.552683389175051,0.190131004542599,0.570382636222125,0.380256820382362
1172,12,30,115,295,0.194693530444458,0.162637489857039,0.570800984153909,0.541670518488578,0.552405469005172,0.621088192550869,0.178665510150749,0.571491291049632,0.37507840060019
1173,13,30,125,295,0.184562028585484,0.178189415427338,0.517192611401335,0.574343437334564,0.563651717326051,0.534092018287466,0.181375722006411,0.547319946087354,0.364347834046882
1174,14,30,135,295,0.203571819849866,0.158738530307538,0.513459219995504,0.588511372982122,0.616996165857702,0.649575290048415,0.181155175078702,0.592135512220936,0.386645343649819
1175,15,30,145,295,0.165371758457749,0.138896467555052,0.489481974039737,0.498683489088383,0.571746297168234,0.558446253530872,0.152134113006401,0.529589503456806,0.340861808231604
1176,16,30,155,295,0.168399962707723,0.109212801768097,0.533521517015861,0.570995715371179,0.615924978886722,0.566568574081244,0.13880638223791,0.571752696338751,0.355279539288331
1177,17,30,165,295,0.271229817637777,0.215060562222094,0.533863847770021,0.555736764020376,0.564329009054257,0.456462198938963,0.243145189929935,0.527597954945904,0.38537157243792
1178,18,30,175,295,0.126275594628829,0.0395193975706864,0.39252196549219,0.529188129390413,0.462469427460986,0.400413213716987,0.0828974960997575,0.446148184015144,0.264522840057451
1179,19,30,185,295,0.229021702570288,0.184592982627527,0.497870830943051,0.463034607467599,0.512591143466906,0.549536349548215,0.206807342598908,0.505758232856443,0.356282787727675
1180,20,30,195,295,0.256666638272825,0.202616524812725,0.54494675727737,0.641537634115124,0.59614469762702,0.635398017580162,0.229641581542775,0.604506776649919,0.417074179096347
1181,21,30,205,295,0.317002612320996,0.259488137223531,0.575784039915166,0.426276304173769,0.581071923135169,0.498131721848861,0.288245374772264,0.520315997268241,0.404280686020252
1182,22,30,215,295,0.354392764817392,0.364422744703367,0.514544943294576,0.629230047553885,0.651722917065391,0.5683735289569,0.35940775476038,0.590967859217688,0.475187806989034
1183,23,30,225,295,0.385990838245927,0.31863552252099,0.60807347151405,0.537229727612078,0.578416377979811,0.579983783844613,0.352313180383458,0.575925840237638,0.464119510310548
1184,24,30,235,295,0.205352359015519,0.184962675737211,0.52983259568535,0.563679349120167,0.624835029064166,0.560175657274359,0.195157517376365,0.56963065778601,0.382394087581188
1185,25,30,245,295,0.313019738749682,0.286064040954933,0.563069068195888,0.567440596951882,0.588122786874958,0.529310726321787,0.299541889852307,0.561985794586129,0.430763842219218
1186,26,30,255,295,0.328643685868408,0.353854230366031,0.594820805172047,0.761375071054526,0.570422992919625,0.615288329891077,0.34124895811722,0.635476799759319,0.488362878938269
1187,27,30,265,295,0.437944637409185,0.405543873100685,0.52076638822999,0.564078409255628,0.520492137080368,0.53866902607878,0.421744255254935,0.536001490161191,0.478872872708063
1188,28,30,275,295,0.293064057070255,0.251483304299586,0.434983428737504,0.5311570422825,0.42466025300593,0.470694813622814,0.27227368068492,0.465373884412187,0.368823782548554
1189,29,30,285,295,0.319667175164094,0.302263054176106,0.447026581532556,0.534353715759624,0.375919046172637,0.431652404250549,0.3109651146701,0.447237936928842,0.379101525799471
1190,30,30,295,295,0.288453871169966,0.239218079351502,0.365514426998411,0.388195969436084,0.397295818626711,0.415636690286528,0.263835975260734,0.391660726336934,0.327748350798834
1191,31,30,305,295,0.0992674583205326,0.0878955360537992,0.204913247005411,0.074515489992346,0.172906692639052,0.20503018291041,0.0935814971871659,0.164341403136805,0.128961450161985
1192,32,30,315,295,0.136181821732042,0.115139335752133,0.28879709201536,0.296048041930425,0.335992428670748,0.252980712299473,0.125660578742088,0.293454568729001,0.209557573735544
1193,33,30,325,295,0.119928372976192,0.0985708240615396,0.318304840612024,0.368977081828513,0.353502759380037,0.320399024011903,0.109249598518866,0.340295926458119,0.224772762488492
1194,34,30,335,295,0.177864257481414,0.137100519752118,0.430318549208475,0.450772345296121,0.427345877745252,0.409928634298435,0.157482388616766,0.429591351637071,0.293536870126918
1195,35,30,345,295,0.27381167030089,0.211182990985732,0.423800456358579,0.476740702913496,0.496971700299356,0.525020073220884,0.242497330643311,0.480633233198079,0.361565281920695
1196,36,30,355,295,0.40419155846878,0.341426791659467,0.444393086525681,0.576047157152783,0.563241840762604,0.559539675546479,0.372809175064123,0.535805439996887,0.454307307530505
1197,37,30,365,295,0.494724890975568,0.484639729776267,0.485398997956984,0.553799635378623,0.536131050623088,0.513924324266333,0.489682310375917,0.522313502056257,0.505997906216087
1198,38,30,375,295,0.602509739132958,0.582229412469896,0.528057457448302,0.511260923819076,0.566717813666386,0.582659534876513,0.592369575801427,0.547173932452569,0.569771754126998
1199,39,30,385,295,0.582760073123206,0.555936656616826,0.536293394115153,0.51499256319059,0.551990059542786,0.51598101747423,0.569348364870016,0.52981425858069,0.549581311725353
1200,40,30,395,295,0.58083568075135,0.531829528677956,0.522160908517744,0.520034460042175,0.49691793816188,0.495990675405137,0.556332604714653,0.508775995531734,0.532554300123193
1201,1,31,5,305,0.319629807326245,0.307906166181378,0.525191952008155,0.675761942505066,0.584773966806963,0.551290235984778,0.313767986753812,0.58425452432624,0.449011255540026
1202,2,31,15,305,0.277274905390477,0.231106667577576,0.540022292405999,0.574097774593834,0.567487743960222,0.468245395868688,0.254190786484026,0.537463301707186,0.395827044095606
1203,3,31,25,305,0.194774751349671,0.176150284972683,0.52936449010467,0.507271997408407,0.605225777514783,0.536983932731482,0.185462518161177,0.544711549439835,0.365087033800506
1204,4,31,35,305,0.119213767795335,0.105277086471054,0.32745356010105,0.238279294065829,0.349511262579258,0.368019277064665,0.112245427133194,0.320815848452701,0.216530637792947
1205,5,31,45,305,0.113019897499545,0.0339762929805921,0.230182783843562,0.306240955326883,0.357320602017018,0.288752238351846,0.0734980952400684,0.295624144884827,0.184561120062448
1206,6,31,55,305,0.0902076113056052,0.0398762825197613,0.24111163408377,0.298337648106199,0.268851161072233,0.23085260454921,0.0650419469126833,0.259788261952853,0.162415104432768
1207,7,31,65,305,0.0962998777286437,0.0190667549844344,0.244980912381832,0.173032165277929,0.23106564259967,0.199385527331393,0.057683316356539,0.212116061897706,0.134899689127123
1208,8,31,75,305,0.120440036140171,0.0740671676677659,0.312161953336703,0.345582155630131,0.309905978066636,0.392185748127949,0.0972536019039684,0.339958958790355,0.218606280347162
1209,9,31,85,305,0.186860511942396,0.140783325576083,0.441759223750727,0.321597507107941,0.445345566282587,0.444403606351169,0.163821918759239,0.413276475873106,0.288549197316173
1210,10,31,95,305,0.231762707072253,0.229171572268247,0.440392631998638,0.528568011498272,0.479975424717055,0.48116518104111,0.23046713967025,0.482525312313769,0.356496225992009
1211,11,31,105,305,0.314413539552421,0.27053494862673,0.46718960551178,0.589645007608475,0.505591332199276,0.451142896654603,0.292474244089576,0.503392210493533,0.397933227291555
1212,12,31,115,305,0.45592336463241,0.392730585155698,0.588290540946241,0.536010697812431,0.563594652849525,0.677934194319378,0.424326974894054,0.591457521481894,0.507892248187974
1213,13,31,125,305,0.335661434446189,0.315851561497009,0.567741912856579,0.533205071107753,0.682042892544368,0.586991074164373,0.325756497971599,0.592495237668268,0.459125867819934
1214,14,31,135,305,0.374175629066563,0.29383054911536,0.566490619365195,0.590835850528616,0.60698693059393,0.524913673142835,0.334003089090961,0.572306768407644,0.453154928749303
1215,15,31,145,305,0.204175062915012,0.195778081639152,0.539535868553404,0.648533772038049,0.59045307610332,0.595163928889049,0.199976572277082,0.593421661395956,0.396699116836519
1216,16,31,155,305,0.207140283950009,0.13041879514526,0.557921186717014,0.521788047189801,0.575988157025003,0.509687472131041,0.168779539547634,0.541346215765715,0.355062877656675
1217,17,31,165,305,0.220912377938791,0.151428930961508,0.570818277955171,0.588258862920494,0.519979015467234,0.623552873310207,0.18617065445015,0.575652257413276,0.380911455931713
1218,18,31,175,305,0.1305797315614,0.0652018310194995,0.378825201578943,0.448989538190452,0.514213809516106,0.455121395980155,0.0978907812904496,0.449287486316414,0.273589133803432
1219,19,31,185,305,0.150729633005398,0.110258866696318,0.468638247088378,0.526997877347864,0.511035216444567,0.44696104225844,0.130494249850858,0.488408095784812,0.309451172817835
1220,20,31,195,305,0.226896311796939,0.202181051592119,0.526351525061418,0.471380418688166,0.58427154460122,0.539628345923442,0.214538681694529,0.530407958568561,0.372473320131545
1221,21,31,205,305,0.178214043854286,0.160101161937053,0.473588427300651,0.45840500691402,0.49092692517192,0.579486459590637,0.16915760289567,0.500601704744307,0.334879653819988
1222,22,31,215,305,0.277706856332942,0.241959581221041,0.544943408622916,0.568628770535989,0.535543071912825,0.544848152411301,0.259833218776992,0.548490850870758,0.404162034823875
1223,23,31,225,305,0.265146785636928,0.220241150586983,0.505457041923481,0.532995328445813,0.520747532356789,0.582995981308988,0.242693968111955,0.535548971008768,0.389121469560362
1224,24,31,235,305,0.25734051346466,0.202775062885372,0.475399890881175,0.646352714704613,0.534112853670892,0.533031843528016,0.230057788175016,0.547224325696174,0.388641056935595
1225,25,31,245,305,0.27453905012768,0.209919048363976,0.563274521307713,0.548328842331477,0.536960996177006,0.617085837218402,0.242229049245828,0.566412549258649,0.404320799252239
1226,26,31,255,305,0.351023512039094,0.330034442944972,0.503229173217258,0.544729447621456,0.541315597168816,0.568161211043091,0.340528977492033,0.539358857262655,0.439943917377344
1227,27,31,265,305,0.42213532298286,0.39880439284009,0.453399036955155,0.506778025628105,0.566732587392676,0.477883243976835,0.410469857911475,0.501198223488193,0.455834040699834
1228,28,31,275,305,0.361325378185608,0.323401347023319,0.419286044754675,0.464481566771546,0.460021044331112,0.442466158201879,0.342363362604464,0.446563703514803,0.394463533059633
1229,29,31,285,305,0.465555158714918,0.405220970139401,0.481302747974641,0.387892448354648,0.413700362665498,0.344884869442647,0.43538806442716,0.406945107109359,0.421166585768259
1230,30,31,295,305,0.195880797409275,0.180564324506066,0.311041181084058,0.470753134296957,0.418334733977413,0.351318809669295,0.188222560957671,0.387861964756931,0.288042262857301
1231,31,31,305,305,0.219250922536156,0.203148385679878,0.342222026599648,0.332926337983142,0.381533462911702,0.367454153166959,0.211199654108017,0.356033995165363,0.28361682463669
1232,32,31,315,305,0.177766106061318,0.160609180656551,0.39760824362224,0.284806797239661,0.425176558011401,0.482581275707665,0.169187643358934,0.397543218645242,0.283365431002088
1233,33,31,325,305,0.147979228141023,0.110692976923735,0.38457607885005,0.440579351903752,0.409025986634421,0.379588463134854,0.129336102532379,0.403442470130769,0.266389286331574
1234,34,31,335,305,0.12943308365701,0.0964488842293849,0.411295891499418,0.474481239451714,0.433677816523295,0.429585866528156,0.112940983943198,0.437260203500646,0.275100593721922
1235,35,31,345,305,0.257104119492442,0.18950742216613,0.474079650557013,0.550085355536824,0.557606147935469,0.521369315777447,0.223305770829286,0.525785117451688,0.374545444140487
1236,36,31,355,305,0.343354356154409,0.291408915420584,0.563805037259507,0.578713334103588,0.494105381975645,0.601755049648886,0.317381635787497,0.559594700746907,0.438488168267202
1237,37,31,365,305,0.47227583213185,0.453881139593922,0.483806421592858,0.455585770636539,0.611144355201173,0.62860666278997,0.463078485862886,0.544785802555135,0.50393214420901
1238,38,31,375,305,0.540486840149476,0.499828376419335,0.519061726571103,0.509108370129561,0.58322107176325,0.666904092625577,0.520157608284406,0.569573815272373,0.544865711778389
1239,39,31,385,305,0.47868176271946,0.451152357342872,0.565101132846617,0.571325073083778,0.632592241023492,0.646684653316555,0.464917060031166,0.603925775067611,0.534421417549388
1240,40,31,395,305,0.386923311769698,0.396975275414529,0.52563920517106,0.502156266763649,0.568268784086937,0.554704562666785,0.391949293592114,0.537692204672108,0.464820749132111
1241,1,32,5,315,0.295415016896961,0.278816560656485,0.495656791815012,0.663879785762737,0.614757118534232,0.576407185430831,0.287115788776723,0.587675220385703,0.437395504581213
1242,2,32,15,315,0.231411836388803,0.188526289647457,0.512957082263869,0.600151976814429,0.557711020449116,0.647740787870803,0.20996906301813,0.579640216849554,0.394804639933842
1243,3,32,25,315,0.161817764410337,0.113768740954446,0.465214328279158,0.47252782208412,0.447685165805786,0.551347475119744,0.137793252682392,0.484193697822202,0.310993475252297
1244,4,32,35,315,0.0808634341678308,0.040899048471938,0.263328602350436,0.332633030505479,0.304123979597231,0.340273605618916,0.0608812413198844,0.310089804518015,0.18548552291895
1245,5,32,45,315,0.0839722116387057,0.0580033827598938,0.254440282973689,0.299633930787249,0.276968863665276,0.308344164125625,0.0709877971992998,0.28484681038796,0.17791730379363
1246,6,32,55,315,0.0894738727355152,0.0314992675089159,0.191925084291972,0.235478028343133,0.223253256143442,0.192657837563653,0.0604865701222155,0.21082855158555,0.135657560853883
1247,7,32,65,315,0.106294340237421,0.0752387429014572,0.161073767537865,0.187132201532479,0.279544701582392,0.324977419272163,0.0907665415694393,0.238182022481225,0.164474282025332
1248,8,32,75,315,0.148738882692468,0.0974312318970657,0.363503742765928,0.442028691536207,0.408335029358808,0.294685411519282,0.123085057294767,0.377138218795056,0.250111638044911
1249,9,32,85,315,0.294094208802198,0.232267662166624,0.407539043445626,0.489091849573071,0.450090192358804,0.477935247007205,0.263180935484411,0.456164083096177,0.359672509290294
1250,10,32,95,315,0.37499961033093,0.373656791953645,0.518704178677019,0.506555790364948,0.569020590388533,0.519967802987956,0.374328201142287,0.528562090604614,0.45144514587345
1251,11,32,105,315,0.394992128640542,0.356491479570501,0.449133523380491,0.583784183462472,0.538336121815657,0.625818170626571,0.375741804105522,0.549267999821298,0.46250490196341
1252,12,32,115,315,0.471280343417193,0.450642339776555,0.527944739799215,0.474783344679226,0.563726789658028,0.613777386319608,0.460961341596874,0.545058065114019,0.503009703355447
1253,13,32,125,315,0.388068344469376,0.365046386068176,0.517491302019882,0.608158815927894,0.497549623372787,0.562654620434613,0.376557365268776,0.546463590438794,0.461510477853785
1254,14,32,135,315,0.402899184324716,0.350746276493409,0.539443653736477,0.655734573615521,0.636991039008922,0.625901481855835,0.376822730409062,0.614517687054189,0.495670208731625
1255,15,32,145,315,0.352317413210435,0.350664236469005,0.654890432697365,0.542322931678865,0.654133910594262,0.655411003947085,0.35149082483972,0.626689569729394,0.489090197284557
1256,16,32,155,315,0.244226940471183,0.215371473032084,0.561482530355628,0.609298240082169,0.56426279178464,0.572278197142049,0.229799206751634,0.576830439841122,0.403314823296378
1257,17,32,165,315,0.153069895217208,0.124661777467615,0.48236223287923,0.412821559643446,0.415664674142679,0.434479893013043,0.138865836342412,0.4363320899196,0.287598963131006
1258,18,32,175,315,0.117693753549777,0.0761670021783254,0.404098931747175,0.470087643559661,0.390278144891361,0.445955517760398,0.0969303778640512,0.427605059489649,0.26226771867685
1259,19,32,185,315,0.163158124476593,0.149635364275921,0.410348849516843,0.413994149423845,0.479425897898293,0.513018173508793,0.156396744376257,0.454196767586943,0.3052967559816
1260,20,32,195,315,0.120847166761256,0.0679706868101885,0.374327753955654,0.338341601486453,0.405761399453175,0.3827773649954,0.0944089267857222,0.375302029972671,0.234855478379196
1261,21,32,205,315,0.147855407283029,0.0917830339858939,0.355691547505871,0.338456301874575,0.444381737244977,0.392623501585609,0.119819220634462,0.382788272052758,0.25130374634361
1262,22,32,215,315,0.190213009861951,0.161287793152857,0.465181907747258,0.554833005122997,0.559479747600944,0.567712596513027,0.175750401507404,0.536801814246057,0.35627610787673
1263,23,32,225,315,0.278702343384499,0.294676047982108,0.532020412200667,0.643140398768976,0.60111067097061,0.560175842965101,0.286689195683304,0.584111831226338,0.435400513454821
1264,24,32,235,315,0.259512030553095,0.199276076398349,0.507790079931462,0.669294734004721,0.554940875023748,0.580070299170676,0.229394053475722,0.578023997032652,0.403709025254187
1265,25,32,245,315,0.243748065661015,0.21510314749266,0.43762882238156,0.546057314285495,0.51881967989771,0.571124290693007,0.229425606576837,0.518407526814443,0.37391656669564
1266,26,32,255,315,0.263589632416995,0.251351195100014,0.401413051344144,0.471191694613166,0.452983191271503,0.410798030289328,0.257470413758504,0.434096491879535,0.34578345281902
1267,27,32,265,315,0.300525856698783,0.278746976090656,0.430854412763799,0.458188483584618,0.450232753156062,0.309177028371814,0.28963641639472,0.412113169469073,0.350874792931896
1268,28,32,275,315,0.390488015809497,0.361259860288504,0.421170718079732,0.502594849868775,0.435360100059878,0.403539645046111,0.375873938049001,0.440666328263624,0.408270133156312
1269,29,32,285,315,0.356134739663278,0.294074202239874,0.372209477107096,0.257845794020705,0.411462538332133,0.443982169722962,0.325104470951576,0.371374994795724,0.34823973287365
1270,30,32,295,315,0.320438577589722,0.255982918712409,0.378200279836684,0.361105949834436,0.361573931084113,0.389475517034915,0.288210748151066,0.372588919447537,0.330399833799301
1271,31,32,305,315,0.228790640794605,0.159351778338345,0.42311072266338,0.403883283958713,0.315476140065456,0.466992876575689,0.194071209566475,0.40236575581581,0.298218482691142
1272,32,32,315,315,0.181756988837515,0.153146274473607,0.446498767130436,0.48370853255205,0.464037718019938,0.515655557765002,0.167451631655561,0.477475143866856,0.322463387761209
1273,33,32,325,315,0.17194965509229,0.121967105653656,0.429483484730003,0.387308262833987,0.448410663254172,0.426685988792827,0.146958380372973,0.422972099902747,0.28496524013786
1274,34,32,335,315,0.173321480454852,0.0988432450865128,0.410181344744395,0.462583661550818,0.444880685945402,0.506777836039356,0.136082362770682,0.456105882069993,0.296094122420338
1275,35,32,345,315,0.21939427916932,0.177397971148865,0.54852429077757,0.57717595851138,0.496174950405774,0.506033246217013,0.198396125159093,0.531977111477934,0.365186618318513
1276,36,32,355,315,0.288125093224438,0.264608821293754,0.609514543580091,0.519719626368915,0.657103512492062,0.649677445594082,0.276366957259096,0.609003782008788,0.442685369633942
1277,37,32,365,315,0.43453179178552,0.410587405372202,0.540919503305837,0.582438796106906,0.641772863215299,0.62500352589518,0.422559598578861,0.597533672130805,0.510046635354833
1278,38,32,375,315,0.480947047410071,0.422140874577265,0.580538157873302,0.658261455075165,0.699299068891356,0.696615361696747,0.451543960993668,0.658678510884143,0.555111235938905
1279,39,32,385,315,0.427327070791587,0.415754129498646,0.609769929140706,0.627587461877671,0.624781554969995,0.564031226839197,0.421540600145117,0.606542543206892,0.514041571676005
1280,40,32,395,315,0.365899152891261,0.345339132279344,0.488851100441902,0.568145737671538,0.587224801410641,0.605678676761555,0.355619142585302,0.562475079071409,0.459047110828356
1281,1,33,5,325,0.2300653244448,0.160586353513746,0.62973241804132,0.633624243255869,0.591461090224492,0.542188426226559,0.195325838979273,0.59925154443706,0.397288691708167
1282,2,33,15,325,0.218336707509956,0.159230339362255,0.594609720422606,0.637680448307272,0.589064928183929,0.567782543038271,0.188783523436105,0.59728440998802,0.393033966712062
1283,3,33,25,325,0.0891510769028399,0.0997184186350005,0.453528788721684,0.398064932026528,0.456505546087762,0.504397736120377,0.0944347477689202,0.453124250739088,0.273779499254004
1284,4,33,35,325,0.110575424355691,0.0633095254001049,0.317030433028563,0.426403875856179,0.306802712716192,0.39135166322577,0.086942474877898,0.360397171206676,0.223669823042287
1285,5,33,45,325,0.110385037122872,0.0576570187246436,0.328075428467086,0.279456978847598,0.358084447786172,0.355484628225049,0.084021027923758,0.330275370831476,0.207148199377617
1286,6,33,55,325,0.0711414018839195,0.0341895446926585,0.28941354784105,0.0526861203675086,0.265775248691521,0.254281987731586,0.052665473288289,0.215539226157916,0.134102349723103
1287,7,33,65,325,0.16127138033251,0.135484247110836,0.428063363288778,0.481534758385927,0.433710930359081,0.412175167874871,0.148377813721673,0.438871054977164,0.293624434349419
1288,8,33,75,325,0.235974303290996,0.218525754775305,0.433873448567644,0.421255784727052,0.515574276241669,0.520005832759116,0.22725002903315,0.47267733557387,0.34996368230351
1289,9,33,85,325,0.33963334770821,0.340162065966467,0.43213659581969,0.322364773631982,0.533947430374078,0.50787136254987,0.339897706837338,0.449080040593905,0.394488873715622
1290,10,33,95,325,0.491778147693105,0.441398861135486,0.46743958058389,0.600976539838691,0.563291780600997,0.498503344741681,0.466588504414296,0.532552811441315,0.499570657927805
1291,11,33,105,325,0.487481229145714,0.484582457278711,0.429295789146343,0.559517287596316,0.519022367345117,0.59796961860807,0.486031843212212,0.526451265673961,0.506241554443087
1292,12,33,115,325,0.541837425470558,0.515006707387441,0.516249288274346,0.521232213313517,0.526253282658262,0.493109078383662,0.528422066429,0.514210965657447,0.521316516043223
1293,13,33,125,325,0.511588107844513,0.476102298701941,0.547476456574818,0.612502294669736,0.594318762480603,0.619303417502866,0.493845203273227,0.593400232807006,0.543622718040116
1294,14,33,135,325,0.423439853920972,0.399922870341224,0.499005175956658,0.570222039107204,0.538588575246875,0.512434285429646,0.411681362131098,0.530062518935096,0.470871940533097
1295,15,33,145,325,0.344572780472602,0.294718516279989,0.51465950487842,0.498777573465123,0.526589704436917,0.564919112602912,0.319645648376296,0.526236473845843,0.422941061111069
1296,16,33,155,325,0.188114688052937,0.166349110778158,0.428129905373431,0.462181846831092,0.433497851836539,0.516012786197877,0.177231899415548,0.459955597559735,0.318593748487641
1297,17,33,165,325,0.149797734358247,0.104095244228475,0.344898873420824,0.446608820166431,0.418642713142312,0.499404239481127,0.126946489293361,0.427388661552674,0.277167575423017
1298,18,33,175,325,0.0650388003342335,0.0216947793120762,0.144767687164987,0.107618494161909,0.176389682575828,0.211596589342788,0.0433667898231549,0.160093113311378,0.101729951567266
1299,19,33,185,325,0.0764584659920134,0.0140739813779331,0.202391360545423,0.245015125408491,0.268230964027924,0.257435246604419,0.0452662236849733,0.243268174146564,0.144267198915769
1300,20,33,195,325,0.112576722596731,0.0757587980916396,0.324278183098113,0.312532926581676,0.354353147751033,0.364739923109305,0.0941677603441855,0.338976045135032,0.216571902739609
1301,21,33,205,325,0.129804658660303,0.131987896294499,0.394258630925458,0.348126601277443,0.453184703416192,0.431418445012921,0.130896277477401,0.406747095158004,0.268821686317702
1302,22,33,215,325,0.140068921141366,0.129248100110014,0.431012559397388,0.550573585942161,0.458503910230419,0.564859589591594,0.13465851062569,0.50123741129039,0.31794796095804
1303,23,33,225,325,0.206060255103721,0.190042746099781,0.501023155908941,0.568496088813691,0.480619558593779,0.635037797606954,0.198051500601751,0.546294150230841,0.372172825416296
1304,24,33,235,325,0.222507938021623,0.191026626790365,0.458488459350395,0.538063062478982,0.497225552034875,0.554041306846988,0.206767282405994,0.51195459517781,0.359360938791902
1305,25,33,245,325,0.317563046972908,0.285011222298972,0.450606518370733,0.500095931920483,0.492315044681893,0.495685601594884,0.30128713463594,0.484675774141998,0.392981454388969
1306,26,33,255,325,0.277148850114291,0.223856409829942,0.514513712732638,0.452826522829446,0.511856214505028,0.490967568872677,0.250502629972117,0.492541004734947,0.371521817353532
1307,27,33,265,325,0.334157321532968,0.269585683284663,0.457918495412973,0.3891513149175,0.503754246510178,0.521222435379654,0.301871502408815,0.468011623055076,0.384941562731946
1308,28,33,275,325,0.30055847080123,0.311689197834672,0.388690034869324,0.464911170500185,0.465414558541956,0.440095959052333,0.306123834317951,0.43977793074095,0.37295088252945
1309,29,33,285,325,0.301691832413844,0.265218696268341,0.413251985240538,0.44561043878903,0.434190323459619,0.404307993913853,0.283455264341092,0.42434018535076,0.353897724845926
1310,30,33,295,325,0.290904095080741,0.256428372365345,0.403086109051088,0.437153408069495,0.428262644275901,0.424458694774006,0.273666233723043,0.423240214042623,0.348453223882833
1311,31,33,305,325,0.246831573598684,0.227974465230719,0.426592683056322,0.416533132200467,0.436643817391887,0.438801049392235,0.237403019414702,0.429642670510228,0.333522844962465
1312,32,33,315,325,0.219008731617949,0.159851849206992,0.46380197550101,0.43113768742897,0.416690658460491,0.473531865105929,0.189430290412471,0.4462905466241,0.317860418518285
1313,33,33,325,325,0.186540806366154,0.207201730376918,0.446926358456847,0.450600918501087,0.515783751529202,0.446428532308232,0.196871268371536,0.464934890198842,0.330903079285189
1314,34,33,335,325,0.141402232910812,0.117946741460651,0.39776888695954,0.493949304834206,0.422395385300165,0.396494318475908,0.129674487185731,0.427651973892455,0.278663230539093
1315,35,33,345,325,0.193428161585443,0.169664587934762,0.588173125414637,0.614976884410131,0.596560795919333,0.575600429264302,0.181546374760102,0.593827808752101,0.387687091756102
1316,36,33,355,325,0.142547604845646,0.0846801203115188,0.525302906155629,0.419904714094515,0.609385396312638,0.523316580927321,0.113613862578583,0.519477399372526,0.316545630975554
1317,37,33,365,325,0.266426521598518,0.2381979766074,0.586412415432711,0.664805740595634,0.671522699801709,0.780240209564831,0.252312249102959,0.675745266348721,0.46402875772584
1318,38,33,375,325,0.380084443941406,0.349251340259059,0.616147901460438,0.69533066019988,0.638605097602869,0.626763305612804,0.364667892100232,0.644211741218998,0.504439816659615
1319,39,33,385,325,0.448297765758559,0.403443994058015,0.640124273327805,0.631067067656393,0.722614878629648,0.764530747276981,0.425870879908287,0.689584241722707,0.557727560815497
1320,40,33,395,325,0.369502028863965,0.364582887165076,0.586374865965645,0.664281963192,0.655104013505999,0.698735781076429,0.36704245801452,0.651124155935018,0.509083306974769
1321,1,34,5,335,0.130198004839479,0.0842859498251763,0.482880365493875,0.49292622599082,0.559080414705654,0.604192321418875,0.107241977332327,0.534769831902306,0.321005904617317
1322,2,34,15,335,0.0884043657028572,0.0589039121613178,0.416976908729248,0.438017656498864,0.447101463755091,0.476154153731054,0.0736541389320875,0.444562545678564,0.259108342305326
1323,3,34,25,335,0.100870325671711,0.0536740332537869,0.396592603990229,0.333913343163387,0.455225610260391,0.477697573740573,0.0772721794627489,0.415857282788645,0.246564731125697
1324,4,34,35,335,0.0943804474460414,0.0608092551097655,0.484463680590149,0.551583567523701,0.536827172749504,0.502526599619612,0.0775948512779034,0.518850255120741,0.298222553199322
1325,5,34,45,335,0.111970068527709,0.0893668724321166,0.334891368906151,0.324473998563605,0.380815202067102,0.438873391522624,0.100668470479913,0.36976349026487,0.235215980372392
1326,6,34,55,335,0.127750802188031,0.0732125336724316,0.382399238520697,0.519222944248955,0.490446226471648,0.513881723215229,0.100481667930231,0.476487533114132,0.288484600522182
1327,7,34,65,335,0.209904355223071,0.151452856277712,0.442300312259036,0.475052072273834,0.536879464714272,0.575866755445885,0.180678605750391,0.507524651173257,0.344101628461824
1328,8,34,75,335,0.311610180305288,0.292169436361191,0.503478170158894,0.547204382277398,0.535561866793944,0.488546391754885,0.30188980833324,0.51869770274628,0.41029375553976
1329,9,34,85,335,0.467735474460272,0.424760707936142,0.580283273625504,0.561842280411662,0.55170942906486,0.643011575125283,0.446248091198207,0.584211639556827,0.515229865377517
1330,10,34,95,335,0.469298064982073,0.456125259248825,0.450714751895605,0.505830964489623,0.484814771938271,0.548841151028856,0.462711662115449,0.497550409838089,0.480131035976769
1331,11,34,105,335,0.588691394171051,0.534708550860983,0.548983848669621,0.59456840943073,0.552373022275713,0.55828663226497,0.561699972516017,0.563552978160259,0.562626475338138
1332,12,34,115,335,0.547756174246171,0.520454743803433,0.524258119797462,0.415974921390754,0.55181487181885,0.546225608398782,0.534105459024802,0.509568380351462,0.521836919688132
1333,13,34,125,335,0.500875037809274,0.456866200992817,0.406646088731694,0.435584625676263,0.473111472344191,0.41163960520409,0.478870619401045,0.431745447989059,0.455308033695052
1334,14,34,135,335,0.347575946489626,0.311349188144528,0.437227787777646,0.33308702347956,0.512548125050662,0.470063977746131,0.329462567317077,0.4382317285135,0.383847147915288
1335,15,34,145,335,0.270991048226636,0.212922046905776,0.517746783012344,0.491392471886714,0.510818917494454,0.484696358321014,0.241956547566206,0.501163632678631,0.371560090122419
1336,16,34,155,335,0.169747331553121,0.140762685041951,0.367450672654498,0.300176173276882,0.386590998685114,0.395478609209451,0.155255008297536,0.362424113456486,0.258839560877011
1337,17,34,165,335,0.0799142401151559,0.0341652976674878,0.147911380514597,0.213880027988409,0.23529486749698,0.208436348531094,0.0570397688913218,0.20138065613277,0.129210212512046
1338,18,34,175,335,0.0585668448146191,0.0268773011408993,0.177482148721162,0.19374819584623,0.232578244725552,0.214444076015679,0.0427220729777592,0.204563166327156,0.123642619652458
1339,19,34,185,335,0.0944453231662085,0.0300290181750792,0.181046335297023,0.053508662470589,0.222288269735923,0.115695898054483,0.0622371706706438,0.143134791389505,0.102685981030074
1340,20,34,195,335,0.100841056395168,0.058443616330892,0.151861921113298,0.262085480494915,0.235195079031308,0.251399946527177,0.07964233636303,0.225135606791675,0.152388971577352
1341,21,34,205,335,0.0938274971938799,0.0807879718084024,0.187294261451203,0.157403264147798,0.303750253001071,0.25930765460562,0.0873077345011412,0.226938858301423,0.157123296401282
1342,22,34,215,335,0.207202473773609,0.122927417995685,0.412153278335076,0.504458008629398,0.41901334891232,0.455548592540835,0.165064945884647,0.447793307104407,0.306429126494527
1343,23,34,225,335,0.220461035723468,0.163214808135525,0.510520296289784,0.466787126416463,0.54539346918959,0.533132194327385,0.191837921929497,0.513958271555805,0.352898096742651
1344,24,34,235,335,0.273229140752826,0.257481517879089,0.488181825932421,0.597800872218834,0.658264069507511,0.499196700987296,0.265355329315957,0.560860867161515,0.413108098238736
1345,25,34,245,335,0.295638583137057,0.258213103421325,0.450017948162851,0.457378819865052,0.571508669576565,0.51996270395387,0.276925843279191,0.499717035389585,0.388321439334388
1346,26,34,255,335,0.299987362179049,0.273001344530177,0.443177760795628,0.412712649324281,0.489847056640115,0.497730018705444,0.286494353354613,0.460866871366367,0.37368061236049
1347,27,34,265,335,0.315826160703552,0.278882339499341,0.498391691060926,0.437387359092883,0.503245372107193,0.518135553106755,0.297354250101446,0.489289993841939,0.393322121971693
1348,28,34,275,335,0.351268652016038,0.312760103536342,0.472829298827234,0.514789237520494,0.469980052175225,0.434714663562262,0.33201437777619,0.473078313021304,0.402546345398747
1349,29,34,285,335,0.331835598487268,0.306845877083613,0.398540097714789,0.516867727182461,0.477360682439312,0.460188447098616,0.319340737785441,0.463239238608794,0.391289988197118
1350,30,34,295,335,0.372537034888983,0.324753186283699,0.430390765525042,0.487612257079996,0.480248070021724,0.511132177981853,0.348645110586341,0.477345817652154,0.412995464119247
1351,31,34,305,335,0.274511645516282,0.215888342697753,0.437603627416819,0.537311276150214,0.48005245907655,0.495808881740371,0.245199994107018,0.487694061095989,0.366447027601503
1352,32,34,315,335,0.258186173939932,0.223810161014499,0.506962039991415,0.505826524235226,0.499672217773385,0.536809137850916,0.240998167477216,0.512317479962735,0.376657823719976
1353,33,34,325,335,0.157185629112409,0.0886838788963267,0.408248554759654,0.331469178511777,0.501446998448954,0.438109817773568,0.122934754004368,0.419818637373488,0.271376695688928
1354,34,34,335,335,0.0891542167534453,0.0547543174625987,0.283245362848885,0.306718756573093,0.371448365662618,0.243357589158676,0.071954267108022,0.301192518560818,0.18657339283442
1355,35,34,345,335,0.127742401980217,0.0758729728705423,0.454447888793157,0.426189021422598,0.524923141136441,0.526800082324586,0.10180768742538,0.483090033419195,0.292448860422288
1356,36,34,355,335,0.181507719867684,0.146416549747453,0.494101550569244,0.665632857196633,0.666317496035928,0.703607867592492,0.163962134807569,0.632414942848574,0.398188538828072
1357,37,34,365,335,0.263755503820205,0.229970069049169,0.59953801420446,0.76225355844199,0.642316094790643,0.689007015206174,0.246862786434687,0.673278670660817,0.460070728547752
1358,38,34,375,335,0.35685092752334,0.314537113562842,0.650931746634064,0.694216594503525,0.699722503356672,0.682643382023749,0.335694020543091,0.681878556629502,0.508786288586297
1359,39,34,385,335,0.356792549716738,0.32197364653248,0.691285090436673,0.664478465679718,0.656418350319625,0.746844901269169,0.339383098124609,0.689756701926296,0.514569900025453
1360,40,34,395,335,0.378345655496926,0.352611613691235,0.663364646100075,0.713846920819494,0.669548207785506,0.725253392531378,0.365478634594081,0.693003291809113,0.529240963201597
1361,1,35,5,345,0.104879797163368,0.0519470114366198,0.356690961162243,0.265077982888499,0.467708569517974,0.473140936767798,0.0784134042999937,0.390654612584129,0.234534008442061
1362,2,35,15,345,0.101544461372907,0.0429494761086947,0.490942970893855,0.515469544246278,0.487620822352387,0.387752555218461,0.0722469687408011,0.470446473177745,0.271346720959273
1363,3,35,25,345,0.113145258886821,0.033908501366819,0.457994225489515,0.579852771637193,0.567584264899038,0.524764932295269,0.0735268801268198,0.532549048580254,0.303037964353537
1364,4,35,35,345,0.15238126543113,0.121536708468184,0.603268643297816,0.590392100432964,0.606949586484535,0.680176114002342,0.136958986949657,0.620196611054414,0.378577799002036
1365,5,35,45,345,0.137565730461122,0.0786754516842308,0.534840156241206,0.577219701873056,0.542988930262981,0.64295338688183,0.108120591072677,0.574500543814768,0.341310567443722
1366,6,35,55,345,0.158003263349077,0.143032797469277,0.584004481477409,0.685734711916605,0.67330051377018,0.676963605449885,0.150518030409177,0.65500082815352,0.402759429281348
1367,7,35,65,345,0.27832446758395,0.239684590091141,0.596818732220418,0.672856132152151,0.568290171147314,0.618846451462607,0.259004528837545,0.614202871745622,0.436603700291584
1368,8,35,75,345,0.254965816163392,0.17815080327818,0.629457635877214,0.663128170058176,0.598042714149822,0.630916349354362,0.216558309720786,0.630386217359893,0.42347226354034
1369,9,35,85,345,0.449660581310775,0.448768930194744,0.520292242380077,0.617347366420888,0.58765290978813,0.638647174424837,0.449214755752759,0.590984923253483,0.520099839503121
1370,10,35,95,345,0.504738806873128,0.519788893278431,0.523654095901112,0.641749596275438,0.547505080991281,0.567325552058362,0.512263850075779,0.570058581306548,0.541161215691164
1371,11,35,105,345,0.533142288735317,0.508871454642742,0.470974070378382,0.459436685699591,0.46229553176568,0.45044614858578,0.52100687168903,0.460788109107358,0.490897490398194
1372,12,35,115,345,0.519507102578619,0.53581128256184,0.448956286755172,0.439878670745241,0.559086270476469,0.553805612902531,0.527659192570229,0.500431710219853,0.514045451395041
1373,13,35,125,345,0.475827492678501,0.420364733756518,0.387537901870905,0.434961233556515,0.434985617908614,0.551487246739823,0.44809611321751,0.452243000018964,0.450169556618237
1374,14,35,135,345,0.317350408716242,0.282178843147246,0.432055510031302,0.504951954469315,0.480873961884634,0.358973597903209,0.299764625931744,0.444213756072115,0.37198919100193
1375,15,35,145,345,0.218860417888245,0.192293372304291,0.389841549474693,0.384084738960185,0.412558080144763,0.367681740297063,0.205576895096268,0.388541527219176,0.297059211157722
1376,16,35,155,345,0.101218878270464,0.0542743510632704,0.114691625859346,0.0232771857573294,0.0698907388807795,0.120795380860611,0.0777466146668674,0.0821637328395163,0.0799551737531918
1377,17,35,165,345,0.0590887440978799,0.00712751378596705,0.0821340922261215,0.055294976832877,0.123661935478536,0.0652070176351409,0.0331081289419235,0.0815745055431688,0.0573413172425461
1378,18,35,175,345,0.0495835257513664,0.0222421200827894,0.0716437013166261,0,0.20355013116339,0.0926859744081597,0.0359128229170779,0.0919699517220441,0.063941387319561
1379,19,35,185,345,0.0925221146879643,0.029455432587689,0.128459433490426,0.300316741785498,0.183419804399699,0.143195039625257,0.0609887736378266,0.18884775482522,0.124918264231523
1380,20,35,195,345,0.069318409373714,0.0387120006401312,0.230965126240471,0.158044491341567,0.185867016213581,0.1862359418284,0.0540152050069226,0.190278143906005,0.122146674456464
1381,21,35,205,345,0.0960579503118758,0.069428018266978,0.226973152866166,0.291547800017655,0.269166848329316,0.31613525326922,0.0827429842894269,0.275955763620589,0.179349373955008
1382,22,35,215,345,0.144542611124024,0.0953633026678729,0.406063501820082,0.42465717127199,0.444617866468499,0.314067347225013,0.119952956895948,0.397351471696396,0.258652214296172
1383,23,35,225,345,0.293154896761256,0.240302495946397,0.626803650854077,0.372344158057721,0.597025646100428,0.573926144133654,0.266728696353827,0.54252489978647,0.404626798070148
1384,24,35,235,345,0.268438174340301,0.23741066526769,0.484668406698657,0.511919372921875,0.549607570297528,0.598252514277115,0.252924419803996,0.536111966048794,0.394518192926395
1385,25,35,245,345,0.31144172118576,0.260227035929063,0.523910212255599,0.638525414720078,0.59176669025672,0.605909337170067,0.285834378557412,0.590027913600616,0.437931146079014
1386,26,35,255,345,0.346829390147253,0.311098124625637,0.600386008921744,0.422715769546334,0.47736518278888,0.597708864382931,0.328963757386445,0.524543956409972,0.426753856898208
1387,27,35,265,345,0.318195593074573,0.296518614650766,0.470238705361249,0.44407329612418,0.518003483092257,0.543821136756726,0.30735710386267,0.494034155333603,0.400695629598136
1388,28,35,275,345,0.423134846199391,0.389477811766974,0.495266555758316,0.58639963105324,0.511765835888928,0.494684063737658,0.406306328983182,0.522029021609536,0.464167675296359
1389,29,35,285,345,0.302767315997388,0.24756021054703,0.453711842358319,0.44165101493145,0.507799429070067,0.517614817178719,0.275163763272209,0.480194275884639,0.377679019578424
1390,30,35,295,345,0.227296468881029,0.209883995383723,0.496997656433615,0.381450122213893,0.537580188914592,0.526498752697067,0.218590232132376,0.485631680064792,0.352110956098584
1391,31,35,305,345,0.27882125158194,0.240964549930418,0.51408552390242,0.594245698934868,0.530361094657568,0.523580739286097,0.259892900756179,0.540568264195238,0.400230582475709
1392,32,35,315,345,0.216733413633668,0.222768421269648,0.469240004689318,0.481632682243691,0.49785716358946,0.508696402300513,0.219750917451658,0.489356563205745,0.354553740328702
1393,33,35,325,345,0.119166442853533,0.100494121899466,0.406164208740378,0.451891271329629,0.456668090718101,0.451678134232796,0.1098302823765,0.441600426255226,0.275715354315863
1394,34,35,335,345,0.11588542737166,0.0719051989963013,0.436204748970204,0.355785396519285,0.528347846950267,0.481608914714767,0.0938953131839806,0.45048672678863,0.272191019986306
1395,35,35,345,345,0.107843929045439,0.0749870073242015,0.430081125426875,0.397862773450059,0.480817721282993,0.569471729939671,0.0914154681848203,0.4695583375249,0.28048690285486
1396,36,35,355,345,0.146366869715324,0.0587745841370751,0.605172135349555,0.675810190492547,0.639485934699906,0.652865581383052,0.1025707269262,0.643333460481265,0.372952093703732
1397,37,35,365,345,0.226503016901149,0.206038599809115,0.710890058140087,0.722037527979994,0.662597637634239,0.675181756055668,0.216270808355132,0.692676744952497,0.454473776653814
1398,38,35,375,345,0.286532113139848,0.268526025040405,0.752613283909691,0.743552287614676,0.764415924769535,0.726901533264853,0.277529069090127,0.746870757389689,0.512199913239908
1399,39,35,385,345,0.361478990520545,0.32482835057122,0.633651643959132,0.824885712441214,0.689047594101828,0.749009753095696,0.343153670545883,0.724148675899468,0.533651173222675
1400,40,35,395,345,0.392821933402252,0.37436719955081,0.747118094433431,0.785244350260942,0.786137306094877,0.869122846386181,0.383594566476531,0.796905649293858,0.590250107885194
1401,1,36,5,355,0.102104982219591,0.0683274371946786,0.487620453799955,0.510747095997398,0.526285907995101,0.495733466501978,0.0852162097071348,0.505096731073608,0.295156470390371
1402,2,36,15,355,0.0762368805570085,0.0470943846793695,0.463738488033718,0.497182503100696,0.49432297648536,0.539366264387514,0.061665632618189,0.498652558001822,0.280159095310005
1403,3,36,25,355,0.135309930267646,0.09523365499386,0.670167423425665,0.67829736512906,0.673746480998281,0.673611880225219,0.115271792630753,0.673955787444557,0.394613790037655
1404,4,36,35,355,0.147581448461304,0.076405815873468,0.632269824637681,0.668950369134143,0.64800540540781,0.671099896964199,0.111993632167386,0.655081374035958,0.383537503101672
1405,5,36,45,355,0.211886075645925,0.184778293920444,0.684402489253185,0.85889069640982,0.69242089457671,0.742742782810249,0.198332184783185,0.744614215762491,0.471473200272838
1406,6,36,55,355,0.212258372729905,0.186363253514842,0.727155801739737,0.822394489348612,0.682842166585122,0.840111429352957,0.199310813122373,0.768125971756607,0.48371839243949
1407,7,36,65,355,0.259323054515278,0.279600821704926,0.643880790147349,0.776092135623089,0.690455881001068,0.656593939648398,0.269461938110102,0.691755686604976,0.480608812357539
1408,8,36,75,355,0.404765394131681,0.360418381950601,0.696776104645419,0.599633676972263,0.661979323335057,0.791016103864928,0.382591888041141,0.687351302204417,0.534971595122779
1409,9,36,85,355,0.431499024856254,0.432120039508687,0.5994736159908,0.62428433265931,0.608214678964875,0.718240591455977,0.431809532182471,0.63755330476774,0.534681418475106
1410,10,36,95,355,0.472210615743442,0.420928407436918,0.459561700860567,0.632266439064565,0.59584222680153,0.558645238120393,0.44656951159018,0.561578901211764,0.504074206400972
1411,11,36,105,355,0.470448574104215,0.419235042418086,0.490674693971703,0.548782656605236,0.454795541402682,0.55558725830546,0.44484180826115,0.51246003757127,0.47865092291621
1412,12,36,115,355,0.370580295516211,0.361145415251755,0.458788677312467,0.574642336366256,0.527949459411735,0.475575219419863,0.365862855383983,0.50923892312758,0.437550889255782
1413,13,36,125,355,0.278145071589504,0.229842150521651,0.463174033958082,0.439917508516016,0.466691174214827,0.44923499332504,0.253993611055578,0.454754427503491,0.354374019279534
1414,14,36,135,355,0.149584162375168,0.0804429909607024,0.33492260381586,0.339466096534699,0.357643630993088,0.412565520695836,0.115013576667935,0.361149463009871,0.238081519838903
1415,15,36,145,355,0.0872567206904889,0.0670933580899937,0.192078647145303,0.366912067675952,0.261061369140228,0.200747309031614,0.0771750393902413,0.255199848248274,0.166187443819258
1416,16,36,155,355,0.0321612374839949,0.00964100816668461,0.0752648852761908,0.0903056849397972,0.125768749512566,0.141962814529677,0.0209011228253397,0.108325533564558,0.0646133281949487
1417,17,36,165,355,0.0630269780336814,0,0.0970131465785712,0.188412744366322,0.0757129414566878,0.192713537246968,0.0315134890168407,0.138463092412137,0.0849882907144889
1418,18,36,175,355,0.0481820530210049,0.0180736410020998,0.124339544469806,0.16206521853087,0.0977393953227064,0.183972766065638,0.0331278470115523,0.142029231097255,0.0875785390544037
1419,19,36,185,355,0.0512969565166827,0.0157937183745399,0.113678978252668,0.170202105990845,0.191551675405703,0.176033954921928,0.0335453374456113,0.162866678642786,0.0982060080441987
1420,20,36,195,355,0.0541350919921299,0.000394091033309338,0.130100589248861,0.0635266240079172,0.129465123785496,0.113762087631233,0.0272645915127196,0.109213606168377,0.0682390988405482
1421,21,36,205,355,0.0704949971938592,0.00455300108227176,0.149604039495597,0.141190398644195,0.196501109928304,0.228651577529003,0.0375239991380655,0.178986781399274,0.10825539026867
1422,22,36,215,355,0.11306453798242,0.0845128313474014,0.322543965952192,0.375770716637837,0.391738789000732,0.437917229029939,0.0987886846649107,0.381992675155175,0.240390679910043
1423,23,36,225,355,0.228689635499019,0.221012194884694,0.537401748134302,0.491894818105101,0.606894328156663,0.504823757359797,0.224850915191856,0.535253662938966,0.380052289065411
1424,24,36,235,355,0.259297043731525,0.187703492155096,0.557759307929099,0.563812014202593,0.566873236088437,0.537703803473248,0.223500267943311,0.556537090423344,0.390018679183327
1425,25,36,245,355,0.362337699262178,0.302073870178005,0.535231649920428,0.525143865001989,0.563312828270081,0.615388801446476,0.332205784720091,0.559769286159743,0.445987535439917
1426,26,36,255,355,0.459533359808206,0.435864742941213,0.587494779031694,0.605752919069758,0.543285621454291,0.61007214139682,0.44769905137471,0.586651365238141,0.517175208306425
1427,27,36,265,355,0.461832780867651,0.426827814203619,0.562336396788613,0.651059544234425,0.630100941437982,0.690022517193684,0.444330297535635,0.633379849913676,0.538855073724655
1428,28,36,275,355,0.484214559629052,0.465454222036812,0.543000221935824,0.627392197626021,0.558752285760017,0.54699563876487,0.474834390832932,0.569035086021683,0.521934738427308
1429,29,36,285,355,0.415647198234841,0.341845874037984,0.556516784646284,0.468028983361344,0.509077452688514,0.598960552506781,0.378746536136412,0.533145943300731,0.455946239718572
1430,30,36,295,355,0.336611730612296,0.299264612522396,0.482441577034216,0.592638873965848,0.549308946901559,0.523757515808417,0.317938171567346,0.53703672842751,0.427487449997428
1431,31,36,305,355,0.241344076791933,0.216694059890142,0.487773685755129,0.619643568448933,0.46636447050852,0.535588030693307,0.229019068341037,0.527342438851472,0.378180753596255
1432,32,36,315,355,0.239499278122222,0.251397286808443,0.553115235666243,0.607058611210339,0.575871780023477,0.608259223551745,0.245448282465333,0.586076212612951,0.415762247539142
1433,33,36,325,355,0.158684986886761,0.121571106375137,0.55318322313887,0.500457032693656,0.525943183235359,0.56936860111577,0.140128046630949,0.537238010045914,0.338683028338431
1434,34,36,335,355,0.11364902228657,0.0564417835950113,0.414810951331844,0.319542131842622,0.403176352283012,0.489751346250493,0.0850454029407907,0.406820195426993,0.245932799183892
1435,35,36,345,355,0.12752441426023,0.0927261823063324,0.514485505251516,0.624275876036308,0.530312923776244,0.538403240798572,0.110125298283281,0.55186938646566,0.330997342374471
1436,36,36,355,355,0.140589728971686,0.0796791166258606,0.58209136940702,0.602605894159282,0.6929749819918,0.631753342989235,0.110134422798773,0.627356397136834,0.368745409967804
1437,37,36,365,355,0.214541765659985,0.192600959083355,0.720680348899658,0.693741031269681,0.732202850959031,0.680605328387729,0.20357136237167,0.706807389879025,0.455189376125348
1438,38,36,375,355,0.393716049259282,0.375522390524945,0.699317531400084,0.784072097846536,0.789960372522383,0.797182636090926,0.384619219892114,0.767633159464982,0.576126189678548
1439,39,36,385,355,0.446461790824512,0.482921438473689,0.762298710329702,0.726682363818326,0.782458034518871,0.691866642935718,0.464691614649101,0.740826437900654,0.602759026274878
1440,40,36,395,355,0.435424612523421,0.381594549516269,0.806364937761586,0.764578051432622,0.835885692137984,0.77685367196373,0.408509581019845,0.79592058832398,0.602215084671913
1441,1,37,5,365,0.107189141251828,0.0702532476743229,0.452031857287684,0.527159220531561,0.427107809744258,0.475771547325025,0.0887211944630753,0.470517608722132,0.279619401592604
1442,2,37,15,365,0.118774032401318,0.104298954786319,0.596803692876382,0.649087435653298,0.618356802937481,0.600908156430465,0.111536493593818,0.616289021974406,0.363912757784112
1443,3,37,25,365,0.176850163646604,0.117874957509835,0.670876138161152,0.632681188170876,0.781920004421364,0.782130197754747,0.147362560578219,0.716901882127035,0.432132221352627
1444,4,37,35,365,0.208532364624762,0.181877461434922,0.671896545354844,0.802283366871681,0.749426530810052,0.761051037743247,0.195204913029842,0.746164370194956,0.470684641612399
1445,5,37,45,365,0.296975997855064,0.265471960464494,0.711996889042692,0.784100164403624,0.749201521950601,0.767481291496433,0.281223979159779,0.753194966723338,0.517209472941558
1446,6,37,55,365,0.314053401524438,0.286220884385037,0.796427093754543,0.77722456396495,0.763836239358121,0.740698569399978,0.300137142954737,0.769546616619398,0.534841879787068
1447,7,37,65,365,0.365330337318508,0.310002661441826,0.754638120338716,0.786462826151662,0.808220655596748,0.761927823605697,0.337666499380167,0.777812356423206,0.557739427901687
1448,8,37,75,365,0.411450009267186,0.379081866095266,0.691935562828644,0.825736655815499,0.832337504594849,0.726756413319036,0.395265937681226,0.769191534139507,0.582228735910366
1449,9,37,85,365,0.374337299498117,0.326290134820511,0.721788473324059,0.693683539746476,0.660155671765257,0.708308772370504,0.350313717159314,0.695984114301574,0.523148915730444
1450,10,37,95,365,0.384593747138024,0.320534376952428,0.599482633304249,0.593164656887382,0.531337962916847,0.681395065418045,0.352564062045226,0.601345079631631,0.476954570838428
1451,11,37,105,365,0.374423910608276,0.361316610107484,0.568857431211908,0.507469931223601,0.526329168598708,0.555659463258416,0.36787026035788,0.539578998573158,0.453724629465519
1452,12,37,115,365,0.218353705293274,0.197122502578643,0.442094797047768,0.44704417061969,0.507529953130782,0.487508806884682,0.207738103935958,0.471044431920731,0.339391267928345
1453,13,37,125,365,0.2138971265729,0.162299840142209,0.412287994928634,0.422104035906469,0.452114459768638,0.393423648719513,0.188098483357555,0.419982534830813,0.304040509094184
1454,14,37,135,365,0.113002256302495,0.116754264698399,0.182272682144994,0.270572083588471,0.277833370373499,0.322676720832041,0.114878260500447,0.263338714234751,0.189108487367599
1455,15,37,145,365,0.071590373534253,0.00514448031338501,0.208553404898739,0.265315573228249,0.168966575861018,0.117595317542366,0.038367426923819,0.190107717882593,0.114237572403206
1456,16,37,155,365,0.058376634667312,0.0080479582856427,0.189991006277831,0.145305693226347,0.169409922625973,0.196593565641549,0.0332122964764773,0.175325046942925,0.104268671709701
1457,17,37,165,365,0.0564869505884767,0.00237131930384866,0.120761540964574,0.100383975090005,0.167210381869292,0.0738232093461482,0.0294291349461627,0.115544776817505,0.0724869558818338
1458,18,37,175,365,0.0487829416598236,0,0.148731792796912,0.324729847058155,0.249307016065111,0.258553549903727,0.0243914708299118,0.245330551455976,0.134861011142944
1459,19,37,185,365,0.0469628432425544,0,0.199449272561988,0.172090303269783,0.186466111864459,0.298660673913873,0.0234814216212772,0.214166590402526,0.118824006011901
1460,20,37,195,365,0.0579366273471603,0,0.104365750731409,0.128388787493457,0.169741647580882,0.169809896134554,0.0289683136735801,0.143076520485076,0.0860224170793279
1461,21,37,205,365,0.0693584799146686,0.0068934723220668,0.143315693236139,0.176568783468385,0.205605216294626,0.316487745782957,0.0381259761183677,0.210494359695527,0.124310167906947
1462,22,37,215,365,0.0987967219394547,0.0264022540579435,0.291190288567945,0.246768570822412,0.324883304547178,0.276091694690946,0.0625994879986991,0.28473346465712,0.17366647632791
1463,23,37,225,365,0.152953401058599,0.154243424634213,0.474530277332938,0.4461714419969,0.541652826036437,0.472374474599715,0.153598412846406,0.483682254991498,0.318640333918952
1464,24,37,235,365,0.262461349128054,0.216062310250433,0.484919748360673,0.631793968297286,0.587807413959639,0.638653866571734,0.239261829689244,0.585793749297333,0.412527789493288
1465,25,37,245,365,0.39315797051789,0.345316669805524,0.566819418306241,0.601521016481757,0.569359488841691,0.620209693107493,0.369237320161707,0.589477404184296,0.479357362173001
1466,26,37,255,365,0.460857328900446,0.417555422833361,0.590642987592,0.706136730247414,0.7041370665044,0.61618406468507,0.439206375866903,0.654275212257221,0.546740794062062
1467,27,37,265,365,0.498368714848727,0.436976787853524,0.594646693971505,0.672227402876214,0.654934238226538,0.67786451149043,0.467672751351126,0.649918211641172,0.558795481496149
1468,28,37,275,365,0.496379934788909,0.456373817709212,0.545303481904805,0.514142344795422,0.656375365426507,0.676655556103216,0.476376876249061,0.598119187057487,0.537248031653274
1469,29,37,285,365,0.449647427979103,0.405853992507546,0.580979745765952,0.556346292610019,0.550014218936539,0.516843708855961,0.427750710243324,0.551045991542118,0.489398350892721
1470,30,37,295,365,0.409218514502076,0.390725611233877,0.581476968156886,0.689992450107302,0.645622893549969,0.607440135717547,0.399972062867977,0.631133111882926,0.515552587375451
1471,31,37,305,365,0.294095718129281,0.255308482624259,0.623155927594446,0.539414632899612,0.608563305464177,0.546883905274707,0.27470210037677,0.579504442808236,0.427103271592503
1472,32,37,315,365,0.18864278297282,0.174742763976245,0.500600172111586,0.488744953203391,0.530865271778397,0.466425017030689,0.181692773474532,0.496658853531016,0.339175813502774
1473,33,37,325,365,0.176003654857518,0.115369791717715,0.545649947357841,0.594617206640179,0.63517640833803,0.671651436900327,0.145686723287617,0.611773749809094,0.378730236548355
1474,34,37,335,365,0.144249931494996,0.108288722816875,0.561810366690066,0.540529731394557,0.630238225920765,0.640173675469582,0.126269327155936,0.593187999868742,0.359728663512339
1475,35,37,345,365,0.208893488928015,0.127219822830803,0.695000480963053,0.789807244558155,0.79969833867236,0.709130765272489,0.168056655879409,0.748409207366514,0.458232931622962
1476,36,37,355,365,0.181647123103267,0.167529037784987,0.736176014617647,0.802869801521952,0.791630160466525,0.771539064707628,0.174588080444127,0.775553760328438,0.475070920386283
1477,37,37,365,365,0.352691405577756,0.302895039182302,0.808964366210503,0.903053116612083,0.848425207818963,0.87567767817384,0.327793222380029,0.859030092203847,0.593411657291938
1478,38,37,375,365,0.450843348496779,0.442518812214013,0.800610912210111,0.846809939058233,0.779193816686086,0.774071728870544,0.446681080355396,0.800171599206244,0.62342633978082
1479,39,37,385,365,0.487004131127232,0.445615320691644,0.759586985641818,0.799638463884132,0.771832257098446,0.817534804382801,0.466309725909438,0.787148127751799,0.626728926830619
1480,40,37,395,365,0.459833758018384,0.464865107650897,0.801637616993827,0.841676662342957,0.859146696274994,0.805374364641443,0.46234943283464,0.826958835063305,0.644654133948973
1481,1,38,5,375,0.219558261882895,0.185484022291349,0.64337224394553,0.559573124298259,0.661291789466724,0.641203517454424,0.202521142087122,0.626360168791234,0.414440655439178
1482,2,38,15,375,0.177384432936434,0.142540932765843,0.684017748150411,0.625178711901639,0.695045976452201,0.661354941600613,0.159962682851139,0.666399344526216,0.413181013688677
1483,3,38,25,375,0.219823394293105,0.192336751994723,0.734019265901342,0.852036317430461,0.788639041503016,0.700917749239858,0.206080073143914,0.768903093518669,0.487491583331292
1484,4,38,35,375,0.264940232404265,0.266249363887038,0.681443051013659,0.673462236829316,0.725655672362174,0.703337555011718,0.265594798145651,0.695974628804217,0.480784713474934
1485,5,38,45,375,0.266665406119888,0.277433906089856,0.803794870037411,0.797669784273388,0.81826393376333,0.744702022292813,0.272049656104872,0.791107652591736,0.531578654348304
1486,6,38,55,375,0.354586065275734,0.351518991293014,0.791370137012173,0.945040367570595,0.734813304688261,0.845523904274257,0.353052528284374,0.829186928386322,0.591119728335348
1487,7,38,65,375,0.352077664606141,0.316953837156625,0.665795055129464,0.715714960935618,0.770759193930947,0.762195658036767,0.334515750881383,0.728616217008199,0.531565983944791
1488,8,38,75,375,0.397128269211801,0.339475782195885,0.778856385460231,0.795889990015201,0.817321045941237,0.7401413722217,0.368302025703843,0.783052198409592,0.575677112056718
1489,9,38,85,375,0.388453855121626,0.322868395537622,0.579702964055035,0.710656434071919,0.630649064392615,0.656187927964548,0.355661125329624,0.644299097621029,0.499980111475326
1490,10,38,95,375,0.342886876171611,0.316409227341159,0.581863149025911,0.532569105711424,0.635331111969215,0.563115192993932,0.329648051756385,0.578219639925121,0.453933845840753
1491,11,38,105,375,0.255004303670725,0.199161209017761,0.439436891399206,0.439417493632519,0.510876027873352,0.557333187016231,0.227082756344243,0.486765899980327,0.356924328162285
1492,12,38,115,375,0.174976647629956,0.136611255662146,0.385670753607602,0.356808034209608,0.441857068593808,0.453398857726485,0.155793951646051,0.409433678534376,0.282613815090213
1493,13,38,125,375,0.138617711653139,0.079437363191656,0.28490379908188,0.316147818171799,0.277732195230282,0.267287329321037,0.109027537422397,0.28651778545125,0.197772661436823
1494,14,38,135,375,0.097414632176577,0.0610258161359984,0.206933077989896,0.192904642189703,0.241757840686115,0.223350743328916,0.0792202241562877,0.216236576048657,0.147728400102473
1495,15,38,145,375,0.0619341512584441,0.0193281376955506,0.236819703095815,0.166490176303883,0.301820475550163,0.332300381475722,0.0406311444769974,0.259357684106396,0.149994414291697
1496,16,38,155,375,0.0710920329531302,0,0.225261200535861,0.121342946796256,0.187306195236426,0.24396227214676,0.0355460164765651,0.194468153678826,0.115007085077695
1497,17,38,165,375,0.0756126380306373,0.00411129420153866,0.186673645873987,0.229545936277211,0.284190477010531,0.224574954978124,0.039861966116088,0.231246253534963,0.135554109825526
1498,18,38,175,375,0.0570191550775962,0.00165627707289911,0.182229823785884,0.22623482321488,0.265356879340815,0.188644300495975,0.0293377160752477,0.215616456709389,0.122477086392318
1499,19,38,185,375,0.042379697158619,0.00864791273347759,0.261494428512206,0.199103316843879,0.268552056573705,0.341136143180111,0.0255138049460483,0.267571486277475,0.146542645611762
1500,20,38,195,375,0.046365663341144,0.0106227110332912,0.181286580692654,0.140125582501353,0.219174843007879,0.245895307581424,0.0284941871872176,0.196620578445828,0.112557382816523
1501,21,38,205,375,0.0381938572790555,0.0140280723746788,0.24722982343275,0.202858792427737,0.145288291432965,0.190407068549437,0.0261109648268672,0.196445993960722,0.111278479393795
1502,22,38,215,375,0.0770008023429893,0.060179619147075,0.167706398032424,0.140649241570768,0.245890229531433,0.290908124518286,0.0685902107450321,0.211288498413228,0.13993935457913
1503,23,38,225,375,0.100552617027037,0.0497471470002838,0.218463146529372,0.28653460524342,0.346911912439328,0.26711226514746,0.0751498820136604,0.279755482339895,0.177452682176778
1504,24,38,235,375,0.202915103476721,0.155676233525082,0.549025153714798,0.690281295254855,0.635044959746947,0.613203949581207,0.179295668500902,0.621888839574452,0.400592254037677
1505,25,38,245,375,0.303567765618388,0.278786075098294,0.528011090075229,0.643785471379189,0.600783334748552,0.587502292596414,0.291176920358341,0.590020547199846,0.440598733779093
1506,26,38,255,375,0.486123074890022,0.418439628356907,0.63245154429289,0.568400572205414,0.647821907804833,0.727818885387854,0.452281351623464,0.644123227422748,0.548202289523106
1507,27,38,265,375,0.502563416454389,0.481365907540744,0.604334053405595,0.52810312321471,0.70876314191239,0.655477748664152,0.491964661997567,0.624169516799212,0.558067089398389
1508,28,38,275,375,0.484317466484106,0.481174383686243,0.538968612422721,0.716765885524503,0.635548678549985,0.627282147413105,0.482745925085175,0.629641330977579,0.556193628031377
1509,29,38,285,375,0.464310867163405,0.420104053630458,0.581784262780996,0.693402485366464,0.6282356213469,0.591972473680699,0.442207460396932,0.623848710793765,0.533028085595348
1510,30,38,295,375,0.38313125302265,0.369915442393212,0.564927536227558,0.684868207318924,0.60208998957963,0.566786756298411,0.376523347707931,0.604668122356131,0.490595735032031
1511,31,38,305,375,0.322082278265603,0.293022280925373,0.49323289347958,0.643261785246768,0.592780946099476,0.646111400102102,0.307552279595488,0.593846756231982,0.450699517913735
1512,32,38,315,375,0.274163467239255,0.222924234693858,0.589710546689602,0.627879485007288,0.590867725449546,0.580215097887009,0.248543850966556,0.597168213758361,0.422856032362459
1513,33,38,325,375,0.197272191617023,0.126171085564244,0.684166485783886,0.66934263315698,0.726195410802939,0.575986306773903,0.161721638590634,0.663922709129427,0.41282217386003
1514,34,38,335,375,0.251597402238491,0.185757371679057,0.730992941908866,0.768179050253438,0.820909808276299,0.849043772027532,0.218677386958774,0.792281393116534,0.505479390037654
1515,35,38,345,375,0.28978659639529,0.248171936904921,0.809991059243096,0.851601838200265,0.756586315425255,0.835606203306436,0.268979266650106,0.813446354043763,0.541212810346934
1516,36,38,355,375,0.336138581965215,0.283036467920293,0.799063491887583,0.854578084363322,0.864353654859071,0.879689322918175,0.309587524942754,0.849421138507038,0.579504331724896
1517,37,38,365,375,0.5457974451946,0.472238392080739,0.843704929380465,0.889420312424962,0.84024983339136,0.940016742468788,0.509017918637669,0.878347954416394,0.693682936527032
1518,38,38,375,375,0.48478507511814,0.432565994418883,0.735393737060088,0.819463096173588,0.774901649003724,0.837107392141413,0.458675534768511,0.791716468594704,0.625196001681607
1519,39,38,385,375,0.51196273982397,0.482260093434689,0.824034117299349,0.831238165100739,0.790540210037377,0.864719117181049,0.497111416629329,0.827632902404629,0.662372159516979
1520,40,38,395,375,0.511453490299157,0.453793817387784,0.746818515958359,0.814986894291929,0.783171199486227,0.806803860416599,0.48262365384347,0.787945117538278,0.635284385690874
1521,1,39,5,385,0.204153447601595,0.166783590008963,0.514485202586214,0.651340804376811,0.621979000373835,0.498762264182211,0.185468518805279,0.571641817879768,0.378555168342523
1522,2,39,15,385,0.253082212400217,0.192227799434746,0.621812109933881,0.717756963704855,0.621628543431569,0.642778738355004,0.222655005917482,0.650994088856327,0.436824547386904
1523,3,39,25,385,0.257857516375734,0.208000546151917,0.657516722583266,0.487811053081176,0.671231291175869,0.643402284609968,0.232929031263825,0.61499033786257,0.423959684563198
1524,4,39,35,385,0.264787520374617,0.201815156379739,0.661102065849219,0.751917574755804,0.666617369941436,0.676603852337923,0.233301338377178,0.689060215721095,0.461180777049137
1525,5,39,45,385,0.31799793818719,0.27504966810876,0.58692787480509,0.668216037516391,0.635935330721214,0.604061849838948,0.296523803147975,0.623785273220411,0.460154538184193
1526,6,39,55,385,0.362826462639717,0.321693850247713,0.661418966663666,0.732643887906497,0.721162132300809,0.793624820293555,0.342260156443715,0.727212451791132,0.534736304117423
1527,7,39,65,385,0.407693064636789,0.378833801844617,0.73858737441038,0.739879201887805,0.782712253300449,0.785587980884321,0.393263433240703,0.761691702620739,0.577477567930721
1528,8,39,75,385,0.395279770756636,0.377186429324553,0.726208359984834,0.717707224663209,0.672390997104904,0.679000781622687,0.386233100040595,0.698826840843909,0.542529970442252
1529,9,39,85,385,0.339556206092642,0.315718654648474,0.619331928353823,0.543905341998521,0.646752786216689,0.707354898542236,0.327637430370558,0.629336238777818,0.478486834574188
1530,10,39,95,385,0.281879012835166,0.278516241488348,0.5724572939294,0.671857775955683,0.54820138265445,0.607369693520948,0.280197627161757,0.59997153651512,0.440084581838439
1531,11,39,105,385,0.181144468523862,0.131998689641975,0.475797749798193,0.364008431374581,0.464933526762464,0.491542655898507,0.156571579082919,0.449070590958436,0.302821085020677
1532,12,39,115,385,0.144586135872304,0.0780011495826289,0.309696944086152,0.364104857424912,0.338758916982128,0.367024772485271,0.111293642727467,0.344896372744616,0.228095007736041
1533,13,39,125,385,0.0860669465726333,0.0385594526106116,0.303678593761235,0.234385158333661,0.258627671541488,0.320801562986786,0.0623131995916225,0.279373246655793,0.170843223123708
1534,14,39,135,385,0.0736631233291302,0.0428621542034767,0.206731147983513,0.265739833567364,0.232038542272113,0.409058309593053,0.0582626387663034,0.278391958354011,0.168327298560157
1535,15,39,145,385,0.0631485344217878,0.00417819092122871,0.190606757685086,0.255160152483882,0.26437212501556,0.249342097944339,0.0336633626715083,0.239870283282217,0.136766822976862
1536,16,39,155,385,0.0666335808665504,0.037722072276529,0.268376041833428,0.198139249836458,0.285172669537304,0.223004437856165,0.0521778265715397,0.243673099765839,0.147925463168689
1537,17,39,165,385,0.064349007540766,0.0105324947698604,0.230030083356223,0.215235898811814,0.290361088779515,0.31486058678184,0.0374407511553132,0.262621914432348,0.150031332793831
1538,18,39,175,385,0.0552433249615405,0,0.272420943653018,0.264447015242247,0.328880152029156,0.318458242147088,0.0276216624807703,0.296051588267878,0.161836625374324
1539,19,39,185,385,0.0668155891330139,0.0102429149556958,0.238454280324513,0.375050579683665,0.324464139716723,0.358189377401692,0.0385292520443548,0.324039594281649,0.181284423163002
1540,20,39,195,385,0.0518318490448877,0,0.260985167615177,0.259431842513985,0.403400664280086,0.292382307604626,0.0259159245224438,0.304049995503469,0.164982960012956
1541,21,39,205,385,0.0379333221457946,0,0.257242070090066,0.137183489905521,0.273524530848284,0.315927852437041,0.0189666610728973,0.245969485820228,0.132468073446563
1542,22,39,215,385,0.0526605028892214,0.00238252852497974,0.220140949634825,0.219968647061847,0.248325585280633,0.326072705315013,0.0275215157071005,0.253626971823079,0.14057424376509
1543,23,39,225,385,0.0809251652192787,0.0519799570901094,0.271136900019486,0.293247671879706,0.302791196756265,0.326855914668903,0.066452561154694,0.29850792083109,0.182480240992892
1544,24,39,235,385,0.166581582497709,0.127567307834398,0.484029795926275,0.506790088466017,0.535158890618776,0.492886205492904,0.147074445166054,0.504716245125993,0.325895345146023
1545,25,39,245,385,0.296200644592833,0.288366831164837,0.639983655051126,0.756179169305718,0.594596456037213,0.682565456435592,0.292283737878835,0.668331184207412,0.480307461043123
1546,26,39,255,385,0.416617747310797,0.399005465018905,0.654404862682653,0.659853440700663,0.613162295429993,0.662042318382201,0.407811606164851,0.647365729298878,0.527588667731865
1547,27,39,265,385,0.491747133322891,0.437419826769002,0.635253858751275,0.776237295111591,0.621140827788634,0.580847080205862,0.464583480045947,0.65336976546434,0.558976622755144
1548,28,39,275,385,0.497483885333227,0.45186978839313,0.619522040309854,0.607226905863019,0.651208214687282,0.624481057554097,0.474676836863179,0.625609554603563,0.550143195733371
1549,29,39,285,385,0.478281490995143,0.462857475740797,0.57864979242922,0.62144941982899,0.611799231703537,0.643702339745541,0.47056948336797,0.613900195926822,0.542234839647396
1550,30,39,295,385,0.360007275608157,0.325086447086833,0.52596574806721,0.467200747207322,0.570127014899453,0.648724334575283,0.342546861347495,0.553004461187317,0.447775661267406
1551,31,39,305,385,0.316145760441065,0.315439903592289,0.54328399207462,0.510594359003878,0.590805651685933,0.607655416916843,0.315792832016677,0.563084854920318,0.439438843468498
1552,32,39,315,385,0.252950452430921,0.171004069980508,0.582623243531064,0.729124294952257,0.694647185848851,0.652897023630941,0.211977261205714,0.664822936990778,0.438400099098246
1553,33,39,325,385,0.301012888276752,0.251974079329028,0.724835448563757,0.717600079288125,0.722036034731735,0.689486640173336,0.27649348380289,0.713489550689238,0.494991517246064
1554,34,39,335,385,0.356847280683362,0.326324094423033,0.776440430686631,0.923932838935638,0.787449643842891,0.869629014252633,0.341585687553198,0.839362981929448,0.590474334741323
1555,35,39,345,385,0.423536626053649,0.419576319617186,0.863672370043343,0.914062070094052,0.844549809803231,0.881966738474682,0.421556472835418,0.876062747103827,0.648809609969622
1556,36,39,355,385,0.440705307039676,0.434097547910601,0.869970340855941,0.792891397230714,0.911650730735792,0.954815098093894,0.437401427475139,0.882331891729085,0.659866659602112
1557,37,39,365,385,0.469776695392994,0.441116592499511,0.880270789057721,0.919061440520416,0.887110112677902,0.860327866660217,0.455446643946252,0.886692552229064,0.671069598087658
1558,38,39,375,385,0.607791485814507,0.594971541695889,0.831009897205767,0.868346490814424,0.938683380717424,0.890123720225308,0.601381513755198,0.88204087224073,0.741711192997964
1559,39,39,385,385,0.563443923555545,0.556022859850859,0.808491319610455,0.887305088774011,0.852715679860902,0.875859468196542,0.559733391703202,0.856092889110478,0.70791314040684
1560,40,39,395,385,0.559565588865343,0.553875639967238,0.830538167375662,0.893367319921255,0.793952902008883,0.85990858659474,0.55672061441629,0.844441743975135,0.700581179195713
1561,1,40,5,395,0.241991258981004,0.185881116846304,0.574691960335123,0.634783426875638,0.559987720003964,0.62455857061483,0.213936187913654,0.598505419457389,0.406220803685522
1562,2,40,15,395,0.212140494282354,0.171089937133187,0.528769154158874,0.572551220602542,0.511826429627146,0.484058378079303,0.19161521570777,0.524301295616966,0.357958255662368
1563,3,40,25,395,0.162791111574808,0.126941465745534,0.556076675601865,0.653556356198044,0.628043329716013,0.591423833662159,0.144866288660171,0.60727504879452,0.376070668727346
1564,4,40,35,395,0.25983847736386,0.195651157438744,0.576333581568091,0.664575023702537,0.64649339832849,0.647577494448884,0.227744817401302,0.633744874512001,0.430744845956651
1565,5,40,45,395,0.309663438416346,0.26897630802452,0.569675648628715,0.666049588615332,0.679112122729742,0.645847425562303,0.289319873220433,0.640171196384023,0.464745534802228
1566,6,40,55,395,0.31523478146978,0.308946937668012,0.610901111477385,0.526224137896367,0.67707105867669,0.604879047904368,0.312090859568896,0.604768838988703,0.458429849278799
1567,7,40,65,395,0.385167567900068,0.34109103708484,0.621931497756926,0.727782391813864,0.667834808880602,0.593363476745,0.363129302492454,0.652728043799098,0.507928673145776
1568,8,40,75,395,0.426442157507396,0.415967914805792,0.670909072780332,0.709533328503552,0.773498972901152,0.781384138445599,0.421205036156594,0.733831378157658,0.577518207157126
1569,9,40,85,395,0.332203422808837,0.273352131399475,0.55086558761895,0.615737821084174,0.58562480716038,0.63793746697455,0.302777777104156,0.597541420709513,0.450159598906834
1570,10,40,95,395,0.183649241915446,0.160447810089245,0.516968056281946,0.576427827042188,0.557194838448373,0.514103004906674,0.172048526002345,0.541173431669795,0.35661097883607
1571,11,40,105,395,0.0951805233925548,0.0507304293395792,0.318449366581791,0.301868298896466,0.366123262383394,0.401920576654632,0.072955476366067,0.347090376129071,0.210022926247569
1572,12,40,115,395,0.0620911413384781,0.033804934091819,0.172494749083668,0.225364959396021,0.134017399375758,0.08389304087818,0.0479480377151485,0.153942537183407,0.100945287449278
1573,13,40,125,395,0.0883106534860316,0.021905306407326,0.232678436040434,0.203171534994626,0.200424729642713,0.218672720636058,0.0551079799466788,0.213736855328458,0.134422417637568
1574,14,40,135,395,0.108907008739966,0,0.239616842677595,0.359616728453231,0.27385667537034,0.313917965871597,0.0544535043699829,0.296752053093191,0.175602778731587
1575,15,40,145,395,0.0310819312492556,0.0255668129233326,0.297002628259511,0.251311563746001,0.32181265958475,0.35032830203772,0.0283243720862941,0.305113788406995,0.166719080246645
1576,16,40,155,395,0.064480561908181,0.0128258448628945,0.35509325367147,0.351883282441476,0.356380392922856,0.456961372850191,0.0386532033855377,0.380079575471498,0.209366389428518
1577,17,40,165,395,0.0575195109007836,0.019726918938051,0.312242398299822,0.326875219681361,0.377982423806691,0.456011741227033,0.0386232149194173,0.368277945753727,0.203450580336572
1578,18,40,175,395,0.0602871615431572,0.0115260199013934,0.341185738255701,0.377370235002118,0.451804173145523,0.310483984064248,0.0359065907222753,0.370211032616897,0.203058811669586
1579,19,40,185,395,0.0424745117753985,0.00540405626630174,0.291223936936111,0.347668199171789,0.313675559509722,0.387201796594523,0.0239392840208501,0.334942373053036,0.179440828536943
1580,20,40,195,395,0.068354257036431,0.0390425801022171,0.358634225625448,0.203730197190327,0.308983316604382,0.301974077245199,0.0536984185693241,0.293330454166339,0.173514436367831
1581,21,40,205,395,0.0428245554419831,0.0124834368768202,0.236327802247779,0.294254720691221,0.269700517195687,0.247105849089156,0.0276539961594017,0.261847222305961,0.144750609232681
1582,22,40,215,395,0.0449390302444168,0,0.245574203312165,0.192195126602604,0.209242470757418,0.300801181413346,0.0224695151222084,0.236953245521383,0.129711380321796
1583,23,40,225,395,0.0551257156629394,0.0654155998179155,0.190339730595295,0.212245716255313,0.264571396606949,0.269328453771079,0.0602706577404274,0.234121324307159,0.147195991023793
1584,24,40,235,395,0.123266466650726,0.048206594489411,0.409764600564168,0.385523908659888,0.395707412449051,0.411823249319479,0.0857365305700683,0.400704792748146,0.243220661659107
1585,25,40,245,395,0.174421102043537,0.143271729322985,0.486004128743565,0.58900121495654,0.544879282736788,0.565953908477667,0.158846415683261,0.54645963372864,0.35265302470595
1586,26,40,255,395,0.37378626959647,0.33049445608632,0.628905337323832,0.706876083062657,0.631087682567195,0.673142214429099,0.352140362841395,0.660002829345696,0.506071596093545
1587,27,40,265,395,0.453425339560681,0.451972362362026,0.623025314939831,0.728336930723548,0.66990464545914,0.612650042088655,0.452698850961354,0.658479233302794,0.555589042132074
1588,28,40,275,395,0.462487975973879,0.438105643947093,0.544698956197101,0.557174260075614,0.68500992088725,0.580812922650572,0.450296809960486,0.591924014952634,0.52111041245656
1589,29,40,285,395,0.346448377303138,0.283395195114399,0.557955919800503,0.648024773147595,0.474160955237781,0.565744150246865,0.314921786208768,0.561471449608186,0.438196617908477
1590,30,40,295,395,0.298578089534049,0.261526806399839,0.536833342506685,0.599893522448797,0.638090884394124,0.636758169513518,0.280052447966944,0.602893979715781,0.441473213841362
1591,31,40,305,395,0.320200393831432,0.296649293143831,0.602583692969963,0.56656903824312,0.648314186008095,0.587331868282419,0.308424843487631,0.601199696375899,0.454812269931765
1592,32,40,315,395,0.272607201656081,0.229826312493688,0.631628664431452,0.724170445412772,0.726261886143635,0.737009758896515,0.251216757074885,0.704767688721093,0.477992222897989
1593,33,40,325,395,0.330364191781392,0.323139211932254,0.704812281150452,0.801712917148881,0.772305575762227,0.738409760055445,0.326751701856823,0.754310133529251,0.540530917693037
1594,34,40,335,395,0.433157841601534,0.424176378947481,0.795768757949532,0.755382385257616,0.891514973035267,0.919985383860744,0.428667110274507,0.84066287502579,0.634664992650148
1595,35,40,345,395,0.469772197056308,0.418874718497876,0.822505471022206,0.848815577029577,0.94935882867438,0.837270450106132,0.444323457777092,0.864487581708074,0.654405519742583
1596,36,40,355,395,0.539370736274222,0.480702897272403,0.915641151905127,1,0.852791217798947,0.943400743786758,0.510036816773312,0.927958278372708,0.71899754757301
1597,37,40,365,395,0.5982304798472,0.584057991433446,0.921414471081827,0.949659141815847,0.924953560732248,0.907426048731112,0.591144235640323,0.925863305590258,0.758503770615291
1598,38,40,375,395,0.576374006238326,0.58896235104897,0.834733194570681,0.886602079027348,0.83193359399657,0.807036410854088,0.582668178643648,0.840076319612172,0.71137224912791
1599,39,40,385,395,0.532086272642247,0.500424662036701,0.746929399284496,0.805885122483622,0.780153026778099,0.855243650360864,0.516255467339474,0.797052799726771,0.656654133533122
1600,40,40,395,395,0.562234612576596,0.554006409413055,0.663723900691127,0.722718124010925,0.715104441210661,0.715912227591689,0.558120510994825,0.7043646733761,0.631242592185463
