"id","x","y","V1","V2","V3","V4","V5","V6"
1,0,0,-1.03137957499071,-0.461729412564451,-1.91889681156446,-0.0259154505295164,-0.488022288404777,-1.13064409948363
2,10.1694915254237,0,-1.01517200647422,-0.383371408065125,-1.88637176633827,-0.0802168600820243,-0.750822926193757,-0.91773229971854
3,20.3389830508475,0,-0.994845919738118,-0.286515558633433,-1.81884318946679,-0.129871212130693,-1.00590428343747,-0.686744397026943
4,30.5084745762712,0,-0.976148009399787,-0.176515656595508,-1.72046362791387,-0.17365785908505,-1.24530847977093,-0.444169000644111
5,40.6779661016949,0,-0.964223310398506,-0.0593348537214307,-1.5958950581696,-0.210545353675176,-1.46152160042574,-0.196741455972084
6,50.8474576271186,0,-0.963265876248262,0.0588107658089795,-1.45010123412505,-0.239716846258081,-1.64771727356518,0.0487396080013751
7,61.0169491525424,0,-0.976224526771033,0.171816918058635,-1.28814230869008,-0.260586972134923,-1.79797652497954,0.285597417606573
8,71.1864406779661,0,-1.00458125913573,0.274043001107878,-1.11498033484361,-0.272809811174684,-1.90747679276279,0.507458843049447
9,81.3559322033898,0,-1.04821605115299,0.360630989788888,-0.935303510176543,-0.276277903812342,-1.9726440578739,0.708427869384111
10,91.5254237288135,0,-1.10536712674143,0.427773371779968,-0.753375963107852,-0.271112703661068,-1.99126331303422,0.883245988440049
11,101.694915254237,0,-1.17269054493948,0.472915324720818,-0.57291857790112,-0.257647218776629,-1.96254400853728,1.02743508757844
12,111.864406779661,0,-1.24541749200632,0.494880318165412,-0.39702474080294,-0.236401923555975,-1.88713863088836,1.13741887159675
13,122.033898305085,0,-1.31760219439107,0.493912882897765,-0.228112651435646,-0.208055295992673,-1.76711413737759,1.21061942576166
14,132.203389830508,0,-1.38244822369867,0.47163715469256,-0.067913650274602,-0.173410538072418,-1.60587753407888,1.24552619579347
15,142.372881355932,0,-1.43269641434636,0.430934686710009,0.0825037583623308,-0.133360161463333,-1.40805839421709,1.24173540686659
16,152.542372881356,0,-1.46105391251004,0.375749652929815,0.222673424175696,-0.0888501612227777,-1.17935251846063,1.19995874827552
17,162.71186440678,0,-1.46064123073218,0.310833670929851,0.352639325774779,-0.0408454560185251,-0.926332192474544,1.12200099154964
18,172.881355932203,0,-1.42543275163884,0.241445825464602,0.472844127050124,0.00970185247737762,-0.656229559416287,1.01070706454776
19,183.050847457627,0,-1.35066599919578,0.173025890173541,0.584007026212783,0.0618800486528318,-0.376700462096772,0.869879948967455
20,193.220338983051,0,-1.23319620107455,0.110860094852531,0.686991637446843,0.114840112056069,-0.0955766951932033,0.704171580437925
21,203.389830508475,0,-1.07177515491776,0.0597590042731615,0.782668609855238,0.16781199184186,0.179385075275773,0.51894968636768
22,213.559322033898,0,-0.867237069842845,0.0237661616570028,0.871784001568203,0.220114419125461,0.440749428352121,0.320144175835155
23,223.728813559322,0,-0.622578703791101,0.00591417114078576,0.954842818165601,0.271158192734748,0.681635280088403,0.114077278873449
24,233.898305084746,0,-0.342926518381071,0.00804197511145596,1.03201351116418,0.320443233916248,0.895928393215914,-0.0927178971191764
25,244.067796610169,0,-0.0353894080965098,0.030683402765713,1.10305804123351,0.367550044436394,1.07846649615653,-0.293685382035456
26,254.237288135593,0,0.291198615780925,0.0730328462709583,1.16729148264229,0.412126503038891,1.22519117231314,-0.482435709420193
27,264.406779661017,0,0.62663589489847,0.132989410066355,1.22357384081602,0.453871182166131,1.33326183552147,-0.65293135065288
28,274.576271186441,0,0.959794356753542,0.207276340546912,1.27033508617427,0.492514547752786,1.4011284080105,-0.799663014182217
29,284.745762711864,0,1.27911818351461,0.291628239470894,1.30563269449051,0.527799510628067,1.42856071856337,-0.917811832391158
30,294.915254237288,0,1.57314808311743,0.381034740354106,1.32723932292921,0.559462823295947,1.41663409318201,-1.00339282286598
31,305.084745762712,0,1.83105719964853,0.470026197848968,1.33275669855548,0.58721875934216,1.36767206946068,-1.05337550463334
32,315.254237288136,0,2.04320184710851,0.552984678035656,1.31975041687205,0.610746377315406,1.28514858038627,-1.06577816043697
33,325.423728813559,0,2.20164690559027,0.624462262987665,1.28589920433172,0.629681463511207,1.17355327664237,-1.03973294717645
34,335.593220338983,0,2.30058144083644,0.679488457801311,1.22915134409298,0.643613979167849,1.03822484540672,-0.975519849186767
35,345.762711864407,0,2.33660029348956,0.713849313044041,1.1478804393704,0.652091520820357,0.885158199689329,-0.874568321702414
36,355.93220338983,0,2.30889151463566,0.724322690151694,1.04103252004171,0.6546289540713,0.720792223180284,-0.739426361450376
37,366.101694915254,0,2.21933117275715,0.708856785064571,0.90825669659223,0.650724018618286,0.551785336236245,-0.573697643528387
38,376.271186440678,0,2.07244772848357,0.666682420615919,0.750012125771109,0.639878344611689,0.384786481830792,-0.381948253740718
39,386.440677966102,0,1.87524192197572,0.598353516228338,0.567644953311507,0.62162298576017,0.226209207258454,-0.169585398773001
40,396.610169491525,0,1.63687598242896,0.505714313075348,0.363430104429019,0.595547280472366,0.0820163379893665,0.0572887307427255
41,406.779661016949,0,1.36825118908068,0.391796129872492,0.140574252647769,0.56132961422975,-0.0424776872357125,0.292044059287863
42,416.949152542373,0,1.08149349745053,0.260650406122687,-0.096822049620418,0.518768487155566,-0.142780409556159,0.527706195498894
43,427.118644067797,0,0.78937093608145,0.11712832868482,-0.343843319764,0.467812199878686,-0.215365326505104,0.757151491984198
44,437.28813559322,0,0.504670838425471,-0.0333797647873133,-0.594877592021638,0.408585463979873,-0.257781748792089,0.973308263847127
45,447.457627118644,0,0.239567788883701,-0.185229914738536,-0.843770992693759,0.341411322133051,-0.268727215727015,1.16935862567507
46,457.627118644068,0,0.00501423959521058,-0.332818523961099,-1.08401339496527,0.266826924890446,-0.248080428011648,1.33893534983818
47,467.796610169491,0,-0.18981483738744,-0.470868101426251,-1.30894861164557,0.185591949182001,-0.196893992178389,1.47630824571897
48,477.966101694915,0,-0.337994110246867,-0.594688817868882,-1.51200134319681,0.0986887474870757,-0.117347616612584,1.57655480819099
49,488.135593220339,0,-0.435211446067494,-0.700401583154373,-1.6869121665216,0.00731367247060749,-0.0126637098744224,1.63571027831923
50,498.305084745763,0,-0.480002551476343,-0.785110814227761,-1.82797127127544,-0.0871405868082922,0.11301143541908,1.65089278986458
51,508.474576271186,0,-0.473842596261184,-0.847018167908907,-1.93024145448143,-0.183111412534345,0.254756575883905,1.62039992794877
52,518.64406779661,0,-0.421087759798626,-0.885472075075793,-1.9897610844864,-0.278900758715444,0.407049311018556,1.54377378395756
53,528.813559322034,0,-0.328767155090149,-0.90095171786836,-2.00371833866713,-0.372716708981078,0.563958705714206,1.42183243324441
54,538.983050847458,0,-0.206233201932739,-0.894987914113944,-1.97058898597209,-0.462720711046126,0.719350144197118,1.25666666682874
55,549.152542372881,0,-0.0646858542552764,-0.870026989871621,-1.89023128963672,-0.547078819144278,0.867095477478184,1.05160175063007
56,559.322033898305,0,0.0834072392855482,-0.829246923485838,-1.76393319697112,-0.624015058402734,1.00128142028776,0.811124940254533
57,569.491525423729,0,0.224966896006558,-0.776337651531519,-1.59440879920687,-0.691864889455374,1.11640928281897,0.540780419904183
58,579.661016949153,0,0.347002779439823,-0.715259294539808,-1.38574301226461,-0.749126704622118,1.20757948055533,0.247034234822655
59,589.830508474576,0,0.437323091553169,-0.649993089725691,-1.14328546925349,-0.794509331613544,1.2706548376234,-0.0628873770090458
60,600,0,0.485217579742207,-0.584299960925092,-0.8734966441485,-0.826973655547633,1.30239746409449,-0.381182099634463
61,0,10.1694915254237,-0.98070871078922,-0.581918427112015,-1.66220335164636,-0.397436756540943,-0.0639794254611258,-1.12415189249293
62,10.1694915254237,10.1694915254237,-0.976365888279901,-0.532981187349878,-1.61152897165689,-0.504401347290038,-0.323905675938842,-0.927062674955268
63,20.3389830508475,10.1694915254237,-0.965497661222882,-0.458897457907844,-1.53030453652833,-0.597698998511077,-0.579426587688281,-0.712160371516533
64,30.5084745762712,10.1694915254237,-0.953164519617229,-0.36389576538093,-1.42299638346382,-0.675173417570074,-0.82257660329117,-0.485541959224085
65,40.6779661016949,10.1694915254237,-0.9440117972851,-0.253198862795186,-1.29449747244509,-0.735184424689539,-1.04577631824194,-0.253545644326671
66,50.8474576271186,10.1694915254237,-0.941944717169242,-0.1326998620359,-1.14991250337901,-0.776654870168537,-1.24207802092491,-0.0225775341644298
67,61.0169491525424,10.1694915254237,-0.949848445485054,-0.00860815947247226,-0.994346923620972,-0.799094780885137,-1.40538914279907,0.201063328929668
68,71.1864406779661,10.1694915254237,-0.969370103819817,0.112914115068577,-0.832708851163483,-0.802601998888113,-1.53066638816688,0.4113568023985
69,81.3559322033898,10.1694915254237,-1.00077631395603,0.226104213338127,-0.669532310493312,-0.787839636869231,-1.61407433492325,0.602725644711734
70,91.5254237288135,10.1694915254237,-1.04289568808669,0.325919541524146,-0.508828942360913,-0.755991716041371,-1.65310351830645,0.770187177266524
71,101.694915254237,10.1694915254237,-1.09315094924133,0.408309305701105,-0.353974516143149,-0.708699322190394,-1.64664438681864,0.909488422069697
72,111.864406779661,10.1694915254237,-1.14768032753358,0.47042234340895,-0.207634288680122,-0.647980469670684,-1.59501500616374,1.01722096782574
73,122.033898305085,10.1694915254237,-1.2015428005413,0.510740341271534,-0.0717217719101136,-0.576137560820993,-1.49994193298846,1.09091235973029
74,132.203389830508,10.1694915254237,-1.24899690837002,0.529130080264343,0.0526226525787586,-0.495656837254266,-1.36449523354392,1.12909144180901
75,142.372881355932,10.1694915254237,-1.28383854286611,0.526813086756509,0.165020289015049,-0.409104516463042,-1.19298013139993,1.13132578813136
76,152.542372881356,10.1694915254237,-1.2997795282908,0.506255825187964,0.265759189546742,-0.319024379204466,-0.990789183213997,1.09823012160681
77,162.71186440678,10.1694915254237,-1.29084618172738,0.470988076147059,0.355623952016183,-0.227841418100532,-0.764220155981174,1.03144541564381
78,172.881355932203,10.1694915254237,-1.25177552044498,0.425361148713141,0.435753914617617,-0.137775784694471,-0.520265871915746,0.933589182953146
79,183.050847457627,10.1694915254237,-1.17838646721813,0.374260858415745,0.507562628259425,-0.0507707002441018,-0.266383163271175,0.808178254966946
80,193.220338983051,10.1694915254237,-1.06790432628004,0.32279258680163,0.572630994328179,0.0315627462398085,-0.0102487116147497,0.659526122616543
81,203.389830508475,10.1694915254237,-0.919218929094011,0.27595709990939,0.632539402847742,0.107981863709839,0.240490084687391,0.492617623209982
82,213.559322033898,10.1694915254237,-0.733060081977625,0.238336074814568,0.688695759396268,0.177628603412825,0.478460974862426,0.312964398859356
83,223.728813559322,10.1694915254237,-0.512078121895193,0.213805472385608,0.742198704803634,0.240025702346115,0.696801389944865,0.126445101221492
84,233.898305084746,10.1694915254237,-0.260822221996702,0.205293067499325,0.793733421525243,0.295053644374601,0.8893740284251,-0.0608652404580521
85,244.067796610169,10.1694915254237,0.0143861330915139,0.214593714469366,0.84349436934233,0.34291029908437,1.05095656743728,-0.242871948692237
86,254.237288135593,10.1694915254237,0.30568420394115,0.242252449752292,0.891137713535311,0.38405593758759,1.1773994897767,-0.413638592367365
87,264.406779661017,10.1694915254237,0.604002413227019,0.287521533066111,0.935767479889141,0.419147020490183,1.2657471245499,-0.567561057244495
88,274.576271186441,10.1694915254237,0.899484492371011,0.348393239194855,0.975957170844317,0.448962672506552,1.31431825964102,-0.699532883623112
89,284.745762711864,10.1694915254237,1.18191355655861,0.421705879664355,1.00980631770964,0.474328075959434,1.32274405420868,-0.805097179568156
90,294.915254237288,10.1694915254237,1.44104092624928,0.503316402387543,1.03502958749341,0.49603911682882,1.29196241261686,-0.8805807664718
91,305.084745762712,10.1694915254237,1.66693760475753,0.588329221467133,1.04907442239673,0.514792497998452,1.22416942936457,-0.923206684454052
92,315.254237288136,10.1694915254237,1.85068948109258,0.671367872428234,1.04926174347446,0.531125201659601,1.12272992945595,-0.931181765888121
93,325.423728813559,10.1694915254237,1.98527386671468,0.746873834035105,1.03294304746508,0.545366653773246,0.992050463525422,-0.903756660740983
94,335.593220338983,10.1694915254237,2.06594639986747,0.809415522226291,0.997666321080699,0.557606245040942,0.837419328269403,-0.841256449319164
95,345.762711864407,10.1694915254237,2.09010153896485,0.853990106272233,0.941342632443151,0.567678030309697,0.664819231214201,-0.745080786058662
96,355.93220338983,10.1694915254237,2.0572351272963,0.876301426929201,0.862405062470952,0.57516350365365,0.480719071225115,-0.617673360184535
97,366.101694915254,10.1694915254237,1.9691574022469,0.872998859857182,0.759951821461456,0.579412375987062,0.291851935925729,-0.462461312310101
98,376.271186440678,10.1694915254237,1.83010611048203,0.841864361228974,0.633865952884197,0.579580314670371,0.104986805497887,-0.283766086832065
99,386.440677966102,10.1694915254237,1.64660456101977,0.781938007031798,0.484904936088976,0.574681688730027,-0.0732984114639374,-0.0866880050017568
100,396.610169491525,10.1694915254237,1.42714899458292,0.693575907611983,0.314754725253441,0.563654545046266,-0.236835002407936,0.123032409634446
101,406.779661016949,10.1694915254237,1.18180075969794,0.578438233982915,0.126044252434406,0.545434361396926,-0.380065593891302,0.3391726540985
102,416.949152542373,10.1694915254237,0.921705477796885,0.439409008489068,-0.077681884863805,0.519032615979348,-0.498223770862287,0.55520174826597
103,427.118644067797,10.1694915254237,0.658553725989901,0.280453066100279,-0.292033008778709,0.483615905843699,-0.587485440269696,0.764464292515986
104,437.28813559322,10.1694915254237,0.404006023614419,0.106418974969067,-0.511882802059253,0.43858125463609,-0.645087199844409,0.960370029128903
105,447.457627118644,10.1694915254237,0.169110134540926,-0.0772004684716292,-0.73151734381001,0.383623378643685,-0.669408113095576,1.13658366566202
106,457.627118644068,10.1694915254237,-0.0362596807748742,-0.264536435136982,-0.944815744734791,0.318790023949242,-0.660012539900076,1.28720967184619
107,467.796610169491,10.1694915254237,-0.203912292912658,-0.449625910092869,-1.14545683904285,0.244522030499929,-0.617652986000849,1.40696686046217
108,477.966101694915,10.1694915254237,-0.327771098372786,-0.626691717999834,-1.32714409829515,0.16167549517466,-0.544233269971724,1.49134780531552
109,488.135593220339,10.1694915254237,-0.404203567891081,-0.790405700843456,-1.4838399549491,0.0715242609887554,-0.442733618193852,1.53675853000464
110,498.305084745763,10.1694915254237,-0.432230111097081,-0.936121304682317,-1.61000010595591,-0.0242580880334821,-0.317100543786507,1.54063441001352
111,508.474576271186,10.1694915254237,-0.413599251510331,-1.06006386223142,-1.70079814025288,-0.12363654341159,-0.172105503565848,1.50152885452386
112,518.64406779661,10.1694915254237,-0.352722710262526,-1.15946950393992,-1.75233101278044,-0.224272111929477,-0.0131773212786439,1.4191720567609
113,528.813559322034,10.1694915254237,-0.256471049625652,-1.23266672798543,-1.76179646906349,-0.323596232215748,0.153785815947268,1.2944979033989
114,538.983050847458,10.1694915254237,-0.133837675379321,-1.27909802282913,-1.72763448867643,-0.41889915826241,0.32261836313255,1.12963799301065
115,549.152542372881,10.1694915254237,0.00451412317271538,-1.29928236665336,-1.64962612696175,-0.507428573475621,0.487096601532389,0.927882607507289
116,559.322033898305,10.1694915254237,0.146800160570382,-1.29472272824433,-1.52894474117228,-0.58649414565323,0.641148009396315,0.693609384669615
117,569.491525423729,10.1694915254237,0.280734131673896,-1.26776567735315,-1.36815642587212,-0.653573381220119,0.779053892370277,0.432181329507423
118,579.661016949153,10.1694915254237,0.394185874391677,-1.22142271504124,-1.17116847882507,-0.70641400429274,0.89563864002624,0.149816652855871
119,589.830508474576,10.1694915254237,0.475846217325317,-1.15916482295095,-0.943126791385549,-0.743128180276378,0.986439484989229,-0.146566286165137
120,600,10.1694915254237,0.515864535121183,-1.08470291007929,-0.690265121421302,-0.762274221340524,1.04785134832159,-0.449524953342717
121,0,20.3389830508475,-0.860555532873188,-0.676644032182766,-1.34659249629347,-0.745023254702898,0.365718244663781,-1.08926806181909
122,10.1694915254237,20.3389830508475,-0.862161229115813,-0.655963074743346,-1.2769427588173,-0.898457360223845,0.112990587807206,-0.915572897060091
123,20.3389830508475,20.3389830508475,-0.855575374047006,-0.604878633774921,-1.18245217699994,-1.02979159133584,-0.138542906346819,-0.72488883926081
124,30.5084745762712,20.3389830508475,-0.845217902542243,-0.52654153366426,-1.06782425220068,-1.1360387682197,-0.381029271641594,-0.522701242776615
125,40.6779661016949,20.3389830508475,-0.835274479201626,-0.425406215727778,-0.93808504102592,-1.21503734590885,-0.60694673575408,-0.314720920289208
126,50.8474576271186,20.3389830508475,-0.829396122976691,-0.306941437664964,-0.798366432839532,-1.26551795529851,-0.80934835514905,-0.106727197548348
127,61.0169491525424,20.3389830508475,-0.830433663375758,-0.177292739790925,-0.653691338459091,-1.28713355752528,-0.982085209217924,0.0955904722396383
128,71.1864406779661,20.3389830508475,-0.840223294571387,-0.0429166333693291,-0.508773674694883,-1.28045218360738,-1.12000193339866,0.286788008367999
129,81.3559322033898,20.3389830508475,-0.859436623207634,0.0897923342973105,-0.3678479708924,-1.24691292582126,-1.2190983371201,0.461815056219878
130,91.5254237288135,20.3389830508475,-0.887504955841382,0.214860487610348,-0.234536797511546,-1.18874750535553,-1.27665201858836,0.616152116281885
131,101.694915254237,20.3389830508475,-0.922623341304868,0.32705994111112,-0.111767201310485,-1.10887128385526,-1.29129821453799,0.74593266572108
132,111.864406779661,20.3389830508475,-0.96183530339836,0.422181853218223,-0.00174226845928219,-1.0107489416857,-1.263064563896,0.848046890379047
133,122.033898305085,20.3389830508475,-1.00119452237322,0.497243579378175,0.0941061738050376,-0.898241149357533,-1.19335997117105,0.920224140669898
134,132.203389830508,20.3389830508475,-1.03599520885855,0.550619284285095,0.175326037406613,-0.775439359000879,-1.08491827777828,0.961091802295716
135,142.372881355932,20.3389830508475,-1.06105881347844,0.582088088623131,0.242666686400478,-0.646496303147383,-0.941698936811911,0.970208916448439
136,152.542372881356,20.3389830508475,-1.07106126099822,0.592798599820564,0.297760547947584,-0.515459887888453,-0.768748289910536,0.948073576861695
137,162.71186440678,20.3389830508475,-1.06088228767838,0.585153431822137,0.342304939993538,-0.386117903621954,-0.572026317936232,0.89610385386316
138,172.881355932203,20.3389830508475,-1.02595684853331,0.562621784813063,0.377757898948405,-0.261860363482645,-0.358204839002023,0.816592728666999
139,183.050847457627,20.3389830508475,-0.962608048318971,0.529492111098133,0.405821401224361,-0.145565348359409,-0.134444022749323,0.7126382443436
140,193.220338983051,20.3389830508475,-0.868341678339438,0.490580158803952,0.428734675295715,-0.0395130345625246,0.0918452493456751,0.588050773171112
141,203.389830508475,20.3389830508475,-0.742084190780205,0.450910004448559,0.44894427345071,0.0546688348906197,0.313245241493584,0.447239944080075
142,213.559322033898,20.3389830508475,-0.584348729366678,0.415386838680062,0.468663766666676,0.136026332297979,0.522573362351638,0.29508435056797
143,223.728813559322,20.3389830508475,-0.397317471199084,0.388480404684551,0.489658407136721,0.204267502097909,0.713114356378171,0.136787652460556
144,233.898305084746,20.3389830508475,-0.184832280825909,0.37393727525755,0.513164605298749,0.259718826139107,0.87883512901515,-0.0222749198734505
145,244.067796610169,20.3389830508475,0.0477143899627127,0.374538356264029,0.539832817939151,0.303253052556292,1.01457528363022,-0.176715364270065
146,254.237288135593,20.3389830508475,0.293612978178933,0.391915107093077,0.569682118762265,0.336192800775456,1.11620730848679,-0.321292545695411
147,264.406779661017,20.3389830508475,0.545251070711064,0.426434411627745,0.602082429056056,0.360195483103867,1.18076140557228,-0.451068167456199
148,274.576271186441,20.3389830508475,0.794669891645255,0.477158089388873,0.635772418533303,0.377125927995441,1.20651116332773,-0.561554646726856
149,284.745762711864,20.3389830508475,1.03376114897839,0.541878796400303,0.66891403635502,0.388923611570284,1.19301760072463,-0.648850669870788
150,294.915254237288,20.3389830508475,1.25344111584493,0.617229746516327,0.699181507787825,0.397471578385417,1.14113050579951,-0.709760525063939
151,305.084745762712,20.3389830508475,1.44293007690364,0.698861570911534,0.723880774448271,0.404473952944517,1.05294741081323,-0.741893742095623
152,315.254237288136,20.3389830508475,1.59187316039567,0.781675962074255,0.740093855726188,0.411348420509188,0.931731941416434,-0.743742100575778
153,325.423728813559,20.3389830508475,1.69419157437334,0.860102710097544,0.744841369689856,0.419139216768005,0.781794602551852,-0.714731683964411
154,335.593220338983,20.3389830508475,1.74849694386,0.928404489896997,0.735255513474028,0.428455053626563,0.608340276013184,-0.655248341275251
155,345.762711864407,20.3389830508475,1.75492541784304,0.980992410685227,0.708755207874203,0.439435078936445,0.417287764464399,-0.566635652423796
156,355.93220338983,20.3389830508475,1.71351111480582,1.01273495382313,0.663214886795935,0.451744488089985,0.215067590565017,-0.451165256941549
157,366.101694915254,20.3389830508475,1.62536434179053,1.01924350709945,0.5971185714517,0.464599849066609,0.00840492039576578,-0.311980178179617
158,376.271186440678,20.3389830508475,1.4939127909785,0.997119202665583,0.509691407201008,0.476822647374634,-0.195905092286059,-0.153012534832521
159,386.440677966102,20.3389830508475,1.32497265721168,0.944148082264712,0.40100173660744,0.486918080879004,-0.391222062306172,0.0211222424877032
160,396.610169491525,20.3389830508475,1.12627743947748,0.859434608586871,0.272027998883066,0.4931748102684,-0.571277818019574,0.205251900107576
161,406.779661016949,20.3389830508475,0.906978404290204,0.743467042698995,0.124686232509511,0.493780264853635,-0.730379434342524,0.393791167300875
162,416.949152542373,20.3389830508475,0.677167271808749,0.598111995493393,-0.0381843484344608,0.486945270659012,-0.863591296275765,0.580898982457628
163,427.118644067797,20.3389830508475,0.447377191235502,0.426539304289809,-0.212878405092189,0.4710312500166,-0.966890389919173,0.760644838371003
164,437.28813559322,20.3389830508475,0.22805776285338,0.233082106244568,-0.394922967682705,0.444673065195045,-1.03728995714259,0.927179658028049
165,447.457627118644,20.3389830508475,0.029044546387727,0.0230403991514036,-0.579214328427741,0.406890752250476,-1.07292774093246,1.07490644986236
166,457.627118644068,20.3389830508475,-0.14095035603313,-0.19756073723184,-0.760188535788433,0.357183907245503,-1.07311625338732,1.19864595940296
167,467.796610169491,20.3389830508475,-0.274799841355784,-0.422244906761959,-0.932019121414094,0.295603320307736,-1.03835377638097,1.29379263432555
168,477.966101694915,20.3389830508475,-0.367350511292417,-0.644375380703099,-1.08883437295189,0.222795563067265,-0.970296113024576,1.35645645013876
169,488.135593220339,20.3389830508475,-0.415716815560093,-0.857447931777322,-1.22494545948371,0.14001756749434,-0.871690402645819,1.38358649857703
170,498.305084745763,20.3389830508475,-0.419463334971457,-1.05537040638344,-1.33507606823553,0.0491197236754639,-0.746273550358154,1.37307271121813
171,508.474576271186,20.3389830508475,-0.380663320629309,-1.23271500337256,-1.41458395279308,-0.0475024026134585,-0.598638964007484,1.32382266465427
172,518.64406779661,20.3389830508475,-0.303827742761504,-1.38493104688837,-1.45966493944588,-0.146986052056289,-0.434076299565461,1.23581107556766
173,528.813559322034,20.3389830508475,-0.195705660091698,-1.50850847905035,-1.46753048747446,-0.24610576524295,-0.258389758898041,1.1101003266256
174,538.983050847458,20.3389830508475,-0.0649633680510439,-1.60108520688968,-1.43655083210457,-0.341399837357373,-0.0777011351003892,0.948831147513779
175,549.152542372881,20.3389830508475,0.0782438186418692,-1.6614946446546,-1.36635702001288,-0.429313036371683,0.101755759295574,0.755183388458683
176,559.322033898305,20.3389830508475,0.222787479604228,-1.6897531121464,-1.25789672625014,-0.506349010597772,0.273842429313552,0.533307644112371
177,569.491525423729,20.3389830508475,0.357145107446519,-1.68698999509632,-1.11344055489946,-0.569225250479224,0.432717959479891,0.288229291221783
178,579.661016949153,20.3389830508475,0.470013879078998,-1.65532656653635,-0.93653750004224,-0.615023252846044,0.573029597658265,0.0257272719078759
179,589.830508474576,20.3389830508475,0.550928440126161,-1.59771194906857,-0.73192029771894,-0.641326675615793,0.690085510131627,-0.24780933563272
180,600,20.3389830508475,0.590851096771815,-1.51772673448421,-0.505363448694949,-0.64634076185561,0.780004207698321,-0.525543285398526
181,0,30.5084745762712,-0.682962719609715,-0.741983185321443,-0.982688010848892,-1.05574270842969,0.77769217591235,-1.02834356844221
182,10.1694915254237,30.5084745762712,-0.68550937083561,-0.747663156993568,-0.894006153312984,-1.24709699520657,0.53632656813768,-0.884887697187408
183,20.3389830508475,30.5084745762712,-0.678824039032156,-0.719296114659016,-0.787218277383744,-1.40873285833204,0.293169288432464,-0.725775179378287
184,30.5084745762712,30.5084745762712,-0.666727078645332,-0.659039188049745,-0.667167390926483,-1.53696806476728,0.0558414774928028,-0.555680149241406
185,40.6779661016949,30.5084745762712,-0.652980032578674,-0.570573891519953,-0.538922122695087,-1.6292305484605,-0.168315678066352,-0.379477276521493
186,50.8474576271186,30.5084745762712,-0.641009983361401,-0.458852259509909,-0.407571354542789,-1.68414205871265,-0.372478811455344,-0.202106887276153
187,61.0169491525424,30.5084745762712,-0.633658493589411,-0.329781354259203,-0.277966358306408,-1.70155278225713,-0.550561453869793,-0.0284389710876367
188,71.1864406779661,30.5084745762712,-0.632970683872704,-0.189864994973046,-0.154476814547747,-1.68252565801731,-0.697407239211042,0.136860202362827
189,81.3559322033898,30.5084745762712,-0.64003763993199,-0.0458235459524777,-0.0408610767185014,-1.62927138762096,-0.808951055176119,0.289455198101274
190,91.5254237288135,30.5084745762712,-0.654902215108855,0.0957865972050366,0.0597539696195097,-1.54503737778827,-0.882343064000747,0.425458767211916
191,101.694915254237,30.5084745762712,-0.676534574687219,0.228932594335134,0.144778987619791,-1.4339559269221,-0.916031779396138,0.541536201054234
192,111.864406779661,30.5084745762712,-0.70287972194429,0.348424170737289,0.211927589472187,-1.30085878945417,-0.909803766215384,0.634993805873758
193,122.033898305085,30.5084745762712,-0.730974982913556,0.450175043432119,0.259377434481202,-1.15106673189792,-0.864778979524431,0.703849047376271
194,132.203389830508,30.5084745762712,-0.757131247354687,0.531393301465887,0.287379321601078,-0.990163764732886,-0.783362231469101,0.746880416215494
195,142.372881355932,30.5084745762712,-0.777167903932559,0.590691522134143,0.300212340485376,-0.823766344581294,-0.669152718713108,0.7636556225824
196,152.542372881356,30.5084745762712,-0.786688088326108,0.628112092581027,0.304360986561253,-0.657297964171427,-0.526814912646574,0.754537326078057
197,162.71186440678,30.5084745762712,-0.781378275656246,0.645067964386134,0.303180617143136,-0.495779179303924,-0.361915364261792,0.720666229485372
198,172.881355932203,30.5084745762712,-0.757314545839539,0.644203532870965,0.295530142892673,-0.343642282047505,-0.180731065116875,0.663921994842624
199,183.050847457627,30.5084745762712,-0.711257137095003,0.629184813187647,0.280352444420286,-0.20457855992596,0.00996409965515997,0.586863059975866
200,193.220338983051,30.5084745762712,-0.640915229876535,0.604433102342722,0.259901113959401,-0.0814244447091543,0.203127598853925,0.492647026159066
201,203.389830508475,30.5084745762712,-0.545165264296531,0.574819725047262,0.238345415173198,0.0239090681364495,0.391683567821055,0.384933836286542
202,213.559322033898,30.5084745762712,-0.424208408315566,0.545338777735683,0.219504768527897,0.110461463402709,0.568757378470435,0.267774452426391
203,223.728813559322,30.5084745762712,-0.279655657579578,0.520774415864641,0.206150156931988,0.17820215240345,0.727901746131092,0.145488157993043
204,233.898305084746,30.5084745762712,-0.114529153725929,0.505382752087139,0.200158696216876,0.227966448162017,0.863306994006798,0.0225319410944633
205,244.067796610169,30.5084745762712,0.0668556527912496,0.502609180592978,0.202657224165785,0.261352261068094,0.969988678417309,-0.096634347773677
206,254.237288135593,30.5084745762712,0.259281554742814,0.51485699422563,0.214039108476008,0.280583549356165,1.04394658002897,-0.20768323567828
207,264.406779661017,30.5084745762712,0.457655338200237,0.543318618105022,0.233954264508952,0.288348091224821,1.08229005963673,-0.306551408078259
208,274.576271186441,30.5084745762712,0.658508393683593,0.587878297525173,0.261324384673212,0.287618294714074,1.08332592725366,-0.38956425247444
209,284.745762711864,30.5084745762712,0.859185890777992,0.647091733173345,0.294394551666407,0.281464473656394,1.04660624092194,-0.453549571403248
210,294.915254237288,30.5084745762712,1.0510328607278,0.718243610890717,0.330820539275981,0.272870260669261,0.972934793849012,-0.495937157223157
211,305.084745762712,30.5084745762712,1.21312976052438,0.797479420187969,0.367787970954611,0.264559591835181,0.864332420165111,-0.51484130104403
212,315.254237288136,30.5084745762712,1.32232120534545,0.880003855825873,0.402157881066676,0.258843996424485,0.723962605177238,-0.509123772010327
213,325.423728813559,30.5084745762712,1.37330355207783,0.960334521420175,0.430631965991546,0.257497795464839,0.556020180778671,-0.478435338567542
214,335.593220338983,30.5084745762712,1.37935716054315,1.03259673539429,0.449929858065167,0.261667312724312,0.365587078389195,-0.423234495859511
215,345.762711864407,30.5084745762712,1.35299817265786,1.09084313246641,0.456970139728471,0.271818406343311,0.158460161966762,-0.344782696897027
216,355.93220338983,30.5084745762712,1.29587339185619,1.12938056841146,0.44904656612783,0.287724628804204,-0.0590429612028602,-0.2451160422503
217,366.101694915254,30.5084745762712,1.20518163907266,1.14308662117458,0.423991094188341,0.3084962169133,-0.280293581417092,-0.126994045637353
218,376.271186440678,30.5084745762712,1.08098681378348,1.12769871054069,0.380315820891644,0.332648006704647,-0.49856995858459,0.00617325746365978
219,386.440677966102,30.5084745762712,0.927379797918756,1.08006045839872,0.317326792926321,0.358202365208129,-0.707276590315892,0.150417972281093
220,396.610169491525,30.5084745762712,0.751049007631739,0.998312402871859,0.235203828411373,0.382821431113545,-0.900157467062923,0.301324321988154
221,406.779661016949,30.5084745762712,0.560142203550613,0.882017557014118,0.135041939462955,0.40396144861352,-1.07149636875825,0.45415297749062
222,416.949152542373,30.5084745762712,0.363629834002173,0.732215952929583,0.0188516005777475,0.419040837712627,-1.21629774737574,0.603976350568079
223,427.118644067797,30.5084745762712,0.17081907292954,0.551405596282782,-0.110483098509613,0.425612926477272,-1.33044243799988,0.74582112548899
224,437.28813559322,30.5084745762712,-0.00912202543621243,0.343450947105259,-0.24928752257927,0.421534011578647,-1.41081332232437,0.874814069721286
225,447.457627118644,30.5084745762712,-0.167640576778925,0.113424574709701,-0.393218055432154,0.405117625903408,-1.45538710215339,0.986327038203931
226,457.627118644068,30.5084745762712,-0.297254665187352,-0.132608623699882,-0.537417695141167,0.375266565549226,-1.46328949086213,1.07611707203508
227,467.796610169491,30.5084745762712,-0.391964819748921,-0.387852975725829,-0.676699654336497,0.331575329998297,-1.43481235878099,1.14045759248833
228,477.966101694915,30.5084745762712,-0.447598470966476,-0.645075783316939,-0.805751621162082,0.27439710435109,-1.37139263281215,1.17625690297745
229,488.135593220339,30.5084745762712,-0.462067622734717,-0.896918033618731,-0.919352319534192,0.204871188416884,-1.27555400918543,1.18116052984256
230,498.305084745763,30.5084745762712,-0.435524031220478,-1.13620612254923,-1.01259133802573,0.124908766508142,-1.15081374963867,1.15363434955049
231,508.474576271186,30.5084745762712,-0.370401150695433,-1.35624897623452,-1.08108290659143,0.0371370156816718,-1.00155795597155,1.09302595424448
232,518.64406779661,30.5084745762712,-0.271337746733157,-1.55110610811825,-1.12116440498674,-0.0551963351631135,-0.832889719642244,0.999602286224272
233,528.813559322034,30.5084745762712,-0.144984109170832,-1.71581400482375,-1.13007088498484,-0.14835386223518,-0.650455390057034,0.874562209436614
234,538.983050847458,30.5084745762712,0.000302084636573519,-1.84656070526474,-1.10607776252281,-0.238268760356475,-0.460254871092388,0.720023365251992
235,549.152542372881,30.5084745762712,0.154857317036811,-1.94080138760712,-1.04860505184856,-0.320727112321991,-0.268442320089752,0.538983362286966
236,559.322033898305,30.5084745762712,0.308192898641109,-1.99731103583196,-0.95827802307057,-0.391563434485159,-0.0811238738387657,0.335256056650008
237,569.491525423729,30.5084745762712,0.449531945119601,-2.0161736375541,-0.836940906029015,-0.446860061710441,0.0958409440987835,0.11338437036288
238,579.661016949153,30.5084745762712,0.568376401062081,-1.99871068189974,-0.687622165754206,-0.483140638173373,0.25702766964106,-0.121468247231653
239,589.830508474576,30.5084745762712,0.65507567679399,-1.94735480347118,-0.514451859407748,-0.497548160757086,0.397619132749502,-0.36364500575889
240,600,30.5084745762712,0.701367703138164,-1.86547709619205,-0.322533569045746,-0.487998672026971,0.513556009987532,-0.607138363426596
241,0,40.6779661016949,-0.463998052020002,-0.775313603761761,-0.583374806095567,-1.31892771721602,1.14937401510234,-0.944723353591725
242,10.1694915254237,40.6779661016949,-0.463726969349189,-0.804829479049414,-0.476383715804586,-1.53784639398755,0.923269299284993,-0.837384636531209
243,20.3389830508475,40.6779661016949,-0.453649027676997,-0.798412581129942,-0.358603868065449,-1.72042767341189,0.69272964153685,-0.716154209756286
244,30.5084745762712,40.6779661016949,-0.437018149124479,-0.757339234446384,-0.234811043748481,-1.8624534577987,0.465028371949668,-0.584722928334362
245,40.6779661016949,40.6779661016949,-0.417200159629729,-0.684533734279312,-0.11014943152887,-1.96106876867844,0.247205627189208,-0.44694968785161
246,50.8474576271186,40.6779661016949,-0.397421978609427,-0.584349826424898,0.00997679364817088,-2.01487948803562,0.0458400461315463,-0.306753510311051
247,61.0169491525424,40.6779661016949,-0.380535137188448,-0.462282296802732,0.120630604253534,-2.0239897102587,-0.133162394174432,-0.168004943549716
248,71.1864406779661,40.6779661016949,-0.368808422246158,-0.324626104825812,0.218085834013624,-1.98997721648466,-0.28475557267195,-0.0344197565515633
249,81.3559322033898,40.6779661016949,-0.363762607956934,-0.178103015497767,0.299653499492412,-1.91580839931011,-0.404910460229246,0.0905421489138636
250,91.5254237288135,40.6779661016949,-0.366057644793931,-0.0294770683682179,0.362866937888678,-1.80569671754333,-0.490737441876218,0.203769832288331
251,101.694915254237,40.6779661016949,-0.375439477557942,0.114819591020973,0.404478050911847,-1.66491131737484,-0.540569958891346,0.302583855096816
252,111.864406779661,40.6779661016949,-0.390750042377162,0.249029991607928,0.41908401483616,-1.49954469703004,-0.554007008911388,0.384806000402066
253,122.033898305085,40.6779661016949,-0.410000155184161,0.368366325024623,0.399991669390391,-1.31625011083627,-0.531913418449756,0.448814256515047
254,132.203389830508,40.6779661016949,-0.43050117072772,0.469239392392537,0.347884613080059,-1.12196072019738,-0.476378203944114,0.493581558610231
255,142.372881355932,40.6779661016949,-0.449047681805205,0.549412387029287,0.281484061155796,-0.923603242149917,-0.390632718148372,0.518697232849312
256,152.542372881356,40.6779661016949,-0.462140351271146,0.608072604600924,0.228245144396783,-0.727818987244564,-0.278931592832377,0.524370569271744
257,162.71186440678,40.6779661016949,-0.466235409166394,0.645818024665305,0.196482272715736,-0.540704712667567,-0.146400693403485,0.511416448870889
258,172.881355932203,40.6779661016949,-0.458005554893102,0.664555955673844,0.168737378990458,-0.367584668141318,0.00114264277145578,0.481223453190167
259,183.050847457627,40.6779661016949,-0.434596088298187,0.667316914029623,0.126908642028529,-0.212823633501037,0.157390938653195,0.435705377515506
260,193.220338983051,40.6779661016949,-0.393860113776212,0.658010428841322,0.0702020457529668,-0.0796887155800558,0.315762670539827,0.377237537585712
261,203.389830508475,40.6779661016949,-0.33455762308349,0.641159403021008,0.00845651335014693,0.029734712633422,0.469625877733339,0.308579691555833
262,213.559322033898,40.6779661016949,-0.25650504988389,0.621608794187259,-0.0492068290345169,0.114570169720872,0.612521853156454,0.232787781549542
263,223.728813559322,40.6779661016949,-0.160663230031125,0.604184204119176,-0.0974591971918553,0.175120292091264,0.738381534502283,0.153117021642673
264,233.898305084746,40.6779661016949,-0.049139564546503,0.593333905335805,-0.133396191089547,0.212782811311292,0.841727513899207,0.0729191122557827
265,244.067796610169,40.6779661016949,0.0750322067309359,0.592817537383448,-0.155357380260029,0.229917523795736,0.917855113749201,-0.00446346270230841
266,254.237288135593,40.6779661016949,0.208975081044201,0.605458488118862,-0.162570217183518,0.229671778021131,0.962986717957618,-0.0758030053172216
267,264.406779661017,40.6779661016949,0.35341490050797,0.632949825422487,-0.155098376514169,0.215773904422232,0.974394474973134,-0.138088980019688
268,274.576271186441,40.6779661016949,0.517870603884573,0.675719120323859,-0.133822772260586,0.192305439232532,0.950487569731765,-0.188624213770163
269,284.745762711864,40.6779661016949,0.71620285164406,0.732866050885922,-0.100393272851421,0.163463879043883,0.89086145877508,-0.225112097960666
270,294.915254237288,40.6779661016949,0.937430232431115,0.802179337967673,-0.0571446991302073,0.133328007607426,0.796307735976117,-0.245732211012232
271,305.084745762712,40.6779661016949,1.11876409335863,0.880231685148024,-0.00698015576112157,0.105637548611744,0.668784602775919,-0.249202095652276
272,315.254237288136,40.6779661016949,1.1855302979358,0.962546741967062,0.0467730630830427,0.0835980350123738,0.511349213193857,-0.234823305416038
273,325.423728813559,40.6779661016949,1.1324645268267,1.0438285459073,0.100528473459453,0.0697203921353947,0.328054407421833,-0.20251027080146
274,335.593220338983,40.6779661016949,1.02575084481266,1.11824070874249,0.150618834440609,0.0657028791893114,0.123813497961393,-0.152801014891094
275,345.762711864407,40.6779661016949,0.922884849548269,1.17972004579161,0.193479917227671,0.0723608151991839,-0.0957622081252998,-0.0868492580313384
276,355.93220338983,40.6779661016949,0.830730416431448,1.22230765952527,0.225831243123441,0.0896070415883336,-0.324547610699052,-0.00639797729854217
277,366.101694915254,40.6779661016949,0.731688948984564,1.24047973959323,0.244845518165246,0.116483467746331,-0.556103534875583,0.0862649855871585
278,376.271186440678,40.6779661016949,0.613845430648956,1.22946012548193,0.248298950275302,0.15124143717507,-0.783885302729492,0.188368159225706
279,386.440677966102,40.6779661016949,0.476193965933592,1.18549666954897,0.234695436811637,0.191466169267394,-1.00145326161816,0.29673292405035
280,396.610169491525,40.6779661016949,0.323534131588154,1.10608595775684,0.203358722763004,0.23423829802741,-1.20267836808243,0.40786319754094
281,406.779661016949,40.6779661016949,0.162834212617772,0.990138574400069,0.154488005492732,0.276323654186435,-1.38193614902728,0.518045887617906
282,416.949152542373,40.6779661016949,0.00187688215918002,0.83808150125292,0.0891740424475802,0.314381013436055,-1.53428280224073,0.62345935118259
283,427.118644067797,40.6779661016949,-0.151312541166639,0.651887005065438,0.00937453621064763,0.345176630754143,-1.65560783974367,0.720286841979512
284,437.28813559322,40.6779661016949,-0.288902497490553,0.435016959402696,-0.0821506467968151,0.365794043130505,-1.74275849696424,0.80483176144978
285,447.457627118644,40.6779661016949,-0.403675649975669,0.19229000217824,-0.181942098233333,0.373827866578595,-1.79363209962265,0.873631443350223
286,457.627118644068,40.6779661016949,-0.489429243008264,-0.0703110134174367,-0.285977323901525,0.367551125628937,-1.80723366516214,0.923566210565614
287,467.796610169491,40.6779661016949,-0.541334958301023,-0.345881793452823,-0.389835508092295,0.346046993956175,-1.78369717972743,0.951960541189419
288,477.966101694915,40.6779661016949,-0.556237962413408,-0.626882758980649,-0.488883768341494,0.309297626752805,-1.72427019597249,0.956673368526046
289,488.135593220339,40.6779661016949,-0.532877407774568,-0.905454975138573,-0.578477074718702,0.258224939505586,-1.631262601335,0.936174811634958
290,498.305084745763,40.6779661016949,-0.472014306392484,-1.17374828372531,-0.654163328460736,0.194680626144167,-1.50796157119632,0.889606982494409
291,508.474576271186,40.6779661016949,-0.376457193399297,-1.42424459399945,-0.711884775067532,0.12138529121021,-1.35851580860613,0.816826933723929
292,518.64406779661,40.6779661016949,-0.250981114472659,-1.65006064521255,-0.748166982637348,0.0418191676745409,-1.18779314697828,0.718430286037466
293,528.813559322034,40.6779661016949,-0.102140951286091,-1.84521598548924,-0.760287047096649,-0.0399306246282898,-1.00121642341457,0.595754594516309
294,538.983050847458,40.6779661016949,0.0620143375414153,-2.00485390605092,-0.746413476019961,-0.119359078754812,-0.804583192187396,0.450862063391324
295,549.152542372881,40.6779661016949,0.232314626812312,-2.12540570699108,-0.705711320586568,-0.191759460255884,-0.603875320362299,0.286501785370831
296,559.322033898305,40.6779661016949,0.398911887746918,-2.20469177747204,-0.638407525517013,-0.252456075147889,-0.405064776973562,0.106052248176332
297,569.491525423729,40.6779661016949,0.551772889491208,-2.24195635243051,-0.545813092060644,-0.297042158873317,-0.213921986817172,-0.0865545977206892
298,579.661016949153,40.6779661016949,0.681197294741994,-2.23783626933925,-0.430300431995241,-0.321611028136087,-0.0358329700217217,-0.286925895385532
299,589.830508474576,40.6779661016949,0.778335152211847,-2.19426740660553,-0.295236156927771,-0.322968852154102,0.124368863774354,-0.490314771233773
300,600,40.6779661016949,0.83567713238155,-2.11433556467498,-0.144871418879653,-0.298818191437813,0.262550938849152,-0.691738850581397
301,0,50.8474576271186,-0.222616047114887,-0.775422475556689,-0.163136216627063,-1.526762013913,1.46031283697633,-0.842595851915553
302,10.1694915254237,50.8474576271186,-0.217263280589631,-0.825732643059142,-0.0389068092281293,-1.76174002618329,1.25300906530763,-0.776076399254917
303,20.3389830508475,50.8474576271186,-0.201801718598779,-0.840042784219705,0.0896766361835432,-1.95489743819282,1.0390750154822,-0.69776880187607
304,30.5084745762712,50.8474576271186,-0.178941848688842,-0.818881678611033,0.218762593240879,-2.10165410097143,0.825325604840986,-0.61024228288955
305,40.6779661016949,50.8474576271186,-0.1516730781187,-0.764448872968198,0.342274202466765,-2.19900895818514,0.618384219725817,-0.516196007211364
306,50.8474576271186,50.8474576271186,-0.123037861906905,-0.680430661534764,0.451367567273177,-2.24564850647507,0.424467625402072,-0.41838206739663
307,61.0169491525424,50.8474576271186,-0.0959099230852575,-0.571743268811209,0.538555229910952,-2.24198504191547,0.249186383389122,-0.319528274589372
308,71.1864406779661,50.8474576271186,-0.0727905807101088,-0.444218970298519,0.602086925878881,-2.19012304825911,0.0973672316405,-0.22226288633372
309,81.3559322033898,50.8474576271186,-0.0556358906845776,-0.304253671139798,0.643814533687058,-2.09375536102121,-0.0270968899273544,-0.129043343359418
310,91.5254237288135,50.8474576271186,-0.0457252525671335,-0.158436188814236,0.663270761413834,-1.95799394308353,-0.121364440946726,-0.0420909707093591
311,101.694915254237,50.8474576271186,-0.0435794664057652,-0.0131800760183965,0.653077748482065,-1.78914308053416,-0.183726885465221,0.036666572242381
312,111.864406779661,50.8474576271186,-0.0489330957817396,0.125621749797382,0.594601478845807,-1.59442541101333,-0.213651891849642,0.105643528684158
313,122.033898305085,50.8474576271186,-0.0607625906479634,0.252901073352115,0.46191517211891,-1.38167330777595,-0.211787005215153,0.163633667926405
314,132.203389830508,50.8474576271186,-0.0773681452568217,0.364662036835197,0.255062064236204,-1.15899966154753,-0.179923983084909,0.20983629577449
315,142.372881355932,50.8474576271186,-0.0965039154518106,0.458163533453307,0.0409069891029352,-0.934462958041427,-0.120925282006216,0.243869980493988
316,152.542372881356,50.8474576271186,-0.115548191346679,0.532034615216888,-0.0822357261250801,-0.71574170258284,-0.0386154209348472,0.265773670997648
317,162.71186440678,50.8474576271186,-0.131702593024103,0.586309588975075,-0.0909019064361835,-0.509832689232738,0.0623589141107976,0.27599524135582
318,172.881355932203,50.8474576271186,-0.142207477098122,0.62232204548458,-0.0614027398532939,-0.322786378659694,0.176695157188152,0.275367852918435
319,183.050847457627,50.8474576271186,-0.14455962281958,0.642417470232509,-0.0731611684151226,-0.159490797842381,0.298621840305814,0.265074872288508
320,193.220338983051,50.8474576271186,-0.136717976565626,0.649669806445344,-0.139492562592235,-0.0235129961219191,0.422099921423502,0.246604410391222
321,203.389830508475,50.8474576271186,-0.117283786422947,0.647865250087875,-0.232629223538848,0.0829956980853819,0.541031696570513,0.221694845731354
322,213.559322033898,50.8474576271186,-0.0856426195199973,0.641523435086876,-0.326665222497454,0.159327442203156,0.649470331207311,0.192272955181222
323,223.728813559322,50.8474576271186,-0.0420539832245947,0.635479785497188,-0.408878732864168,0.206178683127532,0.741823078381805,0.160386490849623
324,233.898305084746,50.8474576271186,0.012368538836422,0.634209603478647,-0.474122803642497,0.225547185738479,0.813041512039892,0.128133205521964
325,244.067796610169,50.8474576271186,0.0761829343562567,0.641420096897555,-0.520019848892356,0.220571463576673,0.858792582596371,0.0975884369994955
326,254.237288135593,50.8474576271186,0.150539963355322,0.659925978850426,-0.545409692502533,0.195321459015414,0.875604980995413,0.0707334101041742
327,264.406779661017,50.8474576271186,0.248931955483207,0.69154107833415,-0.550070075402859,0.15455154207964,0.860986152948283,0.0493864024947497
328,274.576271186441,50.8474576271186,0.411964079633753,0.736929982094925,-0.534673310988008,0.103428565656938,0.813506307160118,0.0351388467913401
329,284.745762711864,50.8474576271186,0.693618336372893,0.795502203883594,-0.500740498260216,0.0472487523763665,0.732846875878093,0.0292983085637437
330,294.915254237288,50.8474576271186,1.07456709165993,0.865392112619233,-0.450562381505667,-0.00884245203544814,0.619812075315434,0.0328400909001389
331,305.084745762712,50.8474576271186,1.38200160279786,0.94352359124446,-0.387087487675208,-0.0601137564000116,0.476303437585412,0.0463689765143014
332,315.254237288136,50.8474576271186,1.40660245201727,1.02574963451193,-0.313782357348759,-0.102481834439199,0.305258404061267,0.0700923340976507
333,325.423728813559,50.8474576271186,1.14149834555217,1.10705702831111,-0.23447005002759,-0.132704393148169,0.110555242446833,0.10380549458531
334,335.593220338983,50.8474576271186,0.787732264596529,1.18182455899393,-0.153154038014139,-0.148523484905259,-0.10311236195319,0.146889953964899
335,345.762711864407,50.8474576271186,0.517665951735008,1.2441209410447,-0.0738352234722041,-0.148752637691837,-0.330386721374272,0.198324591832598
336,355.93220338983,50.8474576271186,0.351097547057828,1.2880274743381,-0.000330100872412783,-0.13330426556978,-0.565418429051311,0.256709719287764
337,366.101694915254,50.8474576271186,0.232287945684567,1.3079700618305,0.0639019701595871,-0.103156865069501,-0.80205373005624,0.320303396445387
338,376.271186440678,50.8474576271186,0.118887869991664,1.29903978559185,0.115914816172442,-0.0602645517713531,-1.03403075121265,0.387069099331811
339,386.440677966102,50.8474576271186,-0.00239836452041843,1.25726664513,0.153407985024907,-0.00741439467202304,-1.2551781229113,0.454733478424762
340,396.610169491525,50.8474576271186,-0.130417864531706,1.17981979660685,0.174829944135822,0.0519603790107883,-1.45960950126657,0.520852646245215
341,406.779661016949,50.8474576271186,-0.259696073583421,1.06517630609094,0.179447392083162,0.114001037547938,-1.64190768803574,0.582885168005398
342,416.949152542373,50.8474576271186,-0.383708974820502,0.913317865020145,0.167377601853063,0.174665911794125,-1.79729243991601,0.638269715072621
343,427.118644067797,50.8474576271186,-0.495755522391844,0.725869190318174,0.139582316695315,0.229981862396365,-1.9217666433942,0.684505182318833
344,437.28813559322,50.8474576271186,-0.589378341870489,0.506036455373744,0.0978233884442677,0.276291223267609,-2.01223628526633,0.719230972188767
345,447.457627118644,50.8474576271186,-0.658729006648251,0.258405258602021,0.0445820120717254,0.310481063609731,-2.06660054589735,0.740305113789533
346,457.627118644068,50.8474576271186,-0.698911651542815,-0.0112523514981249,-0.0170550019718248,0.330182539349127,-2.08380935142125,0.74587791599107
347,467.796610169491,50.8474576271186,-0.706290091957245,-0.296161843304657,-0.0835370323868018,0.333929648939776,-2.06388680814941,0.734458949140698
348,477.966101694915,50.8474576271186,-0.678740719226598,-0.588790767356368,-0.151013405771669,0.321268790811135,-2.00792007098502,0.704975308445385
349,488.135593220339,50.8474576271186,-0.615835523763276,-0.881156258329093,-0.215512008405227,0.292813036475047,-1.9180143301446,0.656819329513601
350,498.305084745763,50.8474576271186,-0.518942813151484,-1.16515833427486,-0.273124973521661,0.250237859213137,-1.79721569971184,0.589884197465392
351,508.474576271186,50.8474576271186,-0.39123719631526,-1.43291249957887,-0.320193321493992,0.196218052832138,-1.64940482170466,0.50458620838259
352,518.64406779661,50.8474576271186,-0.237614984842211,-1.67706634358589,-0.353482432354731,0.134308589323449,-1.47916492726472,0.401872797312737
353,528.813559322034,50.8474576271186,-0.0645160798743522,-1.89108681401805,-0.370340580092944,0.0687750484698602,-1.29162889281945,0.283215831075796
354,538.983050847458,50.8474576271186,0.12034159870981,-2.06950544403885,-0.368833442356127,0.00438186289864955,-1.09231046879077,0.150590066406362
355,549.152542372881,50.8474576271186,0.308304327115246,-2.20811070530023,-0.347848489535232,-0.0538511714468297,-0.886925322211658,0.00643708356764356
356,559.322033898305,50.8474576271186,0.490186299133923,-2.3040794542376,-0.307164412662096,-0.100911977408265,-0.6812078090249,-0.146384588717068
357,569.491525423729,50.8474576271186,0.656715924916253,-2.35604267181467,-0.247482217711638,-0.132065636911078,-0.480729469818229,-0.304662050546858
358,579.661016949153,50.8474576271186,0.79900286719715,-2.36408411729963,-0.170416233249699,-0.143116518198948,-0.290725123768025,-0.464901839199051
359,589.830508474576,50.8474576271186,0.909002369174702,-2.32967393204673,-0.0784449808172147,-0.130649660952528,-0.115932125579695,-0.623413168931418
360,600,50.8474576271186,0.979953006257569,-2.25554246029944,0.0251764287885601,-0.0922389017780326,0.0395521385957632,-0.776398519623255
361,0,61.0169491525424,0.020680534472768,-0.742552139486718,0.262965932935441,-1.67467528553964,1.69335664411482,-0.726806457981079
362,10.1694915254237,61.0169491525424,0.0317494098100911,-0.81022009503504,0.404888022675898,-1.91377894102136,1.50795393882035,-0.704464411006758
363,20.3389830508475,61.0169491525424,0.0531662198172618,-0.843614241736047,0.550936662527622,-2.1067980039386,1.31426107826912,-0.672668045637391
364,30.5084745762712,61.0169491525424,0.0827524081399994,-0.842660419201971,0.701809157858031,-2.24896952758193,1.11853135414441,-0.632765271306772
365,40.6779661016949,61.0169491525424,0.117885936502122,-0.808878708697879,0.8460837960765,-2.33728456677616,0.926862643882768,-0.586192495956192
366,50.8474576271186,61.0169491525424,0.155702115214162,-0.745232546031024,0.956463260797393,-2.37060377167536,0.74499898382284,-0.534431338038311
367,61.0169491525424,61.0169491525424,0.193300513264261,-0.655907421563119,1.01098042301889,-2.34969469841304,0.578146037520746,-0.478965658848404
368,71.1864406779661,61.0169491525424,0.227944742851028,-0.546032952056496,1.01570664547062,-2.27718909103432,0.430806429062514,-0.421240117826174
369,81.3559322033898,61.0169491525424,0.257242697591013,-0.421364888596277,0.993165902532944,-2.15746204862128,0.306640209932014,-0.362621397217976
370,91.5254237288135,61.0169491525424,0.279296332512852,-0.287945455477798,0.95280119322802,-1.99643856374035,0.208354858010878,-0.304363154605632
371,101.694915254237,61.0169491525424,0.292812208839472,-0.151761206995724,0.875563569321467,-1.80133623375188,0.137628198581684,-0.247575644739338
372,111.864406779661,61.0169491525424,0.297166654292062,-0.0184172417009451,0.707502853629332,-1.58035584785302,0.0950665241314597,-0.19320080911324
373,122.033898305085,61.0169491525424,0.29242235016818,0.107155571491121,0.374282917601352,-1.34233390254613,0.0801990098599095,-0.14199346677214
374,132.203389830508,61.0169491525424,0.27929627202231,0.220951963255649,-0.127313146264093,-1.09637278557155,0.0915083145644735,-0.0945090575325854
375,142.372881355932,61.0169491525424,0.259081996153111,0.32011961098931,-0.617761437930377,-0.851465314053252,0.126496062087394,-0.0510981942310146
376,152.542372881356,61.0169491525424,0.233532256999923,0.403208210552425,-0.832211454872746,-0.616130473116702,0.181780756126989,-0.0119080792204897
377,162.71186440678,61.0169491525424,0.204710131971443,0.470357974040694,-0.71250524141096,-0.398076570669425,0.253224628270678,0.0231093622227714
378,172.881355932203,61.0169491525424,0.174819193967428,0.522922400096395,-0.475406380067086,-0.203906634431613,0.336084989690359,0.0541829769490524
379,183.050847457627,61.0169491525424,0.146024292733902,0.562154570543475,-0.346588464827628,-0.0388787970645088,0.425184880792515,0.081702040704996
380,193.220338983051,61.0169491525424,0.12027522702867,0.588407308543194,-0.370043869328085,0.0932682542291373,0.515097214677742,0.106190782322636
381,203.389830508475,61.0169491525424,0.0991454325120745,0.602910613122547,-0.476534893689929,0.190417816488637,0.600336207912824,0.128278633075645
382,213.559322033898,61.0169491525424,0.0836973837333914,0.610125076147586,-0.601318311398373,0.252102188746978,0.675549697602281,0.148667186241193
383,223.728813559322,61.0169491525424,0.0743930825146847,0.616635693868921,-0.714982998293127,0.279454239856585,0.735705961852458,0.168094950738743
384,233.898305084746,61.0169491525424,0.0711622867351775,0.62793117402201,-0.80779262920431,0.275087148694634,0.776268889172686,0.1873010501746
385,244.067796610169,61.0169491525424,0.0744633717140428,0.647250073052415,-0.876291156330633,0.242909290732091,0.793355771945955,0.20698905265111
386,254.237288135593,61.0169491525424,0.0913376044320498,0.676496319502276,-0.918912683374377,0.187884237060018,0.783872614047349,0.227792116178191
387,264.406779661017,61.0169491525424,0.155843659205039,0.716919626117394,-0.935155717960153,0.11574832233346,0.74562262121977,0.250240599293224
388,274.576271186441,61.0169491525424,0.360060729215087,0.769013134059777,-0.925475670035374,0.0327001092700813,0.677384457937228,0.274733217369256
389,284.745762711864,61.0169491525424,0.824697801010997,0.832242499808664,-0.891239056973664,-0.0549227577539973,0.578957874913288,0.301512723844959
390,294.915254237288,61.0169491525424,1.51524833718699,0.904927837561122,-0.834650701968583,-0.14096341139282,0.451175402647191,0.33064696493201
391,305.084745762712,61.0169491525424,2.0719218217942,0.984267655077071,-0.758649071056495,-0.219746801998314,0.29587993189591,0.362015999781423
392,315.254237288136,61.0169491525424,2.05689160256225,1.06645257601985,-0.666773844460819,-0.286347510552591,0.115869124348216,0.395305799907687
393,325.423728813559,61.0169491525424,1.45979451205963,1.1468447813276,-0.563011414762163,-0.336811738397529,-0.0851913208909968,0.430008846805005
394,335.593220338983,61.0169491525424,0.709019525070438,1.22021054400073,-0.451624905717355,-0.3683232940018,-0.302882512430901,0.465431740575572
395,345.762711864407,61.0169491525424,0.17066413444123,1.28099562200597,-0.336975908233571,-0.379306292968137,-0.532171391680187,0.500709720816134
396,355.93220338983,61.0169491525424,-0.113839565059223,1.32363973206389,-0.223345428387312,-0.369460519459037,-0.767569243704079,0.534827789965405
397,366.101694915254,61.0169491525424,-0.264726094204457,1.34293275201201,-0.114761525218909,-0.339728805014758,-1.00330439762568,0.566647924825
398,376.271186440678,61.0169491525424,-0.375611399163072,1.33436412394284,-0.0148407848133361,-0.292199196063778,-1.23350339720041,0.594941669920268
399,386.440677966102,61.0169491525424,-0.480195629417377,1.29426807882901,0.0733498534213595,-0.229947936135952,-1.45237469030436,0.618427232356591
400,396.610169491525,61.0169491525424,-0.582947442740927,1.21963822464205,0.14740530508062,-0.156832223098096,-1.6543888513874,0.635810046986663
401,406.779661016949,61.0169491525424,-0.680227123715106,1.10813381087159,0.205664106636281,-0.0772441720215882,-1.83444951283888,0.645825657567714
402,416.949152542373,61.0169491525424,-0.766831921327972,0.958943104262386,0.247256582884039,0.00416069988821398,-1.9880495326149,0.647283667953976
403,427.118644067797,61.0169491525424,-0.8374122448627,0.773716334465219,0.27211770981611,0.0827459399393472,-2.11140745312067,0.639111460193066
404,437.28813559322,61.0169491525424,-0.886904167157211,0.556206715991767,0.280964483753366,0.15417257572162,-2.20157999128633,0.620396355695991
405,447.457627118644,61.0169491525424,-0.910840924594863,0.311186374374212,0.275239127380788,0.214658756966163,-2.25654711807234,0.590424912451446
406,457.627118644068,61.0169491525424,-0.905639093969067,0.0440490730429927,0.257020921583638,0.261206919809543,-2.27526720917988,0.54871810554452
407,467.796610169491,61.0169491525424,-0.868852071794705,-0.238977863571844,0.22891078696817,0.291786476953915,-2.2577007462111,0.495061228961981
408,477.966101694915,61.0169491525424,-0.799376272340966,-0.530794448883856,0.19389389423107,0.30546234625609,-2.20480208548013,0.429527481743769
409,488.135593220339,61.0169491525424,-0.697596802320126,-0.82370748160217,0.155186509330474,0.302462425573037,-2.1184798556631,0.352494357919732
410,498.305084745763,61.0169491525424,-0.565461635858767,-1.10980240715156,0.116073938631245,0.284180263688239,-2.00152756117682,0.264652143401291
411,508.474576271186,61.0169491525424,-0.406476795537246,-1.38129134443744,0.0797468031267938,0.253112509220915,-1.85752692253964,0.167004029329936
412,518.64406779661,61.0169491525424,-0.225619328596949,-1.63082870607943,0.0491429242804751,0.212734075590223,-1.69072734728743,0.0608575748951106
413,528.813559322034,61.0169491525424,-0.0291694793973342,-1.85179651404672,0.0268018449441244,0.167317173175632,-1.50590566791873,-0.0521925126311786
414,538.983050847458,61.0169491525424,0.175532112240232,-2.03855198733237,0.0147384484079605,0.121703269604939,-1.30821088365338,-0.170290073263199
415,549.152542372881,61.0169491525424,0.380393197088517,-2.18662735026515,0.0143413008920227,0.0810395003269148,-1.1029990822591,-0.291351219691815
416,559.322033898305,61.0169491525424,0.576932804535757,-2.29287347291362,0.0263002634385591,0.0504929410413694,-0.895663984053677,-0.413105417495624
417,569.491525423729,61.0169491525424,0.756680818669474,-2.35554182148793,0.0505666441868402,0.0349573760310376,-0.691468635488731,-0.533143029735036
418,579.661016949153,61.0169491525424,0.911591915847729,-2.37430238856991,0.0863477456897696,0.0387676896385275,-0.495383683530877,-0.648968240903802
419,589.830508474576,61.0169491525424,1.03445297940441,-2.3501985255705,0.132136164557675,0.0654367456243701,-0.311937389417415,-0.758056106842323
420,600,61.0169491525424,1.11926580443316,-2.28554273504472,0.185772686045008,0.117428611724835,-0.145082102059459,-0.857912339977573
421,0,71.1864406779661,0.245286543365781,-0.678380948173914,0.68059632740436,-1.76152132688638,1.83563958631015,-0.602643002738132
422,10.1694915254237,71.1864406779661,0.261061720994659,-0.759702374604782,0.846349286504117,-1.9931237394291,1.67473285930424,-0.626370414483592
423,20.3389830508475,71.1864406779661,0.287572703142375,-0.81016063505843,1.03594651800083,-2.17562683387663,1.50447610627632,-0.643089974593257
424,30.5084745762712,71.1864406779661,0.323173137543546,-0.829225482976645,1.26566877430103,-2.30426049128107,1.33046700542542,-0.65287084900305
425,40.6779661016949,71.1864406779661,0.365609805558049,-0.817791495433703,1.50479875481265,-2.37613972570907,1.15817814160251,-0.655828351453485
426,50.8474576271186,71.1864406779661,0.412198298523643,-0.778058657569669,1.6606889098005,-2.39038376182487,0.992778426705958,-0.652115996034063
427,61.0169491525424,71.1864406779661,0.46001484166004,-0.713349869901345,1.65959650754687,-2.3481506830141,0.838966827874411,-0.641918365233026
428,71.1864406779661,71.1864406779661,0.506091897628484,-0.627876993237958,1.53342421431956,-2.25258585932816,0.700823784487493,-0.625445023097458
429,81.3559322033898,71.1864406779661,0.547605442016449,-0.526469569269371,1.37577582510322,-2.10868631532721,0.581685068463659,-0.602925651805561
430,91.5254237288135,71.1864406779661,0.582042768693958,-0.414282064312958,1.23347721778762,-1.92308705282848,0.484042063564584,-0.574606533677531
431,101.694915254237,71.1864406779661,0.607341281461864,-0.296496270647709,1.06590291833203,-1.70377891955455,0.409471535228549,-0.540748441186853
432,111.864406779661,71.1864406779661,0.621990852167758,-0.178034901193017,0.753771000106285,-1.45977074192415,0.358596963664256,-0.501625936748106
433,122.033898305085,71.1864406779661,0.6250948387426,-0.0632961534115985,0.141671809379836,-1.20071097039742,0.331082453242785,-0.45752802385052
434,132.203389830508,71.1864406779661,0.616387603456602,0.0441183167406921,-0.78123015248218,-0.936485899144441,0.325659146091409,-0.408760033357036
435,142.372881355932,71.1864406779661,0.59620918504516,0.141846027410837,-1.66384806657468,-0.676812532984665,0.340182993255254,-0.355646575300218
436,152.542372881356,71.1864406779661,0.56544048966105,0.229689528510748,-1.98688308862719,-0.430844336651555,0.37172170826321,-0.298535338957239
437,162.71186440678,71.1864406779661,0.525404814432472,0.31056322062225,-1.63955689846367,-0.206807408284733,0.416667779033663,-0.23780148388115
438,172.881355932203,71.1864406779661,0.477743560504107,0.388486378882178,-1.05419682905206,-0.0116831054375143,0.470873575512758,-0.173852333193595
439,183.050847457627,71.1864406779661,0.424275511814977,0.461418192156096,-0.680900244344472,0.149049108126802,0.529803889096784,-0.1071320588409
440,193.220338983051,71.1864406779661,0.366849966085452,0.517438682167837,-0.611080772002787,0.271597723268444,0.588700697850664,-0.0381260374335944
441,203.389830508475,71.1864406779661,0.307204283200001,0.546373678778545,-0.712414119222757,0.353966675674812,0.64275458545831,0.0326354448236172
442,213.559322033898,71.1864406779661,0.246836722399594,0.555003284855589,-0.861068838700107,0.395980513548085,0.687277062443842,0.104574448621008
443,223.728813559322,71.1864406779661,0.186916959818498,0.561999643424044,-1.00242379097791,0.399227371136037,0.717868049947942,0.177063888078452
444,233.898305084746,71.1864406779661,0.128401741137852,0.580431837917511,-1.12002040608414,0.366923724477306,0.730572987343514,0.249427543686747
445,244.067796610169,71.1864406779661,0.0736231775171294,0.612383418300795,-1.20901228583197,0.303708537481552,0.722024407105267,0.32094179619599
446,254.237288135593,71.1864406779661,0.0354326885655372,0.655615630710068,-1.2674257645887,0.215377648889112,0.689563369568061,0.390839245728374
447,264.406779661017,71.1864406779661,0.0681746251632404,0.708627656624837,-1.29449473961735,0.108571950006879,0.631336847074506,0.458314323059523
448,274.576271186441,71.1864406779661,0.314698832417624,0.77082738210263,-1.29045227794893,-0.00956506763383877,0.54636796736305,0.522530937202843
449,284.745762711864,71.1864406779661,0.96152791672777,0.841386668800562,-1.25648250198469,-0.131743550626384,0.434596941845884,0.582632136918381
450,294.915254237288,71.1864406779661,1.95917805670316,0.918648505896387,-1.19465559923728,-0.250880020288377,0.296891484715498,0.637751695456192
451,305.084745762712,71.1864406779661,2.7634195335132,1.00001551785364,-1.10783279253181,-0.360429714246952,0.13502654077406,0.687027459718335
452,315.254237288136,71.1864406779661,2.71102348290302,1.08202541527283,-0.999544370300276,-0.454682848640438,-0.048365850093673,0.729616239093506
453,325.423728813559,71.1864406779661,1.78816452599908,1.16050355062872,-0.873845838097506,-0.529011076636116,-0.249874749032236,0.764709947463644
454,335.593220338983,71.1864406779661,0.647452273765239,1.23076739261851,-0.735158107093506,-0.580053030683133,-0.465413864267698,0.791552656197715
455,345.762711864407,71.1864406779661,-0.153951520232881,1.28788841017577,-0.588098205920205,-0.60583096840444,-0.690346924882643,0.809458168091064
456,355.93220338983,71.1864406779661,-0.553308090702401,1.32707463502886,-0.437307304079281,-0.605794039481269,-0.919630670714685,0.817827683748077
457,366.101694915254,71.1864406779661,-0.734502947184855,1.3442901445909,-0.28728285822288,-0.5807873802343,-1.14797070122789,0.816167104176988
458,376.271186440678,71.1864406779661,-0.841757450824488,1.33687175347848,-0.142221437546039,-0.532949942011199,-1.36998504119327,0.804103497431557
459,386.440677966102,71.1864406779661,-0.928937609921123,1.30285737851296,-0.00587826333097748,-0.465547487219652,-1.5803700678095,0.781400253753036
460,396.610169491525,71.1864406779661,-1.0060970378994,1.23822963453474,0.118551266584535,-0.382750370161756,-1.77406340800716,0.747970463266018
461,406.779661016949,71.1864406779661,-1.07144449880105,1.13581199645959,0.22852377190916,-0.289368403414353,-1.94639855572827,0.703888072946601
462,416.949152542373,71.1864406779661,-1.12111432214802,0.990541257963192,0.322210648648827,-0.190557164033418,-2.09324627075254,0.649396415041942
463,427.118644067797,71.1864406779661,-1.15111460370868,0.805638454705551,0.398529500958269,-0.0915114183339816,-2.21113829138313,0.584913746757999
464,437.28813559322,71.1864406779661,-1.15777065932302,0.590156811994568,0.457143683378566,0.00283812347457047,-2.29736950611343,0.511035499890617
465,447.457627118644,71.1864406779661,-1.13798767883303,0.351875987348932,0.498430730153339,0.0881087946751314,-2.35007546285942,0.428533007880387
466,457.627118644068,71.1864406779661,-1.08948155344152,0.095411915508867,0.523421742200641,0.160715855660053,-2.36828292327537,0.338348554963034
467,467.796610169491,71.1864406779661,-1.0109737640955,-0.175046735562002,0.533714996723587,0.218075253594342,-2.35193206598876,0.241586675852784
468,477.966101694915,71.1864406779661,-0.902346396933296,-0.453918553646024,0.531368089812096,0.258748714327592,-2.30186987625709,0.139501722719489
469,488.135593220339,71.1864406779661,-0.764751646647518,-0.734424222442275,0.518773775629748,0.282523625416271,-2.21981519958898,0.0334818069279455
470,498.305084745763,71.1864406779661,-0.600662435487603,-1.00929881743027,0.49852529206038,0.290423547672074,-2.10829685240093,-0.0749706861736817
471,508.474576271186,71.1864406779661,-0.413853663058816,-1.27129963361321,0.473277336877003,0.284648778269339,-1.97056704402109,-0.184261722517205
472,518.64406779661,71.1864406779661,-0.209312311648458,-1.51354275185864,0.445608966192832,0.268450002149966,-1.81049314360401,-0.292731013624574
473,528.813559322034,71.1864406779661,0.0069167998028359,-1.72977211004979,0.417894525077743,0.245941529946778,-1.63243149805657,-0.398679731584352
474,538.983050847458,71.1864406779661,0.227938729503589,-1.91458935459438,0.392188297100856,0.221863757130826,-1.44108755192021,-0.500400027757836
475,549.152542372881,71.1864406779661,0.446272062526798,-2.06364162588476,0.37012789453552,0.201307133835817,-1.24136692074291,-0.596205780440069
476,559.322033898305,71.1864406779661,0.654182649484048,-2.17376014872058,0.352860533580727,0.189411974837158,-1.03822231414553,-0.68446395123867
477,569.491525423729,71.1864406779661,0.844062884042453,-2.24304431176644,0.340995287705214,0.191059761781036,-0.836501287125092,-0.76362589821744
478,579.661016949153,71.1864406779661,1.00879134448505,-2.27088867198553,0.334583232844362,0.210572127659414,-0.640799717121981,-0.832257976928043
479,589.830508474576,71.1864406779661,1.14205314597457,-2.25795320244681,0.333126141690271,0.251433438106082,-0.455325664363203,-0.88907075901192
480,600,71.1864406779661,1.23865102490833,-2.20607990988251,0.335613104914487,0.316051806891137,-0.283777883510627,-0.932946212409289
481,0,81.3559322033898,0.431947467285732,-0.585940451484047,1.07641428041424,-1.78952934568809,1.87931821095518,-0.475602510940171
482,10.1694915254237,81.3559322033898,0.449880935454958,-0.677072538184582,1.28029834386035,-2.00301139822713,1.74494988837947,-0.54575363279327
483,20.3389830508475,81.3559322033898,0.479283499735377,-0.742249094627144,1.56629557045799,-2.16560779054751,1.60080926077343,-0.61133461669593
484,30.5084745762712,81.3559322033898,0.519052273538473,-0.780624166568229,1.98740604944219,-2.27270482784787,1.45175525804603,-0.671122774117313
485,40.6779661016949,81.3559322033898,0.567314163867042,-0.792525353089235,2.46665586761916,-2.32165996026661,1.3025462074218,-0.723900799551263
486,50.8474576271186,81.3559322033898,0.621576273513285,-0.779364131490333,2.75566969969313,-2.31192077113937,1.15768396410239,-0.76848450780862
487,61.0169491525424,81.3559322033898,0.678902375150858,-0.743494791904228,2.65704390712552,-2.24505542790909,1.02126878922939,-0.803751818001354
488,71.1864406779661,81.3559322033898,0.736103951669964,-0.688031243590369,2.26314273044773,-2.12469281516461,0.896869674287586,-0.828672233006156
489,81.3559322033898,81.3559322033898,0.789934037921244,-0.616633000918646,1.83606158582559,-1.9563747150995,0.787414262045773,-0.842336018895327
490,91.5254237288135,81.3559322033898,0.83727252424004,-0.533273044005686,1.51585330041269,-1.74732644416451,0.695101832182215,-0.843982266363549
491,101.694915254237,81.3559322033898,0.875292644794786,-0.442000791935125,1.23477824943044,-1.50615610371456,0.621342028410726,-0.833025016621743
492,111.864406779661,81.3559322033898,0.901599992214565,-0.346711269958252,0.788910173833398,-1.24249587886664,0.566721130184059,-0.80907665799215
493,122.033898305085,81.3559322033898,0.914337462888432,-0.250908535872922,-0.0633806839641784,-0.966601467979152,0.530996745399287,-0.771967846279869
494,132.203389830508,81.3559322033898,0.912251910955004,-0.157299787894483,-1.34517265560781,-0.688927619574551,0.513120851990319,-0.721763271013339
495,142.372881355932,81.3559322033898,0.894720824857184,-0.0664880004411483,-2.56130782861744,-0.41969880469052,0.511290177379341,-0.658772679297363
496,152.542372881356,81.3559322033898,0.861739884038281,0.0265870766794038,-2.97719230383423,-0.168494211490156,0.523022006427459,-0.583556677162501
497,162.71186440678,81.3559322033898,0.813874653483587,0.136519003525872,-2.43756283469249,0.0561344908344553,0.545252680151488,-0.496926952231845
498,172.881355932203,81.3559322033898,0.752181790511569,0.279031820829605,-1.55740916079008,0.246995773565775,0.574455315895264,-0.39994069809207
499,183.050847457627,81.3559322033898,0.678106851051927,0.440968005633029,-0.977002896477885,0.398526795815277,0.606772668288096,-0.293889166390021
500,193.220338983051,81.3559322033898,0.593366998037539,0.56462628691973,-0.828015674317646,0.50698647255748,0.638160578460372,-0.180280423524051
501,203.389830508475,81.3559322033898,0.499827599026641,0.597605898167076,-0.924779552455207,0.570565233994793,0.664537141124622,-0.0608165408156985
502,213.559322033898,81.3559322033898,0.399382555956023,0.557932380519952,-1.09349783430071,0.589407572258714,0.68193256457228,0.0626344038916493
503,223.728813559322,81.3559322033898,0.293861427637594,0.513487120135266,-1.25826554699555,0.565547558054592,0.686634711213135,0.188070993243057
504,233.898305084746,81.3559322033898,0.185145539307874,0.508852756039424,-1.39698209537067,0.502761562151539,0.675325484273483,0.313395154992955
505,244.067796610169,81.3559322033898,0.0768773213742255,0.543378450091039,-1.50365487129959,0.406346241232477,0.645203562495436,0.436452096867253
506,254.237288135593,81.3559322033898,-0.0155934951374948,0.600132567042004,-1.57597399780791,0.282833262691871,0.594089466799095,0.555072625906812
507,264.406779661017,81.3559322033898,-0.0314377019240371,0.667948797579806,-1.6129353964508,0.139655086920544,0.520509553817413,0.66711690898338
508,274.576271186441,81.3559322033898,0.186930263340415,0.742623068924277,-1.61454741441004,-0.0152217350827338,0.423756249811088,0.770518676793534
509,284.745762711864,81.3559322033898,0.844825291351315,0.82235540913599,-1.58178245731727,-0.173677955365397,0.303922640157708,0.863328844130487
510,294.915254237288,81.3559322033898,1.88980420445085,0.905320808643912,-1.51652148777979,-0.327819448610478,0.161910387285165,0.943757515667734
511,305.084745762712,81.3559322033898,2.72904456035766,0.989065131524641,-1.42147105677471,-0.470333601983789,-0.000589165138549291,1.0102133692326
512,315.254237288136,81.3559322033898,2.63959687307092,1.07048660424167,-1.30005494341616,-0.594807685972298,-0.181139961120522,1.06133945726885
513,325.423728813559,81.3559322033898,1.60743084850173,1.14595588588386,-1.15628470796907,-0.69599467385639,-0.376630682077356,1.09604454085425
514,335.593220338983,81.3559322033898,0.34598136828007,1.21149811229302,-0.994614246848551,-0.770014720486909,-0.583366292423574,1.11352916754615
515,345.762711864407,81.3559322033898,-0.535880625373815,1.2631115060591,-0.81978396180994,-0.8144838028551,-0.7971785879417,1.11330582214069
516,355.93220338983,81.3559322033898,-0.969560391345513,1.29759447464883,-0.636660452417673,-0.828564702033083,-1.01355205292231,1.09521261524284
517,366.101694915254,81.3559322033898,-1.15614658070342,1.31452490018595,-0.450077702772733,-0.812939386749755,-1.2277608571558,1.05942012495631
518,376.271186440678,81.3559322033898,-1.25377004877012,1.31824582287995,-0.26468555998944,-0.769705752219,-1.43501248952912,1.00643116821102
519,386.440677966102,81.3559322033898,-1.32222352422084,1.31344667827168,-0.084810902191665,-0.702205382999217,-1.63059334101459,0.937073446145877
520,396.610169491525,81.3559322033898,-1.37374911797487,1.29038665802611,0.085663713853606,-0.614792364178553,-1.81001152097574,0.852485178257394
521,406.779661016949,81.3559322033898,-1.40789015109519,1.2186191854007,0.243399924271885,-0.512555997834573,-1.9691323165482,0.754094008334438
522,416.949152542373,81.3559322033898,-1.42206925010022,1.07303157573865,0.385678883908835,-0.401012454482261,-2.10430197987986,0.643589627189979
523,427.118644067797,81.3559322033898,-1.4136026773973,0.864655321424008,0.510450025612964,-0.28578179790918,-2.21245594187075,0.522890708691917
524,437.28813559322,81.3559322033898,-1.38011724413342,0.628337027343876,0.61635234011225,-0.172267400086497,-2.29120808890074,0.394106892676032
525,447.457627118644,81.3559322033898,-1.31983584729777,0.38724859573834,0.7027083894608,-0.065354485480389,-2.33891838208857,0.259496667456967
526,457.627118644068,81.3559322033898,-1.23178688808338,0.143898203952152,0.769492364290349,0.0308565719652044,-2.35473682482233,0.121422102769353
527,467.796610169491,81.3559322033898,-1.11587794183956,-0.105348188632963,0.817274518906337,0.11326847235792,-2.33862256904124,-0.0176985414475751
528,477.966101694915,81.3559322033898,-0.972939099526714,-0.360171222322907,0.847145227165003,0.179945587246866,-2.291337767746,-0.155439255861692
529,488.135593220339,81.3559322033898,-0.80480640563277,-0.616202879696969,0.860622659730178,0.230204917805853,-2.21441660337422,-0.289414675115245
530,498.305084745763,81.3559322033898,-0.614378875049131,-0.867447348952916,0.859548660012322,0.26463493029673,-2.110110721996,-0.417327331422553
531,508.474576271186,81.3559322033898,-0.405585318088715,-1.1076407272079,0.84597776990243,0.285041533984983,-1.98131305574397,-0.53701270780202
532,518.64406779661,81.3559322033898,-0.183271965082548,-1.33077391795641,0.822064514119495,0.294324246985686,-1.83146269630152,-0.646481088197306
533,528.813559322034,81.3559322033898,0.0469193026948661,-1.53135615470654,0.789953989767984,0.296289218495665,-1.66443406905378,-0.743955284142054
534,538.983050847458,81.3559322033898,0.278610646879641,-1.70461176867802,0.751680530893809,0.295409060434556,-1.48441413237072,-0.82790342235875
535,549.152542372881,81.3559322033898,0.504803629634451,-1.84663883708626,0.709078740047378,0.296542223370737,-1.29577167501805,-0.897066101965491
536,559.322033898305,81.3559322033898,0.718331966110073,-1.95452739463756,0.663710522595465,0.304626791318035,-1.10292299675413,-0.950477370504346
537,569.491525423729,81.3559322033898,0.912525026368374,-2.02643308069375,0.61681095628487,0.324364959869546,-0.910198327231092,-0.987479121099714
538,579.661016949153,81.3559322033898,1.08151969614169,-2.06160406794149,0.569254914600207,0.359915031559897,-0.721713265561374,-1.00772867469293
539,589.830508474576,81.3559322033898,1.2201878443816,-2.06036144095692,0.521545376477581,0.414607481249539,-0.541249311216946,-1.01119947726625
540,600,81.3559322033898,1.32421291377454,-2.02403547028419,0.473823340389662,0.490700524708154,-0.372147214703434,-0.998175007964292
541,0,91.5254237288135,0.564118938418471,-0.469472899395603,1.43538956533475,-1.76403391963053,1.82201517746508,-0.351149329187634
542,10.1694915254237,91.5254237288135,0.580343501788583,-0.566562827906381,1.68968089265544,-1.95040417072804,1.71564729167415,-0.466521815301307
543,20.3389830508475,91.5254237288135,0.609282557254832,-0.643845247548569,2.12040916795178,-2.08526423574276,1.59973043501613,-0.579633625160923
544,30.5084745762712,91.5254237288135,0.650397145049332,-0.700284461235772,2.83687492748971,-2.16430117088576,1.47831389607963,-0.688001902922428
545,40.6779661016949,91.5254237288135,0.702213973886847,-0.735700285395236,3.69087833970195,-2.18521403906083,1.35536521282497,-0.789112420847102
546,50.8474576271186,91.5254237288135,0.762450432410438,-0.750706515408881,4.19460923827069,-2.14782943854855,1.23463950534388,-0.880482064196687
547,61.0169491525424,91.5254237288135,0.828175411450192,-0.746613212443475,3.96041772271317,-2.05412648707549,1.11955802211963,-0.959722888257968
548,71.1864406779661,91.5254237288135,0.895995316839029,-0.725299576644358,3.17321723909487,-1.90816954364223,1.01309983583967,-1.02460604408708
549,81.3559322033898,91.5254237288135,0.962253881766327,-0.689065561655821,2.35413863455992,-1.71595119093325,0.917710155619084,-1.07312383473698
550,91.5254237288135,91.5254237288135,1.02323427802521,-0.640471282643243,1.79054168260205,-1.4851521351002,0.83522814227635,-1.1035481766883
551,101.694915254237,91.5254237288135,1.0753525557541,-0.582173268767614,1.39318537216447,-1.22482851072573,0.766836442095804,-1.11448380223309
552,111.864406779661,91.5254237288135,1.11533255544445,-0.516760135833954,0.886149354707731,-0.945040424676905,0.713033915212626,-1.10491464660902
553,122.033898305085,91.5254237288135,1.14035404753965,-0.446522085018466,-0.0173582094070996,-0.656438274271444,0.673632252346291,-1.07424201636564
554,132.203389830508,91.5254237288135,1.14816785239416,-0.372631140242726,-1.35401421672956,-0.369825304392749,0.647776374305193,-1.0223133291126
555,142.372881355932,91.5254237288135,1.13717394716475,-0.291485845791275,-2.62207205805012,-0.0957159335235772,0.633987719066817,-0.949440444619157
556,152.542372881356,91.5254237288135,1.10646093653727,-0.184101809322677,-3.07357351470199,0.156090469916817,0.630228767357835,-0.856406867316696
557,162.71186440678,91.5254237288135,1.05580760907673,-0.00443656691773006,-2.55029161213538,0.376901448356208,0.633986464186424,-0.744463383815496
558,172.881355932203,91.5254237288135,0.985649484397827,0.295110236109994,-1.67848728774561,0.559471691715044,0.64237158319374,-0.615311998578683
559,183.050847457627,91.5254237288135,0.89701515582025,0.672643209626496,-1.11021465628677,0.698276842587171,0.652230572552572,-0.471078338382475
560,193.220338983051,91.5254237288135,0.791438747124621,0.949432664257294,-0.979576301149011,0.789709200980837,0.660266031464642,-0.31427300331913
561,203.389830508475,91.5254237288135,0.670855877360473,0.96173925681828,-1.09749390900505,0.832187331654621,0.663161707062823,-0.147742640487707
562,213.559322033898,91.5254237288135,0.53749169097931,0.759145598187304,-1.28697452003737,0.826175606714137,0.657707780268814,0.0253882020463211
563,223.728813559322,91.5254237288135,0.393760302300372,0.542496292295511,-1.47070239406774,0.774113910596269,0.640922228822568,0.201783126778318
564,233.898305084746,91.5254237288135,0.242320155162872,0.442046965350077,-1.62612582092689,0.680261893626865,0.610164214533492,0.377966304850366
565,244.067796610169,91.5254237288135,0.0873728480440082,0.451255854710646,-1.74705623961873,0.550466085991538,0.563235733461776,0.550399535452227
566,254.237288135593,91.5254237288135,-0.0575817296098665,0.515180636967274,-1.83100868938237,0.391861689980152,0.498468181536658,0.7155620787381
567,264.406779661017,91.5254237288135,-0.143304704361056,0.597819482802975,-1.87678035558638,0.212523789269096,0.414791009419623,0.870031299900234
568,274.576271186441,91.5254237288135,-0.0446479754037432,0.686003953576236,-1.88415566502034,0.0210849129996781,0.311780251153326,1.01056211843574
569,284.745762711864,91.5254237288135,0.400945349410242,0.7756996510372,-1.85386535345368,-0.173662732055282,0.189685390422276,1.13416326558415
570,294.915254237288,91.5254237288135,1.15379157817762,0.864664705405098,-1.78754236542259,-0.36316155735061,0.0494337531173241,1.23816841457315
571,305.084745762712,91.5254237288135,1.75025656733624,0.950539092241079,-1.68765330492605,-0.53946102544218,-0.107387638943142,1.32030036142764
572,315.254237288136,91.5254237288135,1.6245000923908,1.03060118886068,-1.55740677861397,-0.695551119992853,-0.278572075612541,1.37872659600951
573,325.423728813559,91.5254237288135,0.766547086318168,1.10184322865815,-1.40064207969376,-0.82564185479349,-0.461353635094928,1.41210480965571
574,335.593220338983,91.5254237288135,-0.263185617174031,1.16115557245341,-1.22170233805879,-0.92537662944369,-0.652486074024688,1.41961713203131
575,345.762711864407,91.5254237288135,-0.986495893353076,1.20591994875107,-1.02529672300804,-0.991970608727016,-0.848337484547542,1.40099216927092
576,355.93220338983,91.5254237288135,-1.34914910726374,1.23638615303161,-0.816356567666032,-1.0242690685439,-1.04499757284906,1.35651422087692
577,366.101694915254,91.5254237288135,-1.50864204618463,1.26219181355706,-0.599890381775611,-1.0227246277301,-1.23839402165329,1.28701937616961
578,376.271186440678,91.5254237288135,-1.58898610914399,1.3089167821518,-0.38084263063857,-0.989296276873338,-1.42441412650939,1.1938785238172
579,386.440677966102,91.5254237288135,-1.63728385436918,1.40152935999945,-0.163960888666658,-0.927276927061748,-1.59902775014795,1.07896764129831
580,396.610169491525,91.5254237288135,-1.66359945178215,1.51046308175397,0.0463244606034085,-0.841059647634748,-1.75840762450457,0.944626056200859
581,406.779661016949,91.5254237288135,-1.66827973433368,1.52852857491016,0.246004390474806,-0.735855675344879,-1.89904314551436,0.793603679368833
582,416.949152542373,91.5254237288135,-1.65001153319767,1.36477289921743,0.431576382209631,-0.617379517498969,-2.01784404652596,0.628998492828518
583,427.118644067797,91.5254237288135,-1.6070277507197,1.05572449716982,0.600108479806206,-0.491517931783863,-2.11223069313845,0.4541858255728
584,437.28813559322,91.5254237288135,-1.5375607190555,0.720831206413402,0.749281025704564,-0.364000177447565,-2.18020820264965,0.272741160932612
585,447.457627118644,91.5254237288135,-1.4408544954022,0.434316886135083,0.877405737777713,-0.240086670102819,-2.22042213905591,0.0883583847452623
586,457.627118644068,91.5254237288135,-1.31767183658361,0.192982256266806,0.983422659759783,-0.124292052601645,-2.23219415086872,-0.0952345006268259
587,467.796610169491,91.5254237288135,-1.16966207537953,-0.0308743383694346,1.06687634310968,-0.0201567763899229,-2.21553658304126,-0.274360108303898
588,477.966101694915,91.5254237288135,-0.998726119009822,-0.252430232225735,1.12787336595641,0.0699213300552364,-2.17114578378654,-0.445474748223423
589,488.135593220339,91.5254237288135,-0.807162134225514,-0.473383730128469,1.16702393566348,0.144787213862699,-2.10037451915304,-0.605247807270491
590,498.305084745763,91.5254237288135,-0.598000138529902,-0.690044207680897,1.18537083160926,0.204555770756012,-2.00518458017745,-0.75063547736372
591,508.474576271186,91.5254237288135,-0.374952939298795,-0.897566216362473,1.1843093046954,0.250565154710605,-1.88808129741772,-0.878947031201921
592,518.64406779661,91.5254237288135,-0.142122616826408,-1.09117076480576,1.16550174843097,0.285259192176258,-1.75203224544122,-0.987902042738035
593,528.813559322034,91.5254237288135,0.0959430411742551,-1.2664723187947,1.13079099572774,0.312005561993285,-1.60037290741182,-1.07567718832173
594,538.983050847458,91.5254237288135,0.33332178692711,-1.41963630131015,1.08211598031134,0.334859752124614,-1.43670246211543,-1.14094153841979
595,549.152542372881,91.5254237288135,0.561944025658665,-1.54749505074832,1.02143321588989,0.358287643298433,-1.26477314070847,-1.18287955151914
596,559.322033898305,91.5254237288135,0.773309678888663,-1.64763311464854,0.950647098220213,0.386861755198798,-1.08837676993869,-1.20120130313379
597,569.491525423729,91.5254237288135,0.961734260118438,-1.71844015378393,0.871551498963807,0.424947612942581,-0.911232168228068,-1.19613981514428
598,579.661016949153,91.5254237288135,1.12466507189711,-1.75913025627282,0.785784526569599,0.476397278057026,-0.736876990463507,-1.16843568508215
599,589.830508474576,91.5254237288135,1.25992583891604,-1.76972804966961,0.694797638877051,0.544266808244379,-0.56856743020704,-1.11930954247483
600,600,91.5254237288135,1.3643454396097,-1.75102358019964,0.599839539853278,0.630573276060565,-0.409188891703226,-1.05042317123353
601,0,101.694915254237,0.62913849986752,-0.334235735152086,1.73801973051131,-1.69300436128365,1.66694633273739,-0.234475101747358
602,10.1694915254237,101.694915254237,0.638784207337202,-0.433545325018572,2.02991856708512,-1.84539725608348,1.58945248845892,-0.392344759465743
603,20.3389830508475,101.694915254237,0.663025520774463,-0.520122398033636,2.57866392596824,-1.94671263042557,1.50325601039628,-0.550022945199307
604,30.5084745762712,101.694915254237,0.701914415716499,-0.592846282925435,3.54165801542105,-1.99305767319094,1.41153901983379,-0.703841997558872
605,40.6779661016949,101.694915254237,0.75440323840756,-0.651085378982498,4.71025901081595,-1.98254846348598,1.31741551953087,-0.850072369434726
606,50.8474576271186,101.694915254237,0.81844423115818,-0.694662461830142,5.39304020299611,-1.91541897868753,1.22382800583519,-0.985017678260172
607,61.0169491525424,101.694915254237,0.891134377042123,-0.723801537835572,5.0405792435832,-1.79403966059296,1.13345178492541,-1.1051115109818
608,71.1864406779661,101.694915254237,0.968895850291625,-0.739060411187678,3.91671296347595,-1.62284393338435,1.04861009822716,-1.20701339200188
609,81.3559322033898,101.694915254237,1.04768108705612,-0.741253735013057,2.7635621251241,-1.40816530021157,0.971202774712632,-1.287701299788
610,91.5254237288135,101.694915254237,1.1231908552548,-0.731371603557365,1.99694654352318,-1.15799177011566,0.90265065343796,-1.34455816714108
611,101.694915254237,101.694915254237,1.19109370618398,-0.710497899507539,1.52305753079609,-0.881648187716885,0.843857474693876,-1.37544992075562
612,111.864406779661,101.694915254237,1.24723580403417,-0.679718500848571,1.043614928362,-0.58942037285805,0.795190341161761,-1.37879280518289
613,122.033898305085,101.694915254237,1.28783129064688,-0.639861526113391,0.29174435471952,-0.292137667565744,0.756479221682637,-1.35360799016727
614,132.203389830508,101.694915254237,1.30962496267713,-0.589914856389732,-0.777125809194803,-0.000732405329460152,0.727035330762714,-1.29956177228537
615,142.372881355932,101.694915254237,1.31002100645417,-0.519207192950943,-1.79841459632328,0.274204128260755,0.705687588051292,-1.21699004392201
616,152.542372881356,101.694915254237,1.28717372730666,-0.384354925017076,-2.22392568808668,0.522849533829316,0.690835764513225,-1.10690610545001
617,162.71186440678,101.694915254237,1.24003849280598,-0.0838235005755057,-1.93632544783263,0.736543004678143,0.680518375454261,-0.970991329410491
618,172.881355932203,101.694915254237,1.1683833515268,0.486426535156208,-1.39209745537491,0.908125631210414,0.672492902675121,-0.811568636959283
619,183.050847457627,101.694915254237,1.0727638665279,1.23426352274962,-1.06663378789224,1.03221349557963,0.66432553414281,-0.631559204682907
620,193.220338983051,101.694915254237,0.954465506970059,1.76818074710213,-1.05651579064286,1.10539189499024,0.653487312081426,-0.434423271641383
621,203.389830508475,101.694915254237,0.815419398231521,1.72886299637714,-1.22201209282262,1.12632271131243,0.637453388409499,-0.224086349777793
622,213.559322033898,101.694915254237,0.658098605039305,1.22229960671854,-1.43234689215234,1.09576098112463,0.613802005524187,-0.00485254366251942
623,223.728813559322,101.694915254237,0.48540875067393,0.684543234509364,-1.62979313469147,1.01648092137279,0.580309852364683,0.218692953327645
624,233.898305084746,101.694915254237,0.300657554085364,0.397688209940636,-1.79683643308367,0.893115831514981,0.535040588531383,0.441789810044107
625,244.067796610169,101.694915254237,0.108219058458233,0.345572531948447,-1.92810035494454,0.731920225497699,0.476423577385263,0.659614330932899
626,254.237288135593,101.694915254237,-0.082167636218024,0.406925869357432,-2.02109888635,0.540466060126057,0.403320213450496,0.867394246283204
627,264.406779661017,101.694915254237,-0.240571851268077,0.502524379079008,-2.07447533878251,0.327287854974595,0.315075657922797,1.06052360673684
628,274.576271186441,101.694915254237,-0.294305144665662,0.603809490922322,-2.08779398687507,0.101493706199445,0.211554293791292,1.234674839127
629,284.745762711864,101.694915254237,-0.149668101849475,0.703055796834885,-2.06151453036443,-0.127639419121044,0.0931577619867073,1.38590506865304
630,294.915254237288,101.694915254237,0.172991183792356,0.797360778323662,-1.99696118162476,-0.351067221758943,-0.0391749765395928,1.51075393784619
631,305.084745762712,101.694915254237,0.414332601562929,0.884431360283489,-1.89627073389785,-0.56035795939076,-0.183985510391742,1.60633035288109
632,315.254237288136,101.694915254237,0.257245623977039,0.961954018706286,-1.76232054234576,-0.748033484947818,-0.339331144887493,1.67038585762966
633,325.423728813559,101.694915254237,-0.302448584803391,1.02761193964174,-1.59863892500365,-0.907856326173416,-0.502836166421073,1.70137266859813
634,335.593220338983,101.694915254237,-0.94782819189668,1.07931820087198,-1.40930102613535,-1.03505049601402,-0.671757481203141,1.69848479094666
635,345.762711864407,101.694915254237,-1.40852496791991,1.11646927142585,-1.19881356780723,-1.12644708609119,-0.84306244384108,1.66168106705085
636,355.93220338983,101.694915254237,-1.65325297705355,1.1458036921707,-0.971992174417802,-1.18054945630514,-1.01351630498595,1.59168947315964
637,366.101694915254,101.694915254237,-1.77024785434756,1.19800927127189,-0.733835083564517,-1.19751680727635,-1.179776408613,1.48999246432038
638,376.271186440678,101.694915254237,-1.82915901598572,1.34442797803184,-0.489397052883361,-1.17906891396121,-1.33849006752323,1.3587936599521
639,386.440677966102,101.694915254237,-1.85674965798517,1.6537835752335,-0.243667139192959,-1.1283186134841,-1.48639294617818,1.20096664905994
640,396.610169491525,101.694915254237,-1.85970607133701,2.05191717153162,-0.00145377105123518,-1.04954209259541,-1.62040478539422,1.01998716200462
641,406.779661016949,101.694915254237,-1.84003939083587,2.26164109019796,0.232719829224746,-0.947899943286,-1.73771941262091,0.819850292333165
642,416.949152542373,101.694915254237,-1.79804710275142,2.04631759979227,0.454707276908157,-0.829124208668821,-1.83588618999013,0.604974845607705
643,427.118644067797,101.694915254237,-1.73046708178685,1.49865168745068,0.660815645870809,-0.69918811838748,-1.91288035228781,0.380097231734233
644,437.28813559322,101.694915254237,-1.63178202614298,0.92499706196788,0.847865601877627,-0.563975845193228,-1.96716006776092,0.150157593718713
645,447.457627118644,101.694915254237,-1.50056300107903,0.51271320704686,1.01323418676316,-0.428969375417068,-1.99770850295328,-0.0798189285284813
646,457.627118644068,101.694915254237,-1.34234739011324,0.246718375723315,1.15488001384531,-0.298968492336555,-2.00405967318734,-0.304842771448042
647,467.796610169491,101.694915254237,-1.16450604141854,0.0471252801319651,1.27135123915804,-0.17785798149245,-1.98630739592555,-0.52007928104191
648,477.966101694915,101.694915254237,-0.971255542823144,-0.134339734557092,1.36177723852612,-0.068433578591487,-1.94509721710647,-0.7209637612464
649,488.135593220339,101.694915254237,-0.764438063861424,-0.311540213902054,1.42584542878063,0.027704974249488,-1.88160173231842,-0.903309305778086
650,498.305084745763,101.694915254237,-0.54587220521469,-0.484593074704922,1.4637650985058,0.110188959775418,-1.79748025722563,-1.0634046727192
651,508.474576271186,101.694915254237,-0.317318615646745,-0.650510340846705,1.47622041371418,0.179842789039982,-1.6948242976916,-1.19809972487097
652,518.64406779661,101.694915254237,-0.0791932370157318,-0.806024732331657,1.46431493245829,0.238575987192156,-1.57609071362601,-1.3048762884352
653,528.813559322034,101.694915254237,0.168260396776428,-0.948115718810174,1.42951018461056,0.289211541950252,-1.44402484768028,-1.38190266905731
654,538.983050847458,101.694915254237,0.418637875201203,-1.07413232218733,1.37356120923685,0.335260425876388,-1.30157618883603,-1.42807049729204
655,549.152542372881,101.694915254237,0.6540931804698,-1.1818572228887,1.29845174699388,0.380654927822747,-1.15180935267211,-1.44301304347782
656,559.322033898305,101.694915254237,0.854446249510938,-1.26955009176977,1.2063308839691,0.429455604831777,-0.997813278631623,-1.4271046322099
657,569.491525423729,101.694915254237,1.01490586411825,-1.33597228529734,1.09945272469962,0.485548083740298,-0.842611567047245,-1.38144128585933
658,579.661016949153,101.694915254237,1.14656835627667,-1.38039307317486,0.980121285054142,0.552346529826663,-0.689076805329107,-1.30780322141465
659,589.830508474576,101.694915254237,1.25906960883837,-1.4025782675146,0.850642474052,0.632520327339249,-0.539851567034121,-1.20860030196658
660,600,101.694915254237,1.35148563579633,-1.40276288934126,0.713283891603715,0.727759395707344,-0.397278515986474,-1.08680199053693
661,0,111.864406779661,0.619128393439686,-0.186262109780972,1.9652241956052,-1.58640801037176,1.42272579657175,-0.130271010414366
662,10.1694915254237,111.864406779661,0.616714012879207,-0.284285683712528,2.249881739692,-1.7004284818852,1.37440263155175,-0.326478821875227
663,20.3389830508475,111.864406779661,0.63148257852985,-0.377223422063995,2.79319053606976,-1.76472801518629,1.31879346491278,-0.524224874786456
664,30.5084745762712,111.864406779661,0.664107241037642,-0.46394793433021,3.75656218144268,-1.77592454600291,1.25816993668216,-0.71877305639698
665,40.6779661016949,111.864406779661,0.713995210396427,-0.543426790968677,4.92788995964935,-1.73260003144898,1.19474461759347,-0.90530301873428
666,50.8474576271186,111.864406779661,0.779361744520316,-0.614713795602324,5.60237710903425,-1.63540026769394,1.13059652740811,-1.0790344491662
667,61.0169491525424,111.864406779661,0.857358686304193,-0.676940908529781,5.22012079546184,-1.48704643689296,1.067602868232,-1.23535310517515
668,71.1864406779661,111.864406779661,0.944248761319516,-0.729312322187979,4.05116501234708,-1.29225693129838,1.00737919345888,-1.36993522992253
669,81.3559322033898,111.864406779661,1.03561508915352,-0.771101946619892,2.85408612071865,-1.05758212711413,0.951229929148637,-1.47886695782762
670,91.5254237288135,111.864406779661,1.12659421052428,-0.801655176672808,2.05766348513546,-0.791158797936985,0.900110799467796,-1.55875540520493
671,101.694915254237,111.864406779661,1.21212041874821,-0.820394056807162,1.58408440613718,-0.502394576723275,0.854604293930641,-1.60682831864573
672,111.864406779661,111.864406779661,1.28716930296133,-0.82680282133518,1.17890349345928,-0.201596119258151,0.8149088657582,-1.62101941937675
673,122.033898305085,111.864406779661,1.34698912435075,-0.820139268511856,0.644434596386094,0.100442763296324,0.780842082935207,-1.60003692889552
674,132.203389830508,111.864406779661,1.3873098890043,-0.797055230574547,-0.0599820625265949,0.392874874500559,0.751857482233733,-1.54341318105966
675,142.372881355932,111.864406779661,1.40452166077983,-0.739417298959239,-0.744367255714662,0.665236158854323,0.727074417323861,-1.45153370769889
676,152.542372881356,111.864406779661,1.39581566504638,-0.578217596607628,-1.11864450599666,0.907865710140343,0.705319760314841,-1.32564471611239
677,162.71186440678,111.864406779661,1.35928394734291,-0.153716109155232,-1.11855353590548,1.11229075708072,0.68517992584071,-1.16783844342651
678,172.881355932203,111.864406779661,1.29397564294093,0.697324045275405,-0.981278331717507,1.27155975036498,0.665061350801003,-0.981016459537877
679,183.050847457627,111.864406779661,1.19991015955673,1.83019136598597,-0.953995305032165,1.3805090857423,0.643257291860601,-0.768831581391498
680,193.220338983051,111.864406779661,1.07804966646848,2.63048437001501,-1.08496113757518,1.43595207510849,0.618018605321313,-0.535609640530681
681,203.389830508475,111.864406779661,0.930235162271834,2.53401134754187,-1.29842351782109,1.43678237454624,0.587626056001525,-0.286252897287674
682,213.559322033898,111.864406779661,0.759092212790219,1.70590773423174,-1.52352394234121,1.38398802371286,0.550461666601416,-0.0261274033819279
683,223.728813559322,111.864406779661,0.567916184163574,0.828714918299454,-1.72800809921226,1.2805763571344,0.505076667205862,0.239062934160425
684,233.898305084746,111.864406779661,0.360574830271009,0.34365509447963,-1.90100580516059,1.13141411993136,0.450253733821007,0.503412453709192
685,244.067796610169,111.864406779661,0.141677621081912,0.224511189310686,-2.03830796684185,0.942990965484864,0.385061410207231,0.760956570085823
686,254.237288135593,111.864406779661,-0.0817969849261672,0.280534545757768,-2.13753028791286,0.723117949186623,0.308898881320163,1.00581769120994
687,264.406779661017,111.864406779661,-0.294609586529131,0.3872301411391,-2.19720499981808,0.480575499464343,0.221529599735835,1.23235046119317
688,274.576271186441,111.864406779661,-0.464209594109031,0.499928491773965,-2.21668280275243,0.224727511353546,0.123102646964983,1.43528255627457
689,284.745762711864,111.864406779661,-0.549603352682103,0.607050908608554,-2.19612509364674,-0.0348804301648351,0.0141611265203465,1.60984734654845
690,294.915254237288,111.864406779661,-0.556091337302685,0.705017329422903,-2.13648750738714,-0.288920190266541,-0.10436267908153,1.75190492235732
691,305.084745762712,111.864406779661,-0.585918382918279,0.791621124543536,-2.03948654300674,-0.528659462345672,-0.231165214155028,1.85804826513267
692,315.254237288136,111.864406779661,-0.765009181090397,0.864995271297509,-1.90754984467533,-0.746302496771868,-0.364602013206011,1.92569171136758
693,325.423728813559,111.864406779661,-1.09300358711784,0.923571799203774,-1.74375162500582,-0.935278322985893,-0.502729507662293,1.95313930586054
694,335.593220338983,111.864406779661,-1.43997143820875,0.96639951755926,-1.55173509054455,-1.09046432602327,-0.643356889584315,1.93963115474713
695,345.762711864407,111.864406779661,-1.69519009753049,0.99534521990733,-1.33562402151763,-1.20833630956548,-0.784106322385124,1.88536645661515
696,355.93220338983,111.864406779661,-1.84505546764857,1.02587257643339,-1.09992588325021,-1.28703983908938,-0.92247952397825,1.79150249613626
697,366.101694915254,111.864406779661,-1.92473371058962,1.11786363610006,-0.849429000557454,-1.3263815303485,-1.05592855039934,1.66012951297755
698,376.271186440678,111.864406779661,-1.96248578691351,1.4066273387237,-0.589096405992178,-1.32774284065982,-1.18192848377185,1.49422199243429
699,386.440677966102,111.864406779661,-1.97069876975928,2.02206445448345,-0.323958977715811,-1.29392264358902,-1.29804968098249,1.29756754618149
700,396.610169491525,111.864406779661,-1.95693081870807,2.82696433903798,-0.0590104149313136,-1.22891824109086,-1.40202726949558,1.07467514495105
701,406.779661016949,111.864406779661,-1.93022550749151,3.30474602170954,0.200893537447473,-1.13765732837511,-1.49182568267854,0.830665013685323
702,416.949152542373,111.864406779661,-1.89425114564099,3.01366898989516,0.451129401559674,-1.02569563897048,-1.56569620464418,0.57114298882794
703,427.118644067797,111.864406779661,-1.83363394725136,2.125400799078,0.687391855722582,-0.898896456327295,-1.62222573740809,0.302062553485796
704,437.28813559322,111.864406779661,-1.71988023081175,1.20926243346581,0.905769535374836,-0.763108816966474,-1.66037530248072,0.0295780977671365
705,447.457627118644,111.864406779661,-1.54354788140495,0.611904506198008,1.10280941137522,-0.623861022409719,-1.6795071344405,-0.240106810536698
706,457.627118644068,111.864406779661,-1.32872835598144,0.301760781273328,1.27556876382038,-0.486085038482285,-1.67939960371537,-0.500892222291656
707,467.796610169491,111.864406779661,-1.10656624749226,0.125844940840746,1.42165413679737,-0.35388554757428,-1.66024960686238,-0.746931714656634
708,477.966101694915,111.864406779661,-0.889647147176253,-0.0102958164103001,1.5392470485875,-0.230364926655145,-1.62266247162735,-0.972775526719477
709,488.135593220339,111.864406779661,-0.675962569413574,-0.137212733909998,1.62711666443557,-0.117512379167167,-1.56762982740567,-1.17350321607904
710,498.305084745763,111.864406779661,-0.460778438285722,-0.259928298879545,1.68461997846681,-0.0161620072558481,-1.49649627615635,-1.34484240482453
711,508.474576271186,111.864406779661,-0.236690753189768,-0.377614858365813,1.7116896883747,0.0739790537034591,-1.41091605184954,-1.48327055087897
712,518.64406779661,111.864406779661,0.0112540874180034,-0.488700022511975,1.70880897394963,0.154235018810032,-1.31280116683034,-1.58609713042618
713,528.813559322034,111.864406779661,0.298513176358654,-0.591694493013889,1.6769743525926,0.226804490195753,-1.20426280127024,-1.65152413709949
714,538.983050847458,111.864406779661,0.613391851329268,-0.685285485443463,1.61765382002542,0.294551508047266,-1.08754788920707,-1.67868337981212
715,549.152542372881,111.864406779661,0.896135015635907,-0.768344004704104,1.53274549408736,0.360756715356167,-0.964972985691674,-1.6676496780368
716,559.322033898305,111.864406779661,1.07808367982482,-0.839921134066947,1.42452856032675,0.428842846245365,-0.838857560669152,-1.61942969434635
717,569.491525423729,111.864406779661,1.15511064372488,-0.899240328470602,1.29559914845247,0.502090124796883,-0.711458855189713,-1.53592679177974
718,579.661016949153,111.864406779661,1.1882054176341,-0.945687480240215,1.14880136312642,0.583357734995896,-0.58491035550283,-1.41988294056816
719,589.830508474576,111.864406779661,1.22971239735222,-0.978800242873106,0.987164799904197,0.674827262849131,-0.461165793983921,-1.2747993076869
720,600,111.864406779661,1.28465409065792,-0.998257986382003,0.81384627832737,0.777782930594118,-0.341950378286638,-1.10483772708365
721,0,122.033898305085,0.531566735359698,-0.0320883915522816,2.10861216505632,-1.45545328245546,1.10286262271683,-0.0425221872471769
722,10.1694915254237,122.033898305085,0.511438696118095,-0.125660989835247,2.33869310550297,-1.52934672507714,1.08345951100883,-0.271610474727939
723,20.3389830508475,122.033898305085,0.511798266615438,-0.22198579554534,2.74575923072864,-1.55564829789859,1.05867663314245,-0.503545484271379
724,30.5084745762712,122.033898305085,0.5339695100572,-0.31997682280655,3.44834576260736,-1.53154671710949,1.02984660158111,-0.732675858952498
725,40.6779661016949,122.033898305085,0.577843993537156,-0.41824335253652,4.29142236674725,-1.45611120214187,0.998248263191498,-0.953253334865451
726,50.8474576271186,122.033898305085,0.641929260556391,-0.515106801350906,4.75901717069499,-1.33037988012986,0.965062272584833,-1.15958184911205
727,61.0169491525424,122.033898305085,0.723460748418107,-0.608637507306542,4.4415350158796,-1.15736406992377,0.931331405668147,-1.3461682270761
728,71.1864406779661,122.033898305085,0.818569305395913,-0.696710249393696,3.53788618781997,-0.941967184171831,0.897926911694605,-1.50787039954542
729,81.3559322033898,122.033898305085,0.922494232272517,-0.777076221341094,2.60537851970035,-0.69082090638118,0.865521983079056,-1.64003911107886
730,91.5254237288135,122.033898305085,1.02983012120515,-0.847448133436627,1.9609143197772,-0.412045114258122,0.834573168707037,-1.73864920274981
731,101.694915254237,122.033898305085,1.13479474534298,-0.905592768603725,1.55526544533958,-0.114941550009114,0.805310277226773,-1.80041678283901
732,111.864406779661,122.033898305085,1.23150488521285,-0.949400278466946,1.22190556638925,0.190365685065928,0.777735021484915,-1.82289893297451
733,122.033898305085,122.033898305085,1.31424724953218,-0.976638952023877,0.845298730862337,0.493327256810473,0.751628353926583,-1.80457302649267
734,132.203389830508,122.033898305085,1.37773251466605,-0.982345479049004,0.398694857721041,0.783386029930871,0.726566145631088,-1.74489324957958
735,142.372881355932,122.033898305085,1.41732189674895,-0.945166559561093,-0.0461112907986753,1.05039653034329,0.701942578678931,-1.64432250077532
736,152.542372881356,122.033898305085,1.42921748913297,-0.786760271295526,-0.376889325352954,1.28502805050689,0.67700036217017,-1.50433848533199
737,162.71186440678,122.033898305085,1.41060973397297,-0.326935658004505,-0.566228007103322,1.47913374946792,0.65086665499771,-1.32741350068498
738,172.881355932203,122.033898305085,1.35977772907538,0.618114014515312,-0.700471701033744,1.62606965570131,0.622593390829826,-1.11696810968644
739,183.050847457627,122.033898305085,1.27614048201765,1.88512557890641,-0.869820933140213,1.72094978014991,0.591200558691819,-0.877299600303934
740,193.220338983051,122.033898305085,1.16025966950144,2.78167145740125,-1.08954480356321,1.76082647977264,0.555720900492075,-0.613486815047988
741,203.389830508475,122.033898305085,1.01379729349443,2.67164173427939,-1.32829321740823,1.74478863902982,0.515244447527932,-0.331273581631518
742,213.559322033898,122.033898305085,0.839435999774213,1.74002525193114,-1.55678060758457,1.67397399535099,0.468961332349477,-0.0369335703046639
743,223.728813559322,122.033898305085,0.640774593666616,0.754346584073844,-1.76054383965902,1.5514958465687,0.416201379458081,0.26288007367535
744,233.898305084746,122.033898305085,0.422206388679776,0.210379604993731,-1.93347695974606,1.38228825848697,0.356469095505396,0.561296536691231
745,244.067796610169,122.033898305085,0.188806483715956,0.0776002333431661,-2.07230420568192,1.17287755612142,0.289472842606586,0.851396457783327
746,254.237288135593,122.033898305085,-0.0534557817717812,0.140345804555595,-2.17477964440116,0.931091160437522,0.215147181252173,1.12638400854398
747,264.406779661017,122.033898305085,-0.296206159313826,0.257752704562791,-2.23936455735001,0.665717570428415,0.133667604962366,1.37975746096316
748,274.576271186441,122.033898305085,-0.525967086568437,0.379089382210667,-2.26520575822111,0.386133361309186,0.0454571490972122,1.60547377614501
749,284.745762711864,122.033898305085,-0.726606476852604,0.491166392456119,-2.25214291112814,0.101914379086742,-0.0488153678252653,1.79810287066042
750,294.915254237288,122.033898305085,-0.895459828151244,0.59010024409077,-2.2007072497519,-0.177551197688609,-0.148245429736846,1.95296745859875
751,305.084745762712,122.033898305085,-1.05845565439142,0.673854088681937,-2.11210835860582,-0.443430604495498,-0.251710916025386,2.06626472035702
752,315.254237288136,122.033898305085,-1.24899635085736,0.741056882891316,-1.98820902637974,-0.687778882032701,-0.357897616042483,2.13516650500288
753,325.423728813559,122.033898305085,-1.46432517760045,0.790928852690672,-1.83148857148983,-0.903821662112699,-0.465331334274667,2.15789531995282
754,335.593220338983,122.033898305085,-1.66453288194589,0.823649843291887,-1.64499524148246,-1.08617666765381,-0.572415539870567,2.13377398545389
755,345.762711864407,122.033898305085,-1.81582229428087,0.843238209663883,-1.43228847739151,-1.23100534237356,-0.677473335200757,2.06324751550733
756,355.93220338983,122.033898305085,-1.91319287550645,0.871912557627187,-1.19737201649488,-1.33608949544133,-0.778792381263057,1.9478765132514
757,366.101694915254,122.033898305085,-1.96651780926915,0.991297901571752,-0.944618979225049,-1.40083151872735,-0.874671327265778,1.79030211801353
758,376.271186440678,122.033898305085,-1.98515237911158,1.38388356913345,-0.678690244850213,-1.42618042974,-0.963466250261463,1.5941832931124
759,386.440677966102,122.033898305085,-1.97854131902078,2.22467029960616,-0.40444756236114,-1.41448953207222,-1.04363561923077,1.36410797773768
760,396.610169491525,122.033898305085,-1.96614979046767,3.33055088643616,-0.12686296410155,-1.36931469598777,-1.11378235580969,1.10548032294033
761,406.779661016949,122.033898305085,-1.9796400884625,4.00988658311519,0.149073853575454,-1.29516499040157,-1.17269166854499,0.824386871950025
762,416.949152542373,122.033898305085,-2.03125259390493,3.67089405643576,0.418448449427806,-1.19721951408087,-1.21936348523134,0.527445111172686
763,427.118644067797,122.033898305085,-2.06231508209961,2.54304712564438,0.676513085103948,-1.08102567921914,-1.2530384932022,0.221638294732083
764,437.28813559322,122.033898305085,-1.96485142321105,1.38807061675662,0.918774926260658,-0.952194830844172,-1.27321701387307,-0.0858591808954832
765,447.457627118644,122.033898305085,-1.6999357716678,0.669026223754766,1.14107925374498,-0.816110915484,-1.27967017784842,-0.387861315197437
766,457.627118644068,122.033898305085,-1.35101442624598,0.341992816493373,1.33968601710063,-0.677666956366279,-1.27244312225943,-0.677350278211691
767,467.796610169491,122.033898305085,-1.02667406512942,0.200103238459571,1.51133823312629,-0.541042403157548,-1.25185019402222,-0.947651729808972
768,477.966101694915,122.033898305085,-0.766890047070993,0.114662236544279,1.65332124892519,-0.409532090891762,-1.21846240258124,-1.19260110279321
769,488.135593220339,122.033898305085,-0.557683817421723,0.0424149053360323,1.7635131880157,-0.285434685894787,-1.17308761477424,-1.40669650257946
770,498.305084745763,122.033898305085,-0.37310229520923,-0.0257694649100984,1.84042728249878,-0.170005262339957,-1.1167442145214,-1.58523422677857
771,508.474576271186,122.033898305085,-0.174185600995069,-0.0911694001664714,1.88323821819971,-0.063473206016848,-1.05062915361724,-1.72442336631417
772,518.64406779661,122.033898305085,0.103693421914856,-0.153963287585704,1.89176842038113,0.0348768434512972,-0.976081490477242,-1.82147650355961
773,528.813559322034,122.033898305085,0.519299104081903,-0.214256583334231,1.86643392619017,0.126566648262023,-0.894542645920977,-1.87467415761524
774,538.983050847458,122.033898305085,1.03847182828929,-0.272133972504139,1.80822841818704,0.213737303171403,-0.80751469496756,-1.88340132522487
775,549.152542372881,122.033898305085,1.48061635277933,-0.32760801202266,1.71879610438954,0.298924699435782,-0.716518058647632,-1.84815520915434
776,559.322033898305,122.033898305085,1.64469767611182,-0.380567479125055,1.60046383125607,0.384810770824208,-0.623049959005156,-1.77052399406516
777,569.491525423729,122.033898305085,1.52844990204782,-0.430736583419724,1.45611401113747,0.473965070540128,-0.528544954330573,-1.65313730223537
778,579.661016949153,122.033898305085,1.32513082161431,-0.477648378940652,1.2890162615569,0.568591771027963,-0.434338782309252,-1.49958971698542
779,589.830508474576,122.033898305085,1.19922384656955,-0.520634476142006,1.10275165452728,0.670296936709616,-0.341636609691523,-1.31433947986072
780,600,122.033898305085,1.1700445772606,-0.55883215823619,0.901182928130244,0.779889903710497,-0.251486623095158,-1.1025851289937
781,0,132.203389830508,0.369487383884695,0.121538918398854,2.17167779049166,-1.31176637117293,0.724980558933339,0.0256667241689589
782,10.1694915254237,132.203389830508,0.326275299446271,0.0351457526619608,2.33007979452638,-1.34640526624319,0.733745492535157,-0.229726149076869
783,20.3389830508475,132.203389830508,0.307522365785855,-0.0616415698313742,2.56169913959739,-1.33619509133124,0.739421406373831,-0.488792686648252
784,30.5084745762712,132.203389830508,0.315228918309658,-0.167794694401981,2.92916347570778,-1.2789250069229,0.742388371498882,-0.745150905930309
785,40.6779661016949,132.203389830508,0.349797394405416,-0.281597594874253,3.35142708683743,-1.17414629750417,0.742975261915231,-0.99231994347222
786,50.8474576271186,132.203389830508,0.410055409972351,-0.400689198755856,3.55773702961212,-1.02324761532808,0.7414460347071,-1.22388874271657
787,61.0169491525424,132.203389830508,0.493350786740967,-0.522144134509418,3.33362508555156,-0.829452100338688,0.737989282653212,-1.43368593068944
788,71.1864406779661,132.203389830508,0.595711642620811,-0.642587756043716,2.78522821023415,-0.597735334683014,0.732711413500222,-1.61594631807794
789,81.3559322033898,132.203389830508,0.712061974866309,-0.758339709194107,2.20761955294371,-0.334666710233384,0.725633676769434,-1.76546948894592
790,91.5254237288135,132.203389830508,0.836481030373586,-0.865578672700982,1.76980006158456,-0.0481803093457871,0.716693118678906,-1.87776610253997
791,101.694915254237,132.203389830508,0.962493246066718,-0.960518480337246,1.44952203873085,0.252715344096393,0.705747403389992,-1.94918780719531
792,111.864406779661,132.203389830508,1.08337469952485,-1.03956533549502,1.16615078383743,0.558276468987308,0.692583299304176,-1.97703705886386
793,122.033898305085,132.203389830508,1.19246184658035,-1.09921515031113,0.868479345798362,0.858397669306584,0.676928497389565,-1.95965363462338
794,132.203389830508,132.203389830508,1.2834488166535,-1.13402796728105,0.544924539815933,1.14300393708401,0.658466309062896,-1.89647522206617
795,142.372881355932,132.203389830508,1.35066063578141,-1.12565142644003,0.216662267235345,1.40244403887668,0.636852688101434,-1.78807013342068
796,152.542372881356,132.203389830508,1.38929137278482,-1.01003682941513,-0.0827998189093065,1.62786821110494,0.611734937931139,-1.63614092108042
797,162.71186440678,132.203389830508,1.39559825551941,-0.641187176405366,-0.342780987538901,1.81157377929387,0.582771405247489,-1.44349843955305
798,172.881355932203,132.203389830508,1.36704516989263,0.129385679964702,-0.583492707441289,1.94730376069974,0.549651425286305,-1.21400668707771
799,183.050847457627,132.203389830508,1.30239157623877,1.16904747219101,-0.826306431807018,2.0304856406507,0.512114774319084,-0.952499546950071
800,193.220338983051,132.203389830508,1.20172629222325,1.91680338089816,-1.07243316760065,2.05840022934277,0.469969901342412,-0.664671312472775
801,203.389830508475,132.203389830508,1.06645357252483,1.85688229966372,-1.31062748448548,2.03027367926102,0.423110252797569,-0.356943599400696
802,213.559322033898,132.203389830508,0.899261539342539,1.13735147329877,-1.53041054210448,1.94728922380162,0.371528069947208,-0.036311905806742
803,223.728813559322,132.203389830508,0.70412606819021,0.37725591518738,-1.72555365582839,1.81251882073049,0.315325125880152,0.289824346917172
804,233.898305084746,132.203389830508,0.486285944621058,-0.0242210614260632,-1.89234990078593,1.63077847912719,0.254719974904539,0.613843982941073
805,244.067796610169,132.203389830508,0.251763535038775,-0.0935358951341596,-2.02813863067762,1.40841444654326,0.190051407588713,0.928093778705247
806,254.237288135593,132.203389830508,0.00620143631061383,-0.00676799424155695,-2.13083882555802,1.15303047528188,0.121777935688919,1.22508079522937
807,264.406779661017,132.203389830508,-0.245506299026288,0.120698850273027,-2.19888172395805,0.873168931535209,0.0504732680879008,1.49766231394073
808,274.576271186441,132.203389830508,-0.49708307333637,0.246651075980999,-2.23122360088972,0.57796044142439,-0.0231821231014821,1.7392283783074
809,284.745762711864,132.203389830508,-0.739357540022226,0.359569263913444,-2.22736464305509,0.276757996441037,-0.0984131127188795,1.94387210241754
810,294.915254237288,132.203389830508,-0.964563693105207,0.455830295474239,-2.18736322246736,-0.0212280859916224,-0.174365349351166,2.1065431975844
811,305.084745762712,132.203389830508,-1.17214498997823,0.533692867596644,-2.11184401125796,-0.307278250100153,-0.25012352553687,2.22318058207356
812,315.254237288136,132.203389830508,-1.36517312049794,0.592339825439089,-2.00199917403024,-0.573479791778256,-0.324731921119881,2.29082046671338
813,325.423728813559,132.203389830508,-1.54033511014408,0.631798961834753,-1.8595819056493,-0.81299765225522,-0.397216572190284,2.30767693686837
814,335.593220338983,132.203389830508,-1.68705890302655,0.653255115405355,-1.68689161016923,-1.02028897011386,-0.466608363092527,2.2731927626293
815,345.762711864407,132.203389830508,-1.7965596086032,0.661762762648437,-1.48675009383386,-1.1912532883477,-0.53196630817095,2.18805894533419
816,355.93220338983,132.203389830508,-1.86678202685564,0.679995909987648,-1.26246827578359,-1.32331350269498,-0.592400284219435,2.05420232903982
817,366.101694915254,132.203389830508,-1.89989897035818,0.787818490073154,-1.01780310339083,-1.41542601766691,-0.647092494092539,1.87474144836204
818,376.271186440678,132.203389830508,-1.90122398995884,1.16209434052289,-0.756904591197561,-1.46802198228187,-0.695316985834922,1.65391162652275
819,386.440677966102,132.203389830508,-1.8878735729435,1.97236492148156,-0.484253176596822,-1.48288474308505,-0.736456618368961,1.39696115670974
820,396.610169491525,132.203389830508,-1.90865308445,3.04344674058602,-0.204587892455895,-1.46297161996208,-0.770016951841989,1.1100211737214
821,406.779661016949,132.203389830508,-2.04546418548929,3.71064750580123,0.0771738146478957,-1.4121906384185,-0.795636645076697,0.799952530216026
822,416.949152542373,132.203389830508,-2.32844034328551,3.40505052480925,0.356023455260415,-1.33514482063111,-0.81309406051124,0.474173613314886
823,427.118644067797,132.203389830508,-2.59963189352046,2.34754631045915,0.626954561285952,-1.236857955051,-0.822309904428401,0.14047355567514
824,437.28813559322,132.203389830508,-2.57014777777134,1.27076211947435,0.885059639174205,-1.12249637153659,-0.823345862719156,-0.193184303956497
825,447.457627118644,132.203389830508,-2.13311474427721,0.619636542620077,1.12562893956094,-0.99710112209658,-0.816399325318133,-0.518863583546852
826,457.627118644068,132.203389830508,-1.50494190667455,0.351013140254686,1.34424881441984,-0.865344118849355,-0.801794421209726,-0.828855381175534
827,467.796610169491,132.203389830508,-0.969338269445676,0.264675804456558,1.53689789098524,-0.731320258883335,-0.779969706125354,-1.115872901349
828,477.966101694915,132.203389830508,-0.631509352263894,0.235380032752851,1.70004279763286,-0.598385451583753,-0.751462952646963,-1.37323507261535
829,488.135593220339,132.203389830508,-0.456876190441653,0.219908448689749,1.83074594941031,-0.469047867950602,-0.716893583772692,-1.59503432839663
830,498.305084745763,132.203389830508,-0.374128086699257,0.20777064369081,1.9267996434543,-0.344916787249074,-0.676943363045706,-1.77628413667489
831,508.474576271186,132.203389830508,-0.263794039807021,0.196003342569312,1.98681606203939,-0.226710274625084,-0.632336004741934,-1.91304239723478
832,518.64406779661,132.203389830508,0.060439955714862,0.182752159324471,2.01004464166118,-0.114319744055489,-0.583816394767504,-2.00250746346142
833,528.813559322034,132.203389830508,0.742598610011099,0.166358642690213,1.9959140441805,-0.0069264055754306,-0.532130116059324,-2.04308427219405
834,538.983050847458,132.203389830508,1.68194555754825,0.145379051643228,1.94405282358629,0.0968381810548021,-0.47800395147867,-2.03441886037719
835,549.152542372881,132.203389830508,2.45521078494098,0.118692957770504,1.8552721481826,0.198697581645904,-0.422127993336107,-1.97740038984425
836,559.322033898305,132.203389830508,2.62125738246193,0.0855995010266459,1.73225705818433,0.300513946226586,-0.365139923480958,-1.87413066878807
837,569.491525423729,132.203389830508,2.18794059242164,0.045888379737582,1.57881819613651,0.404062593584626,-0.307611943757003,-1.72786202687109
838,579.661016949153,132.203389830508,1.58658767682593,-0.000119035115135561,1.3988272940091,0.51081136100641,-0.250040736639425,-1.54290524697734
839,589.830508474576,132.203389830508,1.1801555204344,-0.0515610345495662,1.19611181386167,0.621718138020155,-0.192840723630955,-1.3245100573439
840,600,132.203389830508,1.01306765875663,-0.107060105167849,0.97484572214697,0.737059075318827,-0.136340768517173,-1.07872142145779
841,0,142.372881355932,0.141294486858576,0.267963584018819,2.16053332543028,-1.16655976821896,0.309808370829178,0.0722072032682185
842,10.1694915254237,142.372881355932,0.0703512018375493,0.190961096233315,2.2577642203844,-1.16525107553378,0.345547246102182,-0.202014467639831
843,20.3389830508475,142.372881355932,0.02839569899869,0.0964949921581431,2.35776741010305,-1.12229417990229,0.38074772840288,-0.48021932642977
844,30.5084745762712,142.372881355932,0.0181218368921729,-0.0144484798300205,2.48483790248135,-1.03608009012965,0.414838845846787,-0.755504252936887
845,40.6779661016949,142.372881355932,0.0404633236315608,-0.139850717796983,2.60936634108277,-0.906612977130289,0.447199411096319,-1.02087643614882
846,50.8474576271186,142.372881355932,0.0945916433999122,-0.276729807805717,2.63037795164448,-0.735570987453261,0.47717515290597,-1.26943570385861
847,61.0169491525424,142.372881355932,0.177993987740736,-0.42126366130409,2.46849254036402,-0.526296604533355,0.50409765118382,-1.49455744603767
848,71.1864406779661,142.372881355932,0.286625273266492,-0.568960805557036,2.16581390347456,-0.283715758081291,0.527304480369753,-1.69007121857882
849,81.3559322033898,142.372881355932,0.415125214488934,-0.714869819910186,1.83608952094486,-0.0141881192149083,0.546159918942352,-1.85043016930452
850,91.5254237288135,142.372881355932,0.557088820770067,-0.853816312621116,1.54559158802144,0.274705833896295,0.560075556542206,-1.9708666164901
851,101.694915254237,142.372881355932,0.705376699947479,-0.980654149518461,1.28862253002768,0.574432486515485,0.568530125540055,-2.04752942779678
852,111.864406779661,142.372881355932,0.85245024617656,-1.09050537955735,1.03807563712445,0.87581646820477,0.571087901181797,-2.07759928702808
853,122.033898305085,142.372881355932,0.990716200217299,-1.17884098671259,0.778453420395412,1.16938268217971,0.567415053290126,-2.0593784866797
854,132.203389830508,142.372881355932,1.11286519675926,-1.24042899624505,0.507806044876837,1.44571447806372,0.55729339176886,-1.99235253185868
855,142.372881355932,142.372881355932,1.21218972240631,-1.26306078292476,0.23277752154632,1.69581268143507,0.54063102604059,-1.87722156902373
856,152.542372881356,142.372881355932,1.28286833644093,-1.20858188750727,-0.0371544406702192,1.91144011114591,0.517469552631888,-1.71590044201811
857,162.71186440678,142.372881355932,1.32020496634863,-0.991877027153099,-0.296988978018618,2.0854368364213,0.487987492439855,-1.51148700705847
858,172.881355932203,142.372881355932,1.32081449802701,-0.527038065594348,-0.547859720372251,2.21199272124723,0.452499816356478,-1.26819918546224
859,183.050847457627,142.372881355932,1.28274901880204,0.107905699333702,-0.791266867194158,2.28686571265001,0.411453521139772,-0.991282075020708
860,193.220338983051,142.372881355932,1.20556681277951,0.585510875907193,-1.02493607747484,2.30753676228714,0.365419342730062,-0.686887255087451
861,203.389830508475,142.372881355932,1.09038190588704,0.604112549679595,-1.24432462600709,2.27329511277869,0.315079817552067,-0.361927184265818
862,213.559322033898,142.372881355932,0.940056840962079,0.247290365750059,-1.44520087180402,2.18525079770976,0.261214019696777,-0.0239082818667019
863,223.728813559322,142.372881355932,0.759829483614413,-0.128038847564508,-1.62432806178723,2.04627445078303,0.204679409392693,0.319253114317865
864,233.898305084746,142.372881355932,0.557939742779428,-0.292796457510858,-1.77913516306779,1.86086774303243,0.146391322305925,0.659427227961042
865,244.067796610169,142.372881355932,0.343560958409401,-0.265137543882593,-1.90743965798668,1.63497081672673,0.0873007068227896,0.988474704658267
866,254.237288135593,142.372881355932,0.120184156999691,-0.149971672577222,-2.00737020253653,1.37571581877701,0.0283707749599864,1.29845255759718
867,264.406779661017,142.372881355932,-0.11767610260745,-0.0166588862097497,-2.07737086261672,1.09113792883504,-0.0294467300802131,1.58181680563336
868,274.576271186441,142.372881355932,-0.373822629998246,0.108347999374633,-2.11622478101521,0.789857023107183,-0.0852349317558372,1.83161645767383
869,284.745762711864,142.372881355932,-0.637090390112099,0.216916878939647,-2.12308243350461,0.480744235990601,-0.138134173568563,2.04167368792532
870,294.915254237288,142.372881355932,-0.886814366924085,0.30605373608245,-2.09749156868544,0.1725881299243,-0.187362649080146,2.20674537696795
871,305.084745762712,142.372881355932,-1.10892436204471,0.374439385109349,-2.039427342206,-0.126225056332754,-0.232234682580114,2.32266165573297
872,315.254237288136,142.372881355932,-1.29977629316472,0.421872493022302,-1.94932099993529,-0.40800352208916,-0.272176107681942,2.38643767162398
873,325.423728813559,142.372881355932,-1.458706283458,0.449195163845836,-1.82808523133032,-0.666002355916546,-0.306736282421821,2.39635548321257
874,335.593220338983,142.372881355932,-1.58352115503225,0.458453277820127,-1.6771341660233,-0.894626373680415,-0.335596385870614,2.3520137642025
875,345.762711864407,142.372881355932,-1.67171445198861,0.454693423177042,-1.498395944755,-1.08957590765616,-0.358573759439931,2.25434383825934
876,355.93220338983,142.372881355932,-1.72222817647686,0.455369895634802,-1.29431586738507,-1.24793093861702,-0.375622182163496,2.10559145148699
877,366.101694915254,142.372881355932,-1.73618649167426,0.517582715398148,-1.06784830725077,-1.36817196462893,-0.386828099185535,1.90926459511589
878,376.271186440678,142.372881355932,-1.72087404265633,0.765475289049158,-0.822435878538547,-1.45013902968046,-0.392402952266486,1.67004859298369
879,386.440677966102,142.372881355932,-1.70728231230719,1.31803239997243,-0.561974742094632,-1.4949332452446,-0.392671886095155,1.39369054225067
880,396.610169491525,142.372881355932,-1.78694877547945,2.05581871493457,-0.29076542068988,-1.50476778829785,-0.388059220481365,1.08685601775975
881,406.779661016949,142.372881355932,-2.11401632834705,2.52083465052937,-0.0134490481485161,-1.48277762374247,-0.379071182268252,0.756961698082468
882,416.949152542373,142.372881355932,-2.74394696177767,2.3208888135016,0.265070424774852,-1.43279897088928,-0.366276478617747,0.411988224065135
883,427.118644067797,142.372881355932,-3.37470822122733,1.60913896584121,0.539716926850347,-1.35913073085116,-0.350285362264893,0.060278140568711
884,437.28813559322,142.372881355932,-3.45532891209159,0.891904088421661,0.8053441152054,-1.26629066135611,-0.331727887092351,-0.289675815961718
885,447.457627118644,142.372881355932,-2.7802973296911,0.476229342053487,1.05684608305545,-1.15877900586968,-0.311232077317566,-0.629446549083916
886,457.627118644068,142.372881355932,-1.75857076392706,0.331417262758822,1.28927457305774,-1.0408615654894,-0.289402734825952,-0.950886893154321
887,467.796610169491,142.372881355932,-0.930409080260277,0.317826042310728,1.49796417924686,-0.916382886879438,-0.266801586612948,-1.24633672979874
888,477.966101694915,142.372881355932,-0.506227708198641,0.347274905755251,1.67869151207426,-0.788618398978083,-0.243929428586378,-1.50881747408788
889,488.135593220339,142.372881355932,-0.439623955120213,0.388002703421297,1.82796856021299,-0.66017206251341,-0.221210854561536,-1.73220879885623
890,498.305084745763,142.372881355932,-0.599120010206175,0.430696897670965,1.94358188284009,-0.532923517555761,-0.19898207230681,-1.91140292854338
891,508.474576271186,142.372881355932,-0.716577092715842,0.471185322202704,2.02490323336701,-0.408025958434706,-0.177482204770812,-2.04243242330463
892,518.64406779661,142.372881355932,-0.38477310983404,0.506109676635566,2.0714029552369,-0.285953173705332,-0.156848357507625,-2.12256807435232
893,528.813559322034,142.372881355932,0.655954423617029,0.532400677169001,2.07935555332764,-0.166591504118296,-0.137114606632969,-2.15038432390951
894,538.983050847458,142.372881355932,2.16319425817554,0.547388834967916,2.04195413138402,-0.0493700306003094,-0.11821492953852,-2.12579048658387
895,549.152542372881,142.372881355932,3.37851743082163,0.54896400347899,1.95617702892417,0.0665797686215398,-0.0999899674060934,-2.05002696020921
896,559.322033898305,142.372881355932,3.59053475644581,0.535708754543463,1.82774579407542,0.182245251872508,-0.082197378692368,-1.92562654870685
897,569.491525423729,142.372881355932,2.83887310178786,0.506993284668777,1.66623927927587,0.298546143057765,-0.0645254205002646,-1.75634195204158
898,579.661016949153,142.372881355932,1.8229610398878,0.46302642722329,1.47811988858214,0.41615219544243,-0.046609284183158,-1.54704138363839
899,589.830508474576,142.372881355932,1.12065759751401,0.404859993536638,1.26647607686127,0.535316633630833,-0.0280496163416956,-1.30357512911963
900,600,142.372881355932,0.804945399310934,0.334346206489294,1.03427047948302,0.655736198593271,-0.00843257977683907,-1.03261663870958
901,0,152.542372881356,-0.139795648281555,0.400913802763856,2.07848281783477,-1.02985093945398,-0.119998808802469,0.0961176785775693
902,10.1694915254237,152.542372881356,-0.242000489613023,0.334932851157563,2.1296212504008,-0.997980837248416,-0.0588528405395165,-0.188805556276711
903,20.3389830508475,152.542372881356,-0.310294564922812,0.24533903372446,2.15421790445903,-0.927978187763881,0.00442695429376884,-0.477494520341542
904,30.5084745762712,152.542372881356,-0.341284659713015,0.133121742373304,2.16013332921611,-0.818812748960366,0.0683347791758922,-0.762751914189394
905,40.6779661016949,152.542372881356,-0.33349429455311,0.000589546061231402,2.14102783618858,-0.670892479078739,0.131315260832939,-1.03731097769898
906,50.8474576271186,152.542372881356,-0.287390553833211,-0.148726346956558,2.07153757455896,-0.486109107927523,0.191811068693401,-1.29402506262353
907,61.0169491525424,152.542372881356,-0.205323371764378,-0.310235405578615,1.9324372647507,-0.267822398147959,0.248310858669131,-1.52605701115718
908,71.1864406779661,152.542372881356,-0.0913822152187611,-0.478508935218187,1.73768533477805,-0.0207825537780971,0.299396008072246,-1.72706325979693
909,81.3559322033898,152.542372881356,0.0488213778053685,-0.647547079703655,1.52080778885007,0.2490069868787,0.343784648008148,-1.89136766833376
910,91.5254237288135,152.542372881356,0.208433903568256,-0.811077256049123,1.30247929230261,0.534481437078833,0.380371587073646,-2.01412029112426
911,101.694915254237,152.542372881356,0.379688698994958,-0.962867706396058,1.0838338545921,0.82775379562388,0.408262852719767,-2.09143665732882
912,111.864406779661,152.542372881356,0.554267754551267,-1.09703432587639,0.860194046465391,1.12039162880388,0.426803749851838,-2.12051360031455
913,122.033898305085,152.542372881356,0.72367983498296,-1.20826808672444,0.629975956170039,1.40372015667927,0.435599544476612,-2.09971826219783
914,132.203389830508,152.542372881356,0.879637974437463,-1.29156669189283,0.394922881872892,1.66913906539132,0.434528116696665,-2.02864758264269
915,142.372881355932,152.542372881356,1.01441993288537,-1.33975544090404,0.158417092434578,1.90843979982566,0.423744184432797,-1.90815634384036
916,152.542372881356,152.542372881356,1.12119642905107,-1.33567192524942,-0.0758121179597049,2.11411002282523,0.403674968619745,-1.74035266603789
917,162.71186440678,152.542372881356,1.19431382856112,-1.24345304480765,-0.30482963520283,2.27961246194911,0.37500744358903,-1.52856070822285
918,172.881355932203,152.542372881356,1.22952047745482,-1.02780652559815,-0.526734488338546,2.39962647779246,0.338667584151476,-1.27725120355215
919,183.050847457627,152.542372881356,1.22413066897281,-0.722704213436481,-0.739837250198479,2.47024232719492,0.295792274936062,-0.991941325187966
920,193.220338983051,152.542372881356,1.17714451604409,-0.466963679817914,-0.942058276305081,2.48910018361743,0.247694779710747,-0.679066211776872
921,203.389830508475,152.542372881356,1.08948727735718,-0.389306227171519,-1.13111343504997,2.45546841785508,0.19582487130887,-0.345825259983666
922,213.559322033898,152.542372881356,0.965063341827609,-0.458220334273572,-1.3048507174414,2.37025832099823,0.141724889975698,-6.99270698305186e-06
923,223.728813559322,152.542372881356,0.813866460024412,-0.528474902052052,-1.46132526696296,2.23597524316868,0.0869831241623928,0.350203083767008
924,233.898305084746,152.542372881356,0.65524268283407,-0.508311083790698,-1.59873863695749,2.05660889612324,0.0331859890883212,0.696426729513373
925,244.067796610169,152.542372881356,0.509603382494851,-0.409061405765214,-1.71539314729507,1.8374681966877,-0.0181294877198395,1.03030406044753
926,254.237288135593,152.542372881356,0.370495861334486,-0.278001501934742,-1.80968346234359,1.58496838992425,-0.065521379180044,1.3437059860219
927,264.406779661017,152.542372881356,0.19094230726096,-0.147146324293868,-1.88010968630611,1.30638017787957,-0.10768533720769,1.62894242503785
928,274.576271186441,152.542372881356,-0.0699353825030963,-0.0300315529396351,-1.92530346398733,1.00955210193731,-0.143492512456442,1.87896079979202
929,284.745762711864,152.542372881356,-0.388251104044275,0.0681436360603613,-1.94406451308502,0.702618416954581,-0.172021740557261,2.08752952713492
930,294.915254237288,152.542372881356,-0.696132600129704,0.145093106992157,-1.93540602115739,0.393705111892361,-0.192585007205205,2.24940158650986
931,305.084745762712,152.542372881356,-0.948720483407728,0.200033164805009,-1.89860692338768,0.0906465604877343,-0.204745422492312,2.360453740829
932,315.254237288136,152.542372881356,-1.14294827584918,0.233440938385776,-1.83326851782132,-0.19927545931884,-0.208327176858233,2.41779760359224
933,325.423728813559,152.542372881356,-1.29057804893112,0.246973039958917,-1.7393724097543,-0.469559915691143,-0.20341720909582,2.41985946903797
934,335.593220338983,152.542372881356,-1.39844210953761,0.243460836036998,-1.61733645210958,-0.714673124535656,-0.190358582680664,2.36642663243514
935,345.762711864407,152.542372881356,-1.46774789438733,0.227687283890457,-1.46806518378171,-0.930187204780214,-0.169735831740504,2.25865880351608
936,355.93220338983,152.542372881356,-1.49840682841075,0.210917004909121,-1.29299127461117,-1.11286618217441,-0.142352793742077,2.09906413423844
937,366.101694915254,152.542372881356,-1.49207629949497,0.224260321756774,-1.09410466777543,-1.2606980829327,-0.109203684271731,1.8914403180072
938,376.271186440678,152.542372881356,-1.45862046582314,0.332108898638486,-0.873966463816623,-1.37287393439678,-0.071438382529542,1.64078214602463
939,386.440677966102,152.542372881356,-1.4402242199548,0.596138065274087,-0.635705103202502,-1.44971707033392,-0.0303230775786742,1.35315780248013
940,396.610169491525,152.542372881356,-1.56154609855178,0.959380026431553,-0.382993056756319,-1.49256840437657,0.0128024307317622,1.03555701951197
941,406.779661016949,152.542372881356,-2.03246619443293,1.19638543027249,-0.120002999370885,-1.50363527877819,0.0565693804234145,0.695714972361642
942,416.949152542373,152.542372881356,-2.92811616069658,1.11381767389527,0.14865670954488,-1.4858130261125,0.0996251932360034,0.341916454048687
943,427.118644067797,152.542372881356,-3.83592283428378,0.788386366554632,0.418026521607988,-1.44248942880945,0.140677655500403,-0.0172145909973072
944,437.28813559322,152.542372881356,-4.00368773829888,0.47141474248043,0.682898559803425,-1.3773427798835,0.178536709132767,-0.372934688672547
945,447.457627118644,152.542372881356,-3.15045962696574,0.314641507015705,0.937935521519863,-1.29414421872132,0.212152510800952,-0.716603865764218
946,457.627118644068,152.542372881356,-1.83489194885677,0.301524141426621,1.17780475537677,-1.19657444648813,0.240648543163265,-1.03990623492412
947,467.796610169491,152.542372881356,-0.802020588801569,0.360863531948826,1.39734710783126,-1.08806385147158,0.263348726649752,-1.33506232821418
948,477.966101694915,152.542372881356,-0.36545552715006,0.446514207964042,1.59192271036821,-0.971663555303432,0.27979767814585,-1.59502757769058
949,488.135593220339,152.542372881356,-0.505589780534379,0.539967245886596,1.75844498192868,-0.849953008125613,0.289773487691698,-1.81367169654006
950,498.305084745763,152.542372881356,-1.05383969643957,0.633630418453301,1.89767075833067,-0.724987613755623,0.293292628628769,-1.98593421098628
951,508.474576271186,152.542372881356,-1.55614497834421,0.722390276312691,2.01540558417515,-0.598287566835836,0.290606872603102,-2.10795201858605
952,518.64406779661,152.542372881356,-1.3270109640806,0.801621004872494,2.11485152518222,-0.470866752006375,0.282192340213973,-2.17715558613573
953,528.813559322034,152.542372881356,-0.00855514673379595,0.867075430463879,2.18005582178295,-0.343298310661094,0.268731072535803,-2.19233123061324
954,538.983050847458,152.542372881356,1.95270148856076,0.915078833883259,2.17635910154029,-0.215811439320241,0.251085750078657,-2.15364782721901
955,549.152542372881,152.542372881356,3.50559497858892,0.94272709486819,2.08444224259217,-0.088412249968274,0.230268406271658,-2.06264723550394
956,559.322033898305,152.542372881356,3.80256045925889,0.948045887008884,1.92499292528761,0.0389798140798277,0.207404175226005,-1.92219870231051
957,569.491525423729,152.542372881356,2.94097227936187,0.930100152677429,1.73461127544891,0.166389384311058,0.183691272244743,-1.73641846269885
958,579.661016949153,152.542372881356,1.75761890615238,0.88904814935095,1.53144461645157,0.293646132970591,0.160358525285706,-1.51055669115142
959,589.830508474576,152.542372881356,0.923473288743457,0.826137466308971,1.31423971265477,0.420258867025932,0.138621852606043,-1.25085482990592
960,600,152.542372881356,0.527475856416938,0.743643512123507,1.07887033615478,0.545311626524421,0.119641113755257,-0.964377115488795
961,0,162.71186440678,-0.456646938072411,0.514776954618168,1.92880241825864,-0.909785573184139,-0.541137335082327,0.0975654541990204
962,10.1694915254237,162.71186440678,-0.592207603084208,0.460824553105906,1.94127320376226,-0.854329358220163,-0.456448185973091,-0.189550494899978
963,20.3389830508475,162.71186440678,-0.688745708073184,0.378333055802772,1.9213424756469,-0.764447717390757,-0.366976757812818,-0.479705187189635
964,30.5084745762712,162.71186440678,-0.742176907816227,0.268366187137292,1.87260785110436,-0.639646598688958,-0.275133280143309,-0.765643587558515
965,40.6779661016949,162.71186440678,-0.75048158545416,0.133519076591398,1.79630174127318,-0.480673908608742,-0.183375970319842,-1.04007174938597
966,50.8474576271186,162.71186440678,-0.713755875809369,-0.022207146678727,1.69023847535568,-0.289549447654912,-0.0941337898310527,-1.2958470046921
967,61.0169491525424,162.71186440678,-0.63416818927926,-0.193606037070593,1.55361027486715,-0.0695439174532784,-0.0097303748560949,-1.52616700438407
968,71.1864406779661,162.71186440678,-0.51582519051639,-0.374530509406903,1.39215438753329,0.174893278137126,0.067688415541296,-1.72475254619039
969,81.3559322033898,162.71186440678,-0.364555084925536,-0.558206879633611,1.21539665517759,0.438255456659493,0.136221016090608,-1.88601923482324
970,91.5254237288135,162.71186440678,-0.187619525125839,-0.737581109330255,1.03023982646932,0.714145132791113,0.194268619647694,-2.00523326113675
971,101.694915254237,162.71186440678,0.00663167394133038,-0.905678424540329,0.839588214576491,0.995479351529147,0.240583739806063,-2.0786469593162
972,111.864406779661,162.71186440678,0.2091466418458,-1.05595548673093,0.644975090464865,1.27472592598879,0.27430734885631,-2.1036102945976
973,122.033898305085,162.71186440678,0.410580606317642,-1.18260949309652,0.448260412070831,1.54416121486518,0.294993442406582,-2.07865503644023
974,132.203389830508,162.71186440678,0.601709730447669,-1.28070676189189,0.251631688407502,1.79613907488034,0.30262029170757,-2.00354906813239
975,142.372881355932,162.71186440678,0.773831504574379,-1.34560602279723,0.057242157837117,2.02336008328683,0.297588076545098,-1.87931905548477
976,152.542372881356,162.71186440678,0.919134589571105,-1.37073138010173,-0.132996016459869,2.21913007039787,0.28070303142178,-1.70824052431735
977,162.71186440678,162.71186440678,1.03102277492549,-1.34501948363515,-0.31751787933752,2.37759743516465,0.2531486714025,-1.49379525695081
978,172.881355932203,162.71186440678,1.10438048783388,-1.25869380956749,-0.495088553148225,2.49395961822106,0.216445077470678,-1.24059678885146
979,183.050847457627,162.71186440678,1.13577642404311,-1.12379107785127,-0.664666716966137,2.5646304348978,0.172397601276371,-0.954285644451264
980,193.220338983051,162.71186440678,1.12367111837962,-0.984710096117785,-0.825284549888254,2.5873616639336,0.12303668364,-0.64139677264068
981,203.389830508475,162.71186440678,1.06913943679281,-0.883603802998074,-0.976005601977952,2.5613142675079,0.070550759523868,-0.309202404981448
982,213.559322033898,162.71186440678,0.979265262558811,-0.815185310629274,-1.11590088147141,2.48707679312765,0.017214435678882,0.0344657577928441
983,223.728813559322,162.71186440678,0.877058112913657,-0.740438127173245,-1.24400569178799,2.3666307773409,-0.0346857307655527,0.381410542016443
984,233.898305084746,162.71186440678,0.811960053639432,-0.636476592518223,-1.35927338413459,2.20326523071259,-0.0829254581175396,0.72327452334993
985,244.067796610169,162.71186440678,0.834547578216486,-0.511170917798056,-1.46054412110601,2.00144442940708,-0.125414586766903,1.05175117975716
986,254.237288135593,162.71186440678,0.910248414415956,-0.382790496969629,-1.54653307032896,1.76663517335327,-0.160264250879,1.35879648059677
987,264.406779661017,162.71186440678,0.877445813270467,-0.264448426255099,-1.61583778152778,1.50510130706501,-0.185847240681512,1.63683536359015
988,274.576271186441,162.71186440678,0.592985126698547,-0.162960945737495,-1.66696428548495,1.22367456407064,-0.200849650172973,1.87895764594529
989,284.745762711864,162.71186440678,0.115154878227457,-0.0817553195923481,-1.69837109107043,0.929511634860418,-0.204312194606424,2.07909815706369
990,294.915254237288,162.71186440678,-0.360155379384968,-0.0224139392920017,-1.7085294289758,0.629847737065662,-0.195659922236897,2.23219626252527
991,305.084745762712,162.71186440678,-0.707027670921307,0.0149302159731282,-1.69599717787501,0.331756873033713,-0.174719424355631,2.33433046305825
992,315.254237288136,162.71186440678,-0.927643917633083,0.0314936430867778,-1.659503068174,0.0419284043285323,-0.141723054141463,2.38282438495107
993,325.423728813559,162.71186440678,-1.0685371928768,0.029738144426252,-1.59803706866566,-0.233531412905682,-0.097300085109425,2.37632121354404
994,335.593220338983,162.71186440678,-1.15890059245029,0.0132480945536464,-1.51094236604641,-0.489265651026395,-0.0424551603214703,2.31482443986728
995,345.762711864407,162.71186440678,-1.20778761869222,-0.0131512718494779,-1.39800406198425,-0.72079508278605,0.0214652094961469,2.19970367061772
996,355.93220338983,162.71186440678,-1.21705380514948,-0.0419661439372081,-1.25952965000091,-0.924604987371995,0.0928169602487557,2.03366517014445
997,366.101694915254,162.71186440678,-1.1889968112112,-0.0584753881092337,-1.09641650415621,-1.09818870099884,0.16971212052972,1.82068773542344
998,376.271186440678,162.71186440678,-1.13393527291404,-0.0361532275860349,-0.910202010442857,-1.24004827851574,0.250080016188439,1.56592542612509
999,386.440677966102,162.71186440678,-1.09400977262049,0.0502901443341366,-0.703092585171939,-1.34965461996027,0.331734026107364,1.27557955695935
1000,396.610169491525,162.71186440678,-1.19228702311171,0.183389713132283,-0.477968628281647,-1.42737123968624,0.412441713607777,0.956743184518237
1001,406.779661016949,162.71186440678,-1.63540385324411,0.284992499106079,-0.238363420843645,-1.47434742942571,0.489996060479171,0.617222063327762
1002,416.949152542373,162.71186440678,-2.4980482217483,0.287635741992527,0.0115849448283201,-1.49238781737631,0.562285506824389,0.265336685397542
1003,427.118644067797,162.71186440678,-3.37717566860929,0.219277501753895,0.267208363538611,-1.48380619673306,0.627360550117002,-0.0902894634624638
1004,437.28813559322,162.71186440678,-3.53703812054146,0.169231547735553,0.523408857736931,-1.45127195190791,0.683494779080168,-0.440949913399801
1005,447.457627118644,162.71186440678,-2.7037464539631,0.1904220887039,0.774782091703465,-1.39765743290261,0.729238407912317,-0.778077731299135
1006,457.627118644068,162.71186440678,-1.428174316187,0.274945133100418,1.01576924697365,-1.32589422349134,0.763462627544583,-1.093464712627
1007,467.796610169491,162.71186440678,-0.454294677499046,0.394669984823463,1.24091671238012,-1.23884544386288,0.78539339462271,-1.37947147535529
1008,477.966101694915,162.71186440678,-0.129966471676196,0.529789706987289,1.44576115415102,-1.13920006981738,0.794633625712711,-1.62922291249582
1009,488.135593220339,162.71186440678,-0.500838665777517,0.669908199426936,1.63017402220626,-1.02939380255219,0.79117314246327,-1.83678383432958
1010,498.305084745763,162.71186440678,-1.41714540993679,0.808268737392064,1.80620178790409,-0.911559363664749,0.775386110798295,-1.99731014542822
1011,508.474576271186,162.71186440678,-2.29960704414195,0.938947576698676,2.00206917346882,-0.787507307566071,0.748016120792143,-2.10717154165689
1012,518.64406779661,162.71186440678,-2.26793639775429,1.05634790850007,2.23465039780784,-0.658736632052479,0.710149450699008,-2.16404246167594
1013,528.813559322034,162.71186440678,-0.938159912329543,1.15535630847607,2.45027003795727,-0.526472722317187,0.663177435955492,-2.16695886616308
1014,538.983050847458,162.71186440678,1.07695527410074,1.23158844792017,2.52616021572151,-0.391728575391412,0.608749209834567,-2.11633932371521
1015,549.152542372881,162.71186440678,2.63929140572387,1.28160861175531,2.39174969516052,-0.255383903716815,0.548716385859465,-2.01396983092924
1016,559.322033898305,162.71186440678,2.99267337866829,1.30310020445179,2.11658758988814,-0.118275678579588,0.485071503568656,-1.86295276004319
1017,569.491525423729,162.71186440678,2.29205491731657,1.2949779007537,1.82452861259714,0.01870699924645,0.419882250958248,-1.66762128473681
1018,579.661016949153,162.71186440678,1.28881562984991,1.25743603153921,1.57138019575408,0.154531087588474,0.355223603075933,-1.4334215574023
1019,589.830508474576,162.71186440678,0.558138754833129,1.19193123554636,1.34173917642383,0.287938093878378,0.293110073096933,-1.16676577442495
1020,600,162.71186440678,0.182600654292144,1.10110088589716,1.10818535215098,0.417379562826398,0.235430258315813,-0.874860046333483
1021,0,172.881355932203,-0.789368610785014,0.604842692617902,1.718188566596,-0.812112082083694,-0.93095723830496,0.0778577396669675
1022,10.1694915254237,172.881355932203,-0.958720942467888,0.563280089967108,1.69342202067663,-0.741046246011229,-0.824807799301852,-0.202842195649821
1023,20.3389830508475,172.881355932203,-1.08398524808554,0.489718973293713,1.63911281957805,-0.63935558380997,-0.711396890207208,-0.485388304423564
1024,30.5084745762712,172.881355932203,-1.16041010324759,0.385389187961849,1.55870099480925,-0.507026104412804,-0.593995385898226,-0.76270546716174
1025,40.6779661016949,172.881355932203,-1.18544503568217,0.253176576665514,1.4556221870112,-0.345072970600755,-0.475918317452933,-1.02771922294486
1026,50.8474576271186,172.881355932203,-1.15881500682736,0.0974672114226281,1.33301818658991,-0.155554771097531,-0.360419351331759,-1.27353996739395
1027,61.0169491525424,172.881355932203,-1.08249408321248,-0.0760872880432771,1.19426954643064,0.0584517670584481,-0.250587969632981,-1.49364491213838
1028,71.1864406779661,172.881355932203,-0.960581262668831,-0.260869899311167,1.04358857070596,0.292916636370859,-0.14925266135667,-1.68205294552957
1029,81.3559322033898,172.881355932203,-0.799085669957638,-0.449646981808455,0.885515754679377,0.542959300038706,-0.0588932228208449,-1.83348766791903
1030,91.5254237288135,172.881355932203,-0.605632185927086,-0.634946449021542,0.723922251783191,0.802986025638771,0.018435045805502,-1.94352413707452
1031,101.694915254237,172.881355932203,-0.389101861184568,-0.809444696316386,0.561739828095276,1.06685698506918,0.0811628608304721,-2.00871524443225
1032,111.864406779661,172.881355932203,-0.159224055203972,-0.966341109820065,0.401275988131592,1.3280769964537,0.128252280462506,-2.02669414166092
1033,122.033898305085,172.881355932203,0.0738609657675329,-1.09969658481738,0.244423824056622,1.58000273340991,0.159224458310036,-1.99624973705542
1034,132.203389830508,172.881355932203,0.300049306712588,-1.20469220303399,0.092657978749131,1.8160584830655,0.174169024509537,-1.91737296732767
1035,142.372881355932,172.881355932203,0.509710884579619,-1.27768323370325,-0.0529961073399619,2.0299521309825,0.173734893500617,-1.79127230468712
1036,152.542372881356,172.881355932203,0.694098139607297,-1.3158361663292,-0.191944498165339,2.21588300756828,0.159102900263588,-1.62035776196346
1037,162.71186440678,172.881355932203,0.845708796717178,-1.31662844402486,-0.32396973337061,2.3687335489095,0.131941253396937,-1.40819348868653
1038,172.881355932203,172.881355932203,0.958588696973589,-1.27907169347871,-0.449148056879879,2.48423739088375,0.0943453448112427,-1.15941988635063
1039,183.050847457627,172.881355932203,1.02857763778942,-1.20804356992949,-0.567746407171302,2.55911749852862,0.048763954371302,-0.879646989073926
1040,193.220338983051,172.881355932203,1.05365193029029,-1.11641098014313,-0.680114821380999,2.59118918808041,-0.00208568233680961,-0.575321634323814
1041,203.389830508475,172.881355932203,1.03550723156053,-1.01738039212341,-0.78658451435831,2.57942436952661,-0.0553111273503369,-0.253571666015783
1042,213.559322033898,172.881355932203,0.987196641886506,-0.914525573418684,-0.887372950667416,2.52397495594855,-0.107943244497335,0.0779689507173255
1043,223.728813559322,172.881355932203,0.955413758259789,-0.804464927683233,-0.982498190880282,2.42615507884116,-0.157036730358371,0.411349685237292
1044,233.898305084746,172.881355932203,1.04416954638625,-0.68731424959224,-1.0717081772581,2.28838343941978,-0.199769399451961,0.738502824894511
1045,244.067796610169,172.881355932203,1.3585972364404,-0.569567182573434,-1.15443038070912,2.11408873865702,-0.233537008707618,1.05144754475197
1046,254.237288135593,172.881355932203,1.81265560199407,-0.459458098839726,-1.22974532279736,1.90758259157165,-0.256040567633002,1.34249335811102
1047,264.406779661017,172.881355932203,2.0359638619055,-0.363376378125496,-1.29638580867489,1.67390557974968,-0.265363339819757,1.6044376189018
1048,274.576271186441,172.881355932203,1.69903923737563,-0.285427607786091,-1.35276227020454,1.41865307634444,-0.260035089616963,1.83075186549205
1049,284.745762711864,172.881355932203,0.92220306296992,-0.22792988694348,-1.39701330763632,1.14778814897525,-0.239081553155502,2.01575205376172
1050,294.915254237288,172.881355932203,0.133435812289747,-0.191679975061595,-1.42707956264056,0.867449181945066,-0.202057601226457,2.15474811939817
1051,305.084745762712,172.881355932203,-0.394682759431812,-0.176032286019643,-1.44079806967382,0.583759849897616,-0.149063096644251,2.24416882563981
1052,315.254237288136,172.881355932203,-0.67445484080097,-0.178975018531335,-1.43601292352797,0.302648726619266,-0.0807410130854092,2.28165848007299
1053,325.423728813559,172.881355932203,-0.815864498662789,-0.197266293459392,-1.41069702214588,0.0296851472336111,0.00174204242865298,2.26614282641974
1054,335.593220338983,172.881355932203,-0.888659260683765,-0.226625550622442,-1.36307907198063,-0.230063003686044,0.096732193894616,2.19786221573293
1055,345.762711864407,172.881355932203,-0.91594217811804,-0.261904126983433,-1.29176972520412,-0.472145081956635,0.202140296806189,2.07837101506036
1056,355.93220338983,172.881355932203,-0.902854685996841,-0.296950068942644,-1.19588057517445,-0.692813902602031,0.315507826251334,1.91050309786013
1057,366.101694915254,172.881355932203,-0.852261774469897,-0.323688027401652,-1.07512986560808,-0.889080689326055,0.434084465632769,1.69830415564673
1058,376.271186440678,172.881355932203,-0.772764047503704,-0.331197701096128,-0.92992919822653,-1.05873853919421,0.554914843595204,1.44693245054989
1059,386.440677966102,172.881355932203,-0.695821585706877,-0.309293116058283,-0.761446224022243,-1.20035563034858,0.674931585755638,1.16253046997963
1060,396.610169491525,172.881355932203,-0.710262852152649,-0.259370672816815,-0.571639239885565,-1.31324073539577,0.791051659840566,0.852070724636818
1061,406.779661016949,172.881355932203,-0.964043815954619,-0.199183595150851,-0.363260746901335,-1.39738476690247,0.900272903339371,0.523179628455076
1062,416.949152542373,172.881355932203,-1.51250186969472,-0.144704314160649,-0.139828312558879,-1.45338302094119,0.999767634074803,0.183943994601933
1063,427.118644067797,172.881355932203,-2.07495602155175,-0.0885168542468936,0.0944375397057431,-1.48234345840877,1.08697035518961,-0.157294841045732
1064,437.28813559322,172.881355932203,-2.13664814467859,-0.00857123800535901,0.334707337291933,-1.48578674421466,1.15965677275859,-0.492153911840797
1065,447.457627118644,172.881355932203,-1.50798224463514,0.106813638636089,0.57566753009923,-1.46554383873601,1.21601163930468,-0.812422966348189
1066,457.627118644068,172.881355932203,-0.581942558105966,0.252772232818697,0.811694423039699,-1.4236567070048,1.25468330986978,-1.1102746502462
1067,467.796610169491,172.881355932203,0.101873716020149,0.418418743108616,1.03728725299043,-1.36228719701517,1.27482333644843,-1.37846499889379
1068,477.966101694915,172.881355932203,0.255307855978057,0.594331824086472,1.24909316899971,-1.28363837162492,1.27610991697759,-1.61051895589271
1069,488.135593220339,172.881355932203,-0.221860389634014,0.773041444485423,1.45422813497886,-1.18989160358833,1.25875454057524,-1.80089601535885
1070,498.305084745763,172.881355932203,-1.23973373531149,0.947781053657553,1.69011594269198,-1.08316161527571,1.22349171419194,-1.94513160004763
1071,508.474576271186,172.881355932203,-2.24662357110515,1.11200849803711,2.03452019254522,-0.965470425928686,1.17155219967679,-2.03995042059582
1072,518.64406779661,172.881355932203,-2.39370287052379,1.25951589534316,2.53487153124196,-0.838739926334841,1.10462071695714,-2.08334879633395
1073,528.813559322034,172.881355932203,-1.35908208195052,1.38469736040443,3.05654360533776,-0.704801600816161,1.02477956175467,-2.07464373596442
1074,538.983050847458,172.881355932203,0.240584887823148,1.48281346477712,3.28646439302875,-0.565420823996908,0.934440029376627,-2.01448745516734
1075,549.152542372881,172.881355932203,1.4445784116837,1.55021177560891,3.04357296777635,-0.422332233611564,0.836263915701458,-1.90484692444887
1076,559.322033898305,172.881355932203,1.73942324705679,1.58449114791108,2.50390158395012,-0.277281970399564,0.733077670727159,-1.74894896976002
1077,569.491525423729,172.881355932203,1.29539433597281,1.58460262906008,1.98089453775202,-0.132072120259469,0.627781999680221,-1.55119236563671
1078,579.661016949153,172.881355932203,0.629593544140991,1.55088226863174,1.61223190506572,0.0113974827184321,0.52325983518404,-1.31702924114486
1079,589.830508474576,172.881355932203,0.112845609007951,1.4850147279731,1.35185911244054,0.151094820622114,0.422285637826244,-1.05281893897912
1080,600,172.881355932203,-0.194343255070459,1.38993047673065,1.12171274963445,0.284832953876233,0.327438921177526,-0.765658205452986
1081,0,183.050847457627,-1.11667257901762,0.667503638533654,1.45708752630833,-0.739843045678076,-1.26871323665643,0.0393819724332337
1082,10.1694915254237,183.050847457627,-1.31848458458728,0.638047275044729,1.39494721823425,-0.661503082910974,-1.14332880162829,-0.226477155209272
1083,20.3389830508475,183.050847457627,-1.47143879565189,0.57477323338916,1.30879758350918,-0.556362614835604,-1.0085116731586,-0.49259298732875
1084,30.5084745762712,183.050847457627,-1.57015734146239,0.47918325336269,1.20279515881519,-0.424824262407965,-0.868337168796992,-0.752300910477383
1085,40.6779661016949,183.050847457627,-1.61158449871796,0.354463340839003,1.08131243122506,-0.268095038783068,-0.726917446802957,-0.99898373386119
1086,50.8474576271186,183.050847457627,-1.59508371852553,0.205296216928688,0.948738974068954,-0.0881852360308773,-0.588269513483414,-1.22624354073461
1087,61.0169491525424,183.050847457627,-1.52242824008026,0.0375965111645163,0.80937172416581,0.112120159465936,-0.456187494895437,-1.42807012541197
1088,71.1864406779661,183.050847457627,-1.39768726594736,-0.141815902863683,0.66732451134095,0.329317269783158,-0.334123290614288,-1.59900153296777
1089,81.3559322033898,183.050847457627,-1.2270142431322,-0.325585902818949,0.52634648062352,0.559265013953493,-0.22507943044328,-1.73427237806124
1090,91.5254237288135,183.050847457627,-1.01834800495158,-0.506215835304136,0.389615167859404,0.797290308970093,-0.131517535568143,-1.82994589596105
1091,101.694915254237,183.050847457627,-0.781041199949705,-0.676459407825844,0.259631116991849,1.03831345355132,-0.0552852580917116,-1.88302606648874
1092,111.864406779661,183.050847457627,-0.525433411466556,-0.829695403340558,0.138202364354813,1.276989534931,0.00243604507911317,-1.89154664090815
1093,122.033898305085,183.050847457627,-0.262388533978931,-0.960260752745029,0.0264505023892228,1.5078610323066,0.041161335748855,-1.85463448059427
1094,132.203389830508,183.050847457627,-0.00281723714334703,-1.06372151877326,-0.075172896835601,1.7255163169836,0.0611087818134647,-1.77254526991733
1095,142.372881355932,183.050847457627,0.242794326116334,-1.13705074502302,-0.166842266200565,1.92474848984075,0.063183432480037,-1.64667037732584
1096,152.542372881356,183.050847457627,0.464829026178061,-1.17867213277007,-0.249281679325812,2.10070896313221,0.0489383608490957,-1.4795143895392
1097,162.71186440678,183.050847457627,0.654937507596483,-1.18840859455828,-0.323661511953727,2.24905038740817,0.0205146824075177,-1.27464361427623
1098,172.881355932203,183.050847457627,0.806375954313166,-1.1676238771859,-0.391474405701211,2.36605393691565,-0.019437463061447,-1.03660661656185
1099,183.050847457627,183.050847457627,0.914293041799756,-1.11977749638368,-0.45439651179111,2.44873657995776,-0.0678542715242294,-0.770828601733859
1100,193.220338983051,183.050847457627,0.976216098579597,-1.05057996340895,-0.514141962962991,2.49493474719958,-0.121366766090555,-0.483482164587799
1101,203.389830508475,183.050847457627,0.994571738172001,-0.96657698654914,-0.572321179111473,2.50336173607601,-0.176418800520226,-0.181337569385724
1102,213.559322033898,183.050847457627,0.988961440508543,-0.873297409565379,-0.630311020395936,2.47363721257614,-0.229390666964502,0.128403708061259
1103,223.728813559322,183.050847457627,1.03196345869424,-0.775310598060059,-0.689137978195055,2.4062882479689,-0.276724240047397,0.438287973136702
1104,233.898305084746,183.050847457627,1.28720836844326,-0.677567035504953,-0.749376695128384,2.30272241072129,-0.315045562415661,0.740796272957923
1105,244.067796610169,183.050847457627,1.91941090650322,-0.585694600790927,-0.81107329243384,2.16517447633717,-0.341280883009685,1.02853451226629
1106,254.237288135593,183.050847457627,2.78618559136405,-0.505081265141242,-0.873702643601216,1.99662927581905,-0.352762394266751,1.29442179277538
1107,264.406779661017,183.050847457627,3.28884050018768,-0.439979844958753,-0.936162531799632,1.80072403697343,-0.347320269841069,1.53187205470928
1108,274.576271186441,183.050847457627,2.89409971507936,-0.393154580239127,-0.996801474643316,1.5816342480321,-0.323358067933268,1.73496424060393
1109,284.745762711864,183.050847457627,1.78999189380423,-0.365865941240201,-1.0534743175165,1.34394756388986,-0.279909121255146,1.89859647062796
1110,294.915254237288,183.050847457627,0.658108625539623,-0.357930540278407,-1.10362466338185,1.0925305642875,-0.21667216440421,2.01862010937787
1111,305.084745762712,183.050847457627,-0.0687464560379933,-0.367780236273614,-1.14439624833195,0.832393252618031,-0.134025132103295,2.09195010667604
1112,315.254237288136,183.050847457627,-0.414029202165985,-0.392558701805181,-1.17276920609048,0.568556055567239,-0.033016774908403,2.11664859664129
1113,325.423728813559,183.050847457627,-0.557147755360938,-0.428286978125015,-1.18571218342245,0.305923758915388,0.0846635407027737,2.09197942475539
1114,335.593220338983,183.050847457627,-0.612209683101265,-0.470094034775276,-1.18034235437636,0.0491703137905195,0.216736776862469,2.01843202401528
1115,345.762711864407,183.050847457627,-0.617677577552961,-0.51248454193549,-1.15408672291258,-0.19736220147455,0.360404177304481,1.89771385886056
1116,355.93220338983,183.050847457627,-0.582262050567554,-0.549576602800886,-1.10483768532352,-0.429747941582339,0.512433887710348,1.73271147836264
1117,366.101694915254,183.050847457627,-0.50937625453596,-0.575206489210197,-1.0310954707045,-0.644543291888059,0.669261376770646,1.52742104632024
1118,376.271186440678,183.050847457627,-0.405477969801989,-0.583029535100358,-0.932090447762958,-0.838833689333987,0.827100361693076,1.28685002337935
1119,386.440677966102,183.050847457627,-0.289330059018136,-0.567430660709721,-0.807879092821586,-1.01026131412806,0.98206062144051,1.01689244341747
1120,396.610169491525,183.050847457627,-0.20937932301456,-0.525740164680656,-0.659408481231925,-1.15703451111089,1.13026887936348,0.724180932507088
1121,406.779661016949,183.050847457627,-0.244485596802555,-0.459289453668327,-0.488545450121831,-1.27792052392603,1.26798885983906,0.415919244635958
1122,416.949152542373,183.050847457627,-0.427053369692611,-0.37020084128473,-0.298068044056151,-1.37222372976149,1.39173667270649,0.09969961690908
1123,427.118644067797,183.050847457627,-0.619836219046952,-0.257480677700005,-0.0916184350896372,-1.43975202210759,1.49838785226884,-0.216690336387533
1124,437.28813559322,183.050847457627,-0.567270429728016,-0.118634816058804,0.126381980599173,-1.48077428609281,1.58527266798895,-0.525466178354923
1125,447.457627118644,183.050847457627,-0.178132470994481,0.045788437493944,0.350855641789625,-1.4959720365689,1.6502567215787,-0.819045478951355
1126,457.627118644068,183.050847457627,0.342918469550869,0.231174761614554,0.576266611281308,-1.48638824323458,1.69180433639558,-1.0902417211812
1127,467.796610169491,183.050847457627,0.709443405407617,0.430947071882884,0.797283309111133,-1.45337615856682,1.70902281342514,-1.33244819934908
1128,477.966101694915,183.050847457627,0.742155899090544,0.6381615981972,1.01236152635131,-1.39855061029953,1.70168625476967,-1.53980707375053
1129,488.135593220339,183.050847457627,0.338862850886008,0.845850134105169,1.23890292777324,-1.32374374507532,1.67023831986135,-1.7073591245494
1130,498.305084745763,183.050847457627,-0.46641919353789,1.04703807805496,1.54959737925603,-1.23096664408583,1.61577395988628,-1.83117024568602
1131,508.474576271186,183.050847457627,-1.28527182217001,1.23488916333744,2.09073962325659,-1.12237760972911,1.54000085009598,-1.90843132457093
1132,518.64406779661,183.050847457627,-1.51169950827563,1.40297706703894,2.95215169971803,-1.00025728176414,1.44518188610492,-1.93752884923487
1133,528.813559322034,183.050847457627,-0.936375880595582,1.5456008003209,3.88807864056272,-0.86699011988531,1.33406070829251,-1.9180843532049
1134,538.983050847458,183.050847457627,-0.00936576616161021,1.65805654525171,4.32375293615247,-0.725051223390099,1.20977274912054,-1.850961629325
1135,549.152542372881,183.050847457627,0.646502183089793,1.736830815697,3.92624296926331,-0.576996980654882,1.07574474493466,-1.73824149522147
1136,559.322033898305,183.050847457627,0.763170289718919,1.77972914366705,3.01833462804888,-0.425457679398839,0.93558600285725,-1.58316475242462
1137,569.491525423729,183.050847457627,0.473990489954835,1.78594825324924,2.17456822074359,-0.273129984623185,0.792974954173191,-1.39004482530959
1138,579.661016949153,183.050847457627,0.0581714694005357,1.75608415724081,1.64537779166022,-0.122767118445315,0.651544651198045,-1.16415237235988
1139,589.830508474576,183.050847457627,-0.29899482317964,1.69207190896016,1.34250304202149,0.0228353397845521,0.514770871804818,-0.911574909088037
1140,600,183.050847457627,-0.560429604171649,1.59706084806649,1.1180944751946,0.160859876960412,0.385866385212452,-0.639055149107769
1141,0,193.220338983051,-1.41732936828239,0.700404931233535,1.15857560138702,-0.693125806846378,-1.5366928935737,-0.0145021921161132
1142,10.1694915254237,193.220338983051,-1.64851289450626,0.682151024315056,1.05959307692716,-0.61555673099932,-1.39436977567954,-0.257555699000985
1143,20.3389830508475,193.220338983051,-1.82661169245502,0.629995581236046,0.943094921632489,-0.514993969033614,-1.24087608230949,-0.498970067958025
1144,30.5084745762712,193.220338983051,-1.94567832894904,0.545824445925017,0.814015054173043,-0.392192098198387,-1.08102411158349,-0.732706760878558
1145,40.6779661016949,193.220338983051,-2.00219053125673,0.433135787434359,0.677386770021541,-0.248477789680564,-0.91965106212222,-0.952826338939033
1146,50.8474576271186,193.220338983051,-1.99516967810149,0.296819638082283,0.538134626942375,-0.0857338316574727,-0.761462798935546,-1.15364209713186
1147,61.0169491525424,193.220338983051,-1.92618803893556,0.142867282567819,0.400883211708097,0.0936317873695674,-0.610883490437456,-1.32986907477507
1148,71.1864406779661,193.220338983051,-1.79926574793285,-0.0219724056673192,0.269785304906814,0.286731226274505,-0.471915969258457,-1.47676449635334
1149,81.3559322033898,193.220338983051,-1.62066335539527,-0.190569980924883,0.148368188441291,0.490255612353606,-0.348017288874151,-1.59025588022823
1150,91.5254237288135,193.220338983051,-1.39858034036859,-0.35580460774955,0.0394084440888993,0.700545951600203,-0.241993424003196,-1.6670533374672
1151,101.694915254237,193.220338983051,-1.14277399596215,-0.510943916637706,-0.0551513470360295,0.913674355937087,-0.155916413221286,-1.70474296267972
1152,111.864406779661,193.220338983051,-0.864116440093405,-0.64999390940549,-0.134242139385754,1.12553347971582,-0.0910664892450021,-1.70185868411352
1153,122.033898305085,193.220338983051,-0.574110018691497,-0.768000223251221,-0.19766806163919,1.33193178766128,-0.0479009110544679,-1.65793047976864
1154,132.203389830508,193.220338983051,-0.284382953847331,-0.861284659069212,-0.246067621485996,1.52869208174596,-0.0260503300369987,-1.57350746625831
1155,142.372881355932,193.220338983051,-0.00618768659411399,-0.927603237430134,-0.280837754337346,1.71175060252961,-0.0243426187147554,-1.45015501216574
1156,152.542372881356,193.220338983051,0.250076043744573,-0.966214986043274,-0.304025048348342,1.87725399545606,-0.0408531949579349,-1.29042570095878
1157,162.71186440678,193.220338983051,0.47529279075997,-0.977864845393248,-0.318190325112654,2.02165149530454,-0.0729800160221412,-1.09780465246921
1158,172.881355932203,193.220338983051,0.662000978484119,-0.964721680947836,-0.326248362588819,2.14177982994287,-0.11754062302802,-0.876630388426656
1159,183.050847457627,193.220338983051,0.804712621130634,-0.930323258459441,-0.331277724852259,2.23493857198947,-0.170887913072896,-0.631993078511827
1160,193.220338983051,193.220338983051,0.900471170040014,-0.879460895008971,-0.33631409412339,2.29895396524499,-0.229040725369155,-0.369612611348859
1161,203.389830508475,193.220338983051,0.951760849114252,-0.817767491917415,-0.344181104995925,2.33222961048658,-0.287824868166261,-0.0956994832877096
1162,213.559322033898,193.220338983051,0.980658669416813,-0.750865063450116,-0.357382838349401,2.33378279900145,-0.343019898860716,0.183198028307767
1163,223.728813559322,193.220338983051,1.07008901611248,-0.683493357298451,-0.377986881600151,2.30326571710384,-0.390506809932163,0.460356554419448
1164,233.898305084746,193.220338983051,1.40770224621927,-0.619597570085374,-0.407449680704412,2.24097119496029,-0.426411772367837,0.729046046062028
1165,244.067796610169,193.220338983051,2.18228562177197,-0.563399049069171,-0.446454165529123,2.14782312223031,-0.447241245055674,0.982699587530457
1166,254.237288135593,193.220338983051,3.22885081883743,-0.519644772467174,-0.494842142486706,2.02535208562815,-0.450004067111126,1.21508022259285
1167,264.406779661017,193.220338983051,3.85682231941336,-0.49222462008738,-0.551652568100056,1.8756571849019,-0.432316599229998,1.42044045237035
1168,274.576271186441,193.220338983051,3.45095363852994,-0.482935580824233,-0.615206514412724,1.70135534092664,-0.3924875544023,1.5936702257535
1169,284.745762711864,193.220338983051,2.22676505711185,-0.491581737901439,-0.683160768604328,1.50551971177198,-0.329579838187194,1.73042951654423
1170,294.915254237288,193.220338983051,0.968276060342118,-0.516561791431335,-0.752546041660226,1.29160907141443,-0.243447481440156,1.82726195957178
1171,305.084745762712,193.220338983051,0.173043825693824,-0.555150961680041,-0.819870329375586,1.0633901757024,-0.134746568566974,1.88168649145773
1172,315.254237288136,193.220338983051,-0.186766259474818,-0.603586688637998,-0.881294539098092,0.824855238669393,-0.00491991502657867,1.89226449854386
1173,325.423728813559,193.220338983051,-0.318491014222588,-0.657208686874365,-0.93282863399263,0.580136669694634,0.143843898915188,1.85864060048769
1174,335.593220338983,193.220338983051,-0.354133575007621,-0.710696258522611,-0.970523673968321,0.333421181515321,0.308675702988458,1.78155587698361
1175,345.762711864407,193.220338983051,-0.33843971308503,-0.75836225260964,-0.99066200171261,0.0888652764496154,0.486112908698748,1.66283305927889
1176,355.93220338983,193.220338983051,-0.281724243564592,-0.794464569993723,-0.989944361182763,-0.149486038650454,0.672205766758912,1.5053339388775
1177,366.101694915254,193.220338983051,-0.18778049720357,-0.813502304455227,-0.965665722089182,-0.377775659527279,0.862639197925467,1.31288997376419
1178,376.271186440678,193.220338983051,-0.0618415464683859,-0.81049774347585,-0.915870776853666,-0.592404499420106,1.05286620169553,1.09020777830878
1179,386.440677966102,193.220338983051,0.0853787785155464,-0.781357282001869,-0.839481487756954,-0.790094154257786,1.23824849650899,0.842751847881109
1180,396.610169491525,193.220338983051,0.231473513106566,-0.723364034849057,-0.736390521818503,-0.967941227713028,1.41419983722173,0.576607475269629
1181,406.779661016949,193.220338983051,0.34229523057305,-0.635466144287158,-0.607515881485594,-1.12346269172444,1.57632739640546,0.298327346876602
1182,416.949152542373,193.220338983051,0.400109462693518,-0.517943063769942,-0.454813654592595,-1.25463191283094,1.7205666863591,0.0147657479099744
1183,427.118644067797,193.220338983051,0.448581041647837,-0.371917443929228,-0.281247550007666,-1.35990520924966,1.84330573460261,-0.267095354723554
1184,437.28813559322,193.220338983051,0.574408654081944,-0.19953562197882,-0.0907155332451648,-1.4382390109925,1.94149459839304,-0.540323854868455
1185,447.457627118644,193.220338983051,0.80486847057691,-0.00448283450620065,0.11206782521357,-1.48909787042934,2.0127368004103,-0.798214067485909
1186,457.627118644068,193.220338983051,1.05944282549213,0.208012833609422,0.321782851910403,-1.51245371072224,2.05535987124716,-1.03445771024681
1187,467.796610169491,193.220338983051,1.22434525927443,0.431671517179191,0.533327035085955,-1.50877680383811,2.06846287441129,-1.24330484182492
1188,477.966101694915,193.220338983051,1.21466904603444,0.659729834671644,0.746492763460921,-1.47901903987312,2.05193954326331,-1.41971054291424
1189,488.135593220339,193.220338983051,0.964666194539971,0.885384964621191,0.985934108933427,-1.42459008857454,2.00647645184538,-1.55946348873278
1190,498.305084745763,193.220338983051,0.480423626031434,1.10193215158024,1.34911517658756,-1.34732706721031,1.9335264470056,-1.65929302747273
1191,508.474576271186,193.220338983051,-0.0372600852702577,1.30268622346855,2.03045460504951,-1.24945832251884,1.83525836148324,-1.71695193580445
1192,518.64406779661,193.220338983051,-0.270749860077274,1.48120542658878,3.14947891942667,-1.13356191535076,1.7144847812052,-1.73127265564992
1193,528.813559322034,193.220338983051,-0.114981631675591,1.63189783500481,4.38215108873773,-1.00251937206638,1.57457033092394,-1.70219550942916
1194,538.983050847458,193.220338983051,0.194729456876641,1.75046494147264,4.96951597970076,-0.859465243863664,1.4193235486856,-1.63076812560701
1195,549.152542372881,193.220338983051,0.356046289619513,1.83396642668324,4.4716552480699,-0.707733000410905,1.25287592254236,-1.51911606321142
1196,559.322033898305,193.220338983051,0.263384087257345,1.88077374928943,3.31433374988709,-0.55079778279003,1.07955204699814,-1.3703853829804
1197,569.491525423729,193.220338983051,-0.0058653535145703,1.89056990695722,2.25545892452179,-0.39221655672774,0.903735110445332,-1.18865865372569
1198,579.661016949153,193.220338983051,-0.329648866930913,1.86433925218486,1.62451176969424,-0.235566242593536,0.729732041158053,-0.978846585598015
1199,589.830508474576,193.220338983051,-0.631774421356668,1.80429112785099,1.30331075084744,-0.0843804539859809,0.56164261559594,-0.746558128375486
1200,600,193.220338983051,-0.89091725522801,1.71371667451061,1.09469241127752,0.0579144497238906,0.403236670727046,-0.497952445307226
1201,0,203.389830508475,-1.67162204430635,0.702536247663568,0.83730045358393,-0.669329438200245,-1.72115825145067,-0.0796147562283818
1202,10.1694915254237,203.389830508475,-1.9274653230289,0.694009058717598,0.703294079828723,-0.599676057560036,-1.56420084516645,-0.29261659739039
1203,20.3389830508475,203.389830508475,-2.12676824786692,0.65324405987536,0.558672855865301,-0.510803423138827,-1.39487453616019,-0.501885518876056
1204,30.5084745762712,203.389830508475,-2.26308554669339,0.582621746682437,0.409054905358612,-0.403757710232548,-1.21865118091724,-0.702202240057091
1205,40.6779661016949,203.389830508475,-2.33247907431132,0.485963925736152,0.260003344591647,-0.279921546946002,-1.0410099766286,-0.888500529996653
1206,50.8474576271186,203.389830508475,-2.33365653511889,0.368279729124004,0.116802581711284,-0.14098388073868,-0.867259600756211,-1.05599744806221
1207,61.0169491525424,203.389830508475,-2.26799493002403,0.235453906613946,-0.0157501229087728,0.0110924001487491,-0.702367877385202,-1.20031777652421
1208,71.1864406779661,203.389830508475,-2.1394487299347,0.0938959102203445,-0.133529533056706,0.174104338222008,-0.55080447250792,-1.31760937560256
1209,81.3559322033898,203.389830508475,-1.95434788690385,-0.0498299045464875,-0.233236622130006,0.345643707485968,-0.416401657461174,-1.40464639528138
1210,91.5254237288135,203.389830508475,-1.7210956326775,-0.189371983068454,-0.312515616055702,0.523132374310218,-0.302237555234897,-1.45891756413126
1211,101.694915254237,203.389830508475,-1.44978036898868,-0.318936724336643,-0.370028807815507,0.703858035473719,-0.210545519731219,-1.47869713659208
1212,111.864406779661,203.389830508475,-1.15171963386093,-0.433592270522917,-0.405486367142672,0.88501031452692,-0.142652419165462,-1.46309650786118
1213,122.033898305085,203.389830508475,-0.838956974584894,-0.529514780056884,-0.419630535562271,1.06371732761983,-0.0989476311196837,-1.41209498904904
1214,132.203389830508,203.389830508475,-0.523734450678438,-0.604164518191131,-0.414175788299017,1.23708291631723,-0.0788835403186902,-1.32654876238735
1215,142.372881355932,203.389830508475,-0.217964352455954,-0.656383205201359,-0.39171084981514,1.40222478099782,-0.0810072945451772,-1.20817759352462
1216,152.542372881356,203.389830508475,0.0672764786559878,-0.686409335993047,-0.355576865827585,1.55631373084721,-0.103022553197326,-1.05952945093584
1217,162.71186440678,203.389830508475,0.322207640337063,-0.695820830596078,-0.309734907745473,1.6966141953319,-0.141878990063054,-0.883923756282094
1218,172.881355932203,203.389830508475,0.538742949031718,-0.687459453078757,-0.258578125372567,1.82052602101584,-0.193886418393712,-0.685374549119219
1219,183.050847457627,203.389830508475,0.710830897346705,-0.665491872590733,-0.206564184441355,1.92562741361019,-0.254849620952221,-0.468495379860905
1220,193.220338983051,203.389830508475,0.834972596787424,-0.635701949765046,-0.157731540779928,2.00971868815647,-0.320219315307823,-0.238388232193901
1221,203.389830508475,203.389830508475,0.912662921144187,-0.605213954961223,-0.115587178124189,2.07086627260527,-0.385254185659022,-0.000519207093693868
1222,213.559322033898,203.389830508475,0.962108399293168,-0.579746507036667,-0.0835418002234498,2.10744618592476,-0.445188582146006,0.239415936538803
1223,223.728813559322,203.389830508475,1.05234120591468,-0.55941281108374,-0.0650734306054191,2.1181859964401,-0.495400336609785,0.475633004833204
1224,233.898305084746,203.389830508475,1.33948061426563,-0.540045681655569,-0.0630467884310356,2.10220407474813,-0.5315731738259,0.702403777090169
1225,244.067796610169,203.389830508475,1.9809836749083,-0.52183916525046,-0.0788672705297041,2.0590448030033,-0.549848407175713,0.9141999140416
1226,254.237288135593,203.389830508475,2.8419755276315,-0.513145007085244,-0.112295976881016,1.98870830188118,-0.546960989454267,1.10583266990699
1227,264.406779661017,203.389830508475,3.35303095727182,-0.522946755621464,-0.162020402916176,1.89167319910056,-0.520355529438376,1.27258479700004
1228,274.576271186441,203.389830508475,3.00716747609215,-0.553592711829978,-0.226346824550779,1.76891099712157,-0.468278564276649,1.41033121145405
1229,284.745762711864,203.389830508475,1.98465722701748,-0.60193366712408,-0.303193008654576,1.62189070719829,-0.389844173621739,1.51564525907484
1230,294.915254237288,203.389830508475,0.935964038085818,-0.663304301346279,-0.389572143728733,1.45257260322374,-0.28507090698099,1.58588777486521
1231,305.084745762712,203.389830508475,0.274392074082739,-0.733042632317542,-0.481459685969297,1.26339020867214,-0.154888941559184,1.61927655960261
1232,315.254237288136,203.389830508475,-0.0216570043015118,-0.80628100049197,-0.574171011318919,1.05721995638933,-0.00111736270014766,1.61493439115772
1233,325.423728813559,203.389830508475,-0.122634093800076,-0.877721514888414,-0.662765705369641,0.837338343266667,0.173587569023516,1.57291423441171
1234,335.593220338983,203.389830508475,-0.137096891041327,-0.941749125687909,-0.742290782509117,0.60736682591707,0.36581136257024,1.49420089761867
1235,345.762711864407,203.389830508475,-0.10188647674935,-0.992704079706086,-0.807965759888895,0.371205152603116,0.571484778817265,1.38068898973917
1236,355.93220338983,203.389830508475,-0.0258375961565402,-1.02519015151168,-0.855378338029035,0.132954282118996,0.786008396283062,1.23513764683016
1237,366.101694915254,203.389830508475,0.0872068548951682,-1.03437354488348,-0.880684105054669,-0.103169517760892,1.00439414315835,1.06110309993584
1238,376.271186440678,203.389830508475,0.232270406248753,-1.01625408544605,-0.88079063989576,-0.332927391359283,1.22141915391513,0.862850736158321
1239,386.440677966102,203.389830508475,0.401681399917866,-0.967904224427023,-0.853513550625163,-0.55215507945948,1.43178693813071,0.645248843354404
1240,396.610169491525,203.389830508475,0.58360729923651,-0.887670205944255,-0.797696672814475,-0.756861926030588,1.63029064351612,0.413646712850544
1241,406.779661016949,203.389830508475,0.76231436655588,-0.77529576130669,-0.713290914233785,-0.943328867512567,1.81197315994046,0.1737401907168
1242,416.949152542373,203.389830508475,0.92582250012362,-0.631924593505219,-0.601388044660715,-1.10820246365722,1.97227894637973,-0.0685718947559222
1243,427.118644067797,203.389830508475,1.07797216153352,-0.4600287837021,-0.464207602658221,-1.24858203335198,2.10719276253939,-0.307336752885499
1244,437.28813559322,203.389830508475,1.23397963231943,-0.263363604787103,-0.305036882952297,-1.36209707251351,2.21336094045006,-0.536698267579388
1245,447.457627118644,203.389830508475,1.39401489093962,-0.0469750881703828,-0.128122589182078,-1.44697235301196,2.28819142275224,-0.751045367262287
1246,457.627118644068,203.389830508475,1.53057009143496,0.182811938870025,0.0615327320527703,-1.50207842600165,2.32992950345642,-0.94515429093776
1247,467.796610169491,203.389830508475,1.60685730696025,0.418772766486941,0.258959490380007,-1.52696566983419,2.33770700981605,-1.11432106155072
1248,477.966101694915,203.389830508475,1.59069941784164,0.654072314692739,0.463672632389281,-1.52188051765272,2.31156353385995,-1.2544807228704
1249,488.135593220339,203.389830508475,1.45257565917012,0.883696484703263,0.698631766838823,-1.4877630550124,2.25243923041056,-1.36231023214177
1250,498.305084745763,203.389830508475,1.19145518074171,1.10361480118947,1.05574976589864,-1.42622577284664,2.16213961536869,-1.43531231922947
1251,508.474576271186,203.389830508475,0.883726493835129,1.30803601467591,1.71882243769243,-1.33951387327279,2.04327369393589,-1.47187811315974
1252,518.64406779661,203.389830508475,0.652126398516058,1.48913257425679,2.80053212139795,-1.23044813161527,1.89916759446212,-1.47132688617425
1253,528.813559322034,203.389830508475,0.538736450506365,1.64007609781019,3.9927332989472,-1.10235189417207,1.73375665279124,-1.43392185935678
1254,538.983050847458,203.389830508475,0.458404681551974,1.75705377002246,4.57468078550834,-0.958964315282942,1.55145956008685,-1.36086163705958
1255,549.152542372881,203.389830508475,0.30643673540971,1.83858250398884,4.12829698451219,-0.804342388826583,1.3570387333878,-1.25424747339298
1256,559.322033898305,203.389830508475,0.0558452254467122,1.88435817193229,3.05677288564045,-0.64275469095212,1.15545147591894,-1.11702720620921
1257,569.491525423729,203.389830508475,-0.25645903400692,1.89495277919972,2.07844266002385,-0.478570008879823,0.951696751444579,-0.952917305617164
1258,579.661016949153,203.389830508475,-0.583422704983651,1.87190560699418,1.50528329512702,-0.316144175489512,0.750662496649675,-0.766305058912707
1259,589.830508474576,203.389830508475,-0.89481801614671,1.81772880316911,1.22467836998992,-0.159708456313117,0.556978335775002,-0.56213343662706
1260,600,203.389830508475,-1.17665593968266,1.73577854027454,1.04917616075174,-0.0132627444665083,0.374878345799566,-0.34577164124975
1261,0,213.559322033898,-1.86269770668769,0.674262567276537,0.508647741745032,-0.66333983355346,-1.8130489516186,-0.151144745048674
1262,10.1694915254237,213.559322033898,-2.13711018617375,0.673485608004279,0.342799262242313,-0.607320566725477,-1.6437178840156,-0.327800364044471
1263,20.3389830508475,213.559322033898,-2.35249253774231,0.643811122541583,0.17328220081478,-0.535831119884325,-1.46144137969305,-0.498552882263147
1264,30.5084745762712,213.559322033898,-2.50198579912741,0.588214907339357,0.00626731980017053,-0.450157689564087,-1.27226488356767,-0.659166561538102
1265,40.6779661016949,213.559322033898,-2.58129665175448,0.510850124313098,-0.152281850601119,-0.351687896579885,-1.08221719311379,-0.805612057644728
1266,50.8474576271186,213.559322033898,-2.58885501737484,0.416759910839068,-0.296843831739926,-0.241867338935687,-0.897113924595936,-0.934168965017858
1267,61.0169491525424,213.559322033898,-2.52585321014777,0.311549601776842,-0.422555440319035,-0.122166478582134,-0.722370214116819,-1.04152145774587
1268,71.1864406779661,213.559322033898,-2.3961656690385,0.201038191708057,-0.525400592977789,0.00594115766804764,-0.562828708449029,-1.12484454605695
1269,81.3559322033898,213.559322033898,-2.20615362090926,0.0909094367591366,-0.602363936887025,0.140989300691339,-0.422608357336451,-1.18187868772259
1270,91.5254237288135,213.559322033898,-1.96436412679546,-0.0136173984249587,-0.651542994165252,0.281518430422785,-0.30497879896538,-1.21099077366604
1271,101.694915254237,213.559322033898,-1.68113761434435,-0.108078660784873,-0.672214212255852,0.426065834381918,-0.212264258364748,-1.21121983981473
1272,111.864406779661,213.559322033898,-1.36814199145445,-0.189003346320789,-0.664850266340826,0.573148288554286,-0.145779884160209,-1.18230623469065
1273,122.033898305085,213.559322033898,-1.03785459366802,-0.254083504193879,-0.631088388207252,0.721239940436997,-0.105802365749985,-1.12470338498712
1274,132.203389830508,213.559322033898,-0.703015403180447,-0.302269524053341,-0.573655075514611,0.868748337397495,-0.0915755366528681,-1.03957173904805
1275,142.372881355932,213.559322033898,-0.376076097265332,-0.333786589554417,-0.496273539969283,1.0139917251426,-0.101350518050669,-0.928754919638137
1276,152.542372881356,213.559322033898,-0.0686694927997326,-0.350077224492398,-0.403631901224477,1.15518073026918,-0.132458827205963,-0.794738571127667
1277,162.71186440678,213.559322033898,0.208877175694345,-0.353714330066432,-0.301471207158419,1.29040733699768,-0.181415805284128,-0.640592830528843
1278,172.881355932203,213.559322033898,0.44796465214125,-0.348517368290149,-0.196407822018705,1.41764368096457,-0.244050742756236,-0.469899775195074
1279,183.050847457627,213.559322033898,0.642074995386482,-0.340572803639278,-0.0944978716376408,1.53475263185137,-0.315659229303612,-0.286667591374864
1280,193.220338983051,213.559322033898,0.787188763265809,-0.340599619308416,0.00103624618652592,1.63951144997152,-0.391172555968938,-0.0952335569008308
1281,203.389830508475,213.559322033898,0.88329858958427,-0.363809467677785,0.0893023521711454,1.72964901545627,-0.46533847201817,0.0998417711776333
1282,213.559322033898,213.559322033898,0.941385756479483,-0.418027243545754,0.167190215174015,1.80289628374883,-0.532907263562944,0.293886535234313
1283,223.728813559322,213.559322033898,1.00365438893418,-0.484776676639517,0.227007822024678,1.85704876265649,-0.588816985089589,0.482232921270902
1284,233.898305084746,213.559322033898,1.16499438024848,-0.526778180225806,0.260674403915928,1.89003898043866,-0.628371741698079,0.660332966932066
1285,244.067796610169,213.559322033898,1.52190786050066,-0.530488759779851,0.26540331030124,1.9000161664867,-0.647407185475501,0.82387190442478
1286,254.237288135593,213.559322033898,1.99786162135643,-0.525262610464509,0.244661044245607,1.88542973788534,-0.642437843937026,0.968876157298992
1287,264.406779661017,213.559322033898,2.25859583271669,-0.547944770323656,0.203675680584834,1.84511271283966,-0.610781525684787,1.09181323210508
1288,274.576271186441,213.559322033898,2.00720353266182,-0.608421997756751,0.144300194208878,1.77836088452077,-0.550656826656285,1.18968093944908
1289,284.745762711864,213.559322033898,1.35514410441501,-0.695213441569548,0.0654815971909388,1.68500350632091,-0.461250663079326,1.26008363930226
1290,294.915254237288,213.559322033898,0.693052391047175,-0.794417209456607,-0.0321247565486287,1.56546137179249,-0.342753754167709,1.30129352621163
1291,305.084745762712,213.559322033898,0.270250809305163,-0.896563446537055,-0.144209453416948,1.42078851902217,-0.196363035478576,1.31229534332365
1292,315.254237288136,213.559322033898,0.0770684888442829,-0.99491862994648,-0.264545350741054,1.25269433849403,-0.0242510677637048,1.29281333049288
1293,325.423728813559,213.559322033898,0.0146377726292699,-1.0835003216652,-0.386769349658556,1.06354359398078,0.170496419448723,1.24331966065207
1294,335.593220338983,213.559322033898,0.0199850928120681,-1.15654838685739,-0.50483610001481,0.856332746695809,0.38397268036031,1.16502408862462
1295,345.762711864407,213.559322033898,0.0717853921458366,-1.20865771404005,-0.612986853623728,0.634641964955063,0.611568680064637,1.05984501561384
1296,355.93220338983,213.559322033898,0.164356777571735,-1.23504692201312,-0.705818654484718,0.402563259943196,0.848114430823696,0.930362648365105
1297,366.101694915254,213.559322033898,0.294010931410722,-1.23181776855029,-0.778465123733672,0.164606263881098,1.08803826263187,0.779755392151976
1298,376.271186440678,213.559322033898,0.455553785411232,-1.19617226426873,-0.826797725209009,-0.0744157906725138,1.32553880086172,0.611721049320715
1299,386.440677966102,213.559322033898,0.641785625765815,-1.126575028418,-0.847605328278914,-0.30951637232703,1.55476404510654,0.4303847888395
1300,396.610169491525,213.559322033898,0.843448579649619,-1.02285305259512,-0.838737756143788,-0.535677885554977,1.76999174935654,0.240196196797447
1301,406.779661016949,213.559322033898,1.04959746453611,-0.886226403687204,-0.799206487013173,-0.748000832359544,1.96580529926485,0.0458180039812951
1302,416.949152542373,213.559322033898,1.2494038487136,-0.719269213468095,-0.729238227140356,-0.941854440775607,2.13725946615902,-0.147990693101504
1303,427.118644067797,213.559322033898,1.43481476839816,-0.525830296731342,-0.630279083267285,-1.11302307537377,2.28003078219546,-0.336493753026658
1304,437.28813559322,213.559322033898,1.6001285386255,-0.311044741641701,-0.504948995343401,-1.25784276362567,2.39054781337346,-0.515096814976337
1305,447.457627118644,213.559322033898,1.73743352100072,-0.0817554575459059,-0.356945867421651,-1.37332243704598,2.46609728841205,-0.679462597603902
1306,457.627118644068,213.559322033898,1.83452315286301,0.152650905685828,-0.190868547976714,-1.45724498905109,2.50490284844332,-0.825619723809944
1307,467.796610169491,213.559322033898,1.87830867029428,0.381112297348391,-0.0116265195039089,-1.50824397299296,2.50617408788955,-0.950062284238387
1308,477.966101694915,213.559322033898,1.85698915230554,0.59697862242857,0.178658341043194,-1.52585267413692,2.47012453059618,-1.04983758491062
1309,488.135593220339,213.559322033898,1.75999910091683,0.8049371546354,0.393645123562666,-1.510523349854,2.39795819514497,-1.12261982357647
1310,498.305084745763,213.559322033898,1.58628330888519,1.01465259449864,0.693862879729969,-1.46361559726072,2.29182541622809,-1.16676779750148
1311,508.474576271186,213.559322033898,1.35816327421279,1.22328213620227,1.20241800280217,-1.38735402619546,2.15474957215946,-1.18136515339858
1312,518.64406779661,213.559322033898,1.11252028453957,1.41258421160585,1.99401684368228,-1.28475663432586,1.99052729041874,-1.16624213758691
1313,528.813559322034,213.559322033898,0.865531103272423,1.56562311623939,2.8567606195265,-1.1595364466865,1.80360553421576,-1.12197827970513
1314,538.983050847458,213.559322033898,0.60001740101917,1.67774257758285,3.29782440646135,-1.01598004269483,1.59893968728011,-1.04988593413964
1315,549.152542372881,213.559322033898,0.29536174146812,1.75197935791262,3.03088099059221,-0.858807503009516,1.38183732929666,-0.951975097030734
1316,559.322033898305,213.559322033898,-0.0465405484331247,1.79205002542784,2.32951017660823,-0.693019026655943,1.15779281320108,-0.830900400461682
1317,569.491525423729,213.559322033898,-0.406702870819865,1.80060987994673,1.68237698717906,-0.52373396452134,0.932318005730844,-0.689891646612176
1318,579.661016949153,213.559322033898,-0.764301773838722,1.78011172490993,1.30164468843343,-0.356028267624499,0.710774627582733,-0.532669671221295
1319,589.830508474576,213.559322033898,-1.10324472977785,1.733427632565,1.11055448008754,-0.194776347592332,0.498213528386815,-0.363349706482958
1320,600,213.559322033898,-1.41169831937852,1.66390780431002,0.981729396476637,-0.0445030941503627,0.299225959314215,-0.186334738483425
1321,0,223.728813559322,-1.97772318628013,0.617292757677906,0.18798504381898,-0.668039848629115,-1.80840945994156,-0.223869041454265
1322,10.1694915254237,223.728813559322,-2.26357628572786,0.621881327883941,-0.00523291329010422,-0.629541491089707,-1.62888271817406,-0.359034213538006
1323,20.3389830508475,223.728813559322,-2.48902289785587,0.602438221105948,-0.195462507057049,-0.579319397180935,-1.43651049693615,-0.486178882640386
1324,30.5084745762712,223.728813559322,-2.64688367611133,0.562617332203168,-0.376133920321474,-0.5188601308138,-1.2378188074923,-0.602180814944473
1325,40.6779661016949,223.728813559322,-2.73257818857797,0.506903934742173,-0.541024768806765,-0.449520993337655,-1.03928600745789,-0.704173917748054
1326,50.8474576271186,223.728813559322,-2.74429993846055,0.440294934005985,-0.684500420210841,-0.372474203785322,-0.847130832063029,-0.789619809315043
1327,61.0169491525424,223.728813559322,-2.68307065650181,0.367960294857508,-0.80173272596036,-0.288673604133436,-0.667111421816632,-0.856371540573733
1328,71.1864406779661,223.728813559322,-2.55267192152105,0.294906060477393,-0.888888221052402,-0.198845079943614,-0.50434184831049,-0.902727859066069
1329,81.3559322033898,223.728813559322,-2.35945767074319,0.2256589051275,-0.943278038734179,-0.103500462082825,-0.363132018525199,-0.927476636684361
1330,91.5254237288135,223.728813559322,-2.11205649189798,0.163990547647312,-0.96346330249319,-0.00297327671062883,-0.246856028131868,-0.929926349047354
1331,101.694915254237,223.728813559322,-1.82097750327299,0.112697700999095,-0.949311545371155,0.102526588328237,-0.157853063786235,-0.909924789283328
1332,111.864406779661,223.728813559322,-1.49813790440828,0.0734497133667765,-0.902001839614078,0.21284336411526,-0.0973638562293395,-0.867864515182334
1333,122.033898305085,223.728813559322,-1.15633372671329,0.0467118805389423,-0.823980574805239,0.327795996364817,-0.0655044970478544,-0.804674858274126
1334,132.203389830508,223.728813559322,-0.808677775817763,0.031747776652759,-0.718891082978715,0.447094454422285,-0.0612781918363837,-0.721800658144878
1335,142.372881355932,223.728813559322,-0.468030126789573,0.026698187130425,-0.591605283818871,0.570257673616987,-0.0826242722725294,-0.62116821683342
1336,152.542372881356,223.728813559322,-0.146446749780461,0.028715774293788,-0.448756950511355,0.696539046751693,-0.126502570334366,-0.505139288113916
1337,162.71186440678,223.728813559322,0.145329113524705,0.03401007869879,-0.30006653390108,0.824865048834392,-0.189010109322182,-0.376454216812815
1338,172.881355932203,223.728813559322,0.398310599954742,0.0370198035959858,-0.158335139066897,0.953791935597454,-0.265526025650503,-0.238165616432777
1339,183.050847457627,223.728813559322,0.605632157411972,0.0263241671290021,-0.0326958126126465,1.08148453242396,-0.35087973590448,-0.0935642123400494
1340,193.220338983051,223.728813559322,0.762883040216647,-0.0241916990140486,0.0826469068527762,1.20571997200112,-0.439536633885235,0.0539013234680194
1341,203.389830508475,223.728813559322,0.868843282061357,-0.155606822714668,0.204662757392865,1.32391790454381,-0.525795065006735,0.200708566546337
1342,213.559322033898,223.728813559322,0.92848188998496,-0.383796266570888,0.335902878905882,1.43319726130973,-0.60398799668221,0.343347479478136
1343,223.728813559322,223.728813559322,0.961543095949725,-0.634990427455797,0.450832522346046,1.53045817388479,-0.668682692520442,0.478406360782745
1344,233.898305084746,223.728813559322,1.01158998656608,-0.772299985310527,0.517829582268417,1.61248621421914,-0.714871807299304,0.602655468597266
1345,244.067796610169,223.728813559322,1.12403185150935,-0.742915142602351,0.529492089636765,1.67607479807187,-0.738149643628583,0.71312623916028
1346,254.237288135593,223.728813559322,1.27136342589466,-0.644589086905692,0.50754952368541,1.71816045665545,-0.734867837788849,0.807184127023496
1347,264.406779661017,223.728813559322,1.3167513262203,-0.60388632572526,0.478272074283768,1.73596478851287,-0.702265452723271,0.88259325043691
1348,274.576271186441,223.728813559322,1.13965923846019,-0.657551800035863,0.444501947694558,1.72713630497125,-0.638569325966686,0.937571227648318
1349,284.745762711864,223.728813559322,0.793863230609551,-0.771699790615229,0.388495076971736,1.68988511267105,-0.543061519792544,0.970832832920769
1350,294.915254237288,223.728813559322,0.452004147855585,-0.906858572463217,0.297625399332621,1.6231034544433,-0.416111816394871,0.981621378855527
1351,305.084745762712,223.728813559322,0.22584334397165,-1.04117121956298,0.175691425821229,1.52646555694645,-0.259174355965661,0.969727037180376
1352,315.254237288136,223.728813559322,0.115770492564062,-1.1639939241332,0.034252029045667,1.40050099449671,-0.0747486918795078,0.935491635876588
1353,325.423728813559,223.728813559322,0.0830342046391574,-1.26838994896719,-0.116164465546908,1.24663684136834,0.13369330374147,0.879799808204469
1354,335.593220338983,223.728813559322,0.102946650902543,-1.34857417265581,-0.267509149694178,1.06720520231423,0.361812146768686,0.80405671036252
1355,345.762711864407,223.728813559322,0.167221696938821,-1.39960885835862,-0.412972423737914,0.865414223056694,0.604533509413649,0.710152860592939
1356,355.93220338983,223.728813559322,0.272825661462187,-1.41758122834565,-0.546298850191109,0.645282318843037,0.856204609133407,0.600416975055453
1357,366.101694915254,223.728813559322,0.416170829376484,-1.39980287789027,-0.661762959979903,0.411537042946333,1.11076903784842,0.477557976591388
1358,376.271186440678,223.728813559322,0.591717418762976,-1.34495402619627,-0.754350263974496,0.169481668276997,1.36195428611336,0.344597623986257
1359,386.440677966102,223.728813559322,0.791952027913816,-1.25315902198931,-0.819951405147761,-0.0751659050660515,1.6034658429217,0.204795444637691
1360,396.610169491525,223.728813559322,1.00766107220193,-1.12598938852276,-0.855524332246665,-0.31645594991175,1.82918157970283,0.0615678466776504
1361,406.779661016949,223.728813559322,1.22834694814549,-0.966395896433982,-0.859213456567316,-0.548404352152916,2.03334016079108,-0.0815965673272755
1362,416.949152542373,223.728813559322,1.44289007361256,-0.778586026202479,-0.830420801219575,-0.765196829019985,2.21071745946108,-0.221223367692307
1363,427.118644067797,223.728813559322,1.64035840183453,-0.567953616857566,-0.769826485001692,-0.96139161692081,2.35678538918114,-0.353938186501141
1364,437.28813559322,223.728813559322,1.81041368986725,-0.34157580215731,-0.679357925486484,-1.13211224545035,2.46784816843711,-0.476549980916802
1365,447.457627118644,223.728813559322,1.94314900821458,-0.11060296112307,-0.562108125860328,-1.2732223180936,2.5411518030503,-0.586129590141198
1366,457.627118644068,223.728813559322,2.02921297046708,0.105452085435827,-0.422189642261367,-1.38147489184022,2.57496346614158,-0.680081624047879
1367,467.796610169491,223.728813559322,2.06056997936123,0.281487794313333,-0.264364355698303,-1.45463005903861,2.56861845253708,-0.75620788977215
1368,477.966101694915,223.728813559322,2.03095863321946,0.411505817177396,-0.0924274793135205,-1.49153564087338,2.52253344821059,-0.812760776037366
1369,488.135593220339,223.728813559322,1.93613177774023,0.53682985185694,0.0972651961867067,-1.49216744434778,2.4381859511603,-0.848485268351614
1370,498.305084745763,223.728813559322,1.77576089528181,0.718441187451795,0.331135319492948,-1.45762724378825,2.31806077203457,-0.862648555036616
1371,508.474576271186,223.728813559322,1.55626388805339,0.96256770901947,0.666196643321328,-1.39009844584993,2.16556559540783,-0.855056497108938
1372,518.64406779661,223.728813559322,1.28897201202879,1.20783083376209,1.13587018828753,-1.29276120164488,1.98491856201854,-0.826056566410806
1373,528.813559322034,223.728813559322,0.982972901102557,1.39503875739249,1.63352907923477,-1.16967045835111,1.78101170735401,-0.776527197702573
1374,538.983050847458,223.728813559322,0.64241068505261,1.51303068663886,1.91538760510638,-1.02560201636821,1.55925483522211,-0.707853843042538
1375,549.152542372881,223.728813559322,0.27216154352027,1.57920753806762,1.83913750051188,-0.86587300486055,1.3254049934436,-0.62189235201594
1376,559.322033898305,223.728813559322,-0.117449537272969,1.61003580245363,1.53697975030299,-0.696144247088248,1.08538713483716,-0.520920620739742
1377,569.491525423729,223.728813559322,-0.512271991550253,1.6139253782248,1.24692572113695,-0.522212709501057,0.845111778327127,-0.407579747968362
1378,579.661016949153,223.728813559322,-0.89779309047806,1.59521353297445,1.07224908746958,-0.34980258316228,0.610295526467206,-0.284806200567683
1379,589.830508474576,223.728813559322,-1.26073996038642,1.55728641549238,0.975414078568269,-0.184363517935915,0.386290147361824,-0.155756716416802
1380,600,223.728813559322,-1.58933420568643,1.50343337081094,0.894682162919257,-0.0308841221980098,0.177925597466963,-0.0237278547115602
1381,0,233.898305084746,-2.00876510938793,0.53458789309616,-0.110065196923444,-0.674938260780233,-1.70851965610222,-0.292391361658294
1382,10.1694915254237,233.898305084746,-2.29830588335916,0.541860437189978,-0.325029939527731,-0.655760102029453,-1.52086771648362,-0.38223061859035
1383,20.3389830508475,233.898305084746,-2.52726787317803,0.531268812264681,-0.530952240216183,-0.628633013342006,-1.32117175284999,-0.462115667751002
1384,30.5084745762712,233.898305084746,-2.68824989687538,0.507202694628733,-0.721033590818292,-0.595217784426627,-1.11633981932969,-0.530129262673044
1385,40.6779661016949,233.898305084746,-2.77645663425792,0.474470267114932,-0.888944171932364,-0.556823127637381,-0.913193945945653,-0.584653484688453
1386,50.8474576271186,233.898305084746,-2.78988956682458,0.437948254321475,-1.02906279801718,-0.514338501377669,-0.718246201485247,-0.624408190699857
1387,61.0169491525424,233.898305084746,-2.72941580949741,0.40223800782378,-1.13669299034968,-0.468201000739712,-0.537487566574394,-0.648480879988483
1388,71.1864406779661,233.898305084746,-2.59871193227867,0.371348503287843,-1.20824637608401,-0.418397695345007,-0.376196451926821,-0.656347291040467
1389,81.3559322033898,233.898305084746,-2.40408551789438,0.348425240511172,-1.24138583750509,-0.364502799941278,-0.238772999885181,-0.647882275014207
1390,91.5254237288135,233.898305084746,-2.15418272391699,0.335541072576086,-1.23512238048474,-0.305747110154448,-0.128604413802454,-0.6233607377172
1391,101.694915254237,233.898305084746,-1.85959526272817,0.333561114271698,-1.18986152356801,-0.241115324121977,-0.0479655002955005,-0.583448690596636
1392,111.864406779661,233.898305084746,-1.53238474504305,0.342089326591787,-1.10739762398202,-0.16946529353166,0.00204258005367629,-0.529184697025936
1393,122.033898305085,233.898305084746,-1.18554604550698,0.359499410195445,-0.990865099556946,-0.0896619859730092,0.0215136373418514,-0.46195223696565
1394,132.203389830508,233.898305084746,-0.832434072433363,0.383047434828065,-0.844732090164004,-0.000718059686011969,0.0117174627091127,-0.383443735045084
1395,142.372881355932,233.898305084746,-0.486179933617657,0.409056145954152,-0.675324345382546,0.0980675021817427,-0.0249585353470896,-0.295617198825469
1396,152.542372881356,233.898305084746,-0.159122912705664,0.433122114881681,-0.493416961920379,0.206981253229697,-0.0851048390863925,-0.200646590595086
1397,162.71186440678,233.898305084746,0.137716117604297,0.449995268000783,-0.320000385709458,0.325785745990092,-0.164419037594436,-0.100867203310953
1398,172.881355932203,233.898305084746,0.395096277925424,0.451207794922244,-0.18694384282188,0.453635816071846,-0.257864229078099,0.00128257418969606
1399,183.050847457627,233.898305084746,0.60593438382687,0.414560803264206,-0.111487150501944,0.58902663687205,-0.359851158771893,0.103321638413519
1400,193.220338983051,233.898305084746,0.765601360716458,0.281816703315219,-0.0532070134633784,0.729777893533943,-0.464437898690092,0.202787192417593
1401,203.389830508475,233.898305084746,0.872261786343914,-0.0424254896984058,0.0706449412986338,0.873056576984031,-0.5655403410891,0.297294896136486
1402,213.559322033898,233.898305084746,0.92782171691288,-0.591739899595697,0.284912527612469,1.01543889511645,-0.657146467922753,0.384596668097225
1403,223.728813559322,233.898305084746,0.940503259643978,-1.17876058238209,0.502730340762323,1.15300973878088,-0.733527282278336,0.462634730310822
1404,233.898305084746,233.898305084746,0.92747628931997,-1.46119824976431,0.610614294978456,1.2814961287753,-0.789437445541881,0.529590591999897
1405,244.067796610169,233.898305084746,0.907907055853702,-1.30651146021067,0.586265051813448,1.39642920836704,-0.820299048930516,0.583927803162924
1406,254.237288135593,233.898305084746,0.879760688588351,-0.956666878962685,0.517691069128189,1.49332772896066,-0.822362545712876,0.624427472150583
1407,264.406779661017,233.898305084746,0.808305208423629,-0.726809699700956,0.506964697753712,1.56789468785459,-0.792839659703333,0.650215728143523
1408,274.576271186441,233.898305084746,0.6642460101069,-0.711549833705249,0.560597189830929,1.61621788432958,-0.730004039124385,0.660782514833445
1409,284.745762711864,233.898305084746,0.471769243690141,-0.832319274404815,0.600844950979131,1.63496471223627,-0.633256510167933,0.655991320461427
1410,294.915254237288,233.898305084746,0.291155162027182,-0.998148156224968,0.56692209514898,1.62156153085557,-0.503152964967311,0.636079676115351
1411,305.084745762712,233.898305084746,0.163310498418411,-1.16276937743792,0.459838928456901,1.57434845514876,-0.341394154802359,0.601650483145563
1412,315.254237288136,233.898305084746,0.0939535795894388,-1.30837441356768,0.308946253498372,1.49270136233441,-0.150777910270582,0.553654456037231
1413,325.423728813559,233.898305084746,0.0754667818272241,-1.42659081139066,0.138072469937602,1.37711428229252,0.064884465217382,0.493364183533028
1414,335.593220338983,233.898305084746,0.102981928966869,-1.51169515473016,-0.0394488354765687,1.22923706232557,0.300884723811469,0.422340512961647
1415,345.762711864407,233.898305084746,0.174949613588583,-1.559404467912,-0.215161858380244,1.05186519242944,0.551763163784189,0.342392145732161
1416,355.93220338983,233.898305084746,0.289656685323333,-1.56689061433257,-0.382050700591281,0.848880851781493,0.811478204994713,0.255529491458803
1417,366.101694915254,233.898305084746,0.443466922424588,-1.53290192801005,-0.533727269530365,0.625146487683304,1.07359442055126,0.16391396046663
1418,376.271186440678,233.898305084746,0.630498464205071,-1.45782116205128,-0.664484474527918,0.386354457404229,1.33148283397136,0.069803976486082
1419,386.440677966102,233.898305084746,0.84280620611028,-1.34364154361047,-0.769487152372666,0.138838344809406,1.57852693539776,-0.0245009390593109
1420,396.610169491525,233.898305084746,1.07073060119828,-1.19386219092789,-0.844946582767119,-0.110646593133175,1.80832773087891,-0.116716624042717
1421,406.779661016949,233.898305084746,1.30334159660908,-1.01331230279231,-0.888253755739829,-0.355164879462435,2.01490121814111,-0.204629885478061
1422,416.949152542373,233.898305084746,1.5289641924074,-0.807950707395328,-0.898065028496052,-0.587854086176746,2.19286197625039,-0.286151906638143
1423,427.118644067797,233.898305084746,1.73575438227486,-0.584952410722037,-0.874337173954492,-0.80217917958583,2.33758705368501,-0.359368161714266
1424,437.28813559322,233.898305084746,1.91224916033312,-0.354621174425931,-0.818310944686254,-0.992177038404563,2.44535502167038,-0.422583645203684
1425,447.457627118644,233.898305084746,2.04785057221459,-0.138113522229243,-0.732443968965015,-1.15268057872821,2.51345590331921,-0.474362348522635
1426,457.627118644068,233.898305084746,2.13330135967048,0.0190338174593047,-0.62029026209232,-1.27951274652114,2.54026866525892,-0.513560066697751
1427,467.796610169491,233.898305084746,2.16115889194562,0.0547010272575872,-0.486273363049055,-1.36964191683435,2.52530403403163,-0.539349789456234
1428,477.966101694915,233.898305084746,2.12615561395977,-0.0357455915190536,-0.334998287339044,-1.42129191144889,2.46921153867775,-0.551239119206637
1429,488.135593220339,233.898305084746,2.02547103364125,-0.114688873034718,-0.168838174428588,-1.43400183599281,2.37375084587396,-0.549079358503419
1430,498.305084745763,233.898305084746,1.85915313713615,0.013596927165374,0.0176075504685394,-1.40863315158486,2.24172860659743,-0.533066116602099
1431,508.474576271186,233.898305084746,1.63055852859908,0.377546248873268,0.240416560213659,-1.34732373171862,2.07690313609561,-0.503731493502575
1432,518.64406779661,233.898305084746,1.34601630182824,0.799128446049328,0.507453474947814,-1.2533910035402,1.88386026649086,-0.461928105319495
1433,528.813559322034,233.898305084746,1.01363170236958,1.1046746323669,0.777584675582709,-1.13118852434401,1.66786461129285,-0.408805411919169
1434,538.983050847458,233.898305084746,0.642634663664163,1.26341372988471,0.961830670976635,-0.985922394027675,1.43469123522357,-0.34577899178602
1435,549.152542372881,233.898305084746,0.24383960781457,1.32864865237396,1.0073669893449,-0.823435657004784,1.19044330790003,-0.274493575660105
1436,559.322033898305,233.898305084746,-0.170107071856888,1.34872764273723,0.95844227634187,-0.649970221399468,0.941361718623173,-0.196780795723896
1437,569.491525423729,233.898305084746,-0.585436566908817,1.34576293308361,0.897150185418498,-0.471916755981071,0.693632830593748,-0.114612727675205
1438,579.661016949153,233.898305084746,-0.988245381639501,1.32800911524647,0.85891752098894,-0.295563473995394,0.453200551674063,-0.0300523962038138
1439,589.830508474576,233.898305084746,-1.36521074377369,1.29969105649015,0.830382604110654,-0.126854658579724,0.225588697338758,0.0547975218130483
1440,600,233.898305084746,-1.70410079886093,1.264009128182,0.790366370345967,0.0288307685231759,0.0157392282149871,0.137846528936187
1441,0,244.067796610169,-1.95333353823028,0.430213948135317,-0.37230639285012,-0.674900767669644,-1.51972569935872,-0.351391126470298
1442,10.1694915254237,244.067796610169,-2.238643174923,0.437318814646321,-0.602439219071702,-0.674665453524444,-1.32590076571667,-0.393490713952329
1443,20.3389830508475,244.067796610169,-2.46443339155805,0.433742287244191,-0.818357273682209,-0.670315631382915,-1.12152942802875,-0.42401267277272
1444,30.5084745762712,244.067796610169,-2.62318065659033,0.424636198747612,-1.01321547063991,-0.663673641745169,-0.913799338747143,-0.44229499973599
1445,40.6779661016949,244.067796610169,-2.70994763197813,0.415109863713335,-1.18073384685252,-0.655998171291503,-0.709766303845098,-0.448008850478042
1446,50.8474576271186,244.067796610169,-2.72258851498449,0.409853246664073,-1.3154311995933,-0.647906801880917,-0.516122011271981,-0.441162915536754
1447,61.0169491525424,244.067796610169,-2.66183180046161,0.412793255097717,-1.41283342091222,-0.639343274240886,-0.338976431598476,-0.422098748948646
1448,71.1864406779661,244.067796610169,-2.53123661577792,0.426804112180319,-1.46964808364161,-0.629591013290167,-0.183661940077918,-0.391477295722906
1449,81.3559322033898,244.067796610169,-2.33702453306391,0.453489402901535,-1.4838980591323,-0.617331948207754,-0.0545654399878825,-0.350257097470089
1450,91.5254237288135,244.067796610169,-2.08779444142275,0.493049007583332,-1.45500847347621,-0.600747201630615,0.0450062034545007,-0.299664872297156
1451,101.694915254237,244.067796610169,-1.79413340364064,0.544238998089748,-1.38384316975033,-0.577653943396051,0.112923247647756,-0.241159360163337
1452,111.864406779661,244.067796610169,-1.46814118093048,0.604426977710317,-1.27269055176556,-0.545670720661901,0.148289772047008,-0.176389493232035
1453,122.033898305085,244.067796610169,-1.12289006472709,0.669739615683245,-1.12522433603114,-0.502401988893606,0.151458442602834,-0.107148088158526
1454,132.203389830508,244.067796610169,-0.771844622368099,0.735293375622824,-0.946674776627898,-0.445631458194549,0.12400318609263,-0.035322360428502
1455,142.372881355932,244.067796610169,-0.428267804589288,0.79548983366577,-0.745565510305306,-0.373513294085749,0.0686510088461289,0.0371573725055519
1456,152.542372881356,244.067796610169,-0.104640489733999,0.84429173147893,-0.541299478393595,-0.284750201787937,-0.0108244669472294,0.108369403739827
1457,162.71186440678,244.067796610169,0.187879080016625,0.874863062084735,-0.380670172663462,-0.17874798082024,-0.109743932119969,0.176451378796808
1458,172.881355932203,244.067796610169,0.439931376344374,0.875163479683026,-0.340168556792653,-0.0557372364660242,-0.222692858244813,0.239648727093546
1459,183.050847457627,244.067796610169,0.644345922479492,0.809033337241521,-0.455231507591892,0.0831454765698588,-0.343715639151506,0.296359525193887
1460,193.220338983051,244.067796610169,0.796432465618061,0.576289550184903,-0.600562652036546,0.23582280264346,-0.466526802587115,0.345174648697464
1461,203.389830508475,244.067796610169,0.894190132781109,0.0104821478364745,-0.533478087820371,0.399291436423807,-0.5847321726243,0.384912213369126
1462,213.559322033898,244.067796610169,0.93855298461777,-0.945328306332696,-0.174366779633029,0.569687574646439,-0.692052585845799,0.414645474611092
1463,223.728813559322,244.067796610169,0.933894698790913,-1.95586650225779,0.242498231375646,0.742401278513191,-0.782542732241456,0.433723542672758
1464,233.898305084746,244.067796610169,0.888449940456368,-2.41119435657014,0.406445685269509,0.912235523354128,-0.850797904321957,0.441784473661354
1465,244.067796610169,244.067796610169,0.812537658349077,-2.07523977385029,0.260135110636859,1.07360335935201,-0.892141886302764,0.438760507732958
1466,254.237288135593,244.067796610169,0.713131111708887,-1.3788182450638,0.0535912154575797,1.22075455335298,-0.902789882768977,0.424875439933513
1467,264.406779661017,244.067796610169,0.590942639698624,-0.883862490940143,0.0738838152663064,1.34802143120315,-0.87998124933599,0.400634320166108
1468,274.576271186441,244.067796610169,0.448391482824178,-0.761134106526131,0.336415847951272,1.45007247748332,-0.822077816562023,0.366805881004215
1469,284.745762711864,244.067796610169,0.29973000143192,-0.874321997662683,0.616811833019478,1.52216163623253,-0.728624757625079,0.324398280202731
1470,294.915254237288,244.067796610169,0.166763464954205,-1.06575492341591,0.736435994133073,1.56036122689399,-0.600372200915816,0.274628913904165
1471,305.084745762712,244.067796610169,0.0662057656336408,-1.25773873101737,0.689090602104302,1.5617669505025,-0.439257088898758,0.21888920242112
1472,315.254237288136,244.067796610169,0.0058048529427109,-1.42344465945313,0.54701164181786,1.52466458946562,-0.248346091249566,0.158705369530651
1473,325.423728813559,244.067796610169,-0.0111805591229143,-1.55283965183829,0.365783451294793,1.44864964976165,-0.0317416504225173,0.0956963256683131
1474,335.593220338983,244.067796610169,0.0173006976717233,-1.64036766233125,0.170776856974526,1.33469328113282,0.205545569964898,0.0315298233443364
1475,345.762711864407,244.067796610169,0.0920450983097951,-1.68255915552741,-0.0265247505881601,1.18515024119905,0.457753487719757,-0.0321219214975282
1476,355.93220338983,244.067796610169,0.21175072822153,-1.67783770752911,-0.21834302103917,1.00370732850944,0.718549384352414,-0.0936259557066762
1477,366.101694915254,244.067796610169,0.37265237646426,-1.62655157378309,-0.397844955348905,0.795273470908547,0.981228650542894,-0.151430515374969
1478,376.271186440678,244.067796610169,0.568571703282701,-1.53093606190757,-0.558859334153887,0.565815387216401,1.23892493585627,-0.204104074469618
1479,386.440677966102,244.067796610169,0.791172162699409,-1.39498153581821,-0.696034331939464,0.32214531095808,1.48482482019621,-0.250370534704826
1480,396.610169491525,244.067796610169,1.03033451286708,-1.22421365172299,-0.805016446699199,0.0716695507919218,1.71238002852559,-0.289139697411175
1481,406.779661016949,244.067796610169,1.27462265835091,-1.0254049068125,-0.882592740586782,-0.177891447336491,1.91551034323198,-0.319532300697229
1482,416.949152542373,244.067796610169,1.51181773574981,-0.806312590141719,-0.926787206332106,-0.418799468543505,2.08879072384865,-0.340899064286531
1483,427.118644067797,244.067796610169,1.72949512169416,-0.576109516427822,-0.93690793738981,-0.643598413974652,2.22761670808684,-0.352833355403125
1484,437.28813559322,244.067796610169,1.91561408002513,-0.349835762496373,-0.913543993335941,-0.845404541531263,2.32834292098669,-0.355177267080735
1485,447.457627118644,244.067796610169,2.05909150793455,-0.165509562712396,-0.858512779350797,-1.01817426758851,2.38839043414334,-0.348021080297755
1486,457.627118644068,244.067796610169,2.15033830399068,-0.11386140050806,-0.774759317744605,-1.1569376987053,2.40631976301627,-0.331696258448185
1487,467.796610169491,244.067796610169,2.18173462132536,-0.32175896500574,-0.6661974485527,-1.25798757977065,2.3818674318885,-0.30676229208203
1488,477.966101694915,244.067796610169,2.14801512254206,-0.791692932211868,-0.537407993989872,-1.31901534561046,2.3159452349051,-0.273987869130102
1489,488.135593220339,244.067796610169,2.04655210758978,-1.21799990207178,-0.392880344984254,-1.33918835307779,2.21060253806678,-0.234326986935315
1490,498.305084745763,244.067796610169,1.8775472488212,-1.16984450248785,-0.235449575788534,-1.31916503766135,2.06895316116027,-0.188890743842616
1491,508.474576271186,244.067796610169,1.64410994606063,-0.580903435070743,-0.0653919081933832,-1.26104755696222,1.89506951156001,-0.138915646965306
1492,518.64406779661,244.067796610169,1.35213908082096,0.165442270667633,0.114978370487079,-1.16827432003134,1.69384767720037,-0.0857293468431651
1493,528.813559322034,244.067796610169,1.010003454488,0.693907666185729,0.291177950773323,-1.04545752267402,1.47084809090436,-0.0307147575647777
1494,538.983050847458,244.067796610169,0.628173577124022,0.938186614002612,0.436998637593644,-0.898173286104646,1.23211712437143,0.0247264581735116
1495,549.152542372881,244.067796610169,0.218876033678496,1.01330369160018,0.535849370849975,-0.732714113181335,0.983995534653657,0.0792100656119898
1496,559.322033898305,244.067796610169,-0.204347852068623,1.02243186607927,0.596246760048807,-0.555815033579107,0.732920052240841,0.131404154753005
1497,569.491525423729,244.067796610169,-0.627233946524609,1.01088371405915,0.636944707751651,-0.374365929453121,0.485224557936228,0.180061872915871
1498,579.661016949153,244.067796610169,-1.03544379831304,0.99323498149544,0.665650150674138,-0.195123064940094,0.246947242459189,0.224051187734064
1499,589.830508474576,244.067796610169,-1.41518835255106,0.974928219051434,0.67850777632924,-0.0244327629910799,0.0236498820244179,0.262380974352466
1500,600,244.067796610169,-1.75380953631059,0.959062190614965,0.670432287683573,0.132020512445623,-0.179745094367338,0.294222836211156
1501,0,254.237288135593,-1.814551647072,0.309146012471018,-0.587571465660365,-0.658929042781721,-1.2529856914464,-0.395871499511322
1502,10.1694915254237,254.237288135593,-2.0880175996513,0.313199346824392,-0.82557639226861,-0.675165364829934,-1.05482422973142,-0.389303476438912
1503,20.3389830508475,254.237288135593,-2.30421779464823,0.314433776436011,-1.04530698385106,-0.691204845976453,-0.848275328696359,-0.369960961704545
1504,30.5084745762712,254.237288135593,-2.45560235737753,0.318753563845267,-1.24005978502629,-0.709030537445953,-0.640701460772356,-0.338444967805782
1505,40.6779661016949,254.237288135593,-2.53716183862066,0.331532724220754,-1.40376344121303,-0.729864733224724,-0.439280153557303,-0.295711651204189
1506,50.8474576271186,254.237288135593,-2.54664546937835,0.357215955636474,-1.53120025053991,-0.754082399616101,-0.250767121859144,-0.24304288552581
1507,61.0169491525424,254.237288135593,-2.48465726601952,0.398980710540435,-1.6182018042601,-0.78117884571989,-0.0812759752761235,-0.182007633239244
1508,71.1864406779661,254.237288135593,-2.35462520538473,0.458481097839873,-1.66181092356223,-0.809793324019526,0.063918357473759,-0.114415277511782
1509,81.3559322033898,254.237288135593,-2.16264450851399,0.535689430752671,-1.66040330415758,-0.837787279474859,0.180546184813322,-0.0422622983494662
1510,91.5254237288135,254.237288135593,-1.9172018683959,0.628845439805161,-1.61376359644101,-0.862373062067483,0.265474326927871,0.0323261413879784
1511,101.694915254237,254.237288135593,-1.6287929621044,0.734516790203358,-1.52311249452621,-0.880286227645283,0.316798052956218,0.107157998863696
1512,111.864406779661,254.237288135593,-1.30945054374463,0.847767948503199,-1.39108686065989,-0.887992210564193,0.333890956300782,0.180037755580092
1513,122.033898305085,254.237288135593,-0.9722045889057,0.962428007308661,-1.2217242274717,-0.881916277134364,0.317411454925676,0.248829601038811
1514,132.203389830508,254.237288135593,-0.630499156229551,1.07144188964724,-1.02092212050341,-0.858684356227876,0.26926604757362,0.311518591238883
1515,142.372881355932,254.237288135593,-0.297592694359189,1.16727845639637,-0.800086152562854,-0.815361659759646,0.192530885676634,0.366268046499496
1516,152.542372881356,254.237288135593,0.0140306479148689,1.24228720394752,-0.591552395723701,-0.749675987126433,0.0913345872688335,0.411471571188915
1517,162.71186440678,254.237288135593,0.293211597986853,1.28821628533257,-0.481946454226713,-0.660213257142521,-0.0292935212388367,0.445798241452578
1518,172.881355932203,254.237288135593,0.530602824252961,1.29053917329806,-0.617077487820353,-0.546574098466853,-0.163604437781991,0.468229710999821
1519,183.050847457627,254.237288135593,0.719070044645098,1.20423010581882,-1.06031061398044,-0.409482193198183,-0.305333565802634,0.478088223343171
1520,193.220338983051,254.237288135593,0.853989295329161,0.902717397584683,-1.55281766905,-0.250837417741362,-0.447920901967428,0.475054784556333
1521,203.389830508475,254.237288135593,0.933431380706874,0.174920768500281,-1.60086848667102,-0.0737095454424083,-0.584739907344251,0.459177035859001
1522,213.559322033898,254.237288135593,0.958245168558797,-1.05036948188614,-1.03885975061687,0.117728766618064,-0.709327406369652,0.430866661871329
1523,223.728813559322,254.237288135593,0.932072865178618,-2.34355857087831,-0.332359406457983,0.318327934532377,-0.815606879757548,0.390886469660816
1524,233.898305084746,254.237288135593,0.86124612789836,-2.92446869818597,-0.101556738896422,0.522141585099345,-0.898097790979969,0.340327567159223
1525,244.067796610169,254.237288135593,0.754236592567554,-2.49065168571378,-0.45800320667546,0.722653327118863,-0.952104100077477,0.280577348808808
1526,254.237288135593,254.237288135593,0.620443298664841,-1.59167194397302,-0.894705389389707,0.913040171633887,-0.973875854452522,0.21327925351778
1527,264.406779661017,254.237288135593,0.469308949307331,-0.944930641034567,-0.831355616861913,1.0864606464442,-0.960738677913423,0.14028548795985
1528,274.576271186441,254.237288135593,0.31110813793934,-0.768684398167418,-0.238782736770915,1.23635424820756,-0.911187074269786,0.0636041006229867
1529,284.745762711864,254.237288135593,0.158050207232056,-0.889447369890599,0.425478300202882,1.3567381136375,-0.824938682801361,-0.0146580564601818
1530,294.915254237288,254.237288135593,0.023100998725737,-1.10684732015479,0.795391110893646,1.44248671102808,-0.702947928652752,-0.0923548347368695
1531,305.084745762712,254.237288135593,-0.0824972805276493,-1.32299552050958,0.853130454206253,1.48958096278793,-0.547378857915916,-0.167361062355102
1532,315.254237288136,254.237288135593,-0.150275917248132,-1.50524172765125,0.738841456040757,1.49531448344261,-0.361538290137399,-0.237631871020666
1533,325.423728813559,254.237288135593,-0.174204538652477,-1.64258068592948,0.558263043024498,1.4584464978067,-0.149771716016533,-0.30125940286338
1534,335.593220338983,254.237288135593,-0.150462510616591,-1.72982446526583,0.355522457457218,1.37929340315328,0.0826744271061523,-0.356525310097099
1535,345.762711864407,254.237288135593,-0.0776401769114387,-1.76444716826379,0.146488183275008,1.25975374410731,0.329819393645746,-0.401947591335769
1536,355.93220338983,254.237288135593,0.0430400998376817,-1.74623432747529,-0.0603202061474916,1.10326444645387,0.58513806142768,-0.436320480101312
1537,366.101694915254,254.237288135593,0.207689413502845,-1.67722400553474,-0.257867364220892,0.914689359204746,0.841767815718632,-0.458746308120459
1538,376.271186440678,254.237288135593,0.409893683965631,-1.56156923328724,-0.439772913884877,0.70014432965684,1.09272553858687,-0.468658502270897
1539,386.440677966102,254.237288135593,0.640991922664882,-1.40529436996977,-0.600405246369479,0.466766031206596,1.3311275792577,-0.465835132521654
1540,396.610169491525,254.237288135593,0.890467390858158,-1.21595781644426,-0.735056432240374,0.22243443401259,1.55040553983119,-0.450402701350405
1541,406.779661016949,254.237288135593,1.14643165608786,-1.00225007411988,-0.840087759874875,-0.0245389748653162,1.74451090469157,-0.422830144976255
1542,416.949152542373,254.237288135593,1.39617901040413,-0.773672308388267,-0.913032455742852,-0.265743460032034,1.90810196268616,-0.383913295250664
1543,427.118644067797,254.237288135593,1.62678546492899,-0.541329589135402,-0.952651966982416,-0.49300702015451,2.03670710282191,-0.334750320228739
1544,437.28813559322,254.237288135593,1.82572419578931,-0.325023328367201,-0.958944516752299,-0.698724988466536,2.12685938415096,-0.276708913652604
1545,447.457627118644,254.237288135593,1.98146853824189,-0.180108516117801,-0.933106543757781,-0.876164543912237,2.1761982600417,-0.211386231716457
1546,457.627118644068,254.237288135593,2.08405438866794,-0.244050155301335,-0.877449235948322,-1.01973150568572,2.18353544251699,-0.140562773193574
1547,467.796610169491,254.237288135593,2.12557542780234,-0.710746428950131,-0.795271710070438,-1.12518750575165,2.14888308632136,-0.0661515608562329
1548,477.966101694915,254.237288135593,2.10058723510852,-1.5803263747375,-0.690680032013496,-1.18980791615219,2.07344371483213,0.00985589624885511
1549,488.135593220339,254.237288135593,2.00640141234133,-2.37264450575785,-0.56830086429049,-1.21247364237187,1.95956255962524,0.085445301862169
1550,498.305084745763,254.237288135593,1.84325707072862,-2.4128202476838,-0.432833094390506,-1.19369295085608,1.81064420137645,0.158635342138138
1551,508.474576271186,254.237288135593,1.61435999636013,-1.5951390605873,-0.288709667113391,-1.13555273259007,1.63103654226958,0.227531947954476
1552,518.64406779661,254.237288135593,1.32578113585033,-0.515993188184019,-0.140755039057252,-1.04160186159385,1.4258861724464,0.29037953001204
1553,528.813559322034,254.237288135593,0.986217712940735,0.24017299806762,0.00414870965543897,-0.916672432362991,1.20097008250606,0.345607767876382
1554,538.983050847458,254.237288135593,0.606637573923852,0.570194358682341,0.137301490270338,-0.766647505181446,0.962509392910857,0.39187267493358
1555,549.152542372881,254.237288135593,0.199826663766592,0.653129159305692,0.252196296074608,-0.598186417908526,0.716971297535663,0.428090837435195
1556,559.322033898305,254.237288135593,-0.220149768738647,0.649012916002209,0.347445909222747,-0.418420622418642,0.470865737214203,0.45346593200584
1557,569.491525423729,254.237288135593,-0.6385531976588,0.627197064973533,0.424176625075863,-0.2346342840604,0.230543421677002,0.467506855973717
1558,579.661016949153,254.237288135593,-1.04061237680186,0.608776087182076,0.482228489450075,-0.0539444838848179,0.00200170361835399,0.470037051813629
1559,589.830508474576,254.237288135593,-1.41216520936007,0.600413637618113,0.520089653483517,0.11700424073221,-0.209295517203521,0.461194863582806
1560,600,254.237288135593,-1.74027324160333,0.60506231583107,0.53676552575407,0.272317083819458,-0.398578206042068,0.441425021982031
1561,0,264.406779661017,-1.60093973910692,0.177033334001012,-0.747221963972899,-0.618930517584056,-0.923161170575729,-0.421395834992427
1562,10.1694915254237,264.406779661017,-1.85570931903798,0.175263079754848,-0.985361021629269,-0.647320763246489,-0.722398057315505,-0.366731685453472
1563,20.3389830508475,264.406779661017,-2.05656122232974,0.178847007670499,-1.20245160875788,-0.679524002259486,-0.516005788850484,-0.298623076854144
1564,30.5084745762712,264.406779661017,-2.19600752178698,0.194392854533576,-1.39211858642468,-0.71769195041401,-0.311416119988341,-0.218899589878429
1565,40.6779661016949,264.406779661017,-2.269030142784,0.22748684495775,-1.54865391856787,-0.7630360609259,-0.11581592103498,-0.129754029470474
1566,50.8474576271186,264.406779661017,-2.27331061042991,0.282278298044108,-1.66722187593943,-0.815733079743665,0.064090509395318,-0.033680658000417
1567,61.0169491525424,264.406779661017,-2.20933895816319,0.361152987976798,-1.74403612012155,-0.874893043517455,0.222300620930094,0.0665955796136734
1568,71.1864406779661,264.406779661017,-2.08039609903831,0.464515324328543,-1.77650374174877,-0.93859152474184,0.353707167510891,0.168196815490894
1569,81.3559322033898,264.406779661017,-1.89240980894621,0.590693080977871,-1.76333278807201,-1.00396457397886,0.454259937227761,0.268174775977276
1570,91.5254237288135,264.406779661017,-1.65369034982904,0.735971259527011,-1.70459770569773,-1.06736153211653,0.521090552939194,0.36359568950855
1571,101.694915254237,264.406779661017,-1.37455739505076,0.89475413392132,-1.60175832655112,-1.1245478500901,0.552596504135355,0.451625146333638
1572,111.864406779661,264.406779661017,-1.06687504250828,1.05984702039465,-1.45763633645948,-1.17094741123726,0.548481951491365,0.529610469414982
1573,122.033898305085,264.406779661017,-0.743516070049974,1.22284227283312,-1.27642365193113,-1.20191173493215,0.509754297427856,0.595158224009021
1574,132.203389830508,264.406779661017,-0.417779992388196,1.37458756496989,-1.06439959148192,-1.21300195589108,0.438676990079367,0.646204629716151
1575,142.372881355932,264.406779661017,-0.102791753001742,1.50570418023554,-0.835264665034908,-1.20026869694557,0.338680475335809,0.681076839261515
1576,152.542372881356,264.406779661017,0.189091085330059,1.6070480597597,-0.632456682384862,-1.16051492462329,0.21423458430558,0.698543307174409
1577,162.71186440678,264.406779661017,0.446835057785612,1.66938410797864,-0.577323326058889,-1.09152760014097,0.0706868967355808,0.697851781450645
1578,172.881355932203,264.406779661017,0.661225394814759,1.67827476055899,-0.876298875966549,-0.992265379848499,-0.0859272859852736,0.678753803326247
1579,183.050847457627,264.406779661017,0.825275273278579,1.59192314016052,-1.6170053477998,-0.862991709709081,-0.249096826583008,0.64151498437661
1580,193.220338983051,264.406779661017,0.934530464676195,1.29438061170279,-2.42301433890047,-0.70534529682326,-0.412061290009958,0.586910735284892
1581,203.389830508475,264.406779661017,0.987255415316063,0.592825748255667,-2.57983664044595,-0.522342998832272,-0.568044496619186,0.516207535201506
1582,213.559322033898,264.406779661017,0.984494050166377,-0.57665824851351,-1.84650039438845,-0.318313499811257,-0.710487278420606,0.431130242784483
1583,223.728813559322,264.406779661017,0.930006347524695,-1.81808157098542,-0.89270238340395,-0.0987635758454789,-0.833271711676438,0.333816347984786
1584,233.898305084746,264.406779661017,0.830077633145845,-2.41343943764845,-0.611774092215909,0.129817873981453,-0.930929439344513,0.226758436051934
1585,244.067796610169,264.406779661017,0.693171650414047,-2.08261643227807,-1.16225051300442,0.360209711275458,-0.99882727880784,0.112736471452402
1586,254.237288135593,264.406779661017,0.529415849246948,-1.32684198139198,-1.80721208497698,0.584751276568254,-1.0333241127019,-0.00525820017215101
1587,264.406779661017,264.406779661017,0.350049121484527,-0.801267705375204,-1.70412932878369,0.795664623014648,-1.03189405509945,-0.124104997500165
1588,274.576271186441,264.406779661017,0.167005714947562,-0.703317936463211,-0.812112829153052,0.985391340977859,-0.993212037339284,-0.240640086368556
1589,284.745762711864,264.406779661017,-0.00749500383156966,-0.871348270250298,0.201528403072708,1.14692815853364,-0.91719922796105,-0.351743779993848
1590,294.915254237288,264.406779661017,-0.161622391211008,-1.11944313224137,0.802191058179517,1.27414537458556,-0.80502704652301,-0.454426895615201
1591,305.084745762712,264.406779661017,-0.284735069230212,-1.35618860450472,0.961407504220658,1.36207282496422,-0.659079906401831,-0.545913635572002
1592,315.254237288136,264.406779661017,-0.3679730559447,-1.55058797407636,0.880116122053146,1.40713946997732,-0.48287818126552,-0.623718658902316
1593,325.423728813559,264.406779661017,-0.404623860836533,-1.69212257373806,0.708869505119373,1.40735476048602,-0.280964188953308,-0.685716173874289
1594,335.593220338983,264.406779661017,-0.390412322213066,-1.77624725185282,0.508377976308559,1.36242259154956,-0.0587551825675783,-0.730199107705006
1595,345.762711864407,264.406779661017,-0.323735362539418,-1.80147509139247,0.298170872623779,1.27378176225914,0.177631606955555,-0.755926690592425
1596,355.93220338983,264.406779661017,-0.205784391321589,-1.76900132986924,0.0871546976030642,1.14457027929395,0.421575953284743,-0.762159119035241
1597,366.101694915254,264.406779661017,-0.0405265942780376,-1.68256446829964,-0.117723114018439,0.979514406329284,0.666167042103654,-0.748678328860446
1598,376.271186440678,264.406779661017,0.16545336113411,-1.54820958895298,-0.310145977496749,0.78474690061078,0.904424250197237,-0.715794300975415
1599,386.440677966102,264.406779661017,0.403240782904371,-1.37393493694654,-0.484456759668709,0.56756222151967,1.12951902589609,-0.664336731405667
1600,396.610169491525,264.406779661017,0.661993440039392,-1.16924058187357,-0.635822277553044,0.336119482625825,1.33499062480826,-0.595632310026342
1601,406.779661016949,264.406779661017,0.929440489262757,-0.944615363506412,-0.760376279382275,0.0991064043111564,1.51494871728753,-0.511468257793643
1602,416.949152542373,264.406779661017,1.19245480399977,-0.711126963819675,-0.855323808671422,-0.134620611776875,1.66425637402827,-0.414043158710867
1603,427.118644067797,264.406779661017,1.43767208820426,-0.481275753008759,-0.919003181235098,-0.356404012956248,1.77868763526597,-0.305906479259168
1604,437.28813559322,264.406779661017,1.65212778834009,-0.276925853970823,-0.950904175693342,-0.558143573018239,1.85505475228307,-0.189888484494857
1605,447.457627118644,264.406779661017,1.82388181093451,-0.159403732021949,-0.951642795747451,-0.732629563390393,1.89130122640388,-0.0690225275290744
1606,457.627118644068,264.406779661017,1.94260146596001,-0.281685341621177,-0.922894624346294,-0.873835537316412,1.88655792477243,0.0535380998589765
1607,467.796610169491,264.406779661017,2.0000748474273,-0.859668784647635,-0.867290065527028,-0.977157533043466,1.84116078476156,0.174606419065158
1608,477.966101694915,264.406779661017,1.99062996979395,-1.89191797096617,-0.788274376129761,-1.03958901235287,1.75662988847103,0.291048700374432
1609,488.135593220339,264.406779661017,1.91143932323345,-2.83875231131058,-0.689931149281513,-1.0598238648634,1.63561095322871,0.399869650471956
1610,498.305084745763,264.406779661017,1.7626948472042,-2.94222365439723,-0.576767994310159,-1.03828318215946,1.48178150169791,0.498293475115624
1611,508.474576271186,264.406779661017,1.54764419210207,-2.08201652223837,-0.453506519646564,-0.977065077449704,1.29972510646039,0.583838562972166
1612,518.64406779661,264.406779661017,1.2724853596875,-0.92446829908553,-0.324998839001596,-0.879820425169627,1.09477811239461,0.654383722815898
1613,528.813559322034,264.406779661017,0.946123723949445,-0.12267755101615,-0.196279161344038,-0.751560848518001,0.872854093833874,0.708224150599019
1614,538.983050847458,264.406779661017,0.579802490266258,0.209225961394284,-0.0723774291173699,-0.598408426285816,0.640251975844355,0.744115598233074
1615,549.152542372881,264.406779661017,0.186623316020855,0.273013002194533,0.0423420347202202,-0.427299273509874,0.403454219747883,0.761305553740345
1616,559.322033898305,264.406779661017,-0.219021685525162,0.2488144026083,0.144679280788919,-0.245655245803237,0.168921728835073,0.759550613016669
1617,569.491525423729,264.406779661017,-0.622080850523176,0.21480580002306,0.23235135802,-0.0610394255118385,-0.0571078350806927,0.739119616156255
1618,579.661016949153,264.406779661017,-1.00750745575839,0.194725733574195,0.303561042125268,0.11918829678635,-0.268811818816638,0.700782524881682
1619,589.830508474576,264.406779661017,-1.36092684046437,0.195775769674098,0.357021769931682,0.28819935897137,-0.460958319871476,0.645785420572679
1620,600,264.406779661017,-1.66927520624579,0.22065147175716,0.392204060382948,0.439993096927387,-0.629060387301471,0.57581239321773
1621,0,274.576271186441,-1.32582856329557,0.0399362208997267,-0.845538443140104,-0.548422299819117,-0.54809991917676,-0.42430220689158
1622,10.1694915254237,274.576271186441,-1.55621307613302,0.0298265991965477,-1.07595884353128,-0.583194806086694,-0.346391755813335,-0.323576135362879
1623,20.3389830508475,274.576271186441,-1.73696664434427,0.0331693150368091,-1.28395301750598,-0.625870847093053,-0.142326362077102,-0.209341919394765
1624,30.5084745762712,274.576271186441,-1.86074008553948,0.057186127266913,-1.46362936626464,-0.678783390509614,0.0566999764560785,-0.0845827958061408
1625,40.6779661016949,274.576271186441,-1.92256069131303,0.107606288549009,-1.60977532521333,-0.743166253492158,0.243601960694199,0.0473621162275886
1626,50.8474576271186,274.576271186441,-1.92007215006877,0.188241971144728,-1.7180610380626,-0.819053145061444,0.411840033297547,0.182889333550236
1627,61.0169491525424,274.576271186441,-1.85365579160954,0.300678286390164,-1.78517460168273,-0.905245851931486,0.555634668749914,0.318230972643241
1628,71.1864406779661,274.576271186441,-1.72642655149291,0.444096988078443,-1.80891754054488,-0.999353458390594,0.670153242002453,0.449560358520635
1629,81.3559322033898,274.576271186441,-1.54410289282694,0.615245275310214,-1.7882956219855,-1.09790083452488,0.751663485064805,0.573100301939004
1630,91.5254237288135,274.576271186441,-1.31475584783288,0.808552758599101,-1.72358668354369,-1.19650105656782,0.79764869825023,0.685230975238786
1631,101.694915254237,274.576271186441,-1.04844807105702,1.01639109900141,-1.61635900207071,-1.29008311595704,0.80688119187713,0.782594311632861
1632,111.864406779661,274.576271186441,-0.756779057351362,1.22946256088428,-1.46944428295955,-1.37316339434863,0.779451850373073,0.86219193494447
1633,122.033898305085,274.576271186441,-0.452357217369707,1.43729620046335,-1.28694905846491,-1.44014707394215,0.716755185979946,0.921473794630626
1634,132.203389830508,274.576271186441,-0.14822310019968,1.62882390425505,-1.07500680217382,-1.48564403150932,0.621430734081756,0.958414929920578
1635,142.372881355932,274.576271186441,0.142749471316084,1.79300015377802,-0.847313402334581,-1.50478291225862,0.497263087097345,0.971578110234311
1636,152.542372881356,274.576271186441,0.40844635841726,1.91937930412621,-0.648240093200088,-1.49350704009788,0.349044221142624,0.960160487767327
1637,162.71186440678,274.576271186441,0.63807225015444,1.99815438376159,-0.602705217694293,-1.44883659801081,0.182402994810441,0.92402284139078
1638,172.881355932203,274.576271186441,0.822649494322751,2.01700843686303,-0.923629348547814,-1.36908306998349,0.00360775273365301,0.863700476392564
1639,183.050847457627,274.576271186441,0.955432791072897,1.94668893669346,-1.70098680325097,-1.25400419959328,-0.180651185578777,0.780395358415493
1640,193.220338983051,274.576271186441,1.03221975184952,1.71029472206147,-2.54462614307087,-1.104890580551,-0.36349175536453,0.675949587727538
1641,203.389830508475,274.576271186441,1.05154216086273,1.18153449097542,-2.71477428539817,-0.924578312198425,-0.538075333298651,0.552800846746712
1642,213.559322033898,274.576271186441,1.01472846843971,0.320282099156228,-1.9621836870052,-0.717385766483867,-0.697839015505275,0.413920964590564
1643,223.728813559322,274.576271186441,0.925834238662232,-0.60943382964207,-0.980978748541399,-0.488976245681645,-0.836717278898088,0.262739222794548
1644,233.898305084746,274.576271186441,0.791442699286096,-1.13042149548836,-0.697160419587961,-0.246151979250513,-0.949345730328642,0.103052462542747
1645,244.067796610169,274.576271186441,0.620341116994954,-1.05316975558108,-1.27377718287175,0.00341166641312176,-1.0312402993956,-0.0610755667012142
1646,254.237288135593,274.576271186441,0.423085482832605,-0.702369628064469,-1.94221951808843,0.251479878643357,-1.07894609740942,-0.225422865285889
1647,264.406779661017,274.576271186441,0.211482301943914,-0.503828747910226,-1.82404193515813,0.489605651336573,-1.09015121631335,-0.385722860882461
1648,274.576271186441,274.576271186441,-0.00197625612153153,-0.581793920861507,-0.877714962348658,0.709494493347135,-1.06376194084332,-0.537779966101595
1649,284.745762711864,274.576271186441,-0.204709502552952,-0.824242521797905,0.198689412551754,0.903369489585031,-0.999937153756664,-0.677583812818878
1650,294.915254237288,274.576271186441,-0.384672950477683,-1.10373266757218,0.845847578954509,1.0643194392062,-0.900081083253488,-0.80141898567132
1651,305.084745762712,274.576271186441,-0.530972278117573,-1.35590052190512,1.03328850480238,1.18661345751305,-0.766794927732691,-0.905967192470714
1652,315.254237288136,274.576271186441,-0.634412852750539,-1.55720758132219,0.970194723112811,1.26596689624908,-0.603789249589762,-0.988399010931557
1653,325.423728813559,274.576271186441,-0.687959113367366,-1.69877582266846,0.8130375103069,1.29974564250695,-0.415760312085909,-1.04645263362477
1654,335.593220338983,274.576271186441,-0.687095013842301,-1.77691690155863,0.624377417887574,1.287098695139,-0.208234699474784,-1.07849738864038
1655,345.762711864407,274.576271186441,-0.63007050868307,-1.79122920351834,0.423752432311965,1.22901225408438,0.0126124271191706,-1.0835802321881
1656,355.93220338983,274.576271186441,-0.518017761005113,-1.74429955784622,0.219647557595966,1.12828223272236,0.240159259344097,-1.06145387959858
1657,366.101694915254,274.576271186441,-0.354928762885897,-1.64149599772104,0.0185823698047924,0.989405939857443,0.467552663646415,-1.01258574974958
1658,376.271186440678,274.576271186441,-0.147494533774942,-1.49063769076974,-0.173470354565458,0.81839749173115,0.687929718411001,-0.938147430570091
1659,386.440677966102,274.576271186441,0.0951871668313518,-1.30154034019466,-0.351088218689127,0.622535121835441,0.89463814574024,-0.83998491500858
1660,396.610169491525,274.576271186441,0.362022560736927,-1.08546356792998,-0.509550164500034,0.410051783292475,1.08144841763594,-0.720570392454249
1661,406.779661016949,274.576271186441,0.640432303559163,-0.854497019635027,-0.644971165704208,0.189783129347,1.24275065444415,-0.582936894989563
1662,416.949152542373,274.576271186441,0.916938138862425,-0.62101360909553,-0.754403390834628,-0.0292110179898554,1.37372999592983,-0.430597576530378
1663,427.118644067797,274.576271186441,1.17779847620287,-0.398127707623526,-0.835900224502399,-0.238034340927302,1.47051489149007,-0.267451832371675
1664,437.28813559322,274.576271186441,1.40966306373584,-0.20589432665452,-0.888541721770368,-0.428333035622705,1.53029369844449,-0.09768083477508
1665,447.457627118644,274.576271186441,1.60021576489766,-0.095453811682071,-0.912421617802628,-0.592648765980852,1.55139606312205,0.0743646433974249
1666,457.627118644068,274.576271186441,1.73877482625966,-0.19099417979095,-0.908597502104529,-0.724729408483177,1.53333675121264,0.244281028768917
1667,467.796610169491,274.576271186441,1.81682186361333,-0.666545247889067,-0.879007137071318,-0.81978344262484,1.4768208510367,0.40773015305776
1668,477.966101694915,274.576271186441,1.82843396520749,-1.52037536769903,-0.826354985518629,-0.874666520664352,1.38371055370221,0.560555606030535
1669,488.135593220339,274.576271186441,1.7705977147844,-2.31678892604564,-0.753973564157338,-0.887991972142123,1.25695497491665,0.698894028764127
1670,498.305084745763,274.576271186441,1.64338939129836,-2.44372411064153,-0.665664987858323,-0.86016060795924,1.1004856829335,0.819278281061841
1671,508.474576271186,274.576271186441,1.45001183342869,-1.80162029314466,-0.565532630219771,-0.793309012035474,0.919081696623207,0.91872964353795
1672,518.64406779661,274.576271186441,1.19668517057149,-0.923491020490235,-0.45782057174026,-0.691179361759751,0.718208681582042,0.994836520985923
1673,528.813559322034,274.576271186441,0.892395527569635,-0.331455391464283,-0.346767866347211,-0.558917516355707,0.503837870015758,1.04581749057547
1674,538.983050847458,274.576271186441,0.548512574088094,-0.113895792659279,-0.236448696762901,-0.402809477305205,0.28225083718048,1.07056697558171
1675,549.152542372881,274.576271186441,0.17829304361534,-0.10515588025124,-0.13058170824038,-0.229969195746305,0.0598366653487418,1.06868231043586
1676,559.322033898305,274.576271186441,-0.203707189547307,-0.157342786119125,-0.0323729110862439,-0.0479929409866886,-0.157111795358278,1.04047148224953
1677,569.491525423729,274.576271186441,-0.582285426177923,-0.205128388178102,0.0555494151343683,0.135403054659739,-0.362595904907206,0.986941372986809
1678,579.661016949153,274.576271186441,-0.942278585595803,-0.227657468196406,0.131157607757493,0.312744267365946,-0.551097050098782,0.909766869973513
1679,589.830508474576,274.576271186441,-1.26925173502598,-0.218157516614278,0.193063511097063,0.4771416105825,-0.717744372840444,0.811241745148558
1680,600,274.576271186441,-1.55015640229962,-0.174320914591599,0.24055092957899,0.62260094165127,-0.858459145652263,0.694212710402047
1681,0,284.745762711864,-1.00644250967081,-0.09595295990966,-0.88015916463568,-0.443117409524931,-0.147567117536869,-0.401886562176722
1682,10.1694915254237,284.745762711864,-1.20824440076515,-0.11652253110448,-1.09551212680681,-0.47755438520621,0.0534783515345089,-0.258510413228641
1683,20.3389830508475,284.745762711864,-1.36543943455398,-0.116000573789765,-1.28854509107167,-0.524030539519701,0.25320021287516,-0.102222973700563
1684,30.5084745762712,284.745762711864,-1.47087940716932,-0.0866805581554376,-1.45372937056831,-0.585072414141664,0.444340113647564,0.0629510757778694
1685,40.6779661016949,284.745762711864,-1.51967899099545,-0.0227758591035625,-1.58631323479581,-0.661972023996936,0.620022051523425,0.232654823217459
1686,50.8474576271186,284.745762711864,-1.50946464902515,0.0791547380952209,-1.68273255957257,-0.754680893682998,0.773980537338434,0.402316790213549
1687,61.0169491525424,284.745762711864,-1.44050783848209,0.219918864204542,-1.74049707178247,-0.8617782909748,0.900766333363226,0.567276103139
1688,71.1864406779661,284.745762711864,-1.3157350140489,0.397557499600538,-1.75794010508856,-0.980515602384893,0.995923083483442,0.722911706719558
1689,81.3559322033898,284.745762711864,-1.14061273607147,0.607375973992468,-1.73428201370506,-1.10693492690817,1.05612917438138,0.864772013716814
1690,91.5254237288135,284.745762711864,-0.92291212402938,0.842138636054615,-1.66984255923487,-1.23605618684968,1.07930037067835,0.988701343213599
1691,101.694915254237,284.745762711864,-0.672362687418166,1.09241743069176,-1.56612849659874,-1.36212355587996,1.06465011032869,1.09095956169677
1692,111.864406779661,284.745762711864,-0.40021093605252,1.34707577472605,-1.42579551302484,-1.47889895743785,1.01270578340185,1.16833150460238
1693,122.033898305085,284.745762711864,-0.118703858219509,1.59386129299944,-1.25262239695103,-1.57998794245728,0.925280799021123,1.21822301717444
1694,132.203389830508,284.745762711864,0.159478873140821,1.82007453124763,-1.05204332880694,-1.65918153577348,0.805403721796396,1.23874080554737
1695,142.372881355932,284.745762711864,0.421817438562268,2.01327454742888,-0.835237902604989,-1.71079673162533,0.657207181302482,1.22875372244166
1696,152.542372881356,284.745762711864,0.656541202025629,2.1619575395934,-0.636282964124139,-1.72999826685438,0.485780578925801,1.18793361496072
1697,162.71186440678,284.745762711864,0.85318677833816,2.2559510085691,-0.549189109598233,-1.71308511013058,0.296991792409391,1.11677442086525
1698,172.881355932203,284.745762711864,1.00309802173,2.28524868900002,-0.733411456522926,-1.65772673896713,0.0972840715344215,1.01658879891124
1699,183.050847457627,284.745762711864,1.09984365125175,2.23343976771587,-1.25704382861971,-1.56313665513381,-0.106544903124475,0.889482201687347
1700,193.220338983051,284.745762711864,1.13953194488908,2.06334662911035,-1.8313472102344,-1.43017359839618,-0.307574286817541,0.738304928454949
1701,203.389830508475,284.745762711864,1.1210066697157,1.7162775404394,-1.90779045433151,-1.26136441228945,-0.498993866414313,0.566583313103836
1702,213.559322033898,284.745762711864,1.04591395661415,1.17614881161031,-1.30267946101233,-1.06084632390798,-0.674332566926258,0.378431791059969
1703,223.728813559322,284.745762711864,0.918635911564015,0.572516044882797,-0.534049463288064,-0.834230336804264,-0.827674089039947,0.17844813213105
1704,233.898305084746,284.745762711864,0.746093037436279,0.137302735760181,-0.292396793235048,-0.588391309759263,-0.953852587520374,-0.0284053916219666
1705,244.067796610169,284.745762711864,0.537423673580783,-0.0324947486748024,-0.698962269235953,-0.331193914875635,-1.04862202232837,-0.236931726659599
1706,254.237288135593,284.745762711864,0.303554656163416,-0.0823587699881668,-1.17847617359128,-0.0711668586209731,-1.10879374262809,-0.441836150442986
1707,264.406779661017,284.745762711864,0.0566833616880762,-0.205186487676885,-1.07333104806819,0.182859647750837,-1.13233796579873,-0.637867054057608
1708,274.576271186441,284.745762711864,-0.190304103326327,-0.451175403212656,-0.353198954717399,0.422136295061812,-1.11844605084082,-0.819956551505229
1709,284.745762711864,284.745762711864,-0.42445197146823,-0.759152590828709,0.457755589528828,0.638379009873088,-1.06755179571283,-0.983357056814484
1710,294.915254237288,284.745762711864,-0.633363201084314,-1.06149165615196,0.939828059784264,0.824137051711617,-0.981311365944744,-1.12377006215204
1711,305.084745762712,284.745762711864,-0.805806667247915,-1.32162332592186,1.0704518305538,0.973127374924223,-0.862542840943478,-1.2374635473981
1712,315.254237288136,284.745762711864,-0.932272489921985,-1.52380622895933,1.00708807873926,1.08051926763121,-0.715127698691337,-1.32137474906496
1713,325.423728813559,284.745762711864,-1.00544854031563,-1.66096519865668,0.86775847550259,1.14315556761259,-0.543877804906653,-1.37319540603914
1714,335.593220338983,284.745762711864,-1.02059546195435,-1.73033607692194,0.700101338052198,1.15969970933404,-0.354372588417179,-1.39143707085645
1715,345.762711864407,284.745762711864,-0.975801574477806,-1.73259177809972,0.519546243264347,1.13070133624229,-0.152772034425639,-1.37547461519292
1716,355.93220338983,284.745762711864,-0.872104237648996,-1.671626653458,0.333286976721204,1.05857705078789,0.0543881186733071,-1.32556665212196
1717,366.101694915254,284.745762711864,-0.713470626147907,-1.55428764077041,0.147078614113255,0.947506886641658,0.260412058603699,-1.24285222904396
1718,376.271186440678,284.745762711864,-0.506637553617742,-1.38996312034642,-0.0337216473278393,0.803251079914913,0.45866323480314,-1.12932379653626
1719,386.440677966102,284.745762711864,-0.260816679605975,-1.19005278490072,-0.204180427102118,0.632895496283283,0.642780073888001,-0.987777111587005
1720,396.610169491525,284.745762711864,0.0127217596366937,-0.96736476779921,-0.359923307751323,0.444537456272006,0.80688098457366,-0.821739370555043
1721,406.779661016949,284.745762711864,0.301167277698058,-0.735447879593162,-0.497255748032662,0.246926528076802,0.945751981713146,-0.635377469937877
1722,416.949152542373,284.745762711864,0.590765766638498,-0.50779735313222,-0.61325628597818,0.0490769895725761,1.05501089704281,-0.433388844743847
1723,427.118644067797,284.745762711864,0.867467633229079,-0.297421426447613,-0.705838908593394,-0.1401300044438,1.13124297663467,-0.220877819452653
1724,437.28813559322,284.745762711864,1.11759706811908,-0.119997668059807,-0.77378322379386,-0.312336041706129,1.17210366231549,-0.00322081153885651
1725,447.457627118644,284.745762711864,1.3285096769825,-0.00821132623208947,-0.81673235531723,-0.460068763690721,1.17638548156422,0.2140759591315
1726,457.627118644068,284.745762711864,1.48920669451371,-0.036498823876378,-0.835159724752788,-0.577062051922512,1.1440471887803,0.425522388955873
1727,467.796610169491,284.745762711864,1.59087668960057,-0.307170664732849,-0.83030705499649,-0.658518354255275,1.07620456880396,0.625790065151524
1728,477.966101694915,284.745762711864,1.62733863214653,-0.819168402879044,-0.804096973292299,-0.701301200117195,0.975083588398606,0.809853527824122
1729,488.135593220339,284.745762711864,1.59536429239847,-1.31871867412424,-0.759024455582354,-0.704049305727838,0.843937820511317,0.973123364836826
1730,498.305084745763,284.745762711864,1.49486353803684,-1.44869130555116,-0.698032055061626,-0.667207428126504,0.686933228572068,1.11156750536692
1731,508.474576271186,284.745762711864,1.32892260264127,-1.14715818279501,-0.624374616193831,-0.592973108867098,0.509004445919006,1.22181739956852
1732,518.64406779661,284.745762711864,1.10369235166552,-0.717051101105011,-0.541479933821532,-0.485162462055165,0.315687584912232,1.30125618540407
1733,528.813559322034,284.745762711864,0.828130686457812,-0.454524668469809,-0.452811120003725,-0.349002013251431,0.112935332998438,1.34808643805666
1734,538.983050847458,284.745762711864,0.513610197640618,-0.404885904568165,-0.361733826150649,-0.190857099866588,-0.09307938330359,1.36137565871075
1735,549.152542372881,284.745762711864,0.173408672342697,-0.466792215261592,-0.271391885428762,-0.0179103312604484,-0.296164576141627,1.3410782723233
1736,559.322033898305,284.745762711864,-0.17789424045297,-0.549676477872658,-0.184599801748083,0.162194065734677,-0.490308538378665,1.28803355127562
1737,569.491525423729,284.745762711864,-0.525086273038654,-0.6115068006117,-0.103759367124414,0.34172263414055,-0.669870808289803,1.20393954549663
1738,579.661016949153,284.745762711864,-0.853026427877538,-0.637032033093149,-0.0307995509804775,0.513223714657636,-0.829758566842586,1.09130376130112
1739,589.830508474576,284.745762711864,-1.14735038884138,-0.62041657874919,0.0328627110592195,0.669879189164969,-0.965582830831917,0.953371972357617
1740,600,284.745762711864,-1.39514403743921,-0.5598072889404,0.0863387741637027,0.805820050863929,-1.07378953952233,0.794037149012826
1741,0,294.915254237288,-0.662716074468655,-0.224591812059545,-0.853541832592037,-0.301349978723713,0.257910124795297,-0.352546318085717
1742,10.1694915254237,294.915254237288,-0.833456840597018,-0.257219566852241,-1.0494093592683,-0.328372247259406,0.456701975937585,-0.171179739465073
1743,20.3389830508475,294.915254237288,-0.965118742196747,-0.261940262030197,-1.22488522969839,-0.371553194552408,0.650198859028892,0.0218147548407125
1744,30.5084745762712,294.915254237288,-1.05080006162843,-0.230728966296556,-1.37278392657216,-0.433619799689969,0.831379081979894,0.221516113737367
1745,40.6779661016949,294.915254237288,-1.08573116365689,-0.157842717892677,-1.48766001693759,-0.515955374336759,0.993678838248306,0.422711208136744
1746,50.8474576271186,294.915254237288,-1.06753137037559,-0.0402377900114049,-1.56801233009617,-0.618490273870754,1.13121026923556,0.62003416642517
1747,61.0169491525424,294.915254237288,-0.996353849385052,0.122168789157378,-1.6143996793798,-0.739670099338012,1.23895515558636,0.808111910100584
1748,71.1864406779661,294.915254237288,-0.874910153975264,0.326409600688471,-1.62664456283132,-0.876503355242875,1.31292793967232,0.981711897665638
1749,81.3559322033898,294.915254237288,-0.70837176922337,0.56655552629915,-1.60379848643945,-1.02468654098949,1.35030285688443,1.13588798421385
1750,91.5254237288135,294.915254237288,-0.504151928476202,0.833979116936706,-1.54556039500536,-1.17880076154641,1.34950119561167,1.26612031753296
1751,101.694915254237,294.915254237288,-0.27157678644959,1.11777906603867,-1.45294691696519,-1.33257033726626,1.31023607198276,1.36844531942761
1752,111.864406779661,294.915254237288,-0.0214604850417476,1.40534302085026,-1.32818240603822,-1.47917075144803,1.23351354878739,1.43957204056119
1753,122.033898305085,294.915254237288,0.234396542306056,1.68301801761238,-1.1744929455673,-1.61157075222536,1.12159039942844,1.47698152249847
1754,132.203389830508,294.915254237288,0.483762752431136,1.93685154821101,-0.996287335551321,-1.72289164750954,0.97789026767202,1.4790062428448
1755,142.372881355932,294.915254237288,0.714558036176577,2.153361497786,-0.80128387748333,-1.80676588647598,0.806881353848085,1.4448872466935
1756,152.542372881356,294.915254237288,0.915435881112785,2.3202837116438,-0.609616399525255,-1.8576769562339,0.613920022231607,1.3748071658149
1757,162.71186440678,294.915254237288,1.07633711401092,2.42718070724815,-0.473551163688347,-1.87126344259636,0.405065831074265,1.26989797987477
1758,172.881355932203,294.915254237288,1.18898823863668,2.46545150309563,-0.48037150891431,-1.84457177070848,0.18687440024809,1.13222306355338
1759,183.050847457627,294.915254237288,1.24731975406705,2.42641217660034,-0.66861630022168,-1.77624457468845,-0.0338247774237783,0.964733770709002
1760,193.220338983051,294.915254237288,1.24778342279948,2.29661822863907,-0.88631906791087,-1.66663472782107,-0.250158027757207,0.771201512046721
1761,203.389830508475,294.915254237288,1.18955209620731,2.05769222904755,-0.842793556977265,-1.51783864679484,-0.455436945854649,0.556126966414798
1762,213.559322033898,294.915254237288,1.07459118456371,1.70807157159798,-0.442147634357098,-1.33364639098884,-0.643379932626954,0.324628708650916
1763,223.728813559322,294.915254237288,0.907596923717982,1.29785476950549,0.036737202142434,-1.11941012077765,-0.808318471326048,0.0823141206770194
1764,233.898305084746,294.915254237288,0.69580295121821,0.913806103647138,0.223023140339565,-0.88183646026266,-0.945381369079323,-0.164864039317555
1765,244.067796610169,294.915254237288,0.448663054996226,0.59831463428429,0.0511438428754479,-0.628712035530448,-1.0506509816172,-0.410761616840234
1766,254.237288135593,294.915254237288,0.177424003708457,0.312368817276802,-0.170237711164047,-0.368574747472479,-1.1212864264431,-0.64920348186933
1767,264.406779661017,294.915254237288,-0.105392169231421,0.00132705506698198,-0.0878943036644895,-0.110346027453549,-1.15560993583899,-0.874146078216
1768,274.576271186441,294.915254237288,-0.386572489332514,-0.341021002927284,0.313944811505871,0.137058717285928,-1.15315376650221,-1.07983770331909
1769,284.745762711864,294.915254237288,-0.652836642634373,-0.683653337089224,0.752694646697093,0.365123130247875,-1.11466642376927,-1.26097215533826
1770,294.915254237288,294.915254237288,-0.891470384232079,-0.994492069058052,1.0024775137699,0.566107818405142,-1.04207832962437,-1.41283154002612
1771,305.084745762712,294.915254237288,-1.09093843231942,-1.25360901366961,1.0518225615584,0.733395214726542,-0.93842841871967,-1.5314143023459
1772,315.254237288136,294.915254237288,-1.24144716939739,-1.45011958471826,0.986575505133289,0.861784971014446,-0.807754440105403,-1.61354493016122
1773,325.423728813559,294.915254237288,-1.33542965362585,-1.5783136889711,0.87154261606076,0.947725773457418,-0.654950931401199,-1.65696225946669
1774,335.593220338983,294.915254237288,-1.36792895303959,-1.63631935164574,0.733766285912992,0.989472469393873,-0.485599877748973,-1.66038387964294
1775,345.762711864407,294.915254237288,-1.33686051365301,-1.62582139539706,0.58305934649261,0.987160929931863,-0.305779936255204,-1.62354477772102
1776,355.93220338983,294.915254237288,-1.24314002317023,-1.55187538203309,0.4248806646197,0.942796978810063,-0.121860770205898,-1.54720905519538
1777,366.101694915254,294.915254237288,-1.09066931391416,-1.42258405612553,0.263950249218651,0.86015980470928,0.0597105242930463,-1.43315428052333
1778,376.271186440678,294.915254237288,-0.886178011686638,-1.24863653401982,0.104761995537126,0.744624344736219,0.232623716085442,-1.28412878504024
1779,386.440677966102,294.915254237288,-0.638924646491366,-1.04280605158137,-0.0484761922813418,0.602910984301886,0.390913319859473,-1.10378294905813
1780,396.610169491525,294.915254237288,-0.360273643863599,-0.819554505126513,-0.191957220443866,0.442774376657359,0.52915319949141,-0.896576237940861
1781,406.779661016949,294.915254237288,-0.0631773081790903,-0.59454616425053,-0.322376757471778,0.272646076790435,0.642631540840409,-0.667662415152465
1782,416.949152542373,294.915254237288,0.238415645140745,-0.382960116559464,-0.437014020445266,0.101247869518424,0.727500556553552,-0.422755962055672
1783,427.118644067797,294.915254237288,0.5302155960445,-0.196297748619399,-0.533788938947717,-0.0628059550562567,0.780896182873736,-0.167983255726353
1784,437.28813559322,294.915254237288,0.798282912324489,-0.0424336654940567,-0.611294470164303,-0.211398630178471,0.801024075878442,0.090277518417378
1785,447.457627118644,294.915254237288,1.02970330482009,0.0641834671083811,-0.668803823665183,-0.337274902770894,0.787209375399539,0.345563424836557
1786,457.627118644068,294.915254237288,1.21320942661504,0.0876153373381572,-0.706253315881715,-0.434361930667674,0.739908939007295,0.591496312145634
1787,467.796610169491,294.915254237288,1.33972815618475,-0.0211717544088383,-0.724202484580989,-0.498032138161979,0.660686013734174,0.821950251103507
1788,477.966101694915,294.915254237288,1.40283162404004,-0.263932018437159,-0.723773917252183,-0.525295903609167,0.552148566880728,1.03121235182402
1789,488.135593220339,294.915254237288,1.39906736867412,-0.532047411815297,-0.706575952148515,-0.514915354122667,0.417853697318038,1.21413260790398
1790,498.305084745763,294.915254237288,1.3281488138245,-0.671226386742225,-0.674611973045953,-0.467434357493941,0.262181655433092,1.36625870724329
1791,508.474576271186,294.915254237288,1.19299558487448,-0.648846734608591,-0.630180430431189,-0.385123845223264,0.090183977052808,1.48395215347718
1792,518.64406779661,294.915254237288,0.999620708220063,-0.583233013993899,-0.5757699678653,-0.271845676854923,-0.0925889471452566,1.5644825472147
1793,528.813559322034,294.915254237288,0.756868916741272,-0.589449794981233,-0.513954037246771,-0.132842167121623,-0.280274915803014,1.60609746891199
1794,538.983050847458,294.915254237288,0.476017365597941,-0.678273745690831,-0.447289130212574,0.0255380456660589,-0.466895200202161,1.60806606898358
1795,549.152542372881,294.915254237288,0.170256727998957,-0.799881154603502,-0.37822048276824,0.196164081017778,-0.646551486777532,1.5706951874454
1796,559.322033898305,294.915254237288,-0.145923483013606,-0.909652936214121,-0.308998909951929,0.371480780649706,-0.81361791589103,1.49531757526583
1797,569.491525423729,294.915254237288,-0.45741673802396,-0.984269400250014,-0.241611813820786,0.543882917406388,-0.962921890546784,1.38425255199792
1798,579.661016949153,294.915254237288,-0.749216383145442,-1.01303479160702,-0.177730359680892,0.706087299947374,-1.08990777460355,1.24074018811994
1799,589.830508474576,294.915254237288,-1.00713358652859,-0.990937931969456,-0.118674019109061,0.851484608642354,-1.19077823791511,1.06885082497407
1800,600,294.915254237288,-1.21848200445069,-0.916564538666826,-0.0653931333140862,0.974453866511418,-1.26260881216112,0.873372420201154
1801,0,305.084745762712,-0.315925415246411,-0.340360047961508,-0.778459404942227,-0.12430761613393,0.648215807458361,-0.275877855065867
1802,10.1694915254237,305.084745762712,-0.454958862815249,-0.386012596274615,-0.963014970942721,-0.137092283115973,0.843148971845641,-0.0622588469163208
1803,20.3389830508475,305.084745762712,-0.560695207886906,-0.398094621809088,-1.13262005875975,-0.170053044882892,1.02865148177086,0.161022437032571
1804,30.5084745762712,305.084745762712,-0.626506885358824,-0.368461690902878,-1.26737028381085,-0.226113706132021,1.1980319156226,0.388320974608805
1805,40.6779661016949,305.084745762712,-0.647753707464726,-0.291528957069768,-1.35466053440677,-0.306773980660137,1.34513519802546,0.613755786964141
1806,50.8474576271186,305.084745762712,-0.62204683251149,-0.164670334226019,-1.40137344876095,-0.411998752912591,1.46454726706088,0.831365773157049
1807,61.0169491525424,305.084745762712,-0.549405170173631,0.0115511043846593,-1.42239953026811,-0.540186287834018,1.55177345521304,1.03527009720046
1808,71.1864406779661,305.084745762712,-0.432295007047584,0.233335707715709,-1.42396831468218,-0.688217337139436,1.60338477829685,1.21982876116206
1809,81.3559322033898,305.084745762712,-0.275549237570184,0.493786756163052,-1.40315586022104,-0.85158308153916,1.61712744955521,1.37979894521069
1810,91.5254237288135,305.084745762712,-0.0861684381440535,0.783230332715601,-1.35597718993938,-1.02458593566031,1.59199220854829,1.51048276521067
1811,101.694915254237,305.084745762712,0.126988157451283,1.08969881041429,-1.28127882034583,-1.20060361714607,1.52824143235304,1.60786228966065
1812,111.864406779661,305.084745762712,0.353608221299446,1.39955193431539,-1.18023613703269,-1.37240372145946,1.42739343266064,1.66871796613573
1813,122.033898305085,305.084745762712,0.582409963088853,1.69820162441575,-1.05526491405085,-1.53249350441446,1.2921647876969,1.69072702528841
1814,132.203389830508,305.084745762712,0.80168128997845,1.9709006348377,-0.90964297326302,-1.67348778033765,1.12637296363828,1.67253894715032
1815,142.372881355932,305.084745762712,0.999848933641914,2.20355128774554,-0.748189079787498,-1.78847688364442,0.934802799201153,1.61382567636727
1816,152.542372881356,305.084745762712,1.16605017353573,2.38348729689834,-0.580691657073616,-1.87137656346313,0.723041615476194,1.51530494403603
1817,162.71186440678,305.084745762712,1.29067928952274,2.50016679833069,-0.429412359472503,-1.91724248971618,0.497288731745446,1.3787357758927
1818,172.881355932203,305.084745762712,1.36588173559551,2.54563373682676,-0.33013323295554,-1.92253370646397,0.264145983874414,1.20688602008011
1819,183.050847457627,305.084745762712,1.38597121420126,2.51439689420949,-0.299981588751325,-1.88531179461057,0.0303964289474015,1.00347249193941
1820,193.220338983051,305.084745762712,1.34774825686788,2.40250432358513,-0.283020012539926,-1.80536558398438,-0.197221239920471,0.773075087134317
1821,203.389830508475,305.084745762712,1.25070342913971,2.20757361526618,-0.170057533484189,-1.68425483521694,-0.412234960749011,0.521026936981177
1822,213.559322033898,305.084745762712,1.09709366906531,1.93402443088861,0.0734829912309729,-1.52527022101976,-0.608650817229293,0.253283350913597
1823,223.728813559322,305.084745762712,0.89188628608937,1.60136324908128,0.338536764127423,-1.33331098452612,-0.781146788504156,-0.0237271083486643
1824,233.898305084746,305.084745762712,0.642571505084835,1.24016714025554,0.480972399936234,-1.11468564253557,-0.925242377512764,-0.30326555819974
1825,244.067796610169,305.084745762712,0.358850832441918,0.871829812469851,0.474417051419846,-0.876844839658464,-1.03743862560269,-0.578455468459891
1826,254.237288135593,305.084745762712,0.0522146369467196,0.498962788925882,0.437112427456847,-0.628058763511216,-1.11532406352974,-0.842460506236391
1827,264.406779661017,305.084745762712,-0.264572122941449,0.120831152030243,0.504829414464816,-0.3770542402529,-1.15764333273855,-1.088662813384
1828,274.576271186441,305.084745762712,-0.578052409477652,-0.251653796158635,0.683158419874335,-0.132628611701855,-1.16432649478488,-1.31083693168841
1829,284.745762711864,305.084745762712,-0.874700647177142,-0.599304723506404,0.862597180668674,0.0967413468793572,-1.13647838671107,-1.5033146766293
1830,294.915254237288,305.084745762712,-1.14155777620022,-0.904081931507751,0.955960494798654,0.303276932397454,-1.07632873037825,-1.6611364753697
1831,305.084745762712,305.084745762712,-1.36684738786651,-1.1528332410164,0.959399949840594,0.480243525294384,-0.987145018487899,-1.78018502327964
1832,315.254237288136,305.084745762712,-1.54054307097069,-1.33694761472206,0.907031743388782,0.622248673086892,-0.873111435170658,-1.85729756719548
1833,325.423728813559,305.084745762712,-1.65485913800593,-1.45169577176404,0.82507172994189,0.725478090932743,-0.739178183529922,-1.89035368087037
1834,335.593220338983,305.084745762712,-1.70464049235486,-1.49604691109134,0.725318667205493,0.787858386859101,-0.590886549785033,-1.87833604390023
1835,345.762711864407,305.084745762712,-1.68763294433955,-1.47259330467448,0.613060281090868,0.809138823150038,-0.434175802685086,-1.82136245250611
1836,355.93220338983,305.084745762712,-1.60462266719138,-1.38735036143763,0.492010858616653,0.790888300762904,-0.275178583324691,-1.72068805956266
1837,366.101694915254,305.084745762712,-1.45943643717498,-1.24939725037723,0.365661777126685,0.736407812903802,-0.12001176746236,-1.57867764130488
1838,376.271186440678,305.084745762712,-1.25878065849983,-1.07046335067359,0.237431135338005,0.650562660481492,0.0254301290823929,-1.39874849739574
1839,386.440677966102,305.084745762712,-1.01189329404331,-0.864859879196443,0.110593612122578,0.539542560136018,0.155672082241288,-1.18528538731946
1840,396.610169491525,305.084745762712,-0.730067147530056,-0.65037820149874,-0.011807547754642,0.410561219106355,0.265839691940505,-0.943529667473185
1841,406.779661016949,305.084745762712,-0.426193683705946,-0.448965262230687,-0.127038890257199,0.271509833737672,0.351818377933002,-0.679445498827259
1842,416.949152542373,305.084745762712,-0.114318993168151,-0.281164255218384,-0.232741176258249,0.130581150583747,0.410385497034546,-0.399566625040372
1843,427.118644067797,305.084745762712,0.190999570565077,-0.151522774981999,-0.326978105356798,-0.00411789447362716,0.439311200276629,-0.110827757884355
1844,437.28813559322,305.084745762712,0.475534663439368,-0.0437963798052639,-0.408268314865971,-0.124946439038331,0.437424941188827,0.179614964306221
1845,447.457627118644,305.084745762712,0.7261579467606,0.0527885819754877,-0.475600289673489,-0.225084729892188,0.40464573292277,0.464569670826633
1846,457.627118644068,305.084745762712,0.931426046354311,0.114184695304796,-0.528430470203139,-0.29884706940315,0.341975491206256,0.736995651586948
1847,467.796610169491,305.084745762712,1.08207723269058,0.0969324044981023,-0.566665467090236,-0.341937891007802,0.251456049741352,0.990186449952619
1848,477.966101694915,305.084745762712,1.17147687985848,-0.0137363478733219,-0.590629858582717,-0.351638974509194,0.136091652257664,1.21794424748662
1849,488.135593220339,305.084745762712,1.19596196601905,-0.179185976859197,-0.601021538707631,-0.32691917987037,-0.000260129885730292,1.41474085758485
1850,498.305084745763,305.084745762712,1.15504214438579,-0.339837003555229,-0.598856983037083,-0.268461857479574,-0.153025071910591,1.57586099810132
1851,508.474576271186,305.084745762712,1.05144428932517,-0.473711232508478,-0.585409091014334,-0.178609099418984,-0.317071690085056,1.69752398496996
1852,518.64406779661,305.084745762712,0.891000161216268,-0.605598201443584,-0.562140439968529,-0.0612260350571845,-0.486887769445075,1.77698056689509
1853,528.813559322034,305.084745762712,0.682382667229392,-0.759742250701082,-0.530634839448191,0.0785077511550876,-0.656767918286852,1.81258228979184
1854,538.983050847458,305.084745762712,0.436702393971328,-0.929382610649216,-0.492530005326102,0.234369079810042,-0.821005735026245,1.80382152067002
1855,549.152542372881,305.084745762712,0.166982657284474,-1.09013243660762,-0.449453995247239,0.399410716318248,-0.974084084942778,1.75134105389061
1856,559.322033898305,305.084745762712,-0.112462695700321,-1.22012273299611,-0.402967773092035,0.566313662694365,-1.11085711681818,1.65691304651921
1857,569.491525423729,305.084745762712,-0.386719586510515,-1.30530294157184,-0.354515897187547,0.727754726104146,-1.2267179957771,1.52338786130803
1858,579.661016949153,305.084745762712,-0.640999409004479,-1.33727696578779,-0.305386871296666,0.876771197643677,-1.31774687478593,1.35461421283992
1859,589.830508474576,305.084745762712,-0.861365430843298,-1.31155039098744,-0.25668420232558,1.00710467265484,-1.38083435266639,1.1553327921178
1860,600,305.084745762712,-1.03542483491281,-1.22709949380128,-0.209308695438284,1.11350712024333,-1.41377654466166,0.931046265917842
1861,0,315.254237288136,0.0127704134641578,-0.438309368200143,-0.689322878251446,0.0839470348366881,1.00476673895997,-0.172723275344876
1862,10.1694915254237,315.254237288136,-0.0957329060704566,-0.497236009388118,-0.907970982447274,0.0913624652290541,1.19419576179481,0.066534415332341
1863,20.3389830508475,315.254237288136,-0.176724327465743,-0.518357575491133,-1.12594747269968,0.0747937208361953,1.37002211182307,0.312841646665409
1864,30.5084745762712,315.254237288136,-0.223860262777327,-0.493635225514574,-1.27195556693781,0.0311386331936187,1.52597182011246,0.560022737387331
1865,40.6779661016949,315.254237288136,-0.232629245339615,-0.417767310619934,-1.30355796302146,-0.0412313128886503,1.65638729122826,0.801736873826394
1866,50.8474576271186,315.254237288136,-0.200622290720641,-0.288560214401253,-1.25773693990317,-0.142360871735318,1.75641554885758,1.03164477580311
1867,61.0169491525424,315.254237288136,-0.127700755404585,-0.107123616605652,-1.20271388603414,-0.270679461303069,1.82216833216515,1.24357796715442
1868,71.1864406779661,315.254237288136,-0.0160516389476562,0.122121826668989,-1.16816934928823,-0.423050011596168,1.850848825733,1.43170607516555
1869,81.3559322033898,315.254237288136,0.129874269346226,0.391625932261643,-1.14304817511793,-0.594896196348522,1.84084097120746,1.59069758336892
1870,91.5254237288135,315.254237288136,0.303540235364971,0.691070537599469,-1.10927014592974,-0.780402168997654,1.79175860321257,1.71586958835161
1871,101.694915254237,315.254237288136,0.496610464463804,1.00789201106748,-1.05798686774541,-0.972775366933799,1.70445303084189,1.80332236108467
1872,111.864406779661,315.254237288136,0.699333545692738,1.32793652110893,-0.987567749077488,-1.16455984575602,1.58097910170761,1.85005488108013
1873,122.033898305085,315.254237288136,0.901004988500211,1.63621233506923,-0.899167920385441,-1.34798510925351,1.42452118977478,1.85405798830966
1874,132.203389830508,315.254237288136,1.09048718996139,1.91769785842939,-0.794869301467743,-1.51533363305798,1.23928189343664,1.81438237110119
1875,142.372881355932,315.254237288136,1.25676198830533,2.15816082133633,-0.67744142231931,-1.65930932699647,1.03033747122995,1.73117926321337
1876,152.542372881356,315.254237288136,1.3894889597257,2.34494288347672,-0.551193654452491,-1.77338909011105,0.803465137854106,1.60571244263352
1877,162.71186440678,315.254237288136,1.47954191506368,2.46766282168777,-0.42399758920667,-1.85214038818973,0.56494825660033,1.44034088910163
1878,172.881355932203,315.254237288136,1.51949670309937,2.518780774268,-0.307533897806533,-1.89148938938721,0.321366166219562,1.23847224627955
1879,183.050847457627,315.254237288136,1.50404541391747,2.4939348874775,-0.208389298511259,-1.88892655164774,0.0793758483747492,1.00448802638072
1880,193.220338983051,315.254237288136,1.4303153189383,2.391991073649,-0.113030790929188,-1.84363955210244,-0.154507138032585,0.743642268226405
1881,203.389830508475,315.254237288136,1.2980752404702,2.21510220208794,0.00677677826122297,-1.75656693825828,-0.374121062823378,0.461936092734257
1882,213.559322033898,315.254237288136,1.10981731303916,1.96951761460443,0.158784565855959,-1.6303696944662,-0.573856661949387,0.165971272361244
1883,223.728813559322,315.254237288136,0.87070803372349,1.66677123648971,0.311267896212527,-1.46932186990312,-0.748835420495806,-0.137213475871876
1884,233.898305084746,315.254237288136,0.588408815796599,1.32257022098139,0.422986744008706,-1.27912531438055,-0.895061657794766,-0.440319267283676
1885,244.067796610169,315.254237288136,0.272772653341895,0.952715657864792,0.48543610878223,-1.06665722648202,-1.00954350598893,-0.735972303542465
1886,254.237288135593,315.254237288136,-0.0645703391889881,0.570799098600755,0.530373862826082,-0.839662457345037,-1.09037896738062,-1.0169127465139
1887,264.406779661017,315.254237288136,-0.410720134767165,0.190229749188186,0.594645007832627,-0.606405175710465,-1.1368044506252,-1.27618222017068
1888,274.576271186441,315.254237288136,-0.75208358264694,-0.173837874269226,0.679169773050433,-0.375296456538352,-1.14920447901384,-1.5073049487718
1889,284.745762711864,315.254237288136,-1.07499389406265,-0.505779609171769,0.753131283850925,-0.154515511685816,-1.12908259113081,-1.70445767486234
1890,294.915254237288,315.254237288136,-1.36634348894041,-0.791785025372012,0.792172935715879,0.0483574190990757,-1.07899476964863,-1.86262376850976
1891,305.084745762712,315.254237288136,-1.61419981950907,-1.02105614018836,0.795355716273664,0.226679069645191,-1.00244799327382,-1.97772733308066
1892,315.254237288136,315.254237288136,-1.80837422863373,-1.18617196104167,0.772525732840149,0.37503600794174,-0.903767667481975,-2.04674362277996
1893,325.423728813559,315.254237288136,-1.94091603478702,-1.2832572896673,0.731540778628292,0.489478510331758,-0.78793871298375,-2.06778269988491
1894,335.593220338983,315.254237288136,-2.00650921051772,-1.31207875369064,0.676436019993874,0.567684459160427,-0.660425943137663,-2.04014395898342
1895,345.762711864407,315.254237288136,-2.00276216779962,-1.27599698783197,0.60959721548663,0.609045657736867,-0.526980015167679,-1.96433991297628
1896,355.93220338983,315.254237288136,-1.93040289869723,-1.18174095948477,0.533105475677797,0.614672704669228,-0.393435674447263,-1.84208845057389
1897,366.101694915254,315.254237288136,-1.79336675028607,-1.03905741653003,0.449082433211072,0.58731849992182,-0.265509213317698,-1.67627361554889
1898,376.271186440678,315.254237288136,-1.5985833955411,-0.860600184640931,0.359700391703786,0.53122437645919,-0.148602030984163,-1.47087580132882
1899,386.440677966102,315.254237288136,-1.35517735292369,-0.663457025341621,0.267131244391206,0.451896573751853,-0.0476169121777235,-1.23087307767617
1900,396.610169491525,315.254237288136,-1.07351433929143,-0.474508833210201,0.173491195990445,0.355824112174757,0.0332068493600933,-0.962116146700676
1901,406.779661016949,315.254237288136,-0.765306909329444,-0.335114185194175,0.0807897586966442,0.25015192845338,0.0904340522558984,-0.671180141843566
1902,416.949152542373,315.254237288136,-0.444505082176377,-0.282778885627822,-0.009115066066041,0.142325256268008,0.121545357810481,-0.365197115993055
1903,427.118644067797,315.254237288136,-0.126802004100828,-0.299133952362943,-0.0945543169478843,0.0397225804080615,0.125016694953295,-0.051673595973033
1904,437.28813559322,315.254237288136,0.172487768550012,-0.292445077068849,-0.174077542950388,-0.0507050070246954,0.100363898382441,0.261702004558458
1905,447.457627118644,315.254237288136,0.439968035698725,-0.190023244726215,-0.246473764531077,-0.12277058730251,0.0481513827976241,0.567257034986867
1906,457.627118644068,315.254237288136,0.664369275878557,-0.0372197756497291,-0.310783797584473,-0.171348087685978,-0.0300351096481749,0.857532091086847
1907,467.796610169491,315.254237288136,0.836536297645494,0.0530521923508483,-0.366304125485911,-0.192614605572376,-0.131650429849557,1.12547309288515
1908,477.966101694915,315.254237288136,0.949769105132034,0.0216253475198517,-0.412582796718148,-0.184226838259555,-0.253284183749861,1.36461285002573
1909,488.135593220339,315.254237288136,1.00024870451523,-0.109599264116299,-0.449408086469623,-0.145423324683954,-0.39078363519581,1.56923727799243
1910,498.305084745763,315.254237288136,0.987299243963708,-0.292621845642616,-0.476790880869306,-0.0770478563666859,-0.539400904039869,1.73453183040614
1911,508.474576271186,315.254237288136,0.913452944895148,-0.496912580540638,-0.494941914956333,0.0185067142544394,-0.693959229229121,1.85670423540224
1912,518.64406779661,315.254237288136,0.784342196246385,-0.711830017551736,-0.504245114939234,0.137431138064956,-0.849032467575106,1.93308025390674
1913,528.813559322034,315.254237288136,0.608435929031112,-0.930209925689854,-0.505228358883711,0.274702033800514,-0.999131604195677,1.96216989759174
1914,538.983050847458,315.254237288136,0.396634517628583,-1.13913014469819,-0.498532977190878,0.424343480596668,-1.13889187182688,1.94370233501733
1915,549.152542372881,315.254237288136,0.161741907120027,-1.3225833055784,-0.484883267163703,0.579734774427006,-1.26325411739608,1.87862855458348
1916,559.322033898305,315.254237288136,-0.0821605373737456,-1.46628038583289,-0.46505719874665,0.733948941489367,-1.36763431193738,1.7690917196432
1917,569.491525423729,315.254237288136,-0.320408972295181,-1.5593294055575,-0.439859346802157,0.880105117064164,-1.44807556324872,1.61836602090662
1918,579.661016949153,315.254237288136,-0.538487680074726,-1.59423262264892,-0.410096906790989,1.01171724423372,-1.50137764183173,1.43076568039702
1919,589.830508474576,315.254237288136,-0.722760135410178,-1.56685097685985,-0.376559445128507,1.12302175466301,-1.52519984555037,1.21152656652166
1920,600,315.254237288136,-0.861164945689291,-1.47651060399803,-0.340002812797967,1.20926795282845,-1.51813397764283,0.966663619263729
1921,0,325.423728813559,0.303777724507774,-0.514379831127178,-0.64225716739276,0.316668398350452,1.31151822943737,-0.0451639224632634
1922,10.1694915254237,325.423728813559,0.222934189645735,-0.586055484912504,-1.00281995395751,0.348841067370576,1.49373913541632,0.212471194685534
1923,20.3389830508475,325.423728813559,0.164048036182034,-0.617332797262211,-1.39488510425685,0.353553762840175,1.65827297878355,0.473961446231657
1924,30.5084745762712,325.423728813559,0.133185784818636,-0.600521977205589,-1.61046274467969,0.327562575723144,1.79934277091778,0.732807671082364
1925,40.6779661016949,325.423728813559,0.13474439228267,-0.530736765817165,-1.52724743380979,0.269114259202341,1.9118680606707,0.982429136471993
1926,50.8474576271186,325.423728813559,0.1711750436443,-0.406226644188865,-1.26005363727522,0.17805342628552,1.99163405139718,1.21633508539026
1927,61.0169491525424,325.423728813559,0.242803811374756,-0.228533471394565,-1.01626071972154,0.0558535017172591,2.03543077972564,1.42829669714245
1928,71.1864406779661,325.423728813559,0.347760055546656,-0.00246297541737802,-0.886532490944045,-0.0944303658814661,2.0411578130502,1.61251484643123
1929,81.3559322033898,325.423728813559,0.48201816100372,0.264128206202219,-0.838180616095582,-0.268284465039727,2.00789112482334,1.76377910276393
1930,91.5254237288135,325.423728813559,0.63955256500508,0.56071897958511,-0.816202170409364,-0.459930118487699,1.93591011507739,1.87761359316521
1931,101.694915254237,325.423728813559,0.812600301274876,0.874663108387055,-0.792027175549076,-0.66257867662687,1.82668411283331,1.95040565340717
1932,111.864406779661,325.423728813559,0.992019760161846,1.19185219866224,-0.757525951025628,-0.86873589841192,1.68281907999273,1.97951360919159
1933,122.033898305085,325.423728813559,1.1677293201618,1.49746620537248,-0.71179162973133,-1.07054131833885,1.50796658560925,1.96335054866409
1934,132.203389830508,325.423728813559,1.32920520347997,1.77677033701218,-0.655577068781622,-1.26012649913166,1.30669838920294,1.90144155810274
1935,142.372881355932,325.423728813559,1.46601457408661,2.01591452295821,-0.590051112486624,-1.42997514631051,1.08435111913664,1.79445257779577
1936,152.542372881356,325.423728813559,1.5683577119199,2.20269127843849,-0.516786207332553,-1.57326795800033,0.846846518599449,1.64418977701064
1937,162.71186440678,325.423728813559,1.62759218753258,2.32720959960944,-0.438132387758363,-1.68419580620578,0.600493524779476,1.45356912585713
1938,172.881355932203,325.423728813559,1.63671239151705,2.3824451325362,-0.357255265173019,-1.7582263594035,0.351779020530213,1.22655663687994
1939,183.050847457627,325.423728813559,1.59075954037318,2.36462870296237,-0.276364962937853,-1.79231148741642,0.107154434097667,0.968080538886009
1940,193.220338983051,325.423728813559,1.48714031620533,2.27344624528234,-0.193733813070549,-1.78502563008747,-0.127174548613975,0.683917408297782
1941,203.389830508475,325.423728813559,1.32583646864062,2.11207629854038,-0.104757817683053,-1.73662862368629,-0.345448054555955,0.380554998269433
1942,213.559322033898,325.423728813559,1.10949282216091,1.88715620240868,-0.00890759944879255,-1.64905010284472,-0.542535173471211,0.0650351530975232
1943,223.728813559322,325.423728813559,0.84337694956724,1.60863712501515,0.0865231114274238,-1.52579635566335,-0.714094111347879,-0.255219243011961
1944,233.898305084746,325.423728813559,0.535210013288446,1.28920635825321,0.172361433424422,-1.37178422347811,-0.856704102010877,-0.572588873898341
1945,244.067796610169,325.423728813559,0.194874636675288,0.943216292939245,0.245952445737603,-1.19311012496065,-0.96796483521883,-0.879449402257329
1946,254.237288135593,325.423728813559,-0.165988166697802,0.585747682724874,0.312683393719477,-0.996765378132346,-1.04656030101003,-1.16836470962176
1947,264.406779661017,325.423728813559,-0.534475314822993,0.232164105013917,0.379000838722228,-0.790311544114138,-1.09228518898295,-1.43227690399012
1948,274.576271186441,325.423728813559,-0.896988666895122,-0.102362105406833,0.444243571676449,-0.581531400111244,-1.10603327456984,-1.66468808104495
1949,284.745762711864,325.423728813559,-1.23984632781088,-0.403704208023602,0.501490383538908,-0.37807227577928,-1.08974852746487,-1.85982900731357
1950,294.915254237288,325.423728813559,-1.54990927136458,-0.659701308413034,0.545200415934543,-0.187098803094034,-1.04634094547843,-2.0128102069501
1951,305.084745762712,325.423728813559,-1.81519312089236,-0.860846446095454,0.574612264274835,-0.0149716209140867,-0.979570306999,-2.11975137043823
1952,315.254237288136,325.423728813559,-2.02543533612054,-1.00074473300509,0.59123236562142,0.133032732577954,-0.893902106735929,-2.17788555240475
1953,325.423728813559,325.423728813559,-2.17259141241423,-1.07639946713729,0.596294092685259,0.252947548810501,-0.794340856623217,-2.18563527274619
1954,335.593220338983,325.423728813559,-2.25124930697986,-1.08832736370573,0.590400288169067,0.342276785007705,-0.686246666372993,-2.14265836350745
1955,345.762711864407,325.423728813559,-2.25901243327675,-1.04048924916977,0.573964215465716,0.400083673307967,-0.575141542422042,-2.04986219420528
1956,355.93220338983,325.423728813559,-2.19701343021402,-0.940047760032787,0.5474825693851,0.427003296185152,-0.466512143487616,-1.90938573956404
1957,366.101694915254,325.423728813559,-2.07052099499389,-0.79709883966015,0.511606071215486,0.425179025024422,-0.365615797053747,-1.7245498036993
1958,376.271186440678,325.423728813559,-1.88837425419805,-0.625310829549983,0.467140169329576,0.39812641754044,-0.277296413341828,-1.49977656079308
1959,386.440677966102,325.423728813559,-1.65933313266762,-0.447125034180771,0.415030381740291,0.350531683889882,-0.205816539215917,-1.24048039139343
1960,396.610169491525,325.423728813559,-1.38812114560102,-0.309272312594271,0.356343603945262,0.287994989986892,-0.154711189295308,-0.952932763400289
1961,406.779661016949,325.423728813559,-1.07904420462333,-0.296583704595812,0.292247098263566,0.216731516346404,-0.126668297699277,-0.644104606558408
1962,416.949152542373,325.423728813559,-0.745245246516233,-0.484785105146218,0.223985669471793,0.143245203385867,-0.123439680057062,-0.32149023966466
1963,427.118644067797,325.423728813559,-0.409151834549697,-0.803858118770565,0.152857470577642,0.0739913923419795,-0.145785315691558,0.0070825861479551
1964,437.28813559322,325.423728813559,-0.0923455468887048,-0.992587776384072,0.0801889142315004,0.0150450535546778,-0.193452592314999,0.333651580811227
1965,447.457627118644,325.423728813559,0.190787310242484,-0.843587463086852,0.00730919328357525,-0.0282090415336925,-0.265190940980038,0.650322545410786
1966,457.627118644068,325.423728813559,0.430873332988821,-0.464838660792271,-0.064475068554072,-0.0513489841409209,-0.358801069538566,0.949470424646977
1967,467.796610169491,325.423728813559,0.620323865781732,-0.147139144483128,-0.133904509346029,-0.0511378867444766,-0.471216820447381,1.22393349506087
1968,477.966101694915,325.423728813559,0.752994854334492,-0.0511917479289303,-0.199790545196471,-0.025684726035563,-0.598616573798768,1.4671955719033
1969,488.135593220339,325.423728813559,0.825099151674219,-0.144792475342023,-0.261037210311462,0.0254638836266525,-0.736560126339625,1.67355142467947
1970,498.305084745763,325.423728813559,0.835832907013303,-0.33815207105385,-0.316660853804797,0.101305307587524,-0.880146135122795,1.83825102836706
1971,508.474576271186,325.423728813559,0.787556009980923,-0.572216493654328,-0.365807271455091,0.199436580562868,-1.02418454809831,1.95761883267268
1972,518.64406779661,325.423728813559,0.685707092236425,-0.819420660044723,-0.407765907543592,0.316181181480847,-1.1633779749143,2.02914489079521
1973,528.813559322034,325.423728813559,0.538543744428475,-1.06356332552702,-0.441980829242057,0.446780388997707,-1.29250569400091,2.05154543448116
1974,538.983050847458,325.423728813559,0.356738257590852,-1.29016784526235,-0.468058252161234,0.585639519451022,-1.40660395378065,2.02479129376595
1975,549.152542372881,325.423728813559,0.1528497169255,-1.48533841208364,-0.485770478665181,0.72661663548403,-1.50113640610281,1.95010341592033
1976,559.322033898305,325.423728813559,-0.0593027923236026,-1.6367949393797,-0.495056198174821,0.86333921326074,-1.57214890072439,1.82991561571964
1977,569.491525423729,325.423728813559,-0.265336204732789,-1.73466905156093,-0.496017188475694,0.989532872066483,-1.61640345564486,1.6678055645381
1978,579.661016949153,325.423728813559,-0.451035351512526,-1.7719716019289,-0.48891154643349,1.09934567005674,-1.63148697752369,1.46839587525791
1979,589.830508474576,325.423728813559,-0.603085192875854,-1.74492774011575,-0.474143662892807,1.18765168349559,-1.61589121163611,1.23722794053963
1980,600,325.423728813559,-0.709767478607447,-1.65318490654812,-0.452251237306512,1.25031860369922,-1.56906141941473,0.980611911871816
1981,0,335.593220338983,0.540405886218426,-0.565573089658092,-0.663706903227382,0.564821244252672,1.55579713249887,0.103539599359248
1982,10.1694915254237,335.593220338983,0.482900952723268,-0.648673898894327,-1.29549642531969,0.624458598771105,1.7290402760777,0.371888950308725
1983,20.3389830508475,335.593220338983,0.44223235215907,-0.690562358921065,-2.01164399977395,0.653623621408173,1.88071417072997,0.64041105066879
1984,30.5084745762712,335.593220338983,0.424211050694205,-0.68415053169986,-2.36682354472035,0.648987348267507,2.00560954548276,0.90249689513525
1985,40.6779661016949,335.593220338983,0.433145342399577,-0.625102717312184,-2.09981678221313,0.608694817032984,2.09929251026352,1.15154959641046
1986,50.8474576271186,335.593220338983,0.47155920256429,-0.512119027910279,-1.45953706008617,0.532466901660586,2.15825220198889,1.38115480391305
1987,61.0169491525424,335.593220338983,0.540001361315632,-0.347050497328937,-0.89372625332934,0.421630012082769,2.18001679994217,1.58524917019477
1988,71.1864406779661,335.593220338983,0.63695677332257,-0.13483876946688,-0.598293965589405,0.279072005507512,2.16323411448608,1.7582823806649
1989,81.3559322033898,335.593220338983,0.758867086276587,0.116716906622832,-0.503008915344097,0.109126153173413,2.10771418631783,1.89536837645363
1990,91.5254237288135,335.593220338983,0.900261217942934,0.397353095522583,-0.489051143964696,-0.0826115802266225,2.01443264781852,1.99242163326338
1991,101.694915254237,335.593220338983,1.05399151246935,0.694874837898074,-0.493985024573422,-0.289523522176879,1.88549494795111,2.04627470581883
1992,111.864406779661,335.593220338983,1.21156544620782,0.995798647854777,-0.498877141468887,-0.504258356400683,1.72406288100829,2.05477369984911
1993,122.033898305085,335.593220338983,1.36355777338628,1.28607077897774,-0.499869006593073,-0.719052848202001,1.53424614132475,2.01684888028517
1994,132.203389830508,335.593220338983,1.50008360702875,1.55182145855762,-0.496230611456111,-0.926072224569231,1.32096280707515,1.93255825172888
1995,142.372881355932,335.593220338983,1.61130945403297,1.78011371474621,-0.487645162661815,-1.11775333067898,1.08977369642101,1.80310263912505
1996,152.542372881356,335.593220338983,1.68797685551881,1.95964562073997,-0.473861164851378,-1.28713457180819,0.846696403552658,1.63081153492396
1997,162.71186440678,335.593220338983,1.72191216128967,2.08136722090046,-0.454737691942292,-1.42815730125602,0.598005481856947,1.41909974441563
1998,172.881355932203,335.593220338983,1.70649616630078,2.13897784456544,-0.430278040667542,-1.53592469878012,0.350025674992702,1.17239563300017
1999,183.050847457627,335.593220338983,1.63706886754141,2.12927558210883,-0.400409910383498,-1.6069062329902,0.108925290452699,0.896042537223701
2000,193.220338983051,335.593220338983,1.51124740481305,2.05233896505652,-0.364593346768539,-1.63907841575219,-0.119483241049027,0.596175624951663
2001,203.389830508475,335.593220338983,1.32913920657549,1.91153394986991,-0.322001400731584,-1.63199561031584,-0.329928870108052,0.279577159330729
2002,213.559322033898,335.593220338983,1.09343729063094,1.7133539554687,-0.272534376342856,-1.58678799986016,-0.517847270231772,-0.0464862822305423
2003,223.728813559322,335.593220338983,0.809390335813001,1.46709766879743,-0.217374507640352,-1.5060872977912,-0.679520524010785,-0.374440575570325
2004,233.898305084746,335.593220338983,0.484646271586343,1.18437222007775,-0.158156318409042,-1.39388421768098,-0.812186580079296,-0.69659034167098
2005,244.067796610169,335.593220338983,0.128974426942021,0.878440394925592,-0.0957783573534801,-1.25532495351009,-0.914114977417853,-1.00531001253431
2006,254.237288135593,335.593220338983,-0.246122574808594,0.563498939198461,-0.0301843714612483,-1.09645679426633,-0.984646517687821,-1.2932347562308
2007,264.406779661017,335.593220338983,-0.627890302652609,0.253955007219404,0.0386464545834918,-0.92393537298283,-1.02419582270828,-1.55344631118179
2008,274.576271186441,335.593220338983,-1.00287557743045,-0.0363089173528007,0.109544908247167,-0.744707815303601,-1.03421699912117,-1.77964887574039
2009,284.745762711864,335.593220338983,-1.35752536803428,-0.29467558605103,0.180296130770897,-0.565687122777607,-1.01713390123935,-1.96633042465239
2010,294.915254237288,335.593220338983,-1.67880308021689,-0.510474302712245,0.248765350296524,-0.393433451281572,-0.976237692348006,-2.10890517386296
2011,305.084745762712,335.593220338983,-1.95479249211666,-0.67554329890374,0.313421970774792,-0.233857511470821,-0.915555512963796,-2.20383338086301
2012,315.254237288136,335.593220338983,-2.17526034552955,-0.78464600138844,0.37302130044991,-0.0919601490350519,-0.839695034115856,-2.248715237637
2013,325.423728813559,335.593220338983,-2.33215779435004,-0.8357259444125,0.426285566231289,0.0283796834275792,-0.753670471980308,-2.24235627269882
2014,335.593220338983,335.593220338983,-2.42010278615379,-0.829988018015996,0.471899677464637,0.124558782329103,-0.662716240672804,-2.18480241059929
2015,345.762711864407,335.593220338983,-2.43715781762096,-0.771802518759237,0.508621548622079,0.195338492812963,-0.572094803175122,-2.07734362251864
2016,355.93220338983,335.593220338983,-2.38672579899332,-0.668461220585593,0.5353667470171,0.240864787937337,-0.486905434366014,-1.9224859194348
2017,366.101694915254,335.593220338983,-2.28041794234959,-0.530055090858858,0.551260688936788,0.262619347876968,-0.411900531064594,-1.72389226820162
2018,376.271186440678,335.593220338983,-2.13591698084432,-0.371230384004993,0.555675647131466,0.263304744265855,-0.351315796082783,-1.48629382858676
2019,386.440677966102,335.593220338983,-1.96077852100491,-0.221750855366723,0.548258881971567,0.24667005376377,-0.308720098619675,-1.21537369399362
2020,396.610169491525,335.593220338983,-1.73525257818776,-0.156787309929911,0.528952265445928,0.21728612137244,-0.286890091439944,-0.917626049091966
2021,406.779661016949,335.593220338983,-1.4313304545849,-0.324000766471636,0.498002674042216,0.18028212704571,-0.287713772391961,-0.600194314125524
2022,416.949152542373,335.593220338983,-1.05875457802753,-0.854436435165653,0.455962579525262,0.141056960690276,-0.312126145928849,-0.270692410366031
2023,427.118644067797,335.593220338983,-0.669599720993749,-1.60306757085213,0.403680615634521,0.104980091301288,-0.360079006002888,0.0629862614552322
2024,437.28813559322,335.593220338983,-0.312934306554202,-2.06286861928563,0.342282275847144,0.077097069225634,-0.430545664935791,0.392867200562852
2025,447.457627118644,335.593220338983,-0.00733085134670211,-1.83182131170476,0.273141272868665,0.0618545055736593,-0.521560235465933,0.711095406399685
2026,457.627118644068,335.593220338983,0.246437842130933,-1.11114232759382,0.197842448317989,0.062858345447441,-0.630289877434291,1.0101329904877
2027,467.796610169491,335.593220338983,0.448027043105628,-0.453180557904837,0.118137446879462,0.0826775436186587,-0.753137287773887,1.28294865639762
2028,477.966101694915,335.593220338983,0.594177221793369,-0.166544156340347,0.03589464969714,0.122702947575574,-0.885869681452995,1.52319410683
2029,488.135593220339,335.593220338983,0.681755170250673,-0.197423827570836,-0.0469549146661851,0.183068407598059,-1.02376961685651,1.72536277107642
2030,498.305084745763,335.593220338983,0.709972263773116,-0.385849707565583,-0.128473805890958,0.262638004372077,-1.16180229187292,1.8849267036446
2031,508.474576271186,335.593220338983,0.68106478571557,-0.630469709757807,-0.206774593303966,0.359059966062624,-1.29479340080493,1.99844807372197
2032,518.64406779661,335.593220338983,0.600303911778385,-0.88885807976927,-0.280074493040246,0.46888450238686,-1.41761131447738,2.06366233050838
2033,528.813559322034,335.593220338983,0.475749814710255,-1.14119995829067,-0.34674631830135,0.58773957793161,-1.52534723657333,2.07953087371312
2034,538.983050847458,335.593220338983,0.317851045094854,-1.37295766374525,-0.405363981107619,0.710555738740478,-1.61348710063945,2.04626186195016
2035,549.152542372881,335.593220338983,0.138919287114994,-1.57115746494884,-0.45474099305438,0.831828638454275,-1.67806929904196,1.96529863299225
2036,559.322033898305,335.593220338983,-0.0474950087257309,-1.72446920529918,-0.493960681295386,0.945906004802893,-1.71582286465314,1.83927606639656
2037,569.491525423729,335.593220338983,-0.227296414403401,-1.82378121852554,-0.522397153424611,1.0472845382118,-1.72428143848263,1.67194606795697
2038,579.661016949153,335.593220338983,-0.386574310453725,-1.86269759044383,-0.539726398275922,1.13090170369631,-1.70186922588695,1.46807417398412
2039,589.830508474576,335.593220338983,-0.512333058970106,-1.83789497783493,-0.545927284639958,1.19240759182347,-1.64795613916159,1.23331003954265
2040,600,335.593220338983,-0.593186483268726,-1.7493173121494,-0.54127260139448,1.22840297451183,-1.56288040984262,0.974035267828753
2041,0,345.762711864407,0.710002021883201,-0.590074933583503,-0.669086317659798,0.817648187347855,1.72891686350937,0.269058899537884
2042,10.1694915254237,345.762711864407,0.670401129497908,-0.682489362005431,-1.57709134147124,0.905298563406798,1.89135293631913,0.540311501595522
2043,20.3389830508475,345.762711864407,0.64310754558903,-0.734713751023024,-2.62362948036863,0.960058247243844,2.02864036341156,0.807685202147617
2044,30.5084745762712,345.762711864407,0.633709793236626,-0.740514338582,-3.12115187160564,0.978590215167131,2.13619850422829,1.06467374260245
2045,40.6779661016949,345.762711864407,0.646462414039602,-0.696239537164601,-2.66665610475495,0.958980700701826,2.21029817933106,1.30488364238673
2046,50.8474576271186,345.762711864407,0.68399917867052,-0.601045537493256,-1.64587763000781,0.900833084909168,2.24818590661399,1.52219763834759
2047,61.0169491525424,345.762711864407,0.747130421959579,-0.456967632666995,-0.751822831548805,0.805295497913224,2.2481749336868,1.71093371312065
2048,71.1864406779661,345.762711864407,0.834736959620289,-0.268833071313092,-0.28778257943801,0.67502066234207,2.20970007659506,1.86599551965983
2049,81.3559322033898,345.762711864407,0.94376820292609,-0.0440199473513401,-0.145195375693305,0.514059657963831,2.1333346332827,1.98301018080552
2050,91.5254237288135,345.762711864407,1.06934677133846,0.207924906236548,-0.140102656952404,0.327694359658302,2.02076895285813,2.05844972282153
2051,101.694915254237,345.762711864407,1.2049763786072,0.475788296495288,-0.175499947121471,0.122216151244668,1.87475156317385,2.08973278397378
2052,111.864406779661,345.762711864407,1.3428443170009,0.747285974186671,-0.22142427421811,-0.0953389905406294,1.69899504373082,2.07530371437441
2053,122.033898305085,345.762711864407,1.47420476905473,1.00971838418638,-0.271005788624039,-0.317486933362779,1.49805003419956,2.01468673980434
2054,132.203389830508,345.762711864407,1.58982470425666,1.25065103355308,-0.322012065956429,-0.536609798554385,1.27715184963117,1.90851348609787
2055,142.372881355932,345.762711864407,1.68047050899319,1.45858226116417,-0.372665668700261,-0.745273994000055,1.04204509484929,1.75852283602448
2056,152.542372881356,345.762711864407,1.73741095062338,1.62356184745056,-0.421097205323325,-0.936537402622988,0.798792401377838,1.56753280000854
2057,162.71186440678,345.762711864407,1.75291073805977,1.73772656323927,-0.465364313364155,-1.10423182284524,0.553573926110995,1.33938480698787
2058,172.881355932203,345.762711864407,1.72068889934485,1.79572327140756,-0.503527203054888,-1.24320797774946,0.312484534865796,1.07886154314074
2059,183.050847457627,345.762711864407,1.63631747412979,1.79499630906156,-0.533704910762846,-1.3495322263663,0.0813356371771518,0.791580164947322
2060,193.220338983051,345.762711864407,1.4975385714409,1.73592331540032,-0.554114020211208,-1.42062643530918,-0.134531559216249,0.483863370371921
2061,203.389830508475,345.762711864407,1.30448156081717,1.62179222169628,-0.563162479088422,-1.45534518931546,-0.330415036845059,0.162591410077192
2062,213.559322033898,345.762711864407,1.05976687709735,1.4586211547702,-0.559622011420177,-1.45398750371404,-0.502397510881722,-0.164961356836288
2063,223.728813559322,345.762711864407,0.768488402076802,1.25483082787737,-0.542744293418644,-1.41824330652955,-0.64746367837801,-0.491301325501014
2064,233.898305084746,345.762711864407,0.438072373821959,1.02078539709783,-0.512223941179262,-1.35107803345452,-0.763585333019221,-0.808897558923293
2065,244.067796610169,345.762711864407,0.0780169710467006,0.768226378571978,-0.468110713494355,-1.25656157761205,-0.849771637771901,-1.11036616652479
2066,254.237288135593,345.762711864407,-0.300477184822333,0.509633983981919,-0.410804414603052,-1.13965041911185,-0.906083069659138,-1.38865246128578
2067,264.406779661017,345.762711864407,-0.684969683240486,0.257552678070384,-0.341155083780566,-1.0059339036833,-0.933608818095835,-1.63720623090292
2068,274.576271186441,345.762711864407,-1.06231522781567,0.0239147439134523,-0.260562523581776,-0.861357243496634,-0.934408686579864,-1.85014560234989
2069,284.745762711864,345.762711864407,-1.41924587088485,-0.180603260212464,-0.170931158590889,-0.711934801434825,-0.911421773042133,-2.02240524253662
2070,294.915254237288,345.762711864407,-1.74297283718459,-0.347154272719952,-0.0745141822427284,-0.563467547363531,-0.868345344471514,-2.14986501427104
2071,305.084745762712,345.762711864407,-2.02177883178005,-0.469191790136518,0.0261998741208947,-0.421278228350285,-0.809488337357385,-2.22945568725245
2072,315.254237288136,345.762711864407,-2.24557383810638,-0.542812603875022,0.12853534036103,-0.289976794040463,-0.739604772337532,-2.2592388763521
2073,325.423728813559,345.762711864407,-2.40641463760079,-0.566952900283107,0.22968518111581,-0.173267014971093,-0.663713040187603,-2.23845902942622
2074,335.593220338983,345.762711864407,-2.4991910218851,-0.543427169971851,0.326797745516826,-0.0738031061276563,-0.586907474591938,-2.16756599766806
2075,345.762711864407,345.762711864407,-2.52359613925465,-0.476809896183982,0.41707619504914,0.00689737365167533,-0.514168860060347,-2.04820747462968
2076,355.93220338983,345.762711864407,-2.49021148464296,-0.374199730002054,0.497876961600669,0.0684809079287304,-0.450180523869079,-1.883191365889
2077,366.101694915254,345.762711864407,-2.43023200639379,-0.245229522063694,0.566802152958485,0.111725238955458,-0.399156430086772,-1.67641892954351
2078,376.271186440678,345.762711864407,-2.3885404080556,-0.104714977412046,0.621782976576162,0.138448945393594,-0.364687240717628,-1.43279028774565
2079,386.440677966102,345.762711864407,-2.36936189091559,0.0125967788827945,0.661151615121686,0.151368757547628,-0.349609650562039,-1.1580846311981
2080,396.610169491525,345.762711864407,-2.27889657685424,0.0102586526415064,0.683699167040833,0.153912549437338,-0.355903462436868,-0.858818102656572
2081,406.779661016949,345.762711864407,-1.99123097363151,-0.307279569654163,0.68871758474694,0.149998103812166,-0.384619877999163,-0.542082934237
2082,416.949152542373,345.762711864407,-1.50601786722574,-1.11316255764568,0.676024071203218,0.143789391703237,-0.435843371797925,-0.215371910807827
2083,427.118644067797,345.762711864407,-0.965607068682588,-2.20361282116416,0.645967053004325,0.139443162802607,-0.508688331444134,0.113607375566077
2084,437.28813559322,345.762711864407,-0.502716594708896,-2.88070870092904,0.599413559146321,0.140859056492018,-0.601330426552075,0.437123738074564
2085,447.457627118644,345.762711864407,-0.148701531315794,-2.59134562267434,0.537718547161665,0.151446196938966,-0.711071456025149,0.747614178741213
2086,457.627118644068,345.762711864407,0.121805872029095,-1.60882365969193,0.462677401638758,0.173918343029092,-0.834435259553515,1.03787132154163
2087,467.796610169491,345.762711864407,0.330549329616022,-0.688152763272232,0.376463468483616,0.210128170468583,-0.967291205164286,1.30122167667803
2088,477.966101694915,345.762711864407,0.483180299876055,-0.252535457924148,0.281553054169928,0.260949244134122,-1.10500081731519,1.53169014756185
2089,488.135593220339,345.762711864407,0.578764692466432,-0.231067897564072,0.1806407813919,0.326211794445435,-1.24258232176488,1.72414654303937
2090,498.305084745763,345.762711864407,0.616834133384549,-0.408982841325361,0.0765485347198202,0.404695663810422,-1.37488728101155,1.87443032050201
2091,508.474576271186,345.762711864407,0.599580673578516,-0.652560817901062,-0.0278685569623028,0.494180874540185,-1.49678309759126,1.97945034880987
2092,518.64406779661,345.762711864407,0.532150791270404,-0.909227592308711,-0.129815578698922,0.59155333271316,-1.60333498482399,2.03725712877441
2093,528.813559322034,345.762711864407,0.422437442302694,-1.15777366561106,-0.226647270827284,0.692960369011831,-1.68998105085728,2.04708562631736
2094,538.983050847458,345.762711864407,0.280686871256662,-1.3844360188636,-0.315950197940212,0.794008267202024,-1.75269440941963,2.00936764049492
2095,549.152542372881,345.762711864407,0.118978601521121,-1.57740135479933,-0.395614719530218,0.889991770371035,-1.78812670918985,1.92571342511679
2096,559.322033898305,345.762711864407,-0.0493936378791961,-1.72648095431667,-0.463894279080548,0.976143891820488,-1.79372814543553,1.79886308762714
2097,569.491525423729,345.762711864407,-0.210610378727214,-1.8235667400087,-0.519450065119158,1.04789327470867,-1.76783985823538,1.63260908089908
2098,579.661016949153,345.762711864407,-0.351050975233231,-1.8630674592641,-0.561379705802511,1.10111589670504,-1.70975560105787,1.43169186157034
2099,589.830508474576,345.762711864407,-0.458018731764264,-1.84221658177342,-0.589229312387933,1.13236812637799,-1.61975064690022,1.20167149232075
2100,600,345.762711864407,-0.520430544366954,-1.76122874843719,-0.602988859214966,1.13908899771329,-1.4990770483074,0.948778596270143
2101,0,355.93220338983,0.804804362457907,-0.587321972810264,-0.497486922589375,1.06337187689433,1.82654281555467,0.446156566432771
2102,10.1694915254237,355.93220338983,0.776968719766527,-0.686198774239369,-1.46237207835261,1.17727467563599,1.97630331139297,0.712607468500968
2103,20.3389830508475,355.93220338983,0.757608000026014,-0.747717518802549,-2.58674293771167,1.25658286087106,2.09772151469634,0.970897895889491
2104,30.5084745762712,355.93220338983,0.752129328225272,-0.766740245732364,-3.10787132381179,1.29804712421733,2.18689558228037,1.2148285661226
2105,40.6779661016949,355.93220338983,0.764774345360545,-0.740426543266089,-2.57896418685669,1.29975699080907,2.24084706001639,1.4384170114726
2106,50.8474576271186,355.93220338983,0.798327493361682,-0.668392875522748,-1.4291969686306,1.26122412090384,2.25762020527876,1.6360485585439
2107,61.0169491525424,355.93220338983,0.853901437616037,-0.552738558846619,-0.428869108961066,1.18340677293687,2.23634667436437,1.8026204333438
2108,71.1864406779661,355.93220338983,0.930812843859813,-0.39793705856406,0.0848369702706126,1.06867418573193,2.17727343531147,1.93367523828364
2109,81.3559322033898,355.93220338983,1.02655714242098,-0.210598615771638,0.23245883072416,0.920712360551487,2.08175304368981,2.0255202742708
2110,91.5254237288135,355.93220338983,1.13688579842437,0.000882777639234163,0.218521273485598,0.744375380872056,1.95219672250874,2.07532950175451
2111,101.694915254237,355.93220338983,1.25598422134473,0.226778741688253,0.151193610476447,0.545488873625367,1.79199197203247,2.08122534188938
2112,111.864406779661,355.93220338983,1.37674306859878,0.456547655375339,0.0644006103849352,0.330614373670632,1.60538765641452,2.04233800314651
2113,122.033898305085,355.93220338983,1.49111060657367,0.679399137908532,-0.0333744126572294,0.1067851016686,1.3973506294028,1.95884056787645
2114,132.203389830508,355.93220338983,1.59050925845497,0.884871072188379,-0.138610779210609,-0.118775077887325,1.1733989324518,1.83195867383463
2115,142.372881355932,355.93220338983,1.6662957361928,1.06338771973916,-0.248132069477043,-0.338937045630141,0.939417392053396,1.6639542623603
2116,152.542372881356,355.93220338983,1.71024143059826,1.2067685358327,-0.358529172255853,-0.546943567128669,0.701462031877456,1.45808352150557
2117,162.71186440678,355.93220338983,1.71500817632302,1.30866001324794,-0.466212824676629,-0.736666051373918,0.465560079503479,1.21852981202262
2118,172.881355932203,355.93220338983,1.674594216769,1.36486711362788,-0.567537233372256,-0.902829823363691,0.237512475100814,0.950313009582048
2119,183.050847457627,355.93220338983,1.58472620334592,1.37356635476664,-0.658931125263875,-1.04119834690389,0.0227056766189251,0.659177310986318
2120,193.220338983051,355.93220338983,1.44317534292606,1.33538911163814,-0.737027786727833,-1.14870881258425,-0.174060792501086,0.35146011919789
2121,203.389830508475,355.93220338983,1.24997925997705,1.2533708127331,-0.79879432132083,-1.223553827119,-0.348725178574493,0.0339451265702246
2122,213.559322033898,355.93220338983,1.00755560706848,1.13276907404267,-0.841657172812878,-1.26520649197774,-0.49808761525565,-0.286296855888995
2123,223.728813559322,355.93220338983,0.72069872618666,0.980760952109953,-0.86361022288208,-1.27438881885832,-0.619903371596167,-0.602075434830433
2124,233.898305084746,355.93220338983,0.396456476230181,0.806036034842025,-0.863296253345267,-1.25298606967602,-0.712942168810269,-0.906252404915649
2125,244.067796610169,355.93220338983,0.0438904101832266,0.61830785247252,-0.840066603715985,-1.2039121033376,-0.777011697018804,-1.19191348300769
2126,254.237288135593,355.93220338983,-0.326271497584039,0.42777073808196,-0.794014878811587,-1.13093304206934,-0.812944717374341,-1.45253570618309
2127,264.406779661017,355.93220338983,-0.702074715951873,0.244532173364055,-0.725961748614319,-1.03845843107572,-0.822550406321021,-1.68214627413815
2128,274.576271186441,355.93220338983,-1.07085075219866,0.0780517545127255,-0.637401545289961,-0.93131046965653,-0.80853184296385,-1.87546880622773
2129,284.745762711864,355.93220338983,-1.41977853260835,-0.0633824155995801,-0.530487758642483,-0.814482774850446,-0.774372714329968,-2.02805327792034
2130,294.915254237288,355.93220338983,-1.73646769330386,-0.173110988813131,-0.408066667195868,-0.692900460932546,-0.724197375990075,-2.13638629390884
2131,305.084745762712,355.93220338983,-2.00953557064982,-0.246469020526482,-0.273616782300825,-0.571193067728456,-0.662609320348024,-2.19797883590125
2132,315.254237288136,355.93220338983,-2.22915471925736,-0.28103985309486,-0.131042203090954,-0.453491063602436,-0.594513840433598,-2.21142918027671
2133,325.423728813559,355.93220338983,-2.38761195910919,-0.276783235815348,0.0155305274403964,-0.343255327997477,-0.524931208119895,-2.17645930030015
2134,335.593220338983,355.93220338983,-2.48041017899458,-0.236030664168454,0.161867936362903,-0.243147251241649,-0.458806994404047,-2.09392373370265
2135,345.762711864407,355.93220338983,-2.51066846898338,-0.163350204064344,0.303727090002419,-0.154944965136372,-0.400826235615866,-1.96579059209783
2136,355.93220338983,355.93220338983,-2.50374677124378,-0.0653207658816739,0.436985789609136,-0.0795088428170585,-0.355237991169303,-1.79509509599602
2137,366.101694915254,355.93220338983,-2.53095101539838,0.0494276539527017,0.557786902917446,-0.0167968985653399,-0.325696451948915,-1.58586671977331
2138,376.271186440678,355.93220338983,-2.69283094833974,0.167559028940252,0.66267221200402,0.0340717982652936,-0.31512415777922,-1.34303170660994
2139,386.440677966102,355.93220338983,-2.98701641372383,0.256470429289786,0.748697868169378,0.0747099822322964,-0.32560208924446,-1.07229334645098
2140,396.610169491525,355.93220338983,-3.16886481022933,0.223172648027401,0.813529434389388,0.107317778633915,-0.358290441656903,-0.779992983813898
2141,406.779661016949,355.93220338983,-2.91295501854522,-0.122551376128629,0.855514316690989,0.134509301707438,-0.413382801119071,-0.472955221600752
2142,416.949152542373,355.93220338983,-2.19853692103185,-0.948886605352097,0.873729308149718,0.159119947936273,-0.490095262754562,-0.158321198677774
2143,427.118644067797,355.93220338983,-1.35225226384875,-2.05383050088845,0.86800173324453,0.184004972399694,-0.586690800768354,0.156625868180711
2144,437.28813559322,355.93220338983,-0.677566921498104,-2.75013667587692,0.838903815794371,0.211840301252646,-0.700537962168488,0.464638481825251
2145,447.457627118644,355.93220338983,-0.231998347501124,-2.49308076114341,0.787720894298941,0.24493634323968,-0.828201754007561,0.758681513010655
2146,457.627118644068,355.93220338983,0.0630905062215355,-1.5500833310219,0.716394916609808,0.28507482880562,-0.965563469787059,1.03210323388573
2147,467.796610169491,355.93220338983,0.274487935575074,-0.662148610760427,0.627445586256579,0.333377464932899,-1.10796519328399,1.27879640986449
2148,477.966101694915,355.93220338983,0.426052604546192,-0.24473801789264,0.523872508113913,0.390213510361778,-1.25037386239636,1.49334537398238
2149,488.135593220339,355.93220338983,0.521407908625049,-0.228342866498788,0.409042382323215,0.455151334239892,-1.38755910115612,1.67115536475331
2150,498.305084745763,355.93220338983,0.560849865163132,-0.402517501450455,0.286565751625954,0.526956724063961,-1.5142785579108,1.80856086238409
2151,508.474576271186,355.93220338983,0.546628575183483,-0.636762623718794,0.160168126883825,0.603638271176724,-1.62546423771287,1.90291019734779
2152,518.64406779661,355.93220338983,0.483818858109915,-0.880554939539198,0.0335604679420456,0.682537706141759,-1.71640329532817,1.9526243158638
2153,528.813559322034,355.93220338983,0.38018674591929,-1.11437830005939,-0.0896860589694889,0.76046070501553,-1.78290696212888,1.9572282529628
2154,538.983050847458,355.93220338983,0.245808411018513,-1.3261454305526,-0.206256385507604,0.833841558690873,-1.82146170763608,1.91735456820698
2155,549.152542372881,355.93220338983,0.0925578511738014,-1.50569890902485,-0.313194689126952,0.898933297957195,-1.82935736909174,1.83471872341918
2156,559.322033898305,355.93220338983,-0.0665041819434424,-1.64439082884546,-0.407990773377468,0.952013487336345,-1.80478779751495,1.7120671070101
2157,569.491525423729,355.93220338983,-0.217810350194882,-1.73543960284167,-0.488646812778465,0.989595011030284,-1.74692053725648,1.55309911667691
2158,579.661016949153,355.93220338983,-0.348003066506421,-1.77428027799705,-0.55372244258533,1.00863082021312,-1.65593314384686,1.3623653828097
2159,589.830508474576,355.93220338983,-0.444651819704994,-1.75880441695194,-0.60235709036728,1.00670181173109,-1.53301491359502,1.14514483124735
2160,600,355.93220338983,-0.496935578256306,-1.68947029333363,-0.63426939262683,0.982177755933743,-1.38033400687168,0.907303829830603
2161,0,366.101694915254,0.822455367144203,-0.558009917194961,-0.097459624205238,1.28998255613316,1.84879204407121,0.628885989031922
2162,10.1694915254237,366.101694915254,0.799994400285084,-0.65984274841416,-0.817481307850655,1.4260912354684,1.98400449309067,0.883181054271528
2163,20.3389830508475,366.101694915254,0.782917391520558,-0.728849885802705,-1.67169679171814,1.52671663367871,2.08812957459003,1.12495876281708
2164,30.5084745762712,366.101694915254,0.776494975475357,-0.761209926618611,-2.05311141055926,1.58880841905105,2.15798286900439,1.34851580627754
2165,40.6779661016949,366.101694915254,0.784999230336385,-0.75500924706648,-1.60660038831685,1.61053830956086,2.19136982052235,1.54846921370043
2166,50.8474576271186,366.101694915254,0.811407211402357,-0.710328120270261,-0.675671847980626,1.59137016284035,2.18715910088615,1.7198899537828
2167,61.0169491525424,366.101694915254,0.857174297901356,-0.629220517192834,0.124300503821393,1.53208010922386,2.14532007080271,1.85842728753357
2168,71.1864406779661,366.101694915254,0.922091305806768,-0.515589169520949,0.523835679025343,1.43472575350857,2.0669230781294,1.96042068559997
2169,81.3559322033898,366.101694915254,1.00423501522991,-0.374963116493634,0.619001539593959,1.30256570187949,1.95410262171176,2.02299640174233
2170,91.5254237288135,366.101694915254,1.10001687199204,-0.2141901955274,0.573250584250556,1.13993284685044,1.80998469720366,2.04414614744951
2171,101.694915254237,366.101694915254,1.20432940007161,-0.041061486202787,0.473537089983506,0.95206686376315,1.63858088153127,2.02278573412589
2172,111.864406779661,366.101694915254,1.31078457650431,0.136111666545596,0.347946624446613,0.744913143384377,1.44465286269226,1.95879202852696
2173,122.033898305085,366.101694915254,1.41203335155168,0.308944935558136,0.204608523439931,0.524896824279655,1.2335521413201,1.85301709248086
2174,132.203389830508,366.101694915254,1.50015091547342,0.46942825811572,0.0479976845791206,0.2986816294909,1.01104048447992,1.70727893643082
2175,142.372881355932,366.101694915254,1.56706846807907,0.61034879944318,-0.117429163969716,0.0729238070770891,0.7830973709002,1.52432889403549
2176,152.542372881356,366.101694915254,1.60502935227912,0.725666798885211,-0.286831416915013,-0.145968403077162,0.555721107523227,1.30779620743001
2177,162.71186440678,366.101694915254,1.60704563524673,0.810824114168589,-0.455092306363904,-0.352059707095774,0.334730504746645,1.06211098500658
2178,172.881355932203,366.101694915254,1.56733067164705,0.862969019337635,-0.616988858571736,-0.540087841397512,0.125573965045725,0.792407241087808
2179,183.050847457627,366.101694915254,1.48168391127032,0.881085437271766,-0.767372133876918,-0.705630773522549,-0.066847431786731,0.50440823553163
2180,193.220338983051,366.101694915254,1.34780620104235,0.866020045075709,-0.901348036571557,-0.84523457538448,-0.238336764036678,0.204296787907737
2181,203.389830508475,366.101694915254,1.1655269956864,0.820406293266485,-1.01445208520833,-0.956497391539527,-0.385532653171098,-0.101426366557669
2182,213.559322033898,366.101694915254,0.936929086811295,0.748490021883138,-1.10281271652741,-1.03810698303768,-0.506010725787142,-0.406092793978651
2183,223.728813559322,366.101694915254,0.666361485770345,0.655866729419794,-1.16330273274231,-1.0898314783185,-0.598351732330295,-0.703021531414059
2184,233.898305084746,366.101694915254,0.360336704143575,0.549145362159476,-1.19369103696349,-1.1124651041437,-0.662174073081618,-0.985675443265817
2185,244.067796610169,366.101694915254,0.0273145861517494,0.435557487193859,-1.19279645756338,-1.10773270040254,-0.698129729299841,-1.24781494700198
2186,254.237288135593,366.101694915254,-0.322619241083797,0.322533674840914,-1.1605291290544,-1.07815864731317,-0.70786387796787,-1.48364533479057
2187,264.406779661017,366.101694915254,-0.678166626149152,0.217270673009573,-1.09759280568774,-1.02690736702739,-0.693939737589811,-1.68795405683902
2188,274.576271186441,366.101694915254,-1.02730317870178,0.126313416260375,-1.00503225473049,-0.957603733365997,-0.659731405615964,-1.85623456359861
2189,284.745762711864,366.101694915254,-1.35781475767141,0.0551750670715565,-0.884474195927613,-0.874142480643203,-0.609288563034841,-1.98479362213778
2190,294.915254237288,366.101694915254,-1.65785831013281,0.00801617868950036,-0.739115630309619,-0.780496012873383,-0.547177899627584,-2.07083941928036
2191,305.084745762712,366.101694915254,-1.91651994773473,-0.0125991964851487,-0.573948046474667,-0.680529867486791,-0.47830692031674,-2.11254823084627
2192,315.254237288136,366.101694915254,-2.12435195718453,-0.00585686920905745,-0.394670449765881,-0.577834494636127,-0.407736400949296,-2.109107960989
2193,325.423728813559,366.101694915254,-2.27398173603316,0.0272532570120695,-0.20676383224688,-0.475581007450749,-0.340488149701549,-2.06073742512408
2194,335.593220338983,366.101694915254,-2.3617422583079,0.0839851834653038,-0.0155237726449782,-0.376407193257786,-0.281354884755606,-1.96868084999638
2195,345.762711864407,366.101694915254,-2.3951672720452,0.159983114285185,0.173678387621944,-0.282338421114056,-0.234718954813377,-1.83517767990409
2196,355.93220338983,366.101694915254,-2.41849681915964,0.249495192295519,0.355450917040824,-0.194746220964482,-0.204386309561232,-1.66340839338122
2197,366.101694915254,366.101694915254,-2.55419598536566,0.345400269034995,0.524618827230196,-0.11434533790142,-0.193441583773873,-1.45741763407491
2198,376.271186440678,366.101694915254,-2.97379247140571,0.437387620966986,0.676446222636854,-0.0412280798292753,-0.204129410561262,-1.22201652781534
2199,386.440677966102,366.101694915254,-3.66654407799568,0.501731231333795,0.806806250587587,0.0250671230732584,-0.23776615266594,-0.962666580382941
2200,396.610169491525,366.101694915254,-4.19560803383947,0.472317720156915,0.912313595392554,0.0854577494994507,-0.294685168268991,-0.685348013766182
2201,406.779661016949,366.101694915254,-3.98133837419417,0.214682955862183,0.990426255986899,0.141196068328644,-0.374217547088176,-0.396415790783643
2202,416.949152542373,366.101694915254,-2.97699066032857,-0.389822076177652,1.03951445925604,0.193732252093307,-0.474709005027679,-0.1024468886148
2203,427.118644067797,366.101694915254,-1.74405293839063,-1.19837601351207,1.05889426009354,0.244569838107038,-0.59357235494268,0.189917397097063
2204,437.28813559322,366.101694915254,-0.803567340844582,-1.72551206931508,1.04882763342659,0.295121962736032,-0.727373721663604,0.474130210202812
2205,447.457627118644,366.101694915254,-0.246366482833039,-1.58606803298885,1.01049151358713,0.346576667265756,-0.871949484954174,0.743895019837503
2206,457.627118644068,366.101694915254,0.0741039291222776,-0.967680851532482,0.945915237583304,0.399779018126199,-1.02254985591848,0.993314772684254
2207,467.796610169491,366.101694915254,0.282077039105306,-0.391947367239551,0.85788720348492,0.455136829589327,-1.17400405814049,1.21703062128176
2208,477.966101694915,366.101694915254,0.424664222242891,-0.150632662582138,0.749835893024857,0.512555472980795,-1.32090132709064,1.41034680272393
2209,488.135593220339,366.101694915254,0.511354098593345,-0.193236463645658,0.625691608450781,0.571405669857621,-1.45778138642989,1.56933859409423
2210,498.305084745763,366.101694915254,0.543480271137903,-0.36978871127903,0.489734527102362,0.630526378429517,-1.57932772703599,1.69094070128539
2211,508.474576271186,366.101694915254,0.523435677066847,-0.58675462659921,0.346434768963578,0.688262983691081,-1.68055691534482,1.77301393553875
2212,518.64406779661,366.101694915254,0.456277613219005,-0.807110508787487,0.200290674903718,0.742539088733085,-1.75699729524791,1.81438858439394
2213,528.813559322034,366.101694915254,0.349688872243553,-1.01584364564234,0.055671578989287,0.790958374682764,-1.80485081734078,1.81488347663331
2214,538.983050847458,366.101694915254,0.213611807431783,-1.20335999410075,-0.0833289610809496,0.830931342759625,-1.82113231769998,1.77530035902758
2215,549.152542372881,366.101694915254,0.05974536590553,-1.36163881282508,-0.213024078600791,0.859820358391121,-1.80378135487042,1.69739383035242
2216,559.322033898305,366.101694915254,-0.0990554598473847,-1.48396045787616,-0.330244024341429,0.875095355683015,-1.7517426707486,1.58381769909523
2217,569.491525423729,366.101694915254,-0.249447382208021,-1.56517168617957,-0.432422406093747,0.874491885806444,-1.66501243499962,1.43804922950554
2218,579.661016949153,366.101694915254,-0.378302985446095,-1.60193519227267,-0.51765561107865,0.856162940878519,-1.5446486252317,1.26429330072742
2219,589.830508474576,366.101694915254,-0.473418439495572,-1.59289023126601,-0.584733938622623,0.81881617051129,-1.39274514464126,1.06736901122838
2220,600,366.101694915254,-0.524187797668945,-1.53871155003619,-0.633144167800518,0.761828724453482,-1.21237054155009,0.852581702494489
2221,0,376.271186440678,0.766139270739378,-0.504043629548268,0.39178809462784,1.48605536594489,1.80006724252532,0.810824219011591
2222,10.1694915254237,376.271186440678,0.742875045196037,-0.604790387437787,0.0526973252112828,1.63823402950517,1.91890447771488,1.0461876509564
2223,20.3389830508475,376.271186440678,0.722628512068094,-0.678757107118518,-0.373668043241121,1.75492840140281,2.00439922446152,1.26476529934269
2224,30.5084745762712,376.271186440678,0.710578391761028,-0.723629151972244,-0.541889448271661,1.83340896267237,2.05411091875449,1.46151741476596
2225,40.6779661016949,376.271186440678,0.711069468715635,-0.738519003764827,-0.250583522573834,1.87202139980856,2.06664869794775,1.63182356018325
2226,50.8474576271186,376.271186440678,0.727311542561955,-0.723973924513524,0.301669094683907,1.87024098114318,2.0417182358909,1.77159464944613
2227,61.0169491525424,376.271186440678,0.761140579597964,-0.681909518272411,0.76095813314208,1.82868707803731,1.98013159297051,1.87737354380567
2228,71.1864406779661,376.271186440678,0.812856727171756,-0.615473672647422,0.972110424191616,1.74909716190422,1.88377971129849,1.94642169318529
2229,81.3559322033898,376.271186440678,0.881149849478954,-0.528849026333302,0.989998239669712,1.63426129218695,1.75556848110479,1.97678963034869
2230,91.5254237288135,376.271186440678,0.963118601255584,-0.427005311346357,0.908701887769212,1.48791975256954,1.59932056907933,1.96736950329084
2231,101.694915254237,376.271186440678,1.05438401673348,-0.315415487821016,0.779061877292546,1.31462801835354,1.41964638883057,1.91792825523738
2232,111.864406779661,376.271186440678,1.1492934198985,-0.199751391170343,0.618764089039429,1.11959457791051,1.2217886662424,1.82912052232334
2233,122.033898305085,376.271186440678,1.24120543366179,-0.0855755540418615,0.434600958041888,0.908498224905404,1.01144597081384,1.7024808051416
2234,132.203389830508,376.271186440678,1.32284225095998,0.0219540964493814,0.231756339405661,0.68729223655502,0.79458131590966,1.54039497001972
2235,142.372881355932,376.271186440678,1.38669138247156,0.11835082859632,0.015811921880604,0.462003321332311,0.577222450565277,1.34605163682018
2236,152.542372881356,376.271186440678,1.42543603398499,0.200022857112112,-0.207118908282292,0.238533337500965,0.365260754790045,1.1233744998898
2237,162.71186440678,376.271186440678,1.43239126789449,0.264442592165032,-0.430560562811763,0.022471548275965,0.164255698936884,0.876937095356819
2238,172.881355932203,376.271186440678,1.40192229046157,0.31025279991211,-0.64788496309131,-0.1810753966458,-0.0207483662165254,0.611861959656186
2239,183.050847457627,376.271186440678,1.32982164111103,0.337304608534125,-0.852531417825879,-0.367629451035258,-0.185386751908667,0.333706510142546
2240,193.220338983051,376.271186440678,1.21362373901743,0.346626065437975,-1.03822956671077,-0.533457987225573,-0.32611462059484,0.0483383092026022
2241,203.389830508475,376.271186440678,1.05283809695943,0.340323768789682,-1.19921681506535,-0.675657658429106,-0.440317985715644,-0.238197359978907
2242,213.559322033898,376.271186440678,0.849086411511431,0.32142375316039,-1.33044933709599,-0.792203046140046,-0.526391704472948,-0.51981448174213
2243,223.728813559322,376.271186440678,0.60613349406291,0.293661107795301,-1.42784263304492,-0.881959421949683,-0.583781798317321,-0.790524615739306
2244,233.898305084746,376.271186440678,0.329807383265059,0.261230570184405,-1.48865961869415,-0.944660545528219,-0.612990681629028,-1.04457323816243
2245,244.067796610169,376.271186440678,0.0278097047331802,0.228512420397644,-1.51208217734367,-0.980853939756683,-0.615545174952989,-1.27657086923355
2246,254.237288135593,376.271186440678,-0.290576875657456,0.199789293503959,-1.49918778906198,-0.991817459958467,-0.593928479931204,-1.48161585815566
2247,264.406779661017,376.271186440678,-0.61487172387183,0.178969961675056,-1.45077074888946,-0.979452144238873,-0.551478553362441,-1.65540589193117
2248,274.576271186441,376.271186440678,-0.93385245823448,0.16933569455812,-1.36429366750619,-0.946157243832304,-0.492256493585306,-1.7943355618778
2249,284.745762711864,376.271186440678,-1.23606275408341,0.173323514139201,-1.23585796084255,-0.894693946649783,-0.420889602519411,-1.89557765488085
2250,294.915254237288,376.271186440678,-1.51034704508267,0.192358591764002,-1.06755554472522,-0.828044599132014,-0.34239467445524,-1.957146227329
2251,305.084745762712,376.271186440678,-1.74638615844506,0.226745304787636,-0.869691274413897,-0.749274192013694,-0.261987756939998,-1.97793995874664
2252,315.254237288136,376.271186440678,-1.93521892114854,0.275623228552988,-0.654055014780785,-0.66140051174763,-0.184887105476672,-1.9577647585917
2253,325.423728813559,376.271186440678,-2.06987433145964,0.336990762178155,-0.428433806143755,-0.567278693816735,-0.116116295434723,-1.89733510181342
2254,335.593220338983,376.271186440678,-2.14731588893238,0.407795338370078,-0.197858444016812,-0.469504984108294,-0.0603144529386114,-1.7982540841711
2255,345.762711864407,376.271186440678,-2.17779771601568,0.484084801162295,0.0325161698288376,-0.370343369603268,-0.0215603214156144,-1.66297270426284
2256,355.93220338983,376.271186440678,-2.21691907794964,0.561200266892254,0.256719236285598,-0.271677439540824,-0.00321640030458782,-1.49472938292182
2257,366.101694915254,376.271186440678,-2.41786671186491,0.633877102231314,0.468564882661436,-0.174988449700373,-0.00779869372181441,-1.29747120961578
2258,376.271186440678,376.271186440678,-2.99475940287329,0.695408131873787,0.662219656036795,-0.0813591559803419,-0.0368767138590556,-1.07575884783572
2259,386.440677966102,376.271186440678,-3.93164323014455,0.732540949247262,0.832512214798755,0.00849837022571374,-0.0910073275639404,-0.834657426188245
2260,396.610169491525,376.271186440678,-4.67579502705648,0.710864639432393,0.975123737007735,0.0941939657536155,-0.169704851661225,-0.579616079192253
2261,406.779661016949,376.271186440678,-4.49433113198659,0.561707175200758,1.08673056797525,0.175593711560256,-0.271448534300578,-0.316339073232024
2262,416.949152542373,376.271186440678,-3.32459828313915,0.224826548000179,1.16508993430043,0.252742273363402,-0.393727250162811,-0.0506516519811769
2263,427.118644067797,376.271186440678,-1.86914018768055,-0.227078384270928,1.20905725800553,0.325778687071818,-0.533119932397808,0.211636143057715
2264,437.28813559322,376.271186440678,-0.779662795514144,-0.547231403027756,1.21857474147979,0.394851278984575,-0.685409009262784,0.4648643804582
2265,447.457627118644,376.271186440678,-0.166785335264003,-0.539275577348228,1.19466211184347,0.460037352814685,-0.845722952431982,0.703653619509091
2266,457.627118644068,376.271186440678,0.1571618171048,-0.296761362160131,1.13937428863735,0.521272915067216,-1.00870301747409,0.923027629073563
2267,467.796610169491,376.271186440678,0.351198012704029,-0.0821660169609798,1.05569456561377,0.57829706771725,-1.16868840100064,1.11852550874356
2268,477.966101694915,376.271186440678,0.476611721369981,-0.0412497593304729,0.947384763295496,0.630614807245003,-1.31991338352203,1.2863005473287
2269,488.135593220339,376.271186440678,0.546568992334507,-0.146159386028934,0.818819741294087,0.677480879096631,-1.45670959518428,1.42320349022118
2270,498.305084745763,376.271186440678,0.563138145853034,-0.318559709925972,0.674811929376161,0.717906103815753,-1.5737063485991,1.52684828073501
2271,508.474576271186,376.271186440678,0.528871697817906,-0.508733633773943,0.520426477965164,0.750686279883923,-1.66602203590268,1.59565878121308
2272,518.64406779661,376.271186440678,0.448856725220254,-0.695710146862576,0.36079272016587,0.774452447122172,-1.72943988439911,1.62889545642887
2273,528.813559322034,376.271186440678,0.330737502521152,-0.869864165119425,0.200919894072368,0.787740032271222,-1.76056189655558,1.62666150257611
2274,538.983050847458,376.271186440678,0.184359206247525,-1.02458174213288,0.0455246017480964,0.789073261089852,-1.75693554743741,1.58988841733822
2275,549.152542372881,376.271186440678,0.0212657984387091,-1.15437200486248,-0.101123471834259,0.777060268761483,-1.71714875007861,1.52030151727284
2276,559.322033898305,376.271186440678,-0.145888758061915,-1.25477422711698,-0.235332047877585,0.750493623117039,-1.64088969430273,1.42036640519892
2277,569.491525423729,376.271186440678,-0.303972552143694,-1.32251992375902,-0.354088538189793,0.708450531929411,-1.52896937914542,1.29321785996464
2278,579.661016949153,376.271186440678,-0.440047433511008,-1.35566874382899,-0.455130978544349,0.650386861332186,-1.38330595108395,1.14257305212486
2279,589.830508474576,376.271186440678,-0.54207781776244,-1.35368117823529,-0.536985836057356,0.576219257257878,-1.20687128481883,0.972631370871427
2280,600,376.271186440678,-0.599617376713436,-1.31742259029771,-0.598972335115446,0.486390130104759,-1.00360155427391,0.787963470503952
2281,0,386.440677966102,0.644334704180513,-0.42843182337828,0.79608446379881,1.64153939533188,1.68864090172273,0.985328402488133
2282,10.1694915254237,386.440677966102,0.614746206129461,-0.523665087348571,0.761564701025903,1.80192120522816,1.78938257482195,1.19576558055467
2283,20.3389830508475,386.440677966102,0.586458267647922,-0.599420798666359,0.676559913138422,1.92774198704053,1.85503646266912,1.38540328901238
2284,30.5084745762712,386.440677966102,0.564597911006881,-0.655041985136963,0.679833885122974,2.01671918960351,1.88391959856759,1.55000622716371
2285,40.6779661016949,386.440677966102,0.55362041529596,-0.69074573639447,0.851282313187806,2.06747186888959,1.87545087361518,1.68584882138436
2286,50.8474576271186,386.440677966102,0.557003885343086,-0.707549109157974,1.10671778590609,2.07955707978669,1.83017125545513,1.78980238265211
2287,61.0169491525424,386.440677966102,0.576998163174698,-0.70715716758533,1.29866619774131,2.05347748845972,1.74972614322647,1.85940890333226
2288,71.1864406779661,386.440677966102,0.614443425535832,-0.691820478274052,1.36218415507639,1.99065987402973,1.63681037604592,1.89293973011452
2289,81.3559322033898,386.440677966102,0.668670125263005,-0.664170856631956,1.31957569717822,1.89340528462352,1.49507770772779,1.88943770702247
2290,91.5254237288135,386.440677966102,0.737487558820708,-0.627045130815859,1.21011105010323,1.76481268040753,1.32901779616494,1.84874177315824
2291,101.694915254237,386.440677966102,0.817263506869484,-0.583307106778474,1.05609440567459,1.60867888905582,1.14380488866357,1.77149341482726
2292,111.864406779661,386.440677966102,0.903092356224085,-0.535677769518841,0.866990006685473,1.42937857454786,0.945123374835054,1.65912480086538
2293,122.033898305085,386.440677966102,0.98904414053382,-0.486583058826253,0.648545854856185,1.23172864086092,0.738976191554867,1.51382886298822
2294,132.203389830508,386.440677966102,1.06848230339864,-0.438027359740232,0.406561071293549,1.0208420276189,0.531482671252597,1.33851200935271
2295,142.372881355932,386.440677966102,1.13443394635469,-0.391499222384115,0.147601697055967,0.801976183076604,0.328672803761232,1.13673056899749
2296,152.542372881356,386.440677966102,1.17999310145238,-0.34791386877934,-0.121124390046267,0.580381608325911,0.136285019374182,0.912612447577012
2297,162.71186440678,386.440677966102,1.19873534922289,-0.307594868402131,-0.39201667126335,0.361155752617138,-0.040425508737413,0.6707658216592
2298,172.881355932203,386.440677966102,1.18512102161381,-0.270295092575952,-0.657300208822874,0.149107210519091,-0.196861397790284,0.416177001544542
2299,183.050847457627,386.440677966102,1.13486436094933,-0.235254816690529,-0.909246209388086,-0.0513653557417359,-0.329234364562903,0.154099843903288
2300,193.220338983051,386.440677966102,1.04524736152343,-0.201292751557549,-1.14042236442275,-0.236375845262502,-0.434688048048868,-0.11006071040455
2301,203.389830508475,386.440677966102,0.915359546525788,-0.166923963624129,-1.34395405167974,-0.402632014257001,-0.511388065410561,-0.370868265681842
2302,213.559322033898,386.440677966102,0.746248513220571,-0.130497184752761,-1.5138172460357,-0.547493493041232,-0.558576154441098,-0.622974992793639
2303,223.728813559322,386.440677966102,0.54097053974862,-0.0903429911144761,-1.64536789121464,-0.669005574052483,-0.576586501157744,-0.861239266236838
2304,233.898305084746,386.440677966102,0.30453566467263,-0.0449237976960558,-1.73671714827942,-0.765908827425242,-0.566823665488258,-1.08083820531166
2305,244.067796610169,386.440677966102,0.0437471645844096,0.00702340712645673,-1.79115410484067,-0.83762557332443,-0.531702855666002,-1.2773725369214
2306,254.237288135593,386.440677966102,-0.233059019794954,0.0663601788930015,-1.81675571867956,-0.884225135921985,-0.47455461639331,-1.44696138759067
2307,264.406779661017,386.440677966102,-0.516363918127462,0.133443221803058,-1.81541807160136,-0.906370583851782,-0.39949724123713,-1.58632485854347
2308,274.576271186441,386.440677966102,-0.795888269106218,0.208050745502103,-1.7677207122058,-0.905250293472182,-0.311281352554028,-1.69285253399927
2309,284.745762711864,386.440677966102,-1.06106818628154,0.289343133011751,-1.64297029663184,-0.882498129097697,-0.215112072788237,-1.7646564119182
2310,294.915254237288,386.440677966102,-1.30156035507655,0.375860536000769,-1.43622045949333,-0.84010630194873,-0.116455004740386,-1.8006071199419
2311,305.084745762712,386.440677966102,-1.50775187906719,0.465557942047225,-1.17987131736735,-0.780335039644095,-0.020832817282129,-1.80035267812082
2312,315.254237288136,386.440677966102,-1.6712595841959,0.555876172646107,-0.910785304973078,-0.705623072911611,0.066380423676006,-1.76431948450425
2313,325.423728813559,386.440677966102,-1.7855295630876,0.643845283689906,-0.643682844074464,-0.618502637431582,0.140159943887224,-1.69369561977093
2314,335.593220338983,386.440677966102,-1.847621044548,0.726215047801903,-0.378172862789796,-0.521522216623379,0.196018890771453,-1.59039698267955
2315,345.762711864407,386.440677966102,-1.86668538986526,0.799605458460978,-0.113967228282529,-0.417179643566183,0.230178230180749,-1.45701716925679
2316,355.93220338983,386.440677966102,-1.89295400729393,0.860665134891288,0.144801575855827,-0.307867471054514,0.239711872885091,-1.29676238574854
2317,366.101694915254,386.440677966102,-2.06496486411545,0.906184532112214,0.391723108020202,-0.195831746347719,0.222661843270962,-1.1133730294973
2318,376.271186440678,386.440677966102,-2.57643948260005,0.93285215974028,0.620131642147986,-0.0831445322404856,0.178119335262534,-0.911033874974859
2319,386.440677966102,386.440677966102,-3.41328140509595,0.935439358412989,0.823933721438516,0.0283102601833159,0.106268680485426,-0.694275057126966
2320,396.610169491525,386.440677966102,-4.07638506552162,0.901502583215531,0.99799998744333,0.136838879840452,0.00839254049008323,-0.467866245111318
2321,406.779661016949,386.440677966102,-3.90390555330249,0.806613894879757,1.13849013444108,0.240929361714538,-0.113162016080427,-0.236706541901136
2322,416.949152542373,386.440677966102,-2.83978195277492,0.629878364140388,1.24292958162058,0.339235046806986,-0.25505552594195,-0.0057127259983046
2323,427.118644067797,386.440677966102,-1.51953323518652,0.399212910511775,1.30991760052497,0.430552623122772,-0.413063875203979,0.220291530926964
2324,437.28813559322,386.440677966102,-0.532724175530862,0.206259926692629,1.33892568258942,0.513797501823063,-0.582218162738483,0.436682882315969
2325,447.457627118644,386.440677966102,0.0201386364294802,0.124598526507793,1.33053070790316,0.587979358580325,-0.756971938625572,0.639139480170657
2326,457.627118644068,386.440677966102,0.308212494888528,0.122488390130031,1.2866623369401,0.652180516977129,-0.931390103286956,0.823733789081307
2327,467.796610169491,386.440677966102,0.474878445288238,0.106814302369764,1.21047274033676,0.70553953931707,-1.09935297879867,0.987014946763452
2328,477.966101694915,386.440677966102,0.575338798435834,0.0269647371480977,1.10602293505357,0.747241939521851,-1.2547685131693,1.12607884622878
2329,488.135593220339,386.440677966102,0.621474801771586,-0.104548562009493,0.978036299128688,0.776519369152571,-1.3917852707785,1.23862442574347
2330,498.305084745763,386.440677966102,0.615324762245613,-0.256992294112749,0.831715145457348,0.792657983146013,-1.50499880899059,1.32299499777483
2331,508.474576271186,386.440677966102,0.559563678037878,-0.410275563852717,0.672553373398213,0.7950160029134,-1.58964424466974,1.37820381859633
2332,518.64406779661,386.440677966102,0.459368394432675,-0.555054983000888,0.506133451735162,0.783049799637446,-1.64176826849166,1.40394348694847
2333,528.813559322034,386.440677966102,0.322434578948959,-0.686443681913504,0.337922206766709,0.756347158876272,-1.65837455441599,1.40057915363158
2334,538.983050847458,386.440677966102,0.158577567465669,-0.801002741799136,0.173078228045187,0.714665796214412,-1.63753741309482,1.36912591452508
2335,549.152542372881,386.440677966102,-0.020883077783669,-0.896061592824044,0.0162794553013405,0.657974706369652,-1.5784796205704,1.3112111378007
2336,559.322033898305,386.440677966102,-0.203712439772182,-0.969674910435269,-0.128422617365775,0.586495573211535,-1.48161158022426,1.22902283289834
2337,569.491525423729,386.440677966102,-0.377127910697569,-1.02065697283369,-0.257717118831777,0.50074126710618,-1.3485303043615,1.12524549561798
2338,579.661016949153,386.440677966102,-0.528242796607368,-1.04859343576576,-0.369112810080344,0.401548422464579,-1.18197808620035,1.00298515268711
2339,589.830508474576,386.440677966102,-0.644919813630261,-1.05381999012881,-0.460979929979286,0.290101227252623,-0.985762125497053,0.86568557360396
2340,600,386.440677966102,-0.716718196674996,-1.03736925135202,-0.532554490224759,0.167943863456865,-0.764637723292999,0.717037811772502
2341,0,396.610169491525,0.470199668079153,-0.335131821179208,1.05540769328414,1.74846221756917,1.52602018285765,1.14580524547378
2342,10.1694915254237,396.610169491525,0.429816268246247,-0.42021515923887,1.18280399749153,1.90794608164836,1.60712376735359,1.32627447205033
2343,20.3389830508475,396.610169491525,0.389537809853793,-0.494066022851438,1.27669997241486,2.03471191862842,1.651903553543,1.48234722543138
2344,30.5084745762712,396.610169491525,0.354471886951661,-0.557789244221333,1.37376604492681,2.12704740209544,1.65943490285572,1.61070263918388
2345,40.6779661016949,396.610169491525,0.32921454270538,-0.612760207294052,1.49379342028027,2.18394575273496,1.62993862132909,1.70860760486587
2346,50.8474576271186,396.610169491525,0.317540720286428,-0.660467843527002,1.60874526810233,2.20512221978795,1.56477495546332,1.77397670266046
2347,61.0169491525424,396.610169491525,0.322140992887711,-0.702358654726457,1.67269016615972,2.19101355709332,1.46639906703626,1.80541721077503
2348,71.1864406779661,396.610169491525,0.344420565279216,-0.73969180768471,1.6650188059945,2.14276052577122,1.33827937113387,1.80225822834518
2349,81.3559322033898,396.610169491525,0.384373187967819,-0.773414498938266,1.591913860938,2.06217393760046,1.18478140997623,1.76456332928838
2350,91.5254237288135,396.610169491525,0.440538533739404,-0.804065404500938,1.4656006514148,1.9516852199721,1.01102113612842,1.69312655792088
2351,101.694915254237,396.610169491525,0.510046972858605,-0.831712195501712,1.29428394326924,1.81428291868489,0.822692550336833,1.58945197152133
2352,111.864406779661,396.610169491525,0.58875079535355,-0.855926928287014,1.083323784676,1.65343694367789,0.625875543805101,1.4557173208146
2353,122.033898305085,396.610169491525,0.671436031556805,-0.875800737445576,0.838013521994366,1.47301269173509,0.42683050015854,1.29472282729835
2354,132.203389830508,396.610169491525,0.75210438332388,-0.889996814064303,0.564872220928831,1.27717743823327,0.231786693367958,1.10982635772467
2355,142.372881355932,396.610169491525,0.824310654653026,-0.896838283667936,0.271698345370339,1.07030156888113,0.0467317569373226,0.904866602914149
2356,152.542372881356,396.610169491525,0.881537693113236,-0.894425447341222,-0.0331413218200172,0.856857316942102,-0.122790512537076,0.684076133393544
2357,162.71186440678,396.610169491525,0.917588416046254,-0.880775040356462,-0.341304110900897,0.641317679738656,-0.271867018309187,0.451986422186975
2358,172.881355932203,396.610169491525,0.926973142896168,-0.853972799239389,-0.644480088073346,0.428058111710073,-0.396380401378986,0.21332709076112
2359,183.050847457627,396.610169491525,0.905270275425246,-0.812329787869698,-0.934316197665444,0.22126343456016,-0.493146496294461,-0.0270782557325616
2360,193.220338983051,396.610169491525,0.849439387138884,-0.75453266217824,-1.20259160502932,0.0248421756885636,-0.560019384621526,-0.264417185124879
2361,203.389830508475,396.610169491525,0.758067964016824,-0.679778364054496,-1.44153612251536,-0.157649745633924,-0.595960333229037,-0.493992173390562
2362,213.559322033898,396.610169491525,0.631536279926625,-0.587884607042335,-1.64436314188901,-0.323074406645746,-0.601068144727004,-0.711320567417828
2363,223.728813559322,396.610169491525,0.472089033078228,-0.479368895631959,-1.80672739180061,-0.468765144167479,-0.57656977787095,-0.912228541917583
2364,233.898305084746,396.610169491525,0.283807205454207,-0.355490623680032,-1.93124675734469,-0.592566891499798,-0.52477147069051,-1.09293698575288
2365,244.067796610169,396.610169491525,0.0724788864096092,-0.21825291882689,-2.03583731871079,-0.692863193196697,-0.448971970988553,-1.25013746829261
2366,254.237288135593,396.610169491525,-0.154626751402458,-0.0703632141088611,-2.15209114055534,-0.768589897700969,-0.35334080009086,-1.38105669247425
2367,264.406779661017,396.610169491525,-0.389072809727241,0.0848460997224108,-2.2859153161579,-0.819235900839661,-0.242765700289872,-1.48350813137907
2368,274.576271186441,396.610169491525,-0.621640923595766,0.24353329486185,-2.36338332034735,-0.844831650841814,-0.122674501487193,-1.55592986183416
2369,284.745762711864,396.610169491525,-0.842771747460878,0.401493472503516,-2.2668426983845,-0.845926417449617,0.00116245005181137,-1.59740794388481
2370,294.915254237288,396.610169491525,-1.04303768114909,0.554327795850297,-1.96770461471454,-0.82355556583155,0.122842460290092,-1.60768504062176
2371,305.084745762712,396.610169491525,-1.21362400857076,0.69762699027483,-1.56834443991729,-0.77919925501349,0.236545949939503,-1.58715432037948
2372,315.254237288136,396.610169491525,-1.34680043946105,0.827159492497028,-1.1848595643402,-0.714734097854862,0.336749696286376,-1.53683902440509
2373,325.423728813559,396.610169491525,-1.43644677807477,0.939054359318202,-0.852381290578111,-0.632379375438894,0.418430388420449,-1.45835840968727
2374,335.593220338983,396.610169491525,-1.47932864212567,1.02996933149176,-0.550841374310719,-0.534639396010029,0.477251337888602,-1.35388108116333
2375,345.762711864407,396.610169491525,-1.48069347836105,1.09723520794204,-0.260067233178526,-0.424243532581472,0.509725744205047,-1.22606700308131
2376,355.93220338983,396.610169491525,-1.47314801903299,1.13896796653658,0.0241118215225118,-0.304085371409327,0.513350703149964,-1.07799971978728
2377,366.101694915254,396.610169491525,-1.54733929834834,1.15413125610088,0.296865283190205,-0.177162264650098,0.486707138907328,-0.913110516487822
2378,376.271186440678,396.610169491525,-1.83044095941757,1.1424663383035,0.550913882524302,-0.0465164147437315,0.429522005171989,-0.735096406515089
2379,386.440677966102,396.610169491525,-2.31538159328288,1.10397272642293,0.778929275872357,0.0848215640035347,0.342690395694907,-0.547833940342654
2380,396.610169491525,396.610169491525,-2.68082568183281,1.03744275000838,0.974875692744707,0.213885848938025,0.228256586943426,-0.355290891302493
2381,406.779661016949,396.610169491525,-2.50024615951383,0.93910335147139,1.13556116556341,0.337824803438647,0.0893544570740287,-0.161437883083617
2382,416.949152542373,396.610169491525,-1.74064353796149,0.80653714315431,1.26052846926595,0.453946158089629,-0.0698908628386332,0.0298380146992383
2383,427.118644067797,396.610169491525,-0.81806985772079,0.650367365177349,1.34926761104365,0.559757723982696,-0.244496896321228,0.214815782478867
2384,437.28813559322,396.610169491525,-0.118697319501821,0.497995993065893,1.39948820033996,0.653003506469442,-0.428788831478897,0.390017227958457
2385,447.457627118644,396.610169491525,0.288994180034517,0.372060922857319,1.40925266424118,0.731695180654416,-0.616590079162578,0.552276404661546
2386,457.627118644068,396.610169491525,0.511979109386359,0.267472911597551,1.379530137011,0.794138951461023,-0.801431914948259,0.698800237715041
2387,467.796610169491,396.610169491525,0.64106899651622,0.162770108657988,1.31395292549805,0.838957851979113,-0.976775050482858,0.827219158482102
2388,477.966101694915,396.610169491525,0.710540635209986,0.0471654055602653,1.21731914567918,0.865109536835076,-1.13623553440263,0.935626809066321
2389,488.135593220339,396.610169491525,0.727358199135029,-0.0741437658626003,1.09483489926506,0.871899607156879,-1.2738071986908,1.02260815416848
2390,498.305084745763,396.610169491525,0.692979592438621,-0.19176234822803,0.95200926602789,0.858990466477398,-1.38407295032969,1.08725562437099
2391,508.474576271186,396.610169491525,0.610231733450768,-0.299657260971317,0.794599256102948,0.826405659855653,-1.462397558479,1.12917320462277
2392,518.64406779661,396.610169491525,0.48463021209605,-0.39516436695118,0.628449569552239,0.774529599443021,-1.50509519301872,1.14846866753031
2393,528.813559322034,396.610169491525,0.324409462051199,-0.477291630015428,0.45928594644866,0.704102536648079,-1.50956581110864,1.14573442628838
2394,538.983050847458,396.610169491525,0.139708707582335,-0.545852991670238,0.292510233025932,0.616210611545392,-1.4743955362167,1.12201774035265
2395,549.152542372881,396.610169491525,-0.059049563252502,-0.601189467937729,0.133015809419285,0.512270800952662,-1.39941739338428,1.0787812424422
2396,559.322033898305,396.610169491525,-0.261856988634306,-0.644041948742955,-0.0149681796885341,0.39401060309046,-1.28573011381175,1.01785496299933
2397,569.491525423729,396.610169491525,-0.45747768483358,-0.675437260257732,-0.147998233703247,0.263442342700224,-1.13567415501787,0.941381203434545
2398,579.661016949153,396.610169491525,-0.632173616381055,-0.696569339589543,-0.263499711153727,0.122832057753559,-0.952765550659614,0.85175374881254
2399,589.830508474576,396.610169491525,-0.771827138006372,-0.708680582943638,-0.359809728237749,-0.0253369628410959,-0.741589656045006,0.75155301148587
2400,600,396.610169491525,-0.86507577051337,-0.712950879511954,-0.436179375980335,-0.178405784277059,-0.507658241269407,0.643478757921905
2401,0,406.779661016949,0.260631576275308,-0.228852065286964,1.19904592306898,1.80149937782501,1.32613557651271,1.28598234775671
2402,10.1694915254237,406.779661016949,0.206348556204308,-0.299135502001132,1.39277396291957,1.9503512042069,1.38631324410929,1.43253035462904
2403,20.3389830508475,406.779661016949,0.151327151892901,-0.367016366619323,1.55760472085019,2.06919915972107,1.40942158970185,1.55165234858887
2404,30.5084745762712,406.779661016949,0.100676953838975,-0.435412883206366,1.69617160591891,2.15701378983591,1.39528189457527,1.64101797309101
2405,40.6779661016949,406.779661016949,0.0591550594216266,-0.506884301031392,1.80813147577335,2.2132578725132,1.34489517816325,1.69894680586382
2406,50.8474576271186,406.779661016949,0.0308527611273719,-0.583392105651824,1.88377543576363,2.23788152076795,1.26041083598341,1.7244397521123
2407,61.0169491525424,406.779661016949,0.0189202803858963,-0.666102305704822,1.91054362620177,2.23131245282463,1.14505633608958,1.71719438824497
2408,71.1864406779661,406.779661016949,0.0253461528581693,-0.755241398647805,1.88232656423032,2.19444184255891,1.0030301892751,1.67760410541054
2409,81.3559322033898,406.779661016949,0.0508048678382408,-0.850015400344735,1.79983956231721,2.12860601938451,0.839361682914085,1.60674129913911
2410,91.5254237288135,406.779661016949,0.0945825730127488,-0.948597551211099,1.66613626347626,2.03556414166604,0.659742029389611,1.5063252360228
2411,101.694915254237,406.779661016949,0.154586280914703,-1.04818620496823,1.48417680744942,1.91747183492011,0.470332586810655,1.37867559107556
2412,111.864406779661,406.779661016949,0.227437292887547,-1.14513020352386,1.25692514805573,1.77685067830904,0.277556626572266,1.22665298134323
2413,122.033898305085,406.779661016949,0.308644748569791,-1.2351149871914,0.988938501217415,1.61655335128066,0.087881720060819,1.05358811459949
2414,132.203389830508,406.779661016949,0.392850578759814,-1.31339901891129,0.688597064607245,1.43972422530296,-0.0923998263293459,0.863201419803204
2415,142.372881355932,406.779661016949,0.474132944308905,-1.37508702773445,0.367833724189669,1.24975520919767,-0.257384956278776,0.659515222943055
2416,152.542372881356,406.779661016949,0.54635171910657,-1.41542427957338,0.0381130190278112,1.05023673301918,-0.401760893984997,0.446760673904395
2417,162.71186440678,406.779661016949,0.603516922485342,-1.43009469643162,-0.292380021469,0.844903883707803,-0.520986257236039,0.22928171450134
2418,172.881355932203,406.779661016949,0.64015938112289,-1.4155052508486,-0.617315335288348,0.637577881356743,-0.61144594461499,0.0114384037980526
2419,183.050847457627,406.779661016949,0.651682404060398,-1.36903968487455,-0.930051005123916,0.432103300077769,-0.670574363394157,-0.202488115199767
2420,193.220338983051,406.779661016949,0.634673927839564,-1.28926620874385,-1.22294253334153,0.232281681435095,-0.696942631447739,-0.408386811477796
2421,203.389830508475,406.779661016949,0.587160410035192,-1.17608633316666,-1.48757102399184,0.0418024481684826,-0.690306609107172,-0.602402069275737
2422,213.559322033898,406.779661016949,0.508786634265086,-1.03081523900887,-1.71614846018534,-0.135827713332504,-0.651613953858405,-0.781011232044613
2423,223.728813559322,406.779661016949,0.400909395236721,-0.856187904026686,-1.90554695795611,-0.297355587325937,-0.582969796538824,-0.941092751245478
2424,233.898305084746,406.779661016949,0.266597564258086,-0.656289370589181,-2.06886100879035,-0.439850649839559,-0.487562064041057,-1.07998357025076
2425,244.067796610169,406.779661016949,0.110536058048953,-0.436411813146077,-2.25651615050445,-0.560770976815781,-0.369548871337659,-1.19552466750163
2426,254.237288135593,406.779661016949,-0.0611635186099876,-0.202845205275633,-2.5518346127858,-0.65802392872786,-0.233911726521915,-1.28609399663963
2427,264.406779661017,406.779661016949,-0.241237593669457,0.0373878433042186,-2.96972257903905,-0.730019660609981,-0.0862794905602681,-1.35062638613901
2428,274.576271186441,406.779661016949,-0.421617894231951,0.276839325041627,-3.31745668365373,-0.775715544312448,0.0672709333588716,-1.38862028849007
2429,284.745762711864,406.779661016949,-0.593834190301877,0.507968977554321,-3.28761674141758,-0.794649710629435,0.220430374054035,-1.40013159082896
2430,294.915254237288,406.779661016949,-0.749452046966232,0.72348565158366,-2.7996734150528,-0.786962123453763,0.366882222299148,-1.38575500702649
2431,305.084745762712,406.779661016949,-0.880522927281921,0.916678708324895,-2.10796613916437,-0.753401882932853,0.500528560338772,-1.34659385814244
2432,315.254237288136,406.779661016949,-0.980025974493308,1.08172175782155,-1.50057680421093,-0.695319812343906,0.615709752468596,-1.28421930706419
2433,325.423728813559,406.779661016949,-1.04231883770915,1.21393255181204,-1.0562417630752,-0.614645802883644,0.707409845868487,-1.20062033821585
2434,335.593220338983,406.779661016949,-1.06391025505963,1.30997525463359,-0.710998013323457,-0.513850857206274,0.771440583395771,-1.09814595961731
2435,345.762711864407,406.779661016949,-1.04620845791485,1.3679944857206,-0.400265213069374,-0.395894268982396,0.804597533032004,-0.979441248590008
2436,355.93220338983,406.779661016949,-1.00441471122162,1.3876741062994,-0.100742295655399,-0.264156882582988,0.804782769056251,-0.847378961551769
2437,366.101694915254,406.779661016949,-0.981866635273683,1.37021589367185,0.186918305232965,-0.122361873612782,0.771089666773509,-0.704988481355409
2438,376.271186440678,406.779661016949,-1.03998964448924,1.31822484613099,0.453978870893942,0.0255150434460587,0.70384665782803,-0.555383882482187
2439,386.440677966102,406.779661016949,-1.17860184491253,1.23544772211384,0.68923633508117,0.17534365995291,0.604618193214228,-0.401692856285575
2440,396.610169491525,406.779661016949,-1.25185234982634,1.1262810301853,0.88445515580149,0.32294290522884,0.476162628343306,-0.246988157719111
2441,406.779661016949,406.779661016949,-1.06551711633309,0.995258623606167,1.0424842549208,0.464187142571692,0.322348228685179,-0.0942231149496799
2442,416.949152542373,406.779661016949,-0.609296038410049,0.847504612154081,1.17605338689109,0.595112045784125,0.148029944530374,0.0538274117388733
2443,427.118644067797,406.779661016949,-0.0824472694521427,0.690634012762087,1.29115606107044,0.712016920493055,-0.0411090307952046,0.194619420211311
2444,437.28813559322,406.779661016949,0.329777129982789,0.535167342463726,1.37687087231597,0.811560394228176,-0.23874567079678,0.325884513379345
2445,447.457627118644,406.779661016949,0.590594066925472,0.390220044988454,1.417995966808,0.890846570798394,-0.438129185903886,0.445666237151595
2446,457.627118644068,406.779661016949,0.745638789272793,0.25896162551839,1.41036878674149,0.947499023113529,-0.632309598548576,0.552347482290106
2447,467.796610169491,406.779661016949,0.833867846413523,0.140567410030257,1.36003325209535,0.979720374860802,-0.814375062717988,0.644668666375103
2448,477.966101694915,406.779661016949,0.868940993535673,0.0351749907871176,1.27525232168813,0.986335681802673,-0.977689826228437,0.721736653845521
2449,488.135593220339,406.779661016949,0.853009568093285,-0.0551772141109819,1.1629874840783,0.966818350737761,-1.11612466966432,0.783024606027778
2450,498.305084745763,406.779661016949,0.78704790544889,-0.128755635307733,1.02929874028349,0.921297908289588,-1.22427187199299,0.828363173359359
2451,508.474576271186,406.779661016949,0.674403825448051,-0.185478944012054,0.880097390268476,0.850549530552755,-1.2976372431034,0.857923643382864
2452,518.64406779661,406.779661016949,0.522179081533162,-0.226788079219529,0.721300365511839,0.755965845044897,-1.33280251225915,0.87219383593502
2453,528.813559322034,406.779661016949,0.341673560558498,-0.255145902187169,0.558686172873646,0.639512095119663,-1.32755234408052,0.871947687470753
2454,538.983050847458,406.779661016949,0.145189782746524,-0.273653997670766,0.397692332783544,0.503666291656677,-1.28096143740634,0.85820958669111
2455,549.152542372881,406.779661016949,-0.0613630684094147,-0.285754683684545,0.243225618655483,0.351346447023927,-1.19343850740894,0.832214611542923
2456,559.322033898305,406.779661016949,-0.279864382522118,-0.294951614379575,0.0995020288884424,0.185827374350906,-1.06672541211416,0.795365872121593
2457,569.491525423729,406.779661016949,-0.507039863795246,-0.304538637298389,-0.0300768979011892,0.0106498269361292,-0.903851211314132,0.74919018486416
2458,579.661016949153,406.779661016949,-0.723535802996975,-0.317348732754973,-0.143007401567093,-0.170475061854136,-0.709042486588465,0.695293291403564
2459,589.830508474576,406.779661016949,-0.903316455698798,-0.335537913101092,-0.237724299275236,-0.353763004021873,-0.48759275291538,0.635315792158037
2460,600,406.779661016949,-1.02927154968109,-0.360417300392263,-0.313598979322586,-0.535452452168676,-0.24569520343908,0.570890892525376
2461,0,416.949152542373,0.0350675682551084,-0.114821977214199,1.26430462247464,1.79836761724657,1.10440614362432,1.40017007517405
2462,10.1694915254237,416.949152542373,-0.0346379799836062,-0.165848706394281,1.48332556921738,1.92688461474092,1.14270323349123,1.51002754149575
2463,20.3389830508475,416.949152542373,-0.105770403250906,-0.223502520130824,1.67412812526447,2.02889031125104,1.14364195313428,1.59013006107222
2464,30.5084745762712,416.949152542373,-0.173209551258521,-0.292510203801808,1.83135984769916,2.10413247373013,1.10776403762151,1.63917823277779
2465,40.6779661016949,416.949152542373,-0.232028680205633,-0.376609885688979,1.94987254310529,2.15262653121139,1.03681540420939,1.65656594650909
2466,50.8474576271186,416.949152542373,-0.277811061057399,-0.478233917770589,2.02394988046995,2.17462838922727,0.933690750652496,1.64238298744376
2467,61.0169491525424,416.949152542373,-0.306936912747911,-0.598272462847667,2.04847576127042,2.17061466856536,0.80233904130697,1.59740095505234
2468,71.1864406779661,416.949152542373,-0.316823480140374,-0.73593273343261,2.02047207437343,2.1412711693536,0.647632876220905,1.52304314630753
2469,81.3559322033898,416.949152542373,-0.306103720056336,-0.888703278933133,1.9390895079447,2.08748959689772,0.475205992794417,1.42133945147408
2470,91.5254237288135,416.949152542373,-0.274732536554471,-1.05242660867281,1.80426054792748,2.01037183289703,0.291264265975745,1.29486767531716
2471,101.694915254237,416.949152542373,-0.224013627922449,-1.22147711819944,1.61469492773049,1.91124033816709,0.102376512113029,1.14668301736425
2472,111.864406779661,416.949152542373,-0.156544545554153,-1.38903511686908,1.36718008382147,1.79165267118345,-0.0847478698577603,0.980237714153784
2473,122.033898305085,416.949152542373,-0.0760822682378632,-1.5474420897459,1.06238625585461,1.65341763577414,-0.263486894556861,0.7992930578916
2474,132.203389830508,416.949152542373,0.0126637966574227,-1.68861749188511,0.71607960768052,1.4986102592108,-0.427531861885862,0.607826154978458
2475,142.372881355932,416.949152542373,0.104300218196062,-1.80451364648046,0.358547952127984,1.32958266832864,-0.571103371047982,0.409933871615437
2476,152.542372881356,416.949152542373,0.193064522616015,-1.88758291682713,0.0148793259181998,1.14896798612574,-0.689150037523305,0.209736431114595
2477,162.71186440678,416.949152542373,0.273169055939833,-1.93123038770105,-0.308804744657952,0.959674614416479,-0.777523024555377,0.011283079446133
2478,172.881355932203,416.949152542373,0.339154137338523,-1.93022588183947,-0.618006659596228,0.764868689248646,-0.833120291136671,-0.181537875476959
2479,183.050847457627,416.949152542373,0.386230095228839,-1.88105122206,-0.918264954586353,0.56794307496308,-0.853995462692834,-0.365082514980821
2480,193.220338983051,416.949152542373,0.410588097565126,-1.78216211608581,-1.20915633869147,0.372471971290865,-0.839427415407724,-0.536026338074032
2481,203.389830508475,416.949152542373,0.409661137997261,-1.63414869728461,-1.48238937776147,0.182151009755865,-0.78994799075573,-0.691429222290944
2482,213.559322033898,416.949152542373,0.382319053016495,-1.43978433913661,-1.72632472293631,0.000723569379954361,-0.707326678599236,-0.828788977916228
2483,223.728813559322,416.949152542373,0.328984895719061,-1.20395856008651,-1.9370967757393,-0.168105097660967,-0.594512576894898,-0.946082490785713
2484,233.898305084746,416.949152542373,0.251664200826398,-0.933496299139163,-2.141287126122,-0.320763518317636,-0.455535403442764,-1.0417938017139
2485,244.067796610169,416.949152542373,0.15388342134161,-0.636872205957519,-2.43422224674645,-0.453916279438107,-0.295368749817104,-1.11492883204411
2486,254.237288135593,416.949152542373,0.0405388462650568,-0.323834492025536,-2.97100047303142,-0.564569175864299,-0.119760080776945,-1.1650168247688
2487,264.406779661017,416.949152542373,-0.0823376506169792,-0.00495799680587545,-3.77907672547121,-0.650173014480017,0.0649668515723998,-1.19209891928836
2488,274.576271186441,416.949152542373,-0.207884904367176,0.308849855595667,-4.501124242176,-0.708721602552646,0.252130531643264,-1.19670460585194
2489,284.745762711864,416.949152542373,-0.328775420900016,0.606863827282359,-4.56669575238863,-0.738839397783215,0.434923739699594,-1.17981710450795
2490,294.915254237288,416.949152542373,-0.437616156457103,0.87904874684231,-3.82312042332691,-0.739854465261511,0.606651238536181,-1.14282897543904
2491,305.084745762712,416.949152542373,-0.527365813988782,1.1165331874212,-2.73504428606819,-0.711852771695135,0.760964942283052,-1.08748948651009
2492,315.254237288136,416.949152542373,-0.591747029093046,1.31202346506215,-1.82852865651516,-0.655710437776881,0.892088463088183,-1.01584543470955
2493,325.423728813559,416.949152542373,-0.625644353484595,1.46013574012107,-1.24235509163821,-0.573101343010358,0.995023250572835,-0.930177237367536
2494,335.593220338983,416.949152542373,-0.625578460463897,1.5576285089154,-0.851329853829508,-0.466478402030546,1.06572912681456,-0.83293217457695
2495,345.762711864407,416.949152542373,-0.59079758253996,1.60352326688424,-0.528939525552988,-0.339027867823882,1.10127285747244,-0.726656675673734
2496,355.93220338983,416.949152542373,-0.526371614183564,1.59910727664425,-0.225217578339043,-0.19459711957205,1.09993946012926,-0.613929501040768
2497,366.101694915254,416.949152542373,-0.448048042837141,1.54781862053678,0.0639336936780265,-0.0375975114577114,1.06130219880724,-0.497297578455721
2498,376.271186440678,416.949152542373,-0.378871876056802,1.45501848677703,0.323359896662356,0.127115057593925,0.986248607126599,-0.379216114653457
2499,386.440677966102,416.949152542373,-0.322413949486538,1.32765574392744,0.528007163080192,0.294378195059458,0.876961374717204,-0.261994422898979
2500,396.610169491525,416.949152542373,-0.234470549631201,1.17382958530953,0.66238419422869,0.458875163112584,0.736854471637964,-0.147748692409157
2501,406.779661016949,416.949152542373,-0.0554341873831637,1.0022995276918,0.753768860176864,0.615295909129064,0.570466421176026,-0.0383626825213971
2502,416.949152542373,416.949152542373,0.212178210768833,0.822099324749461,0.866735741801555,0.758501280765567,0.383314109849022,0.0645429386776253
2503,427.118644067797,416.949152542373,0.495440455711675,0.642344821108118,1.03313976902622,0.883684478732173,0.18171189377303,0.159632166843422
2504,437.28813559322,416.949152542373,0.726204687261481,0.47186496521407,1.2093092358794,0.986523799049414,-0.0274380247065104,0.245865979674815
2505,447.457627118644,416.949152542373,0.886457963423436,0.318242555591444,1.32921640457334,1.06332096640084,-0.236876959489925,0.322505510435587
2506,457.627118644068,416.949152542373,0.986521894659208,0.186891589443316,1.36908296581933,1.11111985293348,-0.439235068759927,0.389106448562561
2507,467.796610169491,416.949152542373,1.0355069407279,0.0810946336126442,1.34428958598642,1.12780109314645,-0.627282353924714,0.445505282084762
2508,477.966101694915,416.949152542373,1.0353274977516,0.00254162551170288,1.2763601031995,1.11214901566418,-0.794176794654678,0.491798213261221
2509,488.135593220339,416.949152542373,0.985547731014902,-0.0485707385284167,1.17880528236152,1.06388837806496,-0.933701135611968,0.528313763701181
2510,498.305084745763,416.949152542373,0.887253483948768,-0.0737607872268918,1.05950365031424,0.983689565670595,-1.04048018116559,0.555580233682084
2511,508.474576271186,416.949152542373,0.745630832982204,-0.0762704871076043,0.924605824693252,0.873142148336016,-1.11017107512752,0.57428928903707
2512,518.64406779661,416.949152542373,0.573836411123667,-0.0607884216644882,0.779936414613106,0.734697927094797,-1.13961992346815,0.585257015714087
2513,528.813559322034,416.949152542373,0.395323998695505,-0.0330523852841609,0.631123237553495,0.571585791034612,-1.12697923020017,0.589383806080353
2514,538.983050847458,416.949152542373,0.231191175949602,0.000582714067459093,0.483432360326157,0.387701792240991,-1.07178192323531,0.58761442271998
2515,549.152542372881,416.949152542373,0.0698507937842439,0.033593164023135,0.34158216428804,0.1874787859291,-0.974969204267568,0.58089952656389
2516,559.322033898305,416.949152542373,-0.137188889612915,0.0597356328039298,0.209584997063695,-0.0242592663492701,-0.83887101551539,0.570159859590239
2517,569.491525423729,416.949152542373,-0.417667288540419,0.073474168258371,0.0906262328997037,-0.242452701958464,-0.667139523658444,0.556254141995699
2518,579.661016949153,416.949152542373,-0.729466948691371,0.0703602292599452,-0.0130150300033946,-0.461965353615508,-0.464637622823181,0.539951584542377
2519,589.830508474576,416.949152542373,-0.998895780012736,0.0473431588852206,-0.100001543240342,-0.677741583202425,-0.2372859992538,0.521909734369777
2520,600,416.949152542373,-1.18576926131831,0.00299251937072485,-0.169929603108962,-0.884955413897026,0.00812627256466379,0.502658173136536
2521,0,427.118644067797,-0.185891739201462,0.00145979358892892,1.26827724376855,1.74001287746525,0.876740498941793,1.48350294922005
2522,10.1694915254237,427.118644067797,-0.270859399446311,-0.0262557342902572,1.49671126678284,1.83920447150632,0.892610862823684,1.5551377910774
2523,20.3389830508475,427.118644067797,-0.35799792900058,-0.0694328554195259,1.69757898647254,1.91602162314453,0.871244741919601,1.59549899568798
2524,30.5084745762712,427.118644067797,-0.44218191510856,-0.13454392572083,1.86416761744984,1.97105824391584,0.813866106824455,1.60432253075233
2525,40.6779661016949,427.118644067797,-0.518318938396476,-0.226468950084951,1.99045887609947,2.00494669888846,0.722917312845436,1.58205986913049
2526,50.8474576271186,427.118644067797,-0.581668889752468,-0.348105886589304,2.07125814490013,2.01830806846476,0.601981403931463,1.52985259496473
2527,61.0169491525424,427.118644067797,-0.628142087583657,-0.500099288355772,2.10250142465477,2.01172185196492,0.455665393708173,1.44949022475983
2528,71.1864406779661,427.118644067797,-0.654558483826381,-0.680704308335625,2.08147971783523,1.9857162992324,0.289448233662074,1.34335264871745
2529,81.3559322033898,427.118644067797,-0.658852521613272,-0.885795344083079,2.00628977972406,1.9407791910649,0.109498406115629,1.21433898552766
2530,91.5254237288135,427.118644067797,-0.640211360154649,-1.1090202929182,1.8729678192749,1.87738754831246,-0.077532852873926,1.06578497689719
2531,101.694915254237,427.118644067797,-0.599138036666438,-1.34209299265404,1.66892818722669,1.79605350514229,-0.264735825754807,0.901371317851122
2532,111.864406779661,427.118644067797,-0.537435475783581,-1.57520841803827,1.37007858493184,1.69738250119465,-0.445176564868796,0.725025518669897
2533,122.033898305085,427.118644067797,-0.458111841479998,-1.79755804996812,0.962601094465298,1.58213908851097,-0.612133218133196,0.54082001964939
2534,132.203389830508,427.118644067797,-0.365212298833678,-1.99791693631644,0.485955098852172,1.45131505902657,-0.75932640245472,0.352869328277945
2535,142.372881355932,427.118644067797,-0.263586556856664,-2.16526963964901,0.0326026813907581,1.30619430999173,-0.881135749680591,0.165228919687883
2536,152.542372881356,427.118644067797,-0.158605356922464,-2.28943978289671,-0.32356180353266,1.14840889521631,-0.972795170948954,-0.0182014626904644
2537,162.71186440678,427.118644067797,-0.055842139221405,-2.36168743984875,-0.578816103212262,0.979981060320718,-1.03056006341317,-0.193767644420173
2538,172.881355932203,427.118644067797,0.0392617135956463,-2.37524018003909,-0.777188864101807,0.803346714424373,-1.05184059697383,-0.358141773663713
2539,183.050847457627,427.118644067797,0.121728517784626,-2.32572705012966,-0.970738103963723,0.621356717279036,-1.0352963381555,-0.508392067075126
2540,193.220338983051,427.118644067797,0.187353237489936,-2.21148999440595,-1.19137451088955,0.437253513824733,-0.98088875668146,-0.64203996964964
2541,203.389830508475,427.118644067797,0.232971234226754,-2.03375391865379,-1.4351779238888,0.254621969537514,-0.889889574688786,-0.757103533477025
2542,213.559322033898,427.118644067797,0.256668439705609,-1.79664439420847,-1.67606179365348,0.0773146826016515,-0.764844411373175,-0.85212622975145
2543,223.728813559322,427.118644067797,0.257920655573396,-1.50705043722658,-1.89766188544433,-0.090646500117187,-0.609492696664858,-0.926190831900039
2544,233.898305084746,427.118644067797,0.23765255310866,-1.17433841432834,-2.13030640166751,-0.245189632296453,-0.428646324553956,-0.978918433043895
2545,244.067796610169,427.118644067797,0.198211397328654,-0.809931438052494,-2.49954191957625,-0.382328068119867,-0.228030938642595,-1.01045307605907
2546,254.237288135593,427.118644067797,0.143255312727314,-0.426776154884719,-3.21120209037422,-0.498306604027661,-0.0140950403923935,-1.02143286758964
2547,264.406779661017,427.118644067797,0.0775607802902882,-0.0387251685678851,-4.30157674476264,-0.589752007468398,0.206206760705686,-1.01294880760689
2548,274.576271186441,427.118644067797,0.0067587387899343,0.340131877171793,-5.29607073554669,-0.653821028639084,0.425649115742826,-0.986492883735385
2549,284.745762711864,427.118644067797,-0.0629871036725004,0.696152581440751,-5.43687035122584,-0.688338772305305,0.636982005769544,-0.943897246174164
2550,294.915254237288,427.118644067797,-0.125342599544091,1.01680450856654,-4.51978005722136,-0.691920435949398,0.833179181162674,-0.887266487820534
2551,305.084745762712,427.118644067797,-0.174186351175029,1.29127053032192,-3.15894453749839,-0.664069898404092,1.0076805090723,-0.818905200116565
2552,315.254237288136,427.118644067797,-0.203992638585532,1.51096407313401,-2.0495950318044,-0.605249453299846,1.15461992367133,-0.741243055041062
2553,325.423728813559,427.118644067797,-0.210195583879982,1.66992648789316,-1.37300326396084,-0.51691609106491,1.26903111467551,-0.656759676381839
2554,335.593220338983,427.118644067797,-0.189540490316496,1.76508524586136,-0.960133911588438,-0.401521093795146,1.3470238010824,-0.567911509735039
2555,345.762711864407,427.118644067797,-0.140538059337924,1.79635934141393,-0.640234523684561,-0.262471258152315,1.38592439659481,-0.477062783305514
2556,355.93220338983,427.118644067797,-0.0643425044453479,1.76660671932753,-0.344980516138066,-0.10405173167987,1.38437604945104,-0.386422475060796
2557,366.101694915254,427.118644067797,0.0340136391702494,1.68141724736975,-0.0711348609513049,0.0686878399435728,1.34239439350591,-0.297988972322906
2558,376.271186440678,427.118644067797,0.146438468040375,1.54876311793356,0.147237756131875,0.250080483561754,1.26137683423012,-0.213503835133045
2559,386.440677966102,427.118644067797,0.268300549218339,1.37852583336186,0.248612103665174,0.434017460283498,1.14406476287373,-0.134415763581028
2560,396.610169491525,427.118644067797,0.405388968052751,1.18192521277597,0.198714681419279,0.614145928445985,0.994459691326085,-0.0618555315867867
2561,406.779661016949,427.118644067797,0.56634701004262,0.970884888214216,0.0898850195598206,0.784081313812996,0.81769587484404,0.00337770416665988
2562,416.949152542373,427.118644067797,0.744300827226043,0.757382298192658,0.124275519711587,0.937626202473954,0.619873486003385,0.0608186705138539
2563,427.118644067797,427.118644067797,0.915185478772892,0.552826045831343,0.402494141412435,1.06898713527418,0.407857769526979,0.110327123193205
2564,437.28813559322,427.118644067797,1.05617470149255,0.367458237268233,0.794436438258086,1.17298062390434,0.189050796783848,0.152068512719206
2565,447.457627118644,427.118644067797,1.15694468397207,0.20977278982708,1.09974632883626,1.24522003447517,-0.0288565907494044,0.186485123687427
2566,457.627118644068,427.118644067797,1.21477534237022,0.0860372359757902,1.24287259575047,1.28227568302141,-0.238144342169195,0.214258917125762
2567,467.796610169491,427.118644067797,1.22776066174006,2.85373289121784e-05,1.26400974524128,1.28180152995466,-0.431325516167652,0.236267539453285
2568,477.966101694915,427.118644067797,1.19365035673225,-0.0470473690454081,1.21984720815037,1.24262320187376,-0.601402468832927,0.253535146396389
2569,488.135593220339,427.118644067797,1.11134877661182,-0.0565369891309089,1.14127329712539,1.16478365009803,-0.742108178501099,0.267179820954775
2570,498.305084745763,427.118644067797,0.982887473776083,-0.0322118150307892,1.04101006847344,1.04954450522079,-0.848124431590819,0.278359438002547
2571,508.474576271186,427.118644067797,0.81826201512391,0.0200102028900746,0.925870408778939,0.8993430272554,-0.915269332872279,0.288217842907727
2572,518.64406779661,427.118644067797,0.646978670406934,0.0924843080961008,0.801472880421392,0.717706398576463,-0.940647603305333,0.297833167994451
2573,528.813559322034,427.118644067797,0.525593901460462,0.176360312116552,0.673104044293536,0.509126878415278,-0.922758355741179,0.308170010848609
2574,538.983050847458,427.118644067797,0.49929936421481,0.262168902133786,0.545661126380974,0.278902953195307,-0.861556452816442,0.320037046144882
2575,549.152542372881,427.118644067797,0.509141878541243,0.340439134864289,0.423482079002895,0.0329530037830211,-0.758465105107362,0.334051443159802
2576,559.322033898305,427.118644067797,0.380077338200493,0.402312025449386,0.310194917738446,-0.222390893267682,-0.61633900889192,0.350611221109231
2577,569.491525423729,427.118644067797,0.000291823713866379,0.440114657561533,0.208604385043419,-0.480600656659303,-0.439378996288873,0.369876401741926
2578,579.661016949153,427.118644067797,-0.525818825403761,0.447861240487368,0.120620584593783,-0.735172624831182,-0.23300081933987,0.391759521974948
2579,589.830508474576,427.118644067797,-0.994587925165316,0.421651695785925,0.0472315366995378,-0.979841957703129,-0.00366225757444321,0.415925758150927
2580,600,427.118644067797,-1.30285423048702,0.359944244995327,-0.0114803803092924,-1.20878264628718,0.241345827968659,0.441802597460283
2581,0,437.28813559322,-0.381939672492521,0.114486769233749,1.21649112204453,1.63057846769501,0.658535373947465,1.53215030502248
2582,10.1694915254237,437.28813559322,-0.480345388513932,0.113532382510459,1.44539686265287,1.69281575506702,0.651908709278396,1.56527804958815
2583,20.3389830508475,437.28813559322,-0.58192842401082,0.0888638719465631,1.64839053477269,1.7372898171027,0.608525405933486,1.5665048458277
2584,30.5084745762712,437.28813559322,-0.681577181956292,0.0323839751648984,1.81868228446343,1.76547814956819,0.530241241384332,1.53657131001078
2585,40.6779661016949,437.28813559322,-0.77405006060914,-0.0618597836886048,1.95018610878793,1.77866987512957,0.420134102848245,1.4769330663623
2586,50.8474576271186,437.28813559322,-0.854296767665533,-0.197220761468548,2.0377470415252,1.7778938950853,0.282406134877862,1.38970913256277
2587,61.0169491525424,437.28813559322,-0.917766982466226,-0.37415131439553,2.07733170906465,1.76387793923922,0.122247220973571,1.27761398086282
2588,71.1864406779661,437.28813559322,-0.960688169849027,-0.590072170681391,2.06593236265394,1.73704007091078,-0.0543358538503944,1.14387536405412
2589,81.3559322033898,437.28813559322,-0.980296247872986,-0.839422133562453,1.99981518648652,1.69751227321199,-0.24071901823088,0.992140359314628
2590,91.5254237288135,437.28813559322,-0.975005629455077,-1.113886903164,1.86667395839645,1.64519384812026,-0.429882751136244,0.826372374082369
2591,101.694915254237,437.28813559322,-0.944508733514483,-1.40279551340179,1.62750545299972,1.57983060049007,-0.614648784232141,0.650742069083485
2592,111.864406779661,437.28813559322,-0.889799191652664,-1.69366321662726,1.20820108253805,1.50111424680916,-0.787923758497145,0.469515279261787
2593,122.033898305085,437.28813559322,-0.813117428591746,-1.97285132001754,0.558357516877999,1.40879526333818,-0.942941632674316,0.286941050913079
2594,132.203389830508,437.28813559322,-0.717821817959345,-2.22630780371245,-0.230907985271944,1.30280153467422,-1.07349662654498,0.107142862634802
2595,142.372881355932,437.28813559322,-0.608192955199319,-2.44034740805654,-0.923004680021484,1.18335472719195,-1.17415874621386,-0.0659840389062518
2596,152.542372881356,437.28813559322,-0.489182502215551,-2.60242695060552,-1.32202272160986,1.05107631643654,-1.24046447455007,-0.228866475141545
2597,162.71186440678,437.28813559322,-0.36612132314948,-2.70187200718682,-1.41310096456461,0.907075645087657,-1.26907600128741,-0.378335922316481
2598,172.881355932203,437.28813559322,-0.244404062395605,-2.73051405354635,-1.3206875042197,0.753013257696014,-1.25790338889781,-0.511697784225108
2599,183.050847457627,437.28813559322,-0.129168775312289,-2.68320160393015,-1.21606040676047,0.591134007528893,-1.20618528905466,-0.626785697404215
2600,193.220338983051,437.28813559322,-0.0249906233384381,-2.55815531069066,-1.22582540333186,0.424265997537069,-1.11452520021049,-0.721999667963929
2601,203.389830508475,437.28813559322,0.0643920390214377,-2.35714564743945,-1.36524467589585,0.255783223185752,-0.984881743829955,-0.796327320300568
2602,213.559322033898,437.28813559322,0.136302594997795,-2.08548175262917,-1.57113308002612,0.08953173858228,-0.820512985357347,-0.849348033207514
2603,223.728813559322,437.28813559322,0.189288222665662,-1.75181045659636,-1.78696924788524,-0.0702788302122043,-0.625876383853436,-0.881220233956556
2604,233.898305084746,437.28813559322,0.223208702639723,-1.36773501511962,-2.02122342512089,-0.219214651961149,-0.406487468546519,-0.892652601486062
2605,244.067796610169,437.28813559322,0.239245742293003,-0.94727311331587,-2.38719070427746,-0.352782369647878,-0.168741759583445,-0.884860382169262
2606,254.237288135593,437.28813559322,0.239831123109048,-0.50618270007679,-3.0795350866974,-0.46661197791937,0.0802942747767123,-0.859508432951188
2607,264.406779661017,437.28813559322,0.228496666806267,-0.061191643137149,-4.13245182841196,-0.556649566527276,0.333116345637802,-0.818642965443278
2608,274.576271186441,437.28813559322,0.209653592372525,0.370827362253679,-5.09359616755093,-0.619350776074435,0.58203181649034,-0.764614260982682
2609,284.745762711864,437.28813559322,0.188313043148109,0.773692050134293,-5.24084193262004,-0.651865433707076,0.819417179490405,-0.699992852730808
2610,294.915254237288,437.28813559322,0.169763161485703,1.13271075273305,-4.37948976501286,-0.652203926284378,1.03797486868167,-0.627481820750454
2611,305.084745762712,437.28813559322,0.159220868090513,1.43540407347595,-3.09445651398258,-0.619376429658258,1.23098071172708,-0.549827916082805
2612,315.254237288136,437.28813559322,0.161478259443692,1.67210892051928,-2.04792372505597,-0.553497124446697,1.39251358439133,-0.469734218921837
2613,325.423728813559,437.28813559322,0.180563714212123,1.83643220599245,-1.41246248164191,-0.455846948174212,1.51765938238281,-0.389776945209703
2614,335.593220338983,437.28813559322,0.219433265286902,1.92552979168209,-1.02696128478285,-0.328890197584946,1.60268224629827,-0.312328848832984
2615,345.762711864407,437.28813559322,0.279687581242331,1.94019590363104,-0.728956617140654,-0.1762423225833,1.64515704108853,-0.239491428775951
2616,355.93220338983,437.28813559322,0.361272298445112,1.88475870807385,-0.455501012755081,-0.00258845030131742,1.6440583669822,-0.173037849798406
2617,366.101694915254,437.28813559322,0.462183599013082,1.76678845283908,-0.214631054618391,0.186445559186821,1.59980282213659,-0.114368130954759
2618,376.271186440678,437.28813559322,0.578602193010643,1.59663492437112,-0.0749797007270738,0.384465502531564,1.51424280044915,-0.0644777595565401
2619,386.440677966102,437.28813559322,0.706088512328674,1.38682035182672,-0.161770449273986,0.584518571794107,1.39061173862598,-0.0239404611653705
2620,396.610169491525,437.28813559322,0.840928845349417,1.1513218161398,-0.54192348874742,0.779332520741188,1.23342236983642,0.00709458814936571
2621,406.779661016949,437.28813559322,0.97904118076372,0.904783533272584,-1.00941844216956,0.961574849827885,1.04832114140998,0.0288912693671608
2622,416.949152542373,437.28813559322,1.11307392748925,0.661703880701184,-1.12188070581023,1.12412152473709,0.841903456523521,0.0421013488435788
2623,427.118644067797,437.28813559322,1.23243537594063,0.43564291090989,-0.65860421291136,1.26032413313334,0.621495753160098,0.0477266447839125
2624,437.28813559322,437.28813559322,1.32682617393182,0.23849178472928,0.099566158646462,1.36426427300294,0.394911591044099,0.047069930935097
2625,447.457627118644,437.28813559322,1.38854559118659,0.0798416038043951,0.717934880786617,1.43098436307086,0.170189838410875,0.0416763123849387
2626,457.627118644068,437.28813559322,1.41199802946517,-0.0335097885067004,1.03067229167046,1.45668495678751,-0.0446762972113598,0.0332670885752512
2627,467.796610169491,437.28813559322,1.3928472090691,-0.0978803139631835,1.12134164126972,1.43887998835775,-0.242010290160954,0.0236683352438277
2628,477.966101694915,437.28813559322,1.32812173162986,-0.112841390755149,1.10806059467228,1.37650312266461,-0.414714212099324,0.0147365839372806
2629,488.135593220339,437.28813559322,1.21697132745476,-0.0811703396154504,1.05210025598957,1.26996044226524,-0.556512640292114,0.00828405101799618
2630,498.305084745763,437.28813559322,1.06316613514146,-0.00862043871872093,0.974692952431387,1.1211269902413,-0.662170216189328,0.00600586596994763
2631,508.474576271186,437.28813559322,0.885236693504304,0.0964807632424469,0.883869961574753,0.933287093130493,-0.727675356192532,0.00941167178962408
2632,518.64406779661,437.28813559322,0.742076939002846,0.223781523680585,0.78496137381802,0.711020803166903,-0.750383719291592,0.019763821054389
2633,528.813559322034,437.28813559322,0.749894936180166,0.361571141708961,0.682740623019947,0.460041112724998,-0.729116361432028,0.0380241747513639
2634,538.983050847458,437.28813559322,0.997364551715808,0.49752120216697,0.581557011672149,0.186988699955233,-0.664209010307044,0.0648112339653863
2635,549.152542372881,437.28813559322,1.3402928023645,0.619459859976706,0.485194759251412,-0.100807233431485,-0.55751052673808,0.100369005674442
2636,559.322033898305,437.28813559322,1.37573280069942,0.716134374855035,0.396735726750822,-0.395592055706023,-0.412330325275209,0.14454863330143
2637,569.491525423729,437.28813559322,0.84052159478848,0.77791774422223,0.318458149172863,-0.689461788415996,-0.233336249685948,0.196803421639145
2638,579.661016949153,437.28813559322,-0.0485791521627148,0.797418456111422,0.251776723243037,-0.974640766254473,-0.0264060803267842,0.256197466479098
2639,589.830508474576,437.28813559322,-0.85357800602304,0.769957901827332,0.197225791384207,-1.24374950189382,0.201562567153438,0.321427674409595
2640,600,437.28813559322,-1.35776214743172,0.693887527003413,0.154485361437493,-1.49005193456095,0.442877762836735,0.390858540599794
2641,0,447.457627118644,-0.534501085142235,0.219003371283129,1.11264023559281,1.47715418606764,0.463732484961008,1.54348717390267
2642,10.1694915254237,447.457627118644,-0.642996436752097,0.24746959870226,1.33453797248373,1.4967415957355,0.435068882330973,1.53903927042858
2643,20.3389830508475,447.457627118644,-0.756125537601931,0.244912390067779,1.53327665648686,1.50345371524214,0.370430279027104,1.50300321434875
2644,30.5084745762712,447.457627118644,-0.868822319746383,0.201785185961774,1.70230726828514,1.4996530513331,0.272242405869111,1.43706054947749
2645,40.6779661016949,447.457627118644,-0.975724078836648,0.111164116622733,1.83571270604297,1.48729646383685,0.144146258965792,1.34358388868307
2646,50.8474576271186,447.457627118644,-1.07149395830211,-0.03074296252703,1.9284326771878,1.46784239063168,-0.00911741958259401,1.22556175140278
2647,61.0169491525424,447.457627118644,-1.15113936665636,-0.224269099248867,1.97641247642626,1.4421995548476,-0.181861697703429,1.08650810172351
2648,71.1864406779661,447.457627118644,-1.21030769715089,-0.466162819461428,1.97621550960134,1.41071905585572,-0.367640151619745,0.930359264066579
2649,81.3559322033898,447.457627118644,-1.24554223714508,-0.749673582460999,1.92142516614907,1.37322929917715,-0.559460657001123,0.761361220399502
2650,91.5254237288135,447.457627118644,-1.25448362998545,-1.06484496164524,1.78702145264541,1.32911082091247,-0.750019264514857,0.58395053252348
2651,101.694915254237,447.457627118644,-1.23600553901559,-1.39899977664184,1.4932566743623,1.27740583291877,-0.931946421859826,0.402632279051428
2652,111.864406779661,447.457627118644,-1.19027707177973,-1.7373899527234,0.887897351828166,1.21695537016313,-1.09805733098226,0.221858445596048
2653,122.033898305085,447.457627118644,-1.11874882940851,-2.06397730418538,-0.140303562271245,1.14655536133292,-1.24159802972625,0.0459101576238663
2654,132.203389830508,447.457627118644,-1.02406390745894,-2.36230712735063,-1.43035995847262,1.06512184824704,-1.35647887039483,-0.121212999601338
2655,142.372881355932,447.457627118644,-0.90989953842897,-2.6164249338645,-2.53125838700771,0.97185500573312,-1.43748743280774,-0.275893565826535
2656,152.542372881356,447.457627118644,-0.780749087326183,-2.81177600905304,-3.04634075127837,0.866391591903111,-1.4804735461011,-0.414984007377028
2657,162.71186440678,447.457627118644,-0.641657564254894,-2.93603596785524,-2.90785011778117,0.748935991770661,-1.482499982112,-0.535879441863022
2658,172.881355932203,447.457627118644,-0.497926508222092,-2.97983413900224,-2.34012223840655,0.62036107945593,-1.44195349544481,-0.63657344919809
2659,183.050847457627,447.457627118644,-0.354805873075155,-2.93733128477835,-1.71551626988531,0.482271663545502,-1.35861218517067,-0.715695637800989
2660,193.220338983051,447.457627118644,-0.217191309365449,-2.80661342707591,-1.34321364000339,0.337025219985145,-1.23366659790785,-0.772530174599126
2661,203.389830508475,447.457627118644,-0.0893449410492852,-2.58987594011258,-1.2859573399449,0.187706860149543,-1.06969353390814,-0.807015045483571
2662,213.559322033898,447.457627118644,0.0253436018212246,-2.29338713859941,-1.41857428770876,0.0380579157047061,-0.87058310525905,-0.819722372969651
2663,223.728813559322,447.457627118644,0.124541440932459,-1.92723269118435,-1.6109047946248,-0.107639976350158,-0.641421175034679,-0.81182066380184
2664,233.898305084746,447.457627118644,0.207090695014565,-1.50485347520343,-1.82225442970979,-0.244720962486482,-0.388330824728586,-0.78502037540214
2665,244.067796610169,447.457627118644,0.273053228276834,-1.04240078858875,-2.1153797282647,-0.368324650683658,-0.118277902831323,-0.74150466163146
2666,254.237288135593,447.457627118644,0.32367869224807,-0.557943110589334,-2.61998718583822,-0.47361083475519,0.161153048289486,-0.683847571909283
2667,264.406779661017,447.457627118644,0.361297143050592,-0.0705669812449506,-3.35870152869151,-0.555989166133679,0.442005150111727,-0.614922321657566
2668,274.576271186441,447.457627118644,0.389141972869319,0.400579434449048,-4.02195823860886,-0.611352603660529,0.716209694097,-0.537802516713768
2669,284.745762711864,447.457627118644,0.411113064302768,0.837248233610801,-4.11601339673733,-0.636302945869419,0.975852130380761,-0.455659392553219
2670,294.915254237288,447.457627118644,0.431493721787441,1.22300683122449,-3.50837647649855,-0.628356801524401,1.21343463252548,-0.371658216174363
2671,305.084745762712,447.457627118644,0.454637844752547,1.54405639080861,-2.60033072142209,-0.586120987245887,1.4221263902519,-0.28885699230643
2672,315.254237288136,447.457627118644,0.484645806250813,1.78990909824887,-1.84630362591781,-0.509427531751729,1.59599313941929,-0.210110516891476
2673,325.423728813559,447.457627118644,0.525048410756292,1.95388749286922,-1.36593010132671,-0.399420162765118,1.73019808463723,-0.137982632957222
2674,335.593220338983,447.457627118644,0.578517677272717,2.03341887049744,-1.05071920793123,-0.258586277987757,1.82116728473102,-0.0746692730010428
2675,345.762711864407,447.457627118644,0.646619661232849,2.03010908416825,-0.791763091731253,-0.0907308571142307,1.86671372560305,-0.0219345262178898
2676,355.93220338983,447.457627118644,0.729617921491099,1.94959225920205,-0.551261969779822,0.0991085578025375,1.86611566130803,0.0189384411565127
2677,366.101694915254,447.457627118644,0.826341432774267,1.80116533050129,-0.353892435587688,0.304803928052286,1.82014631780028,0.0471802460967061
2678,376.271186440678,447.457627118644,0.93417708895552,1.59722820841871,-0.30466602390655,0.519331230292484,1.73105367463681,0.0625510634170195
2679,386.440677966102,447.457627118644,1.04926902236609,1.35256111905632,-0.59448868475447,0.735010276007552,1.60249071382071,0.0653389718427864
2680,396.610169491525,447.457627118644,1.16681127915133,1.08347964586653,-1.32381353588768,0.943780458776136,1.43939819572026,0.0563410595525491
2681,406.779661016949,447.457627118644,1.28110753354066,0.806914732764659,-2.16902796975141,1.13750121728762,1.24784363314802,0.0368280001830197
2682,416.949152542373,447.457627118644,1.38546750377554,0.539469024553959,-2.43948938564784,1.30826466893693,1.03482163146346,0.00849330984086612
2683,427.118644067797,447.457627118644,1.47251535253915,0.296502108693792,-1.79033746653774,1.44870710270533,0.808022093754393,-0.0266110428667665
2684,437.28813559322,447.457627118644,1.53496541546958,0.0912953400604386,-0.658054348963808,1.55230586187504,0.575573909840945,-0.066150591903368
2685,447.457627118644,447.457627118644,1.56626051917796,-0.0656576533365955,0.280639593105759,1.61364860912471,0.345772617005736,-0.107593465795078
2686,457.627118644068,447.457627118644,1.56085847818561,-0.167195491668515,0.766658714440034,1.6286630314483,0.126801108206754,-0.148301915699668
2687,467.796610169491,447.457627118644,1.51445329237982,-0.209838542612035,0.928324904651822,1.59479666413826,-0.0735472513642292,-0.18562738757013
2688,477.966101694915,447.457627118644,1.42431036203461,-0.193924821089981,0.947139401021294,1.51113861916944,-0.248133767480563,-0.217006142294658
2689,488.135593220339,447.457627118644,1.29002751623471,-0.123525926034016,0.915664549123663,1.37847749789774,-0.390718831747532,-0.240052413474025
2690,498.305084745763,447.457627118644,1.11720687090988,-0.00614871523032877,0.863811509002993,1.19929253654613,-0.496177268829371,-0.252646168460925
2691,508.474576271186,447.457627118644,0.933514651564327,0.147759627988881,0.800744098529442,0.977677947737915,-0.560677210252828,-0.25301270205504
2692,518.64406779661,447.457627118644,0.829508642587734,0.325474242176525,0.731359775930449,0.719203347419711,-0.581816277304824,-0.239791538871783
2693,528.813559322034,447.457627118644,0.985763271114697,0.512784522431889,0.659764205059112,0.430715958208827,-0.558710259881658,-0.212092442506521
2694,538.983050847458,447.457627118644,1.53784863596885,0.694869653878256,0.589605245101431,0.120092827527673,-0.492031052279528,-0.169536717620303
2695,549.152542372881,447.457627118644,2.24937939095102,0.857207365728614,0.523966830502895,-0.204046526212378,-0.383992298610802,-0.112282433476185
2696,559.322033898305,447.457627118644,2.47106438766201,0.986463659131062,0.465249768019495,-0.532654924174801,-0.238282953310004,-0.041032681172425
2697,569.491525423729,447.457627118644,1.7761206306488,1.07131233992178,0.415086386433954,-0.856586528436907,-0.0599507172217557,0.0429735124339478
2698,579.661016949153,447.457627118644,0.502652224166856,1.10313715912069,0.374295004424594,-1.16692622071333,0.144760992177214,0.137987468407726
2699,589.830508474576,447.457627118644,-0.658218809835116,1.07657600765627,0.342875675978989,-1.45530562469479,0.368617294374328,0.241793672044556
2700,600,447.457627118644,-1.36714548994929,0.989875555129928,0.320046699009933,-1.71419273899636,0.603630666275769,0.351767956301265
2701,0,457.627118644068,-0.628050463596107,0.310248877133707,0.961947287756937,1.28932258301327,0.303989665511592,1.51621793675809
2702,10.1694915254237,457.627118644068,-0.74201162594291,0.369844214477367,1.16997463231156,1.26295043375761,0.254316999895386,1.47627032521041
2703,20.3389830508475,457.627118644068,-0.862666344477037,0.392369344768004,1.35857031119092,1.2286524444193,0.169697507498053,1.40600114240264
2704,30.5084745762712,457.627118644068,-0.985036304990096,0.367054080054646,1.52161574882109,1.18963890948583,0.0530546254137664,1.3079393943018
2705,40.6779661016949,457.627118644068,-1.10367560886128,0.286134049849803,1.65352363567607,1.14851380228676,-0.091490320690437,1.18525793483826
2706,50.8474576271186,457.627118644068,-1.21299350011073,0.145402766537488,1.74944731770103,1.10716299860543,-0.258748509813035,1.04167819994678
2707,61.0169491525424,457.627118644068,-1.30758160966884,-0.0554411988213459,1.80539432986862,1.06669340323555,-0.442631152129403,0.881361213812647
2708,71.1864406779661,457.627118644068,-1.38252670574798,-0.312673867871325,1.81759507526019,1.02742518788633,-0.636348805809876,0.708788016011618
2709,81.3559322033898,457.627118644068,-1.43369107462576,-0.618662484792647,1.77732674969759,0.988936449976942,-0.83263603187031,0.528632936281154
2710,91.5254237288135,457.627118644068,-1.45794478374375,-0.962214176213285,1.64862410261819,0.950156759116273,-1.023994034152,0.345633323540103
2711,101.694915254237,457.627118644068,-1.45333706887067,-1.32912758447302,1.31653595606221,0.909503415935533,-1.20294327148419,0.164459412633686
2712,111.864406779661,457.627118644068,-1.41919776300878,-1.7029003764664,0.56004512418242,0.865051940563879,-1.36227763365121,-0.0104120157827917
2713,122.033898305085,457.627118644068,-1.35616383428143,-2.06557694806473,-0.791424397326378,0.814730452536016,-1.49531165724492,-0.174816658696049
2714,132.203389830508,457.627118644068,-1.26613048633375,-2.39875844704883,-2.53253262572352,0.75652629460786,-1.59611242777836,-0.325011105646559
2715,142.372881355932,457.627118644068,-1.15213064957975,-2.68470388045297,-4.04090277723322,0.688692556653807,-1.65970826691682,-0.457767677725278
2716,152.542372881356,457.627118644068,-1.01815080901871,-2.90733581241601,-4.72827270193697,0.60994210854071,-1.68226702515001,-0.57045313108185
2717,162.71186440678,457.627118644068,-0.868894744168159,-3.053077917462,-4.42585374452027,0.519617356026175,-1.66123776831896,-0.661089144551447
2718,172.881355932203,457.627118644068,-0.709509697070687,-3.11160081530868,-3.40606163471816,0.417825161922354,-1.59545083028016,-0.728393047625712
2719,183.050847457627,457.627118644068,-0.545291572745037,-3.07647361238394,-2.24077408344141,0.305528165243313,-1.48517256529963,-0.771797823487127
2720,193.220338983051,457.627118644068,-0.381386898337117,-2.94561761477952,-1.45300755047269,0.184585994667034,-1.33211262792747,-0.791451025462427
2721,203.389830508475,457.627118644068,-0.222509362270366,-2.72150163952606,-1.17433341406126,0.0577424962361841,-1.13938318572752,-0.788192856606522
2722,213.559322033898,457.627118644068,-0.0726878199885293,-2.41108131680708,-1.21938749462305,-0.071442052797808,-0.911411078787104,-0.763514263592764
2723,223.728813559322,457.627118644068,0.0649392569966943,-2.02549754715339,-1.37930388831355,-0.198711835257561,-0.653805525466373,-0.719496470364818
2724,233.898305084746,457.627118644068,0.188270688099538,-1.57955038328984,-1.55977929717882,-0.319284708454088,-0.373185482831562,-0.658733907620978
2725,244.067796610169,457.627118644068,0.296322130873666,-1.09097424341295,-1.76804466287266,-0.428062295959252,-0.0769721513372917,-0.584242965961547
2726,254.237288135593,457.627118644068,0.389233549069842,-0.579552389890745,-2.06230859930876,-0.519871192891402,0.226846680768283,-0.499359399964525
2727,264.406779661017,457.627118644068,0.468204164132463,-0.0661182475861702,-2.45249367632473,-0.589723668245931,0.529972768900802,-0.407627526203144
2728,274.576271186441,457.627118644068,0.535358777623697,0.428502320607549,-2.78639716898688,-0.633084957917103,0.824065597789175,-0.312684581351816
2729,284.745762711864,457.627118644068,0.593553474173326,0.884550245654313,-2.82193926708571,-0.646133584862525,1.10101374053689,-0.218143730803582
2730,294.915254237288,457.627118644068,0.646132398723258,1.28433625028358,-2.49513588063998,-0.626001157417073,1.35320034660744,-0.127479240264065
2731,305.084745762712,457.627118644068,0.696650335781706,1.61313287735069,-2.00482477934246,-0.570978789186468,1.57375385335168,-0.0439172421754
2732,315.254237288136,457.627118644068,0.748578020889665,1.85990686697195,-1.5763816864742,-0.480678626977387,1.75677545486611,0.0296646518937836
2733,325.423728813559,457.627118644068,0.805008343310152,2.01785196970045,-1.27098012660399,-0.356140907396271,1.89753558832805,0.0908259171393587
2734,335.593220338983,457.627118644068,0.868381759609578,2.08469328171851,-1.03795768140043,-0.199879399199773,1.99263268885785,0.13763724581896
2735,345.762711864407,457.627118644068,0.940248225159743,2.06274680577131,-0.82704725756375,-0.0158609131309729,2.04010868771385,0.168738065788404
2736,355.93220338983,457.627118644068,1.02108071940526,1.95873147618622,-0.62630152708376,0.190582359990152,2.03951714549177,0.183375771798153
2737,366.101694915254,457.627118644068,1.11015328025623,1.78334458338376,-0.469996336299521,0.412905735857763,1.99194147548619,0.181425543077691
2738,376.271186440678,457.627118644068,1.20549727054071,1.55062462826007,-0.475286940407959,0.643565060651213,1.89996237075997,0.1633902020131
2739,386.440677966102,457.627118644068,1.30394792309755,1.27713739787083,-0.85419481375837,0.874281842997916,1.76757524653085,0.130380165299055
2740,396.610169491525,457.627118644068,1.40127176992927,0.981030822980816,-1.71768386826846,1.09634986407808,1.60006019032681,0.0840741334163414
2741,406.779661016949,457.627118644068,1.49234226141559,0.681011408411633,-2.70295544923993,1.30097050505151,1.40380851932715,0.0266617393153011
2742,416.949152542373,457.627118644068,1.57136198212083,0.395299313118636,-3.03723844238862,1.47960247551682,1.18611152289388,-0.0392300839893014
2743,427.118644067797,457.627118644068,1.63217122564484,0.140620254240873,-2.33453586743689,1.62431072568342,0.9549182680115,-0.110624770294854
2744,437.28813559322,457.627118644068,1.66863321763229,-0.0687097479667316,-1.08246872876835,1.72809912631046,0.718570421429141,-0.184295154143912
2745,447.457627118644,457.627118644068,1.67502502665297,-0.221556050958584,-0.0374667856492525,1.78521201881072,0.485522857249133,-0.256870861997488
2746,457.627118644068,457.627118644068,1.64639658349688,-0.31055087075632,0.510565908343807,1.79139095359017,0.264059343624943,-0.324950796837653
2747,467.796610169491,457.627118644068,1.57890700918262,-0.332460437626783,0.704487299416116,1.74407479468956,0.0620128178186565,-0.385217294247878
2748,477.966101694915,457.627118644068,1.47017729515374,-0.288314018782351,0.746371871160336,1.64253378919201,-0.113500343864222,-0.434548470404722
2749,488.135593220339,457.627118644068,1.32008917503744,-0.183288414962179,0.738697994967352,1.48793106977743,-0.256323074112841,-0.470125327083787
2750,498.305084745763,457.627118644068,1.13494259002057,-0.0263552906703302,0.713771944755648,1.28330824564917,-0.361469117116605,-0.489530324532665
2751,508.474576271186,457.627118644068,0.945826889465417,0.170287956478948,0.680609759983725,1.03349509283839,-0.425296027277202,-0.490834375759656
2752,518.64406779661,457.627118644068,0.855367520811839,0.391970889925308,0.643404811551297,0.7449467232751,-0.44563366042454,-0.472669548485694
2753,528.813559322034,457.627118644068,1.06881361572876,0.62244305430599,0.605457439834854,0.425514835792822,-0.421863616848711,-0.43428517415202
2754,538.983050847458,457.627118644068,1.73956452649683,0.844856178448329,0.569592229332883,0.0841625808364778,-0.354946718831874,-0.375585545075949
2755,549.152542372881,457.627118644068,2.59504343955988,1.04277938884543,0.538079696719484,-0.269364932661152,-0.247397335335899,-0.297147917214436
2756,559.322033898305,457.627118644068,2.88992459060298,1.20118939257884,0.512538286649272,-0.624900511337799,-0.103205145441853,-0.200220111548128
2757,569.491525423729,457.627118644068,2.13349560864012,1.30737898886964,0.493867982656022,-0.972229845757552,0.0722932995381393,-0.0866976052052493
2758,579.661016949153,457.627118644068,0.710542838756157,1.35173186204777,0.482221339093312,-1.30146567555991,0.272589157185128,0.0409193931977844
2759,589.830508474576,457.627118644068,-0.589937276078441,1.32831914065753,0.477013023492162,-1.6034053689909,0.490216389707827,0.179587798390119
2760,600,457.627118644068,-1.38129524470486,1.23528325735069,0.476967086847769,-1.86985696818356,0.717000356244333,0.325800786084993
2761,0,467.796610169491,-0.65121917275758,0.384175289213854,0.771572272920675,1.07853285260155,0.188014152704511,1.45044720484901
2762,10.1694915254237,467.796610169491,-0.765088034531054,0.475530419130677,0.959578095128559,1.00557745848894,0.118944626756986,1.37811280777536
2763,20.3389830508475,467.796610169491,-0.888420583954439,0.525294127646077,1.13266405262057,0.929486008362197,0.0161523738655064,1.27765459163409
2764,30.5084745762712,467.796610169491,-1.01637605071992,0.521741455634907,1.28530537425854,0.854240213940485,-0.117022830459558,1.15233004413108
2765,40.6779661016949,467.796610169491,-1.14347062867509,0.456425295687608,1.41238843686461,0.783038028841317,-0.27607108082501,1.00597106322803
2766,50.8474576271186,467.796610169491,-1.26389944184158,0.324758290370835,1.50940036274175,0.718165505266801,-0.455454566324107,0.842872654637564
2767,61.0169491525424,467.796610169491,-1.37187156775553,0.126372529986566,1.57252496123977,0.660927549050343,-0.648785751559307,0.66766998082278
2768,71.1864406779661,467.796610169491,-1.46193878410097,-0.134771247308373,1.59798322718944,0.611640039822093,-0.849035829752042,0.485207250647752
2769,81.3559322033898,467.796610169491,-1.52929945747607,-0.450549126571348,1.5767358867843,0.569682506518435,-1.04876670552561,0.300402157377149
2770,91.5254237288135,467.796610169491,-1.57006076960444,-0.809105910321634,1.47166839085184,0.533607335698052,-1.2403789250457,0.118109686263785
2771,101.694915254237,467.796610169491,-1.58144516270104,-1.19542108447992,1.16431793061372,0.501298503238447,-1.4163673790685,-0.0570108817215808
2772,111.864406779661,467.796610169491,-1.56193031995048,-1.59180441803338,0.425089783599765,0.470170209462074,-1.5695762817962,-0.220622046510951
2773,122.033898305085,467.796610169491,-1.5113159779876,-1.97852301442809,-0.93251610515304,0.437393695019633,-1.69344488809707,-0.368823730867795
2774,132.203389830508,467.796610169491,-1.43071516695315,-2.33521171719233,-2.72338371816373,0.400139025834266,-1.78223565704132,-0.498255280516587
2775,142.372881355932,467.796610169491,-1.32247184615682,-2.64283784575323,-4.33057669700809,0.355817835201712,-1.83123709469037,-0.606181013989283
2776,152.542372881356,467.796610169491,-1.19001110404306,-2.88486522303713,-5.12170535938314,0.30231294037213,-1.83693429806797,-0.690556991645037
2777,162.71186440678,467.796610169491,-1.03763188627957,-3.0473904836502,-4.83683603154644,0.238181413724861,-1.79714125067107,-0.750077216939419
2778,172.881355932203,467.796610169491,-0.870255396151503,-3.11947753244156,-3.69641179708062,0.162819052376829,-1.71109015495467,-0.784198076802184
2779,183.050847457627,467.796610169491,-0.693144703642416,-3.09406909220302,-2.32954648399421,0.076576186994024,-1.57947448898612,-0.793140454972801
2780,193.220338983051,467.796610169491,-0.511612575298729,-2.96876564861971,-1.36289764304608,-0.0191826988511128,-1.40444399706211,-0.777869594429076
2781,203.389830508475,467.796610169491,-0.33073501977058,-2.74608937258422,-0.976172147237474,-0.122080129685666,-1.18955141729173,-0.74005342426893
2782,213.559322033898,467.796610169491,-0.155087513168461,-2.43336449553441,-0.968847929934364,-0.228788972654266,-0.939652360024116,-0.682000684290043
2783,223.728813559322,467.796610169491,0.0114806398662676,-2.04235291913084,-1.10195499340513,-0.335156041527437,-0.660761325635716,-0.606580759377615
2784,233.898305084746,467.796610169491,0.166020748663462,-1.58867519264983,-1.25670578875321,-0.436380835721417,-0.359868335535646,-0.517127659084382
2785,244.067796610169,467.796610169491,0.306598064151122,-1.09103035040109,-1.40837835889511,-0.527241279544762,-0.044721995882997,-0.417331030476579
2786,254.237288135593,467.796610169491,0.432337781173897,-0.570248581866503,-1.57106918935631,-0.602355709400036,0.276414026622414,-0.311117461443029
2787,264.406779661017,467.796610169491,0.543401566145619,-0.0482262874350356,-1.74681467855931,-0.656468256326578,0.595023203542769,-0.202525606623321
2788,274.576271186441,467.796610169491,0.640896642844758,0.453198783467037,-1.88170194963426,-0.6847432973725,0.902608429495087,-0.0955788409953019
2789,284.745762711864,467.796610169491,0.726723535583343,0.913370958522729,-1.89080420087425,-0.683053880635452,1.1909654120938,0.00584078801985406
2790,294.915254237288,467.796610169491,0.803372294047526,1.31387721846949,-1.75267652539549,-0.648249009737249,1.45244809198311,0.098113582254122
2791,305.084745762712,467.796610169491,0.873680191328486,1.63948687961289,-1.53919633197068,-0.578385411538864,1.68021722676869,0.177994611588767
2792,315.254237288136,467.796610169491,0.94056622898799,1.8789189447165,-1.33207506583351,-0.472910876312614,1.86846377954201,0.242714207645403
2793,325.423728813559,467.796610169491,1.00675903922338,2.02539515865776,-1.15543329085565,-0.332788386649166,2.01259954247321,0.29006356092588
2794,335.593220338983,467.796610169491,1.07453527190998,2.07694862514518,-0.994210024052611,-0.160552941480135,2.10940847391763,0.318462886952073
2795,345.762711864407,467.796610169491,1.14548610104353,2.03647134995249,-0.834005258600539,0.0397038920590766,2.15715350010112,0.327010137684372
2796,355.93220338983,467.796610169491,1.22032871376841,1.91149852308737,-0.676660372206158,0.262423252526689,2.1556349884302,0.315508804319557
2797,366.101694915254,467.796610169491,1.2987750268808,1.71374193213703,-0.552766911029823,0.500740100265039,2.10619869111582,0.284473970135437
2798,376.271186440678,467.796610169491,1.37946504630164,1.45839879825107,-0.556958542625393,0.746710702296666,2.01169263255541,0.235116409764478
2799,386.440677966102,467.796610169491,1.45997161561206,1.16327476834672,-0.859546436199763,0.991597739720581,1.87637411613293,0.169305175800202
2800,396.610169491525,467.796610169491,1.53688051867453,0.847770086145652,-1.54962791678781,1.22620139531124,1.70576969885682,0.0895097464053564
2801,406.779661016949,467.796610169491,1.60594200669091,0.531785524124389,-2.33592636929692,1.44122240264536,1.50649256930112,-0.00127658965362846
2802,416.949152542373,467.796610169491,1.66228583114557,0.234609063886284,-2.59800733158612,1.62764129969261,1.28602321192868,-0.0996298787963732
2803,427.118644067797,467.796610169491,1.70069169780672,-0.0261546848096421,-2.02591450513282,1.77709711764773,1.05246049970964,-0.201802455687913
2804,437.28813559322,467.796610169491,1.71590156835859,-0.235552794685553,-1.01101690831299,1.88224850359374,0.814251383708307,-0.303840566022451
2805,447.457627118644,467.796610169491,1.7029536650981,-0.382096314097706,-0.160474056626739,1.9371008399034,0.579908107242922,-0.401709197399376
2806,457.627118644068,467.796610169491,1.65751833936585,-0.458371584530216,0.293082989514185,1.93728426252202,0.357722336365044,-0.491420432010138
2807,467.796610169491,467.796610169491,1.57622036235272,-0.461416928434841,0.464433089497477,1.88026953565672,0.155485750538868,-0.569161516345017
2808,477.966101694915,467.796610169491,1.45696635494662,-0.392844242020954,0.515867017324941,1.76551141869426,-0.0197735293099996,-0.631418834433604
2809,488.135593220339,467.796610169491,1.29963265707265,-0.258699362637454,0.529677789029297,1.59451233909314,-0.162029779930998,-0.675094072787535
2810,498.305084745763,467.796610169491,1.10950962678476,-0.0690697595516529,0.531768853970611,1.37080271505721,-0.266465668932277,-0.697609074596611
2811,508.474576271186,467.796610169491,0.912424278046284,0.162537701301334,0.529278840668023,1.09983798934094,-0.329638347160328,-0.696996192127337
2812,518.64406779661,467.796610169491,0.793180886967283,0.42001323983479,0.525397219692272,0.78881616660454,-0.349599885686262,-0.671971351042904
2813,528.813559322034,467.796610169491,0.921118894635904,0.685608284237079,0.522511588272678,0.446423216402683,-0.325967802732238,-0.621987527171368
2814,538.983050847458,467.796610169491,1.42311729093344,0.94099231135361,0.52253854264401,0.0825169446262274,-0.25994307620947,-0.547266891389018
2815,549.152542372881,467.796610169491,2.07601980444926,1.16834225085434,0.526860481056182,-0.292237304069343,-0.154274783733102,-0.448810486067979
2816,559.322033898305,467.796610169491,2.26815547407963,1.35140244538783,0.536250694023037,-0.666763600999305,-0.0131722959622493,-0.328384939729164
2817,569.491525423729,467.796610169491,1.59723852014589,1.4764547910294,0.550828065879329,-1.02998809504322,0.157832288754704,-0.188486386859315
2818,579.661016949153,467.796610169491,0.380730522753445,1.53314371201004,0.570045999379116,-1.37124976993978,0.352067099386804,-0.0322824184754232
2819,589.830508474576,467.796610169491,-0.731637939597297,1.51510877220586,0.59271620105498,-1.6806918327289,0.561942924644802,0.136466472865855
2820,600,467.796610169491,-1.4209593992826,1.42038853922412,0.617066278864801,-1.94961721439279,0.779207857732292,0.313503890592501
2821,0,477.966101694915,-0.597615040007143,0.437629110258003,0.550281197734924,0.857345029285112,0.121095093456989,1.34769453708053
2822,10.1694915254237,477.966101694915,-0.705308555796091,0.560210781720364,0.713011321306207,0.739993351374206,0.0348181664476871,1.24698451418421
2823,20.3389830508475,477.966101694915,-0.825997625394138,0.63840028679464,0.865892952739355,0.623920876352265,-0.083804285000613,1.12122090726313
2824,30.5084745762712,477.966101694915,-0.955032824024302,0.659821344282356,1.00413696833614,0.513766968991749,-0.231105133105403,0.974250209119106
2825,40.6779661016949,477.966101694915,-1.08694213873454,0.615524753504905,1.12323190686842,0.41323898495456,-0.402285013907858,0.81040361971399
2826,50.8474576271186,477.966101694915,-1.21575112126143,0.500585108285009,1.21911056744603,0.324971036405509,-0.591563148501291,0.634374227176693
2827,61.0169491525424,477.966101694915,-1.33532454596103,0.314458213109822,1.28824738215952,0.250448001911228,-0.792362674979393,0.451085067715174
2828,71.1864406779661,477.966101694915,-1.43970997639633,0.061031726010216,1.32720011593798,0.189997447654234,-0.997524577677059,0.265551753244596
2829,81.3559322033898,477.966101694915,-1.52346401707594,-0.251752529896297,1.32874462969408,0.142848557332725,-1.19954329950921,0.0827435056531215
2830,91.5254237288135,477.966101694915,-1.58194345107918,-0.612680847011203,1.26511660906369,0.107253668156453,-1.39081634584466,-0.0925535208580381
2831,101.694915254237,477.966101694915,-1.61154584262402,-1.0076275566324,1.04858667739489,0.0806647557336154,-1.56389966204561,-0.255866814437863
2832,111.864406779661,477.966101694915,-1.60988736843444,-1.41822826308372,0.507846996132986,0.0599543644445857,-1.71176031101942,-0.403158336231285
2833,122.033898305085,477.966101694915,-1.57590944371121,-1.82057748544715,-0.50351351674588,0.0416681845704638,-1.8280180024133,-0.530932242595271
2834,132.203389830508,477.966101694915,-1.50990990731187,-2.18893619648457,-1.86924315097923,0.0222948478037072,-1.90716733264386,-0.636326506192433
2835,142.372881355932,477.966101694915,-1.41349888745448,-2.50316472064577,-3.15117448648053,-0.00146236966852022,-1.94477317655928,-0.717185899794019
2836,152.542372881356,477.966101694915,-1.28948373946218,-2.75055244683373,-3.85786584256471,-0.0324273383522151,-1.93763250971081,-0.772114335223318
2837,162.71186440678,477.966101694915,-1.14169139423968,-2.92078435439143,-3.7245264344925,-0.0727210576858238,-1.88389700877688,-0.800505135741218
2838,172.881355932203,477.966101694915,-0.974739864484712,-3.00315757478172,-2.86339726224727,-0.123573059994278,-1.78315204254938,-0.802548446856535
2839,183.050847457627,477.966101694915,-0.793773341522429,-2.98905453079778,-1.77183928263274,-0.185185312720126,-1.63644908615597,-0.779215640375965
2840,193.220338983051,477.966101694915,-0.604177137539246,-2.87482594561718,-0.984803182929559,-0.256656960913999,-1.4462901204648,-0.732221221133666
2841,203.389830508475,477.966101694915,-0.411289593696193,-2.66250482673483,-0.670270585583532,-0.335975073561994,-1.21656416653487,-0.663963386717508
2842,213.559322033898,477.966101694915,-0.220127945958166,-2.35936701409635,-0.670612015532167,-0.420073094179116,-0.952437698862057,-0.577444999440565
2843,223.728813559322,477.966101694915,-0.0351440350383464,-1.97731803890324,-0.789188321754509,-0.50495512187867,-0.660202227794435,-0.476177289454172
2844,233.898305084746,477.966101694915,0.139976263463545,-1.53222075191996,-0.924734511293454,-0.585880643543354,-0.347083788835516,-0.364069102278598
2845,244.067796610169,477.966101694915,0.302458805889319,-1.04307681632723,-1.04797551131655,-0.65760107764605,-0.0210203755827726,-0.245304918964534
2846,254.237288135593,477.966101694915,0.450524472656263,-0.531049486019948,-1.15679675000946,-0.714636640993616,0.309585540642201,-0.124215200636407
2847,264.406779661017,477.966101694915,0.583406144944865,-0.0183683940497491,-1.25022613884927,-0.751579756732353,0.636131386069124,-0.00514283191185643
2848,274.576271186441,477.966101694915,0.701299560015235,0.472825514446355,-1.31423524018636,-0.763409603907885,0.950087122636732,0.107690446918865
2849,284.745762711864,477.966101694915,0.805252281969404,0.921631831680998,-1.32759009637425,-0.745801551358487,1.24326718731543,0.210313724564124
2850,294.915254237288,477.966101694915,0.896998958023423,1.30947617036335,-1.28572652657,-0.695415170163405,1.50809273794968,0.299128932634393
2851,305.084745762712,477.966101694915,0.978754588690215,1.62106969467981,-1.20825407437937,-0.610145287972446,1.7378354777986,0.371021616441849
2852,315.254237288136,477.966101694915,1.05297918025205,1.84519000393771,-1.11771189328358,-0.489322103740286,1.92683489049928,0.423457208301569
2853,325.423728813559,477.966101694915,1.1221248013664,1.97524050600414,-1.02238386861011,-0.333848652244924,2.07068155257035,0.454559960757416
2854,335.593220338983,477.966101694915,1.18837636061394,2.00955764728711,-0.920883157369805,-0.146266788304118,2.16636027559987,0.463172191378011
2855,345.762711864407,477.966101694915,1.25341392436532,1.95144931415687,-0.812342292377569,0.0692537856490153,2.21234813018506,0.44889205355128
2856,355.93220338983,477.966101694915,1.31823497171689,1.80896261157871,-0.701586075096342,0.307005258397748,2.20866387637081,0.412088663221411
2857,366.101694915254,477.966101694915,1.38303674013137,1.59439422871063,-0.60786655495324,0.559908222115135,2.1568669225835,0.353894062388187
2858,376.271186440678,477.966101694915,1.44712525593808,1.32357088121108,-0.586662482536971,0.819749209910314,2.06000560423149,0.276172168000033
2859,386.440677966102,477.966101694915,1.50886195495178,1.01494007823232,-0.736866531090029,1.07747998667415,1.92251625887404,0.181465520658047
2860,396.610169491525,477.966101694915,1.56569523574564,0.688521984777772,-1.11039469186124,1.32356620049223,1.75007622089093,0.0729212923489037
2861,406.779661016949,477.966101694915,1.61428316186796,0.364780847560949,-1.53968092776008,1.54837043868301,1.54941540966144,-0.0458013821822904
2862,416.949152542373,477.966101694915,1.65067836710093,0.0634788922124506,-1.6672006164285,1.74255285457779,1.32809258897988,-0.170640137182912
2863,427.118644067797,477.966101694915,1.67055739750772,-0.197423469253037,-1.31429332472953,1.89747143384046,1.09424358402611,-0.297251081478953
2864,437.28813559322,477.966101694915,1.66948786582728,-0.402759914373915,-0.706539831319372,2.00556371060038,0.856309714158852,-0.421139998924736
2865,447.457627118644,477.966101694915,1.643222090351,-0.540987815234278,-0.193814182364976,2.060692341998,0.622755401280119,-0.53779927282332
2866,457.627118644068,477.966101694915,1.5880002775414,-0.60480915392213,0.0900763005476264,2.05843838187832,0.401784319568848,-0.642846577923576
2867,467.796610169491,477.966101694915,1.50084615358326,-0.59154844090247,0.211721526215257,1.99632829716806,0.201063547789325,-0.732161310190625
2868,477.966101694915,477.966101694915,1.37985870871118,-0.503266961953043,0.265145809718439,1.873983643635,0.0274649652527896,-0.802014765745307
2869,488.135593220339,477.966101694915,1.22470354878694,-0.346607473280005,0.298243438174899,1.69318572853175,-0.11316739750639,-0.849190235455052
2870,498.305084745763,477.966101694915,1.03871289301909,-0.132378592031632,0.326349833765368,1.45785137724947,-0.216216166131313,-0.87108944668833
2871,508.474576271186,477.966101694915,0.837857243593361,0.125097256004903,0.353895950184993,1.17391991221376,-0.278448792418517,-0.865822151649057
2872,518.64406779661,477.966101694915,0.673457636509309,0.408835187049554,0.382913838393218,0.849155457479497,-0.29812961583803,-0.832276122485754
2873,528.813559322034,477.966101694915,0.647261785467402,0.700190158175776,0.414819248171903,0.49287251341095,-0.275081859723734,-0.770165354363355
2874,538.983050847458,477.966101694915,0.836415578948375,0.979953365190888,0.450577205974009,0.115596222045746,-0.210697259447979,-0.680054883925629
2875,549.152542372881,477.966101694915,1.11178351833018,1.2294805767197,0.490648810555655,-0.271328298540406,-0.107892759502301,-0.56336128520179
2876,559.322033898305,477.966101694915,1.11512948933318,1.43178841418638,0.534940842939497,-0.656160872592793,0.0289845163232888,-0.422328589737734
2877,569.491525423729,477.966101694915,0.612023606167574,1.57255635199062,0.582782726925894,-1.02720722536554,0.194301081521577,-0.259980073364732
2878,579.661016949153,477.966101694915,-0.206952790986465,1.64097747363436,0.632933753405937,-1.37325707317183,0.381325103684746,-0.0800470389869793
2879,589.830508474576,477.966101694915,-0.955137012663915,1.63040948664704,0.68362071766245,-1.68400060872208,0.582452533751612,0.113123616318018
2880,600,477.966101694915,-1.44145096835695,1.538788700724,0.732604675765001,-1.95040567864273,0.789463954671345,0.314680649404331
2881,0,488.135593220339,-0.466297370251883,0.46848878770167,0.307955114498612,0.638596391193805,0.104859465408766,1.21085190897938
2882,10.1694915254237,488.135593220339,-0.56165647954265,0.620559836515027,0.441205496127083,0.481784249324162,0.0041095284337223,1.08651147736289
2883,20.3389830508475,488.135593220339,-0.674295406736913,0.727276589034164,0.569992976640835,0.330095736687956,-0.127488290642973,0.940967114774948
2884,30.5084745762712,488.135593220339,-0.799809979696705,0.775939486062437,0.690381202689497,0.188680682809169,-0.286034403478708,0.778499945888216
2885,40.6779661016949,488.135593220339,-0.932790828246323,0.757295737183092,0.798570888556383,0.061642842467575,-0.466544686123831,0.603768614089679
2886,50.8474576271186,488.135593220339,-1.06714065527031,0.66613192003016,0.891039745373269,-0.0481106126081908,-0.663106533502241,0.421679737103256
2887,61.0169491525424,488.135593220339,-1.19642131425685,0.501584657140324,0.964644002488445,-0.138949840316537,-0.86906771598316,0.237252138665816
2888,71.1864406779661,488.135593220339,-1.314210897811,0.266914750181453,1.01642324436303,-0.210530511728314,-1.07725201223453,0.0554786000552437
2889,81.3559322033898,488.135593220339,-1.41445103963308,-0.0318463022651825,1.04160299639815,-0.263730400940268,-1.28019465419256,-0.118811049907963
2890,91.5254237288135,488.135593220339,-1.49176570556401,-0.388282028440872,1.02477274507438,-0.30051904741353,-1.47038990655436,-0.281081718843174
2891,101.694915254237,488.135593220339,-1.54173481679388,-0.794843586296261,0.918921026629401,-0.323768595228561,-1.64054264014607,-0.427216057782935
2892,111.864406779661,488.135593220339,-1.56110897736976,-1.23260992426107,0.631949272370249,-0.337016921795604,-1.78381556311048,-0.55362527877856
2893,122.033898305085,488.135593220339,-1.54795519170917,-1.66053924721376,0.0810551967301004,-0.344196596626493,-1.8940638545594,-0.657344705243673
2894,132.203389830508,488.135593220339,-1.50172754490501,-2.03006517812651,-0.683907593004645,-0.349344937951649,-1.9660493014533,-0.736111398469041
2895,142.372881355932,488.135593220339,-1.42326114602478,-2.3186818439814,-1.44022259569957,-0.356311375399949,-1.9956266611118,-0.788421700495502
2896,152.542372881356,488.135593220339,-1.31469195992647,-2.53481939799049,-1.91195079415734,-0.368478434009915,-1.97989584009379,-0.813567092111609
2897,162.71186440678,488.135593220339,-1.17930923787245,-2.68778646113536,-1.9146949125826,-0.388511923382169,-1.91731456801875,-0.811647369758358
2898,172.881355932203,488.135593220339,-1.02135087978783,-2.76986471931104,-1.47732421255238,-0.418154382455499,-1.80776751751282,-0.783560779817932
2899,183.050847457627,488.135593220339,-0.845755028396255,-2.76621580653851,-0.882448376565139,-0.458073571800077,-1.65258923772714,-0.730971395476271
2900,193.220338983051,488.135593220339,-0.65788335347707,-2.66784515943156,-0.45593325962427,-0.507774934281362,-1.45453978258135,-0.656254662008609
2901,203.389830508475,488.135593220339,-0.463232725663879,-2.47447376907793,-0.306962510932384,-0.565583604922211,-1.21773347625287,-0.562422652964358
2902,213.559322033898,488.135593220339,-0.267152248161299,-2.19258898676773,-0.34536443288989,-0.62869790884133,-0.947522815750905,-0.453031154943099
2903,223.728813559322,488.135593220339,-0.0745819106652019,-1.83369985195197,-0.454213815593929,-0.693312524709693,-0.650341011757215,-0.332071216165697
2904,233.898305084746,488.135593220339,0.110172494153496,-1.4133131289798,-0.572019651233388,-0.754805799066626,-0.3335080638775,-0.20384823911323
2905,244.067796610169,488.135593220339,0.283615991184614,-0.950053945576567,-0.679066521564512,-0.807982259974133,-0.00500650783681665,-0.0728520573618788
2906,254.237288135593,488.135593220339,0.443183488060723,-0.464686966548275,-0.771002955439232,-0.847358370660415,0.326765982405535,0.0563782990477344
2907,264.406779661017,488.135593220339,0.587295790506434,0.0209721282973103,-0.846305125425922,-0.867477138112156,0.653259141264357,0.179391284594671
2908,274.576271186441,488.135593220339,0.715351014677968,0.485203654164072,-0.901865997320485,-0.86323547282938,0.966039257780531,0.291957048087865
2909,284.745762711864,488.135593220339,0.827654312957359,0.907527163498704,-0.933779596281897,-0.830207274456516,1.25705610045676,0.390195311619002
2910,294.915254237288,488.135593220339,0.925294883492622,1.26977807250401,-0.941633575997081,-0.764945145004069,1.51889881921757,0.470693225893541
2911,305.084745762712,488.135593220339,1.00998606526978,1.55705837481555,-0.929827930196967,-0.665244416455709,1.74503233538716,0.530609780917584
2912,315.254237288136,488.135593220339,1.0838761697454,1.75850904229059,-0.903645083988735,-0.530354790024451,1.93000632709196,0.567763720374678
2913,325.423728813559,488.135593220339,1.14929239022828,1.86786153898032,-0.866047497591975,-0.361127246689987,2.06962978003311,0.580702365017206
2914,335.593220338983,488.135593220339,1.20837479148737,1.88373808415428,-0.818438289037401,-0.160086892103564,2.16110517501083,0.568749282542601
2915,345.762711864407,488.135593220339,1.26274821965924,1.80968421583499,-0.762511386635985,0.0685740993478786,2.20311768864699,0.532029334083811
2916,355.93220338983,488.135593220339,1.31351297030628,1.65393205349209,-0.701657548669834,0.319085444546624,2.19587625016101,0.471470264216804
2917,366.101694915254,488.135593220339,1.36141732754372,1.42890760994398,-0.644818734518753,0.584267641688251,2.14110487688266,0.388780664568689
2918,376.271186440678,488.135593220339,1.40671935692914,1.1505097237165,-0.615743835191781,0.855774886844708,2.04198435243407,0.286404812176655
2919,386.440677966102,488.135593220339,1.44878998369502,0.837200879353227,-0.65602148781086,1.12440242351875,1.90304595982533,0.167455543878912
2920,396.610169491525,488.135593220339,1.48596905717869,0.508960643857839,-0.787634631527629,1.3804454621831,1.73002058216964,0.0356269586195525
2921,406.779661016949,488.135593220339,1.51575819861392,0.186160085993236,-0.941500724300101,1.61409411938487,1.52964798270014,-0.104910677226303
2922,416.949152542373,488.135593220339,1.53507289698342,-0.111580068008409,-0.969691132505977,1.81584685477217,1.30945242270522,-0.249630927147107
2923,427.118644067797,488.135593220339,1.54044391375293,-0.36648390197862,-0.798182920067395,1.97692372947704,1.07749192512331,-0.39378274964
2924,437.28813559322,488.135593220339,1.52822342249355,-0.563606426419756,-0.52021320525214,2.08966053181764,0.842089403429589,-0.532529947600827
2925,447.457627118644,488.135593220339,1.49482826356231,-0.691656443484812,-0.28036239303584,2.14786543537334,0.611554518384222,-0.661094571309868
2926,457.627118644068,488.135593220339,1.43700663491342,-0.743610403985589,-0.133626663013897,2.14712134617085,0.393905476278064,-0.774900206527603
2927,467.796610169491,488.135593220339,1.3521060765302,-0.717083206785313,-0.0519481602564995,2.08501939399433,0.196600028213344,-0.869711054976084
2928,477.966101694915,488.135593220339,1.23833268710162,-0.6144355075183,0.00410612027535544,1.96131202273866,0.0262846675190558,-0.941762805073604
2929,488.135593220339,488.135593220339,1.09507848496114,-0.442611870011615,0.0548284673129957,1.7779776973189,-0.111429541267868,-0.98788149424039
2930,498.305084745763,488.135593220339,0.923906285331653,-0.212719184837929,0.106941449857332,1.53919320362594,-0.212156916114401,-1.00558687526706
2931,508.474576271186,488.135593220339,0.732417199812021,0.0606306492010803,0.162518659861271,1.2512136876593,-0.272886413075345,-0.993177209969419
2932,518.64406779661,488.135593220339,0.54390858405835,0.360176549332967,0.222464434273443,0.922164764044997,-0.292085029551306,-0.94979291266332
2933,528.813559322034,488.135593220339,0.403753689597613,0.667014190093556,0.287216217974743,0.561755025332528,-0.269751706224946,-0.875457040382351
2934,538.983050847458,488.135593220339,0.347528264426229,0.961695220440889,0.356786309499963,0.180920912812945,-0.207419713144236,-0.7710912605792
2935,549.152542372881,488.135593220339,0.323868408789697,1.22535764404519,0.430723811130169,-0.208581004379873,-0.108107215254303,-0.638506602924899
2936,559.322033898305,488.135593220339,0.184663344691478,1.44082345812302,0.50808984106286,-0.594616898223107,0.0237825588117613,-0.480369001130233
2937,569.491525423729,488.135593220339,-0.165441066697895,1.5936014377356,0.587456932518083,-0.965134660463746,0.182608431296406,-0.300140334111383
2938,579.661016949153,488.135593220339,-0.641486873890795,1.67273823103561,0.666934025422976,-1.30861923511425,0.361680965807909,-0.101996363763227
2939,589.830508474576,488.135593220339,-1.07548457918816,1.67146940463514,0.744216727350966,-1.61452474181056,0.553488581502749,0.109276380105894
2940,600,488.135593220339,-1.38271037147139,1.58763327592542,0.816661343321543,-1.87366492030225,0.749952692134637,0.328402116795114
2941,0,498.305084745763,-0.261874315510783,0.475751735738433,0.0550498726480016,0.434547573797233,0.137261509625384,1.04408521295118
2942,10.1694915254237,498.305084745763,-0.339121003939291,0.654380737478304,0.155771661133826,0.245713278196204,0.0252599390993927,0.901410558596445
2943,20.3389830508475,498.305084745763,-0.438613127449742,0.788568165185495,0.257477995216139,0.0651098194904482,-0.115992448645291,0.742036724464606
2944,30.5084745762712,498.305084745763,-0.556241802257952,0.865632813469605,0.357174909798184,-0.101777115686557,-0.282462506595215,0.570516152768218
2945,40.6779661016949,498.305084745763,-0.686708967699873,0.876228715944455,0.451864180639258,-0.250583971211115,-0.469089663827023,0.391657647886461
2946,50.8474576271186,498.305084745763,-0.823840722983186,0.814906164153504,0.538652645625002,-0.378224873935388,-0.669943785015988,0.210394981260905
2947,61.0169491525424,498.305084745763,-0.960938565990751,0.680256866597529,0.614845990723992,-0.482974863073037,-0.878413869994208,0.0316524446268413
2948,71.1864406779661,498.305084745763,-1.09114860534014,0.473763145066791,0.677927081290852,-0.564477932789016,-1.08742157320975,-0.139788992445768
2949,81.3559322033898,498.305084745763,-1.20782844740608,0.195190326057131,0.724846390601806,-0.623680898529662,-1.28965265200529,-0.299421269621058
2950,91.5254237288135,498.305084745763,-1.30489218530614,-0.165143610253399,0.748712253169732,-0.662697895872046,-1.47779880419695,-0.443131021375667
2951,101.694915254237,498.305084745763,-1.37711567267018,-0.621897862633737,0.730794899885143,-0.684613853616721,-1.64480195267006,-0.567310217727351
2952,111.864406779661,498.305084745763,-1.42038693348221,-1.15464964206162,0.634990771829294,-0.693238374745176,-1.78409289278515,-0.66895261221664
2953,122.033898305085,498.305084745763,-1.4318899761082,-1.66554101841869,0.427228810219326,-0.692823956144766,-1.88981634389595,-0.745733329799866
2954,132.203389830508,498.305084745763,-1.41021424364171,-2.03024019658435,0.121342512251023,-0.687764256833153,-1.95703483695546,-0.796069382938374
2955,142.372881355932,498.305084745763,-1.35538621723847,-2.21891205074659,-0.201866136412238,-0.68228909677142,-1.98190451491377,-0.819159422711359
2956,152.542372881356,498.305084745763,-1.2688240545343,-2.31124530348561,-0.430535946447686,-0.680172986360014,-1.96181680174492,-0.815001599275556
2957,162.71186440678,498.305084745763,-1.15322035200834,-2.38272325369413,-0.47538196235968,-0.684473244975288,-1.89550098188635,-0.784389007047993
2958,172.881355932203,498.305084745763,-1.01236194169586,-2.43615025866586,-0.333976857292408,-0.697312202790968,-1.78308398996595,-0.728882808186939
2959,183.050847457627,498.305084745763,-0.850898867378218,-2.43639109725411,-0.121595602307285,-0.719715671917894,-1.62610510028708,-0.650763746313116
2960,193.220338983051,498.305084745763,-0.674077167174928,-2.35702176323797,0.0201474565840735,-0.751516935932962,-1.42748468134553,-0.552963363870368
2961,203.389830508475,498.305084745763,-0.48745169618902,-2.19041082608467,0.0416871091432995,-0.791332087894127,-1.19144769418868,-0.438976804366679
2962,213.559322033898,498.305084745763,-0.296595882331405,-1.94072703868147,-0.0191659595063337,-0.836608816869365,-0.92340411464059,-0.31275959909449
2963,223.728813559322,498.305084745763,-0.106825001705363,-1.61842137147383,-0.11184143901486,-0.883746888525701,-0.629789898324501,-0.178611292216758
2964,233.898305084746,498.305084745763,0.0770516784566064,-1.23804156982786,-0.209089811702004,-0.928284779686227,-0.317873435780031,-0.0410491354277371
2965,244.067796610169,498.305084745763,0.250936625903018,-0.817166718215435,-0.301409943339652,-0.965143400274962,0.00446638207758384,0.095324627080092
2966,254.237288135593,498.305084745763,0.411597177686093,-0.375442560343541,-0.385840554603624,-0.988914746699022,0.32898339036577,0.225958169353739
2967,264.406779661017,498.305084745763,0.556759022285888,0.0664645234763437,-0.460998653141231,-0.994180835298145,0.647320822325616,0.346484384986232
2968,274.576271186441,498.305084745763,0.685137291252194,0.487968408129287,-0.52572892042116,-0.975846490952368,0.951273087993262,0.452850287873094
2969,284.745762711864,498.305084745763,0.796410916976131,0.869660988474484,-0.579087990920272,-0.92946860694043,1.23304410089609,0.541437840638664
2970,294.915254237288,498.305084745763,0.891168715408777,1.19434635642329,-0.620878928435616,-0.851564400432604,1.48549365722362,0.60917276085782
2971,305.084745762712,498.305084745763,0.970887762192684,1.44795421300104,-0.651794917212035,-0.739881973720205,1.7023637170303,0.653618174062492
2972,315.254237288136,498.305084745763,1.03791753294651,1.62028195923118,-0.672866423438101,-0.593618121344045,1.87847705448416,0.673050390023818
2973,325.423728813559,498.305084745763,1.09505532466409,1.70552436490561,-0.684995186435145,-0.413570722874023,2.00990161509644,0.666514564121663
2974,335.593220338983,498.305084745763,1.14424618748764,1.70256147414789,-0.689002923436941,-0.202216117219359,2.09407501481332,0.633858555725986
2975,345.762711864407,498.305084745763,1.18551187150757,1.61498881773017,-0.685841466881451,0.036294578743685,2.12988490368685,0.575743895529645
2976,355.93220338983,498.305084745763,1.21831464441229,1.45088831781259,-0.676884754142099,0.296222338245556,2.11770235386432,0.493633407342213
2977,366.101694915254,498.305084745763,1.24413067309622,1.22235269287599,-0.66507844824298,0.570408353866779,2.05936697092501,0.389755679617354
2978,376.271186440678,498.305084745763,1.26609328004531,0.944789893735989,-0.657698772097774,0.850517492711574,1.95812401854605,0.267047230042075
2979,386.440677966102,498.305084745763,1.28607767894834,0.636046358201675,-0.667243042356375,1.12734737528897,1.81851543647694,0.129073834918073
2980,396.610169491525,498.305084745763,1.30341327372489,0.315397975638857,-0.700277103555959,1.39119003663628,1.64622816795249,-0.0200669136835343
2981,406.779661016949,498.305084745763,1.3159108812143,0.00246503632560149,-0.736171146398032,1.63223038183611,1.4479046435754,-0.175859222473616
2982,416.949152542373,498.305084745763,1.32094262870123,-0.283888311693847,-0.730735954940379,1.84096363168584,1.23092154616449,-0.333495814017956
2983,427.118644067797,498.305084745763,1.31572088480712,-0.526608704460214,-0.661671779772738,2.00861277028446,1.00314406174704,-0.488014290697104
2984,437.28813559322,498.305084745763,1.29731013498355,-0.711403466866867,-0.556357560692296,2.12752671731811,0.772663668740378,-0.634439396820319
2985,447.457627118644,498.305084745763,1.26273621957659,-0.82753279229788,-0.457397631631461,2.19154057352732,0.547528100973017,-0.76792723903243
2986,457.627118644068,498.305084745763,1.2091924963045,-0.868400023008135,-0.380735501676026,2.19628080389093,0.335472419705394,-0.883907441842567
2987,467.796610169491,498.305084745763,1.13427667260355,-0.83190714731813,-0.317636237096702,2.13940056218801,0.143660133742438,-0.978219242515836
2988,477.966101694915,498.305084745763,1.03622454704068,-0.720555767153629,-0.256051489892353,2.0207334157225,-0.0215569866040145,-1.04723766756976
2989,488.135593220339,498.305084745763,0.914149692086375,-0.541288041036112,-0.189741040737171,1.84235735831929,-0.154852338337979,-1.08798617852265
2990,498.305084745763,498.305084745763,0.768458533670611,-0.305076676975116,-0.116658485115648,1.60856503346947,-0.25210394758525,-1.09823252119361
2991,508.474576271186,498.305084745763,0.602110292703204,-0.0262871217595778,-0.0363368065733766,1.32574033812838,-0.310533852290226,-1.0765649517757
2992,518.64406779661,498.305084745763,0.423601053204446,0.278152120295413,0.0511135191731472,1.00214584082553,-0.328802600262837,-1.02244653253317
2993,528.813559322034,498.305084745763,0.248905377221815,0.589724322171547,0.145188338737553,0.647629523979787,-0.307055529975315,-0.936245776471435
2994,538.983050847458,498.305084745763,0.0917204241220157,0.889389630174675,0.244987024372844,0.273263056741671,-0.246919092617263,-0.819242557947705
2995,549.152542372881,498.305084745763,-0.0601234839557221,1.15868042250343,0.349197273856415,-0.109073053743022,-0.151447130784562,-0.673608877703862
2996,559.322033898305,498.305084745763,-0.247783207641363,1.38076518377231,0.456096165300639,-0.487139646829006,-0.025018696931959,-0.502364757968308
2997,569.491525423729,498.305084745763,-0.496032127689477,1.54142086094592,0.563571179050863,-0.848805023907573,0.126809382152446,-0.309310227332311
2998,579.661016949153,498.305084745763,-0.774601585105263,1.62985874614171,0.66916151638133,-1.1825068668092,0.297490464396138,-0.098935017295939
2999,589.830508474576,498.305084745763,-1.02802397021588,1.63935709901979,0.770118966471829,-1.47769003668376,0.479710470574225,0.123691785550239
3000,600,498.305084745763,-1.22650356221912,1.56766452210406,0.863486670023358,-1.7252014555524,0.665637399834916,0.353049323023305
3001,0,508.474576271186,0.00578435745727024,0.459567262439063,-0.197955581131187,0.256067480283862,0.212801329784879,0.852683393939939
3002,10.1694915254237,508.474576271186,-0.0483861408121713,0.660689140320875,-0.131602101704345,0.0447355215215632,0.0931738994830679,0.697326661240738
3003,20.3389830508475,508.474576271186,-0.130319656403538,0.820109957651145,-0.0590007169866753,-0.156122311486352,-0.0540166995234713,0.530279460338993
3004,30.5084745762712,508.474576271186,-0.236244996726291,0.925510525448431,0.0178573221713387,-0.34087877811201,-0.224704630946024,0.35619937452924
3005,40.6779661016949,508.474576271186,-0.361018734890632,0.967667833335254,0.0968406626706983,-0.50506434310372,-0.413862705116378,0.179869355867676
3006,50.8474576271186,508.474576271186,-0.498433606440308,0.940947112361522,0.175753322377334,-0.6455232823657,-0.615658616789386,0.00606925210138379
3007,61.0169491525424,508.474576271186,-0.641572633912503,0.843072335793549,0.252407359614363,-0.760496932091771,-0.823639819365547,-0.160552378284273
3008,71.1864406779661,508.474576271186,-0.783188984916708,0.671877615374076,0.324663769836477,-0.849631230450226,-1.03094113845152,-0.31560273014283
3009,81.3559322033898,508.474576271186,-0.916090842343237,0.413321942286453,0.390284068779603,-0.91390957883548,-1.23050842883001,-0.455062148496495
3010,91.5254237288135,508.474576271186,-1.03351094833096,0.0216421657295941,0.446068128071053,-0.955515851219287,-1.41533099619573,-0.575391288600783
3011,101.694915254237,508.474576271186,-1.12944192884028,-0.567752222976698,0.485687722381558,-0.977635916302618,-1.57867515930672,-0.67362513285954
3012,111.864406779661,508.474576271186,-1.19892091029383,-1.33067121838349,0.498071909229022,-0.984209132460753,-1.71431123265278,-0.747451301063009
3013,122.033898305085,508.474576271186,-1.23825015253343,-2.04019903581919,0.472340556631679,-0.979643776505801,-1.81672636928975,-0.795270504242806
3014,132.203389830508,508.474576271186,-1.24514425253068,-2.40006085374591,0.410039697573875,-0.968512150358174,-1.88131611462709,-0.816237466480389
3015,142.372881355932,508.474576271186,-1.21879870140405,-2.36359393939392,0.331518177196268,-0.955242086868021,-1.90454817279996,-0.810281160822472
3016,152.542372881356,508.474576271186,-1.15987896731551,-2.17178860806242,0.269053381329882,-0.943821699372076,-1.88409275787598,-0.778103761221247
3017,162.71186440678,508.474576271186,-1.07043358901907,-2.04999865858637,0.252626484696378,-0.937533483637026,-1.81891496517084,-0.721158287290325
3018,172.881355932203,508.474576271186,-0.953738768611613,-2.02490697658263,0.286844032076009,-0.938732322830766,-1.70932581943009,-0.641605497193631
3019,183.050847457627,508.474576271186,-0.814085438073672,-2.01553367753723,0.337772423399807,-0.948679644125934,-1.55698999713281,-0.54225115050864
3020,193.220338983051,508.474576271186,-0.656522565269724,-1.95621342617754,0.361367096092496,-0.967443044530835,-1.36488963602748,-0.426465301996195
3021,203.389830508475,508.474576271186,-0.486572425060609,-1.82301063497687,0.341802075109978,-0.993867289964262,-1.13724508976411,-0.298085784081045
3022,213.559322033898,508.474576271186,-0.309934601624669,-1.61529607353915,0.290767304934522,-1.02561886599525,-0.879394911415764,-0.161308476766633
3023,223.728813559322,508.474576271186,-0.132195572245563,-1.34167104966011,0.224311375845692,-1.05930240736695,-0.597638709376414,-0.0205673363737212
3024,233.898305084746,508.474576271186,0.0414401332026284,-1.01513780704645,0.151482807133141,-1.09064354931479,-0.29904776705812,0.119592551619035
3025,244.067796610169,508.474576271186,0.20638293252248,-0.651596487508823,0.0759428912417884,-1.1147292167583,0.00875058811067685,0.254645423693088
3026,254.237288135593,508.474576271186,0.358843593912521,-0.268893697386967,-0.000622069103870706,-1.12629327539762,0.317807977923741,0.380215208124623
3027,264.406779661017,508.474576271186,0.495962705555815,0.114148066715397,-0.0770261592844237,-1.12003296822533,0.620101759714604,0.492202211982757
3028,274.576271186441,508.474576271186,0.61588311415495,0.478748838839529,-0.152228528546174,-1.09093977980619,0.90778560212187,0.586902605437174
3029,284.745762711864,508.474576271186,0.717795006877504,0.807188177814757,-0.225302273879857,-1.03462740155041,1.17343567434633,0.661117361590342
3030,294.915254237288,508.474576271186,0.802099882777476,1.08376473440191,-0.295480442118123,-0.947639366979126,1.41028437008222,0.712247580220432
3031,305.084745762712,508.474576271186,0.871012888574873,1.29564509691381,-0.362162382080152,-0.827719697023505,1.61243385231039,0.738373479294569
3032,315.254237288136,508.474576271186,0.929393057014489,1.43355469252963,-0.424849656379703,-0.674031508967626,1.77504232750768,0.738314769729848
3033,325.423728813559,508.474576271186,0.983283374000634,1.49227225556156,-0.483086219190651,-0.487310924369832,1.89447681843082,0.711670625357787
3034,335.593220338983,508.474576271186,1.03332596761839,1.4709002705627,-0.536445008338524,-0.269946648713104,1.96842727631928,0.658838008272624
3035,345.762711864407,508.474576271186,1.06951645544909,1.37289625105065,-0.584533613763734,-0.0259791434787214,1.99597812179797,0.581007695116255
3036,355.93220338983,508.474576271186,1.08028284993827,1.20586302984501,-0.627038454387662,0.238982801045177,1.97763468853755,0.480137956677959
3037,366.101694915254,508.474576271186,1.06856882678156,0.981109671347682,-0.663966274097362,0.517926244890952,1.91530351967027,0.35890645509487
3038,376.271186440678,508.474576271186,1.05035874697781,0.713007418515936,-0.69623253461924,0.802673188279418,1.81222698559475,0.220641523324983
3039,386.440677966102,508.474576271186,1.03780085407892,0.418176541019658,-0.725852631844695,1.0841849775875,1.67287420296545,0.0692345640397801
3040,396.610169491525,508.474576271186,1.03168175977952,0.114549413797263,-0.753564017314407,1.3529191042188,1.50279168815057,-0.0909641660773241
3041,406.779661016949,508.474576271186,1.02731146638096,-0.179637904904934,-0.774293025279077,1.59922273417172,1.30841852568473,-0.255263650068983
3042,416.949152542373,508.474576271186,1.02043559375487,-0.446869301298378,-0.777947117486982,1.81374529342274,1.0968720279337,-0.418760946750202
3043,427.118644067797,508.474576271186,1.00814800084116,-0.671330262358528,-0.7591456903111,1.9878512500807,0.875710865806637,-0.576477316835986
3044,437.28813559322,508.474576271186,0.988007439197423,-0.839792697153904,-0.723182445672262,2.11401394115231,0.652683427542637,-0.723497962186928
3045,447.457627118644,508.474576271186,0.957572613738899,-0.942353444120243,-0.678693178687922,2.18617190942762,0.435469686350752,-0.855111574887963
3046,457.627118644068,508.474576271186,0.914420978587313,-0.972985142683857,-0.628738068951445,2.20003072032173,0.231425109267365,-0.966945868989872
3047,467.796610169491,508.474576271186,0.8563329077357,-0.929868624894679,-0.571257809873468,2.15329555256976,0.0473351092365457,-1.05509534755835
3048,477.966101694915,508.474576271186,0.781502789600765,-0.815488196050396,-0.50367048587188,2.04582289386672,-0.110811770330839,-1.11623773965372
3049,488.135593220339,508.474576271186,0.688743701550864,-0.636484441036496,-0.424850469413706,1.8796832816645,-0.238024335460592,-1.14773582168962
3050,498.305084745763,508.474576271186,0.577709318382515,-0.403272773742434,-0.334809705912104,1.65913104130499,-0.3304761244778,-1.147721708303
3051,508.474576271186,508.474576271186,0.449270043451374,-0.129449080469269,-0.234159759656143,1.39048119963223,-0.385634002557587,-1.11516114992223
3052,518.64406779661,508.474576271186,0.306228203867807,0.168984241157757,-0.123911244325546,1.08189799262847,-0.402343541174273,-1.04989589590569
3053,528.813559322034,508.474576271186,0.153761720650261,0.474528449156118,-0.00543952838056217,0.743103439783102,-0.380868173318754,-0.952662759752286
3054,538.983050847458,508.474576271186,-0.00273762372034874,0.769183755376172,0.119519296858426,0.385018133686759,-0.322880639813803,-0.825088641186512
3055,549.152542372881,508.474576271186,-0.162898685118602,1.03547385795288,0.248880162901815,0.0193495163806958,-0.231406823148492,-0.669661402443373
3056,559.322033898305,508.474576271186,-0.332170794159808,1.25744211586998,0.380234971755601,-0.341854663905114,-0.110723650669544,-0.489677145632295
3057,569.491525423729,508.474576271186,-0.512052904209749,1.4215633039983,0.510893476922931,-0.686668415710656,0.0337857140036161,-0.289165077177306
3058,579.661016949153,508.474576271186,-0.691821456580177,1.51751956122287,0.637938660684776,-1.0037450726804,0.195814735196682,-0.072791756739243
3059,589.830508474576,508.474576271186,-0.855265332054623,1.53879670414181,0.758295494101915,-1.28275056398976,0.368348479661315,0.154252904886877
3060,600,508.474576271186,-0.992030290163697,1.4830671042547,0.868811345550857,-1.51475370953858,0.543903658379697,0.386385027137654
3061,0,518.64406779661,0.3221994553518,0.421214306822455,-0.441091923296063,0.111913520648025,0.322954413472757,0.642861012448663
3062,10.1694915254237,518.64406779661,0.294875702772885,0.639740912980421,-0.409734356311368,-0.110865226243015,0.199626396900658,0.480630548608338
3063,20.3389830508475,518.64406779661,0.233899647905083,0.821006823637624,-0.367276405427807,-0.321869977930097,0.0505163605899954,0.312049919674635
3064,30.5084745762712,518.64406779661,0.142673296709876,0.95338897061469,-0.314676323124417,-0.51553692739276,-0.120377859510645,0.141718783506157
3065,40.6779661016949,518.64406779661,0.0261502217101978,1.02800405794151,-0.253157100787115,-0.687454070184264,-0.308171602530311,-0.025774068632209
3066,50.8474576271186,518.64406779661,-0.109466962881947,1.03909941450161,-0.184166854528368,-0.834513278768149,-0.507244639776643,-0.185971768450306
3067,61.0169491525424,518.64406779661,-0.25708234231643,0.983278299447766,-0.109335117033984,-0.954991027451486,-0.711418637270537,-0.334666748426498
3068,71.1864406779661,518.64406779661,-0.409095668430407,0.853203171488179,-0.0304317392734089,-1.0485550062441,-0.91415516427824,-0.4680113543084
3069,81.3559322033898,518.64406779661,-0.557803490037719,0.614893047926034,0.0506397011371303,-1.11619764325066,-1.10876786593208,-0.582618772469638
3070,91.5254237288135,518.64406779661,-0.695791432345133,0.170275400054558,0.131709818222705,-1.16010126178848,-1.28864190150126,-0.675651596640451
3071,101.694915254237,518.64406779661,-0.816297748752513,-0.61768304966745,0.209951408613918,-1.18344304625165,-1.44745345783249,-0.744895674453159
3072,111.864406779661,518.64406779661,-0.913530407422783,-1.71925204627142,0.281570097428529,-1.19015100890928,-1.57938209116035,-0.788817253833372
3073,122.033898305085,518.64406779661,-0.982922977573308,-2.72000293163466,0.342722415976259,-1.18462458898843,-1.67930883338813,-0.80660188290205
3074,132.203389830508,518.64406779661,-1.02131826665827,-3.07387434349674,0.391882801506926,-1.17143525509586,-1.74299341665248,-0.798173993618043
3075,142.372881355932,518.64406779661,-1.02707281787438,-2.70974947407425,0.431380918931453,-1.15502343661974,-1.76722461029001,-0.764196606562962
3076,152.542372881356,518.64406779661,-1.00007977613607,-2.10292664158795,0.4667236436705,-1.13940823256472,-1.74993850753421,-0.706051118837215
3077,162.71186440678,518.64406779661,-0.941712030826132,-1.69648551472522,0.503920279578849,-1.1279256319348,-1.69030061884562,-0.625797665238226
3078,172.881355932203,518.64406779661,-0.85469171155811,-1.55184831950052,0.54375997494095,-1.123009464452,-1.58874879214636,-0.526117060784592
3079,183.050847457627,518.64406779661,-0.742895832782439,-1.52152116287551,0.578203891950723,-1.12602706000721,-1.44699524984028,-0.410235826471391
3080,193.220338983051,518.64406779661,-0.611110966895859,-1.48293890156138,0.596746197071175,-1.13717874172887,-1.26798736702834,-0.281836256680343
3081,203.389830508475,518.64406779661,-0.464752124215736,-1.38860526365557,0.595269197234561,-1.15546695339188,-1.05582817102839,-0.144953893615814
3082,213.559322033898,518.64406779661,-0.309562427700805,-1.23106415236475,0.576041000800836,-1.17873719305572,-0.815658874446558,-0.00386512042290092
3083,223.728813559322,518.64406779661,-0.151310636592528,-1.01639135009785,0.542564934989944,-1.20378917265021,-0.553507018382089,0.137032139265119
3084,233.898305084746,518.64406779661,0.00449690593680475,-0.755521807277241,0.497021489826065,-1.22655293548596,-0.276104956603417,0.273341429435617
3085,244.067796610169,518.64406779661,0.152874704613079,-0.462108106140861,0.44060375381242,-1.24232122530088,0.00931558318529647,0.400791177014361
3086,254.237288135593,518.64406779661,0.289573984537498,-0.15158494283708,0.374261318347179,-1.24602638448442,0.295246302759753,0.515355186572124
3087,264.406779661017,518.64406779661,0.411247300442992,0.159695568316111,0.299014352474479,-1.23254761809215,0.574135332651387,0.613366947621727
3088,274.576271186441,518.64406779661,0.515572341852917,0.455366529326981,0.216017554739969,-1.19703271870523,0.838622880881178,0.691624636018072
3089,284.745762711864,518.64406779661,0.601464002768742,0.719950115955431,0.126555985949546,-1.13521739543041,1.08177185408817,0.747483923144325
3090,294.915254237288,518.64406779661,0.669987281906619,0.93971301209556,0.032027873249548,-1.0437252399905,1.29728589604934,0.778936016920191
3091,305.084745762712,518.64406779661,0.727308746307096,1.10342563516542,-0.0660713670570495,-0.920332104195937,1.47970766082212,0.78466873941469
3092,315.254237288136,518.64406779661,0.788761117061064,1.20298263949788,-0.166161267130764,-0.764180224441427,1.62459074929145,0.764108887281178
3093,325.423728813559,518.64406779661,0.873275923534368,1.23384987646986,-0.266589808026579,-0.575929738066383,1.72863956990894,0.717444611981183
3094,335.593220338983,518.64406779661,0.976087286452802,1.1953126439303,-0.365651437093713,-0.357838184208819,1.78981241058601,0.64562708407309
3095,345.762711864407,518.64406779661,1.04714377389782,1.09051113491604,-0.461608654396368,-0.113762027105443,1.80738419616698,0.550351255911997
3096,355.93220338983,518.64406779661,1.03039300380633,0.926260878428299,-0.552722575253155,0.150921983431966,1.78196671623985,0.434016095452413
3097,366.101694915254,518.64406779661,0.93277017011811,0.712667988844522,-0.637316286344126,0.429473874443969,1.71548549852448,0.299665215675306
3098,376.271186440678,518.64406779661,0.818414971002236,0.462560532094029,-0.713893052030602,0.71402031275136,1.61111392808962,0.150909354771653
3099,386.440677966102,518.64406779661,0.737254225545435,0.190767631559935,-0.781194874731498,0.99584799610037,1.47316662516809,-0.00816734261937813
3100,396.610169491525,518.64406779661,0.693174578313315,-0.0867135047196127,-0.837867910943035,1.26574806238304,1.30695544749322,-0.173114846464215
3101,406.779661016949,518.64406779661,0.669033405394952,-0.353616133541623,-0.881797879875336,1.51439634112633,1.11861273170742,-0.339235782629086
3102,416.949152542373,518.64406779661,0.651604355846266,-0.594317875685442,-0.910262900732026,1.73275231105983,0.914887490556927,-0.50171189851911
3103,427.118644067797,518.64406779661,0.635096029139832,-0.794718820379803,-0.921457561264112,1.91245847192512,0.702921200979111,-0.655735123634276
3104,437.28813559322,518.64406779661,0.616887624458195,-0.943034636445732,-0.91543748209874,2.04622154868844,0.490010521403098,-0.796639749067886
3105,447.457627118644,518.64406779661,0.594928656186049,-1.03046019506989,-0.89302167088196,2.12815754126682,0.283364740189917,-0.920032194816031
3106,457.627118644068,518.64406779661,0.567119992218655,-1.05166641087632,-0.854448571591175,2.15408408943767,0.0898659645296049,-1.02191487200179
3107,467.796610169491,518.64406779661,0.531367195456285,-1.00510230764535,-0.799466625580748,2.12174587581403,-0.0841599978950624,-1.09880077828083
3108,477.966101694915,518.64406779661,0.485762360489902,-0.893085194410441,-0.728055335406677,2.03096173610082,-0.233154433022326,-1.14781568585507
3109,488.135593220339,518.64406779661,0.428774372111916,-0.721673689248832,-0.640738745774153,1.88368564811371,-0.352511134227231,-1.16678508734415
3110,498.305084745763,518.64406779661,0.359427597883446,-0.500330489077352,-0.53853967059051,1.68397766495157,-0.43873019184969,-1.15430344764421
3111,508.474576271186,518.64406779661,0.277479595870018,-0.241393573159525,-0.422892897621938,1.43788495974851,-0.489534937459538,-1.1097837601504
3112,518.64406779661,518.64406779661,0.183618432261498,0.0406147152511373,-0.295602246466376,1.15323726565818,-0.503948022911696,-1.03348591180925
3113,528.813559322034,518.64406779661,0.0795772779610759,0.329802144719257,-0.158814883088675,0.839364930115833,-0.482323954290604,-0.926522910334084
3114,538.983050847458,518.64406779661,-0.0322044271940562,0.609799094319148,-0.014991913922669,0.506751370251191,-0.426336836095653,-0.790844604297665
3115,549.152542372881,518.64406779661,-0.149447982071372,0.864679113580951,0.133130415432333,0.166634747138227,-0.338923564284285,-0.62919911761897
3116,559.322033898305,518.64406779661,-0.270249423600836,1.07985594932649,0.282589486529304,-0.169423973636518,-0.224184189043165,-0.445072808662211
3117,569.491525423729,518.64406779661,-0.391672108292068,1.24290670155093,0.430254446498894,-0.489987850452816,-0.0872426001681533,-0.242610135220992
3118,579.661016949153,518.64406779661,-0.508607703164881,1.34427484940353,0.572892671901802,-0.784186267909391,0.0659279781027023,-0.0265153449140704
3119,589.830508474576,518.64406779661,-0.61501937222031,1.37781356445007,0.70724314842559,-1.0421335060184,0.228709004820144,0.198061598390185
3120,600,518.64406779661,-0.70592275739338,1.34113863077882,0.830095028579521,-1.25530546673548,0.394063466568578,0.425652010760285
3121,0,528.813559322034,0.66925461078814,0.363025505180106,-0.665384959050049,0.00815719420429682,0.456781315189824,0.421521986478837
3122,10.1694915254237,528.813559322034,0.671056834581126,0.593002864310081,-0.668484210437545,-0.214157879893507,0.333853888999331,0.258184937169546
3123,20.3389830508475,528.813559322034,0.633165838618033,0.791657031226989,-0.656237772511626,-0.424370051604473,0.187032442811536,0.093982539121855
3124,30.5084745762712,528.813559322034,0.5585964038277,0.948374432120461,-0.62857039417141,-0.617184841607623,0.0201485053341918,-0.0666977862320103
3125,40.6779661016949,528.813559322034,0.452087295783303,1.05482481615565,-0.585780065596435,-0.78841272586443,-0.162162011335598,-0.219616074578696
3126,50.8474576271186,528.813559322034,0.319805448759562,1.10525181782167,-0.528535074434161,-0.935112674450537,-0.354601861970311,-0.360789402148475
3127,61.0169491525424,528.813559322034,0.168989851671718,1.09526534012195,-0.457862343105822,-1.0556678426243,-0.551379082051826,-0.486594471100529
3128,71.1864406779661,528.813559322034,0.00755505130057087,1.01318421304299,-0.375128016814305,-1.14979081603399,-0.746391853018185,-0.59386056196927
3129,81.3559322033898,528.813559322034,-0.156324408622184,0.809041248848314,-0.282015009115959,-1.21845939916186,-0.933425664532758,-0.679950461732588
3130,91.5254237288135,528.813559322034,-0.314627017688172,0.34351926763216,-0.180512641705735,-1.26378745206881,-1.10635636928243,-0.742827281337635
3131,101.694915254237,528.813559322034,-0.459874038497463,-0.577399613900636,-0.0729367659210286,-1.28883855076403,-1.25935248399979,-0.781105436034354
3132,111.864406779661,528.813559322034,-0.585477069048466,-1.9206242125667,0.0380639166210232,-1.29739310909126,-1.38707006630474,-0.794084466625284
3133,122.033898305085,528.813559322034,-0.686027328417847,-3.12737626755677,0.149670976660742,-1.29368191334336,-1.4848336928497,-0.781764819548002
3134,132.203389830508,528.813559322034,-0.757514099091496,-3.45897242357488,0.259270734066805,-1.2821006707187,-1.54879747514162,-0.744845167426236
3135,142.372881355932,528.813559322034,-0.797463834471314,-2.82624853808744,0.364765589676978,-1.26692107802929,-1.57608066316904,-0.684701327557164
3136,152.542372881356,528.813559322034,-0.804995831275738,-1.88688874046525,0.464635829936921,-1.25201403353413,-1.56487318465421,-0.603347311582476
3137,162.71186440678,528.813559322034,-0.780794836415831,-1.25335050069462,0.557633205064175,-1.24059993730259,-1.51450742423794,-0.503379503103359
3138,172.881355932203,528.813559322034,-0.727005270701784,-1.01442289828016,0.641837381162573,-1.23503958838268,-1.42549363162731,-0.387905399289211
3139,183.050847457627,528.813559322034,-0.647055685531224,-0.971285988375532,0.714035733679196,-1.23667706221101,-1.29951752568935,-0.260458756210045
3140,193.220338983051,528.813559322034,-0.545425426842328,-0.957264901315739,0.770791411868374,-1.24574324525413,-1.13939989433971,-0.124903335171003
3141,203.389830508475,528.813559322034,-0.427368101385864,-0.90635457208902,0.809946007652067,-1.26132555084166,-0.94901923747348,0.0146722506388267
3142,213.559322033898,528.813559322034,-0.298608204855795,-0.80533166720158,0.830678398445877,-1.28140589786202,-0.733199720996867,0.154065851349282
3143,223.728813559322,528.813559322034,-0.165028108851316,-0.657633092918785,0.832713933505399,-1.30296547431822,-0.497567863740587,0.289076351018345
3144,233.898305084746,528.813559322034,-0.0323624938992775,-0.47173801397277,0.815935796099026,-1.32215130866637,-0.248382427137005,0.41561849312959
3145,244.067796610169,528.813559322034,0.0940837198247129,-0.258573934238133,0.780451475636538,-1.33449640870733,0.00765711525820045,0.529834943654794
3146,254.237288135593,528.813559322034,0.209680007653661,-0.0306429665924428,0.726717229554724,-1.33518236460016,0.263617415853971,0.628202635573306
3147,264.406779661017,528.813559322034,0.310670353367941,0.198707020782741,0.655585605051166,-1.31933099395575,0.512546747782279,0.707630576719008
3148,274.576271186441,528.813559322034,0.394373249467441,0.416040085911853,0.568304199356925,-1.28230995105012,0.747692183033631,0.76554651433093
3149,284.745762711864,528.813559322034,0.459780662195113,0.608594721310604,0.466495002025422,-1.2200363146697,0.962711386290879,0.799970129566554
3150,294.915254237288,528.813559322034,0.510423936999056,0.765009369287026,0.352123483579294,-1.12926205898743,1.15187209481966,0.809570776563564
3151,305.084745762712,528.813559322034,0.563581886077241,0.875970088427381,0.227459738187057,-1.00782600901911,1.31023272201781,0.793708174856808
3152,315.254237288136,528.813559322034,0.662988271488087,0.934743781922453,0.0950326937380763,-0.85485835673117,1.43379810785355,0.752454901120991
3153,325.423728813559,528.813559322034,0.862202506489803,0.937566769456229,-0.0424219135840557,-0.67092599749192,1.51964522531488,0.686599995212096
3154,335.593220338983,528.813559322034,1.14167483410118,0.883866564803646,-0.182018873664694,-0.458109735875382,1.5660146132955,0.597633484347083
3155,345.762711864407,528.813559322034,1.3432665737655,0.776304058782764,-0.320784962531773,-0.220007671275891,1.5723644122489,0.48771212545126
3156,355.93220338983,528.813559322034,1.29066248791795,0.620633379334528,-0.455723912179433,0.0383373499018426,1.53938509368266,0.359607156430025
3157,366.101694915254,528.813559322034,1.00046107167804,0.425386942746136,-0.583886097254768,0.310584610912834,1.46897425855999,0.216635319684873
3158,376.271186440678,528.813559322034,0.664861277504446,0.201403047430442,-0.702443906291109,0.589311447378675,1.36417219083634,0.0625748633026586
3159,386.440677966102,528.813559322034,0.433828381384137,-0.0387777589039334,-0.808758747748766,0.86628947438498,1.22906014745789,-0.0984313745563039
3160,396.610169491525,528.813559322034,0.318065732724836,-0.281613886598959,-0.900401546823624,1.13280930692344,1.06862460225843,-0.261983344987703
3161,406.779661016949,528.813559322034,0.265456293668142,-0.513322289797893,-0.975132369749636,1.38003943443118,0.888591797101909,-0.423538892504171
3162,416.949152542373,528.813559322034,0.237194280457249,-0.72065388200527,-1.03096441793039,1.59940304930917,0.695237951220591,-0.57853362875917
3163,427.118644067797,528.813559322034,0.218375447998868,-0.891641263623459,-1.06637232853533,1.78295553005199,0.495181305261994,-0.722502479510343
3164,437.28813559322,528.813559322034,0.204723399897124,-1.01627671581117,-1.08042881931554,1.92374499978071,0.295162801875887,-0.851199746761679
3165,447.457627118644,528.813559322034,0.194318992229981,-1.08708224977032,-1.07270767874318,2.01613893893026,0.101822608027342,-0.960714547566363
3166,457.627118644068,528.813559322034,0.185323477975258,-1.09953948630362,-1.04315045692012,2.05610120460345,-0.0785201488589032,-1.04757859166928
3167,467.796610169491,528.813559322034,0.175723277512237,-1.05235494450422,-0.992081732807047,2.04140593725342,-0.24007713504184,-1.10886343980078
3168,477.966101694915,528.813559322034,0.163463042683956,-0.947545505476398,-0.920284171021607,1.9717776199434,-0.377783077062817,-1.14226463873935
3169,488.135593220339,528.813559322034,0.146625647033754,-0.790338873503169,-0.829019000310492,1.84894986662918,-0.487464113493206,-1.14617045203361
3170,498.305084745763,528.813559322034,0.123606494784913,-0.588894219989084,-0.719997508122542,1.6766391982139,-0.565976570425642,-1.11971328851821
3171,508.474576271186,528.813559322034,0.0932697900449273,-0.353858283734412,-0.595339106663815,1.46043394481782,-0.611311456244661,-1.06280236488461
3172,518.64406779661,528.813559322034,0.0550797719631845,-0.0977814481729541,-0.45752600730056,1.20760230619828,-0.622661088401778,-0.976136612638805
3173,528.813559322034,528.813559322034,0.00918794968002789,0.165573797901402,-0.309352440519287,0.926827324916718,-0.600445506094836,-0.861197341780504
3174,538.983050847458,528.813559322034,-0.0435707361115023,0.421993529216127,-0.153867145549278,0.627879901897188,-0.54629764735684,-0.720220690691872
3175,549.152542372881,528.813559322034,-0.10178399670428,0.657599764327425,0.00569031527254746,0.321243851033553,-0.463007633572766,-0.556150410805778
3176,559.322033898305,528.813559322034,-0.163537277508464,0.859620580409538,0.165958181557256,0.0177092121497847,-0.354427863804632,-0.372572042308612
3177,569.491525423729,528.813559322034,-0.226345918808341,1.01709988988868,0.323524606311288,-0.272048485771931,-0.225341930408292,-0.173630020336206
3178,579.661016949153,528.813559322034,-0.287152519634088,1.12150712609653,0.475001692637406,-0.537884666531332,-0.081301582613136,0.0360703026633839
3179,589.830508474576,528.813559322034,-0.342620650333061,1.16721263725664,0.617099828697966,-0.770579707379365,0.0715629547408841,0.251573335103279
3180,600,528.813559322034,-0.389530065866047,1.15180206390562,0.746700664701798,-0.962193391102969,0.226753090729533,0.467693903039
3181,0,538.983050847458,1.02642156515799,0.288261634325168,-0.863268928501897,-0.0522049973319345,0.601676348123636,0.195993912909155
3182,10.1694915254237,538.983050847458,1.05794145943326,0.523068298324087,-0.899208264692614,-0.262016136828234,0.483289039983641,0.0370879260342912
3183,20.3389830508475,538.983050847458,1.04382155380872,0.733718419697467,-0.916320183862041,-0.460340337825188,0.343024234379193,-0.117248666793234
3184,30.5084745762712,538.983050847458,0.986686459771941,0.910890089509316,-0.913523992737712,-0.642349278719004,0.184453433241471,-0.262981117345318
3185,40.6779661016949,538.983050847458,0.891046862207312,1.04701005535986,-0.890200706269532,-0.804233851296125,0.0118627546198004,-0.396354088166696
3186,50.8474576271186,538.983050847458,0.76301114131117,1.13648224257797,-0.846226548407282,-0.943334913980914,-0.169878880167336,-0.51398628364267
3187,61.0169491525424,538.983050847458,0.609930090285349,1.17447581045399,-0.781994029944366,-1.05821158875753,-0.35547228883427,-0.612954956601898
3188,71.1864406779661,538.983050847458,0.439994497327964,1.14842605471441,-0.698419560278301,-1.14864473727084,-0.539356437582282,-0.690868192301578
3189,81.3559322033898,538.983050847458,0.261807077611853,1.00761810645203,-0.596937287607436,-1.21557655231689,-0.715887296922709,-0.745923185062104
3190,91.5254237288135,538.983050847458,0.0839508299055485,0.613080674498869,-0.47948032440586,-1.26099043563099,-0.879521339452152,-0.776949080302285
3191,101.694915254237,538.983050847458,-0.0854246462553368,-0.228264625537459,-0.348451345661588,-1.28773834106167,-1.02499768021088,-0.783433347294941
3192,111.864406779661,538.983050847458,-0.238978945699616,-1.48655399701109,-0.206678924730996,-1.29932539486612,-1.14751286167946,-0.765531065771701
3193,122.033898305085,538.983050847458,-0.370501405994126,-2.61543893510417,-0.0573453022345259,-1.29966373176727,-1.24288248452787,-0.72405694209072
3194,132.203389830508,538.983050847458,-0.475162420553715,-2.89173037753516,0.0961186506767293,-1.29280900156447,-1.30768427666593,-0.66046030721818
3195,142.372881355932,538.983050847458,-0.549685507033895,-2.23030475899437,0.250147162739926,-1.28269383182481,-1.33937776530419,-0.576783778350057
3196,152.542372881356,538.983050847458,-0.59243448877654,-1.27960842176316,0.401142194591694,-1.27287263684683,-1.33639645192491,-0.475606677882569
3197,162.71186440678,538.983050847458,-0.603414667700871,-0.643185124928159,0.545533803900416,-1.26629153702706,-1.29820926508742,-0.359974687344135
3198,172.881355932203,538.983050847458,-0.584191304229371,-0.409424829636642,0.67975491323107,-1.26509582754165,-1.22534905288508,-0.233317560248659
3199,183.050847457627,538.983050847458,-0.53773284700351,-0.383461194933133,0.800251656948742,-1.27048547711812,-1.11940694379219,-0.0993570179819095
3200,193.220338983051,538.983050847458,-0.468189967369823,-0.401345986459488,0.903694259266826,-1.28262664427042,-0.982992516901782,0.0379928006913581
3201,203.389830508475,538.983050847458,-0.38062437783323,-0.397382144520836,0.987236209674288,-1.30062429397412,-0.819660843754867,0.174729779250428
3202,213.559322033898,538.983050847458,-0.280703516931223,-0.35709650766522,1.04859744966503,-1.32255782714923,-0.63380855717215,0.306870472719217
3203,223.728813559322,538.983050847458,-0.17437837847511,-0.281809085943634,1.08603764998041,-1.34557835667207,-0.430542131488295,0.430556232479542
3204,233.898305084746,538.983050847458,-0.0675620130882043,-0.177311823398667,1.09836270366335,-1.36606304074915,-0.215522489024248,0.542156086559238
3205,244.067796610169,538.983050847458,0.03417447358847,-0.0514406593316762,1.08496940647227,-1.37981887870407,0.00520915177128244,0.638363737953167
3206,254.237288135593,538.983050847458,0.125873708042732,0.0866427997635729,1.04588159873983,-1.3823257365164,0.225418627508558,0.716286192520371
3207,264.406779661017,538.983050847458,0.203428588458963,0.227015451483415,0.981761461404248,-1.36900623293332,0.438873356980517,0.773521739638844
3208,274.576271186441,538.983050847458,0.263889564155634,0.359581501422928,0.893898866863832,-1.33550859036168,0.639537751994702,0.80822527779035
3209,284.745762711864,538.983050847458,0.306722281203253,0.474670624399606,0.784182361632321,-1.27798771694484,0.821763156400055,0.819159296859615
3210,294.915254237288,538.983050847458,0.340112742123269,0.563612457385619,0.655053546831572,-1.19336968239277,0.980466103329198,0.805729191169329
3211,305.084745762712,538.983050847458,0.401254346561389,0.619254662899101,0.509446293527718,-1.07958538938962,1.11128903141079,0.768001973074103
3212,315.254237288136,538.983050847458,0.584372921310872,0.63639490579006,0.350712529052742,-0.935760597304102,1.21073814621767,0.706707876403113
3213,325.423728813559,538.983050847458,1.00445359891797,0.612101912633318,0.182536701782132,-0.762351462718024,1.2762938365822,0.62322477168022
3214,335.593220338983,538.983050847458,1.61556624790297,0.545907021604211,0.00884136523185659,-0.561217326886142,1.30648993373121,0.519545750037943
3215,345.762711864407,538.983050847458,2.06749775703257,0.439854930842862,-0.166313424574576,-0.335625480807546,1.30095910631823,0.398230659192014
3216,355.93220338983,538.983050847458,1.97013200860833,0.298410304747179,-0.338834088514034,-0.09018592946578,1.26044278385765,0.262342782079556
3217,366.101694915254,538.983050847458,1.35671376942962,0.128225052873489,-0.504698139348975,0.1692824014907,1.18676515899447,0.115372226584492
3218,376.271186440678,538.983050847458,0.646093061942954,-0.0622210045260189,-0.66005669151219,0.435949187345697,1.08277199754359,-0.0388520662941626
3219,386.440677966102,538.983050847458,0.165096019119424,-0.263086172831526,-0.801331045838687,0.702225940108765,0.952236145486093,-0.196259496939598
3220,396.610169491525,538.983050847458,-0.0641751815184715,-0.463713621301709,-0.925297815054211,0.960064117242041,0.799732725694956,-0.352641728579461
3221,406.779661016949,538.983050847458,-0.156604798084472,-0.653228189131903,-1.02916079087983,1.20128493216096,0.630488027326402,-0.503760743900944
3222,416.949152542373,538.983050847458,-0.197067988425792,-0.821149709213565,-1.11061755767117,1.41792597883004,0.450206973699619,-0.645458314054535
3223,427.118644067797,538.983050847458,-0.217258179434475,-0.957988269089327,-1.16792407708974,1.60258876644702,0.264884780276257,-0.7737641143313
3224,437.28813559322,538.983050847458,-0.224915609002218,-1.05578774528643,-1.19993905626446,1.74877099731873,0.0806089582641887,-0.884999746998531
3225,447.457627118644,538.983050847458,-0.222130505539919,-1.10858676285263,-1.20613463832725,1.85116792859685,-0.0966418374769106,-0.975876026558372
3226,457.627118644068,538.983050847458,-0.210536780570684,-1.11277079132972,-1.18658886611904,1.90592841643105,-0.261195487493374,-1.04358104377553
3227,467.796610169491,538.983050847458,-0.192095328507131,-1.06729513793089,-1.1419748389378,1.91085319293205,-0.407874073405629,-1.08585674827289
3228,477.966101694915,538.983050847458,-0.16903454679329,-0.973765800371038,-1.07354025311004,1.86552548212959,-0.532165294791273,-1.10106206983414
3229,488.135593220339,538.983050847458,-0.143681445163402,-0.836373092261345,-0.983069391880614,1.77136710155209,-0.630371914377552,-1.0882209288761
3230,498.305084745763,538.983050847458,-0.118284954599763,-0.661681207075575,-0.872829478888697,1.63161657821762,-0.699734212696731,-1.04705385870953
3231,508.474576271186,538.983050847458,-0.0948501133546129,-0.458284978569405,-0.745505975104939,1.45122937202113,-0.738521306599323,-0.977992366997741
3232,518.64406779661,538.983050847458,-0.0749938644790714,-0.236352570720901,-0.604129606569835,1.23670387695471,-0.746088200342636,-0.882175591230963
3233,528.813559322034,538.983050847458,-0.0598324083291003,-0.00707926734342463,-0.451997108647139,0.995840291563457,-0.722896560463036,-0.761429242475293
3234,538.983050847458,538.983050847458,-0.0499104458445576,0.217917433092467,-0.292587817090614,0.737442551982847,-0.670498399643195,-0.618227272233652
3235,549.152542372881,538.983050847458,-0.0451774894949751,0.427227863427217,-0.129478389703298,0.470976156325847,-0.591483081097561,-0.455637128041086
3236,559.322033898305,538.983050847458,-0.045002221391961,0.610270349721957,0.033742066104049,0.206196752734724,-0.489389273158444,-0.277249873709508
3237,569.491525423729,538.983050847458,-0.0482150226444533,0.757866956341529,0.193554295282949,-0.0472342820858252,-0.368584653366998,-0.087096829738189
3238,579.661016949153,538.983050847458,-0.0531922167443797,0.86274271144814,0.346586639488127,-0.280130445885484,-0.234117243490304,0.110445271131994
3239,589.830508474576,538.983050847458,-0.0579951182337062,0.919920444029146,0.489686466098236,-0.484140248010139,-0.0915432152469153,0.310758327381639
3240,600,538.983050847458,-0.0605404716871505,0.926989165680845,0.619983794564555,-0.652071186514733,0.0532631911901473,0.509093590359984
3241,0,549.152542372881,1.37215394025764,0.200942803296638,-1.02890717447802,-0.0694281574020471,0.744206459832914,-0.0262563626429736
3242,10.1694915254237,549.152542372881,1.43221534742586,0.433521728372967,-1.09511832489911,-0.255309546358593,0.63439130334457,-0.175596145912889
3243,20.3389830508475,549.152542372881,1.44104078391801,0.650019078325807,-1.13989348234181,-0.431186638491749,0.504870943256044,-0.315176367152112
3244,30.5084745762712,549.152542372881,1.400877441196,0.842646136695061,-1.16120107659421,-0.592875463855784,0.358869871683588,-0.441437096054981
3245,40.6779661016949,549.152542372881,1.31600688193641,1.00477204455846,-1.1575369645623,-0.737090113853173,0.200230735097226,-0.551220226681835
3246,50.8474576271186,549.152542372881,1.19246471584426,1.1311278938406,-1.12799321723976,-0.861556876010046,0.0332965347987944,-0.641846365421623
3247,61.0169491525424,549.152542372881,1.03768730767446,1.21699735178374,-1.07231143744983,-0.965073034103102,-0.137224896177695,-0.711178778711649
3248,71.1864406779661,549.152542372881,0.860105066261597,1.25226496991632,-0.990918154375043,-1.04750826590004,-0.306409821008293,-0.757672900423104
3249,81.3559322033898,549.152542372881,0.668703875703127,1.19999394961122,-0.884940414627102,-1.10974950013556,-0.469276141400033,-0.780410272937891
3250,91.5254237288135,549.152542372881,0.472577117703116,0.961103135047121,-0.756200401992336,-1.15359296455987,-0.620944446582982,-0.77911619508605
3251,101.694915254237,549.152542372881,0.280490483013231,0.398506278984917,-0.60718865396258,-1.1815898254401,-0.75679730997154,-0.754160764160932
3252,111.864406779661,549.152542372881,0.100480422879193,-0.467316486181284,-0.441015766221948,-1.19685415345543,-0.872631595215398,-0.706543417775312
3253,122.033898305085,549.152542372881,-0.0604952546418408,-1.25111488121735,-0.261342436231459,-1.20284383590634,-0.964798726534434,-0.63786149393662
3254,132.203389830508,549.152542372881,-0.196839338878968,-1.44257943733542,-0.0722889865639414,-1.20312639734695,-1.03032823860797,-0.550263724209799
3255,142.372881355932,549.152542372881,-0.304518286840565,-0.981503798261388,0.121672091298732,-1.20114242389643,-1.06703043807009,-0.446389945493515
3256,152.542372881356,549.152542372881,-0.381179301817382,-0.325201035617774,0.315836397721007,-1.1999793745557,-1.073574665825,-0.329298651772254
3257,162.71186440678,549.152542372881,-0.426178864342655,0.100926311654314,0.505393714631003,-1.20216800178771,-1.04954042618282,-0.202384300172892
3258,172.881355932203,549.152542372881,-0.440524699759056,0.235264385886526,0.68555192819398,-1.20951242153451,-0.99543952039527,-0.0692865288262477
3259,183.050847457627,549.152542372881,-0.426737464993653,0.216280588299694,0.851665758150077,-1.22296312865286,-0.912708260425618,0.0662063682231687
3260,193.220338983051,549.152542372881,-0.388642281618502,0.160739778413675,0.99938055343157,-1.24254003427251,-0.803669813230713,0.200257235722031
3261,203.389830508475,549.152542372881,-0.331103449476129,0.116138745328078,1.12477410003011,-1.26731001727202,-0.671467704592163,0.32908058245786
3262,213.559322033898,549.152542372881,-0.259718099035609,0.0938555204241642,1.22447357571893,-1.29542066160197,-0.5199724624009,0.449041295764304
3263,223.728813559322,549.152542372881,-0.180486079157074,0.0941148211446423,1.29574946069169,-1.32418893512944,-0.353664270789726,0.55674906486388
3264,233.898305084746,549.152542372881,-0.0994739752948753,0.113939889629869,1.33659508231963,-1.35024069958394,-0.177495308906893,0.64914615461802
3265,244.067796610169,549.152542372881,-0.0224907736822507,0.148832074616918,1.34578957495119,-1.36969426842829,0.0032638655230254,0.723586350897136
3266,254.237288135593,549.152542372881,0.0452094309436977,0.193249832592303,1.32293838994866,-1.37837888420003,0.183188980680875,0.777903131229222
3267,264.406779661017,549.152542372881,0.0991991008160249,0.240986024560783,1.26848870717843,-1.37207708736045,0.35687246713618,0.810465393523306
3268,274.576271186441,549.152542372881,0.136294573681183,0.285570311498444,1.18371944922026,-1.34677859154669,0.519094113286714,0.820219394284873
3269,284.745762711864,549.152542372881,0.156507058212346,0.320686040412578,1.07070644640003,-1.29893253545995,0.664986409693153,0.80671589772396
3270,294.915254237288,549.152542372881,0.172982198243103,0.340578049625331,0.932263932843752,-1.22568488956959,0.790189177446941,0.770121909677563
3271,305.084745762712,549.152542372881,0.244001756373002,0.340427602168467,0.771864269718826,-1.12508836448059,0.890988399349323,0.711216756018332
3272,315.254237288136,549.152542372881,0.517206612478078,0.316672491650918,0.593538496115246,-0.996273372819858,0.964434665073365,0.631372654642184
3273,325.423728813559,549.152542372881,1.17254688710536,0.267253485455003,0.40176093008891,-0.839570382091624,1.00843728731675,0.53252031364391
3274,335.593220338983,549.152542372881,2.13617895456499,0.191772471414589,0.201321550875344,-0.656576277654325,1.02183092476804,0.417100456545751
3275,345.762711864407,549.152542372881,2.85472303364593,0.0915527178480872,-0.00280973145503441,-0.450160023640902,1.00441243453678,0.288002519527477
3276,355.93220338983,549.152542372881,2.71190511045986,-0.0304027427375044,-0.205622585676975,-0.224405836744251,0.956946642868516,0.148492077263233
3277,366.101694915254,549.152542372881,1.75852283932065,-0.169552756451356,-0.402205146422285,0.015504868381528,0.881140737034978,0.00212882579882273
3278,376.271186440678,549.152542372881,0.653072102498239,-0.3200521206154,-0.587877953042997,0.263468490786581,0.779588010061775,-0.147322823473402
3279,386.440677966102,549.152542372881,-0.0906403865900688,-0.475065162024876,-0.758318774802586,0.512684106415882,0.655682699573213,-0.295988310471459
3280,396.610169491525,549.152542372881,-0.438529371370278,-0.627141292367571,-0.909674415742568,0.755918560407321,0.51350861909343,-0.439980306556317
3281,406.779661016949,549.152542372881,-0.571935000993001,-0.768631393925829,-1.03865628161914,0.985800090695603,0.357705152802908,-0.575496499972707
3282,416.949152542373,549.152542372881,-0.624525646216184,-0.892121463756842,-1.14261762666511,1.19512725443744,0.193314943792301,-0.698915376418671
3283,427.118644067797,549.152542372881,-0.645814763983311,-0.990858853125027,-1.21961078253593,1.37717901999973,0.0256182256677047,-0.806887641240067
3284,437.28813559322,549.152542372881,-0.647260276093916,-1.05914674571024,-1.26842216385188,1.52601164778315,-0.140040793199253,-0.896421043381246
3285,447.457627118644,549.152542372881,-0.631175508105393,-1.09268420853657,-1.28858384911541,1.63672842820361,-0.298429800365357,-0.964956528725628
3286,457.627118644068,549.152542372881,-0.599005458332033,-1.08883213070923,-1.28036291377298,1.70570945694486,-0.444600715945864,-1.01043386746103
3287,467.796610169491,549.152542372881,-0.552666877252164,-1.04678947067498,-1.24473036734644,1.73079035614557,-0.574052800180714,-1.03134516107313
3288,477.966101694915,549.152542372881,-0.494565544343959,-0.967669232632464,-1.18331099052505,1.71138111566001,-0.68288111935088,-1.02677493295747
3289,488.135593220339,549.152542372881,-0.427438641488327,-0.854469205699234,-1.09831584943627,1.64851892504407,-0.767905419838385,-0.996425835041733
3290,498.305084745763,549.152542372881,-0.354175035301793,-0.711938409128361,-0.992460301130344,1.54485186759803,-0.826775088035059,-0.940629353155416
3291,508.474576271186,549.152542372881,-0.277636444233864,-0.546346059613902,-0.86887082029697,1.40455351087217,-0.858046647269185,-0.860341257630076
3292,518.64406779661,549.152542372881,-0.200491046501775,-0.36516538047236,-0.730984116553488,1.23317160365958,-0.861231137045057,-0.757121913958116
3293,528.813559322034,549.152542372881,-0.125069447823337,-0.176689395564645,-0.58244207840656,1.0374171269393,-0.836809705675684,-0.633101932427892
3294,538.983050847458,549.152542372881,-0.0532514078387272,0.0104002803910591,-0.426986071110943,0.824902701154664,-0.786216792660086,-0.490933986797792
3295,549.152542372881,549.152542372881,0.0136105280319464,0.187487949008514,-0.268353982410117,0.603841693624354,-0.711791347619311,-0.333731961949626
3296,559.322033898305,549.152542372881,0.0747274336149395,0.346476560634496,-0.110183152247815,0.382721186445405,-0.616697592969825,-0.164998891313153
3297,569.491525423729,549.152542372881,0.129869873015562,0.48021364082598,0.0440780428331745,0.169963170638168,-0.504817852658373,0.0114545903367574
3298,579.661016949153,549.152542372881,0.179323769689127,0.582866827891942,0.191247633205043,-0.0264111306421918,-0.380620905421145,0.191599330452969
3299,589.830508474576,549.152542372881,0.223809182486605,0.650228213719102,0.328474730167051,-0.199099063466629,-0.249010146833083,0.371282154969626
3300,600,549.152542372881,0.264369120684551,0.679930627517494,0.453290196580055,-0.341802564798,-0.115156532059698,0.546323529256154
3301,0,559.322033898305,1.68535329463566,0.10564477594927,-1.15840532624314,-0.0469707257023378,0.870986935234485,-0.237914424614302
3302,10.1694915254237,559.322033898305,1.77105376789315,0.328759406301665,-1.25152359586024,-0.198820013569208,0.773520643284367,-0.373107698459442
3303,20.3389830508475,559.322033898305,1.80052208094449,0.544416900622375,-1.32152902450472,-0.342888685701237,0.65870685134206,-0.49378255051294
3304,30.5084745762712,559.322033898305,1.77565595870727,0.746554773258823,-1.36551744856211,-0.475788077157183,0.529344830169963,-0.596954145384224
3305,40.6779661016949,559.322033898305,1.70051868428507,0.92964307765907,-1.38115367294769,-0.594875794017985,0.388749527512859,-0.68014772512003
3306,50.8474576271186,559.322033898305,1.58106733613387,1.08886622515218,-1.36677352062295,-0.698349958888251,0.240650248912508,-0.741455733372858
3307,61.0169491525424,559.322033898305,1.42480259863134,1.21979168376726,-1.32146803385601,-0.78529676425219,0.0890747702758207,-0.779579602803302
3308,71.1864406779661,559.322033898305,1.24035940164207,1.31542854257892,-1.24514608432902,-0.85568961679511,-0.0617774256625768,-0.793855339582868
3309,81.3559322033898,559.322033898305,1.03705993145997,1.35543637950565,-1.13857234610742,-0.910340638733035,-0.207668714434257,-0.784262462066301
3310,91.5254237288135,559.322033898305,0.824451726612665,1.28827685206491,-1.00337842072941,-0.950807724327846,-0.344459370899895,-0.751416279408772
3311,101.694915254237,559.322033898305,0.611853598598955,1.04349603367665,-0.842045842155275,-0.979262610122239,-0.46824165011823,-0.696543919152443
3312,111.864406779661,559.322033898305,0.407931028230126,0.63089768958905,-0.657860674997541,-0.998327393711835,-0.575467506273184,-0.621444919937619
3313,122.033898305085,559.322033898305,0.220320566043785,0.245596914083951,-0.454840416367884,-1.01088852998886,-0.663065727100039,-0.528437586411739
3314,132.203389830508,559.322033898305,0.0553197427178765,0.146496921869766,-0.237634960507433,-1.01989846667284,-0.728544580229916,-0.420292648836464
3315,142.372881355932,559.322033898305,-0.0823447534603279,0.364694979190245,-0.0114044350074004,-1.02817569642502,-0.770076517021988,-0.30015607159093
3316,152.542372881356,559.322033898305,-0.189662144314796,0.669271099575011,0.218322369887814,-1.03821407042664,-0.786562044811038,-0.171463105732959
3317,162.71186440678,559.322033898305,-0.265391949905027,0.845769147650264,0.445804284944199,-1.05201173465259,-0.777670542187855,-0.0378458753973565
3318,172.881355932203,559.322033898305,-0.310028393157609,0.864381519175071,0.665253434940611,-1.07092903918974,-0.743856532727061,0.0969630780179693
3319,183.050847457627,559.322033898305,-0.325679963232418,0.796893572486405,0.871005533100195,-1.09558328298619,-0.68635072658829,0.229228798707807
3320,193.220338983051,559.322033898305,-0.315873333233349,0.704183163430998,1.05768998711795,-1.12578626522616,-0.607125960851777,0.355310963795323
3321,203.389830508475,559.322033898305,-0.285294295902743,0.61203881893878,1.22039330413037,-1.1605284140296,-0.508838991459807,0.471757528270844
3322,213.559322033898,559.322033898305,-0.239481105504226,0.52789918813463,1.35480911360083,-1.19801086276766,-0.394749885193201,0.575392637088164
3323,223.728813559322,559.322033898305,-0.184487478766274,0.453450433890568,1.45736998421198,-1.23572436344674,-0.268621502900445,0.663396647323766
3324,233.898305084746,559.322033898305,-0.126533441623677,0.388608094412094,1.52535718097461,-1.27057148905235,-0.134602230483229,0.733376328376014
3325,244.067796610169,559.322033898305,-0.0716621526044314,0.332330740704057,1.55698458456557,-1.29902630430292,0.00290432039817882,0.783423578556112
3326,254.237288135593,559.322033898305,-0.025418904585619,0.282837845997824,1.5514536384476,-1.31732369092908,0.139378473467313,0.812161304647844
3327,264.406779661017,559.322033898305,0.00744998611669815,0.237789530484451,1.50897734478414,-1.32166889987377,0.270328030265122,0.81877544880669
3328,274.576271186441,559.322033898305,0.0234723360373427,0.194492272782458,1.43077250346049,-1.3084567507652,0.391431546553263,0.803032505642624
3329,284.745762711864,559.322033898305,0.0226694752087768,0.150124264748838,1.31902050249966,-1.27448926819925,0.498676680246577,0.765282242225337
3330,294.915254237288,559.322033898305,0.019822946843543,0.101966833929699,1.17679805846295,-1.21718046884523,0.588489086285568,0.706445705673641
3331,305.084745762712,559.322033898305,0.0807120974331146,0.0476276785327396,1.00798034982603,-1.13473750001096,0.657847620971203,0.627988967657455
3332,315.254237288136,559.322033898305,0.372185270462133,-0.0147578342346574,0.8171199413717,-1.02630835830522,0.704382046005973,0.531883403602465
3333,325.423728813559,559.322033898305,1.09763725528969,-0.0863597326722487,0.609305724846832,-0.892087938989961,0.726449977484014,0.420553628252229
3334,335.593220338983,559.322033898305,2.17330001393417,-0.167531245675892,0.390006769170378,-0.733376110677734,0.723190489748457,0.296814500872407
3335,345.762711864407,559.322033898305,2.97283270812468,-0.257739071462156,0.164906457795167,-0.552583783398679,0.694552537074483,0.163798866072149
3336,355.93220338983,559.322033898305,2.79880236084095,-0.355550725882986,-0.060267425889879,-0.353185431446418,0.641297173203003,0.0248779043451575
3337,366.101694915254,559.322033898305,1.70870248564363,-0.458680206597132,-0.279910931407387,-0.139619125332096,0.564973403263685,-0.116423874423965
3338,376.271186440678,559.322033898305,0.44778098200939,-0.564089752618549,-0.488704896713124,0.0828623061999955,0.467868366634208,-0.256516854216547
3339,386.440677966102,559.322033898305,-0.402326003504011,-0.668142144951532,-0.681763370391986,0.308382947874673,0.35293339437349,-0.391835559510936
3340,396.610169491525,559.322033898305,-0.802708050717941,-0.766794976116859,-0.8547647715077,0.530670121379878,0.223688283106578,-0.518926733121588
3341,406.779661016949,559.322033898305,-0.95812897865726,-0.85582578922821,-1.0040617642717,0.743305408162711,0.0841068520966323,-0.634534107730376
3342,416.949152542373,559.322033898305,-1.01934043769424,-0.931075097589512,-1.1267666828835,0.939989111411375,-0.061512522529012,-0.735677839466145
3343,427.118644067797,559.322033898305,-1.04182966299826,-0.988693153656811,-1.22081027034406,1.11480611812223,-0.208687193971181,-0.819726725561297
3344,437.28813559322,559.322033898305,-1.03801969884304,-1.02537600882644,-1.28497245148157,1.26248091218193,-0.352896776582848,-0.88446152506264
3345,447.457627118644,559.322033898305,-1.01002341040356,-1.038576913267,-1.3188849044456,1.37860986147077,-0.489731125203985,-0.928127936301514
3346,457.627118644068,559.322033898305,-0.959049305582159,-1.02668042032145,-1.32300628166008,1.45985984110876,-0.615034897645586,-0.949478051023429
3347,467.796610169491,559.322033898305,-0.886957273121329,-0.989128608871964,-1.29857189685101,1.50412371874853,-0.725043929734171,-0.947799395783242
3348,477.966101694915,559.322033898305,-0.796313591882101,-0.926491503302649,-1.24752052289515,1.51062514852468,-0.816508903766332,-0.92293097901181
3349,488.135593220339,559.322033898305,-0.690241754561548,-0.840476902596316,-1.17240169682828,1.47996740801085,-0.886802192759838,-0.87526607936672
3350,498.305084745763,559.322033898305,-0.572239940594288,-0.733878249084296,-1.07626755723175,1.4141235595839,-0.934004301963077,-0.805741829829584
3351,508.474576271186,559.322033898305,-0.445989479640433,-0.610462678228857,-0.962553681150812,1.31636790355223,-0.956966988535391,-0.715815964854826
3352,518.64406779661,559.322033898305,-0.315166250195389,-0.474804792894553,-0.834953635273103,1.19115138799165,-0.955350898916247,-0.607431397355002
3353,528.813559322034,559.322033898305,-0.183265633346154,-0.332074804236537,-0.697292015864028,1.04392622141421,-0.929636396564941,-0.482969571538183
3354,538.983050847458,559.322033898305,-0.0534504125684343,-0.18779229916235,-0.553400625516656,0.880927276546181,-0.8811071333,-0.345193790328498
3355,549.152542372881,559.322033898305,0.0715707072496333,-0.0475588812197261,-0.407002129287798,0.708919865308573,-0.811806816531867,-0.197183936795561
3356,559.322033898305,559.322033898305,0.189628420098114,0.0832158264173295,-0.261605064359114,0.534925011948666,-0.724470512652188,-0.0422641930593926
3357,569.491525423729,559.322033898305,0.299138799825677,0.199579902105482,-0.120413469000199,0.36593437978168,-0.622432674336833,0.116074496144067
3358,579.661016949153,559.322033898305,0.399109188920555,0.29728207398306,0.0137463233623212,0.208627468551047,-0.509514858360757,0.274255367296194
3359,589.830508474576,559.322033898305,0.489105702090102,0.372978633799908,0.138479978370676,0.0691035724971022,-0.389896784674929,0.428698285167256
3360,600,559.322033898305,0.569186433205925,0.424393039470066,0.251859640016427,-0.047359719539047,-0.267974953936316,0.575901777777079
3361,0,569.491525423729,1.94680625017886,0.00727041142533978,-1.2499084716031,0.00877543148333638,0.96953939750009,-0.432105349388691
3362,10.1694915254237,569.491525423729,2.05367804116127,0.213774329318929,-1.36594786799678,-0.100889238961168,0.887800200861856,-0.54925385610085
3363,20.3389830508475,569.491525423729,2.10014826840771,0.421614662107169,-1.4581356636545,-0.205572424944463,0.791285232912544,-0.647727896379109
3364,30.5084745762712,569.491525423729,2.08780679179604,0.626593920945371,-1.52279374406716,-0.302797351487888,0.682300966001975,-0.72519350962487
3365,40.6779661016949,569.491525423729,2.02052011123795,0.824410882471068,-1.55683020536927,-0.390656940697631,0.563561788304137,-0.779916753309896
3366,50.8474576271186,569.491525423729,1.90416857719023,1.01079518093272,-1.55787184709823,-0.467885578652053,0.438107274734877,-0.810799861368735
3367,61.0169491525424,569.491525423729,1.74630037603155,1.18147054369205,-1.5243771339223,-0.53389410096868,0.309208170535371,-0.817400183782165
3368,71.1864406779661,569.491525423729,1.55572117868551,1.33117914094191,-1.45572469056957,-0.588766674236816,0.180264082250809,-0.799931684935472
3369,81.3559322033898,569.491525423729,1.34204087966959,1.44985464158715,-1.35227321454502,-0.633220223642067,0.0546961618273094,-0.759249237023387
3370,91.5254237288135,569.491525423729,1.11520029081656,1.51622748074434,-1.21538969172315,-0.668528989099662,-0.0641617453675377,-0.696816389762253
3371,101.694915254237,569.491525423729,0.885000946673839,1.50239774178281,-1.04744394249637,-0.696418586638208,-0.17316994534751,-0.614657717499889
3372,111.864406779661,569.491525423729,0.660660341465491,1.41003763800841,-0.85176876599828,-0.718935519157804,-0.269484233133042,-0.515297228884108
3373,122.033898305085,569.491525423729,0.450413019975959,1.30872219872146,-0.632586238515184,-0.738299342891368,-0.350648381431888,-0.40168466308796
3374,132.203389830508,569.491525423729,0.261175106653491,1.2917440996626,-0.39490201122179,-0.756745589975924,-0.414674707323587,-0.277111782078136
3375,142.372881355932,569.491525423729,0.0982862418641261,1.36998397838911,-0.144370690012026,-0.776368028824713,-0.460110014935501,-0.145120993987914
3376,152.542372881356,569.491525423729,-0.0346613008996891,1.45947453279504,0.112863484845218,-0.798968888297216,-0.48608467389176,-0.00940880345045158
3377,162.71186440678,569.491525423729,-0.135901096625616,1.48279625877611,0.370345445321213,-0.825925276485075,-0.492343131243037,0.126273322308357
3378,172.881355932203,569.491525423729,-0.205478107421694,1.43029030973394,0.621501578427396,-0.858079209567626,-0.479254751434404,0.258218058951038
3379,183.050847457627,569.491525423729,-0.245145305774533,1.32977065086686,0.859838945764488,-0.895657470808218,-0.447804515392046,0.382858734007223
3380,193.220338983051,569.491525423729,-0.258179647580943,1.2054958899111,1.07914457958326,-0.938226003431208,-0.399563765342172,0.496860781908017
3381,203.389830508475,569.491525423729,-0.249129365247457,1.06928299644734,1.27367785351173,-0.98468177891736,-0.336641835106771,0.597205860205789
3382,213.559322033898,569.491525423729,-0.223507554775844,0.926509029042492,1.43834910758703,-1.03328316158781,-0.261620034896217,0.681266570955617
3383,223.728813559322,569.491525423729,-0.187449203018223,0.780597348045642,1.56887822528097,-1.0817178066574,-0.177470044244947,0.746870009320332
3384,233.898305084746,569.491525423729,-0.147350056284387,0.634364266235777,1.66192757352452,-1.12720518102182,-0.0874592872703425,0.792348680590542
3385,244.067796610169,569.491525423729,-0.109506001160425,0.490214381016733,1.71520460000286,-1.16662898118921,0.00495369656858693,0.8165776778688
3386,254.237288135593,569.491525423729,-0.0797701835024703,0.350125824004051,1.72753046386894,-1.19669313197123,0.0962305304383296,0.818997385879293
3387,264.406779661017,569.491525423729,-0.063229990710424,0.215632616593042,1.69887231337834,-1.21409376302893,0.182867336623455,0.799621361570518
3388,274.576271186441,569.491525423729,-0.0637500097418058,0.0878309473831035,1.63033814967967,-1.21569864359821,0.261508423370089,0.759029429109365
3389,284.745762711864,569.491525423729,-0.0821081145078056,-0.032590274291973,1.52413457721309,-1.19872505618445,0.329055616877725,0.69834640541814
3390,294.915254237288,569.491525423729,-0.106791891429316,-0.145297816156547,1.3834890882735,-1.16090703483873,0.382769657694815,0.619207232908688
3391,305.084745762712,569.491525423729,-0.0845157141936097,-0.25024595399546,1.21253981079836,-1.10064328819249,0.420360323263127,0.52370962952602
3392,315.254237288136,569.491525423729,0.120488557345548,-0.347597051937106,1.01619681455575,-1.01711795505872,0.440062291520418,0.414355664534831
3393,325.423728813559,569.491525423729,0.674028787788905,-0.437636701856475,0.799980076588712,-0.9103875631309,0.440694213272609,0.293983924670207
3394,335.593220338983,569.491525423729,1.50884159113955,-0.520689367459281,0.569840013546474,-0.781429121652617,0.42169899911062,0.16569414359
3395,345.762711864407,569.491525423729,2.11697528720807,-0.59704025482529,0.331967065978587,-0.632146102675094,0.383163932717001,0.0327663236534571
3396,355.93220338983,569.491525423729,1.93293211111634,-0.666868567334016,0.0925971465927165,-0.465331065283918,0.325819876899462,-0.101423519983738
3397,366.101694915254,569.491525423729,1.00494631708344,-0.73019643803333,-0.142180170249995,-0.284585756637944,0.251019520323741,-0.233488818508996
3398,376.271186440678,569.491525423729,-0.0596777044831093,-0.786856722811879,-0.366604037544843,-0.0942015822274185,0.160695299416386,-0.360116949302124
3399,386.440677966102,569.491525423729,-0.786578017926046,-0.836481552979184,-0.575409072334543,0.100994724557237,0.0572982987158328,-0.47815068068447
3400,396.610169491525,569.491525423729,-1.14253103473117,-0.878512165185698,-0.763970891314652,0.295823681156613,-0.0562799380158554,-0.584664584279742
3401,406.779661016949,569.491525423729,-1.29247327334283,-0.912229133789981,-0.928425782695849,0.484955907998885,-0.176800185231163,-0.677034603765199
3402,416.949152542373,569.491525423729,-1.35762721968493,-0.936800809223591,-1.06576090493587,0.663126226757654,-0.300779912163772,-0.752999177009297
3403,427.118644067797,569.491525423729,-1.38203308325196,-0.951346593816821,-1.17387257864649,0.825349347554348,-0.424605876472279,-0.810710552603202
3404,437.28813559322,569.491525423729,-1.37502215896552,-0.955010732388538,-1.25159148802245,0.967127313083701,-0.544651269752245,-0.848775214474044
3405,447.457627118644,569.491525423729,-1.33787251747053,-0.94704161348554,-1.29867488488829,1.08463915825576,-0.657393585850775,-0.86628262193189
3406,457.627118644068,569.491525423729,-1.27147435225026,-0.926871206591419,-1.3157671406864,1.17490398816121,-0.759529344303919,-0.862821779123104
3407,467.796610169491,569.491525423729,-1.17760022000298,-0.894189220268179,-1.30433116623451,1.23590984123728,-0.848081889689487,-0.8384854592914
3408,477.966101694915,569.491525423729,-1.05894055827178,-0.849006855717287,-1.26655427047678,1.26670223442879,-0.920498700908905,-0.793862217434099
3409,488.135593220339,569.491525423729,-0.918958928079344,-0.791705629867984,-1.20523291992651,1.26742811119886,-0.974734975919932,-0.730016622141155
3410,498.305084745763,569.491525423729,-0.761707157308032,-0.723067613950516,-1.12364155598688,1.23933294548401,-1.00932069684607,-0.648458416377623
3411,508.474576271186,569.491525423729,-0.591622058269724,-0.64428452404474,-1.02539110142845,1.18471089901184,-1.02340891369022,-0.551101571154874
3412,518.64406779661,569.491525423729,-0.413315774066256,-0.556944343390925,-0.914283024386872,1.10681008420112,-1.016803594921,-0.440214419701483
3413,528.813559322034,569.491525423729,-0.231371065437965,-0.462995478008193,-0.79416482280878,1.00969704791357,-0.989966060211348,-0.318362248119278
3414,538.983050847458,569.491525423729,-0.0501520486191667,-0.364689769143011,-0.668792548507914,0.89808646469673,-0.943999712853234,-0.18834386787459
3415,549.152542372881,569.491525423729,0.126360432873775,-0.264506930704264,-0.541705521840258,0.777143622937483,-0.880613503851099,-0.0531238032290631
3416,559.322033898305,569.491525423729,0.294701405255953,-0.165064074788025,-0.416117718607516,0.652268527923991,-0.80206526290514,0.0842382085903361
3417,569.491525423729,569.491525423729,0.45201706304472,-0.0690148707088423,-0.294829471409564,0.528871273516744,-0.711086700195071,0.220658685343827
3418,579.661016949153,569.491525423729,0.59611984672791,0.0210564973240247,-0.180162156265232,0.412148710044126,-0.610792494863268,0.353101137909836
3419,589.830508474576,569.491525423729,0.72550280256958,0.102741085802173,-0.0739174749518074,0.306872342875411,-0.504576420943611,0.47864444249268
3420,600,569.491525423729,0.839315096097422,0.173905163108682,0.0226381595616676,0.217196839042578,-0.395997901216188,0.59454731043568
3421,0,579.661016949153,2.14049346258364,-0.0891926662108745,-1.3035804733673,0.0889579167444935,1.02907977166246,-0.602664410186479
3422,10.1694915254237,579.661016949153,2.2627732143206,0.0939159904672976,-1.43811940227758,0.0271787097779098,0.965915565271783,-0.698650688018774
3423,20.3389830508475,579.661016949153,2.32149800887206,0.286939265882096,-1.54896194133933,-0.032797912358482,0.890785519333025,-0.772558620527242
3424,30.5084745762712,579.661016949153,2.3180025658327,0.487625547722545,-1.63177125533253,-0.089484046221988,0.805448001178718,-0.82275478536314
3425,40.6779661016949,579.661016949153,2.25598672023762,0.6929982058748,-1.6827908013374,-0.141766814052924,0.711957039736923,-0.848273893225359
3426,50.8474576271186,579.661016949153,2.14126194403137,0.899418574675993,-1.69900373419684,-0.188955832277074,0.612599897652247,-0.848833612097383
3427,61.0169491525424,579.661016949153,1.98141055094033,1.10264483955196,-1.6782717968737,-0.230804790406795,0.509826737297022,-0.824830883024464
3428,71.1864406779661,579.661016949153,1.7853760314942,1.2976832086669,-1.61944768762705,-0.267506242620111,0.406174620704434,-0.777320132714277
3429,81.3559322033898,579.661016949153,1.56300573183731,1.47792622540518,-1.52245581582462,-0.299660127628849,0.304188281425241,-0.707974267272611
3430,91.5254237288135,579.661016949153,1.32456877430395,1.63364550875397,-1.38833749830835,-0.328217915358603,0.206340225719432,-0.619029778608276
3431,101.694915254237,579.661016949153,1.08027266388238,1.75337038781025,-1.21925796431326,-0.354405562005096,0.114952756985229,-0.513217698862873
3432,111.864406779661,579.661016949153,0.839801433398321,1.83354661723268,-1.0184739771768,-0.379629573773881,0.0321244692327348,-0.393682488418961
3433,122.033898305085,579.661016949153,0.61189650736893,1.88875000101261,-0.790262388169927,-0.405371377821874,-0.0403363761768876,-0.26389123102373
3434,132.203389830508,579.661016949153,0.403998817089056,1.94030873082748,-0.539811451354121,-0.433075831339932,-0.100969387546793,-0.127535728585232
3435,142.372881355932,579.661016949153,0.221967229572296,1.98870490568225,-0.273078187309042,-0.464040034291535,-0.148708575060691,0.0115697664986128
3436,152.542372881356,579.661016949153,0.069884248924532,2.01044969909484,0.00338357133896514,-0.499308630791476,-0.182916308353101,0.149592374690374
3437,162.71186440678,579.661016949153,-0.0500445745116779,1.98469177753223,0.28261864306684,-0.539581486859434,-0.20340353151254,0.28278316952974
3438,172.881355932203,579.661016949153,-0.137495804061938,1.90927575145707,0.557482700796387,-0.58513903244811,-0.210435509872967,0.407575799196469
3439,183.050847457627,579.661016949153,-0.193940789562414,1.79282698917176,0.820863746369724,-0.635789682415731,-0.204722851313268,0.520678588896649
3440,193.220338983051,579.661016949153,-0.222473192825033,1.64398274044937,1.0659049717523,-0.690842647317653,-0.18739802404026,0.619157784738732
3441,203.389830508475,579.661016949153,-0.22756262251752,1.46898584906783,1.2862210091463,-0.749108164905324,-0.1599780673406,0.700509879925521
3442,213.559322033898,579.661016949153,-0.214748894780228,1.27313264366703,1.47609977083464,-0.808925790299556,-0.124314645984309,0.762721294513841
3443,223.728813559322,579.661016949153,-0.190293895643406,1.06179099709985,1.63068258404565,-0.868219945987384,-0.0825330178627181,0.804314050765069
3444,233.898305084746,579.661016949153,-0.160809581378034,0.840571404209473,1.74611611352606,-0.924580523510519,-0.0369618541393013,0.824376486387523
3445,244.067796610169,579.661016949153,-0.132881242569797,0.615179924982138,1.81967060429752,-0.975365017285398,0.00994384068456556,0.82257846631237
3446,254.237288135593,579.661016949153,-0.112704340045806,0.391208860939665,1.84982023033044,-1.01781752316192,0.055684225248026,0.799170978328611
3447,264.406779661017,579.661016949153,-0.105744033731203,0.173929389982317,1.83628275208021,-1.0491990080152,0.0977978947643166,0.75497041726257
3448,274.576271186441,579.661016949153,-0.116334711303321,-0.0318969845397018,1.78001721030179,-1.06692259911815,0.133944221382931,0.69132826513031
3449,284.745762711864,579.661016949153,-0.146482565092428,-0.222178945054274,1.68317995481838,-1.06868728748399,0.161982069366168,0.610087250204604
3450,294.915254237288,579.661016949153,-0.190412693592531,-0.393620724510608,1.54904086278662,-1.05260340728196,0.180042299081557,0.513525406568268
3451,305.084745762712,579.661016949153,-0.217310405381401,-0.543807134963555,1.38186307990474,-1.01730354757079,0.186591665088483,0.404289749029522
3452,315.254237288136,579.661016949153,-0.147542964729315,-0.671245198266384,1.18675096154608,-0.9620331607596,0.180485984181893,0.285321519227207
3453,325.423728813559,579.661016949153,0.116707462342351,-0.775361573853899,0.969472046143582,-0.88671602678285,0.161010790661789,0.159775141915459
3454,335.593220338983,579.661016949153,0.537801446347188,-0.856457245468728,0.736259815202662,-0.791990871251354,0.127908097470016,0.0309331520530872
3455,345.762711864407,579.661016949153,0.821365711513162,-0.91562308640524,0.493604647531637,-0.679216765991955,0.0813883302984685,-0.0978805885293328
3456,355.93220338983,579.661016949153,0.639847652837332,-0.95462185903892,0.248040735086884,-0.550446398071155,0.0221269828381077,-0.223387071624102
3457,366.101694915254,579.661016949153,0.0242503435304666,-0.975743819562786,0.00593678162485448,-0.408367808805058,-0.0487539606225301,-0.342435474629152
3458,376.271186440678,579.661016949153,-0.667911779089907,-0.981644311492156,-0.226701947031913,-0.2562167044949,-0.129719290289415,-0.452081524745997
3459,386.440677966102,579.661016949153,-1.15671585728045,-0.975172482346092,-0.444413198633782,-0.0976628532449015,-0.218867495586325,-0.549658956525155
3460,396.610169491525,579.661016949153,-1.41987952439017,-0.959200512828472,-0.642432729734356,0.0633246612691619,-0.313989869929969,-0.632842352111985
3461,406.779661016949,579.661016949153,-1.55105439384741,-0.936462499390215,-0.816819565286855,0.222627518999412,-0.412639911002494,-0.699699922216395
3462,416.949152542373,579.661016949153,-1.61875015394266,-0.909411398692088,-0.964547609110101,0.376136994615696,-0.512210787043253,-0.748735086641011
3463,427.118644067797,579.661016949153,-1.64689635740306,-0.880101271211666,-1.08356107229434,0.519914494783157,-0.610018366405265,-0.778916037155015
3464,437.28813559322,579.661016949153,-1.63971182322508,-0.850100518990666,-1.1727926489171,0.650346621190689,-0.703387115287109,-0.789692803174434
3465,447.457627118644,579.661016949153,-1.59731432423799,-0.820439986345651,-1.23214485248143,0.764287781769276,-0.789736063834492,-0.781001682536102
3466,457.627118644068,579.661016949153,-1.52021694263357,-0.791597783601516,-1.26243637175917,0.859183904542056,-0.866662027533802,-0.753257236188943
3467,467.796610169491,579.661016949153,-1.41006335137831,-0.763520612647235,-1.26531665267329,0.933171645376372,-0.932017349829125,-0.707332367816572
3468,477.966101694915,579.661016949153,-1.26961552526541,-0.735679332263459,-1.24315310947986,0.985148583590711,-0.983979600990381,-0.644527308826931
3469,488.135593220339,579.661016949153,-1.10261178601664,-0.707154610405079,-1.19889636651256,1.01481121612554,-1.02111092227617,-0.566528598229198
3470,498.305084745763,579.661016949153,-0.913580462682206,-0.676746870560983,-1.13592969235379,1.02265902970761,-1.04240503538722,-0.475359379144118
3471,508.474576271186,579.661016949153,-0.707626151299945,-0.643103436240797,-1.05790928285565,1.00996448166778,-1.04732033454491,-0.3733225237441
3472,518.64406779661,579.661016949153,-0.490200580125328,-0.604854879019018,-0.968602260624744,0.978710280351068,-1.03579792947429,-0.262938242300242
3473,528.813559322034,579.661016949153,-0.266870025679119,-0.560752126605899,-0.871729181024528,0.931496851452364,-1.00826399752075,-0.14687792713387
3474,538.983050847458,579.661016949153,-0.0430908553004442,-0.509795908828755,-0.770817475140476,0.871424236273298,-0.96561631613845,-0.0278960274771817
3475,549.152542372881,579.661016949153,0.175996174856687,-0.451350606517014,-0.669071636938268,0.801953827475183,-0.909195366279529,0.0912382531794937
3476,559.322033898305,579.661016949153,0.385743703599942,-0.385235491459757,-0.569265104364576,0.726756252639002,-0.840740905733351,0.207807698073255
3477,569.491525423729,579.661016949153,0.582140357682686,-0.311787652035567,-0.473657731333941,0.649552323300212,-0.762335392441494,0.319210614710221
3478,579.661016949153,579.661016949153,0.761913080345281,-0.231892515796911,-0.383941546260612,0.57395424883197,-0.676336075309836,0.423019665457303
3479,589.830508474576,579.661016949153,0.922586501052414,-0.146979718059498,-0.301216195762802,0.503314257948786,-0.585297949481459,0.51703466165159
3480,600,579.661016949153,1.06249907749137,-0.0589840239362345,-0.225994135747156,0.440587379247984,-0.491890081700537,0.599328195360349
3481,0,589.830508474576,2.25468005863571,-0.178916465017768,-1.32147025847387,0.182906902107927,1.04118923708895,-0.744380295280105
3482,10.1694915254237,589.830508474576,2.38566895441616,-0.0253637360138757,-1.46983840841978,0.171918479073852,0.998803324229666,-0.816935781352985
3483,20.3389830508475,589.830508474576,2.45110481116836,0.146095426536543,-1.59546929063478,0.159388152017717,0.947516253007734,-0.864882289224323
3484,30.5084745762712,589.830508474576,2.4521277278782,0.335176804539373,-1.69349515024671,0.145780621134879,0.888496608638423,-0.887309894808346
3485,40.6779661016949,589.830508474576,2.39230691897259,0.540290815019686,-1.75960173045993,0.13139109697815,0.823092745912716,-0.884020369299521
3486,50.8474576271186,589.830508474576,2.2773968375756,0.75852249879836,-1.7902104483248,0.116323127645847,0.752791941302815,-0.855521116020319
3487,61.0169491525424,589.830508474576,2.11500263426036,0.985681605703122,-1.78263974240307,0.100480756079909,0.67917509403298,-0.802999958813804
3488,71.1864406779661,589.830508474576,1.91417288163215,1.21638349753346,-1.73523865830449,0.0835754621137495,0.603868418761603,-0.728281774571885
3489,81.3559322033898,589.830508474576,1.68494046491963,1.44406105146461,-1.64748673118228,0.0651475258005633,0.528493676352565,-0.633768445679217
3490,91.5254237288135,589.830508474576,1.43783445045391,1.66091162582861,-1.52005547252663,0.0446006492932456,0.454618543243804,-0.52236404324201
3491,101.694915254237,589.830508474576,1.18338652957678,1.85843066478839,-1.35482822260369,0.0212479348986161,0.383708722148716,-0.397387527604013
3492,111.864406779661,589.830508474576,0.931655282645288,2.02953084959914,-1.15487673145779,-0.00563332532314447,0.317083346929982,-0.26247555929247
3493,122.033898305085,589.830508474576,0.691790058787626,2.17077960653502,-0.924394515923633,-0.0367411049626157,0.25587513384218,-0.12147824371181
3494,132.203389830508,589.830508474576,0.471653816033078,2.28057805367438,-0.668588739222096,-0.0726857553546327,0.200996582986865,0.0216492186175338
3495,142.372881355932,589.830508474576,0.277520953618717,2.35427314482699,-0.393534004159224,-0.113928365752269,0.153113342370288,0.162955940563796
3496,152.542372881356,589.830508474576,0.113862172283222,2.38383088237144,-0.105992973378273,-0.160723957331077,0.1126256184364,0.298602801036523
3497,162.71186440678,589.830508474576,-0.0167760732497618,2.36304427137327,0.186789932049968,-0.213072905108199,0.0796582586411873,0.424965031416146
3498,172.881355932203,589.830508474576,-0.113794686771246,2.29069761005146,0.47731440643072,-0.270683612782137,0.0540598518205868,0.538727208504514
3499,183.050847457627,589.830508474576,-0.178469503571748,2.16915717580725,0.758061543847766,-0.332948936495983,0.0354108998065274,0.636968182383079
3500,193.220338983051,589.830508474576,-0.213789746351785,2.00235065509739,1.02173387825772,-0.398938190124395,0.0230408184375015,0.717233787437908
3501,203.389830508475,589.830508474576,-0.224217889144351,1.79524134245866,1.26148937167291,-0.467405799200859,0.0160532374082611,0.777595558943538
3502,213.559322033898,589.830508474576,-0.215384945229829,1.55395345720821,1.4711607377966,-0.53681684057219,0.013358795753947,0.816694094654758
3503,223.728813559322,589.830508474576,-0.193737920691817,1.28575092894819,1.64545202406604,-0.605388851209059,0.0137143821337178,0.83376614847508
3504,233.898305084746,589.830508474576,-0.166158022709141,0.99880182676396,1.78010523021736,-0.671148454608018,0.0157675546590512,0.828655008430315
3505,244.067796610169,589.830508474576,-0.139569105800841,0.701841224310484,1.87203088216542,-0.732000578486476,0.0181047009471881,0.801804180569311
3506,254.237288135593,589.830508474576,-0.120555578716722,0.403796224894339,1.9193978605089,-0.785807361845751,0.0193013712304872,0.754234860834057
3507,264.406779661017,589.830508474576,-0.11500466990448,0.113402246185251,1.9216793477988,-0.830473307145967,0.0179731400949556,0.687508115650283
3508,274.576271186441,589.830508474576,-0.127748461863126,-0.161168768421126,1.87965344479291,-0.864032852134018,0.0128253285003863,0.603673097073749
3509,284.745762711864,589.830508474576,-0.161905338006548,-0.412649445501939,1.79535874530198,-0.884736335887972,0.00269994816491719,0.505202979022187
3510,294.915254237288,589.830508474576,-0.216477563314613,-0.634970390255893,1.67200688184112,-0.8911303262362,-0.0133816855785192,0.394920608098978
3511,305.084745762712,589.830508474576,-0.279044012051233,-0.82349148014316,1.51385569083323,-0.882128462892473,-0.0361820912387446,0.275916108122252
3512,315.254237288136,589.830508474576,-0.315766851159425,-0.975159933369925,1.32604813089031,-0.857069344971072,-0.0662177457223845,0.151458855929175
3513,325.423728813559,589.830508474576,-0.284259126713438,-1.08858793798406,1.11442336137884,-0.815758536426813,-0.103737209629861,0.0249063535508004
3514,335.593220338983,589.830508474576,-0.198072706009772,-1.1640468911836,0.885307400471771,-0.758492453464194,-0.148708009751627,-0.100387443255247
3515,345.762711864407,589.830508474576,-0.177656959395534,-1.20337970035135,0.645291492459626,-0.686062701964615,-0.20081275226789,-0.221161817479808
3516,355.93220338983,589.830508474576,-0.35677239747617,-1.20983690050366,0.401006695946733,-0.599740312739499,-0.259454640557077,-0.334334588874933
3517,366.101694915254,589.830508474576,-0.71841713601389,-1.18784631632001,0.158903243965285,-0.501240236353479,-0.323772264998919,-0.437080774636329
3518,376.271186440678,589.830508474576,-1.1084526475563,-1.14272942807631,-0.0749570756411235,-0.392667363975652,-0.392663228704898,-0.526902601770845
3519,386.440677966102,589.830508474576,-1.405234037383,-1.08038030681517,-0.295087901579529,-0.276446193078742,-0.464815882652105,-0.601689143597833
3520,396.610169491525,589.830508474576,-1.59529875224438,-1.00692482176364,-0.49673795447428,-0.15523701604232,-0.538748175783356,-0.659764178759917
3521,406.779661016949,589.830508474576,-1.71414041325732,-0.928378696476736,-0.676017868594796,-0.0318421393828769,-0.612852389116858,-0.699921229439026
3522,416.949152542373,589.830508474576,-1.78722828091221,-0.85032285597936,-0.82999010170673,0.0908938889159153,-0.685444325642918,-0.721445115355035
3523,427.118644067797,589.830508474576,-1.82200038299794,-0.777613376497173,-0.956719374589795,0.210185779439678,-0.754815376381837,-0.724119750325679
3524,437.28813559322,589.830508474576,-1.81840153100649,-0.714141287355916,-1.0552827270746,0.323406373935953,-0.819285782571559,-0.708222297370101
3525,447.457627118644,589.830508474576,-1.77550233383476,-0.662654596749549,-1.12573993024478,0.428178646874715,-0.877257368033613,-0.6745041754779
3526,457.627118644068,589.830508474576,-1.69341955719064,-0.624651378748232,-1.16906659633076,0.522456900213608,-0.927264026050079,-0.62415976574209
3527,467.796610169491,589.830508474576,-1.57361991418745,-0.600348762781853,-1.18705381288423,0.604593705747227,-0.968018311459051,-0.558783986928933
3528,477.966101694915,589.830508474576,-1.41887212308595,-0.588728428138134,-1.18217943539958,0.673389798883629,-0.998452609191,-0.480320192216304
3529,488.135593220339,589.830508474576,-1.23310941614155,-0.587654956656268,-1.15745724972193,0.728124905870349,-1.01775352139308,-0.39100007261114
3530,498.305084745763,589.830508474576,-1.02124292944409,-0.594059368719989,-1.11627101935927,0.768568356637504,-1.02538833122718,-0.293277432825375
3531,508.474576271186,589.830508474576,-0.788939055274693,-0.604176580245623,-1.06220093189658,0.794969256410438,-1.02112265548912,-0.189757828187203
3532,518.64406779661,589.830508474576,-0.542372708695034,-0.613822566555776,-0.998850134747423,0.808026917540308,-1.00502868221479,-0.0831261142803666
3533,528.813559322034,589.830508474576,-0.287969025296266,-0.618694862755314,-0.929678898796467,0.808843144770395,-0.977483694234369,0.0239260359876614
3534,538.983050847458,589.830508474576,-0.0321460592704009,-0.614678785762176,-0.85785347822908,0.798858780358207,-0.939158895312585,0.1287706489537
3535,549.152542372881,589.830508474576,0.218929520125703,-0.598141496861934,-0.786115968525736,0.779777611885124,-0.890998871781343,0.22891011298701
3536,559.322033898305,589.830508474576,0.459562884661063,-0.566196748470309,-0.716680437115715,0.753481292633207,-0.834192329081503,0.322038262767409
3537,569.491525423729,589.830508474576,0.684718455262105,-0.516924833531433,-0.65115935828733,0.721939296730809,-0.770135029314599,0.406094368191596
3538,579.661016949153,589.830508474576,0.890167108081092,-0.44953478769172,-0.590522980280698,0.687118111923998,-0.700386113305576,0.479308756918613
3539,589.830508474576,589.830508474576,1.07258834982783,-0.364459143430796,-0.535092749228894,0.650893854102815,-0.626619210260688,0.540239075306306
3540,600,589.830508474576,1.22962510872078,-0.263375323023191,-0.484568376884402,0.614972271463624,-0.55056991254473,0.587796489267478
3541,0,600,2.28271226173046,-0.257467349258506,-1.30727619703279,0.278903811445443,1.00032933177474,-0.853200782018583
3542,10.1694915254237,600,2.4152021097094,-0.138766587945338,-1.46473379584182,0.318652799088992,0.980189367651381,-0.900942293712142
3543,20.3389830508475,600,2.48137650534984,0.00490522224224366,-1.60108818005676,0.353569887212682,0.954473820188835,-0.922505207688398
3544,30.5084745762712,600,2.48224533117186,0.175194103746174,-1.71107694769911,0.383105592535332,0.923734484210613,-0.917699780900416
3545,40.6779661016949,600,2.42128597516533,0.371924917969399,-1.78994677985502,0.406749866592333,0.888584318542877,-0.887065152584266
3546,50.8474576271186,600,2.30420933205754,0.592997140018412,-1.83365374406548,0.424035377693179,0.849678999389269,-0.831843605570771
3547,61.0169491525424,600,2.13863256067442,0.834391771569128,-1.83904307306473,0.434543224608833,0.807697524157874,-0.753935722823295
3548,71.1864406779661,600,1.93367593623969,1.09028541024949,-1.80400072774612,0.437911088870875,0.763322483705105,-0.655837956700271
3549,81.3559322033898,600,1.69950428312145,1.35325357337946,-1.72757009287283,0.433843629629157,0.717220630044038,-0.54056459913803
3550,91.5254237288135,600,1.44683559175217,1.61455385843666,-1.61002847766437,0.422124728783142,0.67002435549894,-0.411556549690946
3551,101.694915254237,600,1.18644043384142,1.86456187915878,-1.4529196476791,0.402631015646057,0.622314668423924,-0.272579614408426
3552,111.864406779661,600,0.92865566735891,2.09347557814622,-1.25904033626883,0.375345949935955,0.574606200929854,-0.127615323312518
3553,122.033898305085,600,0.682934696218552,2.29206764441674,-1.03238050299787,0.340373628248396,0.527334717174082,0.0192525783914458
3554,132.203389830508,600,0.45745430018091,2.45189823631838,-0.778018948213618,0.297951409349491,0.480847508811544,0.163952733892979
3555,142.372881355932,600,0.25879490628916,2.56509691469381,-0.501977681677998,0.248460432430344,0.435396969819204,0.302538657325878
3556,152.542372881356,600,0.0917073022415806,2.62471873511234,-0.211040105050788,0.192433132219525,0.391137539126516,0.431295985501068
3557,162.71186440678,600,-0.0410256062617139,2.62578376367786,0.0874604656449657,0.130556935298948,0.348126089654939,0.546841581250786
3558,172.881355932203,600,-0.138628097692708,2.56595876071157,0.385874201419028,0.0636734502482468,0.306325730028748,0.64621184263566
3559,183.050847457627,600,-0.202272882238045,2.44552520195039,0.676481445997734,-0.00722736498815342,0.265612873990252,0.726937914938459
3560,193.220338983051,600,-0.234929810558145,2.26715883028305,0.951743487126995,-0.0810183694332875,0.225787326024014,0.787105905224754
3561,203.389830508475,600,-0.24113182021865,2.03580113556004,1.20454802360663,-0.156451818883145,0.186585033307127,0.825400650048834
3562,213.559322033898,600,-0.22667159271907,1.75851107649842,1.42844012322305,-0.232181193219735,0.147693067036037,0.841132072170426
3563,223.728813559322,600,-0.198245362803235,1.4441973366411,1.61783002096,-0.306787856705978,0.10876632325249,0.834243667660909
3564,233.898305084746,600,-0.163062437529055,1.10323522873391,1.76817000789078,-0.378811897452535,0.0694453768656478,0.805303175860645
3565,244.067796610169,600,-0.128440161506337,0.747001383558623,1.87609387233995,-0.446786274069419,0.0293748844779203,0.755475986676868
3566,254.237288135593,600,-0.101404217142941,0.387356434126257,1.9395138268102,-0.509273211428545,-0.0117780868875612,0.686482318509915
3567,264.406779661017,600,-0.0883124024356796,0.0361037687386109,1.95767152663197,-0.564901643060305,-0.0543064263762256,0.600539642340927
3568,274.576271186441,600,-0.0945070546789023,-0.295547476996197,1.93114159090252,-0.612404402711802,-0.0984466405865354,0.500292221106076
3569,284.745762711864,600,-0.123916587017789,-0.597487408944923,1.86178789924468,-0.650653827470937,-0.144364367618987,0.388729967876634
3570,294.915254237288,600,-0.17818028220903,-0.861152297360659,1.75267478311543,-0.678694452531954,-0.192142242496326,0.269099092854901
3571,305.084745762712,600,-0.254350702790835,-1.07989050825748,1.60793698255217,-0.695771553364027,-0.241770536847339,0.144807201145661
3572,315.254237288136,600,-0.341845430797223,-1.24922886965676,1.43261382705024,-0.701354422231824,-0.293140906208626,0.0193256162645067
3573,325.423728813559,600,-0.426342159308235,-1.3670262465849,1.2324544583306,-0.695153447559608,-0.34604347781273,-0.103908263676277
3574,335.593220338983,600,-0.509275772273464,-1.43350715090055,1.01370198828835,-0.677130288978282,-0.400167403528644,-0.221585818921157
3575,345.762711864407,600,-0.623313123205757,-1.45117463990907,0.782865234472738,-0.647500698438721,-0.455104890185175,-0.33061663886608
3576,355.93220338983,600,-0.804343575452095,-1.42460821186112,0.546487068726212,-0.606729817291205,-0.510358606462274,-0.428210099582893
3577,366.101694915254,600,-1.04227837477897,-1.3601585361162,0.310918437610869,-0.555520068406476,-0.565352255526637,-0.511946923573913
3578,376.271186440678,600,-1.28538844979189,-1.26555632812975,0.0821067668829667,-0.494792048423261,-0.619443999167663,-0.579838881595558
3579,386.440677966102,600,-1.49163582358822,-1.14945719768679,-0.134593237226565,-0.425659095316017,-0.671942325701585,-0.63037516820833
3580,396.610169491525,600,-1.65171662608652,-1.02094761840738,-0.334579398950316,-0.349396448643956,-0.722123873381759,-0.66255439053243
3581,406.779661016949,600,-1.77146507240194,-0.889039108546462,-0.514126805075114,-0.267406123287889,-0.76925265609353,-0.675901541157666
3582,416.949152542373,600,-1.85431039825943,-0.762178173938328,-0.670473289575483,-0.181178773196284,-0.812600090835637,-0.670469768407995
3583,427.118644067797,600,-1.89905354999307,-0.647798521043721,-0.801863182530519,-0.0922539228331371,-0.851465198441947,-0.646827197202573
3584,437.28813559322,600,-1.90318982411126,-0.55193956111971,-0.907548602308337,-0.00217998635266838,-0.885194341104393,-0.606029478847603
3585,447.457627118644,600,-1.86500654637416,-0.478951434158566,-0.987749349779103,0.0875245235579368,-0.913199872799396,-0.549579146118894
3586,457.627118644068,600,-1.78421723615168,-0.431301893362341,-1.04357418103437,0.175407272513909,-0.934977111316418,-0.479373209804805
3587,467.796610169491,600,-1.66205901224376,-0.409494677273633,-1.0769078190495,0.260114674843631,-0.950119092213284,-0.39764074460422
3588,477.966101694915,600,-1.50123510792295,-0.41210277202695,-1.09026944912861,0.340419746810929,-0.958328634039302,-0.306872467599371
3589,488.135593220339,600,-1.30578467477868,-0.435913573040584,-1.08664957066891,0.415244453313365,-0.959427328373157,-0.209744504909219
3590,498.305084745763,600,-1.08089731359325,-0.476176745348009,-1.06933290265545,0.48367600973543,-0.953361164926241,-0.109038666980596
3591,508.474576271186,600,-0.832683264975754,-0.5269398959072,-1.04171552917704,0.544976869432858,-0.940202608066843,-0.00756160774976419
3592,518.64406779661,600,-0.567911199900644,-0.581452321883789,-1.00712460528161,0.598588401365375,-0.920149053224443,0.0919347728359771
3593,528.813559322034,600,-0.293726631948576,-0.632613352242949,-0.968648718879792,0.644128529004783,-0.893517706138296,0.186829408065183
3594,538.983050847458,600,-0.0173644331127693,-0.673439361483481,-0.928986432577661,0.681383848614763,-0.860737041142316,0.274702500449489
3595,549.152542372881,600,0.25413126705188,-0.697522537532646,-0.890319636375045,0.710296961166627,-0.822335102989053,0.353398398968236
3596,559.322033898305,600,0.514167353792642,-0.699454984944546,-0.854217167760013,0.730949927933308,-0.778925016624834,0.42107926412835
3597,569.491525423729,600,0.756831131690061,-0.675193711607728,-0.821572751365253,0.743544887628138,-0.731188157619499,0.47626817328062
3598,579.661016949153,600,0.977079711216411,-0.622345373445721,-0.792579737177654,0.748382947635398,-0.67985550978285,0.517880658536097
3599,589.830508474576,600,1.17088249083819,-0.540354153596118,-0.76674344249728,0.745842480835448,-0.625687793484995,0.545244032862904
3600,600,600,1.33531236218314,-0.43058158207748,-0.742930200754391,0.736357922894605,-0.569454986499109,0.558104235297423
