x,y,EVI,NDVI,LST,P,T,PH,watercontent,elevation,slope,P_climate,sig.P_climate,LST_climate,sig.LST_climate,water_soil,sig.water_soil,NDVI_plant,sig.NDVI_plant,soil_plant,sig.soil_plant,climate_plant,sig.climate_plant,climate_soil,sig.climate_soil
99.048,26.2059,0.201142282266391,-0.189609715567347,-0.695828140299346,2.15216567855558,2.47425074582254,-2.30483402320463,1.66627254753214,-1.47554357609363,0.0145242548561215,0.0162057081841503,0.902010828878742,0.853477017750674,0.00000000132508692907152,-0.575970896693447,0.00013202361673792,0.850964719697398,0,-0.256413022885755,0.0624676300559568,0.78378233038191,0.00000088680414589426,0.166663265295193,0.550716389077872
99.0638,26.4155,1.30881134233804,0.798913421062596,-0.425526503109736,2.30152643137627,2.31824436636396,-2.63103988591095,1.50082264044676,-2.20279952731027,1.09128514831867,0.0964216336098026,0.437357865926995,0.833590818585287,0.000000000470570471478027,-0.609697804095811,0.0000430702329532462,0.882220438880261,0,-0.202385373224893,0.229636518150073,0.876044419611838,0.00000450103992521989,0.393869379387815,0.106989933607476
99.4634,26.7375,2.13874009365309,2.28464811412268,-0.0127230168863883,1.76902916008653,2.27179500471035,-2.04170494489011,0.863351182735323,-2.25831130137149,0.4071621447468,0.139380337356459,0.223833133535217,0.811951238364459,0.0000000000411632949948171,-0.624726593110649,0.0000315829457613326,0.888362826888199,0,-0.0715919373915725,0.611033461370194,0.83971783181044,0.00000217058282214744,0.393039242900615,0.134203221842971
99.4254,26.7926,2.04407615810164,1.8881162172144,0.405937676907489,1.68396234539319,2.30829944009102,-1.34832956943622,1.15439674057019,-2.54160257278247,0.454597668775674,0.128154731473344,0.259222758320245,0.81530797960364,0.00000000000463895588609375,-0.607725832941748,0.0000416677513506158,0.892268502627728,0,-0.0684033205875604,0.606754139543794,0.853278709556603,0.000000687520015363319,0.39739911169508,0.130336646139799
99.2543,26.8812,2.61524599856403,2.40712210887505,-0.121479778212919,1.94011989126075,2.60828704881601,-1.71516793576822,1.17579652868518,-2.03828463549029,1.05263338546872,0.138208242465489,0.231632247050987,0.852300871337798,0,-0.643351185368205,0.0000264606148321356,0.925916232522849,0,-0.0287027287808829,0.781150393966443,0.871379981210922,0.000000000020152324253786,0.359666648113891,0.117494391756115
99.6771,27.0101,1.81924630477017,1.77846342944103,0.0390714509375342,1.28772928847673,1.99306581980349,-1.84035852773157,1.30083170863077,-2.48636003916042,0.509621648724117,0.120428538034167,0.259611233096264,0.812690905708856,0.000000000000740296712820054,-0.633631483731149,0.00000328433009899598,0.884284025761902,0,0.0197250425501767,0.870689795230286,0.827983597430631,0.000000116305289621366,0.382201701363055,0.121932939229686
100.204,27.0902,-0.674453284261757,-0.799200427786727,-1.71779221584859,1.98021412583657,1.7621760568201,-1.93182561889202,2.2416452881494,-0.404797694520414,2.09833837939025,0.179797812010647,0.0724776157183398,0.747491544486515,0.00000000558046564513859,-0.736584378876416,0.000000427284381432358,0.901012437318395,0,0.249216691932259,0.0565412703902912,0.732838068383043,0.0000261281884821329,0.305100558113015,0.24414311447924
100.593,27.1541,2.23784296558117,2.32599393524286,0.371598823782107,1.99320775016851,2.55847556706238,-1.75445725360417,1.55776999707195,-2.60211752254988,0.695956733849396,0.193244036390647,0.0503943079315627,0.7291153247213,0.00000000319181681085468,-0.758617983728494,0.0000012209818107678,0.902131488650909,0,0.318807520337255,0.0117054213070877,0.712707488656868,0.00000855834906299258,0.220080372220267,0.374462978596771
100.659,27.1871,1.99339387548555,2.03580722550306,0.493323524105807,1.78095097479348,2.46221098352882,-1.76953872873002,1.16846329972431,-2.4003095606716,0.43606382897023,0.193244036390647,0.0503943079315627,0.7291153247213,0.00000000319181681085468,-0.758617983728494,0.0000012209818107678,0.902131488650909,0,0.318807520337255,0.0117054213070877,0.712707488656868,0.00000855834906299258,0.220080372220267,0.374462978596771
99.2095,27.3288,2.49414516394275,2.29378526160229,-0.154338407371382,2.49520094874111,2.3997796330975,-1.91945350504143,0.999782550449203,-2.33906979342444,0.0715992697342865,0.141621458726687,0.14437868441923,0.819960840865109,0,-0.649270111507305,0.00000119465464964996,0.922416452621353,0,0.000992895914958459,0.992058986576241,0.893722726252346,0.000000000256422882927154,0.372348517311781,0.0859215209040145
100.636,27.4026,1.6505971166881,2.01059890702079,0.154221582612044,1.82547170382893,2.45343216628966,-0.887561223600015,1.19418274967312,-1.73690682283229,0.753022267906683,0.216312445036444,0.0227247533898172,0.707642482338165,0.00000000091465657270362,-0.793448413217918,0.000000556588457323315,0.920854147382754,0,0.451130477423515,0.000636020181202124,0.67725045377248,0.0000161199788084598,0.201519192694942,0.4007085704304
100.953,27.7168,1.91988768639193,1.88925078371997,0.473296274141421,2.94262092780765,2.28099841655764,-1.95141365214611,0.92301078428925,-2.16700774988951,0.651482486530368,0.173109572515046,0.0396002087912819,0.702072014569697,0.000000000159811497368878,-0.748788282778941,0.000000191545006300586,0.921694450758094,0,0.37712040483338,0.00386663696613199,0.653504310343733,0.0000940599253493879,0.274212262454739,0.260789660577155
99.3718,27.8235,0.502795870231514,0.19702677685033,-0.696255066756997,1.90980285302028,2.01650296127609,-1.93439463487563,1.56492199834313,-1.39899712364376,1.01046922877294,0.126386248656279,0.168455006578651,0.822974972494511,0,-0.632197623074016,0.000000197730980033839,0.930101835174541,0,0.0169727203197256,0.869632108724639,0.865160820886348,0.000000000624754914468895,0.390780413093511,0.0431549602135459
99.4806,27.8299,1.68478233591518,2.24422591186592,-0.0984275208152733,1.54103324280922,1.7292318719402,-1.55915775858412,0.996289478943037,-1.98369137041302,2.03822449851362,0.122770584886108,0.182050297597042,0.824488249437401,0,-0.629128413154277,0.00000022262369747672,0.930802179434898,0,0.0173718780904238,0.866507397162803,0.860180732368324,0.000000000454358106694031,0.386592047193922,0.0443815612317653
86.8545,27.8401,-0.747079874118092,-0.658422999048816,-2.16612131061149,2.97790259438297,-0.532383688920071,-1.26402834261889,1.06991030451519,1.03756603984072,0.88599583280686,-0.454837505858796,0.000000546102925325087,0.937440678899782,0,-0.54235532412818,0.0000000178577772569355,0.858031834180322,0,0.119470052439629,0.258905552412854,0.537028841340869,0.00177540010773058,0.812360029040871,0.000000140373835222363
101.124,27.8756,1.73123669246311,1.60900215606518,0.78017938827747,2.7166110633831,2.24382829531136,-0.963655558113443,1.33411047303246,-2.80457030568247,1.39155308308266,0.102965470462113,,0.66908165105382,,,,0.783091464132079,,,,0.590457233646363,,,
89.0316,27.8791,0.351787079103343,0.456528305412651,-0.636200366538916,1.93968272855697,-0.224082220533748,-0.67951062622165,0.710367005980241,0.546773527118849,-0.302338010846106,-0.47054992791059,0.00000133563321957908,0.998395807810458,0.00000000000226130225655652,-0.811434316761678,0,1.0455778239955,0,-1.06913235152876,0.0000000391135528410302,0.704166791168133,0.000160728624910789,0.111495742234341,0.748834765382872
99.2593,27.9802,1.75105451704221,2.16004146388112,-0.281139945757237,2.05562193392387,1.49599391455433,-1.53421419468093,1.07595167093188,-2.10605349392618,1.5441630981184,0.00551800244537293,0.952189575699754,0.855380885627743,0.000000000000000222044604925031,-0.588913312659339,0.0000000339919867808902,0.919961999294541,0,-0.210171016390621,0.079800449730753,0.923372808803921,0.00000000274221112483986,0.417914650961419,0.0190916387511253
99.0899,27.9945,0.898517088326285,0.902491584567044,-1.36234010311474,2.81523987480819,1.37375389009604,-2.20642896682174,1.52524414805885,-0.689424715875751,1.01008410805528,0.00272648782426729,0.975414008433159,0.846816547948112,0.0000000000000124344978758018,-0.565086651813747,0.0000000452715656074076,0.918241183814538,0,-0.266613571356139,0.0598335087399591,0.94496661059027,0.000000124138302304289,0.441378564403173,0.0126733884729411
86.5233,28.0446,-1.58361341664483,-1.3007914120937,-1.96798969857689,1.97003729844869,-1.12265949701868,-1.0724266484704,1.27791446176533,1.30023452078156,1.03578392231949,-0.460049758549196,0.000000228878066055316,0.907368834725914,0,-0.528794821123225,0.0000000404957789523763,0.842110932598586,0,0.0964058738309292,0.264061008570981,0.457403994190909,0.000879880165006286,0.862495385301422,0.000000333781877026595
86.586,28.0466,-1.32171138174586,-1.21748725607048,-2.38254814807671,1.58481687391541,-1.18912642851342,-0.917134285705535,1.35154036931474,1.16021651795473,1.06050151191522,-0.484886700148123,0.0000000486172195834911,0.908908274710284,0,-0.542072086711508,0.0000000061583420585265,0.823810329705941,0,0.118277870421388,0.183596319155416,0.407190919503012,0.00269216930903893,0.910169856779424,0.00000178500357517208
92.3779,28.0467,-0.513759169259322,-0.397254546381791,0.565552339755743,1.80677366507403,-0.0721619840849151,0.62152565575241,-0.383312169395623,-0.0482569865666713,1.21002288202166,-0.432328699703785,0.000174788610743049,1.05402721943848,0.000000556195385303937,-0.785637512292898,0,0.965332372262532,0,-0.789404766150819,0.016358633708792,1.21429991625072,0.000253416895467984,0.855202870123578,0.00000386570145272103
89.1575,28.0727,-0.0631324089848669,-0.228631275871043,-0.490636463730767,0.684252843857248,-0.277520975239116,0.401576341868469,-0.540850180310128,0.512970706599495,-0.27294637304513,-0.480657875272174,0.000000546806343981743,0.995636528634268,0.000000000000296873636784767,-0.810475950272046,0,1.04351482920669,0,-1.11202478463066,0.0000000103988870847616,0.740159163809795,0.0000806496188330286,0.157079145545253,0.617600085130331
92.2418,28.0885,-0.53902606191811,-0.417655838966621,-0.910468632514262,1.3020315877145,-0.16667243942512,-0.436294092029971,-0.0867901978077754,1.07246983166758,0.244415659784931,-0.459867268386194,0.000119274541710679,1.04734197428633,0.000000820655737143738,-0.781602035078845,0,0.959682294029159,0,-0.790140187763023,0.0197604335343482,1.20625024958435,0.000449562522120139,0.856312627434695,0.00000490349620840824
99.2208,28.091,1.12840730828373,1.48561159706311,-0.709135170571638,2.37173410285333,1.40015439860168,-2.09285108008809,0.944109362782492,-1.04341987574495,1.40586716606925,0.0132323354901513,0.882247714853107,0.85007077098803,0.000000000000000222044604925031,-0.577977223600891,0.0000000292724604555872,0.923902193105528,0,-0.180011464609992,0.148700119918775,0.907845154573404,0.00000000983997550108029,0.428179299127213,0.0147407447183519
88.5648,28.1226,-0.421626901537473,-0.392148898183952,0.0689206226077269,1.10087828102296,-0.781258097456204,0.0267123784395719,-0.901770407134271,0.958115057364523,-0.101181248396266,-0.457060967555909,0.00000179973716907256,1.00609130529493,0.00000000000710320691155175,-0.796051215666416,0,1.05262726123816,0,-1.15572488808262,0.0000000302257954221119,0.916427008801931,0.000791658162687003,0.129990166286977,0.748991845532701
92.464,28.1585,-0.346317367782724,-0.0203861978871032,0.359415636040976,1.3995526385744,0.348542370849683,0.393541094176325,0.218397318403507,-0.0846705813391129,1.59192504673456,-0.407967260270496,0.000359755627520109,1.04879394830864,0.00000101852859057949,-0.786880492008492,0,0.976178434694928,0,-0.921730193242542,0.00753535901751556,1.28768337929618,0.000193652038405379,0.84648021393978,0.00000462786082855438
91.1033,28.1741,0.718320376199046,0.996138274948343,0.0606299252274601,2.6438701512514,0.202551182461802,0.0422516678654696,0.377841241225321,-0.394009045211032,1.07097067734181,-0.43458518003958,0.0000327265914481512,0.992630614015941,0.0000000000523108223404734,-0.814530410356881,0,1.01894617131435,0,-1.39023081163602,0.00000801174412501382,1.17838526111482,0.0000555432713731374,0.675627747238873,0.00000531464782294044
92.4711,28.177,-0.367622399965801,-0.0588547650091904,0.423078854683251,1.27228489873913,0.42983568804709,0.410149052818681,0.286310070705605,0.0230085297254499,1.22492751346832,-0.413099011004395,0.000321173109719242,1.04585417767601,0.000000898061728538124,-0.787426158920296,0,0.979285328153059,0,-0.965049377132971,0.00456676731627237,1.29987472108023,0.000158416371016656,0.838100976371883,0.00000398580350213784
98.9463,28.2133,0.38148917777343,0.715364555712045,-1.6847385399982,2.54561712820197,1.4193140696509,-2.43601010476947,1.32657665888767,-0.45196502981843,1.22610871236531,-0.00957596856982062,0.913999504483997,0.863432133673668,0.000000000000000666133814775094,-0.571191088263759,0.0000000138712397124152,0.926667883270685,0,-0.253321725169248,0.0704553624683291,0.941768085527941,0.0000000298383269203839,0.458210136692699,0.00637741414380533
91.1445,28.2178,-0.22361983922573,-0.151225046533421,-1.8688070470413,2.50533936411996,0.0874521385014,-1.2553187877568,1.29935879792226,0.319432377756803,0.876893069655082,-0.435079154115844,0.0000253333032471659,0.991417303230925,0.0000000000179272152678323,-0.812101581893698,0,1.01812486513335,0,-1.40545558235191,0.0000088824719517433,1.18597449661033,0.0000550572616104805,0.69715294235222,0.0000010161381680529
91.2439,28.2371,0.0126417104411117,0.36274822883601,-0.337276139935559,2.41294830403225,-0.0980311922535494,-0.196500463751663,0.605778524792408,0.33304642188856,1.02847273177414,-0.424574539000553,0.0000366329222705186,0.991522407595898,0.0000000000147755141455264,-0.799976415437057,0,1.01636611788071,0,-1.34987386017264,0.0000313408666077208,1.19403925907737,0.0000716132882203624,0.71392369925837,0.00000051500781594882
89.5511,28.2606,-0.17426942252311,-0.29061876548452,0.640721614063117,1.09410413812374,-0.191617163449686,0.667805336506999,-0.975513635170859,0.233903374647209,-0.653192104632966,-0.467953026599778,0.000000482249667088652,0.979125782596437,0.000000000000007105427357601,-0.816991978275773,0,1.04538368299098,0,-1.06361631852785,0.00000000123332521972941,0.671912616933521,0.000289587436932193,0.0412158834224888,0.92318650781383
85.8233,28.2769,-0.610179361804834,-0.55293660969819,-1.96912818517733,2.99636999512783,-0.99479829096799,-0.989379564191542,1.1202404297073,1.16351694314137,0.796178049677361,-0.449330140254233,0.000000203166395928989,0.932489097830093,0,-0.650938225958608,0.000000000000000222044604925031,0.887409669160249,0,-0.0225498565843332,0.909195036499497,0.987339129186749,0.00645866554998831,0.871665686270681,0.0000972875665399275
87.596,28.2778,-0.808219118578065,-0.783356749194364,-1.7288509426094,0.45925718943192,-0.745302232158448,-0.0939127561192044,-0.389695991729221,1.57148044891963,0.397723237720932,-0.485998320453306,0.0000000319364636958142,0.985315572396978,0,-0.744771034628561,0,1.05672868100247,0,-1.44518968595948,0.0000239040513998479,1.13003301406599,0.000411975438532552,0.277335507878773,0.404521401811564
98.372,28.2799,0.246806855272604,-0.0807178045871712,-1.779261291564,2.90230658612126,1.45340502677419,-2.66801280448892,1.24429146144507,-0.546000019814064,0.614371113127403,0.035677367699841,0.688789673832135,0.854361311550817,0.00000000000000222044604925031,-0.612684650606339,0.00000000298447599966778,0.937795204148681,0,-0.236523587010583,0.0893030614621722,0.94573182808148,0.0000000604490772992961,0.445509278763054,0.00960900826280797
97.5688,28.2856,-0.80130749480365,-0.898489218715183,-2.13930897590118,2.58959909852419,0.601817003798209,-2.7872086282865,2.64432944840362,-0.407655431704133,2.20562083134115,-0.00481758261034316,0.959014682772127,0.859969511397545,0.000000000000130340183090993,-0.648160306316012,0.00000000105674602401962,0.95786180280578,0,-0.273559244959487,0.0654770095543189,0.967245031601727,0.000000170755348971596,0.419317115694547,0.0223372707102183
88.7493,28.2886,-0.0409733577537624,-0.137819664138059,0.689313200957419,0.398831773279967,-0.124178799528598,0.593923572336405,-0.656648791705578,0.445510341682149,-0.535067454239439,-0.475233448664753,0.000000664370450209617,0.986362325866515,0.000000000000865973959207622,-0.797175682660459,0,1.04266001251994,0,-1.18537129192195,0.0000000102696351422793,0.884444902051173,0.000418165796681524,0.036651509674051,0.933023607710819
101.313,28.2984,1.48678893116429,1.52287332988663,-0.571759822580491,2.48606177216307,1.70956704629983,-1.60539659436411,1.10127853282573,-0.72001288724056,0.417143279244233,0.0777917042005824,,0.655829129607679,,,,0.789982897958925,,,,0.520527760341531,,,
87.9376,28.3087,-0.664899805538856,-0.58675583809582,0.106284391798007,0.618749212498168,0.416332408192479,0.160162507840027,-0.745175711420661,0.944132704542327,0.734138275648257,-0.474400692692048,0.000000170240636698793,1.01380608283017,0.0000000000000175415237890775,-0.789517859441512,0,1.0565141421359,0,-1.22477708733418,0.000000078173982176466,1.03618079049344,0.000640159706828847,0.208161539444831,0.589284527067095
86.0413,28.3203,-0.107638048088472,-0.279370286804035,0.307719607605457,1.78501036963651,-0.716458243900422,-0.240667849980776,-0.886015230595249,-0.133305873532423,0.479652472432385,-0.471513814054125,0.0000000503450432454144,0.90912697320161,0,-0.611232292288927,0.000000000000605737682235485,0.863621927606448,0,-0.0322627710148135,0.803628553730956,0.725890943544641,0.00112074395621931,0.712304349807542,0.000023080826944355
92.1061,28.3208,-0.767573183404795,-0.725479782681464,-0.586509956474167,0.701306109617557,-0.311190877685762,-0.180263601187587,-0.229929376536407,1.16715998983808,0.272962589562286,-0.423610395755947,0.000109521886252129,1.0458041714166,0.000000155843540738942,-0.791450741555499,0,0.968707961105246,0,-0.915806446270221,0.00849873308509808,1.28860553753773,0.000158839524567078,0.841194225103638,0.00000129676052451622
88.6623,28.321,-0.174877886037274,-0.141074512016909,0.64938160590924,0.40379265183221,-0.0418700751310207,0.592094246810466,-0.779688528752083,0.393249935510401,-0.143150667220164,-0.464487675580195,0.0000010966513699362,0.986258340408621,0.000000000000980993064558788,-0.800087876520887,0,1.04895312926582,0,-1.14435066881443,0.0000000116702971730831,0.804947214737164,0.00110940929640457,-0.0701781021955768,0.896032256584005
87.5579,28.333,-0.267131640000044,-0.363879200124889,-0.0211885506877722,0.398456186489499,-0.464458868144776,0.371621353080795,-0.839091297747798,0.410694067874431,0.619230853681824,-0.481592420431961,0.0000000595113138768255,0.937752108124311,0,-0.501501839552436,0.0000000865015148399095,0.852072203668739,0,0.194363573389488,0.0869953860369577,0.439115692952814,0.00738676671980421,0.972614549370982,0.00000664675307970874
97.2386,28.3357,0.35950510680289,0.588443165096071,-1.19466856831037,2.66921631499282,0.745794757583453,-2.6445914939346,1.44706586343709,-0.726315168639139,1.58716006014792,-0.312455078447474,0.00665846886234478,0.999167910869335,0.000000128633742990658,-0.632269552583997,0.000000000608722849904098,0.953528150835257,0,-0.663039432624068,0.0065666493880383,1.31699377370486,0.00000380819526046849,0.57567053744784,0.00218782089943526
89.1131,28.3446,-0.427425148064172,-0.467438533162993,0.155848720507712,0.304777876236835,-0.0743014759998429,0.645256961688366,-0.73244745117319,0.470930525647938,-0.418614288499274,-0.464754478167819,0.000000328356164480681,0.98964434892948,0.0000000000000415223411209809,-0.820748018065665,0,1.03895300703036,0,-1.17718841028985,0.0000000000482562878545423,0.899367703259655,0.0000220536447461672,0.171493825357225,0.570186695608806
92.0967,28.3585,-0.392380027328838,-0.39395390330613,0.347137977406691,0.762159821247006,-0.098109690977141,-0.0689715413940555,0.0197021556600182,0.475620377184157,0.159551637510116,-0.424952130701236,0.0000824342142926593,1.04174934945408,0.000000115107855025443,-0.789720940973569,0,0.974103350479353,0,-0.993434013023814,0.00288191282327066,1.30649372024007,0.000078238903931771,0.818804624329203,0.00000109508526402458
88.561,28.378,-0.00424274765748497,-0.183386768514282,0.949912142520966,0.446941209428722,0.163078665175324,0.496836240014632,-0.479096108546491,0.158220375461116,-1.03530409751764,-0.47479545638345,0.000000427545773895588,0.989022652977572,0.000000000000262456723021387,-0.802729030051006,0,1.05016815977537,0,-1.18699029727698,0.00000000562873636589245,0.862928858403684,0.00126426770534693,-0.0522474034047821,0.925897886706498
92.0369,28.3993,-0.450186203662153,-0.470774939413968,0.231601127814037,0.854492404602326,-0.12181711468559,0.0205946885663651,-0.522415220527901,0.338958247307637,0.624594206979012,-0.442366970512063,0.0000610362556092703,1.02911118597097,0.00000012838515273117,-0.789792525953442,0,0.96506570231435,0,-1.10935972032548,0.00444744452497714,1.43074066709918,0.000173260133608188,0.83160442578614,0.00000123773818616613
86.2919,28.4081,-1.04565630686272,-0.970090763071782,-0.9076073385155,0.667738311233934,-1.26311312150465,-0.336073761522946,-0.697881332615039,1.58486717239289,0.384914026382365,-0.48732783703405,0.00000000523545584663054,0.90736627531208,0,-0.600015369015495,0.000000000000244471110022459,0.812001793666187,0,0.0807311667113244,0.463304130120229,0.505946325162265,0.00408669810891094,0.763961301894735,0.00000144720406769494
99.666,28.4115,0.822530970185097,1.25804701203149,-1.12899009987958,0.741609753452321,1.32630934301664,-1.94524539371555,0.896263931602329,-0.508859035649121,0.367189828072358,-0.0291514031312884,0.736325899350937,0.860843957167325,0.00000000000000333066907387547,-0.567681989569978,0.00000000632274543832523,0.92375670990072,0,-0.228774337676348,0.109147440068236,0.922042307618719,0.000000174369151784148,0.483228073768487,0.00514093403924343
99.434,28.4198,0.791765437721644,1.25346551640208,-0.870076697806028,1.75484710564507,0.915857621891958,-1.15127878136047,0.947058032189981,-0.507270251224537,1.65285526366422,-0.0470625080515802,0.579414032809102,0.856456333700923,0.0000000000000164313007644523,-0.557385347285016,0.00000000664624955071247,0.919421192676323,0,-0.297497266033831,0.0519782342824195,0.948741232675545,0.00000032228921686972,0.477282912050626,0.00437710339941799
87.6859,28.4261,-0.228549115700579,-0.342441649555628,1.04104910229897,0.00461936772180358,0.253653116987028,0.668499699521011,-1.10145433631681,-0.0600419878416167,0.432889056529392,-0.507425380804816,0.0000000223121372489032,0.958620435457536,0.00000000000000177635683940025,-0.518290583499455,0.0000000186046431593923,0.782336002460227,0.00000000060369642618241,0.209846750724864,0.0216132996563474,0.260416634344546,0.021330286942973,1.14302546227788,0.000384754582741564
92.2566,28.4372,0.0286262697314786,-0.026761327808936,1.16055823746589,0.744659325803413,0.362383248542653,0.897192361639922,-0.133431959239779,-0.472218422454789,-0.388844030588792,-0.411871224887603,0.0000660829244552019,1.05859222949375,0.0000000556873647195033,-0.746643640967346,0,0.972289903156258,0,-0.842061984564449,0.0166434192893838,1.26410548528215,0.000133374765837635,0.86192642549059,0.000000557670895240392
86.5353,28.4524,-0.207555963738565,-0.318995059076758,0.980837253720382,0.0629802591038299,0.0712240433873206,0.263274668866034,-0.332213516962186,0.468256464840593,-0.0587560495210845,-0.488835390101802,0.00000000156464685652224,0.905384018082169,0,-0.585477638954568,0.00000000000031996627569697,0.758682545574802,0.0000000206789922962969,0.152518656466294,0.108132598447834,0.25426637631726,0.0364448074938934,0.780339855843384,0.000000154875848146219
100.501,28.4688,1.47074530350444,1.7962865989913,-0.857628574351944,2.22224648600419,1.29711468274064,-1.5340275596268,1.05321529875755,-0.874739110611595,1.43917554209948,0.153000272941816,0.0265125058215139,0.687273763103611,0.000000000000585753667792233,-0.634673912045875,0.000000298093747019834,0.922461683595867,0,0.044140670914934,0.801458644480989,0.862165259348892,0.00168749176088445,0.511502534080178,0.0519755884545932
91.4879,28.4809,-0.109753428462583,0.0141048724492086,-0.333392547935537,0.632431027134316,-0.262451664477521,-0.14903991120423,0.114665178642374,0.946108999256659,0.286925169218147,-0.456299745233373,0.0000141797356325579,0.988748789568683,0.000000000405970812522582,-0.776129298132817,0,0.991641140798623,0,-1.32567465701215,0.00160674160291685,1.4383866411879,0.000229652947139281,0.784944487431293,0.0000000868970360112797
98.3608,28.4958,1.9896178406461,1.9139910448058,-0.300121482116722,2.02336914182831,1.60438479609859,-1.76100505619876,0.99279917091569,-2.09592883821253,2.18425179586509,-0.0403464924683863,0.652129235045182,0.89367916609021,0.0000000000000863753513158372,-0.615570668473347,0.0000000000250592879780243,0.930484821848937,0,-0.324038525200733,0.0339586180789606,0.984444565206512,0.0000000981562096047384,0.487442595987083,0.00259533366724174
88.148,28.4962,-0.154467131734834,-0.234415692942488,0.791523465454913,0.612294092383433,0.655823854800298,0.0226815754755142,-0.54704977065217,0.251365213151906,-0.42017804599755,-0.510553486621116,0.0000000241370972098309,0.997374470374432,0.00000000000000333066907387547,-0.802857203932499,0,1.05476333243401,0,-1.26564350397588,0.0000000150514039010119,1.03569375160036,0.000287126559959772,0.215347722421635,0.561761237978981
98.2305,28.5271,1.2922176387311,1.3182333047984,-1.14258063875099,1.9340201828363,0.513354540177655,-1.71451957996557,1.32449088014073,-1.1424889868293,1.76170101830278,0.00179517528251612,0.983509577518223,0.867952530063776,0.0000000000000108801856413265,-0.617438748524114,0.000000000135862432415479,0.934351049719156,0,-0.312669638838764,0.0393771546624475,0.981397816714776,0.000000123527439610527,0.472092451963246,0.0036967082242465
86.7419,28.5294,-0.344874704748107,-0.280310751915403,0.765708890673436,-0.099796412404929,0.32934677835268,0.302793910037086,-0.466743205815602,0.51828914672222,0.0621626974645463,-0.500493260884345,0.00000000073349726292804,0.898068288614744,0,-0.583497192611892,0.000000000000188071780371502,0.713389744757876,0.000091289756927404,0.119046758114793,0.105989870610975,0.204154874923911,0.0308524697236263,0.834643118340027,0.0000000188449433835558
101.559,28.5333,1.20499968427948,1.75374530138107,-0.6758597595959,2.77546732186903,1.34890830203918,-1.93929319104742,1.12302527961795,-0.925977409628827,1.3574288215149,0.183522170092164,0.0168555080957598,0.606127409137187,0.00000000000944777589495516,-0.789007990171832,0.000141641452475971,0.962596494159669,0,0.616837354605363,0.000335123916559432,0.68936713154222,0.00679304613745724,0.0276267861944933,0.895669066492373
90.0389,28.5356,-0.426119596924323,-0.487197536976225,0.466781499837915,0.246957485700519,-0.496249871363086,0.605873579154746,-0.785708601828374,0.694930893576323,-0.148444123504792,-0.506444574408407,0.0000000532086776861007,0.996195772821776,0.0000000000000137667655053519,-0.826303589461718,0,1.02460262835207,0,-1.26874238501713,0.00000000000154587453948807,0.824788259056617,0.0000171301443878669,0.28601223384646,0.307688621814356
101.051,28.5855,0.866721950848715,1.10004449839619,-0.488837645336073,2.26486860680282,1.28039206670882,-1.99384523211821,1.05880417094298,-0.430768240598292,-0.0752473618659447,0.202875220842691,,0.586577258732561,,,,0.925585339265186,,,,0.747837115674019,,,
100.49,28.5919,1.29781006315583,1.67730309658029,0.211732947131683,2.27921804956459,1.51273829759951,-0.0464962295930716,0.768433484863054,-1.64683635639878,1.75302038481258,0.134908722987082,0.0433126337569809,0.691153800998409,0.000000000000596633853433559,-0.619998382847447,0.000000104007826351449,0.921756195133393,0,0.0160203790990123,0.932340699483003,0.866323492534476,0.0025437694894932,0.54438221510715,0.0376666930878933
99.0884,28.5942,1.50474618640942,1.80940579786122,-0.513911671387129,1.30699663668138,1.42017351376899,-1.38833219008675,1.47296991438098,-1.14124584423899,1.27322513949132,-0.105329942111313,0.242264667489511,0.90042924241668,0.000000000000315081294388619,-0.576924249314534,0.000000000279535949943011,0.92597495755104,0,-0.312960374370322,0.049106558865547,0.987806148080861,0.000000192645657426382,0.521926469087525,0.00098013324113011
90.8335,28.6047,-0.00166710316415808,-0.0173057012717957,-0.390846294236895,0.590227856012084,-0.37805344438411,0.0890515368376404,0.0173878192831934,0.884853380037756,0.112824247117197,-0.444495461504346,0.00000173289992622117,0.964731822413927,0.000000000000000888178419700125,-0.80357444127915,0,1.02728906848706,0,-1.39752737059072,0.000000307418122291736,1.06553397302732,0.0000107911968347807,0.603251466983806,0.00000919170457946983
86.5867,28.6246,-0.170403771726123,-0.339034744357475,1.19151179440655,-0.0653739779525115,0.653596296572291,0.867823727383628,-0.417711777809083,-0.0579076230748746,-0.424547193561764,-0.492364884791385,0.000000000565548052833265,0.902116073485011,0,-0.588992276282427,0.000000000000070832228971085,0.748543892558401,0.000000166264370715652,0.151939966580417,0.0951814643657671,0.242456027067648,0.0402954117111933,0.772919220014486,0.000000231607984346738
87.8486,28.6255,-0.212864462373806,-0.324346444243603,1.47003151224875,0.457495691766441,0.831611231609866,1.09661113756926,-0.854444180068922,-0.285404678686054,-1.14771351362571,-0.495533603207928,0.0000000169675649086543,0.976804473778914,0,-0.75715086074262,0,1.10038551756992,0,-1.14716251623709,0.0000472697407292166,0.618678647736397,0.0296728195338367,0.191929436684719,0.652244384010711
93.0561,28.6256,0.52733163054579,0.423415704980177,-1.9566410650623,2.51170460217832,0.182728436301227,-1.98765311902474,1.64040460484425,-0.469843143644001,1.66022365578871,-0.339559749815487,0.000532598126568029,1.09447703594532,0.0000045386853437801,-0.736281979720032,0,0.973148685824552,0,-0.657343918964705,0.0478384381761836,1.20493073668311,0.000102274976724992,0.835285285043098,0.00000742615047322204
87.0158,28.6456,-0.410587355031403,-0.504645221810698,1.1755034610143,0.216600893579259,0.602404217882439,0.936038198935742,-1.44013246104386,0.361609042367236,0.483438081506363,-0.539585881971064,0.0000000000375925957030177,0.912645097201107,0,-0.591301784211072,0.0000000000000108801856413265,0.6652936917802,0.00886765982076243,0.158498970311656,0.0463318075810024,0.116995457989584,0.165933019605402,0.994536388930477,0.00000165591800915799
88.7596,28.6573,-0.298655514812257,-0.05828204599548,-0.0847254985613086,0.913812341229645,-0.112231005045702,-0.0800190292797501,0.00326263289873302,0.509192315202857,0.0423272679962827,-0.486789551476212,0.0000000527562149521543,0.979915408112775,0.00000000000000244249065417534,-0.824958978991349,0,1.02923669222051,0,-1.22114781207583,0.0000000000123459020784367,0.939110142221674,0.0015264981902261,-0.374715357920829,0.665080615236732
85.7438,28.6603,-0.360670387400176,-0.497498253812391,1.49268769113856,-0.0725670637681854,-0.241043109760488,0.415182767686607,-1.16558197996412,0.484304811037216,-1.09041986856178,-0.523420882302384,0.00000000203552397159967,0.947999447607587,0,-0.736952820438359,0,0.877506996804372,0,-0.0941096011425888,0.760480157109899,1.15587599184178,0.00360825635219486,1.069222479402,0.000178983891452988
90.072,28.6836,-0.570652964399795,-0.478313650807858,-0.520469183525473,0.372779043132481,-0.29177308673106,0.131504722488666,-0.421040267763123,1.00558385066021,0.195357210025896,-0.500732745257099,0.0000000909749273692029,0.980393776896151,0.0000000000000510702591327572,-0.847415531375194,0,1.01227577097089,0,-1.25550404140871,0.00000000000000199840144432528,0.747989037921673,0.00000892577446420795,0.156123877626832,0.614178447916606
88.4002,28.7013,-0.620060711353607,-0.643627274470552,-1.48754394490283,2.58830194595851,-0.560390253898929,0.0607540318065497,-0.526591528184495,1.55563682662202,0.448547135574672,-0.514440341017151,0.00000000820985035510091,0.986475645888718,0.000000000000000222044604925031,-0.822945162521078,0,1.04469521642383,0,-1.28606951702427,0.000000000194334548453412,1.08202595573804,0.000750941705983221,0.145557667653564,0.734881455648024
90.2159,28.7042,-0.313746753744576,-0.239616616356094,-0.88660473644458,0.736357181159846,-0.482123810434877,-0.44742849942481,-0.0366812471509736,1.24761709654905,-0.416740065919144,-0.516582454661519,0.0000000549360685830891,0.979059404748706,0.0000000000000786037901434611,-0.830289517818586,0,1.01149417875163,0,-1.40661009705899,0.000000000000159205981731247,0.917038805747987,0.00000221893033236498,0.356794678346945,0.101670615002123
92.0066,28.7108,0.353697500830554,0.367497940446734,0.143664367363609,2.28801379903659,0.148953148336089,-0.00514544187666988,0.519824011245799,0.392099910811587,-0.602078874179728,-0.446569061170615,0.0000174327553783549,1.01941068606324,0.00000000731111327034739,-0.780373400265578,0,0.966880621630021,0,-1.28519447110943,0.00279638913055003,1.55454541591253,0.00012187434974309,0.822117470504548,0.000000201451180181778
89.6632,28.7118,0.051629581301408,-0.0933806218555466,0.40818785299976,0.319449129174742,0.00139647199421211,0.454676846177851,-0.139296711845553,0.0723657142771738,0.951415422612841,-0.502330918273355,0.0000000179038777137208,0.964507910563311,0,-0.831546516181856,0,1.03007256039526,0,-1.18679003772544,0.0000000000103097530512741,0.750693850583782,0.0000815222485359701,0.105832175364574,0.77594727966349
90.3408,28.7277,0.103287256468748,0.0936860073452924,-0.112908754974575,0.962288771967936,-0.110665753949164,0.0458236282100848,0.42339422914276,0.466992458698152,-0.383074773289138,-0.469538452053727,0.000000640924979311563,0.955266045023457,0.0000000000000470734562441066,-0.826179393053919,0,1.01462459017434,0,-1.39908160313062,0.00000000000375188768941825,0.877783838795685,0.00000580331939881162,0.347966587457759,0.114946242333421
100.662,28.7339,1.59318331694235,1.87741780654779,-0.80850997081796,2.23798581853813,1.06621580521354,-1.32691831456978,1.02333902506704,-0.236154793302093,0.71887987303798,0.219834088389828,,0.583936902518611,,,,0.947536553595093,,,,0.777682899709513,,,
89.4589,28.754,-0.357463392663055,-0.308544286895698,0.0465584735724704,0.591949484804164,0.218745346956545,0.179646839705848,-0.402905684526874,0.514530282462339,0.986742645356959,-0.464147141703621,0.0000000882548136793559,0.977062694498014,0,-0.810847689996986,0,1.03899240554356,0,-1.19983067680178,0.0000000000999156313241656,0.788240823877472,0.000420574964327125,-0.0459723802793181,0.932064248281455
92.2644,28.762,0.111188224611286,0.299101657387619,-0.607080227110417,1.87778091014824,-0.0595995218312415,-0.288123070199216,0.565694097422878,0.554821865359879,0.162232198422127,-0.446290038237129,0.0000140039230864808,1.0278357852003,0.00000000235727193320656,-0.764336226791716,0,0.974221749105571,0,-1.09139185535707,0.00241636844920134,1.43926222039598,0.0000326312809306728,0.831977436726558,0.0000000753909521478136
84.2307,28.772,-0.549101695298753,-0.511988169367835,-1.2649179295014,1.68888583297655,-0.84675490163053,-1.12211525728283,0.159103945896791,0.644649074918905,1.47586796390906,-0.529456442440206,0.000000043790450376946,0.941565957372983,0,-0.839043443374369,0,0.934107505579839,0,-1.28147544644061,0.00429427936154947,1.72334092981835,0.0000103843052994268,0.7345939063035,0.00000000662296351094938
86.2421,28.7814,-0.41669579991805,-0.4314617351613,0.965651698394905,0.0477525668745736,0.308114960982551,0.698317582743706,-0.677902576063603,0.298464064196006,0.01161020439424,-0.484219044965847,0.000000000808666023033311,0.91601590641401,0,-0.613734023717292,0.000000000000000666133814775094,0.799114825685608,0.000000000000000222044604925031,0.112438970219,0.299618383034733,0.411568111144153,0.0110773308585652,0.791888989071937,0.000000488739209991707
93.3011,28.782,0.948819015304432,1.21265056963489,-1.30145907620627,2.2835446478458,-0.0144408443174255,-1.69634617350127,1.38424168492142,0.210716549518185,0.817707379343922,-0.364866955564429,0.000149516828734431,1.11644556125319,0.00000463432322028723,-0.747300901409119,0,0.972358014359717,0,-0.551267895733738,0.0691181807417907,1.11311802234406,0.0000685223542340463,0.868534490353973,0.00000576045531386349
88.6782,28.7852,0.16673450637692,0.187415421890032,-0.231424793708401,1.77181193992815,0.213503096563042,-0.753161955181797,0.194767818909031,0.739732305774409,-0.0980858610064148,-0.498834958290228,0.0000000175024008619573,0.979520392388857,0.00000000000000111022302462516,-0.827210436906123,0,1.03245949125348,0,-1.24170530198024,0.0000000000109212638932377,0.93724289798933,0.00368797111791075,-0.574544463267963,0.643535368217292
98.7521,28.7884,1.04085602995556,1.46249193119581,-0.93458675208651,0.823332508930449,1.02423725603644,-1.6815830118372,1.01095247637881,-0.337865445104217,1.26253405847535,-0.128612895490893,0.166677965412519,0.972648577517822,0.0000000000508217912198461,-0.591973894202007,0.0000000000237030395311422,0.920499673556055,0,-0.338185204243615,0.0200790760871887,1.02755190697277,0.00000002403667109796,0.547742152941368,0.000237487786878043
100.747,28.789,1.35292249634306,1.94761879003618,-0.798488692518043,2.1755250693552,1.14726779238127,-0.995168354733119,0.954956150350088,-0.43101127110408,0.919253048843497,0.198270637154895,,0.542832328987521,,,,0.938770506591229,,,,0.736624803360913,,,
91.7281,28.7928,0.198549715589387,0.304987037216348,0.0392084900721834,2.20263949678249,-0.0298258804873985,0.185039588311202,0.419674645496663,0.545601223840243,-0.351426622439407,-0.476369134228386,0.0000019738563321603,1.00369916710116,0.0000000000823758838919275,-0.789678196316759,0,0.97865847901119,0,-1.24634097700546,0.00024053181937167,1.44533056987523,0.0000124210738616792,0.811468140356663,0.0000000125770656111968
84.8933,28.8006,-1.18852780081528,-1.06726354402533,-1.76555192546385,0.428973864765212,-0.876484610663147,-0.907666086644207,0.514339377168698,1.31312801960328,1.4458106876152,-0.469705447608575,0.000000102898381371119,0.93908035860644,0,-0.796387906293737,0,0.931283364752318,0,-1.21626937496091,0.00504289337943908,1.73814206877697,0.0000033242037091874,0.778783281998132,0.0000000000187856397104724
85.1881,28.8214,-0.556117522311416,-0.527765175531679,-0.785485571112419,0.151006665548288,-0.594084536534185,0.1444500767238,-0.546267691037824,0.459220630619174,0.635782420895037,-0.44129679391327,0.000000148244508890727,0.946146987743842,0,-0.760890343131297,0,0.903339943392531,0,-0.472161088553171,0.0856962578409886,1.24694829370204,0.00000579006101641966,0.847483956888087,0.00000000285100099084445
89.5289,28.827,0.0746673195246094,-0.108251150871452,0.78491609355856,0.488790280526315,0.458396110072453,0.85050338064366,-0.26386738484526,-0.249902702889608,-0.555141135803753,-0.466743918467338,0.0000000627670595498842,0.969895977480278,0,-0.813587357950679,0,1.03956546216102,0,-1.16899616249799,0.000000000101399999508089,0.747346571322835,0.000703635560291183,-0.142651407174265,0.819297824416111
99.2625,28.8286,1.33089565346562,1.36073423383836,0.0073956997541364,0.959760703579152,1.68450748848827,-0.752683412510439,1.01808158012237,-1.42803284575811,1.46789637668405,-0.117529221795202,0.181212730837017,0.905020241149896,0.000000000000350608431176624,-0.571496000229249,0.000000000193961291472533,0.920522826361684,0,-0.342091042668818,0.0270522986439652,0.990099806090497,0.000000120074187481833,0.530402747297981,0.0002903658292992
85.999,28.8311,-0.296428293112294,-0.410158218756302,0.530323286190216,-0.0354858166782192,-0.211053765583089,0.375102220727552,-0.909789444694391,0.970452095627582,-0.490327501840579,-0.487873001720176,0.000000000775790098828111,0.92347172566628,0,-0.660622270783302,0,0.80606607817305,0,0.107606613585371,0.382565083831903,0.497505283751537,0.011872589725286,0.865793030426116,0.00000320282696764096
84.0267,28.8353,-1.15539652848364,-1.02894689796308,-1.72753443679214,1.19529749942287,-0.844948567999649,-0.760349062522466,-0.143686134088401,1.19617051205586,0.886093685643665,-0.525344516718511,0.0000000793116814445938,0.951722063156283,0.000000000000000222044604925031,-0.854397511412371,0,0.961932732997922,0,-1.79997940781946,0.00159435724809343,2.16808910827061,0.0000112543564854128,0.787604157653895,0.000000000949393674787302
91.9661,28.8462,-0.200072854693059,-0.154214968624611,-1.33933778702482,2.84121878562967,-0.0078344842273552,-0.878713769405823,0.756801185991824,1.11168372427407,1.21306047383724,-0.460330543476336,0.00000790244602244528,1.01294695396798,0.0000000023152411099403,-0.781852843588817,0,0.962871082432627,0,-1.22858319382393,0.0037135681310041,1.53061501752334,0.00013032224910825,0.842313919676286,0.0000000676405069732766
89.3174,28.8606,-0.150557366159492,-0.0357377444161441,0.590095843566431,0.684993586139965,0.589056125790167,0.541859920445631,-0.102395789318932,-0.0381112066112931,-0.110570389582476,-0.45670657547316,0.000000113433449744349,0.974765501755443,0,-0.806582153404142,0,1.03572271300336,0,-1.21201854053478,0.000000000092106988702767,0.841269273704818,0.000164970526632668,-0.0133303978450143,0.978212084716308
100.164,28.8628,0.686249202187559,1.02617481314945,-0.307059594248917,1.97068607603701,0.542926709337075,-2.29847018279214,0.852554837836832,0.0712771916758027,0.714137252212884,0.02014757268998,0.792863166895246,0.820066190091872,0.00000000000000111022302462516,-0.516146580153538,0.000000087178613661365,0.923846343816258,0,-0.272876423180783,0.133443766258977,0.955201321761368,0.0000171925677321383,0.573059743010608,0.00089299572309276
92.4961,28.8816,0.466545090211538,0.709181365348754,-0.792133529598758,1.74154054811454,0.0597703920812422,-0.961838115795093,0.902730367890001,0.530867822076263,0.370265242771341,-0.423268168336967,0.0000204114935771216,1.05073231111261,0.00000000681646628031274,-0.750247396997142,0,0.981180093213792,0,-0.974914648527908,0.00247006257576365,1.38045307931304,0.000010109992612195,0.834136762003476,0.000000183155889788011
99.5093,28.8818,1.64973925025216,1.94134951573554,-0.368897312909982,1.19349918254364,1.42494734322984,-0.837159411598372,0.829902981360322,-1.14925423914713,0.839108637639664,-0.0830325960452889,0.319252779166822,0.877794885085933,0.000000000000028643754035329,-0.568441685179504,0.000000000386857657019846,0.928319445320222,0,-0.332725825868389,0.0428404554890771,0.984908411936305,0.000000396823891524178,0.540252237068463,0.000209361733280122
97.0397,28.8879,-0.567468225240173,-0.693853790056612,-1.33611873392169,2.8469951051655,0.131947842466212,-2.59234985929137,0.879806441791169,-0.126997827748923,1.11904307445769,-0.134533060488731,0.157427953723961,0.902684917481245,0.0000000000000175415237890775,-0.62282622906992,0.000000000820016943237079,0.954507816836949,0,-0.543699060111708,0.0199745073151645,1.17128382845813,0.00000110824304599966,0.538188871847914,0.000824604762952763
88.1884,28.8904,-0.0593510966551317,0.0846782484609089,0.0308733013722461,2.76392816307155,0.226696461518509,-0.166678651682261,0.177520722798356,0.803307720897909,0.288541149158805,-0.51222790826154,0.0000000010630705205017,0.983770962673847,0,-0.804067898688749,0,1.06606760975798,0,-1.33581835055508,0.0000000172513812124464,1.08964740278671,0.000154754348608899,0.362684879507629,0.213479480311493
99.6618,28.8917,1.34227718106437,1.78497048728172,-0.466230453226093,0.916739616380841,0.955170930224158,-0.964200522303578,0.843438459341121,-0.850261516129222,1.29788668504354,-0.0440448925218522,0.582991464575846,0.85441996277649,0.000000000000149658063719471,-0.53594853838126,0.00000000533930299972951,0.927149025806913,0,-0.361294993932559,0.0571493931745874,0.996575572158208,0.000008461615291111,0.560244736705585,0.000332268790945722
84.3466,28.8966,-1.23109593378004,-1.06496431009334,-1.17077272223885,0.695188669227632,-1.46316464965703,-0.214026936619959,-0.388124245486918,1.59120630693237,0.640377088708013,-0.534084694839846,0.00000000754777085276714,0.943884696428782,0,-0.831610089849956,0,0.928041507681412,0,-1.1020788997378,0.00461473517541799,1.62035760913594,0.00000385996650753562,0.785763187300691,0.0000000000316449089154958
91.0835,28.9001,0.0270876483419572,0.0690447559167467,0.514890015189795,0.712576512339182,0.587351201826546,0.42326436601512,0.473122161011247,0.25566187795111,-0.450445896887572,-0.492979746779085,0.000000171751425970257,0.970192994654876,0.0000000000000113242748511766,-0.785165832663766,0,0.979650456761978,0,-1.52158893369775,0.000949819636570037,1.686063964345,0.0000313716486712856,0.758780834497881,0.00000000642156972041619
88.9841,28.9005,-0.0414171080982739,-0.0444187240384371,0.543232458917973,0.865846426898126,0.542115677249201,0.333351674787643,-0.00357603836651737,0.0480370779530128,-0.743392250640939,-0.49639277554163,0.0000000275376661473814,0.969835802834322,0.00000000000000133226762955019,-0.81454763499936,0,1.03344899330801,0,-1.22942804724742,0.0000000000572946134980157,0.854327030332631,0.0013070317407935,-0.289276579653779,0.713656017507267
84.3995,28.9075,-1.05758769079418,-0.980917693335029,-1.02295362870078,0.715782845208681,-1.53813499799664,-0.129463589083965,-0.320735909550686,2.00653016158711,0.101722142629438,-0.527405441267985,0.0000000113418192615455,0.946108897985506,0,-0.826170827976203,0,0.921471332979149,0,-0.970310286561782,0.0119483520814661,1.53214816286061,0.0000125449209646966,0.825538062854446,0.00000000000473554528923614
91.2177,28.9352,0.0129397420039079,0.0240980506208283,0.433362081084911,1.01483336293391,0.444996794572243,-0.0366125941002028,0.237984328096719,0.28892294749876,-0.597338494191797,-0.494718658160855,0.000000250618266361968,0.970045672622854,0.0000000000000595079541199084,-0.786279236654423,0,1.02204923994145,0,-1.673563053646,0.000288606395301594,1.56980204787597,0.000131379693813161,0.778998812517474,0.000000000805681521498514
98.27,28.9391,-0.0184054101528708,0.230868338061255,-1.90812884583328,1.17206272775806,0.734932627686672,-2.44933368253453,2.07974172167315,0.267294898694965,1.2258890564539,-0.0665097370829278,0.453842957271325,0.910093792618062,0.000000000000306643599401468,-0.604865036639619,0.0000000000169391167759159,0.933169819102577,0,-0.338395027181388,0.0270413639696276,1.01291861074522,0.0000000670065372077033,0.522445151249786,0.000410474077748857
101.662,28.9452,0.781346967918685,1.12852051284992,-0.864385920168315,2.36595032890925,0.898298154637041,-1.86141356363954,0.726386255318117,0.00293233955122901,1.40711819818,0.176164627605555,0.0180322474421895,0.61204736340373,0.00000000000371036534829727,-0.745483033848337,0.00197016032655228,0.945159513421206,0,0.490358801998038,0.00438202447687619,0.751328435348969,0.00395611224940207,0.191118748081979,0.410255898388842
85.9383,28.9472,-0.739386996395182,-0.774965661765288,-1.40091126775887,-0.129050829432228,-0.544845888336036,0.0280131868608232,-0.545705031900785,1.45609191346631,0.468479732814878,-0.516293366070953,0.000000000100294217375563,0.917016420830462,0,-0.682667849045838,0,0.779099890084276,0.00000000000060240701316161,0.125227011661879,0.342865024888793,0.448529889578496,0.0210851198272446,0.96684823974015,0.0000312288672006389
100.769,28.9552,1.11440293609944,1.70290807331184,-0.73327051447564,2.15059738027789,1.19703622099037,-1.71852851021175,0.889109487910041,-0.332807373702074,0.925243154716392,0.08278106085932,,0.634857482945781,,,,0.862531308506129,,,,0.71702905227441,,,
84.1184,28.9591,-1.17076274201354,-1.05674093800426,-1.97601589695862,0.329962918051867,-1.02927014691487,-0.982996499387418,0.324236655259292,1.56543676549365,1.7901353112909,-0.662193712109678,,0.859540197114959,,-0.838319928700273,,0.535493935520033,,3.43791872142133,,-2.4603666285331,,0.746505816852244,
83.0029,28.996,-0.125419480939197,-0.232542627501787,-1.73986604947555,1.77995642587419,0.599202460999787,-1.75045298890464,1.33721262875688,0.554507021927546,0.81814776883637,-0.479905015939114,0.000000853022893432254,1.01318912448508,0.0000000000000177635683940025,-0.890803911456418,0,1.04984203401864,0,-1.18452353643454,0.0000140412306981474,1.07052249809627,0.0000631500831478338,1.21618013770167,0.00154598164186837
85.7535,29.0083,-0.415142753621823,-0.433484838448538,0.599334402255104,-0.390363652583013,-0.413058643980221,0.286605073205803,-0.735096442619975,0.91696411987558,-0.135628917955321,-0.525282265741742,0.000000000198588478994566,0.927976460779685,0,-0.761321320692219,0,0.813965206043165,0,-0.0867743195293479,0.590027174830104,0.636194114796996,0.00117517489923036,0.823299275173611,0.000000323811441216293
101.613,29.0224,0.894656608309724,1.2798704843128,-0.841444673787071,2.07948010772763,0.849568956089947,-1.62210415724683,0.839487405650575,0.0109425782566166,1.36866199834173,0.0483335558524528,0.517937297674036,0.695314067054125,0.000000000000121458398893992,,0.993785080755526,0.866693101257748,0,,0.99378205979174,0.700521497972233,0.0000139374303873563,,0.00376136321382314
98.7627,29.0231,0.501487352343981,0.496806561001267,-0.797842855250865,0.664223679495475,0.916441786439039,-1.74023566272586,1.1174621943319,0.396094262568637,0.309602779464291,-0.179033441530368,0.0479052493361258,0.979809350899763,0.000000000390903975855394,-0.577330576119987,0.00000000000709099445828087,0.924458325716375,0,-0.37485828794654,0.0165610124001188,1.04327207344009,0.0000000927155470176189,0.574316014450872,0.0000724449406059868
91.0324,29.0299,0.171404351694039,0.23499228993267,0.317592673907945,0.631526165421689,0.45772477701101,-0.819143039271364,0.546586790933632,0.709556923641008,-0.0683473217549122,-0.499785125118144,0.0000000555870702800831,0.970483500042961,0.00000000000000155431223447522,-0.796497337180932,0,0.999730060714706,0,-1.67204023535934,0.0000643043724255499,1.61804563046096,0.00000978934705364587,0.714657722265111,0.000000019909468740309
101.79,29.0342,1.53992968892961,2.33108572515028,-0.72648649204386,2.63443186235003,0.575075337924994,-1.51036622945111,0.62938876362777,-0.649527328439535,1.35495770286219,0.0606381651126564,,0.698253459779357,,,,0.865217609533848,,,,0.674569934381863,,,
88.2337,29.0345,-0.0922856652511002,-0.0742781023686138,0.643984919343691,1.97184018262759,0.712077082075256,0.466676080651457,0.324853750222742,0.0963951834326994,-0.176397640998046,-0.500877608832318,0.00000000189202364886398,0.964709203576978,0,-0.778628970400593,0,1.05983476364117,0,-1.28971085855783,0.00000032424974016898,0.747864582609005,0.021893926769486,-0.0633736150798979,0.925581798482163
99.2161,29.0643,0.980031677715138,1.77069393670631,-0.557501467102149,0.420573192511089,1.26912034071325,-1.3251366407539,0.979165881438526,-0.370473124304695,0.496769415052414,-0.115840698471991,0.176018264566705,0.904574847618124,0.000000000000526911847487099,-0.570961772637027,0.0000000000520536946879702,0.92676615991632,0,-0.382484081673744,0.0254946060805357,1.01618018759251,0.000000472683696850495,0.564127360008602,0.000091040500022066
99.0099,29.0673,0.893087653289858,1.29737421030938,-0.564325962823164,-0.00102477432075433,1.92618665775791,-1.38944022731222,1.19552048711882,-0.198342345591848,1.67605622112309,-0.161253828842219,0.0730420484149144,0.947802646199695,0.00000000000935762578535559,-0.574663167996544,0.0000000000166713309823763,0.922589238830557,0,-0.371971551357587,0.0164247363374654,1.0224962734757,0.0000000690851318374541,0.55764061952572,0.000089225956465766
83.6473,29.0974,-0.784933052891433,-0.813738543846648,-1.26586654152766,0.376202377550728,-1.44356713349804,-0.400699758817174,-0.111537075686417,1.60041838233499,-0.167083281769697,-0.667887380226083,,0.874824309703276,,-0.858287636331257,,0.202023861730617,,-74.6150400843323,,60.1897760260669,,0.806251448185659,
89.7561,29.0987,0.562538685445554,0.584468291944565,0.130542050410271,0.841523869109162,0.399742250631054,-0.239658265284826,0.567368109159516,0.441303056004613,0.67691739113978,-0.534889456630901,0.000000000419197787593362,0.958562192049851,0,-0.835534967663839,0,1.0251079191029,0,-1.28035140560177,0.000000000000258459920132736,0.792723512901473,0.0000122957887307429,0.174790592862198,0.580544206290244
84.2509,29.1118,-0.961519763557939,-0.915015201878408,0.721087391253198,-0.156689244733211,-0.721708456588095,0.656173249086201,-0.94172310904504,0.95574919652636,0.489059401698989,-0.54644648060602,0.00000000166929270406513,0.938778325286786,0,-0.835327182385125,0,0.938143925673625,0,-1.46670345055143,0.00479224732386996,1.90980904454372,0.0000187365363422121,0.797952089642535,0.0000000000102930997059048
99.6726,29.1206,1.35576990804379,1.91913339251127,-0.67820882433769,1.11856059386427,1.05956501818473,-1.32982987783633,0.736186589088653,-0.439606289732593,0.885889026549227,-0.0850942006918702,0.288085354850165,0.86532670413927,0.0000000000000941469124882133,-0.539096714290924,0.00000000196229543725224,0.921038999190112,0,-0.377787207225872,0.0291029696810388,1.00255694780544,0.00000145796082517968,0.5530399784022,0.000125316432014522
91.4418,29.1476,0.586737092254149,0.652027001579462,0.466315062104023,0.901055721750962,1.10977009785703,-0.00221732119907581,0.697503978439889,-0.412210124910463,0.502850854104065,-0.470854569473217,0.000000169706558139637,0.989376867326369,0.0000000000000111022302462516,-0.783265213041124,0,1.01492428834354,0,-1.41851456760237,0.0000786334988580606,1.4548552623942,0.0000136230721059505,0.844738893576757,0.0000000000304603009482207
96.6206,29.156,-1.07780373650489,-1.05566349438237,-2.45327418724113,2.84592569482766,0.120050134253781,-2.22982191498914,1.61024612988147,0.182439609617461,2.24647674407963,-0.347188396244089,0.000572864841218657,1.00819057424065,0.00000000289522184004909,-0.567885677755369,0.000000000119070087123418,0.964028337187752,0,-1.03991160738726,0.211588443395979,1.75410781632215,0.014006754260395,0.808889871361011,0.000000807342910302822
93.2377,29.1799,-0.218388358885326,-0.015970482800137,-1.56522902746238,1.58560150822271,0.00395274713757977,-1.80326221261071,0.845850930834959,0.727792471202139,0.769966198651284,-0.332836666817588,0.0000870547719953318,1.141699189254,0.00000296893485840499,-0.704627074124381,0,0.975223662607449,0,-0.328506307840777,0.153253536999553,0.881261428562976,0.0000211455220626711,0.877507141451472,0.00000231023319607893
92.2776,29.18,-0.357600938615179,-0.383790096263514,-1.55196001306381,2.31192879941486,0.148584314999944,-1.06787110441179,0.775694748563608,1.01846953011547,0.209074864178277,-0.410046197601236,0.00000633004990890917,1.05527960107987,0.000000000630350882602215,-0.759365515792538,0,0.976682459026777,0,-0.868605524976541,0.00182706904779661,1.27939746690126,0.00000200434896502344,0.838219115410514,0.0000000360380325581389
88.4615,29.1871,0.022547170851989,-0.0796783828528512,1.10220549113297,1.40781636837864,1.22053310130666,1.00699083138785,-0.601616590872581,-0.615401420303259,-1.07228393944159,-0.525050917885645,0.000000000316701775915362,0.958893909891944,0,-0.839624242436243,0,1.04557348104588,0,-1.19204696823574,0.00000000000577360381726066,0.701502931371928,0.00468020081466713,-0.387110512480847,0.679937050755307
91.03,29.1923,0.667833328066364,0.738377565396899,-0.0677120046383754,0.416733573501411,1.36396636663178,-0.923140374741223,1.15430879680581,-0.0269796626074043,0.824426280104417,-0.497777460215109,0.0000000156021011665786,0.980566199347373,0,-0.80290707284961,0,1.0071178796018,0,-1.50262260729297,0.00000964182904961142,1.46668892754608,0.00000179805147992873,0.710902867706131,0.000000016734705843291
86.5858,29.1931,-0.274866021814039,-0.303940075106119,1.26355739994024,0.299709882102302,0.369809619470912,0.85852050011903,-0.221665348692018,-0.0723226051411921,0.584655914698379,-0.535253514605438,0.00000000000102207131646992,0.911148407961185,0,-0.606451438160116,0,0.594944719315634,0.0820042375857715,0.192821450328044,0.0454405096147619,0.0520270751598314,0.559678355162597,0.908386639437339,0.000000286773219615455
83.3195,29.1935,-0.365282452950353,-0.241155125350696,0.29567994378874,0.354548227987555,-0.849648586311884,-0.163704976792527,0.212552872653964,0.532413447636733,0.354169947244085,-0.49771556481575,0.0000000525883405710914,1.00062808858745,0,-0.878767503401417,0,1.04666778341911,0,-1.29622739364044,0.0000294530961886252,1.29700540023824,0.0000203116844352813,1.38869419229941,0.00446763274024287
96.8886,29.2238,-1.42763402879522,-1.20423447489494,-2.02821287601508,2.03054244418675,-0.675342270464681,-2.11388999905503,1.21367045142468,0.929443043335787,0.844645985134146,-0.32224629351491,0.00176000833435541,0.983519781314108,0.000000008742613522017,-0.571912985998535,0.000000000322239568362193,0.967606056370594,0,-1.24716688054593,0.282022374372988,1.91304123214548,0.0536410090747648,0.806319620046008,0.00000188737046635801
88.5794,29.2303,-0.0836836449892606,-0.00668336001106755,0.6465151997767,1.21340594615811,1.32604042443409,-0.644799279424273,0.225485464301436,-0.108113348453907,0.333803074327639,-0.52591297300741,0.000000000371838559942717,0.95672822325023,0,-0.834703228418435,0,1.04480082814094,0,-1.21303847436031,0.0000000000068844929757006,0.729185543334224,0.00523087170275049,-0.410762175049699,0.671466936748844
86.6056,29.2337,-0.293612010443955,-0.313539116109048,1.37034798048418,0.228455727586611,0.386109068057035,0.752464119579487,-0.364533232246932,0.215117824702395,0.439058453890061,-0.537650635477365,0.0000000000007123190925995,0.911547941046901,0,-0.608298200589546,0,0.587222587264285,0.0962851770938042,0.191497342618512,0.0446110291600765,0.0466405671221006,0.591608598317226,0.91684712606993,0.00000021376401493356
91.5937,29.2509,0.00935769947906394,0.0267776841868371,0.909701343071974,1.07156914282283,1.43614048987637,0.74727321968957,0.0983226620510589,-1.04845418121332,-0.546044221908984,-0.467137573905253,0.000000306190630405823,0.996417578821435,0.000000000000715205672463526,-0.790322456319253,0,0.984561819015575,0,-1.21667731962721,0.0000783993705908426,1.39180946163517,0.00000288598515818528,0.83960662844317,0.000000000259528842860846
82.2487,29.2589,2.24881054778989,2.18210947636338,0.451333415664453,3.07217827890219,1.83305353236984,-0.888934146280484,0.721159584838367,-2.36446886146035,0.567554521554906,-0.439270796343763,,1.139216952505,,-0.954115618085195,,1.02765834057434,,-0.697517426161623,,0.549091305967704,,1.32958143418784,
83.1736,29.2642,-0.797874512371691,-0.715459751016545,-0.652420545706678,0.403907015715546,-0.650641280625314,-1.41354939372328,-0.0491374158248915,0.831085171390693,0.337438765042069,-0.481406741717724,0.000000201703220792382,0.994691837965438,0,-0.880311351964878,0,1.07557231382592,0,-1.14530413459616,0.00026382411058723,1.05157383483273,0.000351685784102163,1.62391633918275,0.125685513357144
90.3413,29.2723,-0.171921909878043,-0.170327920158144,-1.6066547701683,1.31798843563662,0.519642223123436,-1.05325510569909,1.46693420361532,1.08448476874513,1.71964687776947,-0.492181853293701,0.00000000889341200682736,0.957409981704053,0,-0.812588071089274,0,1.03879843111933,0,-1.3583246161693,0.0000000000326210169987462,0.838985535338551,0.0000123940243212939,0.306345976767631,0.234933225113484
87.7001,29.2915,-0.0767557683804047,-0.069363283343054,0.467050305618785,0.16324392605807,1.17799055487641,-0.308491548672118,0.20365127608996,0.115111288967428,1.23861356756635,-0.534171314593658,0.0000000000155606638685413,0.936611475292212,0,-0.766153354147589,0,1.12895217709553,0,-1.05582992607707,0.0000610772998599352,0.418093553605675,0.120799797733682,0.2873537000391,0.389816365276643
83.1779,29.296,-0.870711695715468,-0.84147883629393,-0.754332992098634,0.309184500343686,-0.58624157356113,-1.35931747298985,-0.14951458099444,0.983978656727964,0.345724137067379,-0.481406741717724,0.000000201703220792382,0.994691837965438,0,-0.880311351964878,0,1.07557231382592,0,-1.14530413459616,0.00026382411058723,1.05157383483273,0.000351685784102163,1.62391633918275,0.125685513357144
86.6313,29.297,-0.404441005642762,-0.424877363089689,1.08925148217501,0.046938129158232,0.371702785260952,0.443584927140114,-0.319367304099586,0.274267682319792,0.26510167785091,-0.537713328589278,0.000000000000477173855983892,0.911802523591286,0,-0.602769698457454,0,0.604581711770621,0.0561650185731657,0.187385728387171,0.0355138170173668,0.0628504590446619,0.45325045043306,0.927839746457944,0.000000107701965568197
86.2299,29.2971,-0.353424929565307,-0.350630484867935,0.626310264306117,0.0311587857950785,-0.19516598161287,0.350680734979241,-0.0273959153962579,0.914936739900314,-0.370561366132214,-0.524168108608598,0.00000000000320343751525343,0.906555978427287,0,-0.647889531026451,0,0.731477329812127,0.000000139655848885312,0.176840282021103,0.111621486818747,0.277086412893474,0.0477387859021829,0.965215669368275,0.00000118670442339486
89.2485,29.309,-0.215617522606687,-0.217563336123034,1.02077546556736,0.200181548769534,1.65460230014218,0.744665395340606,-0.134574830913866,-0.576665813004367,-0.107148837111467,-0.477035831638812,0.00000000467376426449562,0.952599439619774,0,-0.834676186268042,0,1.03712731171814,0,-1.16654643074851,0.000000000000617061957086662,0.689694056782065,0.000207895058309537,-0.132159001158923,0.797298803774054
85.7702,29.324,-0.300586506842511,-0.269450424022948,0.782667007632736,0.00946198548661934,0.0251988993581502,0.344352653634841,-0.413858284189583,0.568503903275148,-0.0230808614404817,-0.540374327920515,0.0000000000197357685749466,0.929239186163995,0,-0.756794505453978,0,0.736437283328211,0.0000000883439965626565,0.0913108374808335,0.411500620737165,0.318554396164635,0.0158282496445517,0.88321213453871,0.00000000375865361057492
90.5048,29.3248,0.92772401725865,0.794553564089616,-0.478405718352482,1.64828889375658,0.684507412618674,-0.844250612237593,1.24627021891714,-0.00396958157078681,1.37895310166368,-0.494935493845604,0.00000000350858853082059,0.963174136799531,0,-0.812115492182052,0,1.03362328207437,0,-1.45069355736695,0.0000000000860003179781188,1.00333074280905,0.000000907571921615613,0.447566737462094,0.0122708043879411
98.4675,29.327,0.939348681693244,1.52216582386898,-0.160256412460865,0.47348326725578,0.881244306341668,-0.645818164322251,1.03173079436209,-1.33153163610457,2.50381049286679,-0.186343288569652,0.0364045760672767,0.985256014328469,0.000000000698349156280642,-0.557000606990222,0.0000000000282898149350785,0.92855946989687,0,-0.309962461024289,0.0459026884928555,1.01350781127844,0.000000124820271008019,0.585584201987433,0.0000428497663322869
83.3868,29.3313,-0.907642073381336,-0.790271234640225,-0.202210781440203,0.0626769787355204,-1.07800107145293,0.128362458153409,-0.460721132769173,1.02920467332517,0.799754437926219,-0.507593567019548,0.0000000250409626367798,0.991999376113499,0,-0.866796354060913,0,1.06204935566892,0,-1.28122902588055,0.0000654646984383778,1.2383171897591,0.0000622091464073105,1.45050194807536,0.0179069838978627
85.6004,29.3394,-0.297134535668122,-0.178036052937749,0.790617747212222,-0.02712567143181,-0.154995461040821,0.258741510088657,-0.0871872078208407,0.735456824109192,0.315403594007177,-0.516609258856193,0.000000000161459290382027,0.92985414562753,0,-0.764984254504511,0,0.838295308513985,0,-0.143227376432058,0.426892384074399,0.706482114439656,0.000327538343841027,0.836892854026934,0.00000000112178244471295
93.54,29.3491,0.778475545489286,1.13012321128372,-1.29204615352598,1.78720141866392,0.170469023889286,-1.67647724971948,0.655698986030821,0.0903517027183736,1.70012494040598,-0.325665533898114,0.0000573422256069378,1.1390784407495,0.000000494319468691273,-0.703852678062412,0,0.971348625179512,0,-0.2593784269069,0.31715472602467,0.889358152565462,0.0000694547412014579,0.950083396331183,0.000000633823625140195
82.3716,29.3528,1.49031673615353,1.7239607089153,-0.589113926637117,2.40761772445426,0.872220560558369,-1.88452698939074,0.987999443655431,-1.09262383747701,1.15023025886185,-0.459120801159509,,1.08100029738311,,-0.926624681866849,,1.05396931547668,,-0.849099930325814,,0.641003978019749,,1.22631638980818,
90.8664,29.3539,0.0685127344961643,0.0360093679285602,0.716049012392576,0.502302478875302,1.84810434918988,0.363720386793375,0.276102586317606,-0.801247970725051,0.593915145004378,-0.488289718693094,0.00000000999696880832346,0.985370450534681,0,-0.810331932332591,0,1.00757230144446,0,-1.40386522911962,0.000000142226864952022,1.36636297075716,0.000000169487648804534,0.643125747348734,0.000000875506554587346
98.7,29.379,1.31018957865199,1.42944360542341,0.346059414539392,0.463791108514611,1.21390672590592,-0.581710077233395,1.02392945199078,-0.718069251409374,0.0563331011017252,-0.217659706701349,0.0107635370404346,1.0339380489928,0.0000000558310360165848,-0.551270843718276,0.0000000000141382461293915,0.925578161458136,0,-0.280606114546889,0.0846478878979189,0.997593544625958,0.00000040997735739623,0.60881021765022,0.0000290957946216253
101.772,29.3893,-0.0706785006113948,0.226497135941701,-1.01524158689421,2.55244496390513,0.703309381074377,-1.92051730448545,0.710955664115922,0.40410000019673,0.400683994044037,0.0443159204620611,,0.676174212484877,,,,0.873470613437211,,,,0.650781149245264,,,
82.4563,29.3936,-0.266573849923096,-0.28433911211064,-1.82147909365572,2.09780350345561,-0.0155592339310982,-2.11232871308025,1.47352356147008,0.227569791607298,0.969384725529732,-0.459121023073524,,1.08119182567611,,-0.925732940517168,,1.05381496252539,,-0.825164665373373,,0.635461849600609,,1.64617341610722,
86.8669,29.4048,0.038075331982833,0.0763994701207187,0.977378254649327,-0.137011628061316,0.496316573569485,0.534626752897959,0.488815992455522,0.225336909865763,-0.618188351256715,-0.562722942195262,0.0000000000000772715225139109,0.921465040166675,0,-0.574665028838239,0.000000000000000666133814775094,0.639272946262564,0.0154610015760841,0.211273320471558,0.0198002333024143,0.107881037753337,0.267294307742678,1.36908762812663,0.00302623901590393
97.287,29.4083,-0.300367485646771,-0.287221457823187,-1.70919635006967,0.749387625938785,-0.371164826293459,-1.73930634414427,1.86688554583617,0.604849627109008,0.917047212173156,-0.266468052644327,0.00357763929247734,1.00581065919097,0.00000000245987052949204,-0.562915364394596,0.0000000000512234699101555,0.961206747780491,0,-0.606904825061554,0.094446020544912,1.34518734181559,0.0000398292213703577,0.720505879214829,0.00000301141096148427
93.292,29.4196,0.447239388578203,0.486715076027381,-1.70280739506098,1.8486325053849,-0.183734468342156,-1.72922360233935,1.53883952779986,0.479949442402812,0.769310901036314,-0.263785641922401,0.000198524224137797,1.19070538538771,0.00000567051119193529,-0.673095631747361,0,0.969940408180981,0,-0.155389662678362,0.428229281604783,0.710391936320021,0.00000967660804285231,0.870499126453407,0.00000142334865982363
89.8253,29.4532,0.160214124848163,0.125640804079322,-1.6780277565862,0.610480340247121,-0.574918492830689,-0.883259772247483,0.680328541413664,1.14950377054255,0.530823149621792,-0.505394842895131,0.0000000011471992245049,0.954644095532891,0,-0.865614143859194,0,1.02331697321906,0,-1.22772145783345,0,0.698281293301765,0.00000361576524987584,0.0698437662101299,0.845473215034136
83.5525,29.4571,-0.343382988826218,-0.511406423331918,0.833341848774158,-0.0930818714969757,-0.501581103094447,0.57027962886601,-0.772141495411777,0.673488039706843,-0.896704459804839,-0.522745626748379,0.00000000615413209281712,0.98620716989767,0,-0.866221533527704,0,1.06971907050324,0,-1.36990092232457,0.000101414141874479,1.29379353401173,0.000140591093698683,1.48796154233113,0.0289620967115607
89.1839,29.4652,0.754620343544584,0.835474764433163,0.207244465835558,0.449543466162958,0.8993052891008,-0.951114648982498,0.86379635344121,0.106112501146773,0.237135255103096,-0.488820330184586,0.00000000178622316937549,0.956396204734117,0,-0.850749998562935,0,1.03608251029601,0,-1.10183197738285,0.0000000000000801581023779363,0.615106847946239,0.00285638442453018,-0.697758064392185,0.553012253133379
86.2839,29.4754,-0.269014470056097,-0.195466523655602,0.651496064735555,-0.061212157672011,-0.148728376585848,0.447805374559926,0.185903798089901,0.738300478690107,-0.338221136711302,-0.546306501007355,0.000000000000305533376376843,0.902197710691893,0,-0.638431246062461,0,0.67685246586884,0.00035107872872886,0.160090977242996,0.0660297127005534,0.214437213204149,0.0486777981129598,1.01575203624364,0.00000222822542594869
101.793,29.4891,1.10469624424425,1.61820884771245,-0.685453512966776,2.49461371586883,0.660203434707719,-1.19485504599079,0.719131730944003,-0.565760814991124,2.04623050952807,0.0815808237600109,,0.631149611896133,,,,0.882871184541559,,,,0.705349023242798,,,
96.9185,29.4903,-0.193895381418469,0.0217582643661435,-2.22452814525877,1.27374559732519,-0.571666006790965,-2.18061244328828,0.955334012233973,0.36222549832146,1.9625325980546,-0.340846610347376,0.000734828984237934,1.01254020849032,0.000000188098331355135,-0.545282976693119,0.000000000177573733495251,0.966862535974804,0,-0.842540344847842,0.35195456515726,1.61282242795209,0.0404646773987467,0.842515727482381,0.00000270300855098604
98.5754,29.4997,1.07313602399046,1.39988638229902,-0.343441502326564,0.593706278988738,1.17248302382635,-1.51460012708429,0.85025475633084,-0.493992746584032,-0.0607227211116193,-0.215831610993545,0.0119114093956967,1.02367835090039,0.0000000797076529224228,-0.536240665605209,0.0000000000433155733503554,0.928649155912629,0,-0.262929210902572,0.0984297771783993,0.977779166998064,0.000000655930011195238,0.608891154288504,0.0000275410208394611
88.5674,29.5042,0.283463926383458,0.263433395308271,0.511124657294272,0.802987036785612,0.519952288895393,0.0300924059743052,0.347439917936891,-0.0158107083431525,0.674531752199499,-0.554848149397066,0.00000000000641309227944475,0.958048430101732,0,-0.857377986256225,0,1.05568347069134,0,-1.12882521713416,0.000000000000258904009342587,0.633019014498089,0.0042533020104214,-0.368635064411485,0.679367046086849
100.147,29.5349,0.964271576481401,1.02179760961854,-0.651533625376782,1.22891316910247,0.367025987152393,-1.84954141929029,0.910210679697183,0.206243748400959,-0.936650200046121,-0.0735138611710437,0.364199455452889,0.875665133845307,0.00000000000861066773438779,-0.482549180723598,0.0000000546225482622731,0.92618690510412,0,-0.433687859039502,0.101980806477151,1.06990150351449,0.000198708988228491,0.676043693645855,0.0000103305397034514
97.0146,29.5477,-0.840296702908202,-0.725048900164521,-2.51825487001909,1.03502589418934,-0.652393782784585,-1.86674533708719,1.4667849509773,1.00714119539187,0.95455448305675,-0.323245777724754,0.000938610408442342,1.00665879026623,0.0000000537860520566369,-0.558619105084466,0.0000000000381559228657125,0.965520395630602,0,-0.941154447221797,0.310120529827327,1.6976336659667,0.0342790686217378,0.8350491899996,0.00000139828951772891
88.3916,29.5581,-0.291479407626948,-0.291515966945301,-0.882412731425884,0.793041564136569,0.317366615597072,-0.172346300432385,-0.434883789415618,1.3094318976504,-0.311027559014136,-0.527633057214341,0.0000000000152975410117051,0.94658145301999,0,-0.821986505542056,0,1.06838162204851,0,-1.01615381482766,0.0000000981717378500946,0.353523089540853,0.206734544408529,-0.636555967381226,0.632738468210548
92.6593,29.5619,-0.402486385730136,-0.302971575142738,-1.89068816220023,1.60973766873283,-0.579009466890739,-1.27279445901597,1.25896244303333,0.964702403107395,0.442487989854544,-0.220412226333192,0.000137469469753793,1.26897740251377,0.00000254054815540528,-0.690524167826328,0,0.958513009174927,0,-0.0235818877917578,0.871517491880733,0.472958608321109,0.000000921017835775473,0.894928258358173,0.0000739119079153916
97.1981,29.569,-0.832859051226474,-0.758882304776536,-1.2233580581581,0.672032444733041,-0.697476707448541,-1.56240351551895,1.05748887089426,0.941390455642242,0.89642819000847,-0.301019514022205,0.00154013584216117,1.00464385496485,0.000000024406563214896,-0.572507616577152,0.00000000000614885919958397,0.96562780567664,0,-1.11027437491507,0.333308017656369,1.85143721435482,0.0642689514340709,0.852784517178127,0.000000554051290180269
82.557,29.619,-0.813092373570598,-0.819847561362601,-1.84815532615831,1.22077242674362,0.514846462418819,-1.53991990041259,1.42209017771968,0.900834350005915,2.35630736856572,-0.502462765847927,,1.05433786442932,,-0.925268414089032,,1.05953662788679,,-0.905448370391625,,0.696757929957528,,1.83826397839681,
86.8117,29.6248,-0.611686512809393,-0.594573049901269,-1.14032928001298,0.287267788586095,-0.480086708199707,0.0448062980370008,-0.749776313574816,1.41197764497548,0.79170737223374,-0.571849381775478,0.00000000000000910382880192628,0.894101464174552,0,-0.582638362197304,0,0.425622968597291,0.535233598057957,0.118835064715244,0.032068184401975,0.0270222213753439,0.551235916205306,1.33323982929463,0.000809802481493094
87.6693,29.6324,-0.132302568705713,-0.217938966101717,0.670557728982131,1.33273160310662,0.417890919123093,-0.0396636744564979,-0.104058628624452,-0.20915766824339,0.678402102831528,-0.542126970298565,0.00000000000105759845325792,0.923902223486475,0,-0.778787848705386,0,1.12022042945758,0,-0.937792793683406,0.0000514867375860373,0.205675718608596,0.490825721329982,-0.0657275517291688,0.910792653930152
96.7162,29.6442,0.371780208507332,0.322889187548513,-0.864684723632086,1.28697181465711,-0.580237932367384,-1.05689432170797,0.941612438165622,0.236131828787145,0.465874933674611,-0.348735290395825,0.000331564339318691,1.02808109450785,0.0000000559412720591013,-0.544829420425952,0.0000000000530850918778469,0.966688292608787,0,-0.740536659935726,0.302375657473447,1.53220448124329,0.0138465038143454,0.840603933952268,0.00000110869684744053
97.6386,29.6483,0.506414096971487,0.407881970451641,-0.646363439738424,0.510290743004434,0.489914857960906,-0.8272587586164,0.954900988228886,0.560557596196932,-0.0496836355644315,-0.254161890129442,0.00465359422708134,0.994050024677259,0.000000000693576085453174,-0.537334431507098,0.000000000120090604127654,0.956820094920857,0,-0.994070950304691,0.208713221026239,1.66824531076156,0.0125499527032644,0.786390100327762,0.00000039012150665485
85.7793,29.6561,-0.0393245784177422,-0.116907210508399,0.308399362368228,0.0747939024126621,-0.629835010057763,0.27006645906258,0.104824106200971,1.08563957972943,-0.549775225258716,-0.542717143758971,0.00000000000224686935723639,0.928844297864676,0,-0.758802491942023,0,0.732150870830666,0.0000000940824229633819,0.0834101195588712,0.414061886481211,0.32448408204525,0.00873426253423415,0.926596109831811,0.00000000217429896309795
101.447,29.6608,1.58918350002989,2.1303671806342,-0.310870167677222,1.68150696888606,0.735704549793237,-1.00647883451619,0.602861977388182,-0.941653314852205,1.41256585802454,0.061396704303707,0.319756898283303,0.663510161888874,0.00000000537556954505192,-0.373087172099581,0.000192699174069055,0.924687242545524,0,-0.667014023857704,0.784991005912382,1.38454163588848,0.57313017398901,0.874323101646668,0.00696631546069781
83.109,29.6766,-0.360381027825555,-0.272704278159971,-1.14428195153609,-0.427766767353602,-0.945904075636001,-0.633670426853185,0.334101130522161,1.07278177405403,0.298335563423652,-0.67535229392653,,0.877366248352631,,-0.885682521761962,,0.104293522253534,,-89.9654794801449,,80.1194590349025,,0.890416525004546,
82.8929,29.6766,-1.02902645048853,-0.992376107491313,-2.28448135941085,-0.224073298150391,-1.08851827557813,-1.07245164429421,0.56864086472379,1.20922997644707,0.981002929085767,-0.481734718899624,,1.05126823267814,,-0.917282582868265,,1.06771063766808,,-0.929551743528417,,0.696519469825138,,1.41324709462979,
86.6469,29.6903,-0.197805492676993,-0.19567807918047,-0.267156336653375,0.0402735193176387,-0.85347059905655,0.307801796286439,-0.123121247333819,1.40424316953085,-0.470740000791735,-0.534389488687404,0.000000000000155653268052447,0.899718050805063,0,-0.615408812986075,0,0.531384144466007,0.219240144418901,0.130709368439527,0.0336151787682031,0.0540648905714048,0.322235709502689,0.993034062298234,0.0000000194227014471693
88.3175,29.6994,0.446423458243805,0.392738714110267,-0.113936482032369,0.968358705214274,-0.0387791815091902,-0.167408080901179,0.63917877122834,0.398094519423857,-0.431071236760601,-0.534352371514809,0.00000000000931921206870356,0.948347820693714,0,-0.826752860132304,0,1.06746617173622,0,-1.00421355770373,0.000000154442108879493,0.337185558865503,0.247455233715561,-0.723235897234953,0.633975480451729
96.8369,29.7073,-0.477697997926552,-0.294449718112181,-1.40941269108108,0.976647764043862,-0.662409889645052,-1.14460540449278,1.18724655731301,0.7123720905588,1.14122294021167,-0.334879013850809,0.000543780206143207,1.02035378330481,0.000000101905469840347,-0.560443814868563,0.0000000000198800975681479,0.963947845295178,0,-0.867672452005876,0.384717820249599,1.66106967908225,0.055881782302744,0.862872135076819,0.00000164367150468081
82.7045,29.7081,-0.354095535703434,-0.342576623323334,-1.94268721207634,0.243305116502742,-0.926680338037575,-1.35691831158354,1.43917635319598,0.630922820427134,1.22078612950414,-0.504828576358515,,1.05509136585356,,-0.925216064244074,,1.06432650948323,,-0.942408977201022,,0.692047166097743,,1.65837683164579,
82.7807,29.7091,-1.10356514945962,-1.02013164854291,-2.42409714387492,-0.107034388987828,-1.29400702039312,-1.28462825229276,1.2614223378429,1.05281226084483,1.44220056322647,-0.502921818551141,,1.05564262382381,,-0.924305936659415,,1.06450479716949,,-0.942010807367352,,0.690070132066806,,1.28554806437273,
96.2232,29.7102,-0.503004355852834,-0.401345886091522,-1.28566485383432,2.16536603349814,0.00314426880120973,-1.60699519523335,1.23038214331271,-0.00598343535760098,2.17436182451987,-0.409830334164347,0.0000591713660698101,1.03774424445737,0.000000131416990400979,-0.583535365660583,0.000000000000479616346638068,0.968652601091352,0,-0.623520135908016,0.258029651233916,1.43280349067118,0.00478815747345362,0.879682136634271,0.000000796412192638485
82.4181,29.7153,-0.540243519338508,-0.614436241563636,-2.4043817091493,1.18290676985232,0.266859241735389,-2.13514226212075,1.7221883984038,0.554201374037238,2.26529730176348,-0.496529975712668,,1.07528923207589,,-0.936084606507774,,1.03825910480984,,-0.897579841916226,,0.701432327107486,,1.39638479284244,
99.7076,29.7364,0.833869402340248,1.07950149819806,-0.460164088789328,1.81691670737383,0.664904837953756,-1.4251048927147,0.932825149373527,0.158569575245708,0.239767691483476,-0.161898658306564,0.0540110216396612,0.933791650655705,0.0000000000192899030082572,-0.517922121255868,0.000000000365643071376098,0.929169793534435,0,-0.440969818223946,0.0678714851177349,1.09350754618773,0.0000154047722729089,0.674812259313074,0.00000157995390748233
87.3399,29.7752,-0.290778132116946,-0.345961813679305,-0.248916638349092,0.585635603325851,-0.0681177037801844,0.269807890279789,-0.594979271852072,1.04017384422256,1.2614741450692,-0.568118012290879,,0.910761707750682,,,,0.703859768678068,,,,0.543087223782683,,,
90.8805,29.7846,-0.00606392807519724,0.0363245166713712,-1.25354117038966,1.31486549043447,0.516594013832126,-0.950024060076631,0.629529711234245,0.901801352672954,0.621672376499715,-0.450956290199701,0.00000000243319053794266,1.01944836657864,0,-0.825324849414474,0,1.01147559032522,0,-1.06058527024042,0.00000000555656298750762,1.10811497518237,0.0000000343518515855123,0.71575404577648,0.00000000204986094765047
90.3401,29.7992,0.738033665490007,0.657765604838767,0.227340697316623,0.72620446293587,0.0568174119192803,0.230135531938341,0.8360263968669,0.0526886491665106,-0.967476267992576,-0.478792678792407,0.000000000768862973288265,0.982537631295716,0,-0.81873577130759,0,1.034193292692,0,-1.15825062930573,0.0000000000000170974345792274,0.841599135055778,0.000000476373578139899,0.452947294969508,0.0030464441173077
85.5936,29.8158,-0.297812922968246,-0.3766051732175,-0.49524002993078,-0.0665229531185209,-0.862803622408027,0.271838528112189,-0.2434448249095,1.45512447021905,0.631460980219739,-0.523585122038575,0.00000000000469912997402844,0.937227590680306,0,-0.78101424359596,0,0.776981655659516,0.0000000000000106581410364015,0.0591198217309499,0.633010533290402,0.421474642436298,0.00292682809433686,0.958366584879156,0.0000000000923501275451599
89.8967,29.8182,0.395650116759589,0.373823651351101,-1.39020782642268,0.780772738574528,-0.0754213275379528,-0.720711462197198,0.30280126968583,0.940398664378928,0.758069834331748,-0.461934671434556,0.00000000250518938926803,0.956328833448345,0,-0.891777337470767,0,1.02425900061081,0,-1.06106911126734,0,0.584163773474281,0.0000201081399846537,-0.0568413392483929,0.894698906573675
98.4695,29.8366,1.27240130833407,1.33985648428954,-0.312406663499126,0.724860029541235,0.780193062194808,-1.79150228894278,1.13425785704108,0.290766519466858,0.0115730630886446,-0.238055935161887,0.00258354663075533,1.06595503182941,0.00000015168169542612,-0.503830973163704,0.000000000109289910454891,0.934572973043004,0,-0.193076969724103,0.325738050740051,0.956969787595573,0.00000161062961101521,0.680392621424197,0.00000377466512491154
97.878,29.8643,0.380735598432152,0.332546139468955,-1.19436256096333,0.84308780201682,0.383945808893742,-1.36498054438904,0.739461831808047,0.535092520671307,0.531644635141429,-0.279593227968969,0.00168188343425002,1.03070173720884,0.000000130891613103756,-0.498628510665296,0.00000000133674271651785,0.950737185789673,0,-0.565621425159961,0.191080258064928,1.30412434591005,0.000604528833442863,0.779076497362109,0.00000191418332495807
87.2393,29.8653,-0.254906765621503,-0.351564306007356,0.662508140810768,0.314886432502809,-0.149118025566772,0.491830374344798,-0.212740289583169,0.714466031674655,0.230834048470325,-0.557513384115828,,0.904920942261332,,,,0.682627547365038,,,,9.79562834079574,,,
83.7512,29.8969,-0.437509029731205,-0.581560119732345,1.51171816000077,-0.645669930111922,0.111251678219892,0.652600004016767,-1.29988571215175,0.592811972672606,0.0350820348041452,-0.583554451323387,0.00000000000286104473445903,0.955398096926062,0,-0.858713523702357,0,1.2075337338072,0,-1.17779035393847,0.01292487101949,0.871673717346215,0.0336638925474393,1.16501907075494,0.0000559370814448013
87.5369,29.9439,-0.370940993505946,-0.187182748014251,0.467960919287517,0.269602086121089,0.175109145622189,0.341476717821346,0.177176487417887,0.452309392046328,1.11106976149299,-0.578263367728714,,0.922429410404087,,,,0.606108387136784,,,,10.856226245328,,,
87.8857,29.9443,-0.398170845675731,-0.324145129715465,-0.521059302918237,0.401274741451096,0.000474470210440817,-0.421344693574058,-0.326234840564746,1.11656671140501,0.593276654845424,-0.532159275608467,0.0000000000014361845046551,0.930146839220936,0,-0.815931824821923,0,1.0845993901574,0,-0.940075343271167,0.00000145652386107642,0.151241597971902,0.632321597493559,-0.369042083265783,0.675809540641375
93.1407,29.9619,1.92385160677988,2.072957430202,-0.557963377994092,1.94411819439472,0.0994804288582936,-1.27558894663463,0.941443369471571,-0.565179827790939,1.8093314879385,-0.15024255828549,0.00114349045936324,1.40287790279173,0.000618475459569279,-0.607001516058834,0,0.951412135548214,0,0.0449435909892788,0.717111681872275,0.3472326293705,0.000000937022162528223,0.692385685450213,0.0000372409184221656
81.779,29.9636,2.37222369782507,2.34808426859379,-0.134533185237009,2.48423286034702,1.00014254132383,-1.21883946394085,0.839081511160879,-2.17000806383105,1.37270967611652,-0.527517954450225,,1.10136048342458,,-0.955830140337023,,1.03483616885674,,-0.72114954148442,,0.540238588290667,,4.05606092279813,
84.275,29.9709,-0.0538823174119181,-0.0364856866537445,-0.565644058891717,-0.0185000446016159,-0.756545149205561,0.0187774652826883,-0.0733039738354765,1.11590391163429,0.0422587379575687,-0.637716198891732,0.000000000000035527136788005,0.924877995310922,0,-0.841274174175922,0,1.5657470155124,0.043359641891209,-0.711642322450382,0.277030543575679,0.444132659841286,0.349911343712326,0.936859158372506,0.0000000200600192012956
101.607,29.9714,1.78039397961838,2.00793025583992,0.0620940710571691,1.41935270266753,1.07222199918631,-0.787340186081522,0.665632964806484,-0.89203416621132,0.45455927551266,-0.223890403345812,0.040413594525285,0.97732821062233,0.00187820877332467,-0.291695238449813,0.00105394925624558,0.893756191928701,0,0.286026420149045,0.712812096798856,0.471134947811092,0.485164952829572,0.83912369548166,0.00209448922649202
84.7277,29.9732,-0.147595796550687,-0.147843480758998,-0.965159595304839,-0.0299496049202657,-1.13179732963853,-0.322328410935583,-0.236225668043643,1.5485564510851,-0.0696181604125203,-0.660005873100074,0.00000000000000399680288865056,0.902764324706186,0,-0.81835724304733,0,0.556139403149871,0.186999268765677,0.059801630151911,0.619989200360559,0.116091609510045,0.31224052693403,0.894099033272537,0.000000000000121458398893992
83.6656,29.9752,-0.202752702477619,-0.282320619628303,0.658479320259689,-0.714710268557313,0.0129098110711791,0.448391671665495,-0.341470006506955,0.806106923714834,0.248185955233718,-0.58665349133783,0.00000000000112221343329111,0.966648703496236,0,-0.863226490462645,0,1.19578217983969,0,-1.06811217297359,0.00696783090363651,0.823078669486424,0.0180215539014768,1.65124364597817,0.137601276977655
84.9479,29.984,-0.818188437006086,-0.776100622166005,-1.53197228821884,-0.156936262135751,-1.32204646039881,-0.600967104138154,-0.445822758028844,1.86635510487908,0.127178053434985,-0.642434924790093,0.0000000000000750510764646606,0.891449068287724,0,-0.807142675824642,0,0.478823749409176,0.417809088850882,0.0568847774747632,0.583595599350803,0.0791598328810749,0.410360093387204,0.886326907877976,0.00000000000191424653905869
99.1699,29.9882,1.93454212897744,2.33690147853644,-0.224218612838594,0.92599173423707,1.05622524257418,-1.17777202717309,1.0133526122014,-1.01051750126806,1.83291938036237,-0.244318947449494,0.00377749549572992,1.02445837098109,0.000000332336774322428,-0.478452294184983,0.000000000389883236806554,0.937523024760585,0,-0.317392592212312,0.238198307304936,1.03077637360364,0.0000844508010233724,0.743219276298109,0.00000214698490452747
89.4434,29.989,0.13969381595817,0.163799731637549,-0.881306248659292,0.574059187500083,-0.471776029100329,-0.31924603769082,0.0456879578325061,1.06867190607224,0.4127454223436,-0.499800582178758,0.000000000101040509292716,0.964418750168691,0,-0.921334171221705,0,1.01955947680096,0,-1.01559790448491,0.000000000000000222044604925031,0.574018916510779,0.0107252455580751,-1.55045148376012,0.582557734193894
101.956,29.9917,1.88887284059408,2.15969761028001,-0.276757723664722,2.89791492946002,0.690794911218717,-1.57007103764739,0.647793146027894,-1.8335994123558,0.908809287463949,-0.159550420938173,,0.858522181262419,,-0.211614919014211,,0.895836330685905,,81.6140832227599,,-69.8249494581656,,0.864212925370745,
87.2851,29.9917,-0.649398271152124,-0.647578877679292,-0.0488650794463715,0.164295921768628,-0.266267845505186,0.452239097569719,-0.917579699895004,1.06357727175863,0.580114899965402,-0.549713181429792,,0.907208743463342,,,,0.67359944937157,,,,15.2364197457303,,,
87.5453,29.9974,-0.665586952374545,-0.564950022356478,-0.29665693079056,0.157099615001612,0.132872750397978,0.303297060950377,-0.380785853117259,0.99821245284253,0.683954832926753,-0.564038022180551,0.0000000000000346389583683049,0.930682515464688,0,-0.768573368062203,0,1.12183288990988,0,-1.21936279749401,0.0000493290671239599,0.656605795176672,0.0411115726902644,0.476778090165941,0.106437680362257
86.6483,29.9998,-0.584557847283205,-0.599896171226319,0.215733099523208,-0.219742699784484,-0.386650872782281,0.77203210753559,-0.919258824081989,1.22072351026376,0.125860043529432,-0.525770547723372,,0.894802605319024,,,,0.695753361773305,,,,0.417137883256435,,,
99.2768,30.0036,-0.259558796180071,-0.2996327234778,-1.65476580244397,0.921218593951496,0.288967812809121,-1.78461953102796,1.08911111919695,0.579125512552743,0.211661780671497,-0.226005043987691,0.00617959245807453,1.01288960277642,0.0000000874966232800034,-0.484163058196803,0.000000000355900420245803,0.939095530783495,0,-0.330087806516465,0.20503801712916,1.02305298729836,0.0000615072321237253,0.740561045231912,0.000000880266183944656
96.2275,30.0087,-0.481484864148537,-0.425716509497647,-2.22858226420163,1.38170349320147,-0.36562021849528,-1.80765935930303,1.67892445015008,0.457227257385745,1.39020347825794,-0.417100356246127,0.0000212416563607487,1.05045645630359,0.0000000649037998901036,-0.576037689630727,0.000000000000885069795231175,0.969882760901223,0,-0.458597451484101,0.450478489606922,1.31084574260803,0.0200767553674561,0.936549840593933,0.00000045847292007295
87.7839,30.0091,-0.566983454467322,-0.619413688391515,-0.519998517373057,0.261223209261852,-0.196946710469624,-0.225277519109444,-0.736238507806108,1.28864225412044,0.33458511847929,-0.545196320873346,0.00000000000067390537594747,0.93457988020735,0,-0.808468385038709,0,1.09485708334587,0,-1.04033853160275,0.0000000503695731790543,0.360469549572029,0.158607446606511,0.121712123453619,0.778236554643271
99.8827,30.0126,1.41773447075741,1.64063894658538,-0.620335957683967,1.37067358133282,0.249970167136395,-2.05007210715516,0.706734405758197,-0.00438353536764078,0.506788471493138,-0.216670709515687,0.0109442358869654,0.998121675496123,0.0000000632309919978979,-0.49544268433802,0.00000000109447340079782,0.9261689739671,0,-0.336717152583705,0.161134102038922,1.00301822425704,0.0000435197527706155,0.72096309714023,0.00000160685036965091
84.835,30.0282,-0.118852045839141,-0.278848122590005,-0.0815842257802064,-0.17895908526454,-1.20917086939547,0.388712469790388,-0.623127220629873,1.31080050252573,-0.375242317353411,-0.658045859882788,0.00000000000000488498130835069,0.900519177830419,0,-0.810366554665523,0,0.483068288262373,0.414389006140823,0.0798711346438375,0.431454909930167,0.0606052238531161,0.513586127309532,0.89567302524842,0.000000000000166533453693773
101.174,30.0521,1.47493034943212,2.43616734033498,-0.466206298542383,2.05976676151843,1.2953057992583,-1.6775249606755,0.610851273827453,-1.11858157028009,1.18040101262133,-0.199114357798694,0.0492276261460811,0.941606510940162,0.000523590102161631,-0.266384023416125,0.00291628139525058,0.895360844765686,0,-0.151906925150008,0.733955224024868,0.856474913835015,0.0464179882686291,0.759051525407747,0.00114996276468249
89.0971,30.0724,0.567737246167862,0.666995750710505,-0.268200545971046,0.430600431256975,-0.0746957063509811,-0.336195981979697,0.704554132452746,0.320381244338196,1.10406991371625,-0.53934134385563,0.000000000000460520510614515,0.952491819649741,0,-0.912246039549715,0,1.02872995264914,0,-1.03125524367837,0.00000000000000177635683940025,0.550778823172352,0.0151556588674562,-3.54752693649952,0.69763594526916
89.0524,30.085,-0.0535611453205669,0.0232336363833721,-1.09463686962986,0.429177587582948,-0.106935838415419,-0.293699071146124,0.287907836342855,0.8198303473631,1.14833099305758,-0.543176946832151,0.000000000000362598839842576,0.962353254252018,0,-0.910791320665038,0,1.02913845656544,0,-1.06753405969005,0.00000000000000266453525910038,0.597549189566379,0.0155887269221944,-2.96486467660273,0.684692622426331
95.5349,30.0869,1.59142332844035,1.80103750842143,0.0222221027057964,2.49752855999933,0.698774865362766,-1.15690843804757,0.884927446598549,-1.84013401473482,0.0351934519241659,-0.408233068430822,0.0000054302086298641,1.0722249348696,0.0000000112893416837068,-0.556214189784771,0.00000000000106648023745493,0.970251020366451,0,-0.270617309450677,0.460518016750195,1.11271152311739,0.00112810265496921,0.939984392736432,0.00000010008764439462
97.7686,30.1349,-0.0692851298039436,0.110428702394237,-0.855667564894458,1.33347009422642,0.00919631385263724,-1.28867825434896,0.838202128896773,0.841818799846083,0.241518808251654,-0.274953963779545,0.00190298009155598,1.04013511816496,0.000000570193246618445,-0.505085957211326,0.000000000283058687600146,0.94880528249698,0,-0.96779885414048,0.496812415148934,1.72318098481879,0.172269608720438,0.897213037349768,0.00000133864811302509
94.2465,30.1357,-1.67500254008762,-1.40760974337355,-2.30429700548822,2.54640940178725,0.11596392924275,-2.62093561855008,1.62377236994404,1.24605696537475,2.3652448473326,-0.319965882139148,0.00000427615455422803,1.11391708358357,0.00000000000424948964905525,-0.65546025747469,0,0.967792995693454,0,-0.375695033448579,0.11572719049803,1.02910715791965,0.000000685188607851828,0.913244877234105,0.000000000298770563844641
89.1561,30.1661,-0.00909999965994802,0.0487431460191648,-0.68367431684965,0.283949140095927,-0.255512602931363,0.208531517149736,0.335409956357516,0.900502309742891,0.638183898608423,-0.470594530930923,,0.902394684569847,,,,0.990877897309777,,,,197.608227576579,,,
95.8699,30.1672,-0.539662923749493,-0.694058253005696,-2.09133237160463,1.37328059945932,-0.0656222383893221,-2.48184112412732,1.27566198343557,-0.0737908321307245,1.85358182367981,-0.407876396798674,0.00000723599618179804,1.06374660792584,0.0000000068964225441448,-0.563664003228498,0.00000000000173172587381032,0.972158199694016,0,-0.306238486484571,0.490541749552266,1.16129840366954,0.0047414977332958,0.943334950280443,0.000000092291169817571
82.1701,30.1681,-1.45455451633662,-1.24013538482486,-2.44997876916619,0.268453675522606,-1.22262984889449,-1.11505295996168,1.00156858002433,1.3401254926485,1.3285444605623,-0.525465797754321,,1.08019447148334,,-0.941594593815809,,1.04426257849316,,-0.82756791133499,,0.634696756963473,,2.04189728838285,
101.039,30.1688,1.42234650952014,2.43960356221483,-0.1617001886076,1.76274518736776,1.88285612200982,-1.25448431740775,0.598403149819007,-1.45530142859099,1.56271216581155,-0.215228944136331,0.0400408188515158,0.993795366195477,0.0035379331865939,-0.260488896031959,0.00388442381076315,0.886321915287779,0,-0.0348333951818564,0.905542616056242,0.757052141667481,0.0172137656173617,0.727313048185377,0.00343806444327699
100.71,30.1805,1.14356670609476,1.9394401929183,-0.942387700245579,2.38607106073064,1.23777331017474,-2.09254149634279,1.06575641832716,-0.752199019784128,1.01117503337056,0.177633538856448,0.000594131601603598,0.39041162595543,0.00000000206868144836392,-0.732700652554232,0.00947370056549324,1.03521223903996,0,0.421539117830689,0.00691785989244464,-0.449453219524387,0.456466627933275,0.15308097353747,0.613492302408128
83.9685,30.1901,0.0750250400739119,-0.0260909654607261,-0.177107645329765,-0.365342468207524,-0.61640987544997,-0.140346641235834,-0.00584129704098079,0.860829160183409,0.0381948889103209,-0.611327482099712,0.0000000000000182076576038526,0.950559755402984,0,-0.855939151137825,0,1.33157164510858,0.00000614617659300265,-0.867652247367511,0.0599418139836714,0.550871345221378,0.129585617279927,1.12883287761594,0.000805810504619808
88.0957,30.2009,0.00617793125245805,-0.065444213081283,0.0377225157417694,0.274013727370133,-0.149260025245274,0.197081540504872,0.15968222859248,0.843952030270764,-0.181283291202879,-0.533950982332387,0.000000000000722755189030977,0.936905071494269,0,-0.829204118556859,0,1.08168086168351,0,-0.90275966976765,0.000000217971815041906,0.162713222901019,0.610080745777037,-0.561180174035979,0.645590671650358
87.7284,30.2019,-0.0737693651448221,-0.0663508022232488,0.592745739806,-0.0482286826292226,0.0557934627107267,0.358475932985802,0.231755540884187,0.493557961381002,0.587832559411713,-0.543857248862398,0.000000000000305533376376843,0.945165435347294,0,-0.821597648149616,0,1.07684008916254,0,-1.09880962722382,0.000000000736646521559692,0.494238524916786,0.0561439787648652,0.167806738207006,0.701462348585598
89.91,30.2189,-0.084673905478371,-0.132793439232372,-0.918689602903528,0.765671354667076,-0.425152792383215,0.188694245306778,-0.0611280790188649,1.25488335848632,0.148511567112275,-0.372909979618746,0.0000000787195160167897,0.966210819904194,0,-0.862686395174681,0,1.05052304536007,0,-1.00732501324658,0.000000000000000222044604925031,0.640572154783206,0.000316695312658322,-0.602736043276856,0.693462716661462
87.0814,30.2223,-0.399697862973437,-0.515964848569978,0.441538272503736,-0.0856779618828072,-0.167636521892343,0.654419562177518,-1.21748290023666,0.902986054291367,-0.551252207908986,-0.536393470002709,,0.890397130077226,,,,0.683671232587171,,,,0.448963574100859,,,
89.1715,30.229,0.177189419414033,0.169629918846934,-0.278826146137957,0.227750913796484,-0.284067559086706,0.0771641219260384,0.404506112278809,0.757732844804816,0.441088386558121,-0.486820619875424,,0.923331847496983,,,,0.991342890157686,,,,348.506596427827,,,
97.483,30.2328,0.852410449616158,0.767559852371222,0.376356265437116,0.253290963381154,0.265076550937568,0.181910992597878,0.701845366798266,-0.00778874595620271,-0.135869277205348,-0.304810622484728,0.000639798436176342,1.05198532576419,0.000000914650811312256,-0.542212966572283,0.00000000000418531875823192,0.956125226853026,0,-0.562219284389676,0.462639246310476,1.39546306177333,0.0360267274684771,0.889227744683623,0.00000237396021507408
101.037,30.2661,1.77939107341049,2.36141302486948,-0.359081169404231,1.84391814016764,1.46502194478724,-1.58876781224504,0.950303928612252,-1.2247822156029,2.16959980039217,-0.209457464866822,0.0465024137787837,1.01359056638948,0.00770575629124504,-0.261581417288269,0.00435366951298133,0.88820496620875,0,0.0320438812159954,0.912081906780742,0.70310109251962,0.0240599366453425,0.737189286072262,0.00552691703552677
100.806,30.2756,1.45396485622286,2.48232154899132,-0.485118495702026,2.26822910344264,1.35439976165547,-1.26350581875652,0.66481861299965,-0.935521438224364,1.56587576366067,0.166541767561318,0.000755099691795769,0.388452651849801,0.00000000123455223821622,-0.696728457315763,0.00869305469718662,1.03764895074154,0,0.444377136685973,0.00828298810080397,-0.462730232247169,0.487639665974068,0.0931593083040687,0.746912651979829
83.8596,30.2826,-0.750804632796057,-0.708363490520678,-1.31931110400675,-0.431019607307178,-0.838509726897479,-0.490010191897599,-0.551192928283023,1.51189971852113,-0.0199086875149607,-0.692071560324478,,0.877270427478157,,-0.846398922724916,,0.234528365018803,,-0.132003919422378,,0.216430506358521,,-9.48869299630226,
80.1759,30.2894,1.14794040569619,0.777868146550807,-1.03992008117447,1.80081742382646,0.468491878337591,-1.32328250525668,1.31764264893495,-0.224919632707247,2.00467443983179,-0.537622886614241,0.000000125441725229436,1.05228624290983,0.0000000000436999325614806,-0.953613511826898,0,1.01171026709389,0,-1.36199271405571,0.0113503389439418,1.30589051065293,0.0678027943045356,0.567764528898869,0.261166078307329
92.4764,30.3001,0.118531067251284,0.0631098741368712,-1.49097824431825,1.2651743374144,-0.624863153691852,-1.53473235320713,0.966149210949503,0.902927378302756,0.549054965533689,-0.185633856076518,0.0000983916673280572,1.30099070635934,0.000000149552714656664,-0.688795164499968,0,0.962765879036179,0,-0.0602047481113783,0.655574685199046,0.476488810941522,0.00000000456967774731254,0.891850444053669,0.000243788079408391
87.3411,30.3023,-0.443092021600263,-0.490271279781151,-0.233032986545064,0.171483640592803,-0.185390757727523,-0.14656003042344,-1.05911544209172,1.31253895394058,0.112162734251644,-0.525289728079992,,0.893782377896669,,,,0.639581937089027,,,,0.428924859866407,,,
79.5687,30.3078,1.83096557464474,2.05120191571024,-0.372726239207484,2.28874817292416,1.81068767810597,-2.33346914466891,1.11706400805327,-1.90084901393405,1.31457258667224,-0.501872301072028,0.000000800211769957926,1.14464071390712,0.000000406072944381108,-0.95744917387999,0,0.996404624218653,0,-1.02905315207058,0.000372617944665032,0.984163314015317,0.0248195143381282,0.571554074926345,0.00305265874171834
101.925,30.3095,1.11082119734034,1.39303084116917,-1.08695903627443,2.20107334223221,0.460770253013289,-1.6738002421732,0.967342431660017,-0.259501262591783,1.43618393341779,-0.187530098975727,0.0394546481772975,0.831909653248441,0.000000014507312906531,0.0586840352778427,0.138092603467812,0.875344428538166,0,0.0258573631720151,0.642239398074734,0.652588833274808,0.0000300736548228819,2.14659314938774,0.00000922982311046816
94.8555,30.3122,0.164838306425031,0.0382212703749255,-1.02778514867634,2.25906737810122,1.32020649838465,-2.5456238748125,1.16840406468033,-0.534490691000995,1.55746815886643,-0.284159711450352,0.0000779934024111029,1.09940694228861,0.000000000153060231156132,-0.673566459127629,0,0.971040554510009,0,-0.646236689378774,0.0380407997688692,1.35136270645077,0.000000323376718736057,0.857228710262304,0.00000000759083440549091
80.4707,30.3231,1.09683869196337,1.08568933212758,-0.905630162158424,0.850636020632443,-0.512183673861315,-1.5515573082846,1.09346311756005,-0.679162619426557,1.80172923021177,-0.539510335575186,0.0000000553535897118707,1.05615768125251,0.0000000000163042912504352,-0.948445589549842,0,1.01319525173065,0,-1.19973703198968,0.0218391250773486,1.11180021843977,0.106279215795667,0.668900491654593,0.077624855006527
89.174,30.3355,0.211593789472427,0.213767949693762,-0.239346610024449,0.190825700204559,-0.248709162600004,0.643353421802169,0.273167877227955,0.993863804584638,-0.464201284765231,-0.50095656136718,,0.935683515240828,,,,0.989216956057245,,,,278.458431991347,,,
89.0386,30.3387,0.734547795388444,0.650544290394397,-0.243897386948657,0.171338183188266,-0.259729756990105,0.517337146082678,0.653576326879166,0.84108604261235,-0.746000633470556,-0.478234932112061,,0.902222594372831,,,,0.992053952716128,,,,2.00650634858613,,,
87.5127,30.3492,-0.429328192512419,-0.357949120384642,0.368451793202478,0.233182089189833,-0.375281412424626,0.319995779465709,-0.496736334085517,1.16549110806983,-0.0492111795306282,-0.54843851525482,,0.895980183928227,,,,0.235041803571695,,,,0.106875853103748,,,
93.8193,30.3599,-0.216465061066547,-0.247650136269605,-1.94115342034501,1.70215629241938,-0.319199030893007,-1.7170989820991,1.39019747962418,0.568814050999358,1.8701525880725,-0.176901612157399,0.000291453244304574,1.32237546142862,0.0000108038904629293,-0.600768583785434,0,0.959380852835591,0,0.113469916899555,0.353038554114759,0.428708319470315,0.000000147191084653997,0.792089128519578,0.00000163069624714574
93.4489,30.3675,-1.41325220700521,-1.25277004148752,-2.10354615688664,1.26213828523096,-0.583588077911475,-1.08582213301449,1.80049837769589,1.30872531448304,1.13507990554963,-0.154295378023649,0.000403983496032545,1.4023535677715,0.000188479030625022,-0.639483257468741,0,0.954467175151383,0,0.0482331235269102,0.6931395898118,0.385561013251571,0.0000000671571365185031,0.72542774962923,0.0000215769613023387
96.5367,30.3694,0.408546861495215,0.386865259909603,-0.404447867013248,-0.168587525312045,0.512735888109239,-0.579804695268185,1.07210656642919,-0.599376251176879,1.63695846014018,-0.38034119796795,0.0000406977788485197,1.06534625461306,0.00000022971402691141,-0.564969619455786,0.000000000000415001366604884,0.963564968957471,0,-0.329126371444831,0.559652459372097,1.20874654362831,0.0188236629392524,0.945680291648978,0.00000104420470226074
94.3698,30.3731,0.518198683373117,1.46705796938116,-1.1965947564905,1.71005543549505,0.654709323387065,-2.14899977046045,1.10929301821474,-1.19495452490992,2.48915776773786,-0.257587311598849,0.0000460641458179811,1.15022953335958,0.0000000000826039237011855,-0.637020098060594,0,0.965436680205731,0,-0.244883635894072,0.2491426649179,0.925344297460827,0.000000200003098527191,0.916708806287348,0.00000000207980654920448
86.201,30.3837,-0.18865616117838,-0.214020941090089,0.633756203052044,-0.0436243242229279,-0.204068079235184,0.647797991394314,-0.518192172467369,1.03195515659891,-0.554838412106709,-0.517477428823277,0.000000000000042854608750531,0.916693578696463,0,-0.710776404071493,0,0.628381056170514,0.00389486101204795,0.165894953949043,0.0193480051027888,0.126366932055098,0.0801524041649762,0.995057877043592,0.000000000175686576397993
100.228,30.3986,0.880597814446884,0.983867777340018,-0.843453351868994,2.30443430402685,0.675374110600013,-1.77930617300973,1.01807328759803,0.0124117053713404,0.671292147810223,-0.187018264826298,0.0228304782155453,1.04218197034574,0.0000828370036165538,-0.432229929773232,0.0000000622158815577478,0.90995308452064,0,-0.198307241139582,0.474203849021603,0.855798106910051,0.00123423097911357,0.751239934161561,0.0000465152883946107
89.2576,30.4029,0.881569705288709,0.950100013831911,0.133190894533351,0.204385916270764,-0.218944093843619,0.785650108645893,0.551401696667841,0.743801345716343,-1.18957819722936,-0.363652343965966,,0.840899874197506,,,,0.993017046884723,,,,462.618805752932,,,
83.579,30.4031,-0.417550037696476,-0.406369899415429,-0.00381154315655947,-0.542754042415332,-0.433607145715349,0.495077581790027,-0.66089672872364,0.936012688434708,0.188362204325083,-0.682338918110417,,0.881234017734116,,-0.857362840046326,,0.163041115327273,,29.8027230897551,,-23.9513492300839,,0.80498665084704,
85.7714,30.4051,-0.310494941736796,-0.387463494989712,0.655242637338234,-0.318530849756276,0.0714870561054641,0.225069847983308,-0.17659847033745,0.922860228111543,0.362984686247479,-0.576060933555035,0.000000000000000444089209850063,0.934761924565003,0,-0.764746141245991,0,0.693192695347187,0.00000543884254899929,0.17859882802538,0.0867967246304422,0.249144773504732,0.0290733333840796,1.11650914021727,0.000000100159478710893
90.7658,30.4051,0.449138019867676,0.275889770563652,-1.59694872750319,1.46230810429144,-0.0182076081784072,-0.883307650459734,0.816771499652815,1.07165929031924,0.390942811454177,-0.312503177222659,0.00000031486937168701,1.09865315641221,0,-0.798684537640944,0,1.00773834554606,0,-0.600219334681817,0.000129235463878885,0.937281905249681,0.0000000111452143070068,0.923238525962643,0.000000104665571765139
80.0245,30.4122,-1.5035287065507,-1.2716953220667,-1.45543618520501,0.915735903153431,-0.552442869690014,-1.54839430601935,0.556566281006754,1.47315168710554,1.23271950620293,-0.545012958921693,0.0000000555546273428575,1.05315801777656,0.0000000000143958178711046,-0.955841352378637,0,1.01622283933504,0,-1.04992368600301,0.149363903938456,0.865524340455564,0.324581574994566,0.780834027442102,0.0227553181835587
85.6194,30.4129,-0.411542614249564,-0.411685274771898,1.11874379229344,-0.285125385318494,0.160011235668313,1.00913418978808,-0.770395891944291,0.582480483742127,-0.818105753171937,-0.573500896806965,0.000000000000000888178419700125,0.94340730744183,0,-0.789880156813915,0,0.570408095889766,0.0545158815114868,0.183335987874882,0.0130233938801572,0.0882666576530929,0.202207311119971,1.21739933271563,0.00000403147868421883
89.7343,30.419,0.781756380536717,0.605123287573022,0.107159237510759,0.595530991069301,-0.098904637923567,1.20695282522468,0.595639384072646,0.684099321954213,-1.22514187778345,-0.376158891269681,0.0000000508249025088503,0.966463896766901,0,-0.877604723892997,0,1.03752249740478,0,-1.04598871772139,0.00000000360686436273738,0.745876493788147,0.0450098161807746,-4.37698927466634,0.824624085064599
85.6262,30.43,-0.487432304741183,-0.510338522055541,1.20366064481949,-0.307973110782006,0.220195612332776,1.16983505336572,-1.10235866507917,0.528608234177727,-1.19268145659592,-0.573500896806965,0.000000000000000888178419700125,0.94340730744183,0,-0.789880156813915,0,0.570408095889766,0.0545158815114868,0.183335987874882,0.0130233938801572,0.0882666576530929,0.202207311119971,1.21739933271563,0.00000403147868421883
87.5553,30.4346,-0.087740276714994,-0.0942548570036201,-0.0856969790839493,0.299831176369966,-0.467365819735141,0.409209684729714,-0.119890173282192,1.20272152309152,-0.167293606840795,-0.554133284803438,0.00000000000017874590696465,0.935367314256728,0,-0.761948317203046,0,1.12254374221852,0,-0.969778749271899,0.0000414878294963117,0.78497986826319,0.000665173405626884,1.16137207512933,0.00134593895799928
82.946,30.4423,-0.169451520471295,-0.290719648882764,0.448574240332523,-0.52698089891924,-0.549141611448987,0.16628246795464,-0.308665243630824,0.774225151077906,-0.330096188924831,-0.517586546785376,,1.03872819631647,,-0.923981750949023,,1.09907669437183,,40.5953449208549,,-1.11234927470049,,0.0411544591206725,
102.23,30.4519,1.55973463311711,1.33348155680489,-0.85139483686544,2.35752840592197,1.39864315116633,-1.76334607545171,0.944067245237406,-0.821632901521263,1.70724475067586,-0.252572079599374,0.00460108293060402,0.757156812171768,0.000000294885507123865,0.125285936091936,0.138544080648541,0.874309627671437,0,0.364082348435345,0.460590312586321,0.339942214741731,0.507947646678113,1.04777656542346,0.0000329278863244742
94.6575,30.4644,-1.29209888507626,-1.19024022497985,-2.09831258355501,1.80603134937819,-0.129398536747605,-0.748901997033637,1.89206792267385,0.746899283503302,1.7125960721093,-0.251895172403151,0.000127545098059789,1.11913768856949,0.0000000000416069401154573,-0.639730720175014,0,0.971098062354901,0,-0.543401860054394,0.0600945918077951,1.24903817737161,0.000000202371241764254,0.889605841834053,0.00000000250024623227318
82.2149,30.4824,-0.324353438927138,-0.407010884610322,-0.525343576936012,-0.695804246253244,-0.728964050579168,-0.822339213804998,-0.106726034997979,1.35600072923817,0.0204399086709604,-0.528452104245952,,1.07917363252881,,-0.935780649029072,,1.06467951642521,,-0.770025209969874,,0.543708937019686,,1.65800961800485,
94.1613,30.4866,-0.673756133665889,-0.766448530731036,-1.90284371458761,1.35948706810147,0.183187585762124,-2.00662840815643,1.42728863304967,0.617626835798948,1.70052074711474,-0.214526399005212,0.000054152902713378,1.24736266526993,0.0000000281695498038914,-0.594321867873787,0,0.959588883865557,0,0.0499415548718592,0.704601482222545,0.531785573534362,0.0000000633130943228366,0.856151913411539,0.0000000427811759351471
94.6011,30.4906,-1.18904339257783,-1.14824674722534,-1.67854999472426,1.62665575181887,-0.475604781727041,-1.25286193785961,0.417792327099153,0.349066267641218,1.02786047093237,-0.233668755126658,0.000206164805411913,1.14120491780798,0.00000000016007262182427,-0.623420149163767,0,0.971469145554982,0,-0.309252952764736,0.156187778000407,1.01708502616819,0.0000000296903981400476,0.890343074267172,0.00000000361322038955336
86.5234,30.4916,-1.61307241680919,-1.33355832404583,-1.68474258458359,0.00442072461728974,-0.124968629752906,-0.730596403634964,0.513581253426969,2.04868444804549,0.887326902388406,-0.549127770339618,0.00000000000000133226762955019,0.909626595677779,0,-0.662468512590237,0,0.363574123345532,0.626272962041749,0.0921402817409615,0.0121964229778793,0.0224086499874278,0.406966374226635,1.35813346051308,0.0000464023487372067
81.2625,30.4954,-0.748915247615978,-0.804187772036077,-0.342544669609969,-0.759277992308953,-0.780963523062909,0.743918897771673,-0.655408047252398,1.23694219776307,0.686095650960817,-0.585064530475877,0.000000000101139097097303,1.04728847857971,0.000000000000000222044604925031,-0.952900437390786,0,1.01988401160033,0,-1.43185488543252,0.00000251258004246857,1.4348924025762,0.00176471247369792,0.47468815415794,0.155797602437521
87.966,30.4982,-0.185336707045211,-0.260817785630941,-0.616522768436523,0.404391161572833,-0.550176290289527,0.459914707372864,-0.298509410218357,1.17112302393462,-0.41853484422492,-0.533472185259348,0.000000000000840438829641244,0.940805182312606,0,-0.850436802175156,0,1.06627512862771,0,-0.95478617591116,0.0000000000188296045422476,0.317305552286945,0.201924214395952,-0.388453467337252,0.691995383330316
81.7059,30.5038,-0.0316597610904396,-0.227434442640413,0.689898258680183,-0.481749705593926,-0.547613227745028,0.851423048322401,-0.396958853716701,0.522380514237838,-1.01800931617229,-0.503044270588959,,1.08949363888146,,-0.953158297118469,,1.05469358440308,,-0.77118587939415,,0.51575683891623,,1.90755928544788,
102.183,30.5136,1.48182008194171,2.06463707062251,-0.756136304240053,2.09362661011006,1.32768490083131,-1.44121312791302,0.729585749282382,-0.724926394889564,1.58191677490766,-0.250365753931754,0.0138714439904264,0.820214042357748,0.0000183719175812502,0.12074100763211,0.164211895473094,0.870014832452668,0,0.418696592730789,0.629554532061305,0.327440955361187,0.703148610883507,0.993761246376512,0.000169149409261937
89.7156,30.5187,0.605184643056675,0.553791927535673,-0.545182811038696,0.708363213523395,-0.0645202231902024,0.212186588780725,0.647987359105564,1.01825440658457,-0.28931765154193,-0.382347023620992,0.000000018495643461236,0.970696506862737,0,-0.89459374352723,0,1.03654095187172,0,-1.02750561991457,0.000000000164155800064236,0.694664568287664,0.0312711088951341,-2.85696952933762,0.771075507009629
95.1385,30.5245,-1.14256983175279,-1.10383836397504,-2.08505475384864,1.88991673377507,-0.493218891747327,-1.27833718564958,1.80544484191801,0.725129788286224,0.831523151971437,-0.381225063152221,0.00000157692047331182,1.0836862318889,0.0000000000487705431595487,-0.544629688920301,0.0000000000039102054927298,0.975159763167727,0,-0.17532576552609,0.358401623297802,1.03059305435679,0.0000000448357124760435,0.904717617109743,0.00000000941883260274778
83.2835,30.5319,-0.939239341837421,-0.875341881126474,-1.1787306428555,-0.425365570724513,-0.825871294881155,-0.732450663705171,-0.408001965776367,1.70774897102692,0.358741589149822,-0.695481857288005,,0.897043654678748,,-0.899008759611154,,0.157732908866231,,126.358935230426,,-104.997772827246,,1.16590629620348,
98.9499,30.5348,1.42835647516879,2.06604671891744,0.00983216131072054,1.39743156138881,1.00329725653323,-1.11005766170629,1.08420496046913,-1.36582083951153,2.13691584812005,0.204562066653252,,0.564020804214306,,,,1.02300940524309,,,,1.03644006724093,,,
90.0749,30.551,0.776634197050299,0.773515326061287,-0.0842918758671871,0.564973722689584,0.0706154598017932,0.458536643795083,1.01951762976692,0.659688989014801,-0.706930321558123,-0.377532963633329,0.0000000135388709132656,0.999095767562784,0,-0.876384054813415,0,1.04250340781287,0,-0.982805508998615,0,0.702581910795505,0.000124638606119998,-0.166737526347539,0.809164437421417
80.0786,30.5522,-1.06484720619585,-0.942080458663859,-1.69397773772756,-0.0328118168475703,-0.865025038664254,-1.29711318191613,0.775435999357383,0.634688403815778,1.46567154662287,-0.548937017227471,,1.0523974747056,,-0.957228580269407,,1.01700678157491,,-0.9606964540891,,0.748036954441752,,0.825201774633509,
82.8894,30.5553,-0.181791715351657,-0.255600134219499,-1.27405834336725,-0.48345132947957,-1.05589036452625,-0.509987979514587,0.48767582443691,1.39119139735955,-0.385760384209884,-0.730612603265327,,0.877219372735993,,-0.912730144749287,,0.109581333154536,,-6.63763379618026,,15.4956121702223,,-2.74662663637745,
100.047,30.5561,1.79855410817412,1.79454879783118,-0.420429411292512,1.62962846383615,0.588784375800959,-1.2462703349843,0.91553772074081,-0.5035694251105,1.43768563699166,0.202459768059117,,0.569513988910744,,,,1.01860924815039,,,,0.987233260425834,,,
99.6624,30.5578,0.633934030186934,0.78353983019899,-1.04404745899885,1.21092536145062,0.224315736089296,-1.86925634983272,1.21244460282075,0.504279105515064,0.689974870775921,-0.240353877794948,0.00241302315657532,1.09432854878406,0.0000627781431705721,-0.428229170293839,0.00000000954732026769989,0.927941326656596,0,-0.00354375491132658,0.992018668927378,0.730295480400239,0.0162852540320435,0.846377452740286,0.0000111438108307826
88.8688,30.5776,-0.0840565995335884,-0.110378834065419,0.087757765463971,0.172403883534463,0.117264192173244,0.989777011066696,-0.561627033171668,0.525550477196747,-0.94940697819142,,,,,,,0.994461128349653,,,,,,,
85.535,30.581,0.0517340486061529,-0.136476995533247,0.949217152430929,-0.441967643587425,0.45350492561334,1.13109767775775,-0.421157026204033,0.413875665960558,-1.31925954043282,-0.581568386436243,0.000000000000000444089209850063,0.942296114487564,0,-0.794210531624086,0,0.630089940026197,0.00388659808522629,0.218431020679932,0.0139961322624766,0.12587149990858,0.153294904431848,1.25152672770195,0.0000203995344751906
85.6183,30.5832,-0.539982650258174,-0.601967749556751,1.38969045951715,-0.43922097265765,0.427554410726703,0.881491869456475,-1.3257643319306,0.544613838525172,-0.567902207138338,-0.582234804308894,0.000000000000000444089209850063,0.939042053006559,0,-0.786102357557719,0,0.622580321974042,0.00579623673715468,0.209912029755373,0.016222050768844,0.121563924199756,0.157663158991779,1.22382882240753,0.00000794066488185585
101.115,30.5897,0.95126451517924,1.64104082856817,-0.617081779592409,2.44436622803764,0.874490144934815,-1.39322646395075,0.719371118723611,-0.375641862869632,1.86477774088718,-0.252990198435429,0.0237772513023931,0.927359592596919,0.00161622745474155,-0.0571280502752801,0.69240196432215,0.867811582185006,0,-0.020078562039151,0.85570369897883,0.753574263467577,0.00239512081553617,0.50834537930941,0.00218571656779587
85.9225,30.591,-0.486528190186246,-0.576521844731813,0.716210215653517,-0.447229795459076,0.27052640625349,0.675629890839769,-1.35613999530672,0.822927359281874,0.38402401621316,-0.533768915700173,0.00000000000000199840144432528,0.926179003537556,0,-0.736555394667175,0,0.575138615337352,0.040906497619007,0.169378348653912,0.0119486880393156,0.103022250599698,0.13660878111961,1.04547584148157,0.0000000167495761704828
98.1776,30.5951,1.58846825716524,1.52463197340319,0.17129515676631,0.904206229185043,0.759580954560095,-0.542929502401758,0.976655356506242,-0.329547787929674,0.17864184091728,-0.282058344786005,0.000733748964059089,1.09780775551559,0.0000284870858362485,-0.494423404823162,0.0000000000437805347530684,0.949387232070918,0,0.0923779927235172,0.832306937072103,0.735029271766564,0.0549785184759113,0.900115454228463,0.00000795283686949588
90.9024,30.5953,-0.373667079127573,-0.281873839335249,-0.9837458250146,1.02210625368664,-0.779972977113649,-0.605197242570584,0.971621944269396,1.2728403219597,0.259204059166813,-0.234206559765244,0.000005888122103892,1.20390179096755,0.000000000000409006162271908,-0.755738168687959,0,1.00556528376697,0,-0.323013557322046,0.0156803365595752,0.551552721041232,0.0000000039360794623633,1.06003024592245,0.0000574812827363047
87.313,30.5962,0.0457732011625497,-0.0452250218869263,0.433538911749594,0.0304290440419697,0.0680065586091971,0.258137292146886,0.0810839438141722,0.808588156705973,-0.669442774399817,-0.517998418400129,,0.890123825811466,,,,0.558789711373323,,,,0.343856670296532,,,
79.6735,30.5975,-0.615311808471613,-0.703563206027329,-1.64364383614973,1.54720033789723,0.847071691781768,-2.29623889181601,1.32411307006475,0.0795352264457106,1.91956883233364,-0.508199776078371,0.000000947492281966333,1.08723757431509,0.0000000238990374157311,-0.958553379517165,0,1.01063517212607,0,-1.38957504492418,0.873470378009066,1.19402522713652,0.898901503780508,0.506952464590805,0.953420402453368
79.8937,30.601,0.353655419515698,0.561837537614729,-0.58478786127015,0.147498870123792,-0.539326007299922,-1.32774694085434,0.939515705126951,-0.0859400151251488,1.90644866367924,-0.527407198693715,,1.06365527473204,,-0.96022314468534,,1.0170060712101,,-0.947679862691919,,0.717596528680281,,0.805251071740699,
93.6551,30.6042,0.8172265423899,1.45061571314354,-0.994874831224932,0.980960157200405,-0.472535808831533,-1.51171834490807,0.909002072610512,-0.0439780401541213,1.62226475938237,-0.176157807599706,0.000104854118381237,1.36813091559164,0.0000215855066902915,-0.613002873096314,0,0.953600057950574,0,0.0585315176243617,0.61183969591083,0.392136454101597,0.0000000284138079731378,0.715273288091593,0.00000434375221236571
85.8115,30.6074,-0.150242716607192,-0.329925709153821,0.957962756337149,-0.434176256164312,0.433147203754876,0.693272252385266,-0.806277693127625,0.812172239137529,0.158730685303337,-0.558505929468468,0.000000000000000444089209850063,0.929619595697394,0,-0.743875268758451,0,0.649036394368681,0.000805091745838205,0.207665349930759,0.0185543226832334,0.132166185190634,0.131023614579502,1.1194353747432,0.0000000156290214103905
96.94,30.6211,1.36573853398423,1.29926995572089,-0.249631161757604,0.680132460426455,0.170976551517843,-1.24886914700231,0.822527976579469,0.435204325856438,0.090320633302938,-0.363474242106837,0.0000728613824545477,1.06771366629037,0.000000711482963877685,-0.559581219384556,0.000000000000235589325825458,0.963985368805774,0,-0.318886490871679,0.518595337213251,1.18937213388807,0.0076208589028639,0.92040765985297,0.00000192282018351975
92.9878,30.6303,-0.0214729749116109,0.0705239960823809,-0.946750417092043,1.07239118934922,-0.585036637392952,-1.26195141755151,0.98225674073595,0.911474297903169,0.623901635597737,-0.147798749208535,0.000949719829358653,1.33505402241655,0.00000624945987603986,-0.669104632929659,0,0.9578697634322,0,-0.0738297164685603,0.53460252073536,0.452332397535836,0.00000000223460605575099,0.764543417397054,0.0000164920305383287
95.6545,30.6335,0.38284722430081,0.656944712455759,-0.835331010920644,0.289199410658613,-0.0730002005524726,-1.45903639796763,0.669500357711369,0.366357311535981,1.20334442565119,-0.389076139733136,0.00000124801884626713,1.08000910564637,0.000000000103492325820298,-0.565558412700845,0.000000000000135447209004269,0.970866364805017,0,-0.226698922764944,0.316362331033993,1.05491560793377,0.00000104386098476184,0.901619957923844,0.00000000489636686751282
87.0656,30.6337,0.209869281051277,0.0817847002006085,0.636386432928275,-0.26493003007235,0.178120911815415,1.10682915611011,-0.30187216701829,0.473168112416379,-1.15502321526427,-0.522562394914801,,0.892841324931589,,,,0.602986066280812,,,,0.415866902123468,,,
93.4578,30.6341,-0.494012182972472,-0.282825502858807,-1.36915435600404,0.813957064129118,-0.447401499484188,-1.80441756965859,1.25767468565667,0.88035039781979,0.45441868731751,-0.155534169119733,0.000284706103303556,1.39486054900371,0.0000873190687207259,-0.647612614515094,0,0.956041316159016,0,0.0251970192705385,0.833724012925019,0.402339340942733,0.0000000203618235605774,0.7241186515098,0.00000763465648212502
94.2471,30.6634,0.0768496359698561,0.997101216113897,-1.25086185199988,0.984554544224482,-0.316534889374788,-1.70879520213791,1.34964386723585,0.385925492806942,2.18852053908354,-0.213120752296735,0.0000790423929069028,1.22996360789382,0.0000000307766365725826,-0.593293073382899,0,0.964816261548031,0,-0.00505935064724098,0.969498712006638,0.609874110697421,0.00000000390332788313685,0.85309572915363,0.0000000715527983530251
90.0967,30.6795,0.644440983053593,0.563879267325344,-0.0589749967119751,0.543453524541546,-0.0313263501434467,0.679243988053256,0.77146793478729,0.508188770213963,-0.807207696937022,-0.37362840327928,0.0000000140809033322142,1.00444657826923,0,-0.877328580616685,0,1.04129146503049,0,-0.975140681053519,0,0.697950606317638,0.0000748611865073467,-0.0579392995216055,0.915663600461874
86.5429,30.6928,0.0479807830342902,-0.162253447281056,0.707333224412711,-0.127820618324086,0.394144629451647,0.325261201169033,0.066533396238907,0.764168589831321,-0.0977104259819457,-0.514756088662036,,0.895241000955567,,,,0.68671606377871,,,,0.361414654818779,,,
92.3489,30.6991,0.840004872844681,0.850024588321209,-0.395777630516745,0.713899050363784,-0.312513468305863,-0.654544498608811,0.859360262835603,0.719523419145385,-0.161745488986619,-0.195883723477829,0.000043924903248227,1.2786532250727,0.00000000815696132860921,-0.705197256225779,0,0.96883370504706,0,-0.106763951195695,0.403132957635616,0.513125036063113,0.000000000500792296520558,0.923148086362462,0.000129301945196669
102.643,30.6996,1.00722601887802,0.86677950244921,-0.539829740611871,2.94978625204739,1.41156618244797,-1.55578597128244,0.88484817589778,-1.55206286431085,1.2507328766572,-0.308362780721413,0.000956241956218795,0.720789621738184,0.0000031749362379152,0.0925887698743028,0.182824830105092,0.857123621888713,0,0.199481928989736,0.356100651196227,0.448990861209442,0.101447067925806,1.23548587291073,0.000106699391944298
79.0862,30.7049,0.548262620372454,0.125289782112832,-1.43255438640793,1.97919232650251,1.17765350907591,-2.54466338601311,1.34574243672836,-0.878947245707939,1.80539225491021,-0.447178776276699,,1.18800417695114,,-0.953261047622931,,0.998276104205584,,-0.772372831644069,,0.550062794719589,,0.651416040883407,
86.6617,30.7109,-0.293662216976949,-0.522294157067346,1.19057179017997,-0.237083445378966,0.5977767993604,0.987861168206645,-0.7476217672482,0.221673465758649,-1.15305588889731,-0.513236891985087,,0.901737359095718,,,,0.665610578475731,,,,0.351745439861679,,,
96.9005,30.7158,0.858793895866815,0.795931175949967,0.468420364233845,0.563408421833574,0.487531387604682,-0.287250072110961,0.985725146951138,-0.0850043114361223,-0.923294056050017,-0.363204394603687,0.000038519100789447,1.07484181784604,0.0000003411517044416,-0.54482633005612,0.00000000000042410519540681,0.965342213258559,0,-0.307371124434821,0.645517954351684,1.19556184659693,0.0504772140134759,0.964948228188318,0.0000012079269071652
81.6919,30.7166,-0.204158146177078,-0.275668687409361,1.23188550100268,-0.772602086829853,-0.188627893226025,0.71705358840654,-0.569007760644751,0.444757744711983,-0.398877637964095,-0.499995466751751,,1.08707599455684,,-0.949938404056908,,1.06385643205833,,-0.754855825829514,,0.482478269392875,,1.64125324660331,
85.5244,30.7226,0.0603095130419403,-0.0731210646809377,-0.0106965228176014,-0.488693466157133,0.279225438009404,0.714142940946043,-0.0971306680118404,1.30796109074996,-0.693093909064999,-0.588448656875973,0.000000000000000444089209850063,0.934132357347707,0,-0.795802587883756,0,0.61559156446359,0.00820482448946502,0.208826944579003,0.0215515919742206,0.112979265321872,0.199307025709621,1.19596867546442,0.00000357819579677177
91.0073,30.7236,1.17415343226158,0.923429527445731,0.156487802595837,0.630556771273247,-0.401031358740352,0.204279408801321,1.02711118318583,0.492910126917469,-0.975128520604633,-0.215309123560013,0.0000152904297456846,1.22320850535957,0.00000000000170863323489812,-0.753571084785914,0,1.01498274178699,0,-0.370029550919369,0.00175686027232436,0.503558783743652,0.00000000094828989105622,1.08608522721681,0.000180209081048099
92.2981,30.7256,0.24931181183969,0.435818196889174,-0.639647720000144,0.705154280831348,-0.346874708983897,-0.689180318833462,1.0331221265175,0.910235560521793,0.239920948441026,-0.200301376509134,0.0000327533200914498,1.27370539548261,0.00000000441750436230848,-0.706798331708058,0,0.968855417784432,0,-0.110797677591993,0.384719362256099,0.517686143021509,0.000000000416002343683886,0.9303246878937,0.000120280518965288
79.7686,30.7268,-0.358568678218619,-0.208570189223859,-1.79066803478381,-0.154743257005239,-0.407539925743851,-2.18668152370344,1.579871758152,0.369015436951556,2.44243278470442,-0.504145511109718,,1.07713381832714,,-0.960145079224056,,1.0135042842764,,-1.80417744083592,,1.52802868276722,,-2.92902307070394,
82.3141,30.7325,-0.575342996112153,-0.504293043125591,-0.967900120091555,-0.605911590480612,-1.05364012298572,-0.653216169273538,-0.123996652075086,1.65582617510743,0.0787069815515728,-0.531509610238222,,1.07647487224965,,-0.935420850587294,,1.06912276973629,,-0.784222231054988,,0.539281531550808,,1.15359638766886,
82.4964,30.7381,-0.765101101322553,-0.78116797746736,-0.521315828517103,-0.557304672603403,-1.13269111561129,0.240001365737632,-0.598094237357593,1.39348849937591,0.389928112525055,-0.532236806777808,,1.06280332024907,,-0.936208852379097,,1.06538583359235,,-0.85849525443881,,0.620222827542624,,1.25939098256007,
88.6843,30.7437,0.056450472865815,0.0450533840681961,0.333123686544539,0.366626408707794,0.141732624898629,0.446737212268648,0.203355722474639,0.591008076345036,-0.931199153807917,,,,,,,0.994896588242489,,,,,,,
100.021,30.7468,1.76222234866541,1.9576240570968,-0.563126612625129,1.39097804799768,0.513693915033485,-1.13685809568454,0.760864527837187,-0.544345590893232,0.878789909906932,0.196249050150176,,0.53805649834308,,,,1.02518957154414,,,,0.971750138059672,,,
87.4894,30.7471,0.183766063884255,0.0105438295715165,0.801661730201134,-0.124098320175655,0.142126128096346,0.625822008235176,0.438978458291322,0.669549064326728,-1.15561598324863,-0.546378382137063,,0.91663197836424,,,,0.304729527205699,,,,5.36669655921417,,,
79.3214,30.7522,-1.1312343886202,-1.07372303572019,-1.85633053136056,1.00937865346826,-0.852709957613574,-1.64419183228507,1.17036308383058,0.722429500336685,2.21548787567584,-0.475789557378684,,1.15826499163002,,-0.957435604948078,,0.998589946563422,,-0.826433290237691,,0.582158710909491,,0.683756971388934,
82.5106,30.757,-0.892536148857836,-0.892173863909583,-0.739504671605711,-0.549827627868789,-1.16229032962912,0.199483401722025,-0.531935888710105,1.4700403802144,0.360564679152756,-0.532547978004371,,1.06266463045846,,-0.936387439139686,,1.06653532205564,,-0.857400759512672,,0.616885020988459,,1.25975280473187,
85.8523,30.7581,-0.501809977058428,-0.488715460456652,0.57406326869834,-0.460636977439574,0.661300934980876,0.933638763970615,-0.793975665623199,0.401558481934353,-0.112294519406197,-0.56672027316023,0.000000000000000222044604925031,0.928810818658116,0,-0.742544752261025,0,0.653940316371712,0.000537044004117249,0.213137461047545,0.0187254356803861,0.139427838763629,0.124978239115696,1.1405139125675,0.0000000699187712172034
88.0268,30.7744,0.238239088812654,0.113645785999983,0.254959580374502,0.0922548461249686,0.174668727405293,0.906220215890688,0.310643810452227,0.541878210343279,-0.955385347949119,-0.512170977551339,0.00000000000327649019027376,0.958177519290089,0,-0.860902846057499,0,1.06218281795452,0,-0.862232347828536,0.000000762284578348371,0.168864344493271,0.698453920424635,-1.30235304120456,0.704082847187099
94.5169,30.7805,-0.621613344011033,-0.617957166491911,-1.72243876889624,0.632553665592711,-0.410665221143297,-1.33110380145032,1.07950135068483,1.06650918157993,0.470257838037265,-0.172965518496409,0.000612541094236585,1.24949335716711,0.000000108918292163196,-0.590431006422163,0,0.966205894667221,0,0.0243069670006377,0.869968752301064,0.639486457961105,0.0000000144135394730682,0.870302671787439,0.000000098372926915502
80.8262,30.7811,-0.866732813464701,-0.807163188277417,1.87098607467924,-0.961463346855118,0.109407818644083,0.552757678853484,-1.17044064987141,0.271887988085457,-0.782923379754027,-0.540767947024643,0.00000000590447513104664,1.03419191937775,0.0000000000000457411886145564,-0.955215508831331,0,1.01561244880409,0,-1.46144064493649,0.000000723234017119267,1.46211754712274,0.000549553283111015,0.564561129889024,0.0244303503055079
97.3628,30.7829,0.582302723899567,0.863469748950464,0.812779172619334,0.988765929549839,1.26440767576168,0.350079494888629,0.430498402025268,-1.18525229942093,1.32670709116879,-0.335795519233572,0.000330125033962236,1.06047424457335,0.00000712342099840058,-0.501940711303098,0.00000000000938316091492197,0.95895232442704,0,-1.4651651901751,0.801054653238623,2.35435734847933,0.680958511155717,1.0003540774463,0.0000101290582941171
84.7811,30.7921,-1.10193166226867,-1.16930757621663,-0.483205306314398,-0.721566312778859,0.459953952832521,0.995897235945994,-0.966985675913359,0.243246975180909,-1.26636511083103,-0.639548733409058,0.000000000000000222044604925031,0.940832929569447,0,-0.836217262169685,0,1.49843589572901,0.00644661938631352,-0.580950323333414,0.136123822776605,0.381801120610979,0.176808539632997,2.77271869084279,0.619881663554063
84.9195,30.7959,-0.870333672379215,-0.797903435857113,0.499817553443452,-0.714424168408313,0.602712851348306,0.883711780310075,-1.32752474346914,0.286713061831433,-1.00209883516993,-0.628532588288559,,0.927726223850871,,,,0.156826469780744,,,,6.49059173277328,,,
96.2938,30.796,0.392561759068921,0.870895304348381,-0.687148476310402,0.333380484516513,0.750675897130375,-1.48903597814453,0.851599526968521,-0.0473586676063486,1.57680435971862,-0.371849869041181,0.00000782174954561121,1.07813270862657,0.0000000147426812979745,-0.544577191497744,0.00000000000049826809345177,0.969363892822482,0,-0.259949358023332,0.367465190695624,1.10828411951974,0.0000484196421506322,0.926155275590353,0.00000014137648962631
80.2162,30.8015,-0.393737602585911,-0.330838250465901,-0.0589742863561687,-1.09392523202849,-0.564036102764909,-0.923995548284548,0.643544361589989,0.978511322729691,0.563512609767228,-0.534491590252635,0.0000000489534317527074,1.04343127880446,0.00000000000635713703900365,-0.957410927510749,0,1.01300466960994,0,-1.38560686290276,0.000393029884531382,1.34917299981169,0.0118107804446457,0.595561549655193,0.0678945830917252
92.9397,30.8207,0.407595920348548,0.449811287242619,-1.02255620334838,0.820874997915872,-0.635338456481225,-1.34334812390947,1.16788125589178,0.958193961165193,-0.0251104119468211,-0.139591412826924,0.000979768850061236,1.33634218907126,0.00000144274945790279,-0.68704986617543,0,0.964441240663252,0,-0.100037068679611,0.381676629595835,0.470735581854189,0.000000000192163840395665,0.781600810129267,0.00000831484492125334
87.4692,30.8291,-0.000205345679344083,-0.158546532770005,0.30095325956823,-0.271615418803711,0.111656298880897,0.857531949407211,-0.104786845516238,0.835573205409197,-0.776690880293754,-0.541567556689718,,0.923848551789837,,,,0.208544167713883,,,,2.25918501716601,,,
85.3759,30.8436,-0.211300306584013,-0.310502632236063,0.964980867740788,-0.551774321301242,0.603720221314425,0.687927917796998,-0.703452884542219,0.625342398842724,-0.151076623651626,-0.598301608610641,,0.936333235813516,,,,0.681521543187143,,,,16.5715271339743,,,
101.687,30.8481,0.971806427893933,0.968589336636113,-1.52232284595016,2.45347644509321,1.30561704899754,-2.08995533387622,1.42718896424985,-0.167502806462239,0.910472287469788,-0.332327814182567,0.0373603424619255,0.91157898003838,0.0156076986375113,0.110458988970483,0.145259330922543,0.842245286661345,0,0.0220436179516472,0.938846328254612,0.708875783383156,0.0985254785481631,1.11298887785815,0.0172566615632357
96.2713,30.8514,0.625604037618802,1.11422198172243,0.0479024238410776,0.41120949534427,0.826029888146805,-0.612453550849696,0.723142385338791,-1.00404598699048,1.76961249960144,-0.38461619292434,0.00000706424252139293,1.07261370518408,0.0000000197634089094123,-0.536710256855446,0.00000000000109934283898383,0.971328904373353,0,-0.325889595947658,0.290250863842739,1.16414078422681,0.0000741673171813506,0.915930951687468,0.000000185177331690767
97.5766,30.8662,1.4565736684699,1.29831376539139,0.0800424168727129,0.481591984337979,0.768699940194697,-0.658219522646888,0.750199174506986,-0.31370246190066,0.483896645968337,-0.32447976257727,0.000193584415830061,1.08408180053851,0.00000690481506171459,-0.483513792039299,0.0000000000116398002347751,0.959983042880596,0,-0.228262219628297,0.884300630287662,1.12607325374968,0.462397323616743,1.01758955030276,0.00000719242056379521
101.712,30.8665,1.70362020626689,1.87931456160445,-0.983723233477037,2.4665315429641,1.38341004309276,-1.95294188742868,0.958165050611374,-0.873675771397775,0.970226220367546,-0.332327814182567,0.0373603424619255,0.91157898003838,0.0156076986375113,0.110458988970483,0.145259330922543,0.842245286661345,0,0.0220436179516472,0.938846328254612,0.708875783383156,0.0985254785481631,1.11298887785815,0.0172566615632357
87.1568,30.869,-0.565446297618492,-0.608094818810482,1.1010215590475,-0.432933765714366,0.438179442324879,1.34851936245597,-1.24862969736577,0.340007827610771,-1.30918746673321,-0.513368432430461,,0.906639948328123,,,,0.554729880068313,,,,3.37107881722998,,,
92.4007,30.8858,0.326128556900639,0.348407036141334,-0.910944515295827,1.2219441480297,-0.520659559634053,-0.914683535175254,1.37313104475413,1.12260566593259,0.26141871665795,-0.181608995080571,0.000107548577424899,1.29021842682922,0.0000000730625777656257,-0.692104697366957,0,0.970268658693445,0,-0.1248103758892,0.313305950680685,0.508444764825603,0.000000000180707004915348,0.901705840410541,0.000239278929923925
92.9743,30.911,-0.466666769783886,-0.245609827629418,-0.798211155809053,0.952613744333518,-0.708258684419092,-1.02820854523342,1.72564440154216,1.0934205594099,0.345477940845034,-0.141859453374853,0.000834447210855904,1.33606377822956,0.00000136809527662152,-0.687689200161578,0,0.963659673508219,0,-0.0960375815136332,0.400000668649551,0.467707281793809,0.000000000199071426010278,0.781017243755217,0.0000101046955218731
91.2196,30.9182,1.2720733836625,1.0824102749836,-0.0299224150179079,0.644089093165795,0.0616914265545842,-0.356031028387916,1.06833355856536,0.555250704393001,-0.852577311031988,-0.204313278966725,0.0000220577246263787,1.2330188187375,0.00000000000188360438357904,-0.743971103441937,0,0.998289507067545,0,-0.28372757038382,0.0263153495471793,0.568735995736214,0.0000000000845299386043052,1.08031311705574,0.000122876294007535
94.4435,30.9209,-0.587177677304185,-0.376473421872401,-1.94633981068467,0.564136291094789,-0.552500831498637,-1.2656740733158,1.93766812723119,0.924352213443774,0.559904405713146,-0.238546971067854,0.0000150132051803809,1.20822829582657,0.000000000876965611240621,-0.609982683180072,0,0.962998127597766,0,-0.032735478678235,0.796050543040555,0.671361555685382,0.000000000143638656524558,0.879086956802445,0.0000000524913590371767
100.793,30.9248,1.65083774259117,1.69560083865392,-0.752079148088089,2.92141416855064,0.504855926101339,-1.54044570996274,0.972187154393214,-0.327065570995172,1.01966989201479,0.474241718165306,0.0000000000253292942176131,0.0481391296529279,0.496384714395925,-0.150388235971547,0.209479862819991,1.00674355606612,0,0.476883745688656,0.00280348248683571,0.505910521286467,0.223100741901478,3.8081785528981,0.39759970065215
83.3277,30.9264,-0.335242670462522,-0.518334081679675,0.853612036366748,-0.655545897423118,-0.672593135935466,1.05136822727896,-0.85453836461113,0.73887357868961,-1.18966888036421,-0.689516224327851,,0.885840419512087,,-0.889213636791039,,0.0658180897657344,,64.9230801778447,,-48.95858410557,,0.754773411781687,
91.0348,30.9297,0.251228197800972,0.0310041755891118,0.499646259652168,0.418681759540161,0.164385729407987,0.0852981607484853,0.109537013781607,0.527966188931808,-0.65072221996078,-0.196866355671022,0.0000157913372800245,1.2755198412062,0.000000000182733383979894,-0.739389468359798,0,1.01112153427735,0,-0.318375876199307,0.00590861327353798,0.459350425278272,0.000000000457700544131967,1.0754879474173,0.000773888546978574
98.0853,30.9316,1.84892616282416,1.75010958253642,-0.153431367597014,1.85045726012364,0.627775822812421,-1.52452252883003,1.10474688504014,0.0259191559889769,0.0429611064500465,-0.28998403094949,0.000271931410005921,1.13959355085156,0.000078065526339488,-0.433767643397311,0.000000000334141159186174,0.946250243791643,0,1.03901507361233,0.73283943575309,-0.258828106794161,0.933240444426682,1.01757632770105,0.0000161837328616077
87.9682,30.9404,0.195957774472332,0.0438603502682248,0.558121014244537,-0.15997362937008,0.28419116533227,1.15915845048272,-0.0505133992721464,0.480515941849545,-1.26803585144169,-0.516648782877479,0.00000000000160871316268185,0.957372174159922,0,-0.852417068849664,0,1.06166757297542,0,-0.828781550299717,0.00167278232001777,0.0437713185430399,0.950349529664434,-3.44102386432041,0.807479563837542
95.9481,30.9418,0.79144294277777,1.3736568911754,0.354817045893083,0.518140076613812,0.431706109943179,-0.443346377008305,0.622070985512964,-1.0861005200685,1.54402710079272,-0.370877904581155,0.00000298724126390759,1.07831100903127,0.000000000382048392921774,-0.536380221172789,0.000000000000814903700074865,0.969588305153895,0,-0.281312333193358,0.29659709430305,1.10979693375156,0.0000116262513039089,0.926520316979427,0.0000000111600975127857
100.761,30.9434,1.291159368801,1.43717518009474,-0.815707206243396,2.84474311592557,0.509924416061959,-1.64144465691053,0.907229821916726,-0.132466568908137,0.959180166592385,0.481098302776606,0.0000000000170670144683527,0.0227178786546726,0.748072517664305,-0.130280567775388,0.352621067993311,0.998458001491543,0,0.540357705942547,0.0156906224788231,0.743105367112197,0.343443628234471,6.1802905167416,0.645704217547234
100.147,30.9446,1.69941531192363,2.14674254686559,-0.522532787116452,1.71557022953358,1.10128909068428,-1.1823316529483,0.909976775811396,-0.800405959783358,0.892989750290375,0.183931980257211,,0.434754458648294,,0.245751742964634,,1.0342852515504,,-0.241536481547914,,0.507072346551007,,-2.0478777752093,
89.045,30.9621,0.0995478468710746,-0.131681311902314,-0.0264211423328065,0.0786607680361195,0.289840600439437,0.547215352606364,-0.27854131348808,0.633000377381886,-0.291165214547922,-0.259535554704373,,0.836497341820208,,,,1.01052040685354,,,,93.7096543824688,,,
80.2045,30.9715,-0.710827875445456,-0.663257130887226,1.89653073843387,-1.24487738026932,0.0496215414616906,0.0881920494894862,-1.10323048700588,0.144017642255922,-0.645611174355803,-0.513665496583309,0.0000000248890084098008,1.04516063279115,0.000000000000714539538648751,-0.952497698983155,0,1.00927025107529,0,-1.41692958146647,0.0000017492714183831,1.57258853348364,0.000521258011513481,0.59289694745812,0.00264342344554591
85.3534,30.9765,-1.38187483428147,-1.45528498839944,-0.818569590370807,-0.552280802737761,1.0409563152058,0.994264769030038,0.956886401172503,0.208660644854322,-1.31565343926307,-0.623447424418245,,0.932702590973553,,,,0.669591144207521,,,,19.7320382675171,,,
87.7184,30.9785,-0.0995968200079278,-0.176790213806522,0.738881085893718,-0.394297759109273,0.373496436883648,0.428310068826891,-0.405570716415652,0.737091717807528,-0.457428638039013,-0.545468935503369,,0.928448521070785,,,,0.212047071745778,,,,2.04265434746422,,,
92.0548,30.9786,1.06546866821107,1.26633643704425,-0.383472247545206,1.45835463104554,-0.28911459094247,-0.119463903456359,0.734027138727598,0.723523097708127,-0.648313545167009,-0.220982963260451,0.00000571814714311891,1.25059676845168,0.0000000000768778374293788,-0.720196984118639,0,0.971723101494838,0,-0.176504979550821,0.135636848482602,0.52078300349195,0.000000000032630564916758,0.96059546214475,0.000134593985851028
79.1363,31.0048,-1.75344018376747,-1.41028368856661,-2.22209688121922,-0.404084450337145,-1.26911322070801,-0.770718835330325,0.849621537606612,1.99429897187878,1.7794539637999,-0.446148557892648,,1.16547382899001,,-0.941498641170414,,0.998384234669285,,-0.803184070108285,,0.581218474492496,,0.671761279755754,
84.3993,31.0106,-0.356678709592418,-0.349883349029824,0.40908019566335,-0.811449719779851,-0.0479539537729337,0.467436379127352,-0.682921087526685,1.20457653030779,-0.143229117157029,-0.581887528941121,,0.924458460298633,,,,0.114657947984578,,,,1.779958071244,,,
78.752,31.0111,1.3322249704206,1.7945883230566,-0.596361678032504,0.926231820186924,0.461206702626311,-1.44088381391572,0.9595737446516,-0.937671486272428,2.1441694954001,-0.435048478359881,0.0000481915517145382,1.14260979750017,0.0000416844210768819,-0.934277263728892,0,0.997579849144838,0,-0.879432475502159,0.000000111064621499679,0.637941424222491,0.00320050275782324,0.673113769744102,0.0000452914669730742
101.692,31.0249,1.91328277427249,2.31696300300886,-0.677097733092551,2.5528666143394,1.27769345786396,-1.99805849612912,1.29569058332134,-0.858415769757612,1.39842307075232,-0.347987935422273,0.0321465053068242,0.89110520762953,0.0135806995412751,0.104292566467985,0.121061968979177,0.840211950488311,0,0.0590067206759813,0.732448081419991,0.656392355169876,0.0524008189635758,1.26752401476863,0.0156388445889872
92.5205,31.0311,0.58245818692558,0.41134372894496,-1.09100470697118,1.46273792013682,-0.53978466152676,-1.07811150782257,1.08727533837881,1.05762321995676,0.0058358627223301,-0.170585262778132,0.000113697336254326,1.31010692599678,0.0000000684164707109858,-0.693938986121778,0,0.972245735461481,0,-0.159255523267782,0.162455216980399,0.487335735723464,0.0000000000212574402524979,0.842300152487588,0.000212569005237029
88.0124,31.0317,0.0641951055958383,-0.0764604980998732,0.113289849836778,-0.270281556555209,0.0457438095337535,0.455964612439878,-0.196973711232817,1.00937470372931,-0.257584089761898,-0.500477093924709,,0.949100050559628,,,,0.180300795084723,,,,1.48227955675743,,,
98.3103,31.0363,1.61214479403509,1.88118421104589,-0.14255142049693,1.76780562330563,0.975787564197879,-1.49879946381358,1.16253499305791,-0.14603105116685,0.153307770738096,0.164019734944865,,0.499806826379634,,,,1.04224957491459,,,,1.15506455171249,,,
81.2486,31.0373,-0.710080724840011,-0.643051421199586,-0.347668187423952,-0.794862124117561,-0.60749357945466,0.0655071077930338,-0.704984443166176,1.11829644191969,0.946881720618072,-0.529315174747747,0.00000000103730068978791,1.01237762346725,0,-0.955275585212809,0,1.02366231589473,0,-1.5702870290182,0.00000186626566978099,1.4318668008797,0.000654564987507822,0.583067543298946,0.170070571157243
85.2309,31.0487,-0.450562794184897,-0.561108486593003,1.24439757661631,-0.642985761269772,0.730846716088147,1.28549382217642,-1.1926965306281,0.255428571683101,-1.28380689547687,-0.630059039137918,,0.907018410613806,,,,0.16588011016758,,,,0.0503915259648008,,,
91.0103,31.0658,0.65293038820817,0.519879545599526,0.0388045460592766,0.420683217096281,0.0835815223736763,-0.277944146069531,0.561219862292613,0.657469420874508,-0.630878457830664,-0.172259188681587,0.0000567127471269302,1.31439127524167,0.00000000674460487459783,-0.738326559196146,0,1.01370339858669,0,-0.334275596173102,0.00243669998829588,0.408022236858611,0.000000000695079549473121,1.02661970325797,0.00126421338266769
80.0512,31.0949,-0.451473869577592,-0.426505697678522,1.67657312634737,-1.17598834912471,0.309801084633393,0.236878137047904,-1.11857279416053,0.0973522728435222,-0.808815059662181,-0.479035224652222,0.000000149189645970438,1.03340193562759,0.000000000000809796674161589,-0.955964273186747,0,1.01359955996282,0,-1.49651081930557,0.00000924101182286918,1.48697299788153,0.00151515284660331,0.600929721158729,0.018636448210642
101.436,31.0956,0.629299893834493,0.878582093332749,-0.842403781401152,2.47430226118636,0.761429367614754,-1.62024904271879,0.673883426771631,-0.287890373841368,1.37646287838154,-0.328006290981786,0.0595632568419218,0.93432876424717,0.0372434244857691,0.128698797260285,0.136684704394952,0.843805085170002,0,-0.645382560123971,0.993762510040192,1.3302145410447,0.986213064938326,0.932454364015958,0.0377372445722763
101.768,31.1061,1.23725737203115,1.23372530535855,-1.50348132969353,2.53532111027042,1.10825274182053,-2.00954698796786,1.35826438668502,-0.259530023215876,1.70551629666086,-0.329362843878571,,0.845301043565667,,0.131823565022782,,0.843721872039176,,-256.991209255226,,222.376694165736,,0.862414551882022,
90.8998,31.1107,0.780682115418917,0.652405891511482,-0.0590883545681132,0.301769199095119,0.163665948447369,-0.562902667775983,0.919803348407962,0.657636925827814,-0.704242438471772,-0.206688186880951,0.0000025762376223426,1.31093343118102,0.0000000021082111612003,-0.733921627874851,0,1.01566823215164,0,-0.281797010986556,0.0167783066121652,0.391704701527622,0.00000000183910531248443,1.21700031229693,0.0163645983633189
83.3351,31.1152,0.0463805649531293,-0.212855975882211,0.946999032767299,-0.718176515743091,-0.269528710813302,0.997358076828515,-0.4562756826245,0.535086357234518,-1.13085303315708,-0.581425305772997,,0.946638469336871,,,,0.0834481078624952,,,,5.60836210906317,,,
96.8413,31.123,1.64942748299072,1.80481668505742,-0.237294663641427,0.921835566278886,0.710702369422202,-0.887148704638316,0.63896477841207,-0.532278530066604,0.210296411732683,-0.301272384292571,0.0000100866146004464,1.13252950673776,0.0000000582031363105528,-0.511204853734655,0.000000000000346611628287974,0.963129061139678,0,0.0494996032854436,0.857193475936343,0.819677518471716,0.000968362122362176,0.987627278364829,0.000000151159643690946
88.9097,31.124,-0.314320073425788,-0.372577451781802,-0.00295629607705215,0.0194243309762921,0.281732438530999,0.63437191024982,-0.677695001112961,0.332260273701991,-0.842265761843214,-0.425310026139106,0.000000000175169656557728,0.977615947194678,0,-0.928469387036475,0,1.04131769813355,0,-0.692964544356138,0.0169779051328016,-0.0560207038453185,0.925594972321385,1.38544528596375,0.0456349089806067
81.543,31.1302,-0.5027562177163,-0.499955369793407,-0.880350318804245,-0.787366901105555,-1.25110522883107,-0.442987612760377,0.668496874539368,1.56459326977928,0.263113087003122,-0.484261770411348,,1.07316178515836,,-0.94756156518198,,1.0687720443354,,-0.828327440691126,,0.532669381273613,,1.29378559054116,
81.0755,31.1324,-0.494559832425795,-0.4321993299951,0.00522258761979119,-0.877350678740291,-0.589235096688942,0.185009514783596,-0.472190537598898,1.08071305625528,0.504277642537537,-0.524443427448348,0.00000000111314579775978,1.02556797587824,0.000000000000000222044604925031,-0.955896844428257,0,1.01530949334721,0,-1.49591095725834,0.00000310111293355675,1.43501843542202,0.000778552234493635,0.616501596536099,0.0410845597552065
100.127,31.1348,0.978237979660335,0.949228580336898,-0.712212937207408,2.1650735347517,0.402670830419258,-1.8215124156125,0.884285297396546,0.012053536355702,0.443807951683211,,,,,,,1.04295158757247,,,,,,,
102.343,31.1413,2.25281489977366,2.06519677644578,-0.77050437613884,1.79027694357597,1.19911794589499,-1.89528263355449,0.911788015793999,-0.823701324133149,1.03726741711092,-0.349587952228791,0.00136788373531371,0.72042845110796,0.000101611191704931,0.109748457926732,0.139984377477942,0.862126146954106,0,0.339407847002968,0.280971182291337,0.350430843212234,0.340696016142554,1.16052648973952,0.000630084263983477
101.884,31.1486,2.69632778715457,2.62907394276199,-0.32362282055594,2.17067493447372,1.30533503513502,-1.34417879194373,1.15867529302926,-2.07393754672343,2.51416478723306,-0.402154579259002,,0.814286035822917,,-0.000479202204386577,,0.843342733717732,,-0.00176615228287386,,0.742549975013123,,0.00781881528086013,
86.4395,31.149,-0.281566893425858,-0.420061156157975,0.825695045282002,-0.341867428052168,0.554143187242959,1.04145536382101,-0.960707364949462,0.34677064442479,-1.04832340281411,-0.557152381361668,0.000000000000000666133814775094,0.926643299975068,0,-0.668964173021419,0,0.326361679266957,0.709089876628803,0.07778975030895,0.00987818923171213,0.0260918440564402,0.212006080162566,2.16819439792342,0.0548751447786646
89.8372,31.1492,0.344659398028265,0.104265384899072,-0.0392971854301012,0.303570490157305,0.211897002309993,1.02795901136355,0.40526874911639,0.379595727681526,-1.23614978922106,-0.243788699809934,,0.871095906632041,,,,0.998120094518167,,,,638.456714815208,,,
81.2304,31.1529,-0.828394629617284,-0.87792133316265,-1.46354659026624,-0.806856471057422,-1.12140184037423,-1.03231274300823,-0.249392153048145,1.61088013794967,0.0821810328699321,-0.523773075838702,0.00000000107931241721815,1.02317493839777,0.000000000000000222044604925031,-0.95628689198646,0,1.01632932938376,0,-1.49817997955555,0.00000108731533532413,1.42706302613096,0.000454582650696089,0.625242333410823,0.0289790131259708
91.2206,31.1556,-0.236266928763515,-0.179742486426062,-0.674261374538525,0.638196812659844,0.288544270001187,0.0684758883904215,0.748589017286993,0.29213539313786,-1.16514561025743,-0.157029560017151,0.000180371532737977,1.30866229739762,0.0000000034131395487691,-0.741578857356232,0,1.00087672978859,0,-0.276751028579141,0.0184018460032844,0.453617416066026,0.000000000190850002468324,1.0058772190076,0.000406328482979612
89.321,31.1565,0.0538761963943351,-0.124501138578512,0.307618967450149,0.186903058094955,0.280191120978069,0.85741752543314,-0.155193968858018,0.520404225992954,-0.906584106543657,-0.225292578258873,,0.849581134277928,,,,1.00503148214775,,,,112.2757056622,,,
95.0676,31.1609,1.86675795325809,2.27150152826085,-0.22757301368642,0.831642648523581,0.750472140828096,-0.774962442000651,0.592330760772661,-0.77752652371848,1.40775503170396,-0.372832425438842,0.000000201279876321792,1.09361055125566,0.00000000000125299770559195,-0.515801715509552,0.000000000000740518757424979,0.969595176885565,0,-0.169807757302954,0.163733069136373,0.98679303726761,0.00000000000197397653778353,0.890425367864769,0.00000000400318467264071
94.1576,31.1681,1.83217326631237,2.2147307250934,-0.222992440494203,0.696018315008899,0.0492025168516806,-0.840028498434801,0.874509252539406,-0.0428211370807294,1.12689823743629,-0.250469381413505,0.00000244454414377593,1.22089587487592,0.000000000457804683051677,-0.611811231603274,0,0.967688739774331,0,-0.0459916087385418,0.680829718525664,0.637647940447359,0.00000000000635558272676917,0.842574649227739,0.000000122899228793827
80.1845,31.1693,-0.690081203949003,-0.68819632134845,2.19897532620642,-1.02245810675277,0.372358845815803,0.971887119588493,-1.4637288083251,-0.313966848346964,0.0788767968373612,-0.47495287223138,0.000000113764946574335,1.02908487880126,0.000000000000181188397618826,-0.955119939149516,0,1.01333346791561,0,-1.53257226190183,0.000000978662758832627,1.53267391449334,0.000435615605323125,0.602343297853186,0.0105490497529488
85.8493,31.1724,-0.370479561286175,-0.476960235721363,1.212057497599,-0.343044370528046,0.648463438706936,0.866451639492011,-1.11949271541381,0.396029572612961,-1.17276937664048,-0.538975719533681,0.000000000000000666133814775094,0.929018003461449,0,-0.725380197626187,0,0.625579701136127,0.00273180719161026,0.228765126862817,0.00479615939736711,0.102497987549669,0.16939095246087,1.39405941488663,0.0000581910272801078
101.375,31.1746,0.550347497954011,0.641391801857067,-1.21423583100573,2.62528813454501,0.516305595871306,-1.93148998589949,0.993812212207753,0.195208528093891,0.245572777598151,-0.321407997012174,0.0749575876469972,0.903309080234805,0.0488753820572787,0.116215918464257,0.0992994142143118,0.840859780422452,0,0.10741399556857,0.712681158294144,0.606935358634153,0.17684990140197,1.15322999655521,0.0507311973167506
91.9711,31.1774,1.65420615303401,1.6829696119648,-0.111359707433636,1.12533898951059,0.0844787797090541,-0.0177575703928219,0.9974478636418,0.361198367378841,-1.14820484056177,-0.224723350418902,0.00000302379253325213,1.25216599221747,0.0000000000581032999491526,-0.733326478245363,0,0.974761016260897,0,-0.214062239935122,0.0666215652190074,0.524282294906863,0.00000000000932787180829564,0.97694617833999,0.000249956044849897
83.2788,31.1782,-0.286592768044743,-0.380731932505146,1.20481620235203,-0.826929208875187,0.042924796853031,0.761453121903813,-1.02119436259184,0.593546767862358,-0.656443871948218,-0.687230544354079,,0.883790905365437,,-0.890544361720655,,0.0501685008592641,,21.0112450778065,,-10.1905463520689,,0.488293633773238,
98.4548,31.1869,1.36072776351362,1.91078696818557,-0.709897093256705,2.04816100218813,0.85526679342804,-1.31595882701268,0.86130579433451,-0.30264663355178,0.817415152918928,0.0250403190847454,,0.0809032872103151,,,,1.02197140678491,,,,3.80952006607404,,,
90.3616,31.1913,0.241688139357237,0.120911385616722,0.27330755205241,0.523236421242448,0.300691143989734,0.21356422603743,0.487796507241027,0.510413161448829,-0.363156515282904,-0.36947184310103,0.00000000723049065065595,1.02719226067367,0,-0.870664488941885,0,1.0294197083243,0,-1.07037790975481,0.00000000000297206703692154,0.911624108173239,0.00611065947200373,-0.200162768610096,0.820028036929301
84.4282,31.2043,-0.396291804576579,-0.399048181042008,1.73232898024665,-0.927023874530675,0.826007428263216,1.02002213480009,-1.34580385405502,0.445564766872859,-0.30547773836259,-0.580320661306062,,0.924999013593164,,,,0.109635554289982,,,,9.5747376489654,,,
92.419,31.2098,0.966726694051292,1.18721084373303,-0.248392580500052,1.44762410830067,-0.17969685802147,-0.375110646418758,0.806478861567582,0.47403391548422,-0.22122609845494,-0.164390714445733,0.000119683283855032,1.309150031638,0.0000000221021434487767,-0.706494435739768,0,0.976123433650597,0,-0.167598621357723,0.155913589183241,0.494294340365456,0.00000000000731703586609456,0.955647702581817,0.00131343202507295
96.949,31.2145,1.99341109905292,2.17953474900023,0.00560604402108912,0.924428515660675,1.12123038561937,-0.584529948804711,0.591528352018255,-0.91411329101287,0.689791580533207,-0.282311273531469,0.0000144651470199708,1.15085509959214,0.000000174061818958293,-0.50501432948654,0.000000000000467847982577041,0.960648895812799,0,0.0749010910704793,0.742608732354582,0.773501168940473,0.000135322400320215,0.967023069834835,0.000000199662126387778
97.8859,31.2188,2.61561324008646,2.04523244082941,-0.0578316574768852,2.14353584651301,0.52685135534043,-0.947970639032348,1.37180295826194,-0.386306782837606,-0.244975846421234,-0.302887172790728,0.000221003018509469,1.10624336977345,0.0000198262776178737,-0.456191688524442,0.0000000000157447388460241,0.952123432733941,0,-0.380558685506167,0.798310151341066,1.22552672735824,0.414725580220494,1.05806920563996,0.0000106829818868892
97.9802,31.2249,2.16134056959966,1.87783818172208,0.0333011917891754,2.17474951477663,0.850236872817259,-0.875467785333089,1.26850127026593,-0.405243212638826,0.592465520504137,0.11892225017462,,0.573391064849261,,,,1.0124124479068,,,,1.18514754216137,,,
79.0597,31.2281,-0.53991140510555,-0.489221364708258,0.556588361338784,-0.928738355461191,-0.672799682300169,-0.385810923455567,0.112852836774498,0.325762874363256,1.84499460016694,-0.442700453333303,0.00000186208794850096,1.16812982289405,0.00000313667879936474,-0.940675616614379,0,0.999263355183389,0,-0.824038653257224,0.00000000824902102181113,0.608914535375156,0.00124693152246924,0.649358576282695,0.00000285944468947363
99.6554,31.2291,2.07665985576502,1.9750354632811,-0.292624554912486,1.61606445211821,0.544996705868638,-1.22795637361428,1.10534553970305,-0.118789333411004,0.0822755215144264,0.0186784128867608,,0.0503524662544942,,,,1.00191597591295,,,,3.64922615610329,,,
94.1729,31.2299,1.79556810999988,2.0324228081902,-0.225912342967963,0.737713993864396,0.091286216348367,-0.74478570942029,0.815088499605138,-0.252653333677582,1.26991103662005,-0.261951838410023,0.00000126485055362835,1.20916964249861,0.0000000000692528256962532,-0.605601524808586,0,0.967803622645568,0,-0.073471093494679,0.47981958025521,0.670095661673875,0.000000000000284439138908965,0.838466662885311,0.000000169317236231592
94.3959,31.2453,1.92717922064004,2.23156618664156,-0.248608948134883,0.689751285244194,0.430277992750969,-0.715970924725058,0.897027898564368,-0.481735440961235,0.755602742440999,-0.327055886478294,0.0000000705480076579335,1.15850990869312,0.00000000000138333788868295,-0.5958086251528,0,0.970739362376291,0,-0.144416915399857,0.118228721557923,0.786685088027603,0.000000000000007105427357601,0.820264354018965,0.0000000393465857673192
102.519,31.2586,2.04211831581053,2.62125659239782,-0.773065644194544,2.00202237354114,1.13472647637693,-1.82930215056665,0.623024842611468,-0.900657975310677,1.17308937542874,-0.376665419269068,0.000337746632217861,0.673080055151994,0.0000307443734706148,0.0514173233820222,0.343474492591354,0.870810726515393,0,0.195847050070397,0.37880194232194,0.425687666176068,0.220202284305981,1.52110250600721,0.000299251078604623
81.727,31.2587,-0.0321436081468189,-0.171996080754574,0.345290480794873,-0.897314480415362,-0.841733531463201,0.435845891796487,-0.388411094226703,1.17476707802869,-1.062977761658,-0.472689177896185,,1.08116017383203,,-0.948415765608243,,1.06679401401324,,-0.806308913178233,,0.517972725191448,,1.02855635283833,
97.3479,31.2688,2.08066111305357,1.70197505947179,-0.406055521172718,0.533293025915384,0.674489421972734,-1.59824400023895,1.04913879932462,0.237005949116102,0.168846175633569,-0.297148470492216,0.000016264661898191,1.15545177638184,0.0000014434886728143,-0.509110940582843,0.000000000000237809771874709,0.958179425149219,0,0.11516519604643,0.643373211301424,0.737618732400165,0.00101481097497147,0.997495400514762,0.0000013601036181754
102.432,31.2744,2.64033455603113,2.5435518079211,-0.58069190858482,1.79377862830882,1.03659605921051,-1.95361489435972,0.993582804050316,-0.94153205842168,1.17560639520783,-0.432189054393043,0.00232214623723781,0.703884269803594,0.00101820729314506,0.0605109042324089,0.258408476623145,0.854451260656121,0,0.179727588044722,0.323587831907572,0.440112015082963,0.15061737569394,1.55311458255477,0.00255559591052545
92.854,31.2782,-0.633118699037636,-0.394221373780061,-0.996614084322372,1.27063603182392,-0.427677423009118,-0.875692153880267,1.47283151262051,0.918877830855952,0.415552558905109,-0.137326524429434,0.000765503903955134,1.33898690411088,0.000000546705687609617,-0.693217600311571,0,0.965283591388774,0,-0.120489402190655,0.294048183218072,0.474146279614177,0.0000000000351709772417053,0.840954526355342,0.000066402435734636
93.2312,31.2828,0.0614195389001678,0.439224355503155,-0.803685025432213,1.16564990262217,-0.643774295786152,-0.873974833706103,1.23367066823673,0.697026065749017,0.234151064413367,-0.134308685912454,0.000809204827780352,1.34824691164851,0.00000057998138558446,-0.684208092037206,0,0.961674603659888,0,-0.0670141603204896,0.546156867568074,0.461413050814738,0.0000000000468109995210853,0.780036213789734,0.00000683734763118338
93.6018,31.2859,-0.956878454018928,-0.907488279827622,-1.72039486490685,1.15492969049,-0.748706874938842,-0.810584984990844,1.34435718876483,1.20059728616566,0.361847071652145,-0.111520857067151,0.00278032720031551,1.40754620596365,0.0000246801584595779,-0.67069334889586,0,0.962595542066154,0,-0.0543525651619507,0.631052917036998,0.44193587488041,0.000000000114569909115403,0.729299612483191,0.0000115291955657959
88.9085,31.2899,-0.333703812025578,-0.41898119373279,0.355891984680864,-0.0627618483261287,0.357352096197753,0.990492711446537,-1.02130747821241,0.490464044043053,-0.627472814902412,-0.42322140468277,0.000000000044942716215246,1.01870425396466,0,-0.928768854473028,0,1.03689854736534,0,-0.792067088614614,0.000000000000798916488520263,0.177243531892793,0.292829191409561,1.02227552671856,0.00251914815882404
93.9993,31.2926,1.34027376372959,1.29084164616487,-0.415129102045762,0.868715806231189,-0.225027057314722,-1.11333301606018,1.12964382776294,0.378073429079494,0.782385326339398,-0.206858468490536,0.0000167645388153836,1.27267920829049,0.0000000618988331702042,-0.623920436055633,0,0.96692526551094,0,-0.0769641667323411,0.479949856122081,0.581264654064186,0.00000000000470978811506484,0.793977197295647,0.00000156409380869249
81.0165,31.2996,-0.77818073621391,-0.657695667697604,-0.685473399958267,-0.780101933412522,-1.2138989663606,-0.157193491737438,-0.39067634248033,1.56351810328985,0.11030298395121,-0.505844727178142,0.00000000335752514679655,1.02709637432924,0.00000000000000333066907387547,-0.953492233440106,0,1.01308202258735,0,-1.49491296041077,0.000000116255427506928,1.49802254716002,0.000123748343982433,0.614556423096356,0.00714438414154261
87.3677,31.3088,0.194912511925293,-0.00170549314091062,0.037190174327613,0.137816740956012,-0.125382361898782,0.196131391996509,0.164228898549007,1.06762122656073,-0.178692921451382,-0.479778409800053,,0.912363697232779,,,,0.180148462257645,,,,3.31975798148391,,,
93.1879,31.3254,-0.207102266389721,-0.123606057886935,-1.56909797982692,1.1577100797061,-0.622009491004863,-0.870269187148607,1.25330193846487,0.865207289887264,0.682650039008389,-0.131622880806597,0.00085043453920175,1.35566020300594,0.000000824214635208875,-0.692234240407706,0,0.962629812688268,0,-0.0824587982656002,0.454883365804013,0.458625966506387,0.0000000000330946381410513,0.773060167611924,0.00000769274672207665
88.8502,31.3413,-0.0792336272968672,-0.117652009876426,0.32540671524621,-0.029453492437256,0.523172158531487,0.747295612415191,0.00145983183219894,0.426847237798647,-0.377505635062948,-0.428532617553058,0.0000000000297775137880762,1.03076048464628,0,-0.929815092072467,0,1.03580390442684,0,-0.771329043933485,0.000000000013840706358792,0.141899513125969,0.425227484808309,0.986517369432003,0.00222265641586472
100.098,31.3519,0.576988580357199,0.891336500671063,-1.05034865726095,2.42003779993266,0.584431457019794,-1.84243980219678,1.18427945837489,0.121359350937983,0.946111109083325,0.557200165340648,,-0.407069395816282,,,,1.20732731415436,,,,8.66684170354307,,,
82.81,31.3627,-0.0331149775194285,-0.246800130049908,1.15509371215073,-1.01799826275184,0.434093184907641,1.46790373107609,-0.725417175880593,0.39360015290617,-1.30432249497892,-0.511192942680953,0.000000000000994537785459215,1.0515087948842,0,-0.919343053003394,0,1.11507030815706,0,-0.845713523156802,0.0000668520168944919,0.532492074866373,0.0000114101592729732,0.433895519369972,0.212441919606617
95.2375,31.3635,0.680935597823124,1.03069263023855,-1.22552303121352,1.12768296055581,-0.336992724415102,-1.90158133854856,1.29679650449346,0.418576069624158,1.50228979027248,-0.3485030912639,0.000000309577058432708,1.1013613302333,0.000000000000873745520379998,-0.531664910547531,0.00000000000000688338275267597,0.96848091670941,0,-0.191996990191064,0.127218184351352,1.00069879438959,0.000000000000722755189030977,0.928892058676765,0.00000000433099534014048
85.7745,31.3678,-0.388821354064363,-0.540549852587784,1.18362024216394,-0.413861310595144,0.557376095824005,0.483218688006537,-1.39871616780277,0.630455325682118,-0.862431580693948,-0.506735927386472,0.0000000000000290878432451791,0.928274493965567,0,-0.71706093636721,0,0.654332372138555,0.000509106740917087,0.350543158110151,0.0274093307618295,0.208085542140177,0.126168019526901,3.9132957110287,0.489198348240253
85.045,31.3801,-0.681913681115348,-0.782678889728171,1.54099453890788,-0.345737741721804,0.733923761284249,1.19625203319583,-1.43075244407811,0.329492103038388,-1.23385177304244,-0.647962196380182,,0.908735657057219,,,,0.241563054294243,,,,0.0951897313097305,,,
100.145,31.3863,1.44616192951074,1.67576202092777,-0.794393510482475,2.39046076401231,0.589065957981757,-1.69691186561221,0.808011368324746,-0.222589787629304,0.942382452393595,0.547297480065242,0.00000000000000333066907387547,-0.421544115195215,0.0000000000905133745732201,,0.978784166653899,1.18679336015728,0,,0.981056845868646,2.63905644978113,0.81871445087326,,0.483814325117113
77.907,31.3907,1.17795522387051,1.38384595819681,-0.804726057089142,0.803171052035161,0.891491871644955,-1.77292955084485,1.12509075266917,-0.959881019053732,2.01028160886823,0.703243637766513,0,0.110025541215964,0.159136217121836,-0.67462453632856,0.000000115701928260492,0.980798901943501,0,-0.708926125406831,0.650021829005877,-2.00835458284851,0.739565867019871,6.2806569998526,0.875484904906173
101.758,31.3964,2.1397796332598,1.88688625401402,-0.390054432326488,2.67749356245177,0.44084573836313,-1.98099090963817,0.986821442004768,-0.267204440451615,0.454261085224773,-0.479258843235812,,0.828064081771402,,-0.000367843604127218,,0.848688650431833,,-0.00165033849353626,,0.781556617485522,,0.00721220060470231,
92.9472,31.3968,2.31461071934181,2.05809115982863,-0.0933068117415459,1.13587097169077,-0.197628587703404,-0.827883053363813,1.03976393686428,0.215222971770809,-0.724412893342935,-0.151993689876325,0.000242098514446898,1.32996071500334,0.000000194734993019807,-0.697026080726802,0,0.966346578589259,0,-0.126743253545378,0.269779069008964,0.49311496291301,0.0000000000167803548833945,0.861647907245586,0.000047930192827339
102.816,31.401,2.39303974247711,2.60995111463269,-0.732904244311765,2.37067994420101,0.750134161335292,-1.4498549278969,0.838603992529657,-1.43682749075835,1.77225431465692,-0.603412767598923,0.0401754466986679,0.837169120384384,0.0356110145595416,0.0589685423103641,0.218329423059806,0.820667635635792,0,0.0661777361224382,0.38359583554856,0.577900412911796,0.0589524847284388,1.81287158432633,0.0395347123293153
90.3847,31.4277,-0.264933634373824,-0.381401499784591,0.681146348490765,0.590955268922811,0.539023044353214,1.28192993109659,-1.19895566231679,0.274900660621938,-1.27049492637799,-0.360553588594122,0.00000000435811764454286,1.07033409580447,0,-0.863708105473364,0,1.02328080556621,0,-1.06519815368603,0.0000000000378064246575605,1.09438156895871,0.0190778168284749,0.100210022543275,0.826698521019245
82.6615,31.4302,-0.667981913511057,-0.716141497387398,1.86536457391099,-1.01535177582405,0.198094761710872,1.14015471577039,-1.55575492682966,0.449942994167415,-1.1377814541198,-0.72486608840219,,0.857798235186589,,-0.91414868934981,,0.0736260478585114,,0.00381273575402697,,0.0815882713733653,,0.481551696385858,
79.2505,31.4302,-0.612180652529913,-0.571032318245528,1.12282702649397,-1.28419003885052,-0.400189237191097,0.513192688942618,-0.946257513887307,0.230166844644644,0.682529991582098,-0.44341690071195,,1.15191877225829,,-0.944152121315267,,1.01308179346746,,-0.816483084590239,,0.546154068293256,,0.680431837217727,
92.1087,31.4331,1.58640856743577,1.55999661730256,0.244185698607857,0.56715068576362,0.268837809616316,-0.197541687487952,1.35693812806273,0.161684769062739,-0.997659156758716,-0.192966349472796,0.0000133494648830723,1.2809994351949,0.000000000564831514893172,-0.726660133368193,0,0.975525765813127,0,-0.207283568109316,0.0680692812578676,0.511828855439978,0.00000000000159250390652232,0.979248221295468,0.000658776744085987
80.743,31.4354,-0.540305656910539,-0.602876957939499,-0.654163773944983,-0.879636256802939,-0.779970454366824,-0.45103146066332,-0.634921345833657,1.54645133320135,0.12806948944772,-0.482433698318304,0.0000000112543523389519,1.0292597907672,0.0000000000000111022302462516,-0.951880411299717,0,1.01220521076909,0,-1.4865325859294,0.0000000667532156217732,1.540803283117,0.0000756407469804099,0.612823337943998,0.0020528656208485
81.2173,31.4385,-0.442003134193128,-0.478350391554603,0.133039641144876,-0.957716937252307,-0.685747697101991,0.43835883178927,-1.18657573715751,1.22495020735017,0.518120147111743,-0.506568328276545,0.00000000328507665514621,1.02807965880034,0.0000000000000119904086659517,-0.956998434599217,0,1.01539872271742,0,-1.44733628979994,0.00000000403442612650906,1.42032300160362,0.0000321518554018407,0.630520385609497,0.00103446188903167
87.7743,31.4388,-0.156038470458856,-0.331060290452098,-0.00612034144454144,-0.124102566441802,0.506417791504118,0.516614572387961,-0.71893185786479,0.739957683790294,0.054929218335382,-0.385463949002214,0.0000000418782584166166,0.941245132516982,0,-0.889539477878143,0,1.02717072144071,0,-1.06395026446344,0.000000000121513243911409,0.663712655515426,0.00670345175622211,0.96727709411764,0.0000701251685717441
85.6793,31.4467,-0.185123823902635,-0.393225005186511,0.69387605950173,-0.316546956351454,0.448153941020211,0.564214725470919,-1.21945106486688,0.612543114115264,-0.8206024398432,-0.546183335191914,0.000000000000000666133814775094,0.914995466534645,0,-0.70991544181931,0,0.340742836258265,0.675356534265444,0.146014319601841,0.037934112686232,0.0656946151209653,0.242821797229705,2.92798390405592,0.311010227084108
85.9655,31.4564,-0.123162446455888,-0.314458313384593,0.305033523851607,-0.156577523007141,-0.00775235200789008,1.06272404558752,-0.718509110383691,0.709452381197304,-1.0171680950727,-0.498093660347892,,0.895165921613357,,,,0.607415117491335,,,,0.435182419576763,,,
86.7117,31.4595,0.0176899883812882,-0.126250311003591,0.790500686499019,-0.349922544561799,0.587140376889879,0.712826278980975,0.0212814781493099,0.552430219767224,-0.276451661441747,-0.482698850408367,,0.915984603594608,,,,0.530258307782966,,,,4.19150810782872,,,
84.432,31.4656,-0.450252015295426,-0.492598177527145,1.44060094071724,-1.01127767714264,0.873137822490497,0.888112589599418,-0.992655603773074,0.676162742417573,-0.568862815073528,-0.574141726088016,0.000000000000127009514017118,0.966082915336174,0,-0.850449672642389,0,1.36154688536365,0.00000341979791396163,-0.104779542330774,0.919704606620138,0.497317388180959,0.178955323569886,0.183282011531189,0.785111225959679
82.0495,31.4658,-0.365065421978674,-0.416494220008796,0.631975225613151,-0.920262465158529,-0.586365651785076,0.780523000127456,-1.27899904801975,1.05474702594529,-0.380348828189072,-0.485961784024665,0.0000000000153863588536751,1.08006899132992,0,-0.938127041166248,0,1.06022311927149,0,-0.915245331420845,0.0000000000046189718716505,0.597624445443211,0.000000111698956972717,1.2055663605197,0.00753081090755137
85.8546,31.4886,-0.236437974941124,-0.411926523686607,0.613011383200967,-0.0968477234804654,0.129009986527596,0.933578907803124,-1.0559494554926,0.659847396484181,-1.25396446802238,-0.433649712704145,,0.879298511057852,,,,0.63838613569598,,,,0.526862262579358,,,
90.7177,31.4888,0.153654136529626,0.104583499670197,0.236454285650295,0.650375877997293,0.3205222264023,0.211628688651551,0.764395665545957,0.599648516483062,-0.610998321384518,-0.242861142893652,,1.28863326549911,,,,0.232134731813258,,,,0.780655315217762,,,
79.9472,31.4993,-0.690363536614817,-0.705442696199063,2.15340795604151,-1.16836684156256,0.820555191458213,1.08551763160276,-1.43992563383475,-0.170957553058992,-0.236293335454652,-0.462116415887548,0.0000000699838849094192,1.10120037793094,0.00000000185306947564357,-0.955866551782999,0,1.01149332346799,0,-1.00794355359778,0.000376642648239445,0.918084141733029,0.0201457760321797,0.704910880226215,0.0000285292545010307
88.0367,31.5084,-0.117510070488512,-0.325768858899509,-0.527624908568573,-0.231155154284753,0.307098340893191,0.276633271192072,-0.0796736503815428,0.996987756361536,0.61262030707461,-0.371558339327871,0.0000000784324691860405,0.952302622487458,0,-0.891398916904739,0,1.03454622830655,0,-0.956083544529424,0.000000000000327293747659496,0.54664812563003,0.000950943173418928,0.895390123921223,0.0000140422199725876
87.1865,31.5123,-0.319745995400382,-0.42250372215697,0.832676437153048,-0.114475144281725,0.928276791136607,0.415291393789062,-1.16099075906962,0.494485006591536,-0.782175934796065,-0.339170516979703,0.000000672851328209489,0.902348838632428,0,-0.84646616713051,0,1.04158343064923,0,-1.25795136048447,0.00990061814520637,1.37541789128092,0.274516992576699,1.42513308560183,0.0370516412787654
93.2849,31.5214,1.75596821169804,1.77714514203699,0.061792676474733,1.28822583182458,-0.0629684325103429,-0.296482905607666,0.648051226211519,-0.177403467547713,0.597759056286939,-0.148593283889729,0.00016090947317382,1.34518911188092,0.000000131666092029192,-0.697389325215988,0,0.965620955337374,0,-0.132643522038531,0.203964350880192,0.483834472587557,0.00000000000117972298596669,0.774479360737261,0.00000778746634866323
83.8457,31.5234,-0.239066243201593,-0.427490597625029,1.11485581329427,-0.669201629122372,0.639791316905004,0.550848522993706,-1.14708802963847,0.732191559520122,0.265933876105031,-0.557909164323805,,0.926988835134963,,,,0.0830665262171845,,,,7.52537864602689,,,
86.1585,31.53,-0.160546725993721,-0.360428023308487,0.43927516344401,-0.23790096959441,0.164119508446433,0.667989872952928,-0.954237163072052,0.554743889104115,-0.751822770770951,-0.450388161844097,,0.8823234845842,,,,0.287844901318779,,,,0.128913588035567,,,
90.1571,31.5495,-0.20142955475231,-0.198284538371353,0.508402037439751,0.674654350722092,0.35500260988817,0.950143623912185,-0.719396917146105,0.442110693447433,-1.08873463496507,-0.161991869206447,,0.822406536992465,,,,0.978265524690276,,,,101.892782665917,,,
84.6808,31.5649,-0.0511913741013491,-0.238218146661179,0.496161801385145,-0.685200035601187,0.300785343258686,0.341010400635571,-0.357803257583784,0.767341507612159,-0.129140128941939,-0.585468188602628,,0.943290851114032,,,,0.113363113181523,,,,10.1063716851585,,,
99.8344,31.5673,0.000347830240873552,0.106584429632932,-1.27107584034027,1.78297528394523,0.721395826161968,-1.85811008433493,1.60763321123735,0.143050194925395,1.44324521277509,0.597405966047787,0,-0.323802138492055,0.00000013856005942614,-0.0593194481720779,0.844437376525175,1.18264819622943,0,0.229847739788471,0.809598604942359,1.03439661783215,0.289787415285932,0.854550025681815,0.263749961894082
94.3793,31.5721,1.28066134639828,1.5196368328718,-0.436287090077416,0.955509442438041,-0.0524540448397018,-1.35510941395517,1.11830941587992,0.278068979719909,1.02124544675522,-0.409273747992342,0.000000000936938748807847,1.12733979177554,0.0000000000000945910016980633,-0.612645245094247,0,0.972761678118001,0,-0.246593369303784,0.00296353920114911,0.846388128511352,0.00000000000000199840144432528,0.811726642472577,0.0000000448579247080971
81.8968,31.5918,-0.609041071530927,-0.510814873398646,1.3347100169375,-0.824899521364019,-0.122563049895545,0.701880829293179,-1.03392035769677,0.701930661341929,-0.996198321417669,-0.436340083027798,,1.10253768281881,,-0.949816107386827,,1.07814786398785,,-0.729956496440058,,0.444670932816664,,1.007307588106,
79.9575,31.5935,-0.508013831884176,-0.572861593363707,1.98511901596547,-1.25218531508522,0.208538344505066,0.843523651930451,-1.49963059036942,0.268547883855301,-0.608492772820992,-0.454528466898208,0.0000000401208621880755,1.11615285830739,0.0000000028656195194543,-0.958609322457659,0,1.01423785968239,0,-0.954583422302887,0.000017964149632288,0.863869787064758,0.00753486171576601,0.687941448906189,0.00000316572220304678
98.526,31.6026,2.12157058080515,2.11809407456291,-0.222941445142882,1.69702666978001,1.1171286204736,-1.19863392344909,1.10786300703251,-0.356433345479249,0.797288155601401,0.158419185315692,,0.472977053907191,,,,1.00971746889901,,,,1.33619254047875,,,
83.4185,31.6113,-1.89733674142116,-1.41924395273883,-2.43125232266772,-0.888076889394117,-0.969489622000844,-1.29138757212404,1.82673703799898,2.25152692179964,0.130134622988528,-0.557661754486187,,0.96203192704857,,,,0.0793923175804589,,,,10.4139626745897,,,
85.3611,31.6126,-0.354746396109471,-0.491667303813836,-0.347547064476551,0.719959530393516,-0.273937690539559,0.530865844106751,-0.750844622236284,1.25389232083134,0.0866781899104323,-0.583689576743501,,0.892982370207383,,,,0.287367145755277,,,,0.172756075373912,,,
96.2635,31.6194,1.05830555616769,0.963220874812167,-0.817209302574801,0.876126747749213,0.231077739050512,-1.82367277323581,1.10699598906972,0.25104074995178,1.09942377542829,-0.318778066854608,0.00000762970445333799,1.07998404870606,0.0000000000334325900297472,-0.563667618027283,0.0000000000000104360964314765,0.974316058249158,0,-0.236901208250422,0.188034489272678,1.10692480507085,0.00000000114738152312555,0.902304447833765,0.0000000112778859584495
95.2383,31.621,1.52273115410414,1.06542176127888,-0.513603001960916,0.856869494085975,0.0309839225877465,-1.10734632261652,1.34572615682818,0.40139106517372,0.698571759571676,-0.33481988625268,0.000000156212584423443,1.12222292541919,0.000000000000809796674161589,-0.557625331970719,0,0.969120864303104,0,-0.169986618169398,0.120051212980314,0.942829329424843,0.0000000000000268673971959288,0.921682127838429,0.0000000118414746896889
97.228,31.6362,1.28273670554552,1.51534732952243,-0.695316301267098,1.12321728623716,0.943130776667677,-1.59214476211102,1.1395095920162,0.159088650952664,0.661572729939933,-0.368858480289479,,1.19249544132681,,0.430443572961397,,0.953804366928467,,-0.56576803847999,,0.068883697524054,,-1.31167555268345,
89.6656,31.6429,-0.116484029972762,-0.280973178911219,0.317967052268198,0.00575046501124861,0.806912426425725,0.94384633592356,-0.393267683965338,0.139109847270781,-1.28171891607396,-0.393882607912516,0.0000000011966077018144,1.01218671763534,0,-0.929848592201485,0,1.02828672483383,0,-0.843697583893679,0.000000000000000444089209850063,0.29319699326848,0.0257318407782214,0.994385540162244,0.0000647296506499639
79.5101,31.6466,-0.884860953178177,-0.898579435960453,2.03854084763632,-1.44244752262231,1.10719776889564,0.854454543704574,-1.353892886838,-0.539604148008488,-0.158892550127313,-0.443398552612895,,1.16249522040822,,-0.950181420605354,,1.0176074257716,,-0.78591448427463,,0.520580394893678,,0.676041882392683,
101.944,31.6608,1.70558603469878,1.70162844689281,-0.817416887273975,2.15812932684476,1.42183090013992,-1.82153265851406,1.35353694014073,-0.927092916515722,1.41529755073799,-0.507984529902617,,0.795057254484918,,-0.000584942367370674,,0.845793351076391,,-0.00159627590829433,,0.76516677690016,,0.00620504881540891,
99.6788,31.6671,2.05731551663604,1.6560446955305,0.371567038899537,1.55117667080848,0.904132690160615,-0.144231897848141,0.780954310595477,-1.00626994112701,-0.300199153626611,0.640710025336098,,-0.184297665784518,,,,1.12976085428795,,,,34.1357740781291,,,
81.8936,31.6681,-0.435493768584305,-0.486139186419913,1.24994484236788,-0.87889359922343,0.185317143429348,1.11237378827642,-1.48911723258044,0.567277282707568,-0.998760467967298,-0.420718447040921,,1.09989375841266,,-0.953600477212558,,1.08401448403287,,-0.723969916584786,,0.424898357216007,,1.46539463177685,
84.6235,31.6832,-0.224724931295264,-0.384345481395329,0.645480389237255,-0.796974486762694,0.503805674225369,1.16073817887999,-0.65100735998073,0.456030097860131,-0.725187684501959,-0.579232093692185,,0.932755771166212,,,,0.105336827748016,,,,7.65204986316398,,,
93.6843,31.6839,1.15646112270988,1.37611581683262,-0.373767295779064,1.22069183574922,-0.126881450275328,-1.04830961366688,1.01135893931452,0.345093748312164,0.457198359488017,-0.230685460993482,0.00000157493573427203,1.23776730166733,0.000000000115887077711818,-0.66167893538784,0,0.968082285366607,0,-0.223682613986535,0.0155259806897223,0.673833358267404,0.000000000000000444089209850063,0.803355175482395,0.00000578441253162865
82.5089,31.6842,-0.602908385400391,-0.62918148232288,1.46015030624464,-0.871119899032967,0.376895051554573,0.850117424287423,-1.49649208096005,0.584847475830237,-0.587623460170334,-0.703140015503902,,0.870187887156972,,-0.91795809355725,,0.0312787320186562,,-19.9980293616659,,26.1739953044111,,1.30837041556019,
80.7887,31.6869,-0.595298530564119,-0.507437155295247,-0.403453148192611,-1.10065439115152,-0.611881205306056,0.634132641803581,-0.443287665440686,1.55948588433977,0.429710192745435,-0.469192937609777,0.00000000321450821516578,1.08179181008567,0.00000000000199618099827603,-0.955872200906657,0,1.01352122710232,0,-1.08598360604828,0.00000057557253207996,1.30780142038707,0.000246896887766468,0.662400127106456,0.000000545724530454095
77.7837,31.6882,-0.585148228489025,-0.708966937313086,-1.54663404261125,0.439138567593681,0.400301450073537,-2.11330592819135,1.54399026835318,0.051389967832811,2.10489882784992,0.67399119184396,,0.242464613124843,,-0.690930312697953,,0.980664219438833,,0.0477252086403172,,1.05864781598829,,-0.425366731436117,
81.3156,31.6922,-0.365165484170765,-0.448618859227726,0.879239091066708,-1.13816604160222,-0.245178675307165,0.786210790911972,-1.32838239570578,1.06902071812582,-0.332141496151137,-0.49640561961242,0.00000000485492557267264,1.0147165374773,0.00000000000000399680288865056,-0.956796157739568,0,1.02307691872596,0,-1.51252214894048,0.0000107265102091691,1.3872290378275,0.0019601218838865,0.633558934429289,0.0894373953110943
81.7457,31.6936,-0.50614804400992,-0.583062410929571,1.19851522486582,-0.898877691153023,0.10814641421231,0.985379872927313,-1.38637048566353,0.748036445547044,-0.238186207043005,-0.417412965462012,,1.08985809070611,,-0.953176131718826,,1.08240573659966,,-0.737966039901107,,0.449123231547505,,0.883832369995808,
90.4336,31.6962,0.778609150144936,0.492125801364764,-0.0893857275384659,0.641529998747186,0.380401341707294,0.641059180096462,1.22326971925148,0.255465379603841,-1.28325879248628,-0.287961349479325,,1.23379451638975,,,,0.337971371111223,,,,2.17129170676961,,,
90.0453,31.7006,-0.162962065406248,-0.27129052198288,0.279047258957225,0.279678332489314,0.302383962869982,0.994983371765109,-0.938045608235872,0.41778353128675,-0.812609643161172,-0.396841616422889,0.00000000114187637123564,1.02146139886959,0,-0.913042108697062,0,1.02594760950291,0,-0.860227229305529,0.0000000000000108801856413265,0.370401270989353,0.0136478370271627,0.996287566647375,0.00136406512354759
79.5122,31.7018,-0.754654062380855,-0.815161209059747,2.10168215539976,-1.43193600079565,0.755982512726441,0.872711799519862,-1.47284494298048,-0.374581521284546,-0.521672156462376,-0.421678017084961,,1.18920050328513,,-0.948688679651357,,1.02029871185933,,-0.749039145637147,,0.474069626342544,,0.651909792257494,
79.6113,31.7048,-0.775834030026616,-0.854325474766342,2.6135979241968,-1.42535942943013,0.878367736030862,1.19737810204988,-1.5633805693913,-0.316815713023833,-1.04746419155949,-0.438065728081382,,1.12643810635329,,-0.950771882250868,,1.01896514433778,,-0.81989622401133,,0.574241958622309,,0.715377776399893,
90.3128,31.71,0.276487162685786,0.0244167949861947,-0.0109372926043231,0.592115606571467,0.36594723806467,0.361392370789066,0.471360755114598,0.273722293792279,-1.26122706947328,-0.137371641717798,,0.829423129413842,,,,0.975719918328955,,,,101.294292508969,,,
88.928,31.7103,0.0472173468382616,-0.220152665749065,0.481108127301118,-0.105029457516107,0.86425757603827,0.73330208959855,-0.434059819937787,0.281681592085315,-0.647889395749363,-0.436099638902966,0.0000000000116842091557601,1.05049310550508,0,-0.947990054647183,0,1.03015545234186,0,-0.791096603891418,0,0.22043600402385,0.010706643968176,0.74468507611283,0.00000780431246605318
78.7003,31.7164,-0.730975368735769,-0.556251902617001,-0.345644039776454,-1.10215430600019,-0.403358142302671,-1.12593225036618,1.24422798594021,0.506518475083546,2.01002258254958,-0.402925421395636,0.00000225778843376823,1.17409905195409,0.00000397324833145696,-0.931088032915813,0,0.997192350747757,0,-0.829013033418173,0.0000000000422226698049144,0.660522031374206,0.0000629491015535777,0.62699893917025,0.00000110666738617482
82.165,31.7165,-0.541114728921343,-0.522696838642627,1.13475588069865,-0.984534166718615,-0.199553177594868,0.719939388431337,-1.36751138735591,0.817040404771245,-0.554565471540551,-0.448602368177542,0.0000000000717861325938429,1.09754840089489,0,-0.94202724680582,0,1.06647253222982,0,-0.86236235866287,0.0000000000222846185948811,0.528533703558205,0.000000158993601617752,1.23123713600298,0.0279826317992251
102.701,31.717,2.08117063840564,1.76674035937008,-0.796600635378012,2.09795438438505,0.812111363347568,-2.08456789380733,0.973729057625243,-0.46928282382268,0.884153066682036,-0.650913613244742,0.345769798134934,0.821118715472222,0.344358883012006,,0.239766615333967,0.81318340769765,0,,0.307912995468141,0.610557970169067,0.347542830223225,,0.345688855595485
97.1408,31.7175,1.52556006116661,1.97007272391605,-0.508359531331042,1.07290492379748,0.924311074564282,-1.47929817063474,0.754932325228718,-0.218383711519321,0.451346526529581,-0.37181389530282,,1.2033380927979,,,,0.953654572891708,,,,0.806111409464882,,,
95.3618,31.7185,0.258875487223148,0.304941944427556,-1.06589412842746,0.669579706932768,-0.510501462733558,-1.63812546367177,1.24224769815766,0.564024501095616,1.57738317508191,-0.329451353781661,0.000000258337265579556,1.11902565177997,0.00000000000125832677611015,-0.558627531481183,0,0.968228536890165,0,-0.184028236114956,0.113822050900984,0.963894746935167,0.00000000000007061018436616,0.947113390415671,0.0000000126781285469946
93.2845,31.7349,-0.762041949185243,-0.728572041654343,-1.39030885106883,1.15889748272415,-0.518513975927239,-0.486716565618421,1.35607794870324,0.918692911893012,-0.0794677994176533,-0.203100651002274,,1.33138604832301,,,,0.966843471151872,,,,0.364947031871784,,,
86.5118,31.7455,-0.0911086777138172,-0.33413591949194,0.0234459970088419,-0.367406865820375,0.415300881062539,0.500877293036949,-0.162283441486601,0.612719722796174,-0.236051864638352,-0.284634514303914,,0.825513986524291,,,,0.0997623122489475,,,,0.0392165238314365,,,
95.4568,31.7488,1.26683166741735,0.998153921255078,-0.939883125074408,0.665937086914121,-0.525598982488894,-1.28528871974308,1.52354462182928,0.595342775393276,0.885063778254591,-0.334839819031669,0.000000539640683472342,1.09736563728676,0.000000000000896172025477426,-0.565629449998137,0,0.969252448928646,0,-0.259834946514753,0.031814472462641,1.0405899774593,0.000000000000121236354289067,0.938151176717758,0.0000000113597953266265
95.3707,31.7493,1.28044706762814,1.15121366569883,-0.63588799479133,0.628863265061777,-0.57438928416355,-1.49757395033813,1.45156963209198,0.531220129722997,0.807594258852002,-0.329451353781661,0.000000258337265579556,1.11902565177997,0.00000000000125832677611015,-0.558627531481183,0,0.968228536890165,0,-0.184028236114956,0.113822050900984,0.963894746935167,0.00000000000007061018436616,0.947113390415671,0.0000000126781285469946
100.636,31.759,1.57575891863872,2.03391116497221,-0.605478404072893,1.62905220894591,0.778884598625153,-1.73180255503546,0.747550819336842,-0.474561991578223,0.0842938192153516,,,,,,,0.993250195288172,,,,,,,
82.9827,31.7712,-0.395028503112254,-0.535860602837603,1.46028540296713,-0.989249822022111,0.123976053400055,1.17408418684246,-1.30397772661934,0.487487310930139,-0.840009702213405,-0.554561839992995,,1.01143582027694,,,,0.0794076824055143,,,,5.06367333018313,,,
101.904,31.7767,1.72477712063143,2.74073238292796,-0.548805046528497,2.12575112523893,1.33134582923347,-1.98732144107383,1.06596980192711,-1.6378299609501,1.84165809837281,-0.543145403565316,,0.794932945621192,,0.0869994179912208,,0.833597162477605,,-165.623013289423,,138.006566567866,,0.828746610217271,
103.124,31.7775,1.25419731291974,1.18514533152477,-0.903243104476288,1.95573324117126,0.639948678930681,-1.88657816171365,0.851254358542346,-0.621605961040498,1.60999255659982,-0.662312794535259,0.0630447574138591,0.824854219486351,0.0598752944874821,,0.264799548068856,0.824018633539429,0,,0.318919875974099,0.618266532853783,0.0685412435268384,,0.0632057526765641
82.3762,31.7825,-0.611689809811201,-0.680186678850465,0.80002140973338,-1.00086951371524,0.178166712671582,1.29716042230241,-1.30184436477588,0.469033700910818,-1.14852723479351,-0.450335280203884,0.0000000000162458935193399,1.10066706554502,0,-0.930091208235253,0,1.07965653701002,0,-0.772468933638379,0.0000000000302544655994552,0.489909452609089,0.000000205350108251068,0.988823828865799,0.0038593144028447
89.924,31.7834,-0.307212722697363,-0.454470145307473,0.677059924322506,-0.0788547617701998,0.612566267456245,1.28896281775323,-1.10462502788994,0.193006592279086,-1.17440439961922,-0.361085574027683,0.0000000365225893972365,0.992289051391802,0,-0.910199877627495,0,1.03027271210319,0,-0.887338966144647,0,0.435210124473967,0.000000151652839841532,0.709621438539173,0.0000642505267931526
83.8303,31.7939,-0.286175678293969,-0.407988126553143,0.938981496863958,-0.519090021804617,0.498144869205612,0.68998423445881,-1.23307347724675,0.625328100019804,-0.916017732680685,-0.570071698200936,,0.919198851563175,,,,0.014198549902983,,,,0.0463368119360895,,,
86.4145,31.796,-0.110142232917722,-0.361425853996697,0.413881443237652,-0.488362667952368,0.668217223399147,1.03433175330239,-0.27947304867575,0.261487287550264,-1.254845748372,-0.274150222100334,,0.822606395210174,,,,0.161745426076573,,,,0.0601072470147867,,,
79.0022,31.7985,-0.320443508830618,-0.234183959653092,1.40625734188713,-1.25514992952546,0.644628091357901,-0.115703664754694,0.530200931472499,0.192215413870223,0.863076204534517,-0.404044135050385,,1.15647827769589,,-0.939301331356149,,1.01446239561903,,-0.779247031366878,,0.529572624725198,,0.687192422041979,
103.174,31.7991,1.20633052037064,1.39409695486431,-1.26413257213466,2.09811887410175,0.728355804413242,-1.98211766800897,0.852281151535707,-0.530968023665634,1.84864216277277,-0.667073582018437,0.061929573866683,0.828676638785042,0.0587734428451474,,0.253025551151009,0.823403599320409,0,,0.322101059186259,0.631252505619216,0.0653989824616676,,0.0618335119548916
83.7023,31.8051,-0.391232558808652,-0.568624851028303,1.34406051222025,-0.565163476334564,0.490036025518537,1.07659973638052,-1.30555131292793,0.262093707529554,-1.03347920507962,-0.6038629928769,,0.896418868802577,,,,0.186026928707966,,,,1.74836191028399,,,
81.7848,31.8076,-0.439543850941081,-0.510126550625949,1.25591106955197,-0.953194583775334,0.146410402770636,0.994552356270322,-1.37554763159891,0.466155463468552,-0.743539281134423,-0.408641261255494,,1.10027983254837,,-0.953403141525205,,1.08313550376037,,-0.727559696907421,,0.425557549095146,,1.09713404155524,
82.7435,31.8082,-0.118405712796964,-0.246636603859454,0.191467037725944,-0.821655043573469,-0.155360966679627,0.555335586744797,-0.778795269880332,1.18121339703222,-0.423944128787254,-0.49255998983701,0.000000000000843769498715119,1.06451132593743,0,-0.914912773249274,0,1.14131621736722,0,-0.597332023327219,0.000180512647368847,0.397847347317954,0.0000718948705666911,0.540809432157136,0.00407337523984252
94.2456,31.8088,0.800045556443796,0.910182064317905,-0.450336885096357,0.912628775577176,-0.138328267186491,-0.879016247684217,1.27743835260449,0.574032944653175,0.628080605560372,-0.360734901214229,0.00000000722307813560974,1.16646000208355,0.000000000010526468585681,-0.62529517075262,0,0.970620344147112,0,-0.273289069305536,0.000931926315385745,0.77762439703246,0.00000000000000599520433297585,0.734380320117028,0.000000442076628415222
96.2836,31.818,2.09888726362088,1.91550874309933,0.276711203943818,0.875809271768193,0.860406811658423,-0.643339574342772,1.03260102942873,-0.461419067168379,0.0336911122906465,-0.323270165705362,0.00000176302319210286,1.09048784365145,0.00000000000348432394048359,-0.603254285978141,0,0.971027452446077,0,-0.257387173268278,0.0881431727387127,1.10818895131806,0.00000000000570876679262255,0.934208289604713,0.000000012008106287098
91.6384,31.8189,0.950665524591974,0.866776971184652,-0.16290047560267,1.02548524536094,0.228740933061173,-0.232544991048698,1.06703206892495,0.42809615300263,-0.767081579320891,-0.226871983099799,0.000000247298258981843,1.31852862147362,0.00000000256806220733097,-0.73325816668152,0,0.989936223162905,0,-0.279432033460855,0.00994203481300571,0.460689781173193,0.00000000000186273219071609,1.1203266062559,0.0193460347567165
95.0948,31.8197,2.24574630417821,2.03415902346815,-0.549092640996109,0.650855738105663,-0.426890293452619,-1.52430598426104,1.15337816830648,-0.0559857983284698,1.32445120798282,-0.312589611563991,0.000000177271071599705,1.14685076870659,0.0000000000021556090246122,-0.549287276919167,0,0.971018843952555,0,-0.120566080780947,0.207236538213601,0.872225531882828,0.00000000000000310862446895044,0.895142974018686,0.0000000647214568605392
86.1386,31.8197,-0.159716417426955,-0.440794413209161,0.468071289376154,-0.497772289944333,0.468959052260819,0.624412224450509,-0.66603088312069,0.427119674072596,-1.15622593286784,-0.421583289149946,,0.840907375480102,,,,0.0612241645187124,,,,0.0231627169491858,,,
92.6812,31.8211,1.08839659411084,0.853122945703246,0.127105707862473,1.15387966877142,-0.103686265038328,0.273240598780353,0.999681694350362,0.0456466612850463,-0.441002882269744,-0.207972475249253,0.00000159619771356034,1.30839050267781,0.00000000189372650893915,-0.721605905365586,0,0.982698966779913,0,-0.265260320532802,0.00985369670174507,0.527243299454772,0.0000000000000450750547997814,0.967239871013824,0.00269852448432095
97.8553,31.8229,1.90055845899079,1.83486295739774,-0.0749803435854696,1.59323134423667,0.688153042951319,-1.23661006015589,0.860023136760389,-0.118548536529982,-0.480940496522346,-0.216713001781702,0.000065286326082159,1.23928433463897,0.0000221611831696666,-0.558367160569407,0,0.955941156064482,0,-0.126582644836246,0.371523332135775,0.811513047272535,0.00000000133671229640697,0.82698520086253,0.00000820989749805712
91.4996,31.824,1.03045086399806,1.03038417488356,-0.00764196127565856,0.854536412602179,0.252402614354691,0.756528442020216,0.939497006150878,0.224195716858098,-1.19785326478102,-0.207734203039243,0.000000980486660528967,1.32564123814765,0.00000000204567118800014,-0.738003387981713,0,0.995178762429453,0,-0.190013328920742,0.145167964182711,0.489352328626735,0.00000000000737765404323909,1.87085993813686,0.174457769184343
101.42,31.8269,0.612155664607194,0.509213716836283,-0.855812968113458,2.03482564385505,1.09749390470463,-1.99805462481728,1.0748660179875,-0.0112352499439634,0.255105098623571,-0.600853092734011,,0.764776252723806,,-0.000628306271658167,,0.766353208799169,,-0.00133883747349975,,0.63733356470293,,0.00517901659873614,
93.2102,31.8351,0.729521112618389,0.875066053936049,-0.402604394690019,0.924191850793295,-0.316282509430195,-0.44877343016411,0.688111101752415,0.442367054506752,-0.230910732633515,-0.194338918097451,0.00000242226727453776,1.31682403619634,0.00000000524545873403781,-0.70440957646262,0,0.969318323001171,0,-0.250655189402139,0.00918948492250227,0.574032235328152,0.000000000000000888178419700125,0.776370248971375,0.0000581529927368152
99.3834,31.8405,2.73675777783581,2.39372299730558,-0.1573923225794,1.34076370889156,0.449957005995461,-0.832308994607275,0.922381760313913,-0.712222793254446,0.485268398411079,0.659186507896257,0,-0.123220601616251,0.049071915978576,-0.200384326912316,0.0927755394316483,1.1176769925597,0,0.196407025422811,0.353339951595479,0.502617411512237,0.32263251521772,-4.10284738441133,0.291575201533837
103.383,31.8422,2.1827244529071,2.78266686820576,-0.601959599029143,2.32226849926302,1.24480097769835,-1.63527611495869,0.741685120802407,-1.74662161494899,1.47478188546182,-0.677642610379287,0.0204716377303811,0.824026837801677,0.0182441998592506,,0.0871612408802007,0.823566693703637,0,,0.24971313938984,0.632555463781112,0.0226409700101835,,0.0200981916767906
94.3549,31.8428,2.36162790035076,2.07490735212603,-0.0444460650031778,0.902967287032024,-0.18371800779325,-0.748261118043744,1.09637825492285,0.048456639957376,-0.136845956384002,-0.345317028583744,0.00000000628381480183293,1.1831137233651,0.0000000000132227562232856,-0.60116972916202,0,0.971652840347162,0,-0.248770521848521,0.0023899466602888,0.746818501823043,0.00000000000000222044604925031,0.73134812548917,0.00000103418836405744
95.0054,31.8463,0.450612663596743,0.475781019896893,-0.768787295384704,0.648486699629754,-0.353363792621657,-1.17269176980129,1.3963664868863,0.457875467716711,1.25361544240627,-0.312153832806841,0.000000123388282702308,1.15387608954695,0.00000000000151567647321826,-0.555640467149321,0,0.972964708846364,0,-0.12470316104269,0.156710852178727,0.846408757644435,0.000000000000000888178419700125,0.859683622006333,0.000000146285620061803
91.9722,31.8473,1.25298735838393,1.17612638075024,-0.794319729098849,1.26269086271282,-0.31719099848386,-0.424544314061075,1.24164349725065,0.923601423676671,-0.77893361110789,-0.231070596225713,,1.31006432651702,,-0.737615937260295,,0.983139322996701,,-0.291390126447403,,0.479227707582014,,1.05941729435753,
83.297,31.8528,-0.608425455811597,-0.700198033675144,1.44726939830488,-0.945459192210782,0.595426812885653,0.983581947815506,-1.32870241414872,0.383763676900684,-1.16862049027087,-0.479866809740489,0.00000000000323918669664636,1.05246943300799,0,-0.898716691534263,0,1.13612595137279,0,-0.665270378139936,0.0000708436109426724,0.478780575497046,0.0000279428458314079,0.528132058936624,0.000421567248436894
92.6574,31.8568,1.13882631749481,0.948284077415661,0.100589481578008,1.22082138559506,-0.180629965466265,0.253619782262732,1.19426440632546,0.190840987383923,-0.487451929914807,-0.200870764261271,0.00000122867582041941,1.33137608988289,0.000000005795557145305,-0.729397399457888,0,0.985138205470013,0,-0.287061083958808,0.00405255206460486,0.510873794746095,0.0000000000000186517468137026,0.966533258969384,0.00555714449470002
93.8592,31.8606,1.74554419473502,1.77107259759202,0.181580480349023,0.798443569533601,0.210257887823634,-0.350487185553296,0.786269895163331,-0.0989875064704023,0.649484089954242,-0.288990278971764,0.0000000567102236281869,1.20384348398963,0.0000000000100417452131296,-0.652303819634985,0,0.971300474650041,0,-0.268346916924779,0.00130798542836175,0.731672985252611,0.000000000000000222044604925031,0.7586068025691,0.00000171698642836837
86.4884,31.8649,-0.43799967031532,-0.557446290887473,1.4919424162434,-0.571642587909043,0.780258166923704,1.35024737188792,-1.26556719747983,0.281173596102317,-1.18544851040032,-0.259228387643829,,0.798063720863413,,,,0.0253173574479159,,,,0.00770952877370012,,,
79.0807,31.8668,-0.75379526349934,-0.695949436947327,0.69052636649979,-1.29985988041467,-0.0127098604780508,-0.473263460247953,-0.00214693699220885,0.773912266432484,0.66487776173163,-0.401771566900144,,1.16089615570427,,-0.942225930138402,,1.01824845522858,,-0.773283568769506,,0.513698284199442,,0.686076473945502,
92.8467,31.8698,0.988688991199916,0.792396379759414,0.0575911138473308,0.981928929080961,0.050381288366641,0.0117917245344515,0.891354108852499,0.0759560365919196,0.740356103477639,-0.199317845468421,,1.39004862330101,,,,0.979578946115038,,,,0.263715457007043,,,
80.1958,31.8743,-0.701532361396976,-0.790508497264586,1.76778786126423,-1.05495965724383,0.404994155854979,1.09524928985449,-1.51356455211552,0.0244878645574423,-0.720140905374846,-0.439869652615014,0.00000000842189296079709,1.10387620474008,0.0000000000456978899165961,-0.959124959783253,0,1.01954858683265,0,-0.983287578851068,0.000000269649045092635,1.12824801357021,0.000215748638426438,0.671251198604345,0.0000000516865079625006
88.1275,31.8872,-0.330028787719439,-0.31077425114667,1.07391755105362,-0.450472010489238,0.936886369741099,0.798321350254356,-0.877859958787243,0.541517359693789,-0.559032527450526,-0.407355446592053,0.000000000545801626117282,1.08190525092103,0.00000000000000666133814775094,-0.895651308481837,0,1.04640080895171,0,-0.821087208503087,0,0.352024230687859,0.00000886184773851717,0.671653876113064,0.00000000289009194354151
96.2014,31.8943,1.49389546694232,2.04543634960685,-0.495521292663598,0.808516767743665,0.935845460716242,-0.931030057009713,0.739455813331713,-0.440274270485603,0.815144919552389,-0.333354099136153,0.00000104902433206711,1.08872340686065,0.00000000000137689859514012,-0.611263282265948,0,0.971682061236906,0,-0.311138162333606,0.0298959312442095,1.14020937712275,0.000000000000965671986818961,0.947446792098879,0.0000000240759616687569
90.4703,31.9003,0.0566959373394272,-0.217806377074773,0.155037483770441,0.401034501629112,0.471282616182608,0.575688674824835,-0.157997603048656,0.283328768732496,-1.16160459093055,-0.336523811921605,,1.19621903418933,,,,0.318381611101325,,,,3.37358141660573,,,
87.0798,31.9046,-0.623671545744799,-0.659106645290793,1.42506786346916,-0.685810998164351,1.18503682397147,1.30532470247898,-1.20026310025718,0.0665439346659237,-1.23556580001959,-0.0929006310594683,0.156779531728906,0.734836645154722,0,-0.911281133151311,0,1.03384806758581,0,-0.727645494412334,0.00000000000000111022302462516,0.265981040349571,0.00356127864697253,0.438226688780813,0.0029672704530106
82.0778,31.9109,-0.520420284456102,-0.604475856670789,1.22136395489246,-1.16790042112125,0.565263490007687,1.18569521758696,-1.41903404251991,0.266642003326408,-0.625389851194393,-0.391947034770285,0.000000000908204178529104,1.120125913907,0.000000000000000888178419700125,-0.944287603412964,0,1.07688965595361,0,-0.77665000321296,0.0000000206135011282527,0.447376280333505,0.000000569247779580451,1.32447086036952,0.405992746279715
91.8855,31.9154,1.58034498854756,1.58867561797524,-0.509328646704133,1.35266181356703,-0.373656183279897,0.0057890295934079,0.967949693249877,0.602124409662005,-0.605123904238349,-0.209491154479273,,1.35703747448405,,-0.738038739663032,,0.986239578082538,,-0.3165318940147,,0.456596868103389,,1.01362212437641,
82.1,31.9323,-0.641134884997241,-0.663627497122863,1.6160726606209,-1.17188952033266,0.565639911932447,1.21846612735665,-1.36363696961559,0.284668097727082,-0.845894756480118,-0.39163862165377,,1.118378596752,,-0.939688250379807,,1.0720321725678,,-0.805443451778793,,0.47751519582932,,1.23478074540493,
102.118,31.9342,2.79134259990115,2.75350475298963,-0.199568574959441,1.48050459373754,1.41279159100757,-0.977999082168884,0.764824290398208,-1.90926751066858,1.58913607300227,-0.580759134834603,,0.803017792468129,,0.0692723469304473,,0.825389335357043,,-170.030394052454,,139.670128268144,,0.817195288925765,
103.284,31.9361,1.80934614840056,2.34940457735749,-0.66283918232572,2.18503807783364,1.50863966143637,-1.74519779299203,0.804314603638882,-1.15955094141049,1.41453002631038,-0.666496390345223,0.0446871915927709,0.823597991725684,0.0417728174298682,,0.234185319408196,0.833578353605991,0,,0.319345736200731,0.626310672081978,0.0506370220081136,,0.0449408326925154
101.152,31.944,1.33795184584038,1.49896485136069,-0.624877183984074,1.95322141219537,0.786620781381507,-1.79050748423616,0.878561597865904,-0.284997693596912,0.854557726442389,-0.565406281140955,,0.763437195542338,,,,0.78382091629038,,,,0.585881441938032,,,
93.7594,31.9613,1.54576896440305,1.46390856455666,0.274753806856182,0.78159703132085,0.155984411612799,0.0728840988154472,0.73606306510339,-0.321741746216069,0.161462451240419,-0.271106176412522,0.0000000367434851433757,1.2403051728233,0.000000000046003201248368,-0.684990248253789,0,0.969159962595351,0,-0.280725685289469,0.00108463564534711,0.676016819488089,0,0.754626646408999,0.0000107107013862517
79.5039,31.9845,-0.662874511381437,-0.756197220975784,1.92446693242529,-1.30521336016492,0.65768802200608,1.08776383677218,-1.45484601084343,-0.167015679598432,-0.544214929570024,-0.411496713612118,,1.1861370837285,,-0.949617664186158,,1.02154669487916,,-0.738994455070574,,0.480979824334291,,0.653300126365682,
78.0124,31.9853,-1.1266203508781,-1.04851873131435,-0.532168948032204,-0.720816872936225,-0.497722751852237,-0.65361613137029,0.695776230474945,0.698915525446589,1.48039542757024,0.719154025159219,,0.156253507571253,,-0.684388688646867,,0.986925577682811,,-0.951151308474491,,-3.24801542537288,,18.0754066232506,
79.7391,31.9986,-0.119402261922537,-0.229278832316024,1.68792824990642,-1.27833722416886,0.123235449022276,0.74270654835815,-0.494969477704524,0.371731998793769,-0.812794513338026,-0.412734457390273,,1.14181428396298,,-0.949451642558312,,1.02122065320898,,-0.785601433717868,,0.539069981359378,,0.704557308916289,
78.7585,32.0028,-1.52398943284896,-1.26695502024854,-2.01577102883871,-1.27901806300061,-1.00408188160487,-0.000195665159927844,1.02996140320688,1.93923147600385,0.906045837060769,-0.402285814812204,0.000000380042562531102,1.18083637075242,0.000000719297314377698,-0.932608720227545,0,1.00037623740952,0,-0.820432754986461,0.0000000000102269304136371,0.657214010653118,0.0000254694996122407,0.619939406245193,0.00000019120915961679
78.5682,32.0033,-0.706789332711495,-0.661442684263026,2.02905357195641,-1.17153585656019,0.383446824102751,0.921685000563516,-0.466514035592678,-1.43939511420533,0.980032634527858,-0.395167767930899,0.00000145001638918174,1.19942303966541,0.0000070061328676374,-0.929846358930889,0,0.999186642270306,0,-0.797719587120123,0.0000000000295932167659885,0.615226481781562,0.0000699014287477429,0.609018846342588,0.00000105180999487864
100.168,32.0148,1.83455609253762,2.03437163393009,-0.478907482944332,1.39009206896383,0.850665193354119,-1.59662695267175,1.04143711722423,-0.180760729865399,0.0465695558630723,0.676986032496679,0,-0.390240995462,0.000000000660372201366499,-0.174591531559077,0.127468087801214,1.33599056546979,0.00000000322754578618856,0.207511518436443,0.0605803007854429,0.470775740255228,0.00381761837443118,0.811077381545965,0.157869448428681
103.467,32.031,1.96618986564442,2.06116496072045,-0.786190887106571,2.17514773636065,1.25786619038994,-1.8151534066511,0.758366721681898,-0.763549612590503,1.14058302667956,-0.680338463214543,0.0427066815413399,0.818723100460851,0.0399905412985917,,0.0824848396962969,0.810446914064602,0,,0.287180211000674,0.619632731385121,0.0451528514013022,,0.0423470601541798
81.864,32.0325,-0.573124213691589,-0.644424537733396,1.78767621440776,-1.09228641703693,0.752147276676288,1.12387061232242,-1.43884600764909,0.237897322656825,-0.95794432909465,-0.389873867470528,,1.11607277889188,,-0.956266782583282,,1.08128762437618,,-0.735427433825209,,0.416135891767876,,1.27587975840606,
85.7726,32.034,-0.184093695302697,-0.432622379421158,0.446997280870575,-0.722773238825329,0.155213715992492,0.667115108865245,-1.01623114522835,1.02180238117039,-0.563050764582482,-0.274644400509356,,0.733776133179923,,,,0.758943415693712,,,,0.160104699759395,,,
99.1061,32.0381,2.52070452783573,2.26565891284091,0.137858348030438,1.4262360061068,0.442816544305447,-0.507616397912139,1.10817359085764,-0.386154331717846,-0.252763454327641,0.645446412176682,,-0.114049195129592,,,,1.12606763478592,,,,35.6990176313975,,,
82.5357,32.0478,-0.178017806458871,-0.373722550441161,0.555858244274205,-0.908206571106528,0.176419087028798,0.628357786948446,-0.904229954867793,1.02529491406887,-0.10362536791277,-0.425590585365161,0.0000000000423929780168919,1.10482359132886,0,-0.924389561808897,0,1.10898583371286,0,-0.697802587483365,0.00000000252242604581454,0.398303117591255,0.00000180064769672583,0.969391571907743,0.00469594125397022
95.4314,32.0501,0.0959548062340929,0.108306413862566,-1.09951490087113,0.638052762897705,-0.590325377425239,-0.807214327289037,1.31465243086698,0.859040363287424,0.376843592565107,-0.315557361227725,0.000000363510618939245,1.12742285907389,0.00000000000155853108196879,-0.575129322590356,0,0.972256925463939,0,-0.213487173737116,0.0414850319929265,0.962784778531659,0.0000000000000077715611723761,0.920181440286345,0.0000000791450240900105
101.276,32.0536,1.03200453329451,1.19149790581303,-0.450824876432005,2.09900294783133,0.249937150913323,-1.48882264158621,1.13084289751175,-0.0643066067210788,-0.199003232842495,-0.608764251224766,,0.758975524368785,,0.0162000873347778,,0.755677901467833,,-2.94638335089698,,3.0017045829606,,0.814657015521923,
96.899,32.0559,1.87461858918909,1.97538947708854,-0.0549758325822544,1.00722061412325,1.11410280646139,-1.34587724565951,1.2194968994639,-0.121627875464256,0.57274974105182,-0.252421724893406,0.00000162431162564758,1.21619933937698,0.0000000861113298444849,-0.664492761659107,0,0.969913731875022,0,-0.162702872299512,0.164234241092812,0.899418368056634,0.00000000000526512167198234,0.896615934038101,0.0000168023367910219
96.8065,32.0704,1.85804995254934,2.02063260420559,-0.287595020122077,1.07483528064179,1.02921013181714,-1.09095933092573,0.975894789609877,-0.341387419635313,0.771787048392696,-0.254545252651129,0.00000087421718752978,1.21738847404303,0.0000000338844445835207,-0.669825122239784,0,0.969159598085751,0,-0.160674573815078,0.170026901199536,0.899521807175144,0.00000000000140731870601485,0.939626144860916,0.0000203886825447253
90.0439,32.0862,-0.224322270344879,-0.306040444817372,0.266551582785655,-0.0516477065947164,0.57339270003653,0.731305066317978,-1.15599313013256,0.405416589858732,-1.10549077168139,-0.387653784100751,0.0000000000981412728862097,1.11316650245344,0,-0.917017296245653,0,1.0181888150515,0,-0.794396049217642,0,0.315976589956168,0.000737222024145057,0.634275410476352,0.0000017424288951684
86.1211,32.0877,-0.555298073186466,-0.592255778988114,1.28569133914155,-0.825180852176369,0.99594574061693,0.858449852569969,-1.14254659994558,0.301530613045913,-1.05074134527953,-0.159775499523822,,0.721956232380031,,,,0.711010640273933,,,,0.153491191127197,,,
76.8711,32.0916,1.9732042048094,2.65641376729691,-0.314707483926618,2.80843880343943,1.37802934858294,-2.11981072215757,1.37561593724684,-2.38111428053579,1.26790369513177,0.737542101268561,,0.209772598141274,,-0.701795150874716,,0.97962770879904,,0.00812367858266981,,0.99656977477531,,-0.437380140670813,
95.3413,32.1134,0.983537828947588,0.91562151286852,-0.770241871416351,0.65016327509873,-0.508771419382566,-1.05285942702657,1.32745303085571,0.448318925674133,0.923067314390716,-0.298387108350568,0.000000411655092236174,1.1494976392091,0.00000000000855981951985996,-0.58029418380937,0,0.971919362487885,0,-0.182069503479895,0.0756200061938217,0.914323592063891,0.00000000000000666133814775094,0.917196913395632,0.00000018976833815465
98.299,32.1363,1.11196847764094,2.10407469268494,-0.658495746793243,1.89253555239116,0.653296258811797,-0.89089895906455,0.596442016895725,-1.15930321825805,1.55713999301088,-0.183844017130548,0.000080995600524103,1.34533955877876,0.000761411279676327,-0.561553809817677,0,0.957405775809227,0,-0.111977776631723,0.42702304771432,0.731909529332229,0.0000000121877454795083,0.720479283642736,0.0000698233522558045
95.9288,32.1499,0.545033995659438,0.397974794894663,-0.837364773996212,0.773283590663865,0.348369354744938,-1.26889755557366,1.29785938706846,0.490132902198101,0.432032115930046,-0.324742292287857,0.000000924647298061743,1.0936908359423,0.00000000000170774505647842,-0.66544325939166,0,0.973167147195841,0,-0.381735021551921,0.00149289080644555,1.12828850609954,0.0000000000000526245713672324,0.954392575341184,0.000000124278639379583
80.0766,32.1526,-0.669506074704822,-0.748858597254436,2.08704164500922,-1.24168187805219,0.648333392772612,1.15292060283969,-1.54945624188253,-0.138888976911484,-0.72065444512199,-0.405258258452533,0.00000000319450776942176,1.16156593300295,0.00000000072552985841412,-0.957890993662124,0,1.02556968850322,0,-0.702684440756852,0.000000330193990372152,0.805162129639707,0.0000277786308426897,0.689383101287823,0.00000000121370269390297
76.6389,32.1537,2.33471442640673,2.09380611897123,-0.519075383056965,2.26338065792456,2.67024631820052,-2.72011325484976,1.54781432082985,-2.1589459781457,1.60005763855233,0.736627642590838,,0.200470066072366,,-0.676578495142844,,0.98134174908777,,-0.0274431533276803,,0.970197080149403,,-0.433806604465914,
86.4287,32.1626,-0.66074628028523,-0.734211304014472,1.63694989536349,-0.853937703667149,1.00939490791246,1.19038314118,-1.15274684977316,0.0950198136179253,-1.18727575291628,-0.403842901047635,0.0000000444953793810043,0.9838522686585,0.00000000000441291447828007,-0.662822858382467,0,1.35038482871552,0.00000208446139393637,-1.05103634533255,0.395088625951468,-0.0517892531517139,0.788691707715846,-0.258035895270789,0.269460463282971
78.3153,32.1751,-0.938520144996088,-0.849903641805944,0.482529264276064,-1.24101252735237,-0.571216685290709,-0.0731315565040816,0.394956519328292,0.563014296998836,1.45053625644578,0.667840302156288,,0.19235545708189,,-0.659948388402834,,0.983040381551341,,-0.929612680351721,,-3.99141324706489,,6.33206694462877,
99.151,32.1857,0.826855852675434,0.932567474333775,-0.793902275764775,1.10127353372977,0.442734643613848,-1.82036630238605,1.23184035567158,0.302340924569242,-0.101351252002642,0.668467838743316,,-0.115035712484734,,,,1.11428708178228,,,,15.3033610307551,,,
80.3808,32.1889,-0.625396254427269,-0.544489469215928,0.769217966386234,-1.21050795353233,0.167908885778275,0.694629194013117,-0.78827774198338,0.847452465528719,0.64491594959857,-0.406354130002019,0.00000000027056401563641,1.17999531488642,0.0000000000654369891606166,-0.95852470820553,0,1.02780091417042,0,-0.433588365054431,0.000782030726118599,0.656848329658443,0.000000987903422400294,0.869165249359702,0.00000000401982402919998
101.807,32.2084,2.62280991798175,2.45346470878752,-0.253786838947588,1.79029838258661,1.4168325595286,-1.0283145472572,0.922296620359396,-1.61095231519484,1.38422006128739,0.477003096159456,0.00000000128836297186297,-0.0742186124210925,0.375279791759459,-0.106788042614038,0.163794660263534,0.978111748012611,0,0.472513844442459,0.00636386468252415,0.266614569169598,0.659174164901571,-4.61181279924413,0.270056666002591
78.9531,32.2086,-0.808833141643625,-0.829769748277207,-0.668658076292843,-1.31507630740244,-0.746999216163058,-0.280474493395259,-0.0522307236549817,1.51130170956455,0.67300669478393,0.60875308842511,0,0.228902677836032,0.000105913989540962,-0.66726037556939,0.000000462497155240271,0.987394295185881,0,-0.627075471036408,0.546573393708557,-2.40500610131817,0.652016846206964,1.76576037938196,0.711864611684331
84.6776,32.2108,-1.25753943520054,-1.4412387238183,0.148245327586082,-0.994109775486308,1.39302960211108,1.34082279668225,-0.914076515570741,-0.0731955729860243,-1.30145361875992,-0.661660009101691,,0.898265312634564,,,,0.173535377668567,,,,10.0020365307609,,,
93.9367,32.2225,1.48948161339175,1.45578731792768,-0.498107600619371,0.776837446331969,-0.574800808090332,-0.568441207599765,0.906377039245806,0.519861537131701,-0.179469971464942,-0.249921779028191,0.000000273466323363891,1.23234387116845,0.000000000293640223247849,-0.693621158641893,0,0.971406554180355,0,-0.305714577091195,0.000236927117838404,0.729416318730083,0,0.752149173609155,0.00000465048678477409
100.788,32.2398,1.14630965887252,1.5018016216589,-0.783678875063943,2.08131442788366,0.45558659514955,-1.96850548757181,0.725715322991444,-0.222641258602381,0.646587161209388,,,,,,,0.921464207931528,,,,,,,
76.3802,32.2518,2.40301595556768,2.34191729100107,-0.477690631716393,1.15316673320723,2.56759016506794,-2.70583972615946,1.74300390197984,-2.56466578878151,1.78926864553486,0.665054037871747,,0.318572121222464,,-0.630422054748584,,0.979184915023834,,-0.0227577718431016,,1.0360534554456,,-0.374367566307607,
91.2078,32.2574,0.162585660724398,0.113647630076838,-0.0330130774095281,0.646036456540996,0.0496005913146325,0.948423535650301,0.310872819056116,0.356828825587281,-1.23037358324788,-0.246714490502044,,1.32237683302968,,,,0.24272776374105,,,,1.43523655281839,,,
77.439,32.259,-0.443496398676204,-0.386925422730556,-1.11261481976602,-0.529449151493089,-0.939596971146647,-0.934147301472885,1.05474081223784,0.0942447636276879,1.22737850755683,0.724587573210108,,0.169292243819542,,-0.67697055892283,,0.985399937323917,,-0.935853329806959,,-3.2275943824964,,38.0763324414137,
91.6701,32.2665,0.837164135044296,0.653301702973452,-0.0316330179277321,0.817174322132037,-0.168694922185476,0.795010110320772,0.467371386024085,0.321588133963856,-1.11300630253837,-0.214374477517169,0.000000124563258596666,1.36766863106931,0.0000000379792695071046,-0.743772666136997,0,0.988777288023678,0,-0.216069668593472,0.0789208213617356,0.466551595367914,0.000000000000197841742988203,2.22640674799241,0.394905427169969
102.974,32.2762,0.813676793257527,0.886981992563417,-0.927265749579039,1.45691141188001,0.636713973117618,-2.19946368963922,0.990089476832326,-0.252114322558403,0.446699213595015,-0.687701218381587,0.507726252199686,0.830241696528774,0.507245481610769,,0.373008094056886,0.786580795619513,0,,0.405508594876072,0.622138751659362,0.508211057034816,,0.507893253648432
93.7858,32.2825,1.9190615798651,1.6567820557506,-0.117827972417652,0.648960420517779,-0.301955753011379,-0.0967909388247275,0.935815458668886,-0.0194782835993475,-0.830212319909433,-0.234522561215376,0.000000609921244842937,1.24045059610377,0.000000000294928970134833,-0.69453552407425,0,0.972482000240319,0,-0.31951944715575,0.0000892876983717983,0.713455812964504,0,0.750726102059673,0.0000186493834444246
86.7922,32.2951,-0.470458379817139,-0.519622699644875,0.982255110848454,-0.693558926204857,0.751775183447741,0.834576402647361,-1.21743555822869,0.624561341295311,-0.34944322265918,,,,,,,0.998359535968938,,,,,,,
78.1185,32.3041,-0.908048715642937,-0.815227535919717,0.880270455365363,-1.28775075825501,-0.839892376055415,0.136765138958855,-0.234186993772002,0.23904267386521,1.19057529235837,0.728762217947542,0,0.118265096088556,0.0962257970853861,-0.696098730517451,0.0000000000453439508163456,0.988324454330492,0,-0.518039349697318,0.488252105516351,-1.39297774422335,0.644701508539784,3.73822793716124,0.752736387183387
93.87,32.3057,1.51926304291165,1.53809138353793,-0.271461429838344,0.681032163185797,-0.352637111950957,-0.52949559201072,0.781746823780212,0.338633666169393,0.122164850099893,-0.220528168907083,0.00000185373565542157,1.24469319147353,0.000000000689237777962148,-0.695349909082256,0,0.972157738662718,0,-0.328046180999576,0.0000649614743253313,0.707116235948712,0,0.737271850666347,0.000019685089505117
99.7951,32.3348,2.42829450703154,2.10163108928699,-0.261287742984679,1.28497280825759,0.582426127799961,-1.39217660409612,1.13841326416797,-0.190702747074521,0.309422952906181,0.709267661820983,0,-0.384625232842957,0.000000000109806608250551,-0.355548230836234,0.00000991352555690383,1.18067351275788,0,0.300862687906036,0.0012405065692358,0.534193687953661,0.00000850866349932922,1.1081241826695,0.183313677917917
78.6191,32.3352,-0.890039634863751,-0.82405697991326,0.144219571378641,-1.23493316375129,-0.52159587745098,-0.646089002407007,0.507426973739009,0.446206892184184,1.56980186148852,0.67091078602301,0,0.170015721175315,0.00860168607337997,-0.703847545918058,0.000000000167305502785098,0.987652374876788,0,-1.02321643064755,0.694331990764855,-3.72620580333755,0.744411413771358,9.59175261258094,0.910970900058312
84.0875,32.3352,-0.521252682608342,-0.660542690428094,1.92204509879599,-0.964117554392174,1.32026526024428,1.17013200554159,-1.32366592171193,-0.0249778573332922,-1.29301145955255,-0.462997283918549,0.0000000000535860245065578,1.03793026901345,0,-0.875694768344845,0,1.24004473816449,0,-0.458343219931874,0.00656689973235358,0.335815427109228,0.00282546203044354,0.482650584662979,0.0000015669205943869
79.1466,32.3423,-0.470369215015155,-0.528657655149436,-0.120755591362828,-1.21366961932145,-0.370149037167397,-0.947616398350897,0.285269124316964,1.08754134291178,0.367652783175099,-0.386301443580798,,1.14470097858612,,-0.941397379355104,,1.01811325887961,,-0.785284060410051,,0.553886966007072,,0.699040335095796,
90.2548,32.3577,-0.0370556471942977,-0.190482866372032,0.457433580654534,0.0247799663760026,0.31441325153913,0.71307669342908,-0.539282489052903,0.409868999166992,-1.12480450172443,-0.28948880790251,0.0000000000602320415765689,1.50642527559475,0.0000206823570991777,-0.809315465015451,0,1.02217653032149,0,-2.14594803505322,0.362814334990315,0.19751882757329,0.0876391049012712,0.0136708616340276,0.862949548379393
79.4694,32.3579,-0.491782223943423,-0.546369271340398,-0.142969114331554,-1.18482536121677,-0.50707915676787,-0.939938030335123,0.416834564270721,0.964878904520821,0.0357250813061986,-0.393627227013303,,1.15925778115055,,-0.946006503607829,,1.0215389408443,,-0.751875815686071,,0.528215725482825,,0.693132309031199,
97.7971,32.3596,0.779950458646189,0.645833993285904,-1.02504523283509,1.39779241968476,0.0485062520150484,-1.72364356499837,1.69718894700799,0.289503770660637,0.713481468209922,-0.198292087077436,0.00000452490159918995,1.38226117767541,0.000193814321902241,-0.688423586705617,0,0.980964019191049,0,-0.174842020337274,0.247235611613504,0.811388284225366,0.0000000293696640341068,0.764584364519149,0.000581415084547343
103.728,32.3655,2.36920358614576,2.19401526892349,-0.0894756156791979,2.28646311749665,1.14473950793654,-0.337261545598456,0.606325616075144,-2.00861876826269,1.16529185624286,-0.679726611434535,0.234752349586957,0.828311843474742,0.232287643193748,,0.132607098854114,0.78897242996815,0,,0.526979523807571,0.615071177184284,0.235292291119115,,0.234815618471065
89.7371,32.3713,-0.401802762803457,-0.456364900940619,0.759825123068599,-0.301427247264614,0.588701918374988,0.460021353851947,-1.08149559054333,0.346460489251892,-0.902037139210033,-0.256789410549671,0.0000000000758617613172419,1.62676584419015,0.000428635304248193,-0.819152878675193,0,1.01408093426506,0,-1.2691554903508,0.00195946122176571,0.22381371065868,0.0000000111540598979332,0.094373549897825,0.0831690088426011
77.7882,32.3718,-1.44338648830005,-1.30065002889973,-1.2170611176538,-1.23905551474876,-1.36267938952789,-0.735413464106359,1.32532920037294,1.45866705491639,1.12473524405734,0.731422363972252,,0.130648572539774,,-0.698808889402567,,0.987390246718074,,-0.851636685541635,,-2.47831598088042,,35.8249135897797,
86.4202,32.3742,-0.448308703332569,-0.555197396323549,1.01622364234209,-0.677245384404052,0.470526669053683,0.620950844381391,-1.30113884780446,0.395974987240827,-1.04811976249518,-0.409710762203435,0.000000022982404423999,1.00488834526892,0.0000000000177191594730175,-0.647549096283097,0,1.41480593726684,0.000383569845695542,3.78692700599716,0.876245447067724,0.667715482414493,0.859054545175717,-0.134984873649595,0.363719334057209
97.2561,32.3818,2.6509784064819,2.3718746777665,-0.27277825628063,1.15825254425673,0.231053586681071,-0.79464197225018,1.17934053505382,-0.176997743110879,0.377667247331154,-0.209517323538762,0.000000423198417420778,1.36647669421985,0.0000139032386838878,-0.672260725382058,0,0.974488203143938,0,-0.14663902670391,0.262759493292903,0.803480261303245,0.000000000284021695051706,0.78022612221546,0.000222878260143888
78.1382,32.4063,-1.24478309935515,-1.14783965462246,-1.04571706575008,-1.28420403531147,-1.34872315875255,-0.449455109253153,0.606890008772092,1.26136979945724,1.0945078933734,0.728762217947542,0,0.118265096088556,0.0962257970853861,-0.696098730517451,0.0000000000453439508163456,0.988324454330492,0,-0.518039349697318,0.488252105516351,-1.39297774422335,0.644701508539784,3.73822793716124,0.752736387183387
97.0834,32.4162,2.814345360043,2.32482817984031,0.111082884417485,1.03250485380549,0.27787305836525,-0.424863621396894,1.33888955169351,-0.285708311294366,-0.332600833682289,-0.203686800379052,0.00000164117664880337,1.32930377046109,0.00000679557283556065,-0.698320607524362,0,0.975068187464549,0,-0.241295012254701,0.0498022722924167,0.838815890802875,0.000000000153758117349412,0.715207791443217,0.00005070876753277
76.495,32.4187,1.45377188408328,1.91934351748982,0.593638017925396,0.874227822786947,1.9015056444412,-1.28573320467557,1.31856757401517,-2.92325434425168,2.54456380193363,0.656217238715888,,0.325975317733159,,-0.615909874338486,,0.980407146137052,,-0.0204086438474398,,1.04211092444722,,-0.357689350493682,
96.3888,32.4224,1.62636396336513,1.72758152795776,-0.0256269343162993,1.01087786272005,0.789878659004975,-0.209157394572673,0.908083160307184,-0.632500091177784,0.614412249023318,-0.255667312713716,0.000000643495285723716,1.18953701854301,0.000000000488609819271346,-0.72890373418484,0,0.977345942205473,0,-0.291340671630409,0.0171378804942077,1.04904405079376,0.00000000000473820982449524,0.95816723176949,0.0000615447162926053
95.9862,32.425,2.050365382844,1.84909535221334,-0.248259282824859,0.666687423506639,0.563243553604932,-0.94049236813899,1.14524199842253,0.0267386665107436,-0.392796222032611,-0.299599999789559,0.00000128024888268463,1.11720035420132,0.0000000000310889092247635,-0.71541810728603,0,0.978609713516417,0,-0.384699399268903,0.000656240488019044,1.09531350899573,0.000000000000393685084532081,0.977975864084043,0.00000564550085813131
101.196,32.4272,2.71935987661324,2.22975724152332,0.121477800179299,1.80992030304337,0.826942734203042,-0.543925083486316,1.33698043455193,-0.74467242409074,-0.101413489960724,-0.688721134166894,,0.648080928941254,,,,0.00352491484961587,,,,0.000913805245404539,,,
92.0528,32.4357,0.795203522626248,0.807103932446982,-0.477425853111571,1.0281522429565,-0.618180203058802,0.336258168955023,1.04442930326874,0.534585252587865,-1.09037274457463,-0.259462130275062,0.00000000477741135540555,1.2979342662613,0.0000000000239364084109184,-0.753778481526243,0,0.97999667339765,0,-0.330305616104688,0.000493575377423339,0.534982799157166,0.000000000000000222044604925031,1.12385519938604,0.0247909288332218
90.5304,32.4358,0.0132599441282987,-0.154661747187217,-0.122153454330037,0.304918909619279,0.0625230276954205,0.794870781034483,-0.0874534382079293,0.709859001679653,-0.528590926816464,-0.00180374082431096,,0.713566974864557,,,,0.967682633558851,,,,0.403964628905866,,,
91.312,32.4469,0.377505784848268,0.264210898114772,-0.305951309097031,0.785582509238634,-0.317262524792986,0.572064263917833,0.819331633418155,0.592923498971825,-1.05311076904445,-0.228941926901245,,1.31241948789627,,,,0.200571730603105,,,,3.70351021767496,,,
89.2158,32.4469,-0.638338263438948,-0.679741720850652,0.000486551812130229,-0.357621624701002,0.515599239635841,0.587334861496046,-0.51344164565701,0.297895525523419,-1.28771064982957,-0.397730722065619,0.000000000000303979064142368,1.27876591723636,0.0000000000175410796998676,-0.934606072055032,0,1.00368994509705,0,-0.741535147655074,0,0.302042791994659,0.0000000104882167395459,0.411976165927565,0.000000000681505074595634
77.2137,32.4519,-0.375748386902,-0.177179798183008,-0.498960030906967,-0.100904065994749,-0.536250608953577,-0.884539952127858,1.17991057629871,0.0714917970229482,1.93437633255577,0.684138810046065,,0.241249985805144,,-0.623751875475701,,0.981621400970783,,-1.24510660743574,,-5.51165981569028,,26.5927614829158,
98.4929,32.4522,2.20601444318812,1.82395273874956,-0.31472284470953,1.09025617444955,0.240011259368277,-1.00881971219484,1.10936477427012,-0.0750572634552786,-0.0169149292578861,0.689121160699028,0,0.0630529536307884,0.31329982894159,-0.519299736269353,0.0000000000000388578058618805,1.07474762373789,0,0.756878407486821,0.0649548932318449,1.3674932249529,0.0053717771054731,-0.891357772475626,0.000000553011474391241
78.2055,32.4542,-1.66753859961015,-1.38669395579121,-1.63889652044786,-1.25572259513518,-1.59223872639721,0.221595970103778,0.838034109871699,1.62304320805937,0.724098897803971,0.730669127531911,,0.10627082595394,,-0.71004072019341,,0.989376299957216,,-0.728280110562111,,-2.179686181178,,10.0840921792185,
84.2311,32.4697,-0.510916092019197,-0.597198871559908,1.34926244412651,-0.87829473523269,1.00639746666802,1.22852397507417,-1.16200065641731,0.152759338992574,-1.04111235080815,-0.341966008728658,,0.740565246911356,,,,0.0303297070290094,,,,0.0032724938363923,,,
86.1414,32.4734,-0.358706532169509,-0.486563168411656,0.691269169186721,-0.773646257598897,0.612999991258028,0.792285273854531,-1.27500723489987,0.679436406347899,-0.748860851307547,-0.359167105294194,0.000000254635083685173,1.05056458957182,0.000000000253598253507903,-0.649734764789781,0,1.27145774402848,0.000000000000984767822842514,1.15727130275764,0.474655240392918,0.23965739805014,0.114256358847532,0.00838536267580429,0.926923107609997
91.5437,32.4786,0.571663986581512,0.39163775493286,-0.246071069579026,0.921340196539006,-0.400800842384366,0.724266152745189,0.967668052699706,0.62671502815563,-0.946240747353923,-0.23328035240576,,1.30320006152531,,,,0.24507553442435,,,,0.957743878226741,,,
89.2655,32.4837,-0.499403399482474,-0.511785960888419,0.681778525682872,-0.308557665165319,0.493520542796476,1.21058370047333,-1.27050202585216,0.354252541500834,-1.16256454240299,-0.394431428111724,0.000000000000442978986825437,1.27842956818334,0.0000000000248949749703797,-0.94029133754864,0,1.00115626260863,0,-0.73721860686999,0,0.31238024457664,0.0000000028834328258398,0.410569894819538,0.000000000947939948758858
80.6396,32.4853,-0.548345714452723,-0.554940450814923,0.443203765284543,-1.2254986122347,0.519368687437067,0.179221473087426,-1.05380960609676,1.017017252286,1.07579610118721,-0.335253172534113,,1.15374056780873,,-0.976549747651504,,1.9977740296945,,-0.108644685726621,,0.0269149610919268,,1.11171625783903,
90.8681,32.513,-0.14005142232066,-0.185944703463448,0.166601485015058,0.320315762686567,0.0111126291043223,0.932405411109321,-0.309665475368043,0.429827011800029,-0.869292101822078,-0.292826390236835,,1.18807642119489,,,,0.351551783742104,,,,1.32080769393254,,,
89.4816,32.5131,-0.0338370873404919,-0.211265466110185,0.123299037509677,-0.297148856778152,0.276265654623253,0.740649548658537,-0.426195135753506,0.620143859890693,-0.948492916886861,-0.404839306117741,0.0000000000000364153152077051,1.27452626871784,0.00000000000108002495835535,-0.944812972087543,0,0.998503532738348,0,-0.763479685336642,0,0.254986372625739,0.00000328802119264893,0.359847978616029,0.0000000171991132447147
87.8216,32.5205,-0.433405648499157,-0.478237131440343,-0.231915356544026,0.0480969855232926,-0.524454225779645,0.699837455372057,-1.01450722883732,1.18696275507351,-0.504803519071227,,,,,,,0.99455331851702,,,,,,,
101.973,32.5321,2.727278266312,2.33923044789907,-0.217855383117208,1.23091713287825,1.1002404204796,-1.70630200455272,0.86620062776258,-1.04583936914045,0.117719126695347,-0.712075637690871,0.414406800050351,0.831372187174467,0.413954773917933,-0.207814077840625,0.0426807829300353,0.702092099177612,0.00000000100177266482149,-0.363591450726949,0.35142174110228,0.677914880554849,0.440841902535993,0.704846732424348,0.414400633045461
100.585,32.5362,1.74004851921926,2.12424273339045,-0.552496783346826,1.93106297084964,0.543647951274247,-1.19002997232523,0.654920024408252,-0.622944182413451,0.63276855803366,-0.0504037954561547,,0.382621795688862,,,,0.901957520876849,,,,0.591523249001387,,,
78.3602,32.5393,-1.24293976966938,-1.18434768380275,-0.352178690322728,-1.21289281283081,-1.45057819704432,-0.252516290599363,-0.123696959330999,1.37347175367332,1.43816881572381,0.735607954035709,0,0.0849472702944589,0.211641258509474,-0.728503565902886,0.000000000000000888178419700125,0.991128696924538,0,-0.529429888428794,0.452856249201625,-1.30887682364387,0.605854488937695,4.19937459232385,0.752873765430355
97.0084,32.5393,2.55565253476588,2.01543297512187,-0.28443909275399,1.08205027540937,-0.017696679146741,-1.12559680872326,1.27280088193008,0.0888139874774967,0.0286625582906845,-0.200391881764675,0.0000027773076001214,1.31529564846994,0.00000701393711022291,-0.713626219866611,0,0.977233495005066,0,-0.24793415379657,0.0707403109614422,0.903127580414941,0.00000000185520310225229,0.795023368076691,0.000277222682569356
95.2044,32.5461,1.46957362015135,1.4100183378136,-0.293391777832438,0.533169876588603,0.0577793581773088,-0.68070687528776,1.11849006553322,0.32936987682398,0.353809834164163,-0.244888700222824,0.000000571386964187681,1.25887675229776,0.0000000236515824703076,-0.707491404824788,0,0.975184983363028,0,-0.28687884452286,0.00646253090465732,0.789431228981916,0.000000000000092370555648813,0.816527254502057,0.0000129668278627815
102.463,32.5595,2.12404429908117,2.11130604009381,-0.0227361673952855,1.14058679692711,0.939130168571834,-1.57241380542568,1.03961338148737,-0.755640333862976,-0.546987442522005,-0.725191085933787,0.141045931512793,0.833002664905921,0.139791116866401,-0.166133101219504,0.169786753669637,0.7382054433202,0.0000000000000799360577730113,-0.206749183514811,0.389502305994024,0.617336735459231,0.170406952826201,0.617485533736819,0.141325732784865
102.805,32.5619,0.606330880069625,0.651884154225436,-0.756271499876367,1.56392581791907,0.384040802082192,-2.15310225858122,0.873296766743031,-0.125012551736153,-0.0671639848330335,-0.718775339771319,0.101637505249953,0.839150289689869,0.0999834254486458,-0.0644729179552044,0.798170886459992,0.779544497413455,0,-0.0701744309534809,0.806545209883424,0.623178007705926,0.113139872447195,0.316227024303176,0.10189588844973
95.7871,32.5632,1.40303254980685,1.34853172131404,-0.249556711622666,0.585369500153384,0.645007514081881,-0.728056008079719,1.1841734720039,0.150500890900496,1.05338690164493,-0.210748842381721,0.0000554178921350346,1.16521463322602,0.000000000706150915519288,-0.72224352081139,0,0.97985466821611,0,-0.386764213219348,0.00210078306018913,1.09621878351544,0.0000000000107285291761627,0.875054790036478,0.0000217597667113711
82.3552,32.5682,-2.11022645695924,-1.59345999546941,-0.128312643812515,-0.950545354563941,1.25917360841627,-0.0890881216782133,-0.0189499219223373,-0.136868273411398,-1.31760380442479,0.0552133758235736,,0.0539101769861911,,,,0.956676279144849,,,,44.4739772663878,,,
98.6213,32.5774,1.53506718836399,1.30542765190814,-0.488673697061643,0.92268661722955,0.123641192043243,-1.73799912374225,1.15252192366061,0.155863541812735,0.135947673664754,0.716577256748114,,0.0487408167449824,,,,1.09090616847566,,,,9.94764259011747,,,
76.435,32.5802,0.518601772458234,0.377437714262556,-1.17761299233803,0.614377404567379,1.09519447611496,-2.42557206721282,1.57824365244449,-0.546613504381682,1.88112228765178,0.669647726742918,,0.298879560641554,,-0.58072069462145,,0.981422217369927,,-1.69809259809544,,-10.3190702458552,,22.9247434230616,
88.169,32.5835,-0.102226175067375,-0.204926220028692,-0.0703983257892948,0.114835978550749,-0.151924872438585,0.836362662814933,-0.613777688566001,1.02874277953493,-0.44696061644195,-0.376682521732859,0.00000000000599498228837092,1.33057933932673,0.0000000562652151536724,-0.936125692430721,0,1.01908784376378,0,-0.65052984795395,0,0.321138230750829,0.000000000256205723303538,0.380634593088397,0.00000000441526148975413
77.8247,32.5836,-1.21427246336037,-1.15513894273967,-0.338298310362323,-1.30327175087137,-1.75593734347097,-0.597392771950639,0.507385736115779,1.04024939067007,1.05908297837381,0.716664631645709,,0.153776692324139,,-0.690011660399722,,0.986639909863629,,-0.978669000598718,,-3.19277602399698,,31.6567136620508,
91.8168,32.5919,0.234219982560609,0.322156759242006,-1.26491111053522,0.942114191145372,-0.653292920607603,0.109286337486307,0.46071177178501,0.866015901479678,-0.943346623246245,-0.238695724495276,,1.32860514422573,,-0.760660189653859,,0.981432858262993,,-0.246540317132278,,0.502325421916742,,1.70544219038268,
91.5539,32.6074,0.183591880364278,0.169858381489764,-0.563126181968576,0.875185041052336,-0.381984361846724,0.7698590523831,0.367614877467157,0.657818552009862,-0.942858512245608,-0.205876356411251,,1.28930058963795,,,,0.2309417688621,,,,0.870320367718341,,,
90.4453,32.6099,-0.106569595657817,-0.244228485185609,-0.631944127498057,0.389184311058678,-0.21584726018895,0.508708673801882,-0.349110696067932,0.873340713249151,-0.451909241950174,-0.279404044768843,0.000000000115038423231795,1.51729041001629,0.0000405488359447315,-0.815549719577776,0,1.01011516298459,0,-1.7440517081341,0.120243921177924,0.228621326659799,0.0053719384554527,0.0161088101385433,0.806437176627416
102.535,32.6101,1.80367526064996,1.88176873199837,-0.384196438051831,1.21380767325978,0.80981617038616,-1.86435183981205,0.928930242435537,-0.675802723992221,-0.0790423431249794,-0.740539289708437,,0.833159398316442,,-0.156785325137424,,0.725462544273898,,-0.175822180644704,,0.581331407735833,,0.605774281676423,
87.2436,32.6213,-0.491854167059744,-0.614938088697894,-0.303277899331201,-0.121090856542565,-0.227913346656482,0.814412657469626,-0.70266266163597,0.860179888738946,-1.1586738972705,-0.307703227601652,0.00000000975565073169093,1.40280975132309,0.00096660656647396,-0.619545983402534,0,1.16158394210814,0,0.244091404860232,0.374409423313429,0.0374789553624698,0.326019113244211,0.157895341498005,0.000268556100088579
96.6256,32.624,2.10929915187201,2.10293599196063,-0.124687707994892,0.755505857920312,0.502338396513029,-0.715671133012153,1.22802645961942,-0.0173398621036947,0.733727729606097,-0.219975122833459,0.0000013180656373013,1.26031018580252,0.000000130032768330679,-0.73312347830814,0,0.977689597031142,0,-0.218212051553032,0.108549012503043,0.967548889448772,0.000000000154144919051191,0.957158740432353,0.000448223621941191
85.6647,32.6562,-0.175807485156931,-0.34611143888994,0.490471816314707,-0.624620120789652,-0.0228318026473038,1.00972834509993,-0.367180738026249,0.951672627996143,-0.717027393906034,-0.425790339941788,0.0000000151597807640513,1.11197487625596,0.00000000978917635841015,-0.731313814047129,0,1.21740419145271,0,0.0523728882682311,0.800287950972524,0.186236407823854,0.00330297048122752,0.206433097296394,0.00201638003191529
85.5584,32.6582,-0.257216947518713,-0.457779369299035,0.876747636971885,-0.63352040849071,0.00443528012460817,0.594735612891149,-1.14967370004692,0.700200994088593,-0.822275117001574,-0.460680974980809,0.00000000577580072658179,1.06269392858655,0.000000000329462679360404,-0.739150912640707,0,1.31701338695375,0.00000000215019446692111,0.0929565448869096,0.604244661153162,0.161920095249045,0.0151764098936125,0.173768959922131,0.0199579588987482
77.7548,32.6591,-1.53462002535716,-1.3391543568393,-1.30763850223725,-1.31638037862122,-1.57116793660289,0.0403897307363379,0.360930676065503,1.46767981392307,0.732992113886529,0.706717790726901,,0.178620628991012,,-0.671483210747975,,0.985284408414379,,-1.07058001439141,,-3.96415377167812,,32.6718704104396,
91.241,32.672,-0.0470115544779769,-0.124227008103318,-0.211341583472418,0.854636875251034,-0.249716919478119,0.523663738888804,-0.474633834715884,0.733427843127342,-0.721766780782118,-0.209147294118688,0.000000431980641035778,1.38509562858268,0.000000379305159059484,-0.780992418497805,0,1.00753222118316,0,-7.72383313075216,0.952316123011853,0.209812443051503,0.936335075607945,-0.0105869495304323,0.951952127299805
89.3135,32.6757,-0.099533845927203,-0.257474694182796,0.0137998246943999,-0.0149042513300962,0.151431828262073,1.24031927907927,-0.891303002378846,0.711707614757042,-0.707868214272734,-0.432161130035377,0.0000000000000439648317751562,1.23187312666181,0.000000000000112798659301916,-0.948119198819731,0,0.995923284616905,0,-0.750834951094342,0,0.356864707899035,0.00000000000808331179769084,0.383689049368956,0.00000000728216575929252
94.1406,32.6776,1.28562703990113,1.29705412299755,-0.467908014056759,0.263367653498958,-0.294466472460195,0.00505821862014996,1.34422527319019,0.572051059092674,-1.06254363208771,-0.246136207866815,0.0000000556700330278659,1.27928387227553,0.00000000311969405863977,-0.734746655842229,0,0.978114367174859,0,-0.340850749747975,0.0000877534431362736,0.706487827052408,0.000000000000000222044604925031,0.765839233298978,0.00000610509229215239
100.461,32.6808,2.12206271851879,2.07401624339094,-0.316719633988976,1.76528684413362,0.536072556032528,-1.05307225419624,0.788682882300981,-0.569446473657357,0.568500834253738,0.358567607387727,,0.176339040083842,,,,0.95795923386205,,,,68.3484804163401,,,
101.413,32.6814,1.20582188408571,1.30196628079229,-0.56527887365918,1.74190252313919,0.877321114274518,-1.77993378159165,0.882566880017156,-0.301124761851259,0.0998400163238278,-0.73012894343869,,0.774113893266541,,-0.372180068772703,,0.61884808859556,,76.9679992078566,,-61.5817067910032,,0.803049320354922,
87.8622,32.6823,-0.143735990172164,-0.325588811923114,0.360466343062844,-0.339670890787556,0.0467436391695881,0.998296439459576,-0.66908888000522,0.778735547105336,-0.980094504654001,-0.259806460585829,0.000000000169751102063742,1.73873209702746,0.00848616032854888,-0.796015760636205,0,1.07078939159462,0,-0.514714977066174,0.000000577165687021264,0.178846556641383,0.0000000739514780523365,0.187707353640294,0.00000148644587416591
91.7491,32.6882,0.158483590456787,0.252471134718394,-0.797491883043851,0.872373611999392,-0.645156702387939,0.8182516223568,0.459046046615497,0.642397048361771,-1.24063371363775,-0.226016782975621,0.000000436394679947938,1.29903762961239,0.000000000739306171837484,-0.773759296965332,0,0.988626434872324,0,-0.376196056591547,0.000692890419704995,0.507005167734562,0.0000000000000177635683940025,1.44001445985512,0.129421596763899
95.4514,32.6969,0.204410928526522,0.195009836762434,-1.09221167508935,0.707503172704694,-0.0923216130872251,-0.965100938239993,1.24620454168852,0.600660858817135,0.528518187932427,-0.243649331546684,0.00000275013573158844,1.19754864309524,0.0000000022411754674323,-0.75331341488098,0,0.979325347065996,0,-0.427263754659338,0.000250765669566499,0.984037463317367,0.00000000000445288250716658,0.815107794864085,0.0000153858309408506
95.8418,32.7014,1.40257049958075,1.43644972355537,-0.267149187365016,0.935125804199402,0.277227149804876,-0.835641028329748,1.10212659127809,0.0168638630637407,0.49100093457505,-0.232918527823063,0.00000565737450886061,1.18585054518469,0.00000000129265020909486,-0.746079496868268,0,0.981395129097168,0,-0.419836861944924,0.00112929929339045,1.07293881472374,0.000000000028513635896843,0.858528623855394,0.0000269127408569769
85.6926,32.7023,-0.360890226675594,-0.491028234099705,0.870633082689062,-0.64160524968184,-0.018737547186051,0.780441225399971,-1.19728904105489,0.833836750865864,-0.92311819290629,-0.431934775743404,0.0000000223458285208977,1.12329585692185,0.0000000370700852236894,-0.719906485763694,0,1.1909876199098,0,0.159474216833774,0.426932384462241,0.17509528719628,0.00537978683763196,0.249075322398294,0.0000906960452615735
99.6649,32.7047,2.18182543150484,2.00039340546482,-0.268212547802951,1.07164557980098,0.374405006252149,-0.849464722447182,1.13440674413415,-0.339217446964956,-0.652936871912961,0.692020486850902,0,-0.262068987511287,0.000000924737973528877,-0.52474382119693,0.000000000000000222044604925031,1.09280215021631,0,0.135451056471897,0.129161819181128,0.535933520434,0.0000000020347361573414,0.567700094639198,0.27228699790204
82.1244,32.713,-0.671298995154323,-0.728488130038617,2.03373435960832,-1.0208833636216,1.16051244821503,0.971735200441488,-1.54461676666929,0.360126995634055,-0.0879538571264544,,,,,,,0.906858038221277,,,,,,,
83.3268,32.7131,-0.46417112727223,-0.486828029365037,1.54687206803448,-0.969771863122199,1.1084744509,0.792297753044571,-1.3331423012138,0.406721317689631,-0.787668995889125,-0.381070999418636,0.0000000106272532995888,1.0732893239711,0.0000000000000448530101948563,-0.890937614012885,0,1.24610646147531,0,-0.306267177719641,0.113089682256037,0.269985064276766,0.00512087416827489,0.402151220380875,0.00136912585630955
78.2117,32.7151,-0.959980382671472,-0.908477225865556,1.65698139193438,-1.30337705419825,-0.781852923956147,0.916911017250146,-1.2528893718907,0.794216330251773,0.135744556149776,0.675667371853795,,0.215425821805306,,-0.665546545850495,,0.984696496596591,,-1.04790079746356,,-4.00931897022963,,9.25873334240748,
90.6648,32.7209,0.0377758075762386,-0.127238172355749,-0.0410117998659145,0.443347308437616,-0.282381002541911,0.923780260591491,-0.0956961040330772,0.611808606928688,-1.05678539525034,-0.268142163920699,0.00000000157853796700635,1.41641658292601,0.00000202496018220089,-0.819508307333525,0,1.00348146637564,0,-2.29079986961479,0.0921628900483353,0.14664232663017,0.407946305020445,-0.0153134471811062,0.842327476299116
86.797,32.7212,-0.329711829815503,-0.464421982680157,0.67221714911913,-0.617896586215071,0.171023052417967,0.756160780360247,-1.26520386235606,0.837720865670915,-0.810947435655475,-0.399702722756194,0.00000000399017374697053,1.14378732821886,0.000000387682435043502,-0.611046038554922,0,1.16674675557518,0,0.384239933697942,0.249144598680511,0.0963326721883096,0.0468333509991938,0.0961210630289895,0.0843385440014266
100.31,32.7238,2.63365732310625,1.85620826447034,-0.429902830854533,1.50862878066816,0.448073560156582,-1.25260658002293,1.11612916750721,-0.147901738639468,0.363562927928936,0.740481148017092,,-0.605182356727936,,,,1.69427184255096,,,,-0.863743754816975,,,
85.943,32.7335,-0.235024473378328,-0.455129201570706,0.370991992808727,-0.604955066269339,-0.0141401561359575,0.997809480209482,-1.12217444918075,0.965255472069761,-0.975251124637837,-0.416454147309324,0.0000000294509672205123,1.14444663903992,0.000000210918341458921,-0.686639759426729,0,1.21405334879909,0,0.263044682661481,0.242181432210335,0.158607671975779,0.00401439691854022,0.152139088638109,0.00611462538705232
81.4049,32.7606,-0.739773777732269,-0.791410585172676,1.84207170348535,-0.943272906649991,0.75727093188289,1.22766556979168,-1.43523959050048,0.0521142316671791,-1.23246180782761,-0.317241876003981,0.0000000100116910317638,1.15705558035858,0.00000000000000444089209850063,-0.964067926376222,0,1.5691655136573,0.0188962050118264,-0.193665291973133,0.14010422001727,0.0681452959796759,0.159390173624052,1.50611972125339,0.003551525145296
93.4413,32.7609,0.551436831004287,0.663142489577275,-0.37760140752149,0.397464786062388,-0.328138703595336,0.396905171821144,0.989005320285529,0.445300859060812,-1.14917521621725,-0.220041405759048,0.000000255724605713326,1.30015862595881,0.00000000232995112092738,-0.746247494115115,0,0.971626793401462,0,-0.319282848346181,0.000320780735558079,0.630904476619797,0,0.824166730098174,0.000158590018451976
101.46,32.7687,2.23393609220385,2.309118687318,-0.326975425076718,1.75874515765258,0.686192676355833,-0.90834796672674,0.974612101625737,-1.14224268692637,0.466161359038497,-0.749474583555412,,0.782382768844324,,-0.362759479011804,,0.468459141307185,,11.9447433096699,,-9.65350879354651,,0.820748189593295,
97.6527,32.7691,2.10394779022562,1.93628812797885,-0.526329955080511,0.980923133723385,-0.168244488880711,-1.14353580624256,1.25757958012829,0.17560996503039,0.668925145519434,-0.197327502747149,0.00000437183571855293,1.3717902092071,0.0000632288160358208,-0.737735077884436,0,0.979045484130261,0,-0.267406872284483,0.12525625273452,0.865421793165685,0.000000471750710273611,0.866492038369281,0.00516506941829054
92.5846,32.7724,-0.994998906748017,-0.908757273818475,-1.61521571829768,0.426001752203471,-1.04630456432452,-0.200605518779176,0.694989513767534,1.31236630204605,0.315939597113254,-0.253434989679916,,1.29411453002855,,-0.764636547589697,,0.978489561389796,,-8.93842597185688,,0.425121909854313,,-0.00632060186941174,
96.4351,32.7787,2.04599555351224,1.71212046453313,-0.258225110489802,0.689733788638479,0.32964463562962,-0.995634133313094,1.27592192202026,0.0947839602691634,0.498803457252735,-0.241727824423139,0.00000000595309335160721,1.33322380471982,0.00000000306071723521484,-0.784981045118009,0,0.976165545911186,0,-0.207905546235904,0.193422556103264,0.839062768293331,0.000000000384286158450209,1.12665511330894,0.00355923009835912
91.724,32.7806,-0.170243049544898,-0.125537106632077,-0.886330105937012,0.768660059387009,-0.777694585445146,0.535436395746915,-0.703174519886111,0.772164754234752,-0.873912751987945,-0.2341002205565,,1.17235528225729,,,,0.334545682335589,,,,0.271590542435958,,,
94.1747,32.7956,1.18590523326968,1.0134986651747,-0.356805490047441,0.369599660711923,-0.146257272314641,0.124081439592171,1.28562946994922,0.460151141133867,-0.953929437314635,-0.245029741046632,0.00000000593248872249319,1.35285860236731,0.0000000278504179718198,-0.743840934252965,0,0.979221268994557,0,-0.281183520676157,0.00248065970616418,0.608753638104136,0.00000000000000111022302462516,0.794443729382883,0.0000413619393526687
80.0798,32.8013,-0.556255235195407,-0.513966988227106,1.14753194883197,-1.13844681820005,0.293470708875206,0.515668452972939,-1.35157436835114,0.790854141856908,0.501552491609651,-0.258010869266723,0.000000284945804729375,1.22369064102399,0.00000000000678768152795328,-0.958943475741534,0,1.42391637085728,0.00076445030682093,-0.203551153284285,0.0647025051638883,0.0520010153180629,0.0990305872460349,0.851726258416476,0.000000137295209867716
77.0667,32.8078,-0.90722837868211,-0.837386558609459,-1.09732098533999,-0.877165831804222,-1.57682332224907,-1.72698298083666,0.870798410647252,0.606638658853939,1.35061440240116,0.600115266866623,,0.335838186274723,,-0.60702707373252,,0.976621401094397,,0.032014787034165,,1.09295172787407,,-0.343766583689206,
91.7028,32.811,-0.299360219785364,-0.275201771104114,-1.06722206905307,0.753854889203237,-0.776351663099087,0.433472987005792,-0.819880108181423,0.929487207717944,-0.725772947812227,-0.216539933782571,,1.20980476704722,,,,0.27207860055918,,,,1.78092360120239,,,
92.9589,32.8122,-0.0950672200734578,-0.00514561928320002,-1.0945638690364,0.35982664833591,-0.753356610223953,-0.371480621619989,0.922218113270106,1.13385082970209,0.28986519650477,-0.253077004245092,0.0000000200366485625381,1.26758877441296,0.0000000000162596602848453,-0.773085824736387,0,0.973592852042248,0,-0.29335164625939,0.00150206297360023,0.64642062625236,0,1.0832444177476,0.0022892640662866
103.029,32.813,1.88767371824385,2.17842073889913,-0.213880284563861,1.42421266588798,0.659766106139242,-1.50901511503103,0.788767627868625,-0.827191952516333,-0.248060226836992,-0.742027137344168,0.0717320820669036,0.840029267437334,0.0703426230164115,-0.188462665424114,0.117403521238211,0.749847609636356,0.000000000000662359056491368,-0.334394756767384,0.424164209179688,0.719973466737292,0.146415344585158,0.6710196494911,0.0720607013203669
94.0801,32.8149,0.985232393338715,0.943586428576646,-0.386058032495277,0.286856942789664,-0.161501418633765,0.128183740455473,1.35142498876277,0.401764844397888,-0.96314092405607,-0.2374674986311,0.0000000131276751691445,1.35813394139397,0.0000000586651522915815,-0.750334354445639,0,0.978796783996403,0,-0.296244592503683,0.0014782225212826,0.611020523514896,0.00000000000000177635683940025,0.756943083633084,0.0000196817678297379
92.0368,32.8181,-0.616159698507033,-0.597084648070655,-1.85422008800681,0.816794114860352,-0.965828453504074,-0.307216646820416,0.375480950284709,1.24332613529762,0.216891483393924,-0.155599935476189,,1.46955438404499,,,,0.0381042249554853,,,,0.00688671846569116,,,
82.1342,32.8229,-0.763830864469134,-0.793343009919771,1.95407093067755,-1.0636614715727,0.872223283706429,1.14565121165868,-1.55921413337813,0.0926558822781621,-0.777042539644697,-0.385749177406188,,1.08620026171188,,-0.966227060146468,,0.0290036729945522,,0.00621269355914164,,-0.000736995183990397,,1.50274908811542,
84.0085,32.8246,-0.582960323079857,-0.722105171927505,1.64036613699688,-0.980896740687707,0.908746268167964,1.12312438677707,-1.23396139982604,0.206059777826693,-1.16680904724711,-0.450994577172814,0.000000003357780054003,1.05775404358721,0.0000000000026576518763477,-0.867077765707603,0,1.83576001457348,0.16598177592384,0.128077128603197,0.485402586575633,0.090450407000022,0.338077870557665,0.297947987563457,0.00396741362392272
103.24,32.8348,1.7623018125695,2.00548868279262,-0.364536399874685,1.31686854184691,0.766531177272977,-1.83588863175447,0.778509943855358,-0.729443668502447,-0.117992006452838,-0.725639231540364,0.0901878659268018,0.850916675431593,0.0881374703368332,,0.897254213472618,0.769741589870473,0.000000000000000444089209850063,,0.89586920867264,0.54759994932605,0.0996069650989617,,0.0903074017674719
97.7875,32.8371,1.00809164802074,1.12709283814189,-0.563356263900427,1.09175509142274,-0.228944025532604,-1.27751266871634,1.43965706835084,0.44587456608066,0.318593957502797,-0.229059509233779,0.000000360002598398523,1.35025346478696,0.00000301595765916929,-0.7569330808405,0,0.978256472165363,0,-0.222733075530562,0.280156760557036,0.89451082155562,0.00000162345990628587,1.14848230654917,0.0240037122942209
81.3812,32.8382,-0.419668628224185,-0.459403169419063,1.47343743045968,-0.938529140093114,0.802448915859556,0.971019277738279,-1.38083545867022,0.499609703736804,0.656513346477751,-0.30421825383376,0.0000000208155421788092,1.16793165984487,0.0000000000000379696274421804,-0.968022989768107,0,1.65099272167617,0.0528410462831044,-0.176132449466779,0.19871499463657,0.0564099558130807,0.216828841054811,1.54960683284421,0.00865082542056861
88.885,32.8437,-0.286246190375156,-0.419903768395568,0.241307921590789,-0.333105502688957,-0.0496893787596847,1.26224767843778,-1.27676942502574,0.599316478123689,-1.00132059573298,-0.415286386217483,0.0000000000000892619311798626,1.28456814122866,0.0000000000649684750442248,-0.957435176560791,0,1.00093490310144,0,-0.688482904519091,0,0.34638483961813,0.0000000000138653533099387,0.378385404095534,0.00000000309954106825217
81.1031,32.8543,-0.716459755971357,-0.750214275478067,-0.762806596758993,-0.929445335997982,-0.36499134813074,0.2141997294114,-0.092552867804475,1.61735784049705,0.739569280722923,-0.324860686979292,,1.14400053381309,,-0.983094902099889,,0.0253763179325804,,0.00445887418365759,,-0.000237958558403816,,1.20063942283956,
94.3172,32.8549,1.49071547227384,1.70061822584983,-0.475262546302504,0.573468791649421,-0.286156782054003,0.109084560388626,1.29575549044017,0.462098381140265,-1.14679610684967,-0.243770627148648,0.00000000667210398042073,1.33755695067315,0.00000000976709513267338,-0.748916323757157,0,0.980617574887218,0,-0.281853572895336,0.00347452521906422,0.648199947419809,0.00000000000000111022302462516,0.854439436441442,0.0000512369774361421
87.622,32.8568,-0.307911643053269,-0.453848569383177,0.369459545886281,-0.5411912869196,-0.0878530417901218,0.974015851813745,-1.25393400483772,0.863189338392101,-0.9005009782173,-0.398727470242072,0.000000000320258708441656,1.15577689018271,0.00000000997074312003576,-0.652060521151063,0,1.48535494949993,0.0164108862607071,0.0673927253299256,0.413555978925388,-0.0132889528880251,0.460560662694273,0.207606650800649,0.000261396574315231
97.3619,32.8673,1.66946420348734,1.78124566382768,-0.247909522379754,0.949320734491529,0.463730154007293,-0.508612100363769,0.89413112461536,-0.578582190302759,1.07146649773448,-0.28276792498168,0.0000000134749214009133,1.2511709367193,0.000000000260776955585129,-0.800490240588307,0,0.980621019404502,0,-0.49498895766807,0.00036615717935673,0.86075828481114,0.00000000100628261279212,0.938424025954423,0.000467168016556441
95.3455,32.8674,1.66060007309935,1.43714208785065,0.102908413429794,0.746058630486935,0.193822553261781,0.194515992060456,0.801845358200269,-0.357695021237472,0.0433884063249196,-0.264214854017696,0.0000000478095929512534,1.24511995787326,0.000000000133560273951616,-0.779188107935249,0,0.980676787057321,0,-0.390666580584019,0.00115161540905051,0.869825150487381,0.000000000000582867087928207,0.86618634834007,0.0000192705106152324
101.562,32.8798,1.65628884324546,1.73984899365321,-0.171084307490279,1.68042072015304,0.877412551694633,-1.41623679587426,1.05476210404985,-0.542993758067556,-0.2649482782781,-0.755695695260488,,0.793290101180101,,-0.366278961214266,,0.529035057215052,,129.087868018254,,-103.944373997023,,0.806581222668265,
86.1506,32.8875,-0.414257226586053,-0.538140286795679,0.702329298214854,-0.612167553683191,0.140678325601778,1.09639898154894,-1.40961014193342,0.587206616816176,-1.08427545898062,-0.420772782067418,0.00000000844755176920842,1.19024088736922,0.000000498158002404381,-0.696573525698411,0,1.19885268944023,0,0.345273640305792,0.181710920311455,0.125484027140978,0.01395512484229,0.164533185253893,0.00196954150224826
87.837,32.8909,-0.3089305035712,-0.489986099635068,0.542258721748695,-0.49260262405662,0.0131489805217065,0.831900508003464,-1.25865038992209,0.741855212908645,-0.359092275807232,,,,,,,1.00172430021785,,,,,,,
88.3755,32.8931,-0.289840558983668,-0.373453477930999,0.354413317885877,-0.224466999624627,0.078232962984801,1.12543768668797,-1.22139199954514,0.653864314945666,-0.649385075631488,-0.413700346899322,0.000000000000478950212823293,1.33478983284984,0.0000000289484214377467,-0.972098389055006,0,1.00372420354768,0,-0.652579881726091,0,0.306210347464003,0.000000000363716612383769,0.338017868686424,0.000000030835301201293
77.3282,32.8938,-1.22846201710818,-1.12082700102942,-1.15869057724918,-1.15893775211225,-1.40872753619709,-0.627921948803588,0.851726819194389,0.895952466384086,1.27441533234872,0.703710425145617,,0.215238022455741,,-0.633047690899463,,0.982001202742303,,-1.25763125596385,,-5.24567880622869,,27.7360912801037,
93.9985,32.9057,1.21014068029685,1.158169466895,-0.433084264266133,0.380598173740622,-0.200975167458353,0.254935277827301,1.19409262852982,0.374819706289066,-1.14245218667268,-0.250895219425233,0.00000000087547191718329,1.38904397951573,0.0000000309684302646218,-0.758599265931903,0,0.979152187293857,0,-0.278012910067665,0.00341076093860093,0.553616227793859,0.00000000000000333066907387547,0.796702523638172,0.0000741613147785536
91.0963,32.9142,-0.127713947818258,-0.132550210799337,-0.688538235328864,0.578387987862473,-0.702124360945419,0.46329517396624,-0.428791274900276,0.927552451296628,-0.763246620151435,-0.233769563355183,0.000000125295803954373,1.31298062531299,0.00000000219667017908876,-0.820260217706852,0,0.991878438681679,0,-2.73707466754919,0.121516198362934,-0.0915575391893326,0.841263986850531,-0.103444695760273,0.350154682215199
95.2144,32.9148,1.50457060878052,1.35879202191426,0.268550682174773,0.678674280638568,0.226004628033223,0.238494489766787,0.992054718831121,-0.248799888689754,0.0221329211536451,-0.304791689714141,0.000000000612917494535736,1.23546441663724,0.000000000000168087765928249,-0.787685880269851,0,0.978230806911213,0,-0.404511767497125,0.000283737188821132,0.819579089867217,0.0000000000000119904086659517,0.913724339231263,0.000010554653239625
92.2503,32.9148,0.0650978302508177,0.186855619188761,-1.46183942941725,0.646292225493918,-0.985964049194701,0.23468536283554,0.701834851923186,1.19794330370051,-0.442146353272886,-0.241233593693786,0.000000111488711374008,1.26101460372786,0.0000000000593332050158324,-0.781312589003022,0,0.978850447428101,0,-0.305352641888601,0.00387281355059987,0.64399911140287,0.000000000000000222044604925031,1.45410277887592,0.0297638524407471
77.816,32.9202,-0.795882098953144,-0.776596589686162,0.277086994028481,-1.31289119267601,-0.81652744060147,-0.743005193470503,0.0347055264457927,0.948991000183284,0.32662506796096,0.649711255509864,,0.253469940626988,,-0.649585984118872,,0.982780435054062,,-1.21539641695505,,-4.42142817991129,,11.6962458965422,
85.8892,32.9214,-0.430321820822325,-0.543272934154589,0.45862802541416,-0.738090971040653,0.00738203672876964,1.23477439807955,-1.25343119260491,0.791604694334215,-1.11935552325869,-0.442446238803043,0.0000000359224880952524,1.13662675576576,0.000000332951589410158,-0.683345009345218,0,1.22257347521818,0,0.399478022124779,0.135260856366446,0.125351142518581,0.0219826601612416,0.166398947584231,0.00403205054620637
79.0727,32.9245,-0.480478259412201,-0.554344964949327,-0.232237144970497,-1.30691550825848,0.0491189298534662,-0.15826934996104,-1.00457806961553,1.60692780198682,0.266975381946707,-0.374939491058987,,1.20380799331107,,-0.94163792067895,,1.01185901768855,,-0.693235125453976,,0.496340747528241,,0.655134619453637,
84.4581,32.9269,-0.465234577176663,-0.599547380828925,0.746430156285236,-0.820948386970312,0.274206767820419,1.14164875614735,-1.19022208080618,0.35319686246765,-1.01687836628358,-0.401091425742381,0.0000000342391679453158,1.10702466984277,0.00000000167978897458454,-0.817557349745661,0,1.37725129395336,0.000010815579455592,-0.0831891651463754,0.292324013637213,0.164291209777884,0.0354407548452789,0.336264218383711,0.00000695042795695322
93.4643,32.9399,0.882999674444108,0.828114323023835,-0.243879220036672,0.356335939109084,-0.0880749554930602,0.394568699148062,1.03017895879657,0.374675146092218,-1.10790984866071,-0.312934950616582,0.00000000000374278386061633,1.30982704078532,0.000000000000301314528883267,-0.7760283076019,0,0.976522209160417,0,-0.267781709003472,0.00401350906557307,0.562776309737548,0.000000000000000222044604925031,0.995908515643048,0.000358558227983918
90.1698,32.9445,-0.55951988149596,-0.570085035409624,-0.459451918366416,0.239542868789392,-0.477111496609033,0.735223446826342,-1.21725452883399,1.06739805980619,-0.894942171500778,-0.263172411179882,0.0000000000539561728629678,1.60239831424951,0.000285268168327635,-0.84089339719965,0,1.00585752684155,0,-0.848717904128316,0.00000000000000222044604925031,0.273703290855308,0.00000000000160005342308978,0.150133573593359,0.0000680134774613261
82.2084,32.9515,-0.646921941315502,-0.682491203951202,1.86350692529441,-1.10281936178418,1.05237177397069,1.32323985024412,-1.40045999550699,0.613944917438299,-0.689488761262292,-0.379788657887756,0.00000000183863169134213,1.1002606736303,0.00000000000000244249065417534,-0.955142089273132,0,1.62343020617038,0.0326729793924954,-0.230860247191427,0.164690625646311,0.0703076893997986,0.197353704552242,1.61206561077112,0.00368284574248068
96.5,32.9645,1.10871544945075,0.97719464341629,-0.605174527361938,0.956495123136239,0.165546487079297,-1.35145924042174,1.49402424018124,0.347471812527323,-0.112794031490727,-0.401810232271402,0.0000000000499922325758462,1.07160253759315,0,-0.860919539873002,0,0.98144591071215,0,-0.872521959223522,0,0.986821268663196,0,0.7589922523194,0.0000000342284995902276
94.5399,32.9668,0.124839165917284,0.353485934310859,-0.977141761804027,0.772092060584726,-0.391036358264118,-0.274834627425085,0.802886276827257,0.677099827895175,0.563888086530458,-0.300767856004016,0.0000000000131354926935501,1.31818867453612,0.00000000000460675941837962,-0.738345001682628,0,0.975646905352342,0,-0.248063885094724,0.01084360273674,0.575386355724903,0.000000000000000222044604925031,1.13342466976002,0.00665836404763542
83.0069,32.972,-0.456496841191025,-0.476482110636882,1.72414984937067,-1.00583856594819,0.948525710414455,1.25846008539537,-1.48651136078846,0.214807874266043,-0.983508988082965,,,,,,,0.912069931531015,,,,,,,
95.5735,32.9722,1.94877734813566,1.711846109143,-0.0472186904157308,0.889337760946504,0.13497774615996,-0.308859917923017,1.00622837015228,-0.119503781083155,0.121344145793718,-0.400835916091165,0.0000000000130335742198895,1.10099670154468,0,-0.852469636660455,0,0.982947358084035,0,-0.745771329292015,0.00000000000000488498130835069,0.967992780984531,0.000000000000000222044604925031,0.815066765297103,0.0000000371079120764506
78.0899,32.9769,-0.801793142096747,-0.801832650023127,0.223465513414331,-1.27215694227386,-1.03807298986532,-0.447666441006686,-0.795975488220879,1.4476406489058,0.616348662058671,0.590362854229474,,0.305268215067093,,-0.579591316057881,,0.977308952232645,,-1.70763340061497,,-8.70086187559785,,9.07814377770361,
95.458,32.9782,0.567434944976241,0.523111780789881,-0.73966460715547,0.800147050905713,0.126402512017696,-0.66754695464923,1.01446362454918,0.474099052933275,0.396629704624441,-0.367142954738243,0.0000000000681237288802095,1.14022290853517,0,-0.8325246552678,0,0.982218799119056,0,-0.634114649205775,0.00000000021308976805301,0.950785171320646,0.00000000000000199840144432528,0.84178188367772,0.000000559303476643791
92.1224,32.9864,0.678326501103096,0.737330645758299,-1.05674398543491,0.525806045724383,-1.0588243310327,0.489281706198991,1.31169732802333,1.0139921012485,-1.21228006058231,-0.2102233078071,0.00000183346290527631,1.27025065469951,0.000000000149893653045297,-0.782569223380835,0,0.9808961853557,0,-0.376957171297606,0.000171833601849025,0.609212362875335,0.000000000000000222044604925031,1.21429055756415,0.0113882574121187
76.3084,32.9936,0.388169191799783,0.597350300374517,-0.872063499907958,0.414592839621097,0.772670904407934,-2.41731233576875,1.50639106101795,-0.678170086690591,1.54209144399245,0.632530175692503,,0.350545215860264,,-0.603007501682409,,0.986225659056518,,-0.00856996280416104,,1.10560196162136,,-0.311447993772025,
100.33,32.9944,2.32862053652905,1.90432504844176,-0.358245915174979,1.17929801072351,0.227604692327647,-0.903356408248877,1.12737243607312,-0.18576885830422,-0.215067340570707,0.387901102792821,,0.236733586084796,,,,0.974894688159358,,,,0.92517169914129,,,
79.9784,32.9944,-0.754462610845686,-0.780813075424174,-1.10315846247126,-0.851225161262948,-0.571263494765105,-0.635324762569199,-0.26612703240634,1.74994740135253,0.328389757172801,-0.253362397088871,0.000000143278091835342,1.26386718474957,0.000000000814000200577425,-0.960040169228468,0,1.31059358886368,0.000000126820073109712,-0.250132283754041,0.0124017279778863,0.065390110244867,0.0339626970323419,0.750278123069105,0.0000000039938063967071
77.0486,33.0078,-1.55791718211335,-1.34290400712361,-1.98709350634889,-0.950455142628233,-1.43083092019566,-1.00250529868702,1.6670796761993,1.31490889346799,1.39597265864734,0.562218122838716,,0.359027382549525,,-0.606831793982701,,0.977117229875916,,0.0448374561442245,,1.17975231125843,,-0.32443062509851,
84.5974,33.0254,-0.360990852549179,-0.522246676304233,1.17544529179822,-0.846488707130824,0.600364359221343,1.03948996605138,-1.08220432031665,0.464418216235732,-1.00193927062172,-0.424294583612418,0.0000000300378271145263,1.09435428831669,0.00000000161759294847741,-0.807212450700894,0,1.39944636794373,0.000079654552438857,-0.061796302793451,0.442152419351742,0.159622423702989,0.051572145987596,0.330259323547053,0.0000262410536728819
102.608,33.0257,2.57219803920067,2.38614234239275,-0.0351270194441836,1.29083035383592,0.988339249857694,-1.04633725898078,1.04293818962797,-1.25133914137863,-1.06608726614737,-0.778065030448558,0.00105450723215728,0.855774540245969,0.000941120209002388,-0.327276411372121,0.000314593094951299,0.668528938703417,0.0000337989363081714,-0.942134002605029,0.52109075139048,1.04915597227793,0.374130775677231,0.763424221647298,0.00111246139842058
86.5147,33.03,-0.210918342770703,-0.393409313404981,0.518740311050414,-0.714652828697367,-0.134335508729529,0.731530464762885,-1.21033753252755,0.918476820634817,-0.476284666666037,-0.313470520723085,0.000000094522267124475,1.45573595668632,0.00263996466017313,-0.680288327278363,0,1.16614132938742,0,0.377841337560255,0.112071125693477,0.0954710786885992,0.0148407743405667,0.133820183441187,0.000983433612864903
98.6374,33.0345,2.01310774035921,1.70336609416752,-0.402472566622434,0.718362178544968,0.158849107198763,-1.09898128313639,0.989672577248263,-0.123296767032313,-0.060634315398158,0.378122863307008,0.00000000502668529023254,0.468049608705864,0.000000000000147437617670221,-0.723032119026984,0,1.02580645311227,0,-0.556348755424972,0.0592832357543296,0.31901465116959,0.560362910288539,-0.263322859719708,0.774541338450848
88.4526,33.0348,-0.155258549862077,-0.20079192124519,0.23481599837716,-0.329337707058736,-0.193814105857163,0.693835647465258,-0.584629842166025,0.897081119644595,-0.302498800890888,-0.388555930607119,0.00000000000119482201910159,1.36306089320452,0.00000012720919406739,-1.00724637271872,0,0.994505236700091,0,-0.576045930674311,0,0.334783899559576,0.0000000000349693607404333,0.313870175697536,0.000000138852569664394
81.6295,33.0452,-0.639889061255386,-0.673464368794939,2.11796312736796,-1.09194307854099,0.880507425919703,1.49221699950104,-1.42299042850228,0.459179428519681,-0.728879331209463,,,,,,,0.873337754827716,,,,,,,
82.1923,33.0496,-0.282206235138485,-0.505150820766845,1.68533341156757,-1.11125802144923,1.10108939448657,0.582404235847054,-1.08395328899914,0.240952958705324,-0.470295942318094,,,,,,,0.828991100038786,,,,,,,
86.5394,33.0498,-0.0828391845370728,-0.268360947207735,0.122301833024958,-0.68734858166068,-0.190344282616754,0.728156885983684,-0.239493656698925,1.25144170076684,-0.712560495490052,-0.315378109649568,0.0000000720078985327888,1.45997023781253,0.00262533334441817,-0.677465919920097,0,1.16689928681797,0,0.384439903787844,0.107387954699614,0.0948672978530679,0.0142307450493673,0.130122768618422,0.00113693294226924
93.6378,33.0637,0.650913015680622,0.48527441752598,-0.259203609940486,0.477539288215351,-0.101016218786803,0.655458261937922,0.957965177410953,0.39713379590998,-0.970686966325411,-0.36020676786365,0.0000000000000555111512312578,1.24605686927458,0,-0.782380084834703,0,0.976234572152632,0,-0.325213695473726,0.000385610377693801,0.613398595521445,0,1.10104283874304,0.000330932270426132
87.661,33.0738,-0.509384586762139,-0.450766777763082,1.02321822058306,-0.587994785465329,0.204172166534113,1.17639152887866,-1.28875001733815,0.605880851791258,-0.662819099964832,-0.0827446285917285,,0.663128161390346,,,,0.852178489390229,,,,0.342084064045435,,,
95.8466,33.0816,0.164080032970974,0.317573304217759,-0.961699488520912,1.00660316093243,-0.183983267581221,-0.629701237652351,1.27841862894323,0.564000383191613,1.07862465879833,-0.447452445732023,0.00000000000074140693584468,1.04401109637197,0,-0.879945087531923,0,0.982959156119782,0,-0.929284450277848,0,0.947620972787148,0,0.755415742709576,0.000000000435532943043881
95.0458,33.0835,1.4900243322145,1.61432701358876,-0.277076753434835,0.662684510154508,0.0915240367449699,-0.487931770122886,1.03243024403789,0.103584430043496,0.317090839231169,-0.483176731868427,0.0000000000000104360964314765,1.03305071595725,0,-0.879132920585154,0,0.979660266861063,0,-0.84671830379246,0,0.857689544000814,0,0.663677910812512,0.000000000110230491401353
89.0714,33.0972,-0.835741292852598,-0.87021808385248,-0.296248832885924,-0.221530755112635,-0.0444572036772055,0.811034260872733,-0.613912074544294,0.51550889775515,-1.23662059150438,-0.308891970872138,0.0000000000000812683254025615,1.722056353111,0.00093471101390219,-0.880843632599195,0,1.00578219320135,0,-0.71874447091225,0,0.245503309338828,0.000000000000452970994047064,0.147980239461751,0.0000175705725096176
84.8528,33.1058,-0.401284671667987,-0.556162787104389,0.952738503007567,-0.865767475052063,0.165146262632316,0.699680385106045,-0.92795797980536,0.627326851291464,-1.13550599953134,-0.425417028307261,0.0000000170435767721244,1.11827946120857,0.00000000454508097824657,-0.800742855373591,0,1.2988422961828,0.000000000703438640670129,-0.0104940093928716,0.916763647459124,0.164275460228021,0.0163763947644537,0.342356619965585,0.00000367806116052805
80.2706,33.1128,-0.781659736981784,-0.745359851985204,1.27964450182447,-0.959429144441141,1.01020059148324,1.06587686406254,-1.46391412260542,-0.0984669756410067,-0.88579137915311,-0.246092633096084,,1.19761609012296,,-0.964683760321743,,6.30138799206171,,-0.0256168851492767,,0.00448388125480022,,0.874364224827772,
86.0377,33.1132,0.130246540194493,-0.140507451534133,-0.0900261940290664,-0.64117201711924,-0.274264198613574,-0.903590123590102,0.299352934689228,1.25717666935965,-0.626480808576895,-0.378059734050697,0.000000118793570758058,1.31869387392126,0.000201799069675213,-0.707416777943092,0,1.18272390368378,0,0.334602440417972,0.0845168338846958,0.0953800631375172,0.0218257693258077,0.181487534349545,0.000216448059017216
103.484,33.123,1.77598093272426,1.72794058294706,-0.450601317642306,1.3376383211153,0.576000558500756,-1.68248116906068,0.869567044761678,-0.539155828389613,0.2165479376764,-0.737258211356945,0.000755000965506403,0.847696383878718,0.000587662006283018,-0.0615492545611666,0.816206024434884,0.770238013111513,0.0000000000000477395900588817,-0.0547437483058616,0.823663828954537,0.48915193595323,0.00517331948908839,0.315979575997728,0.000796660741766875
92.634,33.1247,-0.117985953778134,-0.0266376804703131,-0.90411172580905,0.402487203860838,-0.402606193625875,0.599791233121772,1.25041239936769,0.582303994354343,-1.20419855635226,-0.269842104663325,0.000000000372953445904045,1.30211222736994,0.00000000000255018228756398,-0.797492578886103,0,0.98319272683607,0,-0.297873176032278,0.00256393982144276,0.574628484620861,0,1.31262280386958,0.0129520888032977
85.0636,33.1316,-0.467916883275002,-0.624003602973026,1.05826505696085,-0.804962556832296,0.10399065694649,0.965407586854309,-1.21109098100381,0.486755004737957,-0.905172765557179,-0.403423984075277,0.0000000162096358558017,1.16523864063037,0.0000000487327149745198,-0.794212780873316,0,1.24417602596393,0.00000000000000111022302462516,0.0071028246625429,0.946380205771993,0.158344618624821,0.00655104626845993,0.289856308464285,0.00000847627542821527
99.4458,33.1319,1.71716399291251,1.54055133122779,-0.40934596079632,0.772515152061254,0.0238637402762232,-0.909457902776952,1.09074052211196,-0.0323983961747836,-0.880272094021633,0.412508394839098,0.00000000051233817188745,0.37034628866555,0.0000000272650617638703,-0.73438140170835,0,1.02585064461675,0,-0.442641827279003,0.000358046414535851,0.789143236633472,0.00222211179118137,0.620218374581205,0.295773252352759
97.1088,33.1381,1.64921669932144,1.61414316243317,-0.295883303751422,0.735558772162303,0.330458525051946,-0.111030137927575,0.815685166496727,-0.710336895724883,1.06841019068504,-0.44521701030114,0.00000000000642552677732056,0.983857604445487,0,-0.901607122665638,0,0.996066012252525,0,-1.09210385590515,0,0.766919082382667,0.000000000000000222044604925031,0.639196240368238,0.0000000000175111036782027
87.5317,33.1439,-0.435900571962231,-0.602987018895939,0.68707213395654,-0.617978112626632,0.0611268690439046,0.9940173211525,-1.29136414327609,0.517288594424837,-1.26087551948116,-0.215681801346651,0.00000000164012070591468,2.21016043315772,0.171040110449891,-0.723154749774795,0,1.10728830193019,0,-0.0071354676337969,0.948076110028455,0.0724939670122085,0.000660143709602323,0.137881473918446,0.00000134020743103314
102.645,33.1485,2.42095161251232,2.32328683208662,0.0711593100187126,1.22151453819561,1.09495610932769,-0.854802043222157,1.31861924127732,-1.27546580596666,-1.1809511056312,-0.782543769347186,0.00000804487755834415,0.86530825831921,0.00000539664347498636,-0.438257116362229,0.0000000480960307136513,0.697056030473439,0.0000297326923668351,1.39207154337894,0.447952696774729,-0.86735527139556,0.563713595612683,0.829002080852864,0.0000097911363365899
92.4784,33.1595,0.238776564137283,0.11312255574582,-0.578576633572807,0.465128591611894,-0.472464585219807,0.66714768258978,0.744968859954439,0.672207937550329,-0.898832612537248,-0.274947041924047,0.000000000441866987443973,1.29263640337039,0.00000000000207589501144412,-0.798543806832691,0,0.985989935745686,0,-0.390789384619183,0.0000173020188469764,0.550295334281236,0,1.11094489789596,0.00478025048291308
77.4869,33.1597,-0.641851592322144,-0.635243929808821,1.17149860495325,-1.33164993141826,-0.660641992869974,0.236185355709457,-0.624098167252527,0.280261804742748,0.54111230896369,0.469524720716054,,0.343327939304444,,-0.572698857814055,,0.972476088029435,,0.124683031240078,,1.34779418086429,,-0.287548520517181,
89.1675,33.1686,-0.380653116437633,-0.491968514747922,0.2348526931069,-0.158992801240181,0.00960332834386971,1.09948062062677,-1.38518903600869,0.58734534504699,-1.11512855103396,-0.317201973026916,0.0000000000000548450174164827,1.68189556247832,0.000367812535101653,-0.875795273500929,0,1.00333432067899,0,-0.754544801146939,0,0.25856132829601,0.000000000000359046126163776,0.142501933938017,0.0000461753502996043
94.0961,33.1728,0.779974190581479,0.807494730052929,-0.187527878335801,0.913136534514222,-0.165963331732175,0.688125679293112,0.814989442678432,0.247235754978033,-1.16085775001167,-0.322707111755727,0.00000000000046074255521944,1.3119972817548,0.0000000000000539568389967826,-0.772891242993663,0,0.978711658715808,0,-0.273786206879302,0.00465374140011998,0.557246494301942,0.000000000000000222044604925031,1.12948560633468,0.00194676804695204
103.218,33.1779,2.08442368213298,2.03273976380537,0.110913460429738,1.09500219427227,0.738716198925642,-1.19873623419518,1.02753703933081,-1.01971612932856,-0.893273232951595,-0.755923597907109,0.000877820404270979,0.848397393766492,0.000728096208868045,-0.218353315550236,0.07052480531641,0.73298390256638,0.0000000314081933794341,-0.252656372150814,0.372419517928437,0.550301738656403,0.0381315393349762,0.657894309430425,0.000954868326013658
97.7976,33.1836,2.41491820372275,2.1040246947816,0.235837077530639,0.630506097393046,0.275811040103386,-0.433532535520311,1.27470834977842,-0.190263911850457,-0.79016211070317,-0.367894477099053,0.0000000598790637074131,0.92037875638662,0,-0.866463919960352,0,1.01169978489387,0,-1.10613512299173,0,0.695620383131426,0.0000000000000155431223447522,0.515457712186256,0.0000000010961989094227
85.8102,33.1954,-0.0812945464677959,-0.330725298840641,0.109667321265879,-0.685623715192757,-0.326336309471426,0.366305145056851,-0.572497677695652,1.05066198465667,-0.659196424837854,-0.364641142552667,0.000000359957751605577,1.35283382417335,0.00049190001000543,-0.710376437137779,0,1.16111843737968,0,0.250696759362847,0.0794438244293469,0.122385212704512,0.00397043665540031,0.204208939363379,0.0000588370720413511
90.7763,33.2165,-0.64346933133757,-0.597165884250848,-0.685468787933125,0.34834696416375,-0.947615217967976,0.914820646478082,-1.00971904391388,0.886209557719363,-1.04202858968873,-0.234432609190183,0.00000000414184042618615,1.44395721301287,0.00000301491773679885,-0.851641349794981,0,0.994770495031636,0,-1.30763395674884,0.000000000614131634435466,0.255576651447952,0.00000578109245896741,0.0962017676603515,0.0738491642714061
85.1818,33.2188,-0.262706968946771,-0.431187854136686,0.433516050483365,-0.710384524899475,-0.287651392897218,0.542693264991679,-1.01872161113368,1.06212071736449,-0.546592647619101,-0.378453431008872,0.000000170308176228318,1.21223121160581,0.0000040747294038912,-0.78741809679202,0,1.23721006647574,0,0.072538819533981,0.556408932537003,0.137282153288534,0.00886857479795911,0.258427094097639,0.0000400550974817282
85.7586,33.2232,-0.580630710086129,-0.594626604744112,-0.822008066190898,-0.685387399894507,-0.289480447654555,-0.0187248403703263,-0.227701784359259,1.63447617058445,0.0765205179913531,-0.317515139820944,0.000000551215936228644,1.43575343687668,0.00204512243305954,-0.750103005666472,0,1.1515894583382,0,0.129223751451082,0.250666277132159,0.127995593155363,0.00187853914899794,0.243842732235103,0.00000555816550296129
101.257,33.2342,0.319431924219817,0.414140326201994,-1.15277633080106,1.79814005289232,0.141453410538956,-1.75484797452761,0.852084304909933,0.0273286454139404,1.01083561099615,-0.770399048727599,,0.76145873745037,,-0.460324750146702,,0.0175110680544235,,0.0936461903581206,,-0.0737213966942268,,0.826466185568623,
95.8308,33.2525,0.282922776933284,0.236470776595892,-1.20822032742885,1.18025123944584,-0.433679729619662,-1.03188030145245,1.61542997259997,0.668919300776402,0.236110794216258,-0.565107304964996,0,0.963457050315526,0,-0.90616909661565,0,0.989898345926014,0,-1.09521322307389,0,0.715229915413201,0.0000000000000166533453693773,0.613255641089895,0.000000000000206057393370429
89.9756,33.2546,-0.324389198789561,-0.371297941241857,-0.405326265671242,0.078128913147478,-0.218979502072965,1.10337111759082,-1.42831231601055,0.840375280380321,-0.979193284020321,-0.256899772442453,0.0000000000284019474605657,1.6639861604963,0.000717087749468215,-0.868325155294728,0,0.99181961318888,0,-0.767276530814847,0,0.294863712185148,0.000000000000116129328375791,0.15862517263733,0.0000226629845134774
91.9023,33.259,-0.290716961961658,-0.286667124778365,-0.52294437826112,0.341566293277283,-0.550798949343974,1.07576477070681,-0.703509180756542,0.471172196116028,-1.29845264747079,-0.248637617733595,,1.15889368058764,,,,0.384856780320456,,,,3.31945246934547,,,
77.9231,33.2688,-0.673014062856929,-0.671066046500437,1.38183994511287,-1.27441695576787,-0.376934092088845,0.719981447509065,-1.30133802883273,0.593458106314224,0.362444125907886,0.296294109144589,0.0000000695705135722591,0.20538920047391,0.0000000758085898500127,-0.462643591617636,0.147388649392654,0.972238142902497,0,-0.3125902137555,0.310014391763967,-0.706091835302225,0.198945079640397,0.14936160676555,0.190393590937755
86.6372,33.271,-0.410659934053108,-0.575238572417761,0.687006241744143,-0.336937053389177,-0.175536949172091,1.02588313888585,-1.24081231309587,0.669630697557157,-0.956816466337189,,,,,,,0.999040352401927,,,,,,,
91.6287,33.2715,-0.757071511816481,-0.700990916527214,-1.19596969583783,0.36588704951587,-1.17768690698013,0.595779988412181,-0.630638306755397,1.25436424708444,0.101043232906893,-0.251570401868343,,1.11976232855673,,,,0.402740361285374,,,,6.34461463749213,,,
91.7846,33.2735,-0.138834742771766,-0.135706920453838,-0.680629311002688,0.33355326917279,-0.732772699192354,0.634445301502373,0.167838472802186,0.811234401379228,-0.308739168067392,-0.227271090636859,,1.0991996304827,,,,0.670087064755471,,,,7.29768124736865,,,
82.7376,33.2741,-0.845960660307803,-0.828523751505193,2.20285744325614,-1.11777196097846,0.386711639204074,1.27687548558309,-1.52482850282717,0.317471680527388,-1.08834736389133,,,,,,,0.985111084274325,,,,,,,
80.8317,33.2741,-0.299732897323064,-0.541333737748389,1.61876759258339,-1.24071624611285,1.17916261518392,0.986693233617835,-0.777900655395492,0.0232760632568874,-0.747784170398869,-0.244577484132626,,1.1813634684589,,-0.965946162522102,,2.85942860040263,,-0.0663980336695513,,0.0122323062976306,,0.973450832458309,
95.6411,33.2791,0.694874543816792,0.760523214201682,-0.84457836368041,1.23511084107188,-0.5548785364845,-0.173337272189112,1.07806777309333,0.528436203459578,-0.111821240303347,-0.586502845221022,0,0.971773066490894,0,-0.91538298621309,0,0.99178487796948,0,-1.0692408775123,0,0.732382958360753,0.00000000000000133226762955019,0.640558854876052,0.0000000000000102140518265514
83.3045,33.2844,-0.451929669748678,-0.588832552088547,0.841743193849351,-1.01323192626729,0.0457882922449775,1.03610630988565,-1.27624505659496,0.797207447066149,-1.07109216220447,-0.40431522438789,,0.97240215062091,,,,0.0673447676711564,,,,13.0328852406523,,,
85.6342,33.2863,-0.347554837846155,-0.518059841181006,0.370364145589024,-0.598965127018654,-0.233658750813477,1.04339189120045,-1.30869020245285,0.881494818035127,-0.885331077049094,-0.335641756665965,0.000000202060788323521,1.39029258994101,0.000614768494614504,-0.73797117107182,0,1.16539442428791,0,0.145395406156916,0.209908194713545,0.1223687132438,0.00284717741491947,0.2444663598504,0.00000445726319853179
84.9476,33.2895,-0.505560516292779,-0.582150493554376,0.924095394697355,-0.699873597124748,0.095931958256713,0.544521879625065,-0.904893751762734,0.967865799871924,-0.709503425373794,,,,,,,1.10316783676574,,,,,,,
94.1981,33.3033,0.823016818043334,0.840568371026243,-0.731155415806585,1.06527644074442,-0.465798879776912,-0.211885076694135,0.779605583589854,0.65108689077552,-0.464675443249127,-0.476943392129085,0.00000000000000222044604925031,1.0491651439002,0,-0.873806843851907,0,0.987937250454484,0,-0.815305032506531,0,0.840709068790796,0,0.667544258079506,0.0000000000587663251394588
77.3427,33.3079,-0.93816111611342,-0.89692884724431,0.489397131521494,-1.34797895661814,-0.399648022931846,-0.205307630874931,-0.147917136174084,0.637370877638796,1.01622667788817,0.467813393489899,,0.326848029704575,,-0.545601909865916,,0.976543972810099,,0.129343149337173,,1.37059594391055,,-0.275250905692007,
89.3602,33.3103,-0.500011936394213,-0.569236010566082,0.0618664684572377,-0.0358294311586616,-0.194651190743876,1.32130151077907,-1.37527687278236,0.711830354887155,-1.16367156015764,-0.292893228073736,0.000000000000108357767203415,1.76807807943808,0.0014546682951333,-0.921955460095768,0,0.999944275084367,0,-0.677361572369062,0,0.249096726718662,0.000000000000152544643583497,0.140294629106213,0.000022790431071229
100.885,33.3107,1.51847518978972,1.47561849743141,-0.483761399533385,1.31619279874237,0.253922345069636,-1.17844808727414,1.01139813594744,-0.188655258744135,-0.395339130239153,-0.207003252051371,,0.44221003978441,,,,0.890030713630946,,,,0.258828112272047,,,
88.2865,33.3165,-0.156055826035415,-0.293392874061692,0.0988205811568505,-0.31859107430884,-0.286620739872161,0.711942855719391,-0.364930926314752,1.07868027696278,-0.934853055833621,-0.362302788066597,0.0000000000633579855247035,1.24773119122507,0.00000000304008662688204,-0.634536296626061,0,0.715848809434405,0.0000821896190617011,-0.0407754666377321,0.339096899098656,0.071833571071373,0.00213285296112375,0.202562257988524,0.0000132750939758619
83.9136,33.3169,-0.487830575754174,-0.640077811905379,1.45576280864437,-1.05077126955617,0.752002971247845,1.2302691630808,-1.04679518325731,0.139570827207877,-1.23029987884702,-0.370858066546286,,0.962749156266965,,,,0.0816546309556598,,,,8.39825441615439,,,
82.7091,33.3331,-0.81072360116479,-0.818181907860569,2.06910661770638,-1.09830005579748,0.339976504256817,1.38858308513441,-1.52560147163026,0.373919077729924,-1.22276635123859,-0.339025722995538,,1.08950580537451,,,,0.714541601572767,,,,20.3361395333518,,,
90.7245,33.336,-0.707672285032066,-0.66986014777293,-0.697923477369344,0.232038660842198,-0.924653174957072,0.886175445600454,-1.2259693463273,1.02219279909899,-0.668312909845364,-0.222009858015979,0.00000000803363175982952,1.47451631556824,0.00000898981244867869,-0.932263423671949,0,0.9906901494786,0,-0.712995257630608,0,0.234650769833447,0.000000138784103098644,0.293162703325336,0.0000000032694857932114
92.9956,33.3365,0.545631004047279,0.463921736294165,-0.318459245925868,0.432983696555264,-0.0439668579480534,0.658131208466148,1.05247985984037,0.387139064973472,-1.04514705558887,-0.350663246670383,0.0000000000000222044604925031,1.23495953414408,0,-0.814070630593043,0,0.984486345263358,0,-0.298900454100706,0.00410624727617348,0.596803182890357,0,1.97444081306524,0.0771856486177072
94.0644,33.3517,0.276364389287778,0.273977901075996,-0.821568377750942,1.06408522449872,-0.521110923670638,0.0328027597931876,0.540963175427662,0.781963429720263,-0.224120947384366,-0.519224446727185,0.000000000000000222044604925031,0.99622975755525,0,-0.897757276045713,0,0.988395306145785,0,-0.865861859883088,0,0.772588663920844,0,0.56563618341331,0.0000000000168998148808441
76.8358,33.3541,-1.30591485069725,-1.17234265175824,-1.51162726388594,-1.29291444347993,-1.32364731948616,-0.566546710282627,0.896211325647311,1.21939515233122,1.16157546899347,0.544114612366869,,0.370860391492444,,-0.554317676751054,,0.977766487225086,,0.0440063576881646,,1.20707696666052,,-0.270974733475905,
85.9698,33.3543,-0.246647979968826,-0.493866172134972,0.273215057636387,-0.585097447809289,-0.250768396121545,1.00595828408047,-1.17615297782064,0.861897908545335,-1.10448095903668,,,,,,,1.0223762083851,,,,,,,
101.53,33.3567,2.16372515297344,2.14604619192307,-0.0396902451516727,1.66105535300066,0.607565519185081,-1.21146381197993,1.26167162761259,-0.720960479369465,-0.22550013483127,-0.737160123699171,,0.800286568278006,,-0.468730625607046,,1.00784343358832,,-49.6043069090367,,38.8391139163388,,0.783151697228265,
99.723,33.3789,1.67841055309736,1.62263581127304,-0.515419413137111,1.03786174723691,0.139994236886792,-1.03391844708316,1.05812909733262,-0.0228233685607798,-0.515574502237973,0.345147597094726,0.000000119876136794872,0.38284018176128,0.00000000730001792348389,-0.737698613697888,0,1.02193254062431,0,-0.436672556426146,0.0471319962713967,0.943761006760524,0.0777934313290309,0.856595656538559,0.422619390997866
87.3624,33.3804,-0.414209478030099,-0.53869309915833,0.834318020911328,-0.602787160362832,-0.0942501608302781,0.920508831970221,-1.37259683017234,0.657162888624071,-0.953124083639497,-0.0935716791985427,,0.611825790236859,,,,0.901005615161989,,,,0.398455413690854,,,
76.1628,33.3858,-0.531322070954397,-0.417256006909548,-1.50944693084457,-0.25241881134814,0.189471255626828,-1.84444837272321,1.44573342417246,-0.281876132584409,1.78322473737716,0.618708030160001,0.00000000000024935609133081,0.365302542063309,0.000000447087415755831,-0.407479421704225,0.214841622136363,0.986707699901058,0,0.16954547019603,0.554003582859624,2.70550263843211,0.208326536553102,-0.523311098218782,0.243130632694243
87.707,33.3866,-0.335359889056846,-0.413800878431041,0.188342568182236,-0.403942632528167,-0.70840555556567,0.308658586323156,-1.20260389294875,1.15335072784145,-0.445882170360702,-0.375732514338497,0.00000000114650244853465,1.14514808315273,0.000000000095391694543423,-0.679101464925619,0,0.785304907933015,0.00000000000805711053430969,-0.0817273285165379,0.209038454189252,0.127473801621329,0.000706004490590217,0.298609758026885,0.000000132012809128668
101.789,33.3968,2.53623599625626,2.20002661716996,0.00827608694252595,1.39093197721318,0.770130527783581,-1.20535644153536,1.31447794707504,-0.987001296945547,-0.412922245490069,-0.739804268978148,,0.806991368556567,,-0.458998905593235,,1.03034080139632,,-53.2622232342599,,41.6201638095308,,0.781803300976407,
91.0799,33.4105,-1.74633667066595,-1.40376366908389,-2.58862455029763,0.127604105466023,-1.50801729786914,-0.289843696252775,1.31683232211133,1.81071151585893,0.571790169889249,-0.256480161784508,0.00000000119122600672483,1.39444782775703,0.0000000869367500211382,-0.862593321988142,0,0.992389483590042,0,-1.55215616306974,0.0000202203822188274,0.178975543040312,0.0431680025404184,0.0366454154266713,0.585436448717773
92.6108,33.4156,0.672842655960129,0.596670847743002,-0.466153540406432,0.51116652118111,-0.176849133341861,0.713355760568188,1.09708671227419,0.556411963291155,-0.687396795370179,-0.378924913583077,0.00000000000112510001315513,1.0943902774801,0,-0.890359767085954,0,0.989998860734712,0,-0.776418960494304,0,0.794767153541006,0,0.821020772338493,0.00000000230523000688265
82.025,33.4247,-0.596048680212126,-0.616313827553353,1.39630730094004,-0.973363460846921,0.063278909113261,0.995638304044116,-1.40764640551773,0.592335696225098,-0.872837938090871,-0.29263678311444,,1.19299194425362,,,,0.691795419454372,,,,229.761591245354,,,
90.0584,33.4399,-1.21555998861307,-1.33390397687111,-1.20432770206553,0.00150697739890993,-0.350717400023936,0.486173843656067,0.171658168711513,0.621273683837836,-1.30866971361513,-0.260920650733692,0.000000000022326140936002,1.57913193769188,0.0000668372080465662,-0.910322913974904,0,0.981519301883903,0,-0.753403486921203,0,0.277080817170194,0.00000000000358046925441613,0.175435151202475,0.0000291571604924545
98.7501,33.4411,1.20577688781116,1.33965721873129,-0.636131082778306,0.601945572088065,-0.290531225676866,-1.41664572199373,1.43122763546916,0.320716030497865,-0.56017335651766,-0.685463617252703,,0.720845320980948,,-0.791074892823646,,1.01072784539812,,602.564317448759,,-347.20351081219,,0.576195100119361,
88.3797,33.4448,-0.230103260762542,-0.347895604613946,0.116392066968495,-0.229639068754282,-0.434728997993509,0.997441331700152,-0.859716125985632,0.911170107214361,-1.16336660852621,-0.370904533884556,0.0000000000268622901700155,1.22221480257719,0.0000000000645559161682741,-0.626761855515864,0,0.79940014293743,0.00000000000000111022302462516,-0.0520583469761223,0.356512872015941,0.135652455640895,0.0000719336338605991,0.207138747821535,0.0000140494933098534
82.8927,33.445,-0.612777263984239,-0.655548475012475,1.54073058443259,-1.03184205466079,0.147471486274013,1.18564031276357,-1.26802742908975,0.685581812020073,-0.380869022395521,-0.385637889777462,,0.978038285172739,,,,0.132034668270383,,,,-24.1802572436934,,,
82.6973,33.4451,-0.855223954867578,-0.82993651762748,1.68524528314938,-0.971447078912826,0.0194937438091806,0.920071207704531,-1.46884928211418,0.774367326355089,-0.317131086450866,-0.387177749056605,,0.967635533729576,,,,4.87488060948997,,,,-0.157869016521738,,,
83.1,33.4477,-0.725111599140654,-0.67855901826571,0.955863810135028,-0.930131112665042,-0.181895946754384,0.692902962354657,-1.07335912259408,1.28714122144461,0.17089869688429,,,,,,,10.3233862815478,,,,,,,
99.695,33.451,1.72670199374922,1.62311297690597,-0.590332400556761,1.02887174064699,0.139942694164591,-0.721446381769593,0.786211314204913,-0.167915527046511,-0.536264852050859,0.307485487558019,0.00000212738329596895,0.402118808176438,0.00000000163333124802989,-0.734993232586169,0,1.02231554176903,0,-0.52721052193286,0.0032586442410838,0.673745671143089,0.0984753478276381,0.50019940744259,0.504344378008465
91.052,33.452,-1.67916885432717,-1.27280586823071,-1.91600445642391,0.0740023596658306,-1.5144620123121,-0.28116183970571,1.14624384732959,1.61120985149345,0.16701959029489,-0.257784973189803,0.000000000802639288366436,1.40730945968813,0.000000189718432741515,-0.861861814059169,0,0.993735912013147,0,-1.53234989467571,0.0000134504791546863,0.202963348009087,0.00925159292957756,0.0517114073766115,0.41492663260102
75.9131,33.4531,1.14220227716889,2.00181805925383,-0.50225468906291,0.233449619586687,0.987678159858951,-2.19021790476596,1.26787545947281,-1.33037957944009,1.78477513714356,0.596822436839487,,0.383401581566953,,-0.426046727969138,,0.987713004752411,,-2.43882113788652,,-18.5459469064483,,12.5696305856497,
81.7316,33.4598,-0.457389796003015,-0.605828072482472,0.18709816811084,-0.974607864166648,-0.155468897785377,0.297584495966016,-0.638232381881981,1.10968732615029,-0.0733938617720323,-0.323029569342801,,1.16680700825539,,,,0.636467676315053,,,,0.275106709869695,,,
87.0423,33.4648,-0.418677257998972,-0.532549923275247,0.78648213221241,-0.567500360504219,0.204455566416803,1.28480464318157,-1.32177617764824,0.566902529084522,-1.03180453615232,-0.109149466222051,,0.611337018446006,,,,0.911905140487723,,,,0.399741662402955,,,
77.7204,33.4656,-0.707712935051392,-0.662343480901246,-0.282265393363392,-1.02627854847294,-1.01913307294319,-1.29830450414759,0.677215220415354,1.16289819369263,0.536834537560978,0.315315450207359,0.0000000216175077838443,0.222092393751553,0.0000000471059531381712,-0.481339145802884,0.108188398218144,0.971629331314177,0,-0.437305469087742,0.383705321771781,-1.27055901250901,0.37933378913401,0.250667424513854,0.379756346678289
99.4093,33.4684,1.64955981295301,1.57221385822119,-0.353801832146495,0.931921678230607,0.106949563346063,-0.727558702511803,1.0026914683081,-0.03598572881533,-0.291822525982155,0.284480728763583,0.0000043800208020528,0.470018689076238,0.000000000000423883150801885,-0.740852056334127,0,1.01724139234541,0,-0.541239292098341,0.0170218493101228,0.667229595294414,0.216391412265452,0.479869576032602,0.613067342486699
104.111,33.4696,2.52380320444201,2.8071032525383,-0.369586454142386,1.46755582668015,1.57477148538752,-1.0717829770951,0.686581687360431,-1.9604845429212,1.1410107374214,-0.650140968241691,0.000954878760985434,0.815994399650406,0.00058010038417744,-0.0441073105863624,0.943682637111188,0.762853274831308,0.00000000541456324221201,-0.0219294673343326,0.944312174095227,0.41829234820428,0.00585631705841516,0.160379215990368,0.000818254924130013
77.6104,33.4769,-0.776419625271876,-0.716879616567506,0.708745411735695,-1.04252963162058,-0.845078757361039,0.575059577098726,-0.567167681203732,1.11038846622469,0.961829809763378,0.261835105839058,0.0000000549889491718858,0.186373410574573,0.0000000574243550488518,-0.445972159824879,0.194557127031128,0.97167587092715,0,-0.365050316304809,0.399883422145802,-0.994254514047161,0.331511760971714,0.150784065813708,0.32854014391325
96.1732,33.4776,1.75807707828672,1.66678359176746,-0.109583606774469,1.07309693048729,-0.224909619363551,-0.176083858307342,1.21879232107681,0.302640128783943,-0.269031247353659,-0.569024695657239,0,0.957921748168431,0,-0.926066527820837,0,0.992996827779786,0,-1.09971038230877,0,0.582605903568466,0.0000000000496163110597081,0.566214581639368,0.0000000000239015474079451
85.2335,33.4837,-0.0752467814160685,-0.251942399111549,0.145396057723079,-0.530693223855056,-0.38976073727138,0.730256503501939,0.34669939267807,1.01286636115128,-0.535814444630289,-0.420533678538855,,0.921727542081763,,,,1.31305453529628,,,,-67.9167596416687,,,
90.8913,33.5054,-1.55526877727537,-1.32115255481165,-2.50261834063846,0.11078056907775,-1.45131432881471,-1.66790996434334,1.92538725924856,1.79831697075483,-0.0399553293398127,-0.259485163273434,0.00000000457153670474497,1.32418500445733,0.00000000154178714240061,-0.929875570855949,0,0.991519868543237,0,-0.827674318579126,0,0.187056073939752,0.00162071788439211,0.277622569608781,0.00000906523443577889
94.9668,33.5173,0.152605202322464,0.0686099824603075,-1.58114878806338,0.869241457020175,-0.918543068025912,-0.648215447144859,1.21278306398964,0.804754236088368,0.497232184537197,-0.619797875723762,0,0.943581478650114,0,-0.935495032219398,0,1.00328583355526,0,-0.907447657677946,0,0.541123229277997,0.0000000000000341948691584548,0.534935063156479,0.000000000000228483898467857
79.465,33.519,-0.749294237881351,-0.629832119317546,1.22030109587439,-1.18227873220169,0.401894012763356,0.808451760836395,-0.931831338346031,0.8708393152605,0.137389781600645,-0.245469419216483,,1.34720662893045,,-0.960045473645059,,1.14370135148899,,-0.402323905037508,,0.119254661201961,,0.600038470067396,
101.995,33.5201,2.49355894575075,2.13408624095018,-0.00251277340794445,1.20261897552184,0.949982003452859,-1.28604171749233,1.39474872780378,-1.14647166579319,-0.744468923164868,-0.743263701880724,0.0000000517077103356911,0.820795127489663,0.0000000269075273173769,-0.490895233367829,0.00000000000405320221830152,0.966678068214122,0,2.9512032466609,0.30929015564258,-2.22195261128041,0.323816113312312,0.794507454348366,0.0000000856448405528454
75.0063,33.5285,2.04907990691866,2.23165965475125,0.153411269047153,2.32482839577579,1.65579190602221,-2.09072740421153,0.810438503919323,-2.35622000619221,0.61558361663686,0.639270051868832,,0.394614015591657,,,,0.989092350217471,,,,-189.7309289009,,,
99.0319,33.5366,0.799573971378647,0.936708087920924,-0.747816218980176,0.630715078003665,-0.296728043754724,-1.08391628608944,1.30368082688298,0.420743586633986,0.138997895263783,-0.484777265840518,0.0000000000018016699243617,0.900385194359274,0,-0.847461592968595,0,1.00894304901077,0,-1.32813807125932,0,0.718325402849073,0.00000000000254729570769996,0.337222692794865,0.0189312193756783
76.7829,33.54,-0.186629322314705,-0.163872016102176,1.45901717202692,-1.26924548319711,-0.6130816203362,-0.219285494630664,0.349573002201747,-0.889514507622829,0.581649895996629,0.543337103779878,,0.348709345355174,,-0.558378747878694,,0.98369485692342,,0.047209770467701,,1.22026855520856,,-0.253141187807211,
84.6787,33.5454,-0.844164645030652,-0.849443709744591,1.10297593109295,-0.761818184992691,0.206498550364173,1.137702846369,-1.39199628320078,0.313280227935444,-0.652087999579453,-0.384627568018936,,0.884034824246012,,,,1.26253070177836,,,,-1.22500641983433,,,
78.9992,33.5568,-0.643168511693439,-0.659431183096322,1.17920577913451,-1.28032007692662,0.24757797535795,0.994927705102245,-1.3032760256989,0.221673631514385,0.814881245722336,-0.394203802665667,0.0000000191599742738191,1.15013881282039,0.00000000226491581045707,-0.931494405652824,0,1.00922999070779,0,-0.749508761826308,0.00000000046605808101674,0.719521777297862,0.0000000708651644032443,0.6890442655665,0.000000000120809362513796
86.4126,33.5616,-0.442208467698188,-0.58588227708685,0.539298164744519,-0.601520261852005,-0.132710310412106,1.06594254238348,-1.2505496392195,0.661456889049804,-1.08111330802599,-0.167584195620339,0.00000040334312512158,3.04069053471681,0.56060024848716,-0.65494144524352,0,1.09646316969968,0,0.428739494705518,0.00551718856565087,0.053058269567395,0.00304143321799244,0.0779578383832187,0.000120741634380028
85.4857,33.5635,-0.144190297242938,-0.237014763654054,-0.125656311974672,-0.511550667132748,-0.641687865666769,0.238595644915286,0.524985103070846,1.31829771015339,-0.663648669550936,-0.271652349692774,0.00000112906219063014,1.59633314249365,0.0176366252998961,-0.790062760563161,0,1.17363185221364,0,1.511078235001,0.443178144943837,-0.0593148542398638,0.791659587122892,0.148906167215724,0.0117911374348798
75.3742,33.5697,1.73645712013376,2.14055586172201,0.429722140118837,0.516751613796765,2.06732372014857,-1.04385349398682,0.42372648705572,-2.78235449827125,0.543867669005205,0.746593608494354,,0.263313267681651,,-0.610465475093575,,0.990423120699684,,0.0681208519779723,,1.04411697638072,,-0.467923860190706,
79.419,33.5744,-0.761058804732798,-0.692627715666615,1.48006186570263,-1.21155817427069,0.319405483529906,1.00953186017699,-1.13278606030672,0.530055696757895,0.581504827299766,-0.253585421539314,,1.33832274278502,,-0.959115129128809,,1.14229458667417,,-0.405832352959131,,0.123494278206334,,0.60425384700694,
102.542,33.5819,2.76591200378353,2.30776692921385,0.0432881509721751,0.782964949436518,1.05971210781757,-1.19000374510876,1.66941995594549,-1.18332396872724,-0.599303692866709,-0.808627904630928,0.0000000317301405150516,0.878885428604442,0.0000000157809698642097,-0.43086497951965,0.0000000258048393764199,0.670092720795317,0.00379598002955461,0.774289182568433,0.351126501577218,-0.423098452988361,0.51911251600588,0.811734103954336,0.0000000719834150064713
82.0383,33.5845,-0.755748166247081,-0.800483214179412,-0.304273064849492,-0.80253754439502,-0.426896634059376,0.419748216936007,-0.322357458710502,1.60972199126802,0.628390176587154,-0.317518919287853,0.0000000719805322013656,1.10829645687369,0.000000000000000888178419700125,-0.922319751012059,0,0.679370213981338,0.0000299267087733313,0.346820736620223,0.00000880065643671379,-0.043881763988981,0.27408926483022,1.44475783114031,0.000785919277591196
80.2547,33.5916,-0.715269930752837,-0.696433670961517,1.81696182451834,-1.1976394560351,0.84617578035724,0.928229053422997,-1.43214468187963,0.423512048415131,0.139462784489267,-0.271456984888537,,1.19578638050503,,-0.964776158918812,,0.0327637443116712,,0.00531623935154101,,-0.000498972714427323,,0.87386208509132,
88.3668,33.6047,-0.635381018564449,-0.691254044242089,-0.301034088544895,-0.12521535066954,-0.612706411013634,0.945956875539547,-1.32924017672901,0.976395030771535,-1.1069493166941,-0.377223742525331,0.0000000000139825928613391,1.22013261112444,0.0000000000170954361777831,-0.654649242042827,0,0.856149566149751,0,-0.0678789162276773,0.353218220698151,0.200723955142507,0.00000695792427207742,0.281572739780906,0.0000000450346326896778
86.274,33.6128,-0.437989919134053,-0.56653407658291,0.858086496176466,-0.721444964396036,-0.015161142082685,1.01454322164468,-1.28520461668445,0.711312437798809,-1.0646949013353,-0.0195194791291902,,0.573887064326947,,,,0.959557955329285,,,,0.53105889973735,,,
82.0828,33.6158,-0.486386289509825,-0.602133933519003,1.24102246878962,-0.778874591765745,-0.366296218269818,0.799922874849703,-1.38031716479548,0.893366485632992,-0.211122675247922,-0.297048185161336,0.000000251388683203402,1.12024931225677,0.0000000000000228705943072782,-0.92611943052525,0,0.65724228309286,0.000349510683710585,0.318202498217388,0.0000203296642511397,-0.0307270562460399,0.391652389126812,1.55730073292326,0.00467673754550302
78.9414,33.62,-0.756928250832552,-0.673830857402664,0.572044159362455,-1.29442438568491,0.357545589302317,0.651982220662055,-0.683879811708761,1.08220886864083,0.920909443971583,-0.391317690206989,0.0000000109474076470661,1.16182529091752,0.00000000222505902591763,-0.923734943892264,0,0.987013254127188,0,-0.634410667495232,0.000000205609952175223,0.737663083892614,0.0000000220138314244167,0.68765455987067,0.0000000000818267675839479
101.652,33.6251,1.34621347287703,1.53582935035532,-0.402226522550436,1.46606169402278,0.708112725237791,-1.59443035329794,1.03606384356396,-0.77581635387166,-0.170609054421448,-0.749662251978222,,0.799208999535527,,-0.49340787944041,,1.02343365937686,,25.0609814209251,,-19.4731470996716,,0.775749501871762,
90.263,33.6398,0.0699753186698307,-0.166994241241072,-0.146567155437218,0.093657266388595,-0.517906891296622,1.13313353181178,0.143128289757422,0.677505816546766,-1.08498334606902,-0.258176252946033,0.000000000218277618202478,1.49621890875457,0.000015129289464344,-0.916914974957525,0,0.983328014508485,0,-0.803273938892656,0,0.267303130223785,0.00000000105015862672531,0.184910107874237,0.000122193956856309
96.0211,33.6634,0.556459045094881,0.592256886963686,-0.568199691005513,0.781258389712854,0.0215409479206046,-0.712377043435766,1.08595564264165,0.576330080572392,0.299145818640067,-0.649922257481555,0,0.905705642140738,0,-0.93513157786129,0,1.00769404460308,0,-1.06032945627284,0,0.454670375476804,0.00000000897263507937396,0.462366687842909,0.000000315770948278171
98.3087,33.664,1.54296539093219,1.6810476692798,-0.45687552363435,0.662640204515648,-0.17737846813338,-0.870820189323533,1.40979861574794,0.0742124228330199,-1.05724729936096,-0.480219876880891,0.00000000000000399680288865056,0.893966333709247,0,-0.876603062262982,0,1.01315380318201,0,-1.23340593573899,0,0.700580242884544,0.00000000258016830123609,0.195641312921393,0.35056842572143
87.782,33.6788,-0.508516094742661,-0.593999435057195,0.344890520954907,-0.254289987961524,-0.479106494689208,1.18759317946314,-1.28283172746587,0.731034837859123,-1.23572406540767,-0.0885124229215165,,0.676490535685304,,,,0.907229078741165,,,,0.541373293580535,,,
99.5484,33.7034,1.45423830860913,1.80695225596517,-0.312963918381265,0.961755765335727,0.338109297638034,-1.32096343016162,0.97263062771881,-0.167126346911125,-0.299833982668816,0.213599711707063,0.000375904112527303,0.526437444443678,0.000000000000000444089209850063,-0.760460499811641,0,1.01835390927421,0,-0.745383833694872,0.0000000079378075223957,0.301454601164549,0.28401792379457,0.0341835919875742,0.923770842951689
82.269,33.7064,-0.835743928740081,-0.800666023231236,1.44240554977217,-0.752027820329015,-0.74254133574721,0.683402628691109,-0.85385444903601,0.934303625447582,-0.999430386143213,-0.293439851655511,0.000000563500366146386,1.10533563233179,0.00000000000000199840144432528,-0.91913835745585,0,0.604160681231151,0.0153830003224689,0.266958316086699,0.000125394741733675,-0.0286403818981176,0.422365751083389,1.29314887226237,0.000131918383973639
102.007,33.7088,2.70132882057186,2.15748816365685,0.016643562043188,1.18297038649191,0.857413773731855,-1.12823116311964,1.29460700587195,-1.05132049729462,-0.596738759700848,-0.735767578421065,,0.802083253571854,,-0.493585754167034,,1.0335432050775,,24.7978625389845,,-18.6161804386946,,0.751441169554696,
78.0808,33.7147,-0.982412633594128,-0.951063378353476,-1.02978595630898,-1.01734531064339,-0.48735099624982,-0.479031768602622,0.50309089724369,1.46540542289565,0.735553377934698,0.403785792368303,,0.280222038403119,,-0.653797560011373,,0.976273583522995,,0.220359253220161,,1.62318385105528,,-0.26452859980237,
95.0743,33.7207,-0.408121618054579,-0.445075480259958,-1.29659294182163,0.850162376138525,-0.77308964738012,-0.600023601460952,1.11506503261741,0.905032435959685,0.488021215291883,-0.6376434424584,0,0.880725797391361,0,-0.928276200101132,0,1.02064999005791,0,-0.860572571896175,0,0.382334929731172,0.000000000227390772877811,0.431397502885746,0.00000000220817653051597
79.1108,33.7264,-0.94459220576949,-0.933436771118264,0.451548004060926,-1.30592795252223,0.329338443619177,0.96350910187103,-0.958345684988461,-0.0994286023773407,-0.167022581442152,-0.393357270831616,0.00000000598336669099808,1.16963329169653,0.00000000253943333028417,-0.933178303534904,0,1.0071157683496,0,-0.680971469012634,0.00000000659477650266638,0.697450816146585,0.000000026968498101354,0.686822648096455,0.0000000000782123255049783
81.0936,33.7268,-0.931337053130345,-0.918066786592758,0.313492020234289,-1.15488849462142,-0.306664479771887,0.741578134421841,-0.913493174072883,1.38419612317918,0.237875670655827,-0.302079998763623,0.000000229338247059729,1.11238591654847,0.00000000000000888178419700125,-0.959767034316544,0,0.590907611339693,0.0137601126434388,0.212285908350883,0.00000893656928080411,-0.0319454939244655,0.0819521312875597,1.08108217087361,0.000000000640161257337013
75.9152,33.7398,0.073875775296701,0.162223704499485,-0.590955375417033,-0.120530395840204,-0.338792817730084,-1.85943694079437,1.2310442943905,-0.238941589204646,1.56125969714833,0.597200275952015,,0.389703580544855,,-0.364425914428647,,0.9877728863975,,-2.39637276656311,,-21.4542492894458,,10.5449824849264,
76.6197,33.7398,-1.26403182681249,-1.16125361921273,-0.963990762419363,-1.22757147699888,-0.640985921863224,0.153901357388348,0.539050598107623,0.996693406790721,0.717040459519132,0.551205319059126,,0.365034930191122,,-0.496975971191591,,0.985394618481499,,0.039918548362798,,1.21909749274397,,-0.207447312099084,
94.6892,33.7463,-0.148640130507465,-0.0724295686390323,-1.39745590038755,0.769023168421412,-0.859949975882407,0.0104276855831559,1.02591132424972,0.890805819580614,-0.258626007295929,-0.656373910123291,0,0.877327890040121,0,-0.931540132094314,0,1.01879506115462,0,-0.838263081998105,0,0.357721062882854,0.000000000551310108676262,0.463079208473618,0.00000000000142241773914975
82.8228,33.7574,-0.622343913086326,-0.684234603516992,1.25491324465914,-0.877852711034532,-0.463998330861506,0.906358973032858,-1.43922217645708,0.879328765811042,-0.943341116114842,-0.316796774816715,,0.995562831390713,,,,0.278091033683174,,,,0.21976154325393,,,
84.7645,33.7575,-0.457954717361488,-0.585977694797634,1.12062541076257,-0.803119410083356,-0.0963292761425182,0.908594629972767,-1.40795224464708,0.664535706919379,-0.827172237607655,0.0537779213640044,,0.110836671972461,,,,1.04938174906238,,,,-0.0855236314287627,,,
102.475,33.7584,2.33909078608731,2.22010604138067,-0.0997444286137944,0.773785682232512,1.02366705660728,-0.675739674342043,1.68808247022855,-1.30524382819482,-1.23153332932693,-0.80078895251622,0.000000108944136156808,0.877021529032283,0.0000000571922345038445,-0.437823639959626,0.0000000138682025863091,0.63388852976534,0.0206618437340094,0.708165896195259,0.371551975546359,-0.384957995472432,0.535744645377769,0.806747368943302,0.000000222223217161144
85.3176,33.7595,-0.604036427155439,-0.668407932706709,0.513097282206477,-0.531532661435743,-0.0900492304424434,1.52318554432335,-1.41135344204511,0.549915302084809,-1.24741225494973,-0.391402535095181,,0.972660240775942,,,,1.31649100280745,,,,-10.2985897422887,,,
87.6323,33.7632,-0.352551684318198,-0.39532192684667,0.140684964862365,-0.361268860691465,-0.577382499424328,0.757720370759305,-0.634072684103168,1.15990957002319,-0.52599401418212,-0.0841766938534797,,0.652893666364528,,,,0.914391414410257,,,,0.555795381753181,,,
78.3363,33.7635,-0.7555000106222,-0.579622439018327,-0.240685742677895,-1.13320893145953,-1.02995426506468,0.0182078687259681,0.963240542211429,1.31376703342645,1.66423776843773,0.384907634368012,,0.276010318253505,,-0.61755929534664,,0.972334873035534,,0.225105256876584,,1.64607922820511,,-0.247421145285517,
91.2269,33.764,-0.363789709347976,-0.425422877675949,-0.382277779549031,0.0439440494121076,-0.640409135098162,0.930765341111796,-0.94017389492667,0.741825402437584,-1.00070337258821,-0.276032449831979,0.0000000255957679495822,1.20215760125874,0.00000000000000266453525910038,-0.92936557993147,0,0.987606981624557,0,-0.979539626038676,0.00000000000000910382880192628,-0.0694831496626878,0.77435149781963,0.0934087993873305,0.567843839562822
95.6624,33.765,1.93993980950308,1.79921224428455,-0.180265105467646,0.660596631094368,0.0389296035989186,-0.425560328021288,0.910225604744659,0.0934239902167801,-0.0946973243212363,-0.657011803269087,0,0.900535344444125,0,-0.922777407645539,0,1.01758961639844,0,-1.00378589144335,0,0.523151488228898,0.000000000147151846263682,0.437608694389674,0.0000134792725665633
79.6364,33.7729,-0.633606412653198,-0.718093923111968,1.17917319857263,-1.22733487734875,0.326323393403826,0.838642155008984,-1.40769792196683,0.797112933473306,0.0987614343724353,-0.23552353013804,,1.32648514244989,,-0.963806152320816,,1.35641107698216,,-0.232195210272664,,0.0504536974901144,,0.615991804349474,
82.319,33.7767,-1.66646544347528,-1.30794206200677,-0.967618128496907,-0.793626592814088,-0.821530182270516,-0.411668188029686,0.547470498453046,1.66542471850556,0.65700005512365,-0.277058850119586,0.00000190007974931738,1.11090674729975,0.0000000000000370814490224802,-0.912589322996609,0,0.620441549448842,0.00702138946692887,0.285293301803946,0.0000977618279871528,-0.0344055591452811,0.325519114352367,1.39152265768573,0.000641981910020073
86.3534,33.7909,-0.444297692728029,-0.585689972166112,0.556624421633799,-0.694869670897234,-0.239806135418177,0.789031580905407,-1.13546164738428,0.77998682273458,-1.04905957220074,-0.0183438100677169,,0.554742149886637,,,,0.983819573274504,,,,0.481338230465835,,,
100.4,33.7995,2.41710752008483,2.06217861653581,-0.307697721364065,1.13726130492473,0.195616054314042,-0.422416513164327,1.05913932295148,-0.550837296262276,0.253956436266283,-0.270322679675675,,0.409357797432451,,,,0.971983619677812,,,,0.264487368495089,,,
85.8197,33.8128,-0.452804029885792,-0.582829485390164,1.43999152831829,-0.706184027925478,0.109989003210567,1.16163398818147,-1.25351778398736,0.483132102609147,-1.1774658157336,-0.400811385045971,,1.04248827932921,,,,0.0886308947747985,,,,4.2449540488453,,,
97.5885,33.8206,0.70129431659878,0.8926628355555,-0.463289596763263,0.532498942372699,-0.334259335400952,-0.423047011081166,1.00748035107769,0.272154836153607,-0.506955458501522,-0.630580845093386,0,0.9140916517168,0,-0.912282871554831,0,1.01113004836309,0,-1.22586544848439,0,0.938555552818339,0.00221816710459932,-0.175011007647953,0.742426982192639
85.2402,33.8292,-0.411037157271254,-0.515264300488366,0.571233364501468,-0.560404896466738,-0.238682233779472,0.965625201807897,-1.41901218909506,0.92515525258411,-0.718984407495724,-0.397324331221281,,0.916530494816998,,,,0.157687154366341,,,,2.45781726471097,,,
98.9015,33.8299,1.51799523914407,1.48063013388297,-0.45884518960308,0.678706795615679,0.00657953237380191,-0.765551502347716,1.13604121887128,-0.0366523934886563,-0.636674071837024,-0.467335052012386,0.000000000000308419956240868,0.88576990770371,0,-0.86045747306899,0,1.0088496010055,0,-1.25548801435987,0,0.616568964599169,0.000000000475531169996657,0.0874586839121919,0.73040075527593
102.136,33.8382,2.44732457484898,2.25154356313178,0.112304017476909,0.989192166686629,1.01399703517098,-0.502893259427236,1.56152605590393,-1.31536735445636,-1.31981332340561,-0.734293087128551,,0.809562674167899,,-0.497794762408246,,1.03324592523669,,81.3350257109839,,-60.8515069990873,,0.748615515176123,
76.4725,33.8393,-1.33767431408501,-1.20436300033789,-0.831186095663643,-1.27515491021934,-1.07361988787649,-0.3673234598117,1.40324052483043,0.886791147193299,0.943709210490139,0.530834196897829,,0.377040446899217,,-0.461376066662113,,0.985226516674052,,0.0432537356091683,,1.24423547146358,,-0.187025294755614,
79.4948,33.8432,-0.753018163835895,-0.75207830520602,1.51553707985432,-1.24236304718508,0.274797941971211,0.752858694175147,-1.2827857278809,0.722221783223875,0.0413950485250758,-0.241455521827073,,1.3326303643225,,-0.964321961937943,,1.29678141649933,,-0.259087754916778,,0.0578031149412184,,0.609971811173172,
81.0671,33.8452,-0.61584329397851,-0.753828403488994,1.451316623784,-1.16775393618256,0.062692364485454,1.07445466960484,-1.25294427031145,0.427706126347924,-0.523142342199447,-0.264960022971791,0.00000293276538565479,1.12843046930827,0.000000000000301092484278342,-0.955118689538611,0,0.652121415798128,0.0000718052925907653,0.280511118209259,0.000000150574523294367,-0.0462209487706998,0.0397537063512832,1.11262445883525,0.000000015738836456336
76.7291,33.8476,-0.668394769512295,-0.628351031371526,1.26661682273852,-1.28653092390066,-0.118625004574545,0.0848915470164038,0.3033701250631,-0.567760086269166,1.56992057393602,0.540160905703851,,0.356443049912123,,-0.485337141924119,,0.984540677753339,,0.0431917528969298,,1.23936975760519,,-0.193311974522498,
93.4464,33.8662,1.19312519343674,0.776219427116403,-0.34781055946927,0.6321427666233,-0.0459147821080938,0.569087091248183,0.981029148158069,0.187744071426248,-1.11687680516234,-0.585649137687051,0,0.926843795567259,0,-0.939602692877073,0,1.00365559216328,0,-0.8397008941692,0,0.451393217143685,0.00000000000000199840144432528,0.399493989898593,0.0000000112125764228921
84.5816,33.8679,-0.624990805791124,-0.697969906880627,1.53539712575485,-0.773588240192113,-0.0519098208768478,1.14525042955894,-1.32587703773635,0.492486509827105,-1.05635240585383,-0.406410430548441,,0.817927497696395,,,,0.0152428323984665,,,,0.00403946517315347,,,
103.068,33.874,1.86126137754523,1.67782790491387,-0.305989940304638,1.16857945661952,0.672269143083017,-1.90963882982451,0.970274117986097,-0.820479532466982,-0.316621246498855,-0.796513594074423,,0.869927657738139,,-0.454300932948443,,0.0361663967294683,,-35.6319555224139,,28.110603551144,,0.788775671962561,
76.2788,33.885,-0.897798495258881,-0.872237478075104,-0.763743123361631,-1.21525225868382,-1.23310415073517,-0.705731984981352,0.942216974876001,0.234942314904188,1.79347414329375,0.569116460489939,,0.340196867361403,,-0.38213030818171,,0.98814424711257,,-2.2628953788905,,-20.0591120475311,,7.29685088228207,
95.1157,33.8952,0.48327978253508,0.575055243978537,-0.54091522847417,0.759602032558892,-0.630588547260487,-0.0136598816268828,0.940518605835752,0.426675492846673,-0.432798273703434,-0.701485785766938,0,0.89534336875225,0,-0.920013667902736,0,1.02034748359546,0,-0.931453154641253,0,0.430150300406836,0.000000000806152256060955,0.387650355185527,0.000040301845518842
99.1002,33.9041,1.37133151988532,1.43754438108244,-0.383490278427586,0.855654903280492,0.0853873534512585,-0.923166718268868,0.923711143449623,-0.167752610368805,0.135908991517863,-0.443540786885722,0.0000000000158477675427093,0.883215067422768,0,-0.848010176585773,0,1.00961137528372,0,-1.22610334409762,0,0.57446974403069,0.0000000000123101528970437,0.183039800760403,0.311736125743451
77.0799,33.9111,-1.00216478874611,-0.946610629922282,1.03471029869346,-1.25747072286457,0.469165433802954,0.290627475348507,-0.219304570000793,-0.701921117187402,2.33458164379795,0.505444156318432,,0.32314993794964,,-0.611712161179793,,0.984775620405452,,0.10243391572137,,1.31580230291915,,-0.273278338284627,
84.7823,33.9144,-0.577407066239118,-0.701510380738886,1.20320254671228,-0.806011979610045,-0.0738524819994551,0.6351020451251,-1.32708637568355,0.677468976408816,-0.906688387920194,-0.381456215856263,,0.779578046822769,,,,1.38050615764726,,,,-0.272016265233707,,,
77.3503,33.9194,-0.950491158367703,-0.912392211126878,1.27097926458342,-1.0666006282303,0.198135995802887,0.810298550315785,-0.720397600246687,-0.556739442178859,1.43593667788684,0.478938399127686,,0.316428069219828,,-0.613877757536123,,0.983350141209593,,0.158144229877005,,1.42880358586459,,-0.284355050069017,
95.7417,33.9243,1.32381469882179,1.19003955613938,-0.0254482972087021,0.546163431942469,0.135983828425969,-0.331163597259655,0.94201573291601,0.157895538719507,0.682359462027459,-0.704304906695638,0,0.909493533029368,0,-0.932123733055911,0,1.01413402828404,0,-1.05275909235164,0,0.592728039531501,0.0000000347198367833812,0.34380311616464,0.0182411920421397
98.6893,33.9246,1.45312123030501,1.49989782641614,-0.55363717773645,0.642230818505004,-0.19095271524358,-0.695674503013406,1.07775070795251,0.0365121525993602,-0.866302720475611,-0.523507571359761,0,0.90424876059468,0,-0.878855536023028,0,1.00890145980258,0,-1.27659131151573,0,0.646660659157175,0.00000385949817260922,-0.223556438699362,0.652805623145998
100.032,33.9276,2.27438322065506,1.87717775318842,-0.157688887679574,0.773171906195398,0.253846880533346,-0.884591397519427,0.979298420766571,-0.36100413007435,-0.295653021812847,-0.665928511813674,0.00000000000397482047276299,0.704009852201699,0.00000000000181965553736063,-0.727184537445517,0,1.02012917484364,0,-4.48694843659267,0.124939087309707,2.38413832437409,0.185368832437578,0.519222864154772,0.0000073019802764307
96.2235,33.9353,0.272426165326399,0.450210953671538,-0.604546335724645,0.764548161397909,-0.263897374680795,-0.849502711532088,0.895042912317495,0.491418145459737,0.036360012998836,-0.711789583456333,0,0.896381827438437,0,-0.925738199539377,0,1.01350876652392,0,-1.11516315999818,0,0.577416427450995,0.00000679984359774899,0.151608042868941,0.526281022023944
76.3581,33.9358,-1.25680372678943,-1.17674740155432,-0.924665890812144,-1.25284802017102,-0.956039512715689,-0.871706758357076,0.799003547328686,0.892168680889707,0.931737550216625,0.559234725369731,,0.346777905997898,,-0.318590460783721,,0.988088619350197,,-2.28502632396795,,-26.0450069323372,,6.2798720950632,
92.0524,33.9369,0.129414657019286,0.024466695551841,-0.0154249465914509,0.2339878949288,-0.0446306899604498,0.509089644447855,0.765521456144919,0.429124945303636,-0.907076776796664,-0.452385978845558,0.0000000000000135447209004269,0.992700316073746,0,-0.935959907256876,0,1.00425486637257,0,-0.878822340002724,0,0.37966230823054,0.00000182833303630225,0.398162896498961,0.000110745951792612
94.4561,33.9522,0.350489072862457,0.40037525215747,-1.07216076409045,0.78646366696856,-0.748943333834514,-0.109646534804479,1.05450848570057,0.646557091589473,-0.655750245373332,-0.686562191510892,0,0.894794318530037,0,-0.924349907107596,0,1.02021239980355,0,-0.832288337749301,0,0.385321184692567,0.000000000501402475094892,0.434483203738809,0.00000000118118270719947
89.3898,33.9553,-0.516066003353351,-0.551694109457171,-0.187914215933138,0.277244440447503,-0.994389117723178,1.09957486269256,-1.30022205897379,1.02365507293852,-1.17667006841896,-0.330088528803691,0.0000000000000270894418008538,1.53106587180163,0.00000291690441356351,-0.922123117782446,0,0.976816665708269,0,-0.594808932433941,0.0000000000000313082892944294,0.316320516162335,0.000000000000271560551823313,0.213324865623673,0.00000171440480101204
85.8267,33.9558,-0.340907078731736,-0.489363894817311,-0.00998878422748945,-0.651724336939078,-0.373103881619933,0.776993820681427,-1.07828735908145,1.12032240492315,-0.622408983587675,,,,,,,1.08942325723466,,,,,,,
83.9977,33.9691,-0.722671474141036,-0.539830430746627,0.240197051499948,-0.731573523979826,-0.64206067177849,0.516126889171032,-0.699033673239857,1.47187390508907,0.270265747320521,-0.347805599227119,,0.837124576712319,,,,1.34092885272673,,,,-0.493533921122118,,,
88.9436,33.9804,-0.490409795570557,-0.50650698319091,-0.0934392768930853,-0.0721915997672264,-0.960859578893679,0.832826253730923,-1.1668288402109,1.1604107725017,-0.81514602405587,-0.298797199812497,0.0000000000000694999613415348,1.81793154106768,0.00306994635197033,-0.934584508949358,0,0.998790778670501,0,-0.507768545834303,0.00000000000926858589878066,0.245293164162509,0.00000000000175415237890775,0.164356101452219,0.0000019409411253779
98.8015,33.9816,1.796398760076,1.68634391420763,-0.458376854386006,0.649765765763512,-0.0841446797975039,-1.28899131133293,1.1031868933803,-0.0623549127660106,-0.73458959518715,-0.539463253243015,0,0.907304583644873,0,-0.871215075382301,0,1.00826394493834,0,-1.31473772705571,0,0.678040638259037,0.000000114858620392511,-0.0865324490257524,0.820509362053823
82.1284,33.9846,-0.641234882952909,-0.662104027910157,1.4468769998986,-0.943393605431629,-0.612480245763279,0.811674974060944,-1.1736072080049,0.887764915591313,-0.678869727343857,-0.255085270958796,0.0000076755705573639,1.1320175696597,0.0000000000166893165953752,-0.90530009616284,0,0.711906129489639,0.0000000575295162619227,0.356495386116286,0.000000517434084912338,-0.0684771762032009,0.0567877507440837,1.11564767354355,0.0000000775781081596705
95.133,34.0049,1.11000582682866,1.24970418899771,-0.597909122896927,0.667422508594744,-0.505103681507796,-0.653445056389062,1.09071548134307,0.580189025796359,-0.534641673109474,-0.729254262667389,0,0.901662211410217,0,-0.922828586715853,0,1.02001532689533,0,-0.966347486378618,0,0.463004232699563,0.00000000649540510266888,0.310276606857207,0.0108145483548285
95.5849,34.0064,1.33348532789512,1.14118922837507,-0.485148453740398,0.617178636821881,-0.477553283382736,-0.603196282418751,0.99409007012663,0.392395683320518,0.409757880478628,-0.757482438311176,0,0.901762210541042,0,-0.928053778675532,0,1.01783747498342,0,-1.07291661035912,0,0.664337849535399,0.00000452523504024249,0.143677674578345,0.525164577878186
84.4431,34.0164,-0.317773396305411,-0.422905686943387,0.292490971870138,-0.66656854210479,-0.327041758472456,0.932809788555124,-0.831066962612325,1.16224738044382,-0.600145480060526,-0.393144992809254,,0.793773126767619,,,,1.48971546112818,,,,-0.298680602370639,,,
77.4069,34.0176,-0.845768143689351,-0.706122345921986,0.591099650401922,-1.02800817545892,-0.224584827047998,-0.254182348482364,1.03010320056482,0.582608455017142,1.17346880464247,0.477902157224829,,0.316414202541514,,-0.629859730048533,,0.983564724947994,,0.135923546999792,,1.40721418101351,,-0.279074109624115,
84.1566,34.0185,-0.763732589965571,-0.757167609006387,0.788570285283315,-0.686818504972204,-0.694460139033767,0.720635250624173,-1.11796978092089,1.23283177158752,-0.492158468776473,-0.366427204968701,,0.80936758845016,,,,1.49309850512114,,,,-0.347764910480733,,,
83.9053,34.0209,-0.521961458908814,-0.461979677494869,0.183415797833713,-0.748873864445941,-0.661225607292705,0.446677199977261,-0.163111814999514,1.37260444304557,0.0501596128584105,-0.357504838485836,,0.8444447967163,,,,1.3708169499731,,,,-0.531184491355748,,,
89.6952,34.0233,-0.269378752441083,-0.379892754711245,-0.527028232270622,0.259447687154071,-0.917048081125863,0.779955803224763,-0.655474122050333,1.02517724229903,-1.08363899045148,-0.372271258362427,0.0000000000541680034160663,1.17096744132777,0.0000000000000150990331349021,-0.692442883482574,0,0.825875125224925,0,-0.0944296121697912,0.11735861864889,0.196042283591562,0.00000432292616348029,0.231519620538388,0.000271057196652436
91.0296,34.0241,-0.572804732752799,-0.579990349354256,-0.243533336030811,0.193105649335446,-0.478705603362515,1.20668941813663,-1.00539021587359,0.53438974619545,-1.26851897710521,-0.341201244250125,0.0000000000249820164555103,1.16327402991707,0,-0.960664578324708,0,0.989649872044279,0,-0.854407062923047,0,0.13302048807493,0.394426212727335,0.303193123535889,0.0191680814868709
79.5489,34.0275,-0.787209845685162,-0.765583102946048,0.849906082502948,-1.2268574668093,-0.844002974934533,-0.287924100876322,-0.706988632141379,1.01818435548559,-1.14523107992201,-0.240089837623304,0.000000395319590174026,1.28122307274835,0.0000000373453783453215,-0.968858048103847,0,1.658071457152,0.0714977773459184,-0.149154695768989,0.230033849963182,0.0283158787013804,0.262332502769702,0.68023948061277,0.000000000124138921364647
75.4703,34.0422,-0.808813302281957,-0.773012332726103,-1.42813548105317,0.304049883208616,0.431366596822192,-1.38552261399934,1.53169679136262,-0.122223232081444,1.22231585239857,0.619817147401359,,0.445123703189414,,-0.00840159112972507,,0.986826135353311,,0.000101910393647538,,1.09663895329137,,-0.00310158441947546,
93.7522,34.0579,1.58688299930711,1.1558538520516,-0.0187858604930895,0.287788424963496,-0.000626732592885623,0.356993259524195,0.798422328122234,0.276792413546975,-0.677925737417406,-0.718839347122432,0,0.860475797472796,0,-0.925996936482751,0,1.0240155178818,0,-0.823710504874856,0,0.366100653114444,0.00000000547635825576265,0.335266529920585,0.0000220894344504785
95.851,34.0717,1.68580018536651,1.48729787089584,0.194003127139653,0.460426297446537,0.11833187642248,-0.106588292047335,1.14743691663994,-0.0835264078231972,-0.121884110868463,-0.778813290004632,0,0.902348776759488,0,-0.923683018370567,0,1.01712259500091,0,-1.12689980185863,0,0.618306439573655,0.00000178862808075664,0.0531130810402625,0.840187225714053
102.274,34.0886,1.92723838203985,1.69814765234299,-0.0458739143842314,1.09230962025407,0.751905882591163,-0.755993481109568,0.962327373226323,-0.916186532584594,-0.629614245489352,-0.761605808463665,,0.822011313247955,,-0.476648451976069,,1.06175433766138,,64.3684439258613,,-49.2710838861458,,0.764809742566572,
92.0438,34.0978,0.131998997111949,-0.105423150128716,-0.149847144177646,0.25576349179182,-0.0997231892375392,1.07436930223333,0.267295237879287,0.243163010726432,-1.21419842516781,-0.52885011353426,0,0.959960042536963,0,-0.927915688906581,0,1.01500088623089,0,-0.839393471543758,0,0.186787999785828,0.047859130514472,0.344117541107766,0.00250909303165647
85.8677,34.1032,-0.526152802030616,-0.629360809841681,0.756364541765571,-0.595621033911403,-0.457278170633327,0.921795288316539,-1.24892516003245,0.824191862179761,-1.15096002564322,-0.40252829247001,,1.06908131918904,,,,0.0772895822619116,,,,2.51249469545382,,,
88.5684,34.1077,-0.393452714449492,-0.510240648674658,-0.000948995292387324,-0.173837773888053,-0.591113888349928,1.40455341539566,-1.50700870849247,0.679313895620335,-1.18711583795585,-0.331984390641628,0.000000000000412114786740858,1.60605349391931,0.000165678315243944,-0.819348077470495,0,0.985176447755596,0,-0.28928402471031,0.00420472595653809,0.290830702013326,0.0000000000278426171007595,0.225507649870815,0.000000240669019380135
81.6767,34.1139,-0.569871485657015,-0.698490362160633,1.16200410415872,-1.05993680843004,-0.0856221192658368,0.906599783089595,-1.39166791602661,0.645281213423606,-0.421186883717269,-0.247954321190648,0.00000613718266895269,1.14242621261605,0.00000000000336686234447825,-0.927587314138011,0,0.739513043097554,0.00000000000440936176460127,0.381810799962999,0.000000018318397243533,-0.0610288670956228,0.075349871366613,1.08944188039175,0.0000000174380534456731
99.4312,34.1158,1.40982139011436,1.22064985712953,-0.337207026544447,0.779612613017287,-0.0411363319905047,-0.697303159663713,1.27075644900707,0.158522512186271,-0.184577750893224,-0.469707818454287,0.000000000000112576614696991,0.84610121201161,0,-0.834599212168649,0,1.01230762190246,0,-1.27052877094335,0,0.547483565958385,0.00000000000132782673745169,0.168504907593453,0.348008853014519
93.1206,34.1233,0.10301418114452,-0.0181580669755728,0.274970387285393,-0.0409403075596854,0.15819853636053,0.817941582587764,-0.0661752211296671,0.274572428361954,-0.704236120101635,-0.662309541113744,0,0.919609857708771,0,-0.936129591331331,0,1.01633279358095,0,-0.840616837808843,0,0.304120225626046,0.000000129267958337564,0.336832228775494,0.000042353395708794
97.2291,34.129,1.04939253460598,1.33404917378922,-0.548928581222615,0.390888550157372,-0.392651828358586,0.283965885763159,1.55963766358188,0.107801495500907,-1.21647458270287,-0.666333740188293,0,0.92032933469838,0,-0.917418216854877,0,1.01151628725124,0,-1.21540742418076,0,0.749684609748355,0.00000430828605901823,0.12662680064462,0.634298206090024
80.4744,34.1381,-0.746998232194385,-0.716443464112964,1.32163193145752,-1.03463454834137,-0.427645736375838,0.438266657064971,-1.29499908727313,1.0327207349132,-0.151028504192215,-0.323186095218111,0.0000000602772416424813,1.14221161909699,0.000000000000580646641878957,-0.951456007976871,0,0.796790017435806,0,0.394960195124005,0.000000000152125423369398,-0.0403392581068383,0.195888252654602,1.02392991827123,0.000000000393980847945841
95.8884,34.1436,1.10246179679376,0.943840951221842,0.0635947961403808,0.442571988276817,-0.0854755717624054,0.106471483030615,0.868432605392336,0.102744096243536,-0.282508192335919,-0.790713071180211,0,0.907855338660001,0,-0.929191904734418,0,1.01424085321184,0,-1.15907698379894,0,0.602617186355211,0.00000209118799121555,0.0434139019712238,0.875143171909669
82.6637,34.1439,-0.57662670127942,-0.600337989392427,1.25220899929621,-0.923318133054972,-0.342944248871424,0.946158427549188,-1.21993343404982,0.924423567639029,-0.388608236057355,-0.236038468542594,0.0000814440182421716,1.10328013837229,0.0000000000115059073380053,-0.897903092705212,0,0.755884696771621,0.000000000000063726801613484,0.503856157941403,0.000000447804554104536,-0.12736913068309,0.0250340814477361,1.55063806491629,0.00348850375405974
81.2612,34.1484,-0.524679088160074,-0.625184776837823,0.487322617797409,-0.991559619495564,-0.536390578342135,1.04703088459821,-0.957192766075008,0.948671135129496,-0.342367618427527,-0.251285117552542,0.00000533264261415312,1.15078744440885,0.0000000000182491799449735,-0.930855250473434,0,0.785774431623428,0,0.445780835923073,0.000000000213983941677043,-0.0688498510052986,0.0671047321194478,1.09889152735914,0.0000000485896274327047
82.7386,34.1515,-0.787195598708775,-0.779526285908159,0.872480583747329,-0.929096613616014,-0.34108518966072,0.848015731219837,-0.781444162313488,0.777116476743741,-0.733968137102525,-0.262791669639993,0.0000150956915436762,1.11043592987217,0.0000000000241315856186475,-0.915974193095454,0,0.74053586290835,0.000000000168244085330116,0.522406910903868,0.0000972827613578975,-0.0674577931788369,0.241790425443382,2.63641539827914,0.282267585443852
89.1437,34.1576,-0.1328678553067,-0.28518508779717,-0.0599138187904569,0.0228475105148085,-0.771844989058555,0.949506818659496,0.245682009958149,0.919905582945642,-0.956530827620634,-0.435229327117649,0.000000000000110356168647741,1.17258922492711,0.00000000000000111022302462516,-0.697732114593958,0,0.793379181112081,0.00000000000000244249065417534,-0.051842380045386,0.346760254790197,0.167320242403195,0.0000260775809304281,0.251723577568536,0.0000420285130138254
103.842,34.1757,2.46813473985991,2.74544816830581,-0.554266877631707,1.21836560928931,1.27824476585789,-1.40311800411127,0.590760377772627,-2.26840098933811,1.79307123366319,-0.762617082353916,0.000000000321930704316742,0.839230092596997,0.000000000035811575926914,-0.323757720848162,0.00666597695656446,1.23654412272562,0.0000000354786238165872,-0.247282417079634,0.310058112533013,0.173900167728272,0.383205301173201,0.680803026308872,0.000000000522823784265825
80.1757,34.1795,-0.745955408491491,-0.765232685482459,0.889610300906304,-0.974217042945987,-0.683146191810485,0.911704962303365,-1.01369150433324,0.916481287062449,-0.146684879272464,-0.337846538288585,0.0000000134697384357452,1.13735509539656,0.0000000000000555111512312578,-0.952421596016006,0,0.710068129710243,0.0000000312446786221443,0.279687735334209,0.0000000805839992512603,-0.0119104862501673,0.61048292458127,0.953011691229584,0.00000000000419020373954027
98.5133,34.1839,1.31634257555852,1.24243281396649,-0.31876354327135,0.627193837302957,-0.0981928120379789,-0.164569237956653,1.27540085393557,0.00250237391684921,-1.02177636153588,-0.617874841147239,0,0.908381520459174,0,-0.882896016824018,0,1.01222364725961,0,-1.33381136690899,0,0.694664395215651,0.000304999930452299,-0.486148116577387,0.491644936109497
77.079,34.1883,-0.931734287684917,-0.791323575200483,-0.054612549828919,-1.08958189299282,0.810272644585485,-1.20813143450522,1.4492951254677,0.719095236982618,1.36759508147138,0.534270499048507,,0.338170039506146,,-0.54031657571162,,0.985472891104304,,0.0311213032089356,,1.2282333274142,,-0.17223742630888,
95.5977,34.194,1.62931706844331,1.35194654979965,0.320275430359434,0.611103573740285,0.295494649235611,0.0326932770187352,1.12615049386752,-0.289324691740159,-0.73584450019895,-0.793748870207449,0,0.910589014828483,0,-0.931064087552985,0,1.01637427166093,0,-1.12308257684398,0,0.636710981415885,0.0000012646901015323,0.118009277482354,0.610615822705989
82.0623,34.2026,-0.722484821984187,-0.708870626820273,-0.0789909198562907,-0.905706843756848,-0.983390776978218,0.169956186669354,-0.171637063378933,1.33018904946837,0.153786295170697,-0.238570320708515,0.0000332406843503996,1.13032777713708,0.000000000201931360521712,-0.904863871319242,0,0.729447580022649,0.000000000753744178183524,0.364846695717964,0.000000251128260631006,-0.0652118966605533,0.0774277939031895,1.06751689470047,0.0000000133355160247817
96.8265,34.2063,0.51906182793185,0.662201223329845,-0.282994756321796,0.512959792199578,-0.28219123764738,0.0241986163493722,1.09209284001723,0.111334047070949,-0.939865727668654,-0.720914560016267,0,0.904359860500941,0,-0.930559228806985,0,1.01438059260611,0,-1.14526115640687,0,0.591412201894042,0.00000967229445869577,0.0886851331013737,0.737869986665411
90.7209,34.2088,-0.115333049164336,-0.168489079637225,-0.601208945972319,0.317568582641631,-0.871094007659144,0.544035851066765,0.0398112389505196,0.995920907267552,-0.253147346701568,-0.34599252484646,0.00000000000463451499399525,1.2251207797628,0,-0.974226158845278,0,0.984280414905926,0,-0.786599067173682,0,0.223239536314009,0.00670568654181758,0.292778526185232,0.000761775951755084
103.458,34.2134,0.497074392744159,0.621383784727236,-0.870578127327686,1.05556428968225,0.828746818398997,-1.12238091998505,0.826333399529493,-0.637186553407068,0.973955108922051,-0.779682463707973,0.00000000000245403697363145,0.850693219644225,0.000000000000152100554373646,-0.429628669682986,0.0000079474443361871,1.17151597784123,0.00000000000000666133814775094,-1.65332729386796,0.789823365938303,1.26902704070943,0.797362781829704,0.794345905403634,0.00000000000309596792646971
79.0938,34.218,-0.615170026473116,-0.588568241105164,0.716341249408545,-1.31866350127982,-1.07703190992759,0.162841860914737,-0.443360034864799,1.11040432290262,-0.0404190253294894,0.225042251486153,,0.355765277504159,,-0.928478714260494,,0.992310477337268,,-54.5913678729196,,54.6312479422585,,0.97294061970642,
93.5142,34.2263,-0.48721502209929,-0.518068511980097,0.080103864777265,0.25349284715891,0.0532993252180029,1.18789646406773,-0.995144465259528,-0.0399467807617126,-1.24049033304987,-0.717151554599142,0,0.876288894525945,0,-0.932531600791923,0,1.01999772770722,0,-0.824824115054996,0,0.319086103394885,0.000000348488934376334,0.294522406075196,0.00100553475006238
95.9843,34.2273,0.631403533724444,0.718009371669861,-0.42849451651369,0.441263581991679,-0.445629977829116,-0.446806096461069,0.856469719505109,0.390234228120501,-0.327342041246914,-0.802976438920297,0,0.905228766453541,0,-0.936694069280967,0,1.015114827277,0,-1.16442231286538,0,0.601189578036154,0.00000218935044227209,-0.00112164587299133,0.996907101332893
76.7636,34.2278,-0.71586279531719,-0.68603022616401,0.77527328677071,-1.10388145123115,0.33141476913636,0.299371235150114,-0.12211795416743,-0.651267863024425,1.81073385330737,0.557469728488608,,0.377197319547084,,-0.446683105855275,,0.985196668396483,,-0.00698476808435631,,1.16784198854381,,-0.137487561127832,
78.4814,34.2295,-0.701215154788794,-0.618941994762961,-0.960832212046735,-1.29564595532065,-1.3376769036681,-1.17449403445168,0.456747860397853,1.256080924282,0.857606889417291,0.332658028194027,,0.259958150770563,,-0.708363457233276,,0.97970854930634,,0.0462276925352632,,1.83373982641899,,-0.135281598067951,
91.4255,34.2321,0.609200512412066,0.462400587648385,-0.426079893945385,0.225622154233207,-0.248987969829749,0.8064875165937,0.96379966992282,0.432839879342963,-1.03432700393208,-0.426796413377396,0.000000000000434097202628436,1.0222288049113,0,-0.950639970205512,0,1.00202113138463,0,-0.878130668967171,0,0.190633136496234,0.539301023267458,0.30167189919846,0.352735218750458
90.0833,34.2412,-0.549237429821464,-0.604668830463764,-0.666098787831271,0.0108192358033681,-1.0386532948518,0.879827010548162,-1.11925960675751,1.10593173262246,-0.718768748980078,-0.374059777898955,0.0000000000705620006868912,1.17094829442853,0.0000000000000452970994047064,-0.653913111917312,0,0.707327352312134,0.000325565802477445,-0.0632355241583037,0.306471266805439,0.0673356004400628,0.0212809118291313,0.0485438994353272,0.611221616837329
84.7992,34.2548,-0.629337973025342,-0.735024330216191,1.05805470549837,-0.6700308623324,-0.56223117190596,0.966874943469043,-1.39854959585319,0.782095531824796,-1.14090726255695,-0.383804289424298,,0.7907316072337,,,,1.39411794926778,,,,-0.274035423917831,,,
83.2735,34.2683,-0.773590626102877,-0.77459326696378,1.61886639208393,-0.751788142682134,-0.64521948376775,0.62438974444649,-1.23541663331538,0.890654332811535,-1.19426745039976,-0.319072494743373,,0.907775770969319,,,,10.1299737826143,,,,-0.0336001432724567,,,
94.1,34.2705,1.1932131934264,0.976036478975797,-0.238612173043459,0.283143212510177,-0.250236860656855,0.33744086745287,0.787600606352416,0.129008718085954,-0.972021032442427,-0.757304073258981,0,0.898728147719492,0,-0.933328693735267,0,1.01946178057932,0,-0.872301289937401,0,0.412546605453121,0.00000106271405964087,0.298957716462426,0.00539113359047905
86.6174,34.2709,-0.555020101284113,-0.564582723368928,-0.381046392184815,-0.333103906137751,-0.766763617868959,0.45021158497979,-0.749378396149895,1.10288218529333,-0.263143138611478,-0.0408856113930412,,12.3659216067172,,,,1.07704918123223,,,,-1.965245139639,,,
100.692,34.2861,0.976106531974802,0.932477963256117,-0.658390111613638,1.19806296493976,0.173676623812112,-0.760800186892573,0.941813580396715,-0.184566310974411,0.169094549943171,0.212106696076906,,0.441963117453272,,-0.00649603813065234,,1.02308284413759,,6.66429887951926,,18.9745554046655,,-2.79279216264548,
94.2153,34.2872,0.0237539350940717,-0.0185632052766201,-0.905351015928737,0.340997055153136,-0.219864556630526,0.324392653083036,0.359919115646327,0.590622109154978,0.405951036921999,-0.758571784923298,0,0.902774053676713,0,-0.93076979292833,0,1.02081495173272,0,-0.88112764737822,0,0.440993067657593,0.00000121737090541529,0.281630892150373,0.0155735699704964
102.975,34.2981,1.2576683806155,1.14150971423549,-0.743717747603346,0.899723467825853,0.791329810470812,-1.62102474311677,0.80895081555402,-0.693500531490977,0.528734420581386,-0.789270092700042,0.00000000000190714111170109,0.852906588925565,0.000000000000227373675443232,-0.403191196962815,0.00000567331818501771,1.16153090894693,0.00000000000014255263636187,1.76406136146722,0.766116994853785,-1.456319480596,0.754133479075197,0.790716138377624,0.00000000000998401361584911
87.6032,34.2997,-0.422275803990397,-0.535339731937725,0.240515702576671,-0.525062092799286,-0.452892609148336,0.977927493516736,-1.39788457280609,0.796663107167557,-0.551982085770628,-0.316813817033637,0.0000000000531508170809047,1.7281304241384,0.00516617912501882,-0.849226887072466,0,1.02087827203156,0,0.315756633681599,0.0126956456011609,0.146527814317762,0.000058262542898202,0.273539550134657,0.000000155604788609764
98.5252,34.3005,1.21609505232409,1.3726227692101,-0.377421430334672,0.478454746450517,0.0342400891307619,-0.617591230052696,1.15527097603964,-0.0668377710479184,-0.858880941068449,-0.637078522159778,0,0.913027661616532,0,-0.882008616387444,0,1.01301500820088,0,-1.36064799063105,0,0.809754111650867,0.000743101829529413,-0.551522372769233,0.496815138200884
81.9285,34.3037,-1.72942093968865,-1.40455550632656,-2.42203088020663,-0.864797804743337,-1.04195439683597,-0.0332867129675666,1.32898151123311,2.09525468267468,-0.241528715852483,-0.221499858264456,0.0000832782830060275,1.13320386200052,0.000000000144644296540264,-0.915342094507806,0,0.732118672195021,0.000000000130802257913842,0.380101604049913,0.000000111936372171328,-0.0693495276926679,0.0600588823131907,1.07825005658395,0.0000000165617806135998
92.3018,34.3135,0.66765686430309,0.50835976066523,0.0561275069206457,0.15967013163751,0.00244227107468693,0.284225249309664,0.687416488698447,0.488554451746298,-0.819776781006113,-0.625701632939156,0,0.927901102558844,0,-0.912600131918526,0,1.02442408223224,0,-0.80388407757619,0,0.126901929118172,0.0820477768895291,0.274994413939636,0.0158176701603379
81.2928,34.3138,-0.382054845330045,-0.440791836062362,0.322998372758651,-0.860896148698593,-0.958580532381546,0.586894142922585,-0.646285264341669,1.321059009756,-0.320046983571511,-0.259330598861465,0.00000390495504931643,1.15282149335678,0.0000000000687911949626141,-0.927926662849382,0,0.775307785618432,0,0.426987052945019,0.000000000850295833743075,-0.064974766754991,0.071327025193721,1.10869175803056,0.0000000817297944877282
79.2586,34.3212,-0.830317610180721,-0.841748443057915,1.19288183331418,-1.28348824182295,-0.763811862873274,0.759576985466232,-1.32541005562648,0.845135405411815,-0.73275587222465,,,,,-0.924836432007783,,0.99318166067471,,-73.7787791556949,,,,,
99.1722,34.322,1.14568661096508,1.06496058085818,-0.0106041990102934,0.504446170428305,0.0506497759229269,0.137235905816956,0.867353296480007,-0.261119197128756,-0.944625228883768,-0.559913192480948,0,0.881500525719895,0,-0.86939555699236,0,1.01118330307357,0,-1.28493986653854,0,0.521982137763059,0.000000146728346583913,-0.201500051823041,0.626209739263284
94.0149,34.3275,1.60233338416974,1.27261833537828,-0.156516187182546,0.19638561792124,-0.191217292498374,0.178413373160239,1.01031905769226,0.0897090413212105,-1.08735387767636,-0.757578659108751,0,0.89821948770137,0,-0.931892347367719,0,1.02006321202271,0,-0.867622791249161,0,0.392473867812915,0.000000685896309748912,0.279008523409053,0.00917052787721762
99.0257,34.329,1.1106450225754,0.857848143989152,0.154966560096063,0.369660149925882,0.120843640885666,0.116020297802004,0.532111879764406,-0.282494128965234,-0.708154848726325,-0.584425133155761,0,0.916974159063749,0,-0.874387581219349,0,1.01180003046701,0,-1.33603838388522,0,0.637582808561475,0.000000126831967373064,-0.0923018237669224,0.809669178953556
89.7715,34.3333,-0.440016568561967,-0.526151763006456,-0.443985997273082,0.022169383885974,-0.988945708945545,0.845603175493937,-1.29173520734463,0.98528795077717,-0.97435364039319,-0.404152192181005,0.00000000000842526048927539,1.15361849942958,0.00000000000000266453525910038,-0.67442414375806,0,0.714513233438694,0.0000510374190918483,-0.0655951937061584,0.335405753849284,0.0913344449876232,0.00341625715474314,0.114496964224614,0.237885480837379
86.3609,34.3368,-0.588721321711041,-0.644348914669576,0.310880118715299,-0.224694380235252,-0.823006215654827,0.93638144956947,-1.12198842406933,0.912339754136785,-1.02386063643295,-0.0926341526929518,,5.22006091269621,,,,1.0958648646276,,,,-0.0491940686128527,,,
85.4926,34.3413,-0.702588841650324,-0.694944504355478,0.255346406467598,-0.596649368995385,-0.898418193436492,0.780430195140101,-1.11846105653083,1.24519325738328,-0.32919723270656,-0.443625128856067,,0.9579785383783,,,,0.0140011036325782,,,,0.00241713588761463,,,
74.1041,34.3426,1.99292427242448,2.51877517546023,-0.272095898859315,0.57957255514466,2.11680152333956,-2.30754247311341,0.846450008767062,-2.3186889960218,0.353797409249964,0.493290277006319,,0.516058025522046,,,,0.991353956115257,,,,-119.13676735899,,,
79.8422,34.3453,-1.85601002654368,-1.37994414571119,-2.40501171390425,-1.1066484287037,-1.21465819627739,-0.555757650950005,1.67167937185402,2.44352385638008,0.426296721876321,-0.367989231606852,0.00000000980496195346348,1.09507075718128,0.000000000000000222044604925031,-0.945895814930796,0,0.84926641283478,0,0.448480070508168,0.0000000000215727435914914,0.00185561402205182,0.968017800725868,0.964981090244877,0.0000000000000732747196252603
79.5859,34.3466,-1.41292921320738,-1.20774722764033,-1.36089216772627,-1.14572129786262,-1.57624531381739,-0.0368693877651452,0.880831282999179,1.96516678893673,0.422698007749226,-0.351653729777551,0.0000000224765235312674,1.10955536582295,0.000000000000000666133814775094,-0.949080315857477,0,0.713763860334273,0.0000000419298531451062,0.266093945880356,0.000000439847675171023,0.00378259321116801,0.88266778356641,0.91230541796683,0.0000000000000239808173319034
97.9587,34.348,0.808872144560306,0.861665895885685,-0.541382506720787,0.476203949564019,-0.412352922309513,-0.237128913946818,0.985792095956504,0.172873737061263,-0.667669092951682,-0.642277413540109,0,0.918961440275185,0,-0.901549417741321,0,1.00920842132801,0,-1.39938179020889,0.000000115340282658138,1.71116172126822,0.301264865505331,-2.59272872360231,0.679288026922049
82.5475,34.3521,-0.784631624468214,-0.758586502920873,1.37819403765006,-0.869042399590107,-0.740821055219335,0.798846751209581,-1.06559440285623,0.859215087380981,-0.996207406027562,-0.242436841043267,0.0000961704569064636,1.09846865115518,0.000000000121084253734693,-0.898537160113761,0,0.722041567595986,0.0000000220512317294919,0.403185721425569,0.00000327941289568479,-0.123126435679161,0.0192706050666536,1.10126438327611,0.0000000294878261808407
87.0085,34.3545,-0.439428154577671,-0.565960888992045,0.0682801059319708,-0.435144017238014,-0.565849748346454,1.25521095932956,-1.25507991204117,0.714423803213957,-1.19735113905225,-0.232113754947878,0.0000000163680433651336,2.12410648520617,0.136032548984832,-0.87042886317746,0,1.06184663967459,0,0.371146731349857,0.0988212052926534,0.0784565828881023,0.0123155803208412,0.207179416673014,0.0000743996664762658
75.693,34.3554,-0.704666651313581,-0.608635660585709,-0.197536736729022,-0.265669397492781,-0.405344963633722,-1.11949396567586,0.864072435466894,-0.470326466990108,1.96221805525051,0.593013460074212,,0.426032852885756,,-0.328687190361896,,0.985782721214249,,-1.99413790925463,,-27.9033715227085,,6.46319674242744,
85.5083,34.3576,-0.627466141701741,-0.640955882299833,0.19207236226956,-0.584415331853359,-1.0350048576472,0.758051700359176,-1.04245008837943,1.2437602559022,-0.264740046481678,-0.431870194481056,,0.956386330965002,,,,0.0204818708610194,,,,0.00295098278950611,,,
78.7258,34.3579,-1.57657759295725,-1.31727229239169,-1.13908041551245,-1.36902014262368,-0.981859330753452,-0.201891444004671,1.06502831540989,1.87330380010079,0.668120578007473,0.355929384153046,,0.275838756391184,,-0.71052227986483,,0.97959511260721,,0.0338129306323207,,1.6890512000118,,-0.145278258829791,
75.3343,34.3647,-0.803711419842577,-0.712330322401355,-1.32195906792362,0.641069531530436,0.229827453960655,-1.33705743785918,1.62856812558474,-0.181047393045843,1.01847590214566,0.598429684952834,,0.473549840043193,,-0.0197571234000635,,0.987270785220366,,-0.000803260206899542,,1.07110328734725,,-0.00689446623012169,
91.7798,34.3689,0.15500390933601,0.013716052896721,-0.234078338364061,-0.023399198104743,-0.162476738964438,0.737298794462934,0.145378295823602,0.396904354175443,-1.07352565966049,-0.62242704779891,0,0.947095575820014,0,-0.919536422719127,0,1.02276908325229,0,-0.795266163136997,0,0.0524407053658089,0.57837151130644,0.216661095220198,0.114298308959292
87.5612,34.3689,-0.516288505443758,-0.613106130981957,0.588226150226525,-0.549321069693935,-0.48363582026778,1.09999946393795,-1.5341840825215,0.672609048474856,-0.985573131960288,-0.336016006357731,0.0000000000474680295070584,1.68436292553164,0.00281596808222062,-0.878958769614097,0,1.02550599418428,0,0.299176197106823,0.0123552924629009,0.168436528109912,0.00000955229587451534,0.280705028546145,0.000000288266655212865
82.1407,34.3794,-0.685730249650533,-0.744292468775827,1.46862871801152,-0.823507389512525,-0.648382324711524,0.985047203798563,-1.29999743831535,0.869909656562362,-0.807082953937831,-0.199855739711015,0.000434094077103042,1.1377423984755,0.0000000102647241817522,-0.899947612602681,0,0.741895415355021,0.0000000000172122316399737,0.385479855579121,0.000000169798801019638,-0.0747655670209361,0.0558657002901537,1.04477770509194,0.0000000379581761578152
103.455,34.3803,2.62243929518272,2.43097702102594,-0.503633171302927,1.17453206062395,0.996854914062796,-1.77263680274205,0.820833255749471,-1.27538634415541,0.275662372175862,-0.781943109832991,0.00000000000273425726504684,0.854693929140358,0.000000000000150768286744096,-0.424977148981194,0.000012837025722634,1.15817953824696,0.000000000000000222044604925031,-1.34574105000862,0.736270433754561,1.00830791424377,0.745377421126718,0.773794759915326,0.00000000000928102039665646
87.857,34.3814,-0.623244295460604,-0.733313831170422,0.861591289171178,-0.515749019785574,-0.443973820764854,1.01839905242913,-1.38826339524231,0.742418384094857,-0.676482701197627,-0.394804272149813,0.00000000000229882779478885,1.51345276014143,0.0000474219837440781,-0.849525627265044,0,1.01882056644563,0,0.329152852200921,0.0256818956527403,0.205205530982377,0.00000399148086560608,0.261827874200461,0.000000928060584826085
81.3851,34.3829,-0.461370254290898,-0.635098087934371,-0.360587489901075,-0.802395265951267,-1.39231197823749,0.155675026523924,-0.280814014713662,1.34118971499276,-0.564981957419321,-0.26513024872482,0.0000038297488531569,1.1382045855646,0.0000000000116997522781048,-0.926294331145441,0,0.771300909278612,0,0.425473061593325,0.00000000226248042523025,-0.066159913992198,0.0844398764256677,1.07413897800153,0.00000000454385351567055
99.2382,34.3869,1.75467089362127,1.46992974402328,-0.174396980606361,0.521003058502154,-0.183782800676423,-0.720465101713124,1.04224847664017,-0.0194601939419713,-0.54444025141066,-0.56222067402958,0,0.886946800519979,0,-0.866322118581523,0,1.01084288499686,0,-1.29856053437457,0,0.544651521067896,0.00000000416496126476318,-0.0501276374744006,0.870283826133899
82.8283,34.3897,-0.790911510106992,-0.783572018369107,1.3347266041972,-0.831113320206893,-0.8923085356384,0.874962920423598,-1.18667886784998,1.02434741537516,-0.914842324479725,-0.207178070376609,0.000421727913760606,1.13382916647786,0.00000000719636439328042,-0.923189511235043,0,0.783023997441697,0,0.475300292332572,0.00000114685860896913,-0.0449615350078232,0.357217208938559,1.41522732723611,0.00336476760143922
76.989,34.3964,-0.469572165972082,-0.476080163342689,0.646764493112976,-1.04016881554772,-0.109521098137339,-0.00876548062036334,-0.527295630208756,-0.087771591236054,1.30102378547089,0.561486068618389,,0.348829252473654,,-0.489140976652119,,0.986029680284898,,0.00642228502505128,,1.17229713082628,,-0.142592281651517,
91.3487,34.3988,0.237869735485146,0.193491969353598,-0.37128551195996,0.0415691022523685,-0.231465484439011,0.49853207589618,0.892443315679609,0.637930597659004,-0.631874364641173,-0.491589886699974,0.000000000000000222044604925031,0.988932137178849,0,-0.950120216522241,0,1.00910614405262,0,-0.822295747027168,0,0.00495527473572259,0.984749467622369,0.0471545578704478,0.892794266730909
84.5166,34.4015,-0.555939220352429,-0.644850777246247,0.375066232210427,-0.674270118050249,-1.02373075694422,0.818166392852274,-0.867229658356979,1.18771430547724,-0.910920633479485,-0.407285192246077,,0.842598810558709,,,,0.0182616520092246,,,,0.00414563795539936,,,
79.0252,34.4015,-0.907020754400869,-0.83311824305429,-0.112970411128287,-1.3122650429147,-0.914784240724639,-0.488822726661443,0.167261066700467,1.59061908015859,0.437355512529507,0.20707432686215,,0.285541772275574,,-0.916294319327754,,0.994017589404427,,-51.4767397101608,,51.7463818418322,,0.968223774979759,
103.162,34.4079,1.84516268402941,2.1340873653567,-0.625871837288166,1.0009876426054,0.81616691541823,-1.24542574541249,0.744175306425373,-1.17664502711921,0.0184966266937294,-0.79224946583136,0.00000000000223421281475567,0.857374883893682,0.000000000000221822560320106,-0.397828266170607,0.0000186844991914015,1.16913761392573,0.000000000000207833750209829,4.41963270913538,0.92699967573867,-3.4250975343501,0.926077176069408,0.766848123921161,0.0000000000321678239600942
92.4735,34.4274,-0.505173500269309,-0.474413777080362,-0.819938152395685,0.0632135928929407,-0.194602714976672,0.327598667828549,-0.362623877011506,0.391928922703609,-1.18312024735662,-0.644708343176637,0,0.922332134645249,0,-0.923662761924152,0,1.018282490353,0,-0.833414125640626,0,0.171321284112163,0.00471158237292357,0.287275879377583,0.00242860162341008
92.585,34.4295,0.100088989063154,-0.0176030892650736,-0.0276037555530482,0.0135257320144013,-0.0851184225632489,0.898307072103537,-0.0176054915030307,0.346702705374467,-1.03278605839329,-0.660917991905353,0,0.926344872660326,0,-0.921448086396452,0,1.02013241560404,0,-0.837153901029305,0,0.178782373318671,0.00249301799394841,0.32130276211282,0.000447101674848405
97.4248,34.4316,1.23677708662876,1.43016421460359,-0.434323701145689,0.44429910718125,-0.390355213394153,0.012263017913806,1.23611388657838,0.0503110163820768,-1.10429166044419,-0.693233254183269,,0.8957656234998,,-0.922844030999955,,1.00862262900133,,-1.35844067623491,,1.57385440876418,,-9.94902838513938,
81.1366,34.4348,-1.15477404096707,-0.975864252680611,-0.691752769766516,-0.843465769682921,-1.1793970534315,0.345726409349257,0.44403888000934,1.68328610230064,0.149795789214233,-0.253861158050472,0.00000720450853419763,1.15330120182239,0.0000000000726190219069167,-0.923812395724267,0,0.756467718930357,0.0000000000000583977310952832,0.387562338156072,0.0000000199889338414749,-0.0798282872207808,0.0204324600308967,1.10428709610215,0.0000000483302420306586
93.5696,34.4374,0.288168779843131,0.3138097712874,-0.821647098770825,0.278754325112759,-0.43263750714695,-0.0134974652162105,0.4904237266702,0.667242238011295,-0.229463149387227,-0.759366913104177,0,0.899305062698874,0,-0.938982859152891,0,1.01977276382195,0,-0.839078441516533,0,0.294548399790452,0.0000149935270963297,0.304575982766822,0.00187453816005023
95.2362,34.444,1.60546631608837,1.53606283910052,-0.00547646214785752,0.602086611444295,-0.106529730467062,-0.202077095747917,0.831023482427626,-0.0570893998696126,-0.0257483085474281,-0.831131391074064,0,0.906095187896327,0,-0.934381949051798,0,1.01224763815572,0,-1.08680003013794,0,0.560743142140176,0.000395469004249804,-0.385500703472666,0.434387778263527
97.2626,34.4544,0.939656558619898,1.15260329303459,-0.554148605443777,0.447578463217067,-0.3881669934021,-0.127561977016068,1.17592289991369,0.119995561749487,-1.0967658120802,-0.705725793766728,0,0.899080375391148,0,-0.923238397063697,0,1.00846082645141,0,-1.29607802923676,0.0000000000803144217798035,1.30297842475142,0.269360726042433,-3.4539794459647,0.677816376135958
94.5698,34.456,1.5588945039797,1.36046674423046,-0.141195820204908,0.429408303343232,-0.241286445831748,-0.138731339458924,1.05104138851929,0.20614420757293,-0.623589552386029,-0.778324179023391,0,0.90720000110036,0,-0.92997319645506,0,1.0135413160992,0,-0.953909752039964,0,0.476861285909861,0.0000187024342925834,0.244691061231044,0.0969369227288683
99.2119,34.4567,1.92300039039875,1.72106909532839,-0.186880020383016,0.492717924115895,-0.273267611475696,-0.324492170415714,1.02065424181927,-0.122363240687846,-1.00884594988954,-0.578975900003874,0,0.894791248931812,0,-0.870550202905188,0,1.01079507046204,0,-1.313432795728,0,0.558988531084378,0.00000000432812519157721,-0.0646860524112617,0.84026804462967
95.0449,34.4654,0.800620822830451,0.827057030638865,-0.457674759792311,0.380260731287135,-0.196388296088333,-0.252717564934882,0.933871538424236,0.390676226506837,0.164987723390913,-0.804999078036585,0,0.90806051727855,0,-0.934663030410604,0,1.01199903173836,0,-1.01179347563359,0,0.576296208746944,0.000315838190545259,-0.0191968403658391,0.946754309936914
100.791,34.4658,2.77488860801006,2.35344346011354,-0.303042605863146,1.11451747526405,0.405221811904541,-0.982353305080769,0.955685794680246,-0.545970366998004,0.105151553007507,0.151769318532064,,0.487395621752504,,,,1.02792837890623,,,,-0.0840259578592143,,,
99.8247,34.478,2.79199546416938,2.25858627391646,-0.234430724800309,1.05222922425598,-0.203671015029115,-0.438588577804162,1.1777447212707,-0.425753668009867,0.204189575691576,-0.495539568721745,0.00000000000000111022302462516,0.814268656213833,0,-0.828065372272177,0,1.01319513528838,0,-1.2989258596174,0,0.561025050133307,0.0000000000102633457288448,0.102031907955967,0.621109353501538
76.507,34.4824,-0.634932786706658,-0.59881178943814,1.8543964875457,-0.811145835440353,0.830782807143249,0.958560640481017,-0.562667291535143,-1.35211174308894,-0.034162499853331,0.586680266175706,,0.366669331239404,,-0.278038778566569,,0.984426136336723,,-2.41299097748673,,-38.765620835257,,7.24518682633207,
100.687,34.4885,2.2452716970945,2.44303674173865,-0.339069264379342,1.08035100160801,0.369547008888397,-0.306444838763328,0.910374406632885,-0.838541873508465,0.340641760642307,0.113667412674682,0.0830996915437319,0.531978108228622,0.000000000000000222044604925031,-0.720184276358034,0,1.02294503551705,0,-0.690897732149048,0.115244382148756,0.576942493566327,0.674542057095898,0.366369778586559,0.827284831447849
78.9742,34.491,-0.752338655136218,-0.754464677831342,0.653923121864948,-1.31538726957842,-1.43403832597212,0.729250043633072,-1.24632544612455,1.16258691123482,0.0402634501985424,0.186935711953777,,0.242266570403503,,-0.910368240484243,,0.992768279208147,,-51.1035555515277,,51.7750827308731,,0.968784749815635,
90.2126,34.4935,-0.353907436138356,-0.229049203404651,-1.06179646904608,0.132472481489147,-0.941079765691251,0.251811620076889,0.014993679294887,1.13312430357401,-1.02146224363317,-0.450278635712276,,1.03988473701095,,,,0.610100560911249,,,,7.5776786722703,,,
91.4904,34.4954,-0.356085270982893,-0.356417500696128,-0.0622829465484017,0.0586391030316295,-0.277129412942178,0.899189669183724,-1.20574923358616,0.466932877493402,-1.01952994900026,-0.579913254916539,0,0.958165348778023,0,-0.917465983336662,0,1.024818945984,0,-0.778177706814387,0,0.0320279130794571,0.788140469231467,0.169112588803039,0.369387812663394
82.1182,34.5072,-0.680350927605095,-0.710515704655793,0.904637536817961,-0.766143264337417,-0.945796250295614,0.785222234997597,-1.22232609624453,1.23813145612567,-0.87826103035634,-0.211756758092524,0.000311979429196363,1.12059881649768,0.00000000215524487146013,-0.908802204464869,0,0.737568896215766,0.000000000100173647155088,0.383259353252958,0.000000339932118453845,-0.0835915693718728,0.0440816425773622,1.02722399926733,0.00000000535610245044893
93.3479,34.5092,0.705975544001184,0.684937909967391,-0.576958975670183,0.181781624942376,-0.296667128844462,0.132330535906358,0.760640724183993,0.45915351038281,-0.413928092848908,-0.761954429575259,0,0.898302614029713,0,-0.939671275834386,0,1.01901400740466,0,-0.835762566677807,0,0.290112282449296,0.0000874312543444056,0.208898444599809,0.0964401783867133
96.4828,34.5098,0.846282365098677,1.02814612686639,-0.765390119918049,0.581036477465483,-0.598659341140832,0.0365574444598988,1.22212433666091,0.286296004921171,-1.00140884184195,-0.80168673915354,0,0.906126647016009,0,-0.940586700197166,0,1.01326228249021,0,-1.17477983718164,0,0.620655631908504,0.00084832367981269,-0.389786608258308,0.502446538406249
85.0761,34.5163,-0.592375111384598,-0.631619249989429,0.484932330365064,-0.538131107733538,-1.08616959609112,0.665213870931847,-1.12083422573623,1.18093905975312,-0.674051542885594,,,,,,,1.00089825480358,,,,,,,
93.4528,34.5182,1.09834902289909,1.1014713684484,-0.549256406831544,0.159468796917423,-0.370424194514844,-0.0358271847742921,0.988601269051512,0.375960277003127,-0.565451571069784,-0.767151849748819,0,0.901267418637717,0,-0.943422330255103,0,1.01874356014774,0,-0.837721078476375,0,0.284657931177951,0.0000705758495753717,0.248702938315914,0.0289828258043867
82.3279,34.5227,-0.785540687865012,-0.794982033754487,1.30180461364089,-0.758315105780989,-1.00748515853757,0.870068674471391,-1.29425903707165,0.970501688744084,-0.902102763005579,-0.213344451707884,0.000469415336153967,1.10778645339482,0.00000000229016716701835,-0.907036311507094,0,0.731706359066727,0.000000000291970891908022,0.396322900731901,0.000000424367986973095,-0.100375104334982,0.0276255605112989,1.00624005741291,0.00000000168394143074124
97.2331,34.525,0.869245517452607,0.90196736628359,-0.527201086416152,0.409673372791029,-0.338481874362232,-0.125449916844036,1.21469708168829,0.022872391166142,-0.997200824382697,-0.710075397362581,0,0.902988322706846,0,-0.926209184342251,0,1.00936675974779,0,-1.26347447218533,0.000000000000892619311798626,1.29101656512974,0.243980941208652,-2.51224474087328,0.631563453685976
82.1883,34.5274,-0.755037945602528,-0.701466214588981,0.331026779006663,-0.755887416613085,-1.0088118446999,0.553103432189077,-0.64197662452618,1.47297319960836,-0.540102233536831,-0.210333065636521,0.000328582937313415,1.12617277334435,0.00000000567373881210642,-0.921269031374511,0,0.731116238068194,0.000000000296100699515023,0.372006088368909,0.000000194972878508892,-0.0687604609123723,0.0661526081595372,1.00699994152185,0.00000000598562577280859
94.9828,34.5291,1.23479499153779,1.21452262699919,-0.260161550116646,0.257499399469793,-0.205753461660319,-0.195708448623187,0.915535259888634,0.106600687792018,0.101232319081391,-0.809752997097155,0,0.907996620887755,0,-0.935874221112801,0,1.01290732579136,0,-1.0055906809343,0,0.527526871447307,0.00014894143301869,0.0416769448960122,0.865316721747581
81.7497,34.5296,-1.14330874582667,-1.18609441262269,-0.0684390447542463,-0.803779393042042,-0.697179889285369,0.704236264817451,-0.573131818433008,0.866514807075455,-1.0562271368477,-0.196479440319923,0.000341712087882584,1.14565732437299,0.000000000589421844665594,-0.924809487052076,0,0.759521811597254,0.00000000000000111022302462516,0.413698752816036,0.00000000750615125610921,-0.0635020168924096,0.0848124392451008,1.06825749370671,0.0000000276385887509889
84.6877,34.5339,-1.2715855242211,-1.35772698323268,-0.807286319766204,-0.624973468816205,-0.776759864849107,-0.222203837405241,1.14621463312585,0.778712599565352,-1.30845722324889,-0.41740826079949,,0.839386408846811,,,,6.65053116751909,,,,-0.027603486483508,,,
103.451,34.537,2.54256492421889,2.6787524300999,-0.542642190833493,0.94072494289534,1.34027061445342,-1.00649575796742,0.546995749609144,-1.6849388808437,0.166624776398714,-0.777578841379509,0.0000000000105053743482131,0.859504986404295,0.000000000000447419878923938,-0.436871013699073,0.0000102530694565672,1.154825362976,0.000000000000000222044604925031,-1.26739653078105,0.713902371471675,0.948577587469788,0.727501085045421,0.783654057483904,0.0000000000224740226428821
98.6183,34.5375,1.13467366467945,0.937684947414662,-0.553556251368003,0.17656069200494,0.0728790403265249,-0.150276353330214,1.11170213235859,0.0210593838397672,-0.762516697310129,-0.599012502476949,0,0.915116166013552,0,-0.882100619072278,0,1.01328253956646,0,-1.30331371648624,0,0.827665984454421,0.00509304074884409,-0.652348309413927,0.518397385819526
96.1189,34.5455,0.421765666568721,0.58085289297887,-0.61051939832206,0.448661911276769,-0.498607528966163,0.0757760015520631,0.746084333587331,0.266216902181831,-0.799574823773053,-0.805519302023261,0,0.902011473092761,0,-0.941769301820819,0,1.01425621853203,0,-1.13794772252825,0,0.57199496314614,0.000426511726505874,-0.329395298528507,0.499688101054311
85.9009,34.5512,-0.641071930313888,-0.648496898971749,0.207663328108597,-0.195611875040643,-1.20251925267037,0.739358665807553,-0.911855556482686,1.15248578444441,-0.787297897137386,-0.380092916152084,,1.28321479319725,,,,1.18677932437485,,,,-0.0784037978585818,,,
78.7504,34.5515,-0.757766588447738,-0.729663130262224,0.521393596453343,-1.35681747996751,-1.4563982604699,0.0838063452860049,-0.48638470573921,1.27945825073662,-0.0532597736239291,0.180859310548574,,0.237844568590949,,-0.905418291998136,,0.9921467227192,,-37.5215230058724,,38.2038484235057,,0.956519877541884,
85.5479,34.5519,-0.611743180304959,-0.626696816498306,0.114383876705086,-0.439797540975429,-1.266265253606,0.57427450742719,-0.886011197966316,1.23440793396123,-0.715889309743344,-0.454176178102741,,0.987596254242093,,,,1.49889266784204,,,,-0.0849583827710643,,,
86.853,34.5542,-0.506447698672625,-0.676125637293956,0.410980717695686,-0.389737596191498,-0.62477064238409,1.18336502084052,-1.29430623761336,0.661833533330662,-1.2585887194236,-0.548716172093931,,0.898904058356574,,,,0.0232485511813949,,,,0.00356328716770321,,,
96.4383,34.5548,0.745041388898617,1.11141005207467,-0.681798212514024,0.545476286978446,-0.605346014862835,0.177975910370077,1.22564990069654,0.288585935638438,-1.12196010010138,-0.803210088723304,0,0.90646643809832,0,-0.939582032794304,0,1.0135923952074,0,-1.16349226476489,0,0.597768499103991,0.000222972453884696,-0.277345911533696,0.553060671517933
87.2212,34.563,-1.20428639884345,-1.33361765298529,-0.858042145087764,-0.609716282807414,-0.455538644560969,0.73328030953007,-0.0330410270261585,0.604129969622762,-1.26437721311419,-0.256891670627649,0.0000000334953182967723,1.94281772630028,0.0743412878835659,-0.885845583363419,0,1.05261430992625,0,3.20530566777644,0.800502284644292,0.0194379403101738,0.963209428266266,0.108465279692709,0.655337902460845
94.7709,34.5647,1.11408659841873,0.938082831505681,-0.632901615248759,0.26358638192722,-0.339815341325285,-0.0965186056943355,0.858419950822796,0.277604546222246,0.103226107675534,-0.798292267121792,0,0.908919405169115,0,-0.931413273934145,0,1.0120857386205,0,-0.987137361847451,0,0.544896748842612,0.000175917531105796,0.0917287007586244,0.680607216814989
91.9661,34.5649,-0.147556796143417,-0.177973409089865,-0.451372690474438,-0.0831581909044382,-0.267500761547949,0.618609929604919,-0.361656593847172,0.495652489330689,-0.806560198745917,-0.717445065450091,0,0.902313963871154,0,-0.882407326451946,0,1.04103089011068,0,-0.696722751790039,0,0.046309229338682,0.498619958498733,-0.0515199833354297,0.832430364623314
96.5847,34.5694,0.706176473517091,0.930032251064452,-0.762730838385224,0.461287348345382,-0.470197037786019,-0.116358267213874,1.03259728007454,0.292315134050781,-0.822734692948357,-0.799740853292565,0,0.90636947321257,0,-0.934883185886349,0,1.01272354751834,0,-1.18610080884143,0,0.622038326475937,0.000742027997340466,-0.409700341221005,0.487683390714018
81.1706,34.5751,-0.690337312232683,-0.749959682342512,0.956693223984309,-0.905578587038855,-0.799242027277242,1.03829067293024,-1.22985608765588,0.963262952942304,-1.20712669573476,-0.306765730735401,0.000000364094017824002,1.13528544311518,0.00000000000469468908192994,-0.927365193881887,0,0.759477246262726,0.00000000000003530509218308,0.390152891220229,0.0000000349207498473447,-0.0862062251824916,0.0203345744861201,1.04685990250138,0.000000000675721478771152
77.106,34.5753,-1.05822227777725,-0.894777106886422,-1.03963733681945,-0.918295769039335,-1.55197172025516,-1.34564490649923,0.800552329778974,1.06588683055952,1.49083999349045,0.539294838729873,,0.363545634888274,,-0.0113211411386263,,0.980432976015789,,0.0000625260634629935,,1.19549244035173,,-0.00256024822288247,
93.8096,34.5809,0.245005110112278,0.170905762064575,-0.182363969894584,-0.0102970913444855,0.0496961592296593,0.733998159705279,0.333267398820522,-0.00845137511412521,-1.20077806531719,-0.795449393916611,0,0.913346181233524,0,-0.943170980148612,0,1.02062227219641,0,-0.849388872812776,0,0.37934981109117,0.000889906873252855,0.0694763696181057,0.738462322277836
95.421,34.5939,1.38063482369292,1.14028539113556,0.133287307689434,0.429220754273411,-0.23033716311741,0.0765028311513478,0.900196066785126,0.156042822180656,-0.162589914451357,-0.82539034540801,0,0.903146179531786,0,-0.939244559606131,0,1.01369529153127,0,-1.08820996617884,0,0.550639145631039,0.00235694567902556,-0.560202740479176,0.389921127569298
91.6982,34.596,-0.0202075748021232,-0.107135035790158,-0.482140210194999,0.110704382688381,-0.414649006876029,0.429428856865471,-0.132811320936477,0.518434711777497,-0.874011422556878,-0.723636765929991,0,0.898944295090196,0,-0.892235668977305,0,1.03822797767057,0,-0.697004221321112,0,0.0385422868951534,0.555160020325019,-0.0569149291107999,0.800387329870939
98.1022,34.601,0.568185380945642,0.486138499318131,-0.0866035885665314,0.154539548670636,0.113544539313005,0.0438505859224066,0.539910728201765,-0.285813333017288,-1.29175983246618,-0.661432014959194,0,0.925276613179284,0,-0.901661962310113,0,1.01022459529881,0,-1.41688164637133,0.000000000583909809392935,1.4928758833338,0.214890225171541,-2.57634208838608,0.656664968946733
94.7725,34.6062,1.67558236896655,1.45868953505706,-0.228001354131362,0.217490563249686,-0.273546876482468,-0.134812975943692,1.01729424164534,0.0719320783092563,-0.498991975946351,-0.806337041711129,0,0.911113194325129,0,-0.931798509373498,0,1.01224328351643,0,-1.00186420104551,0,0.52116294573301,0.000123653385718736,0.0739745151666556,0.743356061516628
86.0502,34.6072,-0.597079853801238,-0.598005230942584,0.182383048421873,-0.159832073489148,-1.03916106355885,0.42457710439935,-0.688044369166769,0.93964558318776,-1.03221813529938,-0.364377764519587,,1.21722766378828,,,,0.0153095694365669,,,,0.000796536100671369,,,
87.8634,34.6112,-0.62851014563627,-0.684253316725528,0.47782392900788,-0.414297545509152,-0.661534064901763,1.08379961976893,-1.4886074910847,0.68807345965851,-1.20983065164386,-0.406579943898693,0.00000000000508371122975859,1.44081276801948,0.00000818873690233701,-0.873590928225312,0,1.00551579334801,0,0.461147828136172,0.0285359592846544,0.224302636764336,0.0000157584024267354,0.269361991977064,0.0000692397221695451
78.9604,34.6168,-0.832767468110174,-0.822692165514641,-0.00724265084905989,-1.3130522353877,-1.64270629063339,-0.02265839289491,-0.710455214344577,1.52157642839336,-0.845232102018004,0.222005813933385,,0.306517789594255,,-0.919932679398869,,0.990776877712522,,-89.2019313928209,,89.4415275654456,,0.982052669547398,
93.1617,34.6195,-0.104273830670365,0.0967359060884153,-1.1073879166609,0.21923036916363,-0.437767518081654,-0.448012753073437,0.015401308817443,0.636433807125482,-0.192632679465465,-0.767358246316144,0,0.90437525101552,0,-0.926646894340295,0,1.02901424345205,0,-0.78855688384399,0,0.172654883453798,0.020156710888658,0.0183743327174732,0.928499729754372
94.3726,34.6212,0.418408427086826,0.369368459637984,-0.268363748988679,0.119394295908904,-0.151632123809487,0.329574265107449,0.414991761211645,0.205714892454125,-0.112439474076315,-0.797725796081051,0,0.916219849448492,0,-0.941216608803116,0,1.01263860539429,0,-0.941521373074814,0,0.435375906529374,0.0000725352504333809,0.243154378766447,0.101722484541052
96.2697,34.6262,0.56254099803964,0.833495601338439,-0.778585820117086,0.463056343555819,-0.560346141580112,-0.0398697740870233,0.962583378777866,0.31008489037768,-0.950634619771126,-0.806328349271769,0,0.902789182778271,0,-0.944263461452189,0,1.01376334817636,0,-1.12625624472923,0,0.603435971174849,0.00061503190125678,-0.303632132602714,0.52579525032043
82.4778,34.627,-0.653279395173281,-0.669378066587902,0.73924740752063,-0.694246110110938,-1.01939171568459,0.948670586843622,-1.25630888729809,0.991144825600962,-0.939370722840685,-0.224007890042284,0.000250471249781503,1.12144324023928,0.00000000851182146988094,-0.911626293775922,0,0.741931435472829,0.0000000000138593581056057,0.406109758131049,0.000000181327972637035,-0.101953284909265,0.0202190403398717,0.982944590948184,0.00000000328218185963181
74.4202,34.6297,1.49339746564406,1.96735217432313,-0.140603963514183,-0.0822090395643794,1.69614431199345,-2.09573379555819,0.694857827799793,-1.8198979689104,1.1081632327169,0.496095997040852,,0.486214925964886,,-0.616546055533522,,0.991189631371808,,-0.108960656157617,,1.04595940861707,,-0.182812207757658,
88.4622,34.6319,-0.473208975580204,-0.633258893317448,0.419446630597502,-0.501629163688671,-0.30254086353365,1.31793632296877,-1.13590227891518,0.521598284423273,-1.202050368564,-0.48564742501661,0.0000000000000122124532708767,1.21239611403572,0.000000000000149880108324396,-0.872707188048407,0,0.918642229906515,0,-0.0688337330265985,0.45098169756863,0.312569278554235,0.00000013678628807412,0.363793389268451,0.00000204032891426564
81.9281,34.6342,-0.805723779115481,-0.807222034297389,1.03589899578009,-0.797216896069836,-0.81627500087801,1.00792791666516,-1.03383247221532,1.05077882483086,-0.543304215003708,-0.18317781523257,0.00073217594194519,1.15495461635156,0.00000000503244956817639,-0.918420719201561,0,0.778192068009939,0,0.438467125650849,0.00000000262636423720153,-0.0706443359750249,0.0668112205326801,1.03361626468298,0.0000000250416491986982
97.3934,34.6428,0.632911124175225,0.891777772254002,-0.65799939710712,0.14686843041861,-0.0998389751913647,-0.169697192592808,0.894898427012967,0.085954972528859,-0.672145008459619,-0.700631052586089,,0.900806505115543,,-0.920826174165854,,1.00942903589444,,-1.4885923537293,,2.58571507741394,,-135.305670253709,
81.3747,34.643,-0.587413828253505,-0.669835045065467,0.346967695131487,-0.895546268836772,-0.989335887352762,0.566904247822618,-1.02529020079663,1.12923789557669,-1.02668433044886,-0.250926907680956,0.0000167088436280327,1.14485046264811,0.000000000352894380384328,-0.922364494260903,0,0.755331113732338,0.00000000000114663833983286,0.38179737631917,0.000000147975580011561,-0.0678252768500633,0.074019365930871,1.03797915151787,0.00000000823760193391365
82.4476,34.6446,-0.636173363668455,-0.651796408673366,0.442786180056697,-0.676844626823211,-1.22606112969171,0.679223128156809,-1.03385906177343,1.09868369433836,-0.857643968649167,-0.212249848966096,0.000433416586881563,1.12019016639126,0.000000011230606444812,-0.907806024100943,0,0.74788019009489,0.000000000000788924481298636,0.422265154425043,0.000000124053423977699,-0.111426897659364,0.0160997768119164,0.984210655824011,0.00000000305190650529141
78.9773,34.6468,-0.695880237025366,-0.710168971099756,0.145571334815344,-1.30752614123478,-1.50582720129685,0.504951196010642,-1.10573741508056,1.5139238695557,-0.599718396450154,0.223766648729619,,0.311317815180407,,-0.921708034360228,,0.991170747531162,,-76.3243784649296,,76.3579862901212,,0.976907695352919,
88.589,34.6604,-1.27517035172027,-1.42234813788622,-0.84673025055279,-0.463321390206111,-0.290864002243999,0.483324686980812,0.0556674680087463,0.473065705644901,-1.26885507131428,-0.467524710981204,0.0000000000000313082892944294,1.16421977444664,0.000000000000000222044604925031,-0.818247456199085,0,0.813793970044823,0,-0.0987683220850978,0.264959539344271,0.137004018312213,0.00110372024544558,0.306773593789463,0.000660107961167444
80.4471,34.6638,-0.732822030191824,-0.820559412608593,0.919183942928458,-1.01696787244142,-0.805139129438602,0.801684562346016,-1.38590043786962,0.91304449683388,-0.685798102230189,-0.316265882440983,0.000000125993790733858,1.1780221868923,0.000000000405469879893872,-0.946512332110549,0,0.800801456787117,0,0.406701813822658,0.0000000000544224665333104,-0.0389007762355518,0.179049692894977,0.963818225469965,0.00000000224894192157876
79.226,34.6686,-0.62480148064032,-0.676514150018856,0.276385390384675,-1.28921872898283,-1.06104098179541,1.00361621052061,-1.3798389005784,1.27811009494895,-0.453533637563475,-0.264712008689809,0.00000562772611645279,1.17251004201422,0.000000000405476541232019,-0.958726880735114,0,0.489655914838602,0.27112583312333,0.122332370600852,0.000780063864620928,-0.0023582635341034,0.808621120615421,0.795728316144528,0.00000000000894373464177534
101.043,34.6689,2.18723361451496,2.23198475355406,-0.357000615329629,0.907438895022799,0.60290815079956,-0.858933175258052,0.959996679900159,-0.606492443312061,-0.127318561396883,-0.616726358400431,0.000000000287801560361345,0.653896757931641,0.000000000161479496441075,-0.646826452921109,0,1.03308018361699,0,-4.82568930021941,0.254026873923141,2.67364295571473,0.312356713554208,0.529929217251105,0.000142037226444902
101.208,34.6714,2.71017895837103,2.41867940928598,-0.239362553855648,0.900543219346521,0.503450567960808,-0.760582276959343,1.03415620183902,-0.739006863741616,-0.588792997537394,-0.663569153179276,0.000000192253685193933,0.688658020254604,0.000000167104909465365,-0.614004843488654,0,1.03600709777694,0,6.57782426280283,0.594973956943179,-4.34489182853933,0.571702798027873,0.659839287211939,0.0000112654445940663
95.7501,34.6745,0.748826151409532,0.790075011524317,-0.607258653998983,0.249020054388583,-0.372846051552302,-0.156346656340562,0.975131828319361,0.358402635278338,-0.457891872264631,-0.829316219821376,0,0.91075007480665,0,-0.949646602268252,0,1.01458251415845,0,-1.10631207462451,0,0.498821969677796,0.0461728350443944,-1.67043774175594,0.439576354712629
95.4579,34.6771,0.633868308313215,0.588140099717382,-0.295205109435609,0.278613159029572,-0.371144312243898,-0.0637063213040902,0.697127950768098,0.364099409489903,0.347657058188547,-0.825155384812185,0,0.905844924542018,0,-0.943521634213552,0,1.01446190286436,0,-1.0829143919241,0,0.599700657692412,0.0141478760962066,-0.699418426167134,0.427346285466228
75.2836,34.6771,0.316686602248406,0.443289117961449,-0.0781348048486652,-0.314617465530315,-0.153148314992292,-1.22603366372764,1.52359404124938,-0.689868233993414,0.817023393221187,0.547596248499402,,0.460547786522668,,-0.528570783622489,,0.98903964930287,,-0.0505087048267703,,1.07675675542701,,-0.179582638121836,
93.464,34.6853,0.568142271517468,0.472151509275874,-0.256838332735769,0.0108183883366329,-0.00238373685437258,0.981547671345768,0.499897341166461,0.0429607758021656,-1.19578694986507,-0.794984148468907,0,0.914948558056149,0,-0.931164053551701,0,1.02998013472019,0,-0.787315240929155,0,0.22224700651651,0.010558877818708,0.163569386864486,0.327432566363025
82.1604,34.6892,-0.726326808421902,-0.7294533009662,0.782457657919138,-0.726021670907232,-1.21653820948907,0.8114263284026,-1.00328179427071,1.18799501703284,-0.802617487225351,-0.207585897516046,0.000327418260673173,1.13828588429604,0.00000000819013612485264,-0.922418999784029,0,0.788226002993404,0,0.458316300190789,0.00000000164070890207313,-0.0810496274555465,0.0567283598973787,0.986544181300817,0.00000000372332942255582
80.8734,34.6895,-0.58467934132277,-0.68793818459801,0.168554033784847,-0.988653718329731,-0.810460927323626,0.828484822716784,-1.09786043711329,1.27393125017542,0.0334717219755072,-0.29704851836564,0.000000603033419421806,1.16035036829112,0.000000000275502065605338,-0.941098752103112,0,0.770404300964783,0,0.390450664843251,0.00000000374540731762352,-0.0656747266359828,0.039402994089472,1.03310454607731,0.0000000128590849080013
86.397,34.7026,-1.54753194163064,-1.53046932944873,-0.861595575596828,-0.294929395211372,-0.654483239257297,1.2930483560435,-1.22321400862422,0.601648937072607,-1.32884084260884,-0.478588779043899,,0.918572853461997,,,,0.0150112475988171,,,,0.00148990475548793,,,
103.176,34.7126,2.39236313239453,2.14689099550968,0.0685863520480406,0.678888098026913,1.39222122536577,0.058495898982263,0.744715431960702,-1.80374810020873,-0.295988830853803,-0.790714869539854,,0.86206866322754,,-0.402860248145495,,1.1682223603214,,20.7266929163286,,-15.9596254959164,,0.768810103302451,
98.9071,34.7177,0.450409898177792,0.372526699189056,-0.2654455317233,0.266899326818033,-0.257863645767492,0.605680349548446,0.187537871344834,-0.0367634010334177,-0.936020089794101,-0.594045230793993,0,0.907776416607972,0,-0.878084959163515,0,1.01253036958001,0,-1.28936680895835,0,0.687201096537625,0.0000795349778419663,-0.557618295324257,0.461722076802768
84.0697,34.7259,-0.858425981637323,-0.871740337767394,0.356835774659531,-0.727715231195724,-1.0508922785247,0.861225960933923,-0.915409963360112,1.24769798481715,-0.447956385307045,-0.440253928227097,,0.811881278905333,,,,6.73372181441173,,,,-0.0302295490333146,,,
98.7076,34.7378,0.848080662086557,0.756143164948373,-0.107897926947367,0.113043816604433,0.00261398636403987,0.454625870267015,0.6727570887982,-0.19877100022529,-0.972189214041313,-0.61590921843463,0,0.926589107020536,0,-0.8854793632032,0,1.01372091402351,0,-1.2892284157057,0,0.732800480509892,0.0000366460435570204,-0.116316519065815,0.790323418612912
89.4538,34.7502,-0.463049966277742,-0.491547768637394,0.47669330864467,-0.232488806691243,-0.660899469416311,1.011536640347,-1.2507970244363,0.677880361784434,-0.945509988481085,-0.505643388044701,,1.04658723589969,,,,0.648858290119554,,,,7.08584172020488,,,
87.6215,34.7548,-0.571603530795516,-0.623125743157872,0.253284336364315,-0.462290588981217,-0.762234180424899,0.976170707263204,-1.18758049570828,0.965544143971833,-0.783269993407746,-0.0281526512468496,,18.0338998738426,,,,1.01918332313098,,,,-22.4552019615989,,,
97.8669,34.7601,1.52767365041364,1.21363443966567,-0.0028996386575964,-0.078831335404385,-0.021274619926897,-0.00577821424875414,0.855401194450504,-0.0272058912254933,-0.769238698129101,-0.682621576122255,,0.927110371578744,,-0.905975743184357,,1.01006198466188,,-1.84214552197834,,5.35178820713555,,-77.9777206608794,
98.1152,34.7631,0.410220044649231,0.437154095669633,-0.0459393329159085,-0.0497038428043539,0.128331290319047,0.268920144540595,0.372184492701722,-0.253544953161047,-1.02077272003208,-0.669280122610276,,0.928026714940187,,-0.897500878366787,,1.0101577809514,,-1.8119283584034,,4.28226020962775,,-44.5182382661388,
90.867,34.7736,-0.552757382705638,-0.517579779093213,-0.472214028753232,0.0437145819877927,-0.698883258976991,0.880889251531806,-1.05295981802964,0.946325527989763,-0.74482282091027,-0.667042609676339,0,0.939131924424183,0,-0.809702068495403,0,1.16307778439313,0,-0.286953461791131,0.00066455777968244,0.0291807546767788,0.842390935179813,-1.26453897986698,0.610077352854694
85.8794,34.7789,-0.359160872586245,-0.438129143823343,-0.163049611489381,-0.275593467497048,-1.01293792207185,0.672942939235344,-0.685761220779946,0.971021938600325,-0.759311483608307,-0.483077763437742,,1.00518226437236,,,,0.0306954233210657,,,,0.00235223740056694,,,
86.7148,34.7891,-0.428510201689551,-0.596752015969999,0.522303493561899,-0.591433403647467,-0.596994671418678,0.700591339667748,-1.33994731910755,0.702276866875583,-1.08875330959769,-0.0242448983219644,,21.8024505826355,,,,1.09551437918509,,,,-0.00256755830312124,,,
78.7739,34.8004,-0.653017384703135,-0.669028095441097,0.401882222896179,-1.31539473406658,-1.3755110435652,0.0181440516963393,-0.911303013099912,1.24656178850617,-1.1144522842931,0.2042072738691,,0.287316907522411,,-0.914257425801128,,0.990534292206455,,-60.1000100493382,,60.5680273178237,,0.974718498436775,
90.0491,34.8005,-0.457605880779215,-0.469679081574896,-0.247400500114257,0.237601867059418,-0.578856567287918,0.831455012138142,-0.927951984316572,0.629586221514704,-1.16663387359093,-0.50824616887941,,1.04852238144996,,,,0.621222777760804,,,,13.5252688360324,,,
95.0373,34.8133,1.27244195817205,1.10523079031054,0.0773378977425942,-0.0562151013371929,-0.112357311445059,0.0826050196815738,1.02927216323044,0.112745238064339,-0.505131616510724,-0.831420758619072,0,0.911825388243242,0,-0.946358773844696,0,1.01619899559367,0,-1.00783263203305,0,0.494687165883925,0.00131742220921427,-0.152999006767926,0.660036193788579
75.9638,34.8191,-1.20525239117397,-1.1018778087623,-1.42289904863252,-0.517719759660744,-0.760409451440302,-0.629412946826219,0.485190639968186,0.640302317633981,0.2326263349539,0.578263290050109,,0.401313460477338,,-0.368981474383315,,0.987724380421639,,-2.37111388647349,,-28.9947847872847,,8.60893972062112,
91.5878,34.8255,-0.558439185570577,-0.582942952730574,-0.676070300011982,0.299461275370432,-0.548395797357673,0.561761838567324,-1.13354919128438,0.611724440033774,-1.17367498102695,-0.784321232707305,0,0.89794651590437,0,-0.908993898432262,0,1.04687564794896,0,-0.639953641455572,0,0.0413391074665348,0.591737336895019,-0.36411536513972,0.362904071384785
103.589,34.8286,2.64375633700059,2.55512141772339,-0.317391754643003,0.838853239082529,1.3060278171474,-0.518273545282973,0.752228226925475,-2.1553078699024,0.364464378399876,-0.751081657952374,,0.848592076536162,,-0.453083397321369,,1.12464192488285,,121.102354864573,,-95.1142062825684,,0.785215161509933,
91.9383,34.8507,-0.275660120489112,-0.276333318183122,-0.46588266003232,0.127624522850804,-0.570321649866945,1.08293265912442,-1.06255095175464,0.558643677844142,-1.19242677007437,-0.766791051076039,0,0.902906945236633,0,-0.902357441192383,0,1.04290610692782,0,-0.656145477627705,0,0.0269387441152751,0.729856230555466,-0.322921236574692,0.442121277395434
98.4642,34.8542,0.749460222905958,0.676718694852839,-0.170274625295925,-0.00054256347399632,0.0296653514838449,0.330338805119777,0.473881253866585,-0.246430296615004,-0.982140797728628,-0.660648939885622,0,0.929837958843588,0,-0.887495014461476,0,1.01371235617773,0,-1.33416634000605,0,1.13850210951209,0.0536369589874639,-0.561692283504796,0.63114902460582
78.6432,34.8642,-0.854830868631264,-0.832049821880257,-0.48835448189307,-1.30550563792396,-1.74350062145764,-0.0107571441184502,-0.024951435072631,1.69289462004849,0.00500485545567107,0.198803539133706,,0.270343563289761,,-0.908281393401376,,0.990243672033874,,-67.7734220810446,,68.3620807685573,,0.977635416691451,
79.4766,34.8643,-0.772564186062302,-0.837925083632381,0.908071947503025,-1.22521095230561,-1.03375329880187,0.920530059980749,-1.42101032349906,1.09061605174455,-0.97571881375116,-0.352807305958611,0.0000000637848303064459,1.11792047640694,0.0000000000000477395900588817,-0.944510108845442,0,0.821603461462839,0,0.43261926700694,0.0000000000351041418156228,-0.00575967177943586,0.876688782395186,0.902499446136717,0.000000000000292210700081341
82.2433,34.8724,-0.853619527671678,-0.828841125464605,0.19409887166775,-0.770031002383729,-1.10143833506403,1.08347698272537,-0.812488533582589,0.891052091272863,-1.07766232696543,-0.221022590588834,0.000259205416841546,1.12597863252584,0.00000000435726410508153,-0.919676598933634,0,0.77376282016236,0,0.4328234953555,0.0000000249619043213301,-0.0915616324800693,0.0388519373731064,0.96545701632343,0.00000000081878392954593
79.8391,34.8765,-0.523531191940028,-0.633202733071152,0.0726906014808952,-1.16406943251427,-0.824037419605916,0.609619968736452,-0.697116126223804,1.15428296790921,0.180277873140152,-0.330569278393085,0.000000253663929639103,1.1301873478605,0.00000000000449951187420083,-0.951861167535349,0,0.826040632331386,0,0.435392394075458,0.0000000000139419586986378,-0.0193337618631013,0.591324502597316,0.92004276919177,0.0000000000114359632874539
101.036,34.8898,1.68252398489389,1.64996932458567,-0.452135021688461,1.17459230761288,0.449311463002383,-0.952228303389192,1.11288488713655,-0.315275954874817,-0.293152256967595,0.00096870684895184,0.989469544077387,0.610557782820967,0,-0.732426928995884,0,1.0219789912734,0,-0.85069385748936,0,0.456698183598838,0.00547668162138759,0.19893203106998,0.263444903573571
86.8292,34.89,-0.50622370711957,-0.658534325143868,0.346654187404001,-0.605254016161681,-0.608882049195924,0.922950062235227,-1.37174724807346,0.645707961375986,-1.20115821693861,-0.561069577901365,,0.888027246834218,,,,0.0235746644289753,,,,0.00369925862098629,,,
80.9443,34.898,-0.944022614982135,-0.945066571026317,-1.49587022267057,-1.0998032092297,-1.16515513186674,-0.141222113580773,0.0422672778377984,1.65490200255574,0.442749933404495,-0.337097707623484,0.000000316376140840902,1.1263418782388,0.0000000000642974562481413,-0.928337863689266,0,0.794926701442004,0,0.44976683636614,0.00000000645766373708057,-0.100891043285126,0.0259888063387426,1.01326601441039,0.000000000837254487962014
92.5272,34.9131,0.235120898304066,0.320381232984725,-0.848338342267653,0.113834867241788,-0.534556326111427,0.220553481449109,0.970282279037843,0.615165163727502,-1.01448114171453,-0.764292156735296,0,0.886461957847849,0,-0.896254047149704,0,1.03347990520018,0,-0.725222410787566,0,0.0779240757391952,0.31699157742395,-0.192051291006887,0.568699949039442
98.8054,34.9132,0.359652244715172,0.336757736951365,-0.770473567190155,0.149020510694795,-0.437838264385066,0.382922331062511,0.637808910386462,0.218439878514583,-0.88867995139432,-0.596033686500706,0,0.92282025644842,0,-0.887104939488538,0,1.01295746912493,0,-1.25731896715993,0,0.720883389992506,0.000119171546569596,-0.200673491793846,0.688914568104114
83.4897,34.9199,-0.676517176593819,-0.784477855744645,0.501809097564951,-0.768556927242841,-1.05616386779557,1.26937612402064,-1.270171245178,0.944866255247159,-1.13854287679089,,,,,,,0.771846120524058,,,,,,,
84.5247,34.9231,-0.499628530852059,-0.610868633992702,0.650523899605426,-0.614673513372073,-0.931207707271302,1.10878415955408,-1.32416158154061,0.80626158569957,-0.933094224902921,-0.484013804860136,,0.776728408758817,,,,0.0166213539151164,,,,0.00222189001958276,,,
99.8028,34.9249,1.42186937778532,1.65027984327191,-0.403586932989988,0.871625854817351,0.065500072170149,-0.359355630030302,0.931989495514274,-0.153111782265912,0.271530325680681,-0.550693424689065,0,0.873897866372602,0,-0.849562905752742,0,1.01000219163455,0,-1.33651670465373,0,0.61200874805489,0.000000000000125011112572793,0.095895325713128,0.635906035064516
94.9267,34.9271,0.128356316312919,0.179680006701477,0.0432985327141307,-0.0277185673337859,-0.231890476030728,0.767422096601154,0.377629008382089,-0.106547249217134,-0.599501627592242,-0.832477063848681,0,0.914926117876537,0,-0.947591638978749,0,1.01544586540673,0,-0.992629615111347,0,0.480992085084784,0.00203401767514899,-0.169460557421755,0.63317134213751
89.1647,34.9306,-0.316024560842921,-0.364389407343288,0.505794403370789,-0.0743408552149686,-0.524265464306907,0.798689731077927,-1.16676130548022,0.674480866780406,-1.18728484231243,-0.526623614393148,,1.08232611808786,,,,0.699122792807946,,,,12.0937944992849,,,
76.5577,34.9355,-0.613746087103346,-0.529220984387525,1.02754912090377,-0.0649671358751884,-0.778533388223752,-0.35192802405419,0.438961245048391,-0.849783142199934,2.22287435963829,0.569965162942337,,0.369774894580181,,-0.118153846704226,,0.982373059137794,,-0.801069466672738,,-32.5546079491866,,1.6557979776542,
102.559,34.9357,2.10766735184847,1.87084672594985,-0.359724277046815,0.940840928888806,0.792099914860931,-1.2700642484759,0.922596748466532,-0.699481761904519,0.211177102099673,-0.763088051217421,0.00000000122932752866234,0.82002646024364,0.000000000463801441696887,-0.48114041424715,0.00000000436462865849307,1.07491506269216,0,3.74470245260698,0.673952233505136,-2.82496000706905,0.661984347030707,0.742025639600163,0.0000000403235351775777
97.5303,34.9374,1.18893224274361,1.08235739645889,-0.145346714262655,-0.241013917842384,0.0371399865423719,0.12479829303117,0.867474962671268,-0.067954254826263,-0.786074879463946,-0.735170135773947,,0.910053411849395,,-0.919209744593645,,1.0123179084989,,-1.48593843454318,,2.28608714223321,,-131.072453734519,
95.4919,34.9448,0.118258385857567,0.308497755000454,-0.559728463074496,0.252095473859359,-0.401246843184006,0.386179823351374,0.295144222353234,0.201647856938232,-0.44286438823657,-0.81376455402376,0,0.91258073440906,0,-0.95746542721226,0,1.01410206277908,0,-1.02400143261575,0,0.629813020180579,0.0770593415878085,-0.545738284432906,0.564194599263257
90.6277,34.946,-0.310293421542011,-0.338926866704202,-0.309454017598565,0.0626364698989652,-0.541540339137572,0.658780370130464,-0.921632132748242,0.563127464775534,-0.832427169194909,-0.612527295933529,,0.921589774062126,,,,0.0946629542431705,,,,0.000388765035599279,,,
80.7029,34.9465,-0.879412888057332,-0.877856157620315,1.53380619957692,-1.0903937297051,-0.748570912290749,1.09408177072079,-1.47045881901408,0.738687847201916,-1.26072690864012,-0.340144454315961,0.000000185055305745863,1.15043789267131,0.000000000473223016328461,-0.940015088532737,0,0.763130419763773,0.0000000000000077715611723761,0.381931511961577,0.000000014519984992134,-0.0636228019996097,0.0497658444249935,0.983513863675624,0.00000000334950600588968
90.2516,34.9533,-0.146827992743887,-0.258578146958079,-0.400550435214447,0.173589324602958,-0.524510246642678,0.302857405756696,0.149630497653739,0.589946670419353,-1.08211191606607,-0.561961310701841,,0.941461955419629,,,,0.451419868275561,,,,0.0357059908396917,,,
81.6656,34.9609,-0.959122548311276,-1.00101793560947,0.157124681425501,-1.05105879813541,-0.697326267783532,1.11819367597392,-0.849971874746686,0.618158689129368,-1.19593430337965,-0.210622785735742,0.000279484621776849,1.15440199169684,0.0000000283627703545619,-0.930681381880232,0,0.771899945033982,0.000000000000000222044604925031,0.412233267045444,0.0000000294531858902047,-0.072345156432972,0.0629883474577726,0.974659110304272,0.0000000114294980146923
91.8237,34.9651,-0.450443073953393,-0.531144190089851,-0.483837575291568,0.236005276030734,-0.624315739808603,1.08085890170465,-1.45367287667461,0.520470552653642,-1.15982047770047,-0.784281185440956,0,0.903811536133219,0,-0.902845776101533,0,1.04698819732603,0,-0.641878387488202,0,0.0394414051906109,0.665739132105204,-0.584872601256187,0.379207657941542
98.5462,34.9666,0.459758277031684,0.410548065040957,-0.246202328436163,-0.00363395215474473,-0.167385093511306,0.229913014266506,0.304545688703992,-0.224434903614276,-1.2690377118659,-0.653189188366822,0,0.935346174541059,0,-0.892380556085127,0,1.01359487623987,0,-1.33679424341167,0,1.22948375729373,0.124304614570959,-0.93909507203751,0.630928125390804
81.1022,34.9749,-0.570784625637045,-0.613768277579169,0.274467214781469,-1.12089851072686,-1.05925124757764,0.965164036153686,-1.00756869735169,0.938044295946063,-0.6378597119664,-0.292710240571389,0.0000057986674282251,1.13576258737304,0.00000000218781659455658,-0.930203595234951,0,0.769064590394907,0.00000000000000199840144432528,0.418537027984639,0.0000000637174841777721,-0.098688027171822,0.0196885059926233,0.985418737927393,0.00000000324570970100524
78.7439,34.9776,-0.642832680877332,-0.697230225997903,0.139980308211156,-1.27973885684755,-1.40609830518416,-0.286831709834507,-0.204010767358635,1.30040060857285,0.142454154874049,-0.378643834579956,0.0000000928222889662322,1.17729576865154,0.0000000369396129240585,-0.924324848494942,0,0.950068253124118,0,-0.18884077122649,0.123591491108506,0.605160519357906,0.000000354100452071293,0.705456816281186,0.000000000869975425032976
74.9202,34.9794,0.107086458456635,0.145297845593588,-0.22519344946135,-0.219016989048163,-0.11711575069155,-1.15035910563115,0.98716302747413,-0.718650755571131,1.61631249045011,0.473791260285751,,0.490903107697839,,-0.640503044513601,,0.989107375483931,,-0.157138970388164,,1.08512302628091,,-0.136981966091675,
92.9579,34.9837,-0.252579024562511,-0.340169288040615,-0.441040579196969,-0.00557195044624962,-0.241318400972782,0.797191074110812,-0.967756905381797,0.197949246993221,-1.10520348618534,-0.791719250165679,0,0.914690271946251,0,-0.925057757788213,0,1.02836488712663,0,-0.785478012784355,0,0.148503632875361,0.0824612076546021,-0.0591224344961255,0.820165541124853
79.0968,34.9911,-0.619521008329692,-0.678480862549143,0.459168187519816,-1.23818183058696,-1.20430804036705,0.500720458809046,-1.16688398941113,1.25347287624532,-0.808100144853678,-0.308422179948804,0.00000199449927862361,1.1411945640945,0.000000000226382024237637,-0.951269836262149,0,0.720152661429104,0.0000000330914329271792,0.291763771706066,0.000000265262600995797,-0.0138106902949428,0.528378399922611,0.832613263415435,0.0000000000187592164024863
79.8264,34.9934,-0.701396122535938,-0.771055832244584,1.57710162257197,-1.20428299560758,-0.617586795581043,0.757597601222212,-1.43370972166893,0.704975435190283,-0.894103445962385,-0.334621281136443,0.000000168672188882724,1.14611103089486,0.000000000024239721341246,-0.952210554033428,0,0.812119568344059,0,0.441054509711199,0.00000000000760369545105277,-0.0263244201187511,0.414113899404249,0.905090620299431,0.0000000000292832424975131
69.96,34.9957,0.305664150212496,0.387749601559605,0.532186639510649,-0.335898775271359,2.40185119675676,-0.713566035846487,0.450129430581829,-2.2289614728266,1.5270431820327,0.108832045398181,0.243150716094293,0.82206818957618,0.00000000000000177635683940025,-0.473017325849939,0.0000239469198750619,0.970171430870687,0,-1.79290290109523,0.205906209239938,2.1917160307626,0.119798481455735,0.765413432959046,0.00570415620118081
83.9907,34.996,-0.57212768558518,-0.649365364188731,0.282486541064559,-0.688734781353892,-1.05504330915376,1.03239119445346,-1.20295232863885,0.965889000865234,-1.03229996905464,,,,,,,0.0509765183203211,,,,,,,
68.3066,34.9985,-0.170265114537074,-0.215743138102608,1.40564786388177,-1.01203855064034,0.949484549332683,-0.447171449843589,0.222607387735051,-1.43262914285468,0.464648343630552,-0.00880068240860209,0.952774139423011,0.861156513466283,0.000000000455519622022393,-0.245985765176601,0.0402885860313511,0.969423929440437,0,0.770371771081558,0.403004201196013,-0.0985366791905716,0.927007280511963,1.19723571509467,0.040141328344254
91.7313,35.0017,-0.694320152775032,-0.693308558498845,-0.434560836731565,0.294161288245508,-0.571460991604688,1.35842417377172,-1.2308782611704,0.40589775464045,-1.27607134050418,-0.796268863296121,0,0.899031621833372,0,-0.904272178843404,0,1.05191806264305,0,-0.62206507602578,0.000000000000000444089209850063,0.0822978281908502,0.484493372866393,-0.872600392560334,0.392763823162384
97.3667,35.0062,-0.348908408487299,-0.312371682002365,-0.782084755759148,-0.2225089196459,-0.0152702090113271,0.228471157863364,0.910797788371381,-0.201667669715179,-1.30368068003909,-0.739751183676862,,0.910666614667019,,-0.921669310489784,,1.01348214569019,,-1.40428192493074,,1.99509199624829,,-32.9386858073249,
84.0881,35.0086,-0.480211438522983,-0.620707436264515,0.235307830959664,-0.68149393590738,-0.992409177158935,1.18631565219564,-1.23378496959678,0.873771949786739,-0.995443622271431,,,,,,,0.0336042084188691,,,,,,,
78.8905,35.0215,-0.842863808029249,-0.78776656870187,-0.0406835292798209,-1.24282048314818,-1.58256166969621,-0.341042181089144,0.283074882657597,1.67212868497502,0.070108920600936,-0.315996390323862,0.000000823664023652526,1.15055875854431,0.000000000105703445996141,-0.941824605274746,0,0.653859935650301,0.000528140650158937,0.215004793734274,0.0000119163889529261,0.0158261467078793,0.449679872966999,0.809974866355489,0.000000000004439781875476
94.7053,35.0238,0.10330629540299,0.0931138095531009,0.032709652754203,0.0711915352024526,-0.249917315047661,0.781230371069368,-0.293106197229483,-0.108775905872581,-0.842575449789852,-0.855955171612771,0,0.921235056420955,0,-0.953539353351476,0,1.01573371746099,0,-0.969475992064025,0,0.591155299329663,0.00845753361122714,-0.227177523645866,0.587310091901858
86.1468,35.0292,-0.593089631044383,-0.694143367295036,0.734991613126627,-0.536094124583294,-0.719293913543206,1.01157718757411,-1.50141316496427,0.613150134760288,-1.25973579098991,,,,,,,1.1015419019679,,,,,,,
79.4029,35.0311,-0.654474114313224,-0.723809183712883,0.55299969543035,-1.25699840149283,-0.965218042576779,0.949574902239102,-1.28503237307277,1.05665102373632,-0.39253813135556,-0.353068827193203,0.000000120779628742795,1.11902140658827,0.00000000000104272146472795,-0.941348190892513,0,0.828170242277655,0,0.439426938717652,0.0000000000326891846924582,-0.00429036372703386,0.910532134821089,0.893168761370513,0.00000000000150457424297201
79.5534,35.0343,-0.458598161846172,-0.617687926763341,0.267613110768974,-1.24997714364418,-0.801449584438207,1.04991779713604,-1.32072118475341,0.944059647474225,-0.492855680911118,-0.331582902416455,0.000000272975676729459,1.13163552767838,0.00000000000721755988308814,-0.948412091184754,0,0.8112184334249,0,0.4174435146638,0.0000000000294539947987005,-0.00418582792468541,0.900124840528378,0.889376398432294,0.00000000000466360283724043
98.9742,35.0398,-0.274120721362393,-0.34936370627213,-1.16286075732232,0.12180576583356,-0.461194651081022,-0.247962531273876,0.350529656159887,0.349936703560628,-0.0206646893627731,-0.593941081035045,0,0.919240199395586,0,-0.882995302989828,0,1.0126080905839,0,-1.26560977777113,0,0.668793676816252,0.00000159731106363914,-0.166518169361331,0.690486826959838
102.035,35.0441,2.42715025498237,2.24708391706557,-0.22532611715842,1.38075326343768,0.482528580624423,-0.450701812103277,0.714919882554843,-1.04193074147248,-0.403956717089592,-0.700837751265826,0.000000027065392371739,0.734294207009256,0.0000000193845395290992,-0.549563043658249,0.0000000000000179856129989275,1.04247672373106,0,5.36156908298408,0.595924238355876,-3.80847340435694,0.575489995380684,0.704099629857434,0.00000144442417404633
77.7343,35.0503,-1.59268807400903,-1.32104534012302,-2.07751992745032,-0.991254212769632,-2.43019165187989,-1.36566672704099,0.500093986083217,1.51241351415337,1.5633956722311,0.496341784700665,,0.357142279914571,,-0.0121702811623178,,0.978762978900673,,0.000235700695424484,,1.29022418861127,,-0.00223935222583667,
90.1852,35.051,-0.0966452904042172,-0.20424268332919,-0.238902298303674,0.0931189311031201,-0.587587087270767,0.350724863372533,-0.175926679799165,0.661174632478168,-0.96721277810371,-0.569889975880166,,0.948593057408867,,,,0.597658015523507,,,,0.0716895559152945,,,
95.7323,35.057,0.511167160049521,0.645619299534009,-0.497395500279177,0.161127666237458,-0.69723833528439,0.232662486836189,0.803300676960364,0.278935863286445,-0.918443904073949,-0.812012706656351,0,0.906915281134506,0,-0.96430444530217,0,1.01409781720351,0,-1.01491991467313,0,0.47456374589524,0.0517203113300853,-0.673240079570627,0.479214133471233
102.076,35.0591,2.19062112870463,2.03729127187919,-0.130354023575214,1.33066075352496,0.482378805300213,-0.87309685723592,0.991364870556985,-0.872563932140858,-0.678687395984549,-0.705893956944129,0.0000000114443903243,0.739450029211435,0.00000000784970133338447,-0.548537006604026,0.0000000000000299760216648792,1.04284358869369,0,6.1518123420999,0.636703420886405,-4.31075960505718,0.621063030828177,0.697078915677821,0.00000104984040660838
93.3211,35.0649,0.385202929329817,0.416157121567991,-0.499696190800248,-0.0518111550832444,-0.411177500716388,0.206959809410791,0.788362892288295,0.490377231577467,-0.821715447012742,-0.813039447716931,0,0.923292937797331,0,-0.932089496323543,0,1.02986295084294,0,-0.796047556002058,0,0.271013271089417,0.0862987120792393,-0.120571753951148,0.76354324623406
79.9176,35.0655,-0.770915079226989,-0.810622206301714,1.28659996892254,-1.20599118680208,-0.515493808212317,0.856216234921273,-1.47634875583392,0.744368396668591,-0.33075105609629,-0.338169841521749,0.000000271334372303755,1.14172432049818,0.0000000001336226684856,-0.949463518126105,0,0.800402472736053,0,0.397347367834047,0.000000000589661874883518,-0.0311507648152739,0.330080436085813,0.895727424146442,0.000000000082036821780207
78.4206,35.0661,-0.594582415122951,-0.721847144713824,0.297190767562897,-1.26542673262292,-2.06851507643376,-0.0896626067526921,-0.314381669999704,1.25422262996119,-0.785931550655655,0.415572145646102,,0.323863780579732,,-0.601485038787252,,0.978216553685589,,-0.0322960055113795,,1.46248148047314,,-0.0697847320419089,
99.033,35.0711,0.885883054947379,0.832228138821236,-0.225632591349821,0.0618810621132337,-0.354625165207029,-0.11601926304082,0.640183378951834,-0.121025922998781,-0.0471567819346463,-0.582256934588381,0,0.914669213426573,0,-0.880684279028801,0,1.01305187255935,0,-1.25095422978077,0,0.659471902520923,0.000000891299955840807,-0.143345574847999,0.713418425502492
83.119,35.0779,-0.843648016603573,-0.93010203690177,0.235758930481722,-0.894900771238876,-0.857963003857608,0.867671874551613,-1.38763897446144,0.740292008762866,-0.908285981956161,-0.237955304833256,0.000240079998639953,1.14662722386006,0.00000121824394527792,-0.921541241364511,0,0.779468068216214,0.000000000000000222044604925031,0.423714886981998,0.000000118452968767002,-0.0733660435203211,0.0609107842545791,1.14735938293432,0.0000405327854027249
83.382,35.0793,-0.805819801784332,-0.80011881993892,1.42780895735205,-0.764901118961143,-0.988969907287579,1.0011858477827,-1.52463884740992,0.780104976654921,-0.940216867679986,,,,,,,0.797743522721182,,,,,,,
88.0177,35.0804,-0.501677606013677,-0.595892737404876,0.297549233190157,-0.490573045042035,-0.597256278024487,1.20887330941593,-1.42222816301522,0.514780282040873,-1.1077153842423,-0.726299758849986,,0.814764147342088,,,,0.732131416612501,,,,0.1771769627024,,,
83.5327,35.0805,-0.778093564136907,-0.786522298129494,1.06408353098991,-0.774916699902956,-1.01837375497101,1.03839060123704,-1.31621387890749,0.743714118070415,-1.23936788508988,,,,,,,0.771465892217919,,,,,,,
97.951,35.0852,0.226618674317544,0.258505526140979,0.0101329317286014,-0.196518966609592,0.0358783615578442,0.725497930167754,-0.149058043183919,-0.228933121106756,-1.08824372544002,-0.69450386931539,,0.901940497731917,,-0.908074135122892,,1.01182110635626,,-1.60029628563547,,3.18210722773579,,-96.8973728925002,
99.7337,35.0856,2.14044378717084,2.25559548843475,-0.335949724186595,0.739014726351849,0.227739012885078,-0.508999958733064,0.974653024700083,-0.438165964772669,-0.212430062440176,-0.547040091922249,0,0.894014371472741,0,-0.849865536115945,0,1.00990591799468,0,-1.35221049519188,0,0.614332404500765,0.000000000000347055717497824,0.0199177099774473,0.939395853065949
73.1758,35.089,0.505066298447745,0.734877762850885,-0.73085043510857,0.117927756765851,1.81430652235828,-2.05216113432911,1.05535297204333,-0.88791947640157,2.27469605725744,0.189024412757006,0.000958845405448994,0.717338800985921,0.000000000000000222044604925031,-0.748218839931692,0,0.981683907983926,0,-1.04740660391872,0.00000558731302913174,1.22496742730136,0.00021258310188621,0.438754418807796,0.00688001673055472
79.4783,35.1017,-0.542123325491502,-0.638366523128728,0.988088861282875,-1.26796091758342,-0.855118936423711,0.845803246127561,-1.50100445750769,0.8600314283052,-0.476060507816954,-0.342559546800334,0.00000027199995011884,1.11717771218216,0.00000000000259325894091944,-0.944400069652609,0,0.822113206976856,0,0.427335966560975,0.0000000000530067101323084,0.00258735158168446,0.945231698805498,0.889576596116911,0.00000000000234989805392161
67.9517,35.1027,-0.0667025551739118,-0.123708954711788,0.939069819602237,-1.31755944258753,1.60692942507212,0.325961352033368,0.482812856821604,-1.68952556444458,0.958863041376659,0.0713229076341349,,0.901422708485137,,-0.193121943799626,,0.976889306184864,,0.525485339245571,,-0.0788266181613122,,1.5988430019543,
73.372,35.1054,-1.12798823038594,-1.05044945369474,-1.83363593386256,-0.173856125633547,1.26029455317279,-1.86117106965927,1.5061222860903,0.0573099955883192,1.13342441687275,0.195590293559812,0.000516223483638667,0.708633542279214,0.00000000000000111022302462516,-0.760433081145385,0,0.984639734874058,0,-1.03874243202463,0.00000286581630826177,1.15944770194179,0.000236979634595125,0.40214953131421,0.0127146344746918
102.608,35.1105,1.92847264849801,2.01518424962541,-0.333200149946884,0.889631984991189,0.605060246571229,-1.13895159518154,0.621213819362361,-0.984456774684259,0.467902779731453,-0.758247287834601,0.0000000000304214431423588,0.81494996787049,0.00000000000680744349779161,-0.465252406439088,0.0000000210375399323226,1.07777090310738,0,3.87006402424607,0.664711487130871,-2.83457330502923,0.655430152088788,0.728191285956213,0.0000000100594004237564
73.9819,35.1192,0.461613907359612,0.399116562345071,-0.173897538465622,2.77697572322178,0.178966088863419,-1.36609192447974,1.4312603377272,-0.779359578170083,0.69463664628162,0.241310450840873,0.0000106322480173393,0.648410884440312,0.00000000000014033219031262,-0.803706374282981,0,0.990249318154329,0,-1.07497876503949,0.000395676607340745,1.1383263690871,0.0134514844684133,0.389172961486132,0.0735460980789757
70.5747,35.1316,0.576127958961008,0.735764799734425,0.321439874479669,-0.411141491427456,1.59025146110533,-0.652535652486293,0.474155508938746,-2.30321431732278,1.66932341297843,0.0720489642295378,0.37932610914272,0.808180048492726,0,-0.505771876468995,0.00000105378452541771,0.973456841836852,0,-1.33201031995308,0.0265563144407068,1.61480134725208,0.00412932774129171,0.623240204586205,0.00108621292153543
68.9959,35.1377,-0.00543002793343214,-0.0290312668442443,1.25404786889892,-0.877438275901371,2.34985955514199,0.341989293029901,-0.127195968761943,-2.1430632087637,1.04307443123928,0.0915511278030574,0.467408780020075,0.869283129738305,0.00000000000000244249065417534,-0.323159217978571,0.00752306678798886,0.973817261861428,0,-2.34168028790139,0.49997045534445,2.52609040786976,0.386474794837815,0.755140324706208,0.0352190340784404
79.3405,35.1434,-0.51674201122009,-0.650329147108377,0.601323026779949,-1.23002834914655,-0.923865269584986,0.744839699043895,-1.35757257208352,0.924063593586922,-0.4782597230276,-0.318436107806263,0.00000165155374554082,1.12604105798674,0.0000000000578976866449921,-0.931811151814296,0,0.837221571847724,0,0.442694422070968,0.000000000046245896001551,0.00640938025502227,0.871209302856954,0.878675434386322,0.0000000000100521813095611
83.3859,35.1453,-0.761658792634051,-0.835088798200414,0.843103340206617,-0.761194869656745,-0.982897276756708,1.15480776644633,-1.45228616871132,0.80889635522429,-1.08855630839311,-0.324508632262921,0.00000505097183878256,1.17398801466068,0.00000204378056589682,-0.934009107882651,0,0.630787925406847,0.0299576069329155,0.257520723068588,0.00558243956367499,-0.0193917963149093,0.465534035776434,1.7194880739498,0.0862092798747798
84.008,35.1523,-0.625042673862708,-0.742212973260474,0.758152461499858,-0.742638334669873,-0.848477516324909,1.05250342868216,-1.38875801459033,0.64336711922614,-1.16521274192959,,,,,,,0.0278241219550099,,,,,,,
98.5405,35.1545,1.26025837716583,1.10402075704267,-0.278759381106286,-0.112475215062795,-0.130038182150953,-0.125423783847328,0.947638623250323,-0.0428900542250867,-0.366393124582124,-0.667412752672766,0,0.93386037717708,0,-0.892737044355634,0,1.01434402117924,0,-1.2924372838915,0,0.891537275404946,0.00199583801518832,-0.175475634766819,0.756254278468075
70.5033,35.1563,0.408263005873154,0.361142518958568,-0.335596525398052,-0.367071137748966,1.55975233127523,-1.16726721306581,0.772245291681168,-1.42122023369374,1.7108672826256,0.0797648640981003,0.343586836219124,0.815553944549013,0,-0.505569399716143,0.00000108449609448336,0.973923372245139,0,-1.32620753708575,0.0276991291331858,1.62965538694451,0.00449437021347721,0.634561004887167,0.00136132976280789
84.0619,35.1593,-0.646172766276804,-0.766458936300573,0.885573776456524,-0.767249296637439,-0.796783809373209,1.13986254594423,-1.32180951376509,0.605433876738566,-1.19872339807346,,,,,,,0.0988350556412411,,,,,,,
75.8892,35.1696,-0.183190093963119,-0.279347833945207,1.55548232402383,0.296861317464555,0.440106506762996,0.715121633812584,0.0914882732142407,-1.87016736478872,1.48688972448694,0.576086171611744,,0.404550780475879,,-0.437470824402561,,0.987115267923504,,-2.19373694847149,,-25.7906734505353,,8.73484974180728,
70.576,35.17,0.453713298294944,0.571506689724502,-0.0800276864615507,-0.463520414097189,0.863908337338556,-1.27122286536464,0.667218740401336,-1.64088339663582,1.40737991655244,0.0776983331788976,0.343355990217667,0.81262384756752,0,-0.50977102379908,0.000000711552323284792,0.973592818174059,0,-1.35582241925618,0.0294082058382397,1.63074742892345,0.00409898191708002,0.624106896330073,0.000743309472911902
90.0392,35.1715,-0.125046458042758,-0.184400026074721,-0.422613993408522,-0.101820085645994,-0.638923174673827,0.759586074830798,-0.0598378782674856,0.507066022379761,-1.10023164162908,-0.589980230742491,,0.967551710787647,,,,0.43142213878218,,,,0.0523177199498582,,,
91.528,35.1739,-0.465560533977609,-0.481390753089379,-0.424668959478766,0.319324626701386,-0.699348630793592,1.43365963567174,-1.21971006340386,0.43215276470828,-1.18408619288256,-0.841242928799267,0,0.897329068484074,0,-0.886658726475641,0,1.08112971306731,0,-0.574350469933585,0.000599277379408569,0.517040716404506,0.442293966585164,-6.76627724916561,0.754722779734797
78.3263,35.175,-1.08264398357025,-1.02190308903663,-0.979562179610514,-1.233595675586,-2.07148342190367,0.0524143158843108,0.393375625489399,1.76167597149916,-0.187489620364906,0.393218625696301,,0.326115781026496,,-0.634250760124345,,0.977494907159078,,-0.151624626895711,,1.50281889304976,,0.0264863349485051,
74.5074,35.1764,-0.671225709437971,-0.679872177937591,-0.961241126450898,1.02159165298692,-1.12684905615091,-1.15264982160172,0.712238733969754,0.0264513483301189,1.07304705189686,0.277169226260021,0.000000560400273963424,0.614916915483372,0.00000000000014122036873232,-0.831881795572798,0,0.993522826707548,0,-1.00287935045962,0.00128254879534428,1.25322145047932,0.0408514810083758,0.423300394515729,0.127330226894443
89.386,35.1781,-0.261564809463135,-0.43950354926273,-0.249342722424779,-0.34783379999594,-0.605723637666643,1.15624851871222,-1.23629757491822,0.476176003387911,-1.13014357830263,-0.576826999493029,,0.924214934723436,,,,0.657236088467366,,,,0.116455341407473,,,
102.777,35.1834,2.45911504625744,2.64218021108625,-0.432459117927169,1.0241507671903,1.19164174034955,-0.709159144405585,0.600241154739344,-1.54988597449201,0.621665227878203,-0.754623334932592,0.00000000000149502632496024,0.836941660524856,0.000000000000049960036108132,-0.464056975462967,0.000000127930021465161,1.08255010323749,0,3.55569306488152,0.682099760451549,-2.43285229574332,0.676981632345954,0.69290539897589,0.0000000735062657408747
85.1087,35.184,-0.766839537850164,-0.816894249919364,0.546133788695324,-0.72344159555671,-0.910065590706015,0.959940725647754,-1.41257410953813,0.639544537243447,-1.1763265889873,,,,,,,0.0982264198106801,,,,,,,
98.2303,35.1983,0.513867250047993,0.403563763477299,-0.282926465332152,-0.131841190525381,-0.240330770804493,0.405590166393885,0.525172991923964,0.15312369717873,-0.250322857072402,-0.691741930671012,,0.935345754005251,,-0.905145815051699,,1.01260578924063,,-1.72309667939415,,3.60394729565874,,-82.4437985802417,
90.4805,35.2062,-1.53234651262085,-1.52124680170476,-1.53639255791155,-0.193342051346384,-0.460532954910157,-0.0392253371499792,1.16328873051034,0.412281261164546,-1.31521565662818,-0.68686186930264,,0.917138558758799,,,,0.0548570018483199,,,,0.00157460316996796,,,
68.9988,35.2161,-0.537154031504738,-0.531499001779491,-0.107950245546528,-0.653061614542188,1.3718966515961,-0.971858712250977,0.330082237572238,-0.704652467211391,0.626194527282563,0.104191647828508,0.404772339652082,0.8700361943522,0.00000000000000333066907387547,-0.325952216208193,0.00646818454841158,0.97118673485996,0,-2.48112705007888,0.525176706907569,2.67776739460947,0.418856456472898,0.774075763557824,0.024545414646606
96.6972,35.2164,0.383349689435865,0.302283794435932,-0.140917620785983,-0.0667379236742833,-0.337494068424925,0.647585969861037,0.737114518668201,0.0212172505283347,-0.939376472713844,-0.780994350606229,0,0.910629080919857,0,-0.938917070014086,0,1.01441586044405,0,-1.16822128590912,0,0.811947149297902,0.104168976665619,-1.74725092543855,0.529817936862522
91.7364,35.2188,-0.424810447151864,-0.417351782919958,-0.444003171217777,0.270921390758097,-0.701260597411865,1.05942000289082,-1.08632688109075,0.402565665768307,-1.10422818357277,-0.833279273922419,0,0.903800273580159,0,-0.909856216687772,0,1.05544799275067,0,-0.623590897657274,0.0000000722443218581503,0.329485274573711,0.540817529707019,-4.32098711220282,0.704077189310701
97.8566,35.2232,0.184523469575818,0.0217785031145702,-0.326450403312979,-0.0981224574554086,-0.301045391424598,0.847114960202773,-0.649722889536755,0.0185707811108578,-1.05713671606402,-0.726846569794723,,0.917485520900974,,-0.91793137837613,,1.01230232890208,,-1.53549684649457,,2.64674659201288,,-114.835455330229,
71.3099,35.2249,1.63557681840061,2.06680809220465,0.33113735422808,0.48305109650932,2.62039815540161,-1.06052576754265,0.608597403231067,-2.86422951414404,1.61235311076677,0.160671269946914,0.0205701692031648,0.747082578601594,0,-0.4956483934395,0.00000211676767047919,0.977888409532497,0,-0.740709510942213,0.000155758444160048,1.09433196900913,0.00000615358610178696,0.421462268938208,0.00211132396322289
70.0968,35.2346,-0.112186983757847,-0.107446627645518,0.364834401513683,-0.425387031315828,1.34154654513202,-0.0384436841553857,0.585217333314519,-1.57500492747905,1.76869342252017,0.12186176792448,0.153486402731028,0.816094663642967,0,-0.496879901492497,0.00000270732041740551,0.973149188647579,0,-1.25159206279701,0.0257234825122059,1.57338433848173,0.00385754051677978,0.624743720018987,0.00192790027431133
70.1089,35.2551,-0.148494997651458,-0.108040724547248,0.256775893019745,-0.466151915383286,1.36637967998009,-0.697791015213651,0.992147472399453,-1.44451179459835,1.80395105859098,0.12186176792448,0.153486402731028,0.816094663642967,0,-0.496879901492497,0.00000270732041740551,0.973149188647579,0,-1.25159206279701,0.0257234825122059,1.57338433848173,0.00385754051677978,0.624743720018987,0.00192790027431133
68.7157,35.2572,-0.474594146625937,-0.339199252483396,-0.157240693788539,-0.865261981962515,0.224701887219778,-1.08016827017704,0.753653438521082,-0.770383952953757,1.46250462126492,0.0771940451499372,0.554232094268661,0.863722002468126,0.000000000000262678767626312,-0.361709733175551,0.00318148269494634,0.96474195937546,0,-3.57932688862724,0.685608284914038,3.6534428644255,0.624685317927503,0.803876134445539,0.0157636342350023
81.5797,35.2631,-0.923780648223766,-0.873371745776403,-0.327606089544339,-0.822600491771226,-2.11494106269394,0.53571481454398,-0.970686958419267,1.30583973173258,-1.05989767933581,-0.272456544895753,0.0000383789268354473,1.123290008862,0.0000000103159505382422,-0.922557554187404,0,0.763696407833667,0.0000000000000299760216648792,0.433586273247992,0.000000266449501795663,-0.11091018656752,0.0248558885330739,0.959955683389463,0.00000000251710097209923
88.9863,35.264,-0.359689293112569,-0.460476108320955,-0.168823815524106,-0.0247836642558229,-0.693743484622043,1.09549998803401,-1.2435472054444,0.495670134273447,-1.25954234559648,-0.625883761721383,,0.9132723662605,,,,0.676399106919809,,,,0.167059677311098,,,
86.6626,35.2687,-0.542478646390486,-0.595448167975572,-0.0689734389589092,-0.585188142507504,-0.926093866521801,0.852909506802538,-1.33362921099,0.933557818640638,-0.90402151765911,,,,,,,1.07622599958929,,,,,,,
70.6455,35.2704,-0.431846627388617,-0.364289758762969,-0.923499293371081,-0.561655373602147,0.521100434219206,-1.70215536293581,0.637663723562707,-0.132697728588202,0.489632939582914,0.0966174081791884,0.226661570439826,0.802499071731703,0,-0.501611725948302,0.000000855721847381474,0.974419899127561,0,-1.15189912925872,0.0107151606025875,1.48209034415568,0.000688475738343852,0.596352414058407,0.000679449116529396
84.6026,35.2706,-0.770597979804907,-0.849812413023372,0.952192192439282,-0.888326286377624,-0.658745878057627,1.17213272806413,-1.3472707951547,0.529471695143376,-1.18148720604208,,,,,,,0.0708161762460623,,,,,,,
70.3632,35.2782,0.504259882995339,0.75151064718867,0.611177919672939,-0.405622062740541,1.40551157549254,-0.905169038197041,0.335964126021691,-2.18454838313568,1.15123811837495,0.127994793786083,0.123819320209714,0.814348207891106,0,-0.494607823929925,0.00000234428050815971,0.974223183323947,0,-1.21941208820896,0.0232658201456686,1.55185095076199,0.00272530786765213,0.621350338684782,0.00131725885478917
99.1041,35.2808,0.718890973177187,0.653835916695936,0.0333170810595429,-0.182054508891743,-0.069924271844565,0.22726842655825,0.839382881175666,-0.272559443100606,-0.550767645191932,-0.631921160732742,0,0.921722536438885,0,-0.880734015964074,0,1.01263021710994,0,-1.29515897144028,0,0.630599201809105,0.0000000000509303710316544,0.0197648755912211,0.940022677641692
88.0707,35.2843,-0.578721711741307,-0.68969502570664,0.61954863898832,-0.428787124474523,-0.815366065176942,1.06030683363632,-1.58025563710059,0.621999421951368,-1.14611306752522,-0.735085215229224,,0.759337523886708,,,,0.682290149653993,,,,0.173303901328921,,,
76.3257,35.2847,-0.169674301462359,-0.134146182147533,0.233268843298476,-0.347432318521647,-0.335241511242109,-0.738964747918799,0.96969688318253,-0.124291515451236,0.848387829026091,0.583446813047225,,0.377258822102507,,-0.419144015506836,,0.986646157059158,,-2.21048742247846,,-25.4174563309963,,8.82838607250696,
100.998,35.2917,2.57581927475,1.9914456470918,0.230699413328396,0.353150437405442,0.913179673764933,0.244460400613724,1.00116489227691,-1.18118562636368,-0.763785165446902,-0.502733831068187,0.00000000000173372427525464,0.805235852425456,0,-0.77168196966897,0,1.01252383870383,0,-1.50260120844186,0.00000000000000288657986402541,0.736286893900252,0.0000000129336670262603,0.306424468083701,0.0382738444203869
80.386,35.2932,-0.843510332135175,-0.844095445650939,0.730033122110773,-1.03490095210882,-1.47429261214328,0.818646889632303,-1.57949182633054,1.19024487579965,-0.518688691568195,-0.327563458275209,0.00000131193389973916,1.1647455985837,0.0000000441961813812952,-0.946649552452219,0,0.758667368875137,0.000000000000164090963039598,0.370606723798903,0.0000000228988239481254,-0.0527638268216998,0.0698286228880216,0.922251245620485,0.0000000122702519256279
87.3036,35.2961,-1.73044181559784,-1.5847028658512,-1.07441070049612,-0.708808701339246,-0.38124706360883,0.620843752320728,-0.228742176490949,0.373894264777015,-1.3149634831904,,,,,,,1.04903270695613,,,,,,,
71.0952,35.3008,0.104866205178389,0.312153886542168,-0.338281160235614,1.25442393499093,0.471618574409963,-1.78835289389673,1.03677436611972,-0.777294379957729,1.44437002652891,0.144765165498427,0.0411490908223062,0.75996547807541,0,-0.480749446657192,0.00000482127914325226,0.978367959013939,0,-0.730017239155952,0.000156399414308339,1.08574861825164,0.000000247001006981051,0.4153771497255,0.00164835889026582
83.7755,35.303,-0.738297076715604,-0.847125046709183,0.936575313170807,-0.80180529599264,-0.941098159073551,1.18205511146531,-1.46734637953984,0.634643170158362,-1.16602364540197,,,,,,,0.0427465348574369,,,,,,,
85.9391,35.303,-0.669445920088724,-0.740807345285216,0.664009121749093,-0.685790741027943,-0.869806321519593,1.17344537045933,-1.30522600484269,0.622385790459595,-1.25528936806624,,,,,,,0.0702773959413874,,,,,,,
97.4884,35.3049,0.270418669660698,0.239567686052142,-0.38619644718637,-0.117020102624538,-0.569096352863687,0.753012272390512,0.195001852365289,0.106028749575203,-1.03741951366633,-0.761086654700095,,0.920448113737087,,-0.697725718054922,,1.01745143090823,,1210.86800307935,,-532.482391501951,,0.440240618029274,
91.4918,35.3079,-0.496409595052458,-0.438349260872249,-0.789280832124314,0.207346073904191,-0.824722650628085,0.47997982773081,-0.933514282332092,0.926072598862574,-0.57886782384231,-0.798674056709719,,0.919759490247811,,,,0.0181700889741132,,,,-0.000248577917131194,,,
97.8109,35.3134,-0.405823460454915,-0.394194901567478,-0.99821550069832,-0.0760555825686549,-0.569320120714101,0.344702589248956,-0.327622602716663,0.429947982550891,-0.289208625907208,-0.730103590364858,,0.918329670416661,,-0.918073926474019,,1.0124002100314,,-1.53244776246008,,2.64652662872011,,-116.390112504559,
88.2112,35.3168,-0.400622044149626,-0.527336824594376,0.268232339236362,-0.371822209407376,-0.764832605644819,0.9157076226671,-1.4722559618747,0.595568674032092,-1.08427185396475,-0.729118656375356,,0.808361274960057,,,,0.64765538435599,,,,0.132596299177845,,,
84.1933,35.3265,-0.765370107876341,-0.834874809318704,1.19509380786334,-0.900668487511671,-0.755172022405304,1.07396253710246,-1.44388703907547,0.545781955284083,-1.16206863796105,,,,,,,0.0951065824235337,,,,,,,
95.9783,35.3305,-0.278451100863701,-0.29127208180453,0.0408751248466363,-0.276983180916516,-0.424707205786602,0.876422181918673,-1.31173542979645,0.0148403975135619,-0.853242121636654,-0.825099539871522,0,0.89857297409245,0,-0.95554748756584,0,1.01550577644076,0,-1.03957612940005,0,0.28343498544262,0.0716685037012901,-1.32663297046439,0.35849002747379
89.8007,35.3375,-0.775917991779385,-0.825397185455737,0.162833063956726,-0.26786691875004,-0.607942411942209,1.21826034993197,-1.32688982062885,0.500627953150569,-1.21783693677294,-0.668395919441949,,0.907889284527209,,,,0.203209482602548,,,,0.0170386649270827,,,
92.5333,35.3444,-0.149800307750573,-0.0662229862266749,-0.559624185757026,0.0171913113699947,-0.668462781771535,0.900188068580609,-0.559849351227187,0.403824474345603,-1.03252014524425,-0.859549020334057,0,0.908254739656162,0,-0.902223207615427,0,1.04153176133792,0,-0.693168892082282,0.00000000000000155431223447522,0.240276447474073,0.554748696149838,-3.7809821487655,0.643319171767873
92.9052,35.3465,-0.20052178882604,-0.26796325497802,-0.672538806500836,-0.137914565259178,-0.6092314412522,0.743487999927806,-0.59597689863948,0.533631421912906,-0.911090820527847,-0.852308615397808,0,0.915019104704323,0,-0.917886604271087,0,1.03261641885089,0,-0.791094055862947,0,0.367461766745849,0.159018812301548,-0.706195001642239,0.456472906930909
99.7099,35.3496,1.4881629704195,1.37505108050455,-0.257861256214051,0.60633268847399,-0.0175512006876917,-0.105317967906106,0.950442893442047,-0.35239276829931,0.54225826376835,-0.556425477765378,0,0.899996451378728,0,-0.862167464394572,0,1.01092294765518,0,-1.26445058156998,0,0.553833059068686,0.00000000000125832677611015,-0.0326215151099059,0.903109196729338
80.4781,35.3499,-1.8218241324036,-1.34763598191453,-1.83686369825306,-1.00985261565504,-2.13115560903499,-0.101088607689762,1.4901701551601,2.03214920408918,0.292715742879185,-0.345993140600863,0.00000103156119535264,1.13482872840336,0.0000000048467632129956,-0.941921626896199,0,0.748671406318893,0.0000000000159621205142457,0.379336488544356,0.000000141230080297206,-0.0804156967987105,0.0233851041794464,0.934071703571305,0.00000000223552043543407
102.3,35.3533,2.05978813644756,1.70352285677279,0.00603704638530443,0.678270900932926,0.778782782206573,-0.928015923503205,0.855650071920562,-0.958389495917515,-0.194115918616934,-0.611585227279728,0.000000000000154098955817972,0.71804695441169,0,-0.601475276010226,0.0000000000000113242748511766,1.03058037878449,0,-3.35308299502982,0.139909359754989,1.93533010667109,0.180640720334845,0.545442658476004,0.0000698310237368105
72.927,35.3558,0.141117832102712,0.470768766074754,0.379431698531449,0.742645814094831,0.45398294896638,-1.7973764656795,0.354734741020513,-1.8346328852226,2.18879602924769,0.188151487771685,0.000853662980830228,0.72523936895109,0,-0.752994181537603,0,0.980431544074447,0,-0.99622129376747,0.00000344342857983015,1.22834787687898,0.0000652034999475415,0.446927046402417,0.00421145323984695
98.177,35.3578,0.563714837306082,0.384971029091813,0.103852761039492,-0.134316627959495,-0.294457399675596,0.765014437197161,0.379290125499137,-0.190828080347926,-0.412500810315573,-0.715687726488795,0,0.910972391970099,0,-0.911969463226129,0,1.01418246246661,0,-1.31993905383758,0.0000000000651043663424389,1.10269423759742,0.204558343729893,-3.82129331471342,0.700818199903006
92.2076,35.3585,-0.300357330154812,-0.240044899910313,-1.10757204377478,0.08124675720308,-0.925373939896129,0.346353276168962,-0.744218745355753,0.702470958829659,-1.05651199119274,-0.830151454628332,,0.903233451959991,,,,0.0324305362482455,,,,-0.000381597317232082,,,
78.64,35.3609,-0.73504433964524,-0.681664580070055,-0.109361620337247,-1.16973112876642,-1.43901705264752,-0.177996321856411,-0.477018818699077,1.57662659338865,0.11637470608152,-0.365339072641007,0.00000194641900885806,1.14458093423955,0.00000012348651057259,-0.916449924258518,0,0.87866447072221,0,0.264210806806236,0.00473564834267726,0.302719429994099,0.00028890316658825,0.771403904569504,0.00000000519028597878446
86.7308,35.3658,-0.646644650622971,-0.682185222001745,0.20258657871079,-0.521859368374973,-0.953051930779213,0.805223340724476,-1.42577693757322,0.892090425242943,-1.03469018484143,-0.622046873681269,,0.834612454042548,,,,0.0191199666428872,,,,0.00195089963661288,,,
92.6363,35.3719,-0.191684411949102,-0.159526264801756,-0.600148387845434,-0.0593769671920719,-0.620687508579919,0.987015587907218,-0.722363041085258,0.342312077687264,-1.16513141029261,-0.866052945867641,0,0.909025771825409,0,-0.901787605185383,0,1.0398487921085,0,-0.726615919021979,0.0000000074319188581029,0.402604448713851,0.617246349204662,-8.28665521638814,0.807310659831143
98.0051,35.3733,0.949307841486971,0.717123533385679,-0.130723732161852,-0.0901924982500813,-0.24584678546384,0.609502018101367,0.693368509106031,-0.103527794861446,-0.117980856000823,-0.84920133084894,,0.855448026367378,,-0.812943646273574,,1.01703871880077,,1020.82197551567,,-572.061187989761,,0.560493083471499,
89.2007,35.3761,-1.30621776675839,-1.34539709600045,-0.9590214360146,-0.243707051673836,-0.766317717141867,-0.476674124496566,0.705885401072,0.443674061157668,-1.20980414221311,-0.698140084247063,,0.86734986676947,,,,0.536981068443403,,,,0.0708272233578334,,,
78.5367,35.377,-0.642514860601567,-0.675437759525634,-0.0116907493483696,-1.17356861741466,-1.6415538903414,0.35694613926087,-0.98807070308564,1.32646646974862,-0.022629215318413,-0.363299846133888,0.00000219687491820331,1.17665329751899,0.00000148885928563658,-0.905171836457184,0,0.912244469886741,0,0.150064411512896,0.163575431216578,0.375297879164184,0.000086664069821385,0.738991136229068,0.0000000263991470905722
97.6487,35.3773,-0.33932947986973,-0.331019582645621,-0.897074543285417,-0.115954300962269,-0.697726371689785,0.419667733006049,-0.711963907733141,0.511222368044668,-0.511368409103502,-0.764973500784604,,0.920771225221574,,-0.709410366168813,,1.01762183820043,,838.778217517443,,-377.735034614119,,0.450992213050395,
99.3212,35.3815,0.471786742976636,0.444173503143271,-0.502540261744637,0.0293962690280708,-0.219576303360085,0.308246994871316,0.826289796487282,-0.0134558653040105,-0.322945832084875,-0.612946104186907,0,0.916980702440774,0,-0.86514274615957,0,1.01129172828817,0,-1.29422647283746,0,0.599688486549126,0.000000000000468736160996741,0.0398552777778385,0.86737207064968
101.871,35.3817,2.19468695904937,2.00347024949551,-0.0931646754138209,1.46448327367157,0.951667723152356,-0.0566786043404372,0.837646662258576,-1.36281655057858,0.466671954233551,-0.495541379805296,0.00000000000857380832997023,0.703601505713076,0,-0.656515158760858,0,1.02006894399212,0,-1.85066954199403,0.0000816757784320998,1.06816582151772,0.00108284803040171,0.495768784439221,0.000107661798050884
84.4818,35.3939,-1.21438016201708,-1.15018046027383,-0.815161737350571,-0.929617997065809,-0.682292340245736,0.374720377838578,0.523637161665467,0.435768562604155,-1.29561052365373,,,,,,,0.0999871758125797,,,,,,,
96.6604,35.3954,0.479767385796644,0.467135344395387,-0.0550628419935976,-0.153350610329874,-0.50114099752893,0.506863334669304,0.207043341255385,0.080183268653023,-0.658225819176955,-0.834051850592062,,0.899850465514678,,-0.754510127022764,,1.02093727397806,,995.614396327424,,-388.785647543036,,0.390701245429949,
93.8271,35.3984,-0.208016383839825,-0.325945747935719,-0.340639109521722,-0.218338906290509,-0.456054664899849,1.07158074859699,-1.20549807191136,0.105526054037283,-1.25599727336275,-0.855144199530462,0,0.931667556679736,0,-0.929615019522564,0,1.03812634184231,0,-0.770399315458685,0,0.621432841402591,0.408020084100796,-1.16772936843133,0.612611404414036
71.9813,35.4048,1.5334360360761,1.84800712406019,-0.265193293766394,0.10362710501867,1.8300418900086,-1.65811727673423,0.346730690650952,-2.01289296714763,0.9083726047648,0.175104819225246,0.00516185145303916,0.719126842656447,0.00000000000000133226762955019,-0.614374905024471,0.00000000000463717952925435,0.978394924969843,0,-0.952150351560575,0.000190556804283482,1.32565040291061,0.000739351262248666,0.493602619187239,0.00804587693513659
101.409,35.418,1.67941181724526,1.64403825310551,-0.422973195917542,0.572422394230379,0.454459317765208,-0.750610192113058,0.917327670469238,-0.50283211196513,0.109777650839409,-0.19480170465015,0.00731919698723371,0.673553477108595,0,-0.708685290931483,0,1.01571929725121,0,-1.07420874781859,0,0.622961751818612,0,0.350631481603657,0.0000918969688823434
97.617,35.4222,-0.932484099054434,-0.86163206681563,-1.34653166327318,-0.122425296468085,-0.698655066962363,0.392850477674477,0.0841167027994689,0.736657851180667,0.417142678665886,-0.765056310050781,,0.921656804748276,,-0.709785416782297,,1.01781576984513,,1188.19069294034,,-543.302762586496,,0.457704604515148,
100.379,35.4223,1.47399206438415,1.51243980604575,-0.176475294587205,0.0571295012046209,0.797575069868897,-0.172301968781067,0.73709537634939,-0.409555977288202,0.034953469055747,-0.471537614755622,0.00000000000115618625784464,0.855012566913111,0,-0.813141575071654,0,1.01052522702609,0,-1.32067182677991,0,0.628153259648299,0.00000000000000532907051820075,0.181975629034961,0.265582794588897
96.2124,35.4281,0.198562878623098,0.121791610317891,-0.34188166934601,-0.256787501783533,-0.409601835483702,0.70437991028457,-0.41138393810213,0.104842709109637,-0.535827313607998,-0.822624615129485,0,0.907144215370411,0,-0.95752151257371,0,1.0172380551346,0,-1.04139012967776,0,0.265399423362794,0.360729895875494,-4.35684345717015,0.643739922925079
94.2187,35.4312,-0.486161826790822,-0.504836983665789,-0.0912487906544732,-0.108586440124272,-0.623259281598118,0.775175789514044,-0.942093699002091,0.437110074551836,-0.652028210322545,-0.881060690113062,0,0.923335563529294,0,-0.957364850922132,0,1.02127292837309,0,-0.921979824848005,0,0.479206729116487,0.400917938945228,-4.33966537942678,0.627094165799135
73.3897,35.4376,0.25348546242234,0.782208907240261,0.326822935687081,-0.379356705091147,1.20458350002861,-1.02859487337132,0.656229100284862,-2.09782619843823,2.63974829526065,0.222107401689018,0.0000556475524835509,0.70191141041776,0,-0.772839924936493,0,0.98314129727461,0,-0.998066195062735,0.00000224122850922548,1.20015346536182,0.00018503252295976,0.433171791111105,0.00714934104074372
92.322,35.4379,-0.57059863540565,-0.403018536522496,-1.10168264836324,0.0131872184422478,-0.885316614237702,0.484624259929905,-0.78240759123578,0.775580978658809,-0.608730389346936,-0.849640214038114,,0.913313436261933,,,,0.030924132048173,,,,-0.000888311290240652,,,
100.633,35.4437,1.73698873142553,1.53950742545725,0.026784774353516,0.385830975919063,0.777322002631613,-0.0822144570351015,0.735918614021808,-0.984083068398754,-0.460228255361545,-0.521040722325094,0.0000000000000128785870856518,0.85336748374946,0,-0.807328844357384,0,1.01004871390169,0,-1.48991117596374,0,0.732311472739459,0.000000000012688516903836,0.329993259211455,0.0249026992495516
92.0645,35.4474,-0.283584376790585,-0.142293310926404,-1.06043548807468,0.00316651645696092,-0.913384914943316,0.207814498320371,0.360792140986671,0.768872255393963,-0.437226938590224,-0.845309443903179,,0.925765251333653,,,,0.0202831226470858,,,,0.0000328045953360288,,,
102.581,35.4623,2.33629050365348,1.92427787166484,-0.0992195758085405,1.57609428299417,0.835136875735445,0.0168116974079738,0.706985930631158,-1.02826958435435,0.380884123583263,-0.693883880555302,,0.789156691768117,,-0.576740970231052,,1.03677164064473,,105.507891544727,,-63.6788611293599,,0.604273519431083,
74.9225,35.463,-0.849075214104928,-0.807601177562133,-1.62429976097789,-0.0284966042787707,0.162391537792987,-0.670364584189367,1.36142449263179,0.154450042632357,1.12903635629637,0.263436209286347,0.00000118264727899664,0.621621711593143,0.00000000000694200252837618,-0.846643149093848,0,0.990200492387769,0,-1.44307366863359,0.0401151837623674,1.61297028301878,0.119586304874115,0.556383246381787,0.0843375207527199
83.8629,35.4695,-0.794466940372203,-0.844237493363622,1.16628833630305,-0.920160511318265,-0.949828324955788,1.14324787423041,-1.48774756446733,0.505434647127468,-1.06582864577624,-0.286407923597742,0.0000983660515361251,1.22703211141217,0.000469411704125733,-0.930223072520948,0,0.334765938727415,0.768606556072474,0.07856049203662,0.029414356367724,-0.0166236246605116,0.116008267427205,1.06132279151905,0.000956501154603773
72.2165,35.4709,1.85055709100479,1.92422339884344,0.305928357505979,0.229453742564375,1.60412912695489,-1.46635868226881,0.174454784733674,-2.5075427187215,0.930017458319938,0.199124755421393,0.00139459285070664,0.727859075998712,0,-0.66430864061067,0.00000000000000643929354282591,0.979322741929284,0,-0.984242743766033,0.000178999376837075,1.37374159152614,0.000810261254772904,0.515778634283695,0.00815994477762305
69.7981,35.472,-0.226053184964073,-0.203663159114523,1.38792719553344,-1.1863842768188,1.07716629314409,0.172941443082021,0.100416901755204,-2.35134368185924,1.70087573328508,0.12180307597581,0.180733781144951,0.813557960689255,0,-0.470814094625749,0.0000221347755633428,0.973172423957974,0,-1.21248153417892,0.0333925359693843,1.45371290651698,0.0038229022793026,0.565323715617621,0.00601428270229043
96.3841,35.4778,-0.0497078210035801,-0.0670324976771626,-0.193455314914246,-0.250514122072374,-0.288626133912153,0.880052195176823,-0.675811718441527,-0.156689399717857,-1.25523824703975,-0.821211660554954,0,0.905558564144141,0,-0.956251386705382,0,1.01681611269551,0,-1.03927181778888,0,0.237718176117903,0.523732725425457,-13.7007692360451,0.842972906110371
86.3637,35.4852,-0.655004625650465,-0.711424291560362,0.310253831273496,-0.507381632722912,-1.08205493259505,0.777660147555075,-1.5263448635274,0.946105850432474,-1.01276733470081,,,,,,,1.0853861391259,,,,,,,
83.0116,35.4888,-0.802641568962125,-0.810096591838604,0.573209626107061,-0.803956977754732,-1.39480399461537,0.886064250051542,-1.32460753078207,1.07665257923426,-0.84107918140187,-0.234424501846653,0.000303814890487475,1.17067472242959,0.00000554192870771963,-0.911676672315586,0,0.672211277054372,0.00134485423028785,0.243542629595362,0.000168541103536146,-0.0450929911137773,0.0789049210253925,0.87297134840873,0.0000000868576326418236
92.4929,35.5016,-0.108741779434857,-0.032771677953863,-0.617011203708312,-0.113288735978276,-0.64967466997688,0.922229464705973,-0.188396064916437,0.360015890781522,-1.15111051178547,-0.862220772537067,,0.918423806745287,,,,1.13226672622781,,,,0.103763371254147,,,
80.1294,35.5018,-0.740754501861364,-0.777562094548887,0.408278073451765,-0.969561465791663,-2.03647905383049,1.09124498511463,-1.36939283003722,1.10655934858714,-0.547004589950803,-0.339972396941915,0.00000147168013309162,1.15143742999771,0.0000000254548542244493,-0.94592068263348,0,0.762074491778018,0.0000000000000375255382323303,0.393449415141599,0.0000000273988356447319,-0.0642213207887603,0.0491957838744068,0.892128457793546,0.0000000028777877858488
72.0679,35.5025,0.673941194903867,1.17169638899522,-0.431930439851354,-0.10019253881784,1.32795027031711,-1.51994909728211,0.668966169371417,-1.44235547414053,1.67187408166931,0.145366525656391,0.0221022729215521,0.752534169682361,0,-0.682679807671234,0.000000000000000222044604925031,0.977040673615815,0,-1.12055933943288,0.000454825046029672,1.48409795939745,0.00114829034329289,0.563629821252129,0.00517890074010507
79.0891,35.5044,-0.927478362938385,-0.875707256202008,1.20895714465916,-0.969659373343731,-0.933155812059569,0.51254202918107,-1.38399712594363,1.16283777272879,-0.0191867521627282,-0.318985264313082,0.0000267793813399919,1.09873829053615,0.0000000173697916050486,-0.910737479830151,0,0.888988167711474,0,0.48450953087784,0.0000000129768440437772,0.0629522264459193,0.335211529512192,0.88446072482813,0.00000000108985420688157
92.3246,35.5091,-0.206323973774878,-0.152913277850216,-0.595263939140937,-0.0612455364414591,-0.731211814328918,1.1693553469825,-0.420300495757733,0.32164702361584,-1.2436908858902,-0.866301053778607,,0.909287137959715,,,,1.14887473706655,,,,935.372578833984,,,
80.0493,35.5159,-0.75900367059281,-0.719140411898212,0.313214288856047,-0.984218747042013,-2.07468596453593,0.668894385835164,-1.25719375277355,1.25345982295449,0.0320989880026636,-0.335009671907196,0.00000200992833199187,1.16287396215074,0.0000000981704064706435,-0.94590091123959,0,0.752848045224294,0.00000000000228639329691305,0.371038943050562,0.0000000489495917133098,-0.0518764508068438,0.0773764635065388,0.872387032486774,0.00000000622193985222452
101.457,35.5202,1.43413287494605,1.42573189749057,-0.633662364537077,0.850563493190422,0.204060814183367,-0.854524700325746,0.967464538046649,-0.373323458290621,-0.278972329448231,-0.152791514179194,0.040676010169951,0.670852770937243,0,-0.705495871334847,0,1.01582607244085,0,-1.03630715352677,0,0.623194865146389,0,0.3546310332508,0.0000667863102901123
98.3358,35.5246,0.392519714907721,0.343438965341347,-0.689398328972264,-0.307693601865798,-0.479469617119661,-0.0249523337606094,0.668324882619255,0.27896472058622,0.414326171564639,-0.703541764138999,0,0.914932755002502,0,-0.901512081748733,0,1.01424381308541,0,-1.26928875903312,0,0.723309484574601,0.0214166100015067,-1.37612791057054,0.492212228614096
102.366,35.5254,2.79176158998321,2.16562166039591,0.0663487505457044,0.63175089936196,0.832481034920025,-0.21217538429054,0.831381863384523,-1.16078852537495,-0.710418877351195,-0.611300230050397,0.00000000000116262555138746,0.735711286245282,0.000000000000000222044604925031,-0.605511568942941,0.0000000000000248689957516035,1.02674492012638,0,-3.50488793876104,0.162079997280748,1.93549529330957,0.201148515064188,0.509890618901171,0.000480846097592913
94.6735,35.5283,-0.586161254999005,-0.528909825226238,-0.721352373040112,0.100008847503705,-1.07486043718623,0.712468809156213,-0.880667257847889,0.416415308808937,-1.17977538212198,-0.884747168073173,0,0.915056759607374,0,-0.951770444379681,0,1.02141585509838,0,-0.942599807360775,0,0.439803392310728,0.0915605472710868,-1.35487522411766,0.343462253178471
80.3691,35.5402,-1.54453639999576,-1.19396423254945,-1.27054763152291,-0.913869959618289,-2.44662294009363,0.0278270208190061,0.320892598619054,1.46113495471282,0.115280097941072,-0.330783682083188,0.00000190708904956871,1.14693931495106,0.0000000138714244535265,-0.944049391277707,0,0.734977226764996,0.000000000231419994278781,0.379705879343056,0.0000000734550213987717,-0.0717764278445672,0.0260006659278578,0.921262418575471,0.0000000033002018895445
96.4822,35.5409,-0.248833783705763,-0.273094562051975,-0.0642652289054186,-0.253902309566261,-0.46510440787846,0.937431777933986,-1.3129058034068,0.0644248339627774,-1.12929048878636,-0.838116893703044,,0.896941941282144,,-0.762602444516499,,1.02262235006134,,867.429680998793,,-338.97573328334,,0.390951503755991,
99.1348,35.5413,-0.0552481520976528,-0.0686486707027063,-0.648980428500334,-0.13189208261596,-0.412376543000008,0.488733564250549,-0.286653661551957,0.134441657631556,-0.974757814288843,-0.645880197767637,0,0.926100829609234,0,-0.878464520536853,0,1.01243774300563,0,-1.30018421592427,0,0.589283407415922,0.000000000011026957125182,-0.0591677267621866,0.838789380478162
101.829,35.5414,1.95103221386736,1.87512040179928,-0.273020555813603,1.55230892111335,0.718529001333332,-1.12065457939884,0.776987242596411,-0.770006730612882,0.166490674539088,-0.514781847519229,0.00000000000470667949059589,0.714404700988509,0,-0.675564624504116,0,1.01754730818705,0,-1.91208896295779,0.0000416178626183594,0.955601614220064,0.00169346551086758,0.39296814741314,0.00478289344647598
71.3652,35.5498,0.541084310734964,0.962607540092161,0.202845017565729,0.846637174365354,1.290751102412,-1.21191098070341,0.64109891246534,-1.79452189125269,1.94241471895993,0.226345763442489,0.00114550856965878,0.723047568816935,0.000000000000000222044604925031,-0.503949880868297,0.000000996718188206458,0.980390999748218,0,-0.672368339673897,0.0000719839962199931,1.13198624329223,0.000157890889451284,0.406438015983747,0.0112354958167897
88.738,35.5504,-0.429685485037231,-0.488745370886892,0.161349074000174,-0.281378611850594,-0.870972328924492,0.705951383553087,-1.11905170627621,0.657314585448331,-0.850925850385364,-0.727297388123688,,0.798912948328683,,,,0.536149353593484,,,,0.107643515497108,,,
72.9109,35.5555,0.192772102636755,0.681938490505458,-0.126780560084252,0.109239488624783,0.778784841047896,-1.86004813407343,0.697389843638798,-1.49988788686668,2.49733447957381,0.179986295217253,0.00116870593853768,0.726317165319635,0,-0.768309722010907,0,0.981376217911684,0,-1.00978926362671,0.00000350034785245867,1.2217666832788,0.000102524307353358,0.437226617379264,0.00650835016399332
83.5239,35.5694,-0.740350805410178,-0.822605667054155,1.04013580491553,-0.905677119580623,-1.14776165228078,1.13540142076318,-1.44139793617046,0.61037660546686,-1.20420097282873,-0.303942817244487,0.0000264612589193636,1.20465785997739,0.0000374920500325615,-0.928977613926166,0,0.761309723926957,0.00000000177810610679785,0.399904499277582,0.0000839277469446564,-0.0465060028402037,0.194384334168677,1.43899165349904,0.0292257189969025
72.2132,35.5734,1.17455238763101,1.48040705275493,-0.450780066983842,-0.0129485234321491,0.754217051742314,-1.75224033638633,0.73764952342692,-1.50983479667845,2.22360677755678,0.161879811423156,0.00858037871999584,0.745613427498402,0.000000000000000222044604925031,-0.716612008010867,0,0.977955199720268,0,-1.10547092040885,0.0000593404397319919,1.37455737022057,0.000341961951848102,0.499630069627319,0.00607163944114775
90.4772,35.5751,-0.51832818825548,-0.521272336524539,-0.595585687235356,-0.127425844937134,-0.924838022583105,1.02125193967817,-1.11223041000333,0.668133526479808,-1.04020522992435,-0.833103289905184,0,0.926298631397242,0,-0.810293380063526,0,1.20820492022027,0,-0.253345584359878,0.0174185954170518,0.134459211120702,0.655962165991193,-3.89609376073349,0.741182407553542
100.913,35.5927,0.523805824126057,0.462581586939514,1.04444269989444,0.281892383314935,1.33766615072162,0.86658045174277,-0.192028143468259,-1.54323753982612,-0.995064167403105,-0.434504820947816,0.000000000568791014288195,0.81915341731069,0,-0.779375712476863,0,1.010786144642,0,-1.34097109615376,0,0.647949116585235,0.000000000000131450406115619,0.272401042659062,0.0464643882342104
81.8539,35.5951,-1.10839205385943,-1.00129327162246,-0.838934576352268,-0.531904267902837,-2.00697482061754,0.00184816469453231,0.0169842474016501,1.40464947412252,0.149449298090777,-0.206138666218968,0.000905118655532666,1.16286716692905,0.00000364355901738556,-0.923958610003178,0,0.778311368804044,0,0.431050448084831,0.0000000780948670175974,-0.0872299593369278,0.0412376699892636,0.942419095077191,0.000000222202461541698
72.0858,35.5954,-0.136926639691613,-0.152011829131696,-1.31488013638124,-0.289059089177638,0.423988459918248,-1.75840815763038,1.47654704805513,-0.614538375950144,1.52839494099811,0.145366525656391,0.0221022729215521,0.752534169682361,0,-0.682679807671234,0.000000000000000222044604925031,0.977040673615815,0,-1.12055933943288,0.000454825046029672,1.48409795939745,0.00114829034329289,0.563629821252129,0.00517890074010507
90.9332,35.5976,-0.984936028703756,-0.956541251936772,-1.17890930980014,-0.0669147887866734,-0.903757316199411,0.978594827332436,-0.626558585427102,0.579307888627819,-1.19707662039277,-0.829229135861101,,0.916164414553739,,,,0.0241778840015573,,,,0.000174179947683664,,,
99.9271,35.598,1.66063820469945,1.59840676148821,0.659189547899966,0.319629738405525,1.19962554253245,0.675344121127545,0.868522648337218,-1.40919629501108,-1.23602143907143,-0.583814968848524,0,0.904954137255968,0,-0.849002976084344,0,1.01155574162653,0,-1.32992490636754,0,0.604934534070532,0.00000000000323119309086906,-0.0311466260875708,0.908860992721833
69.5439,35.6001,0.152618793774813,0.151989368106565,0.815492222906084,-1.10508288969776,0.848472233430167,0.133932991381318,0.38868269558052,-2.14191244849724,1.17032848543704,0.149819067738596,0.133136402188677,0.822344652397877,0,-0.408376107604164,0.000376749574826807,0.974467805713083,0,-1.22993224602193,0.0651706958237643,1.55913083741073,0.0163933483252043,0.627981673767158,0.0260799843284538
73.3235,35.6038,0.338061610686184,0.707733945545453,-0.313372832968372,-0.263968856267769,1.71817440068626,-1.84922187374573,0.761455105627168,-1.18590743890717,2.21486573974667,0.226638631588784,0.0000405301822616888,0.69973682941042,0,-0.773948396205999,0,0.983443042881513,0,-0.95716708106705,0.00000084444968861952,1.17753613862862,0.000101046427093188,0.425254031608367,0.00622981923768218
97.6839,35.6042,-0.0370840811149868,-0.209145970048633,-0.173708872847711,-0.142515509130994,-0.223426758210231,0.856832970838809,-0.933251870046946,-0.0628964326840613,-0.447184539023326,-0.772319980644409,,0.919418229701771,,-0.718465382456559,,1.01943570453976,,400.3528680057,,-176.924213039536,,0.443031373450896,
101.385,35.6047,2.44245041940631,2.23541283411849,-0.423019425041507,0.507537082112191,0.549609969781783,-0.416095780997653,0.656733439989642,-1.03345386880954,0.498822520024201,-0.267175155596241,0.000175092528329701,0.700296085627079,0,-0.719146428182561,0,1.01304156809545,0,-1.20009359580574,0,0.652022485469902,0.000000000000463185045873615,0.358845652787715,0.000592814209258608
94.0771,35.62,-0.477822128447162,-0.517209407875192,-0.602872003483304,-0.241138393555065,-0.985121035985493,0.633451905988911,-1.05646266670907,0.391591817043947,-1.12810536372402,-0.889203769480247,0,0.92651164311455,0,-0.950471376376121,0,1.02280393128681,0,-0.908340353492819,0,0.345505303924493,0.379992179265451,-3.82752943688516,0.567845728793506
76.1349,35.6281,-1.19495897923814,-1.04077461892165,-1.49122632111561,-0.591979720286322,-1.98852150002233,-1.48784974487988,1.55784152180603,0.621172449739871,1.98138839458283,0.513933750103002,,0.405572408364257,,-0.171678760536572,,0.983516129334596,,-0.642371887436834,,-27.5528876764559,,1.30162910504381,
71.6714,35.6282,0.393478370589676,0.545823461700687,0.706473574943554,-0.41190210936955,2.17144724985836,-0.623777083259942,0.487518026942906,-2.57951797632897,1.53572292612824,0.321314255720511,,0.651228537842263,,,,0.982371350714837,,,,1.05358581239683,,,
73.1676,35.6285,-0.727426316173996,-0.69497948885097,-1.24844945903019,-0.151627404749877,0.331065663273453,-1.83580985325173,1.03390159460524,-0.154109738159244,1.55417271233762,0.207463732966187,0.000157757139099157,0.706144747356524,0,-0.762929914398739,0,0.985659864154504,0,-0.925487871548449,0.000000689848607127175,1.1575315252273,0.000075024396073875,0.416608830119898,0.00764702249826232
91.8542,35.6292,-0.545611134778878,-0.533450205857748,-0.206297905932442,-0.00873898679361313,-0.799112341884339,0.713753003928838,-1.15670495683377,0.488794375107309,-0.958115688784773,-0.859809526682648,,0.923999635599615,,,,0.168078674218931,,,,-14.1498962601873,,,
102.547,35.63,1.51613587302704,1.44632994544738,-0.474359751691908,1.21774632025261,0.811640541111352,-0.680963265453193,0.983693913042775,-0.642654616433661,1.34420357924701,-0.658012488582164,0.00000000000257460719410574,0.772073230474037,0.00000000000000244249065417534,-0.603607356120354,0.00000000000067168492989822,1.03153882321097,0,-4.05479598004764,0.292509004642687,2.19651266302684,0.324524842891677,0.501734263169986,0.00148415503879717
78.7548,35.6302,-1.53859896504169,-1.24186067521137,-1.02301232217751,-0.989478334741943,-1.8149194693205,0.301347410800091,0.785983481110013,1.77829253274789,1.04834404623592,-0.32989762059006,0.000010332767951704,1.12350991865051,0.0000000155651320721262,-0.903542447418526,0,0.888432229442416,0,0.441405679304478,0.0000000773897184114247,0.0832981045819317,0.164625045477594,0.837738797154737,0.000000000409730693817778
99.0698,35.6359,0.885177841172285,0.869871839184233,-0.202263788095775,-0.202825540706058,-0.357198846654066,0.266689789172309,0.822199124035852,-0.0120735052801026,-0.457001648524608,-0.672426168233778,0,0.927753772961709,0,-0.869780481092563,0,1.0145353709246,0,-1.32441683896752,0,0.6179662104891,0.00000000000944311295825173,0.0527387089540584,0.831922682931471
70.7896,35.6426,-0.736707771687355,-0.742738597551019,-1.06819003548807,-1.06775015458798,-0.404024649392765,-1.65047134161078,0.318858768847101,0.2273731164987,1.02276823404396,0.189978486314737,0.0131594489749078,0.777297799588815,0,-0.479340607307741,0.00000961061037663136,0.979576608289194,0,-0.708998093696822,0.000607115197730046,1.19352314428654,0.00000103757161951101,0.495809354781978,0.000474816882012563
77.6804,35.6532,-0.857054036899227,-0.844007911886821,0.657841876119666,-1.2638067965314,-2.22517644989108,0.500118293170969,-1.00921331204272,0.686947571218002,-0.586081353051825,0.396813127285562,0.000000000531181321150598,0.378882193581569,0.00000000084729112614923,-1.3642653319779,0.00024523375408303,0.949634823298906,0,0.319594837719616,0.00112138549145402,-0.569327994927698,0.0731300636452079,-0.338256509204559,0.0843354853643992
89.2655,35.6601,-0.26595708031322,-0.345833862247536,-0.375935750868563,-0.345308229918083,-1.12768846084273,0.738204418107566,-0.677324393469248,0.832866970843892,-0.987768666027675,-0.751648539890575,,0.841597643672938,,,,0.224559077992922,,,,0.0247486006420441,,,
95.6777,35.6647,0.516003319285221,0.473804933482464,-0.51738223367953,-0.402616695298213,-0.320640233302934,0.599898641091268,0.799995157639611,0.223865675009455,-0.0993566718960374,-0.859357585422984,0,0.919882356798958,0,-0.962828625175401,0,1.01803312276285,0,-0.998336643723768,0,0.311586159632109,0.236484727540273,-2.289584420166,0.505276600024253
94.2197,35.6651,-1.57885227441754,-1.29306142115341,-2.1160594720188,-0.325401517700793,-0.893338161074036,-1.08902181224755,0.0648734032355278,1.17354051068945,0.882948719802472,-0.888230617967277,0,0.918068801354288,0,-0.945439783909286,0,1.02304264915084,0,-0.936219568567319,0,0.405022951019627,0.329618367238462,-4.31454481193167,0.578980060840023
82.6594,35.6689,-1.03430546567501,-0.982564168554317,-0.514405992580158,-0.491995361961048,-1.67612425967244,0.172052906850695,-0.877992042369389,1.32608845632365,-0.571565825694232,-0.171436482229842,0.0048421398402636,1.17635704505589,0.0000181984845835093,-0.911863032800464,0,0.752821885649548,0.0000000013494501072131,0.343513608387523,0.00000536634130288149,-0.0606364680558561,0.0820988612886253,0.894510391851774,0.000000214581211688269
99.5054,35.6702,1.58920640880439,1.32335607668208,-0.0633842891917034,0.517659475898014,-0.115818271310374,0.287144464897292,0.981504277868101,-0.388127394002263,-0.48220951677699,-0.619718121998003,0,0.913361983099477,0,-0.858963129154401,0,1.01152028107728,0,-1.31478299506647,0,0.585933254238907,0.000000000000509148279093097,-0.0120317878792248,0.963818738600368
89.0428,35.6736,-0.454740213591619,-0.543827598030343,-0.423361436894429,-0.241792527143787,-1.17015019512336,0.883855427094906,-1.24984312360664,0.771896086498126,-0.966166112839484,-0.752991974246295,,0.836564941598941,,,,0.228465485401175,,,,0.0281612562242282,,,
70.2762,35.6848,-1.18150205718877,-1.06670235497507,-1.51724278428553,-0.987435427333153,-0.806323118662598,-2.06312960156553,0.306799949932851,0.306486896269392,0.47645948279957,0.149064107883839,0.0647791080697473,0.809928231531386,0,-0.498574740370026,0.00000146791102850763,0.975135259997601,0,-0.997439905576917,0.00481407856693372,1.37054376863742,0.000082338924922265,0.568980546784805,0.000501699302193348
83.8103,35.6919,-0.769291693909173,-0.856666589342704,1.17643391822076,-0.87566980964173,-1.24342756154135,1.20273636769393,-1.28374116291662,0.636408743083797,-1.20610210255614,-0.291543600847886,0.0000635381517801736,1.22388841464236,0.000230249945588401,-0.93685287669131,0,0.716455596223319,0.0000832877245142694,0.262643033150519,0.000342025421826708,-0.0266510811519814,0.295102973602823,1.01931608924504,0.00029038135279813
102.211,35.6925,2.15915621784379,1.73117846514146,0.281152591150669,0.442714945322249,1.11833405280305,0.32301092151452,0.750925333447666,-1.50526087264297,-0.495941342827384,-0.568484175934542,0.00000000000412203604582828,0.719787592284084,0,-0.650838251613829,0.000000000000000222044604925031,1.01726579192096,0,-1.9091370666645,0.000323879398410831,0.941933371414836,0.00437572063395697,0.384594855067817,0.01075958691021
89.693,35.6967,-0.767905803299955,-0.73479935499603,-0.312931477338073,-0.183127902785308,-1.38670165432825,0.398466741410946,-0.787021389718909,0.943647179507268,-0.700636768664216,-0.769468960107928,,0.860532011256601,,,,0.0459513027766617,,,,0.00572612391353064,,,
71.8052,35.701,-0.0670018605770942,0.255971575980132,0.863227166499776,-0.256504530331152,2.91879615141014,-0.141444481609519,0.627002312749398,-2.36921055644165,2.139936290212,0.229816388200122,0.000261192477247763,0.692528256351614,0.000000000000000666133814775094,-0.582856640880915,0.00000000110127307273444,0.979758656122175,0,-0.699736376823959,0.000035416234667851,1.21988391402347,0.000330666343768549,0.416506682580286,0.0135669218019867
79.4387,35.7106,-1.00708511241054,-0.965691529569124,1.06910208375537,-0.998886492378254,-1.38936196733871,0.388578992225287,-1.3398035323338,1.1031844335068,0.858803494045229,-0.334911401875176,0.0000172414819725741,1.13271219531089,0.000000592084477668564,-0.940221633552473,0,0.805410166114895,0,0.408123548704759,0.0000000162085558308434,-0.0237680237101104,0.524956912618105,0.8343330108614,0.0000000348268063277146
90.1304,35.7108,-0.744154882521375,-0.720073509276545,-1.15730129268747,-0.103898307687456,-1.09629679138477,0.666700473141562,-0.836853242410728,0.591670226109112,-0.97914400172071,-0.815257262921248,0,0.91586354810592,0,-0.808637075966312,0,1.33814745613455,0.00000162715708551531,-0.128151787088311,0.0401611429794322,-0.0395974540977002,0.435846950303322,0.215429917489559,0.495984947004028
86.2737,35.717,-0.568221884180148,-0.628636041356599,0.480336707321253,-0.56608750841545,-1.12014323604473,1.07888583382466,-1.33723504344574,0.766606730846175,-1.10676173224156,,,,,,,0.0132110038209761,,,,,,,
70.5087,35.7179,-1.4685952838768,-1.31790996780016,-1.90141311344779,-1.01941350473057,-1.14134367269696,-1.25775616784304,0.697908037184225,0.883091461674215,0.591482670138003,0.18537136314286,0.0199204336908805,0.79280646148766,0,-0.493353376105101,0.00000484860468508153,0.978261264966492,0,-0.768193528496353,0.00103258252959448,1.20036694062007,0.00000297794925541162,0.505854443058819,0.000544909265363325
69.5254,35.7184,-0.307841906920834,-0.297636938621837,-0.0334953387261986,-0.982527963632309,1.34467346467313,-0.956648174908237,0.408841045858819,-0.881799614813228,0.948821691890939,0.155299335837101,0.102210295948487,0.816510104989138,0,-0.420654963808681,0.000273830599321956,0.974542737700081,0,-1.09934871470361,0.0366447500148388,1.40122829744363,0.00325429823659595,0.558399652004399,0.0168592220138055
92.1252,35.7207,-0.42613223525335,-0.40348344362859,-0.364512590365628,-0.0264446516992255,-0.901145367924334,0.848601686371453,-1.24917670486068,0.527065948392844,-0.87588210918033,-0.865594126453162,,0.913538176899713,,,,0.187193679213665,,,,-17.8210486666837,,,
96.2701,35.7213,0.0757391678836792,0.140050489197436,-0.5296115497612,-0.376476316260226,-0.706156668524119,0.65746311530864,-0.30602402512316,0.0547089978250331,-0.78726230908008,-0.842605704920045,,0.90795917166447,,-0.763962773183756,,1.02543640723876,,1434.45077212695,,-571.576682720536,,0.398494140857349,
85.9017,35.725,-0.900347644048393,-0.882822428576049,-0.0113586885105636,-0.467856731938372,-1.34991374345432,0.993828413819729,-1.05913865395422,0.943558867254079,-1.07463963360355,,,,,,,1.14211730410655,,,,,,,
73.351,35.7292,0.762717739309854,1.12433351824181,0.323530402300243,0.0920841148734325,0.699137389349301,-1.24318292040092,0.77322794725705,-2.12407992290685,2.47566094877488,0.216910396516903,0.0000621708995491854,0.697391911989651,0,-0.774503648467876,0,0.983878076737936,0,-0.996348840548475,0.00000286869016297153,1.19449702111623,0.00024351935040845,0.430322088336399,0.00798408498774394
84.7699,35.7311,-0.797317170770209,-0.863417285968027,0.723268654006957,-0.816763595234121,-1.1265211804719,1.07799252330836,-1.44594691783923,0.683113186516469,-1.21606942099468,,,,,,,0.0743805761592327,,,,,,,
89.2865,35.7349,0.110944510836652,-0.00674626321158027,-0.208856302039465,-0.352241826034631,-1.10758654627142,0.760759268844157,0.471784197296756,0.692457762425825,-0.794359987204548,-0.760825475948132,,0.83475457267057,,,,0.166013997202018,,,,0.0227085493079219,,,
102.042,35.7356,0.849024305964109,0.932335273712287,0.427639377847505,0.802240959350181,1.5640550231085,0.785986486477718,0.615531636505843,-2.43608429438299,1.16355805054635,-0.570731488961716,0.00000000000146727074934461,0.714501265962567,0,-0.657710279349381,0,1.0170764580789,0,-1.95099714632842,0.000254664025811646,0.949124472622414,0.00406825485143947,0.374613334559343,0.0111385044841199
101.229,35.7385,2.2261810089904,1.73148846465066,-0.0574375347806567,0.141171245077072,0.900476012826638,0.465651342515234,1.30330587242315,-1.32932347145888,-0.91897003361109,-0.393688951126366,0.0000000644320754528138,0.794858881527513,0,-0.763376753527069,0,1.00958586897947,0,-1.35887286226165,0,0.684641422281574,0.00000000000515365528030998,0.305967532403104,0.0170412504829773
97.1058,35.739,0.0900834668427303,0.0316445803527966,-0.266062776281625,-0.0265962890348403,-0.772916745502478,0.645930941744842,-1.05002396276055,0.324192369660587,-0.227665065618427,-0.780914426704898,0,0.914851211358279,0,-0.942967247416193,0,1.01714831861799,0,-1.07348530437642,0,0.192256051694599,0.601898749612271,-11.5473915141993,0.832492101662835
97.018,35.7444,0.00401866531089205,-0.0306212975573439,-0.13687316725161,0.00396981073839493,-0.618272189149122,0.686760366223355,-1.27382890713591,0.300527738501411,-0.424242374370869,-0.787076364989592,0,0.914724641923962,0,-0.945775148524604,0,1.01711773460273,0,-1.06637469889568,0,0.174533705477438,0.646692474254681,-15.8063622615611,0.871498919798867
97.2041,35.7502,-0.60437491542319,-0.461677034317457,-1.30758653790196,-0.07450240599103,-0.87032420585438,0.179368033575749,0.312592620584285,0.634978853164695,0.115198833579932,-0.802217802811223,,0.903762902149149,,-0.736873540802774,,1.02063632983217,,1192.5155632832,,-521.69964968573,,0.437679196964199,
72.2773,35.7538,-1.61343001821137,-1.34323731667559,-2.14057364450054,-0.252033370909988,-0.753467868839955,-1.20662510607165,1.18758705678786,0.460861157211024,1.56101117864385,0.11776137077115,0.0492282216224784,0.754698234990712,0.000000000000000444089209850063,-0.760563802246563,0,0.976693827313692,0,-1.21146902900647,0.0000852194057734401,1.44935355267636,0.000485152278438816,0.527084221291266,0.0036413013009795
94.5425,35.7603,0.282297756028482,0.16781197846091,-0.223691609103191,-0.530352034197699,-0.365688828822892,0.618055163434331,-0.235432235295223,0.0370244471058363,0.511677154588842,-0.889081060184104,0,0.916669864188165,0,-0.95784471682775,0,1.02245423986592,0,-0.925654157072244,0,0.511778755285332,0.341030143789143,-3.76790876506368,0.573962337360679
71.444,35.7671,-1.06894924683336,-1.0178074989353,-1.18156719587933,0.370374230188238,0.0211190341350865,-1.48306721956401,1.47464308462094,0.0865507017227108,1.23225667942201,0.272743823322214,0.0000429944745918842,0.695952295439424,0,-0.47898592538943,0.000018311696701856,0.980386294834028,0,-0.548624909756621,0.000290795496838303,1.189258135159,0.00105214367568718,0.370930869999653,0.0192531895801991
84.3512,35.7806,-0.751113045507639,-0.831997594890845,1.1306641829521,-0.865292462210776,-1.22888817381935,1.02556611412713,-1.47852995072606,0.667794438423784,-1.17951815165373,,,,,,,0.0829650375735369,,,,,,,
73.1253,35.7827,-0.778952191429938,-0.685794818742224,-1.01793561998235,0.196593949546284,-0.476898137446074,-0.96818138774272,1.17080015708657,-0.250850864572981,1.40555824606864,0.22269223822802,0.000083424147876654,0.713519638595397,0,-0.762275682555469,0,0.985198492207052,0,-0.923256830265387,0.000000712334121688585,1.18451115303212,0.0000655217025511412,0.430482538095687,0.00652674319470181
86.3451,35.794,-0.392932446786769,-0.449608731419051,0.418841814210217,-0.63584923370393,-1.07631569855608,0.948032243860822,-1.24641206865674,0.790955639061291,-0.783669142986273,,,,,,,1.08534390767091,,,,,,,
79.8979,35.8008,-1.69073226337747,-1.33095560803149,-1.8737597295027,-0.639377848634817,-2.3670360843205,-0.492515113003648,1.31511225925786,1.60705338151156,0.666627195463683,,,,,,,0.96414705726379,,,,,,,
82.2647,35.8018,-0.856749140272439,-0.864033801994323,1.26395973381496,-0.54133234911593,-1.5088038392762,0.885399725515347,-1.48461261326665,0.522506608095419,-0.618752821024116,,,,,,,0.955943087615588,,,,,,,
96.1236,35.8134,0.0953809790251884,-0.0349771551065583,-0.104409464091495,-0.373446004062401,-0.729146052459359,0.958951217345071,-1.03587301853271,0.0454335591810782,-0.76231621818597,-0.843818371588466,0,0.92412157232585,0,-0.960769831720009,0,1.01922976921667,0,-0.960093197387091,0.00000000000000688338275267597,-0.164164920343995,0.782402376626524,-11.3883550439474,0.839299991186832
92.8112,35.818,-0.865494495503561,-0.823296264014234,-0.723749059137889,-0.240239962655307,-0.76117055383877,0.732718652946933,-0.670397969919926,0.108313517161662,-0.711148673094162,-0.882569190385255,,0.927988031469719,,,,1.1186704795781,,,,176.836542286153,,,
100.839,35.8184,1.36944290512482,1.26742678446234,0.570063128738359,0.0830615815211469,1.43054168707391,1.05903406826737,0.546717339226504,-1.63762495069361,-1.17464297006588,-0.5024176975854,0.000000000000671018796083445,0.852669492714649,0,-0.808720868366439,0,1.00829142096049,0,-1.43127890492642,0,0.698413096475356,0.00000000000119060317160802,0.287363669365992,0.0550397897483201
70.411,35.8189,-0.685330918420346,-0.609250349191132,-0.0198994721462639,-0.925146966081919,-1.13892421006645,-0.773746521203025,0.33896960154363,-0.671064632346662,2.04843105264512,0.185924603444548,0.022484709981812,0.799922598898797,0,-0.496818149737151,0.00000322714362677168,0.97836037214336,0,-0.78716751233991,0.00109997913085502,1.23253612353889,0.00000406870950531157,0.522845828930239,0.000549677324641396
96.8696,35.8238,-0.774104393850847,-0.619154400480602,-1.09296366625763,-0.0728188952448105,-0.729173014200959,0.00929646794453915,-0.430186887739698,0.838586248648638,0.218567070740206,-0.842191312657265,,0.891733059597403,,-0.767999476134639,,1.02236769616198,,1227.83478218855,,-538.244933607243,,0.438532259325447,
90.2441,35.8255,-0.662704806268891,-0.70084351168857,-0.286019498431688,-0.211122580881486,-1.23498499878987,0.858659322417599,-1.24699541145853,0.764577439273961,-0.756294718547735,-0.839115072879696,0,0.909280534337001,0,-0.8157007841144,0,1.25913753729014,0.00000000000101985087042067,-0.162220698093606,0.0108814818170904,-0.0390355284613614,0.549693972740142,0.219252007112878,0.51652966626708
94.0011,35.8359,0.516192590429837,0.238121459654826,0.751867077518504,-0.478144731623958,-0.237329560756013,0.993984288310847,-0.696761038306607,-0.623539963161262,-0.645287591057979,-0.885160750686716,0,0.925670999400518,0,-0.957201817447373,0,1.024855571129,0,-0.85226150185574,0,0.270653245927966,0.400903042170085,-2.41474194362699,0.485308959057054
100.169,35.8369,1.58098113818274,1.45829912842285,0.537547620855285,-0.154070235753014,1.34977351128317,0.998030694710669,0.591005872620824,-1.65235334466073,-1.24789874364279,-0.527045845110511,0.000000000000000888178419700125,0.894267323048783,0,-0.837487670283083,0,1.00882862298846,0,-1.32944756868662,0,0.569448793500439,0.0000000000340287797939709,-0.0410179935827299,0.881007706633653
100.464,35.8398,-0.742889583731351,-0.730965026463438,1.39122293841039,-0.163639708582051,1.85408150761547,1.12151426053628,-0.9664271001666,-2.32842397534975,-0.677776438864516,-0.480058565071376,0.00000000000101629815674187,0.864193475624444,0,-0.81796200955113,0,1.00929987858421,0,-1.2961530170963,0,0.593260763778321,0.0000000000000306421554796543,0.153015234942348,0.411490274850908
96.9528,35.8404,-0.806635225281452,-0.711192718507693,-1.52557841862054,-0.0335785447325223,-0.803140698470884,-0.31027484078811,0.233553977305603,0.754087158893447,0.303542503883422,-0.841121513895178,,0.888281338260919,,-0.769018762180351,,1.02219473070504,,702.946817672792,,-315.725906146215,,0.44939023862595,
96.6914,35.8408,-0.420953158220111,-0.47255363747783,0.177774912321784,-0.299310404030181,-0.426806652574922,0.850123247640886,-1.27474394000726,-0.116687844022231,0.489139512360762,-0.819823933905634,0,0.910708422377377,0,-0.947604130047908,0,1.01857118360339,0,-1.08632375969696,0,0.227113248864868,0.382869711678214,-6.99800453407413,0.71343709410001
82.6377,35.8435,-0.77005126363631,-0.813594507217797,-0.194970643130686,-0.488503470292089,-1.79870954495022,0.566141260784857,-1.06462690168841,1.0025272647396,-0.937120949968554,,,,,,,0.945855744549822,,,,,,,
80.0379,35.8462,-1.02944064951798,-0.982330980195035,-0.458750989406356,-0.449410580240375,-1.67786931514715,0.424392240884828,-0.566715654139214,0.789117101135722,1.70869465455462,-0.334300539735829,0.0000385972683487612,1.13020507288612,0.00000252163870184674,-0.932611099105034,0,0.749342934973377,0.0000000000301252356393888,0.407048398343315,0.000000468328563707487,-0.0893060270706539,0.0322627757490226,0.892238492181948,0.0000002644957242115
101.838,35.847,2.05073574938354,1.72417070744294,-0.0394733709937468,0.459277432154954,1.00609924077584,-0.128993446582162,0.88935319394816,-0.785355407966521,0.242029612612502,-0.456506997944443,0.000000000793026755374626,0.717596547731891,0,-0.692654843945883,0,1.01235838185222,0,-1.48774256828667,0.00000000245706277546276,0.713492126354506,0.00000491186972007007,0.31623911904479,0.0126722009894731
80.4426,35.8528,-1.61694810893129,-1.34567809369019,-2.29697707563969,-0.520245774070529,-2.29685896932243,-1.21224777968806,1.28342069000969,1.58562597170344,0.96219832619786,-0.335593790679471,0.000010662226024305,1.10873665315565,0.0000000209596782152488,-0.934214312605066,0,0.750675841591414,0.00000000000308375547319883,0.456884012994374,0.000000447351341303914,-0.138902038796621,0.0099411140447363,0.942854520398898,0.00000000602838579055742
100.09,35.8599,2.17222391836617,1.85300270284239,0.123156788098986,-0.11526185640634,1.15683921276517,0.64073389034796,1.32354483251669,-1.63306923451148,-1.24109681632147,-0.576530677244015,0,0.899586730438622,0,-0.842781226596729,0,1.00982435970406,0,-1.32775199541803,0,0.527987613294752,0.00000000106453756920644,-0.135906924685223,0.663452633534602
94.5627,35.8652,-0.519744270567108,-0.545144020955989,1.03622001361915,-0.754880366767751,0.010012170301114,1.1090775573727,-1.09555338141853,-0.900497151803729,-0.0384537919497158,-0.891325704723526,0,0.91784778949511,0,-0.96281890887918,0,1.02256415119648,0,-0.908499046178975,0,0.436497384009794,0.284142044184039,-3.07084180003126,0.495024146649042
88.9513,35.8666,-0.337490984604409,-0.411155031793032,-0.135947500606596,-0.240761424447208,-1.1999657032957,1.01990820927477,-1.32113833043097,0.645452825200722,-1.095223690978,-0.79228360975845,,0.821645518743991,,,,0.0295650794885822,,,,0.00416063987333225,,,
99.0781,35.8705,0.0860967335443756,-0.0894308075392005,0.138189778055212,-0.134888412901757,-0.384429755683728,0.735119335187532,-0.667637790689076,-0.0742079760257768,-0.349868996816981,-0.674862859627897,0,0.930838773970249,0,-0.873105902154943,0,1.01461587168372,0,-1.31176275314221,0,0.593579460704706,0.0000000000000452970994047064,0.172103931674638,0.346793799169609
72.6985,35.8717,-1.57188773664574,-1.31077188600165,-1.63277923392258,-0.108937432983948,-1.16311238698394,-1.00336573191644,0.836218840514315,0.373476086999499,0.867682034838619,0.169429678154339,0.00298028202507705,0.748765556708687,0,-0.776415460891859,0,0.980259484693164,0,-1.04728869202793,0.00000338139012545646,1.2634315303091,0.000109021819918675,0.452012988961417,0.00882700682864712
90.0762,35.8849,-0.531201289243862,-0.49458541280938,-0.731344336658765,-0.192990347851039,-1.37036531435317,0.397253242943099,-0.5684299138367,0.937039654481316,-0.983309493181924,-0.838506074360355,0,0.905256007106489,0,-0.802346438016448,0,1.5541168943225,0.024129727754302,-0.0820342639833043,0.187986314793801,-0.0450864269650292,0.327829716940394,0.380930221533424,0.0819644292647388
96.7434,35.8913,-0.0642508131189387,-0.10218438827127,-0.889583975206075,-0.311371806933308,-0.459172904250775,0.0775005843900672,0.550983650073655,0.327822720761995,0.885300734314331,-0.815434633599845,0,0.915248486221659,0,-0.946947378554986,0,1.01815808734417,0,-1.10891071207322,0,0.326058255694902,0.0932675311179885,-2.38679269538131,0.475929250464512
100.693,35.8916,0.984485277919245,0.986027068096668,0.834237104523142,-0.0962812903883506,1.81181631442047,1.05474399948553,0.633724928556934,-1.75124653998585,-0.916823814543705,-0.50534334173864,0.000000000000293765012315816,0.873143642738097,0,-0.823729231038561,0,1.00767389619005,0,-1.4000233764122,0,0.660170210805544,0.00000000000815991718638998,0.134401304816936,0.536792962474232
85.188,35.9,-0.818455045447662,-0.854917653804415,0.891974149990283,-0.690696811833615,-1.35715736520115,1.08002056966273,-1.50646206866073,0.721927111531691,-1.0870652085233,,,,,,,0.0817311921692535,,,,,,,
93.0858,35.9053,-1.02786399802328,-0.966060162635133,-1.33053384348716,-0.230862047820222,-1.10033991394513,0.296376453885606,-0.643170149297775,0.789082376255577,-0.227856677014997,-0.875486204859697,,0.934110464354017,,,,1.12046947080412,,,,0.0723745513211562,,,
98.5357,35.9148,0.432757017196421,0.346543917238063,-0.238144554440106,-0.323828101073833,-0.232940710689571,-0.0443439915844506,0.432981141526891,0.0373663194256502,-0.477856964328978,-0.693878995400475,0,0.936476276098895,0,-0.885411448804789,0,1.01449492773187,0,-1.2930722765668,0,0.647113336461671,0.00000000631769170311713,0.0469866903155692,0.857833789002234
90.8836,35.9149,-0.675544228011674,-0.655813993909859,-0.485549724264653,-0.0924408684477865,-1.40296457507274,0.961536534988656,-1.06239047150488,0.610109702103735,-1.00739240726534,-0.877955575368383,0,0.911209629715059,0,-0.837388938984522,0,1.13926392558379,0,-0.330531009162047,0.000658512260893529,0.197636217829734,0.561029056988748,-1.73614080355539,0.596845709959764
91.1806,35.9158,-0.470561584914897,-0.423621970822573,-0.669088808554953,-0.0163062467342968,-1.16878944747471,0.818232494912546,-0.862889055145714,0.581062870295851,-0.535816632406262,-0.892627434508524,0,0.908311084788083,0,-0.833723381855289,0,1.12521130736697,0,-0.382983083167011,0.0226304367988899,0.519502793666817,0.576693076671902,-4.01736910087723,0.723307429197492
97.097,35.917,0.42075798866856,0.355843503278174,-0.438080671948003,-0.214345920897186,-0.350168816476743,0.535275318270142,0.338496689386644,-0.0261877250752668,0.214328908465935,-0.790842537474806,0,0.92015813349428,0,-0.935605710175561,0,1.01749770517428,0,-1.13962580310565,0,0.37778632395626,0.11240590737316,-2.42561507522601,0.556342793880292
87.7227,35.9241,-0.690373350070009,-0.735273308204571,0.079513162289988,-0.508483094003206,-1.1806879448697,1.07649325423739,-1.36100899559964,0.573717017814736,-1.08616408343288,-0.727638005471806,,0.611036070040099,,,,0.168296532665205,,,,-0.0743670022600223,,,
87.3276,35.9273,-0.702209189295125,-0.767320301799744,0.120214827236976,-0.619395039381573,-1.09513429388862,1.14016591352035,-1.37544504529937,0.558347398631459,-1.09404927078323,-0.701853912635972,,0.631813811960261,,,,0.015927075062037,,,,0.00177881870954148,,,
83.6648,35.929,-0.794875010816366,-0.834272588949833,1.02931703099496,-0.794707208946835,-1.75239402030802,1.03735246750185,-1.47891129484358,0.822497325792692,-1.18614461195509,-0.281730445947663,0.000246439284981914,1.19805358249577,0.000412825884270163,-0.916971019495329,0,0.707053028685828,0.0000219294545080739,0.295016571648759,0.0000646260809731292,-0.0426486617921952,0.151678580218147,1.03205963664817,0.000250562364201956
74.6114,35.9361,-0.48007812089043,-0.211161341904796,-0.925488022536682,-0.298669694221522,1.2366659828499,-1.86094976615891,1.06187840459099,-0.193620242412206,1.89558814989125,0.267146865947084,0.000000588826772673912,0.636865831528767,0.000000000000231814567541733,-0.850191741736041,0,0.99000342233297,0,-1.30730322306112,0.00798192430308542,1.39638193801322,0.0453333865919563,0.487126308569826,0.0541632710822313
94.9115,35.9379,-0.565573379091237,-0.644681709665895,0.404120287410331,-0.779027392894357,0.522729658091161,0.850889335298287,-1.040863209503,-0.337785441153191,1.08469691852815,-0.890563719151129,0,0.919753634096952,0,-0.966766172166767,0,1.02154325781596,0,-0.900964071222683,0,0.369333996824862,0.398360272898644,-3.54520285582715,0.583552522998904
100.895,35.9387,0.612323235728294,0.488557364841757,0.720335227801074,-0.0907620620518996,1.74917886016548,0.981807449588222,-0.00324755212205646,-2.20886541280518,-0.546207692427731,-0.477135153249021,0.0000000000214028794687238,0.844811328744009,0,-0.795248443887262,0,1.00840076699707,0,-1.38882062756751,0,0.684874366788932,0.000000000000910160835587703,0.27553338181192,0.0671130898428085
70.7549,35.9393,-0.923289759366529,-0.846020623808618,-0.521330169553908,-0.92603456040984,-0.172406267418237,-1.12396787577081,1.02867951221985,-0.00880488571013512,2.30032823797235,0.202814078680732,0.00522761424595442,0.746954624788665,0,-0.494857502088219,0.00000384217076887516,0.979590899114978,0,-0.706203840999536,0.000419841325369319,1.19947591586626,0.0000154631689195384,0.478180214693452,0.0016615123536714
71.4648,35.9415,-0.741344915685883,-0.677983985109042,-0.435114052279907,-0.194692115056247,-0.00665750407526505,-1.41721866630711,0.375691417684946,-0.3077007937096,1.45300320384766,0.267205198177232,0.000037401436065343,0.680452418722038,0.000000000000000222044604925031,-0.495850265235077,0.00000939622242590588,0.980559576990674,0,-0.539170252979561,0.000268763557096596,1.19341936553748,0.00183940859528353,0.353031215450941,0.0278584145762097
85.4357,35.9416,-0.845709885917477,-0.864500870004519,0.820314037465114,-0.658235118001531,-1.30513943660138,1.05280055289627,-1.40993813623998,0.678056307917967,-1.26591511917878,,,,,,,1.28843006113086,,,,,,,
82.4482,35.9427,-0.747888028528929,-0.815757783029981,1.2525657061708,-0.647965960628383,-1.32526755345676,1.09508054322001,-1.49178262229131,0.429829260170157,-0.733936324415835,,,,,,,0.952777098192302,,,,,,,
84.9642,35.9527,-0.8243363382978,-0.861572893799903,0.712565089627493,-0.721372838158434,-1.34381523369515,0.902169141080434,-1.53105293077975,0.815149009712273,-1.03415121021137,,,,,,,0.124922298851209,,,,,,,
91.5237,35.9563,-0.356208915433829,-0.350695180691243,-0.518819990725811,-0.0244859800192406,-1.35303095524684,0.993961083513644,-0.797667738160602,0.316438453252457,-0.777756800637936,-0.890188291900884,,0.920775613761354,,,,0.0338779508835246,,,,0.00123379125531709,,,
73.1298,35.9628,-0.674114700743066,-0.502532296645634,-0.986520316055206,0.0716382890847264,-0.843972796219273,-1.09106662622878,1.4638317525754,-0.254181654976089,1.54785880477595,0.216614194266357,0.000116429383685279,0.71661462340007,0,-0.775750402872673,0,0.984603008787192,0,-0.978875399231709,0.00000357718155430398,1.2362421784449,0.000161739120245308,0.45264832788272,0.00739664796340334
99.9913,35.9653,1.73843393090801,1.56361325329582,0.422458023022495,-0.127210946405468,1.28545840167696,0.511250968840115,0.940988517394979,-1.37786728468656,-0.826824405283584,-0.587966565873482,0,0.908278713894493,0,-0.850812964518715,0,1.0095049436531,0,-1.31928921184206,0,0.540318279143395,0.000000000133827171566736,-0.130243343449757,0.674596434955669
82.9612,35.9679,-0.883099767183986,-0.893991035278469,0.860328992390047,-0.719864995333593,-1.73566093263378,0.837220653883482,-1.32171297599739,0.785081510486819,-1.03902514691352,-0.24872499540978,0.000442965099550552,1.15227572024141,0.0000103148331720426,-0.897388556817448,0,0.678317132419528,0.0020609715617268,0.230593159458345,0.0006347791499417,-0.036265191550034,0.206357637852763,0.853595976579575,0.000000149327269882704
91.8764,35.9686,-0.503036261505272,-0.431841630204374,-0.434850738046343,0.0414317134749434,-0.927742595730422,0.740100318494434,-1.05288104929811,0.537713961151048,-0.469923683624396,-0.887527155215685,,0.906772515012825,,,,0.0169636282852393,,,,0.0000902369653090693,,,
96.3488,35.9692,-0.509826002013401,-0.441848501745466,-0.647390101090401,-0.47914055554773,-0.103855314910822,0.269971799232908,-0.51386699212884,0.180724925948443,0.876781298709209,-0.843234285804248,0,0.922114196214023,0,-0.950326198052431,0,1.01950051195248,0,-1.071239921208,0,0.258523432710032,0.0353030907604654,-0.550611886616596,0.451919688072024
102.152,35.9702,1.62809488860051,1.53313447209392,0.442544044416537,-0.0104426051131573,2.19573022773402,0.903146299745679,0.701385126852832,-2.03407192771119,-0.746613625082146,-0.551966181859343,0.0000000000286655144066117,0.749108698474237,0,-0.659286550343371,0.000000000000000222044604925031,1.01503964487111,0,-1.77775825107014,0.0000512647811634626,0.850418663384492,0.00112582472815559,0.330673846443916,0.028477203200467
79.2199,35.972,-1.02330014086056,-0.967939475333374,1.14268591956227,-0.736212566688178,-1.55396155834457,0.656827203154472,-0.981474209617688,0.28579357787366,1.2169680132751,-0.33444908006224,0.0000330055973172261,1.12740742605327,0.000000706026312746744,-0.896038869763011,0,0.84316901050392,0,0.469325620725249,0.0000000104727042593566,-0.0167885037920459,0.733698756565327,0.837555886320526,0.0000000192121558661995
72.1169,35.9771,-0.570573207924894,-0.305252521310301,0.0855409183775246,-0.778088081923952,0.188852473288891,-1.26149103918225,0.479007588627828,-0.996509755150237,2.16203660585887,0.123243717443208,0.0333621758546463,0.745727331097894,0.00000000000000177635683940025,-0.767134892206022,0,0.976610029254961,0,-1.2367180240065,0.000089626180399982,1.45612348932208,0.000592515208985178,0.523676533140362,0.00332231386660142
86.8013,35.9842,-1.0818111251717,-1.14245966532134,-0.233823879991943,-0.542233942690984,-1.05038900991505,0.654466285551102,-0.56653889968222,0.454229593456209,-1.26677797431714,,,,,,,0.0796877391175132,,,,,,,
91.1529,35.9918,-0.577538512497699,-0.57781746332541,-0.0766077626886882,-0.0740345700134763,-1.43871308156224,1.02270000290951,-1.05065495845135,0.52251307304011,-1.20913565082883,-0.898954048200951,0,0.910540497093208,0,-0.836350586119899,0,1.12485033411981,0,-0.370678518051603,0.0104075267158743,0.452381181493869,0.582732244215102,-2.96677338840801,0.69002721510411
95.1151,35.9978,-0.620396505422497,-0.585774799265754,-0.206634013688915,-0.700612475019344,-0.403924925144033,0.254079778689642,-0.556581632402882,0.413302883626668,0.472775934535416,-0.884454257054351,0,0.919555323663349,0,-0.967217572128452,0,1.02177948618346,0,-0.896713181575094,0,0.238067748862597,0.218851338497295,-1.2863588957938,0.361411737416343
85.3557,36.0019,-0.810717802519426,-0.85064452529576,0.945500959047748,-0.672042230420348,-1.33378085830107,0.838493203126895,-1.31159857684874,0.742221469925159,-0.956467130858903,,,,,,,0.127567093436054,,,,,,,
83.673,36.0032,-0.76712939729056,-0.81041825076374,0.333522435287939,-0.817630451137435,-1.90398681718118,1.0848968758435,-1.4312601988826,0.887825065527453,-1.19699913326498,-0.271519442844143,0.000439735157026888,1.20354063493593,0.00080742710859294,-0.915665677601374,0,0.715689874729032,0.00000393931327624664,0.311219146777607,0.0000328645730702792,-0.0388355428628065,0.197266066330711,1.02876513343062,0.000407284923028994
72.7547,36.0113,-0.674515228273103,-0.457440076573549,-0.218652380365221,-0.293651720430183,-0.82828663216806,-1.30297581151165,0.510557794628887,-0.420446454181997,1.71824397821297,0.180364855713685,0.00144508523673914,0.747095986918404,0,-0.780720512053244,0,0.981213609476601,0,-1.00958170663661,0.00000069020803716846,1.21809980671755,0.0000557861126113668,0.428029360369248,0.0109246819990145
83.0027,36.0118,-0.899992394288778,-0.919646084870865,0.938172865806039,-0.74081954103862,-1.71195053150406,0.905511083465297,-1.40236673248711,0.761204502303455,-1.03783910229101,-0.279444429731662,0.000208612904060379,1.12282047382196,0.00000195618918219509,-0.888945227145496,0,0.685548695727431,0.000500981861970562,0.242068445945707,0.000363554480073081,-0.0338137687805986,0.303589120417514,0.881863991723111,0.0000000608866257412188
72.6595,36.0171,-1.20866843329338,-1.10103200327797,-0.99693077034025,-0.381790212791405,-0.571284929523461,-2.30919356891902,0.919830172679693,0.245037411681906,1.56076664312812,0.176776982972207,0.00190350209414181,0.748566680297521,0,-0.78188517785675,0,0.980877355664392,0,-1.0326641967333,0.00000106764283192007,1.22829870048405,0.0000711059367455302,0.431027064007808,0.0110308671592385
99.5182,36.0194,0.084436169075971,0.202970844460625,-0.597211638049628,0.677706395818361,-0.438154460731063,0.0975660474914877,0.72225467656672,0.039170703843335,-0.421491923857316,-0.622618480169726,0,0.917623511955239,0,-0.855408088559669,0,1.01222413521201,0,-1.31362447136016,0,0.556363022873465,0.00000000000000577315972805081,0.124025927721958,0.51597287651239
72.6435,36.0261,-0.755954221652018,-0.599881657746362,-0.265123738004206,-0.411747884884594,-0.484277191845146,-1.43299920006216,0.694789037024833,-0.462226243237235,1.63470803470274,0.177125575564967,0.0018333661924832,0.744746682855027,0,-0.779362438574982,0,0.980949216386338,0,-1.03958311967198,0.00000192966573719922,1.24193080855177,0.0001163021687689,0.438272422410139,0.0115464532941729
101.564,36.03,1.34531505268007,1.23007943217452,0.46618096432315,0.0109405627068339,1.60536025659777,0.90113784164935,0.702738504462968,-2.0445290452227,-0.330094615654908,-0.225029503462315,0.00393040956222546,0.721996865535486,0,-0.725689371792011,0,1.01071565741548,0,-1.12373072697766,0,0.602782066728099,0.00000000000000421884749357559,0.2848824409645,0.00560305213323753
82.904,36.0398,-0.927962909651321,-0.942539811031734,0.980185463554346,-0.769700372075323,-1.62006779734683,0.876901238025957,-1.41052492217247,0.806662370259124,-0.793781296951634,-0.212681436062028,0.00171300763739213,1.15407897364059,0.0000134990080278286,-0.903166315397003,0,0.739565244025681,0.0000000130224522276734,0.332833575095869,0.00000858806705883453,-0.0472449202271117,0.193992013812822,0.895448538189968,0.000000246898881561819
88.9272,36.055,-0.755628763955112,-0.773627589088596,0.284047595106201,-0.284882990574034,-1.16063207256055,0.750942929995927,-1.45969054529866,0.619773295948031,-0.937786643925692,-0.798253452680289,,0.81673880434314,,,,0.023782920400006,,,,0.00325735369186657,,,
98.3722,36.0563,-0.386136288948733,-0.466708483662232,0.809933046778477,-0.525353218663303,0.389123201671616,1.01882821104087,-1.36156196054342,-0.974018094054349,-0.98030606155704,-0.735478355606615,0,0.922599411704728,0,-0.903281074532195,0,1.01554745041117,0,-1.2589098577497,0,0.476059048519234,0.00000387591668515874,-0.307420227985879,0.520185756243817
75.3241,36.0564,-1.54434792382994,-1.37555654725413,-2.41746090288256,-0.130969534745134,-2.177316859214,-1.33700563400302,2.13926983406103,0.312468937864817,1.68101884133623,0.248534681055202,0.00000145477640600689,0.599340449811411,0.0000000000922655285506835,-0.853111643943233,0,0.98688315572243,0,-1.56052151982162,0.0805394331953742,1.63446315802099,0.15804323125521,0.542574255805242,0.0849718570860827
83.8228,36.0564,-0.753644778415412,-0.801597987201865,0.511574720788428,-0.86923320671658,-1.94476916238773,1.24654580824585,-1.36806136067337,0.914518537468377,-1.17374891701841,-0.264667295547367,0.000420100158768255,1.21249148619864,0.000841071185253561,-0.922248159101686,0,0.688612387102616,0.000377446045656482,0.272555155461815,0.000199979741312806,-0.040470993072871,0.139508951719742,1.0454675294359,0.000621257058093683
73.0764,36.0615,-0.387718270465884,-0.157627554427091,0.395518477926018,-0.049003010128981,-0.402997760824882,-0.361299798792988,0.441134716265599,-1.13443217266898,2.01407834513229,0.22556176893936,0.0000553126577895746,0.7151365054465,0,-0.782711796506216,0,0.983738142607187,0,-0.919549150552952,0.000000775020629006917,1.16562020015958,0.0000573108222643448,0.41482282766189,0.00913511477980333
95.027,36.0766,-0.772771847361126,-0.662656946365951,-0.274116625604694,-0.826749257534758,0.176055833555756,-0.0245786682955783,-0.308201649767232,0.198853215287064,1.06414630391427,-0.888632051069635,0,0.919916374109287,0,-0.971013601415072,0,1.0232690733869,0,-0.885691649748182,0,0.337452955681642,0.417516727253655,-4.26919515690266,0.59538371324453
77.6669,36.0798,-0.804072221834498,-0.798802070072895,0.987253685817656,-0.853643071801374,-1.13669424221487,1.08626491591384,-1.25696046207977,0.37452382529222,0.580463580936075,0.264620123292097,,0.542199655897033,,-0.96157703210647,,0.920077919694269,,-181.759504228994,,182.167536472708,,0.996203889444773,
82.3268,36.0913,-0.870099379231055,-0.929007145226279,1.89578526617176,-0.783914461277132,-1.54926232919392,0.688909307246012,-1.3427699332728,0.307135752371363,-1.02936073515563,-0.105561133242486,0.052682311245603,1.22221134486643,0.000169172811144813,-0.932772532909337,0,0.706383193117923,0.00000965180775103214,0.305933594427072,0.0000176423879942877,-0.0526598882003163,0.0551542271209862,0.858875593388629,0.0000010408872783696
72.0436,36.0951,-0.337074190397853,-0.296635620182794,1.79008055868622,-0.992693380601764,1.30544025912928,0.499213747028959,0.0838214707173776,-2.92605593055304,1.69407469470462,0.123789099044229,0.0330110716496894,0.7453994923921,0.00000000000000222044604925031,-0.766251853508374,0,0.976452809611936,0,-1.23781289867969,0.000117179742488815,1.46356299500741,0.000709004077597442,0.526716831934109,0.00358848640860288
90.5308,36.1012,-0.910509132448577,-0.868377574297883,-0.874845670684089,-0.18549480623956,-1.51922292532328,1.21351501369862,-0.806403711465169,0.652145010804302,-1.24155777447599,-0.88611686880558,0,0.912760748355118,0,-0.824691496050698,0,1.20892825422785,0,-0.2138445553771,0.00145788494407784,-0.0173703105589023,0.815045926550103,0.107683080831374,0.753893332779585
89.7261,36.106,-0.691561851723054,-0.693655082515009,-0.361926052033591,-0.309658605346977,-1.13924301444049,0.785476304187908,-0.971343249530196,0.744850209049197,-0.679919817553529,-0.832943056301183,0,0.892213388002449,0,-0.824788382603265,0,1.96379805931147,0.356258055119432,-0.0467953089322368,0.494626064386049,-0.0352996766179492,0.568396919924369,0.370777928715283,0.308143066895457
82.8367,36.11,-0.767857943425037,-0.840320571730174,1.70416584492287,-0.813181429085005,-1.45565987939969,0.98116761568354,-1.51265603001862,0.422091724438678,-0.872797350608446,-0.198683737854116,0.00262440814204346,1.17326959749264,0.0000360940345647265,-0.913762540983526,0,0.730922685339294,0.0000000976471332680973,0.329539482379922,0.00000797359379567375,-0.0477997281667333,0.149931822856469,0.882365556719223,0.0000005358612586992
92.3279,36.1162,-0.498936917478229,-0.445445215424357,0.217117386913375,-0.177270454625492,-0.542944612643019,0.893303517130985,-1.08967175321123,-0.310099941811759,-0.0221560130772431,-0.898141364673987,,0.91797566726396,,,,1.13709563778804,,,,0.161356367069254,,,
79.7703,36.1225,0.416788221766077,0.331196442950573,-0.483033815776646,0.134036784566276,-0.903926682029343,0.0360960858837067,0.533415089691006,-1.16082773475488,1.72596274082141,-0.347293036212086,0.000138507354933592,1.10231191596487,0.00000856746299837674,-0.930547960817845,0,0.780339886189602,0.000000000000000444089209850063,0.441181380414824,0.000000498013563055011,-0.0825326060074231,0.104247979475549,0.880225710101032,0.00000122096337173971
96.1118,36.1352,-0.547552459143167,-0.594382191194921,-0.0726146464493754,-0.523217484517044,-0.213800203354062,0.435049136748109,-1.03522362664979,0.355105987806029,-0.636176040463276,-0.856977875069173,0,0.931826079361818,0,-0.952448940719636,0,1.02211997109601,0,-1.01891239582452,0,0.166121563719892,0.139394151660617,-0.282773121216661,0.597060052793533
73.4423,36.1363,-0.715051831685533,-0.668049109965735,-1.18997325216556,-0.137705006469145,-0.240930067677236,-2.09842867892841,0.951602688850215,0.0702843019998427,1.32425305708303,0.254563236464857,0.00000489563984396035,0.699478071496895,0,-0.788991196356167,0,0.985791081700016,0,-0.969270692487756,0.00000127814037198526,1.17751651971928,0.000136977074503886,0.423203350016405,0.00784998480352295
94.692,36.139,-0.736904058488887,-0.816245933233918,2.11674622278854,-1.01452449452552,1.46053629519447,1.01492119255919,-1.39469198150143,-1.42458940195614,-0.511915120420776,-0.890429556048392,0,0.92191159537617,0,-0.960050141467948,0,1.02347938407219,0,-0.896494616536554,0,0.272403658962006,0.33632016398583,-2.34377735536751,0.472592104843439
79.6471,36.1391,-1.29674554352457,-1.18578680887695,-2.18060971489524,-0.0172070890749291,-1.4068757662722,-1.83744717195498,0.408935664124601,0.602226597547148,1.05594127730493,-0.354224945705055,0.000116906777186454,1.09966626989015,0.00000740618264583048,-0.930062878552876,0,0.765266746493638,0.00000000000116595622046134,0.396071954829397,0.00000135607007756278,-0.0605765926201998,0.175607659513002,0.863634191399423,0.000000974030311740037
84.4838,36.1469,-0.868854373570536,-0.881180080887717,0.985575424611437,-0.842957364439617,-1.53262978370382,0.921623657571676,-1.54848296664973,0.762134448865476,-0.742175821798401,,,,,,,0.128579705075028,,,,,,,
70.6594,36.1482,-1.13972215914641,-1.04431980768911,-0.913879625749138,-0.583341536457098,-0.38375960320297,-0.444073808151872,0.9328975845484,0.483873047304165,2.09694974594194,0.202814078680732,0.00522761424595442,0.746954624788665,0,-0.494857502088219,0.00000384217076887516,0.979590899114978,0,-0.706203840999536,0.000419841325369319,1.19947591586626,0.0000154631689195384,0.478180214693452,0.0016615123536714
87.7827,36.1519,-0.788730368436777,-0.818767673846027,0.349342575658591,-0.556086889014445,-1.36779914169537,0.977831526980089,-1.40477729272061,0.659582507669721,-1.21864086400211,-0.741471770909629,,0.620557101226744,,,,0.0240219755711016,,,,-0.00854111040301776,,,
79.9329,36.1584,0.428709506019421,0.321306333954708,0.198548428063744,0.0292622781121742,0.00106742711967213,0.814463008717661,0.38368330843968,-1.38959847112986,0.476172667785596,,,,,,,0.962292225480503,,,,,,,
76.8933,36.1613,-1.04610668695921,-0.974371139272384,0.111650139906071,-0.85358151892723,-1.9727263160712,-0.223416867568696,-0.293181251997973,0.364699200876163,1.56511119764641,0.238364784869764,,0.531498757973684,,-0.928230008815776,,0.944465782919114,,-120.551112954128,,120.510570364174,,0.990437499489579,
79.8233,36.1614,0.205139536641647,0.0547615843757299,0.907128645898524,0.0585208600911293,-0.0803306535459444,0.812516613650464,0.224411215053303,-1.88408461141466,1.42854207645843,-0.343245595433878,0.00020142926689215,1.09260635375918,0.0000115416406618607,-0.933927918912042,0,0.76172649213994,0.00000000000131006316905768,0.423592583233329,0.00000137457533111451,-0.0910112767712474,0.0769014109772572,0.889216329038444,0.0000020306850558871
82.7389,36.1675,-0.708288829562121,-0.812966601843172,2.16123764615207,-0.693371458520104,-1.28656356052444,0.525399788447607,-1.26689487027527,0.226017096905255,-0.926257621918947,-0.180337326989323,0.00713933847185722,1.16833643196612,0.000120339306793449,-0.911934517160106,0,0.721385908820887,0.00000139228236850641,0.319752344173229,0.0000235773630310465,-0.0513497410687013,0.136163616694724,0.883727061843217,0.00000222710628450251
74.5971,36.1694,-1.26187407452737,-1.17832683366368,-2.20379377876509,-0.313617344985121,-0.58767999261802,-1.98895698705094,1.90314173821335,-0.615119623833897,0.969537454633515,0.261438024436148,0.000000852032584264251,0.64410168363321,0.000000000000198507876802978,-0.856687346739789,0,0.989271216236201,0,-1.41360560599803,0.0197778964169464,1.54733848333676,0.065813448989035,0.540433912040213,0.0462955059106391
72.1758,36.1809,-0.356742401196187,-0.303186329960898,0.972882645333382,-0.984563325400474,0.953558580222062,0.413046814316506,0.477779837843497,-1.5799187782702,1.86466112614939,0.12550854578176,0.0298720571629147,0.749431015583886,0.00000000000000111022302462516,-0.781549966111142,0,0.976255727522763,0,-1.23861585440589,0.0000344839076915626,1.41781328815978,0.000333454888103324,0.505209846414312,0.00302849586986564
91.4566,36.1812,-0.774639827807855,-0.76668848291828,-0.753096217916121,-0.0796345566506728,-1.51779121186267,0.998386926544212,-1.37846910991703,0.630582084879109,-1.09009095441436,-0.905069543724868,,0.915462029566551,,,,0.0178820048859273,,,,0.00100425447471868,,,
96.3465,36.1865,-0.77542307669769,-0.820779208168875,1.71463767981791,-0.805045848097522,1.30948515556577,1.00698153556596,-1.37868019131283,-1.36714959512991,-0.0810513652410846,-0.856097591920835,0,0.92923094592601,0,-0.952712882495408,0,1.02065345823429,0,-1.04628074386834,0,0.199730300905308,0.0583473910100214,-0.373324487664588,0.505961880997526
76.3429,36.1939,-0.860472579113443,-0.874172391659326,0.479703996454047,-0.90910147956562,-2.0359111190687,0.776064064392248,-0.775107174902845,-0.740571392693628,0.590666859391821,0.221207501523676,,0.505897581201023,,-0.879505834348364,,0.984473502646882,,-82.8177370767187,,82.289597448025,,0.980378904247919,
76.5022,36.1957,-0.717197047079898,-0.768543224738194,-0.900742913442212,-0.83283147350943,-1.94494629531016,-0.399429405368809,0.105857436799428,0.48804169595326,1.10256814443191,0.234552626549172,,0.523017264113099,,-0.894371033967861,,0.970411965271874,,-88.3066048574992,,88.0672561444048,,0.984512522953908,
97.5793,36.1962,0.437650157270092,0.324317311930358,0.79063410513755,-1.17337841835999,2.229985620412,0.854877255868994,0.131214395461723,-2.05068141260361,-1.2972067946683,-0.750150615081724,0,0.926539294042568,0,-0.925718427027365,0,1.01775780582358,0,-1.16578737707614,0,0.402779658145025,0.0000160511126725549,-0.0761438494448139,0.814687088081701
91.2273,36.201,-0.690236239087698,-0.655756071481407,-1.13923124148172,-0.141501194887785,-1.72400318497636,0.36956288297554,-0.525833599718091,0.764139841883941,-1.17403825905976,-0.910074957880334,0,0.915755481857367,0,-0.815945439030147,0,1.13692196206715,0,-0.312099255134559,0.00599335538570878,0.362459938430408,0.621952207170275,-1.813847770995,0.675737957850253
83.3191,36.2071,-0.910162453111136,-0.923365679270865,1.28862476786342,-0.658535336619402,-1.59016805750501,1.00370047258257,-1.4530834282149,0.635001204150501,-0.944199716340631,-0.286313399917009,,0.830079641952718,,,,0.829927955947981,,,,0.442551092675271,,,
70.7107,36.2077,-1.15060040035174,-1.07491797824608,-1.6715484539252,-0.509005227592345,-0.214145119692554,-0.66556529926173,0.831971804910532,0.681628254244901,1.55260457737303,0.214762286383753,0.00229531684323558,0.728109079877059,0,-0.511999851629853,0.00000251444424570479,0.979355988122266,0,-0.653416374461597,0.000232291751215641,1.17898353676663,0.0000151555811995774,0.445943129195572,0.00329769605378782
84.3991,36.2151,-0.814593339437798,-0.834419991299378,0.903530611814531,-0.850916025897229,-1.6085451177615,1.17995576068825,-1.57883042894,0.590427248412521,-1.02226735341249,,,,,,,0.139975814319249,,,,,,,
91.8509,36.2256,-1.04063149728792,-0.909468519279965,-1.04466328993218,-0.0340024988141897,-1.27276853257775,0.559588051636145,-0.786099525555569,0.957018435409053,0.285857639087079,-0.898501549395557,,0.906147292406074,,,,0.0269190497480381,,,,0.000760045696548752,,,
91.382,36.2257,-0.639461441329437,-0.611371584044776,-0.836679042892531,-0.0834499822145443,-1.49271304822564,0.663412806892774,-0.904393234232777,0.66708834942558,-0.996302485529995,-0.910317740330554,0,0.916013787831372,0,-0.797877229075376,0,1.13802678353717,0,-0.319764508477928,0.030689277349774,0.563467703196948,0.63602805219964,-2.03115806620694,0.719061410210647
71.8811,36.2263,-1.66312841085047,-1.3782841253939,-2.47042989840827,-1.06381767973306,-1.67430115576283,-0.166337457843343,1.05468866126583,1.09484522629436,1.48767768219313,0.116648151177789,0.0479622590571158,0.753293970270393,0.00000000000000222044604925031,-0.764578959591913,0,0.975371911274589,0,-1.29973812585571,0.000166293146063534,1.50544859081798,0.00083326887470192,0.536413534624301,0.00303551095810772
83.7139,36.2267,-0.871709183616203,-0.887170778724642,1.08321363224839,-0.713939815625108,-1.81821563236933,1.10560506752786,-1.4124603410706,0.704558035701684,-1.19072945063218,-0.246200355382884,0.00243582344934579,1.170128728464,0.00181608073263861,-0.911699945366718,0,0.714657574757321,0.00000824321051196009,0.309017804671439,0.0000666812799587913,-0.044342652291121,0.198408513361936,1.00273384017362,0.000550678160259999
96.8037,36.2291,-0.914852925444397,-0.905559145132487,1.93137199637027,-0.991506508686227,1.9948232604876,0.933535352517824,-1.25838577617544,-1.8729352485704,-0.401924134420747,-0.828922429394182,0,0.921333647348316,0,-0.944507527068173,0,1.01921882772885,0,-1.10667965159676,0,0.326465165112342,0.00109222458875857,-0.309874807732923,0.51424612013986
86.5417,36.2314,-0.917401727308786,-0.872228284299523,-0.393478541576006,-0.494428681119437,-1.76117248948279,0.358408443493387,-0.45973633389363,1.15091844505171,-0.693977409946622,,,,,,,0.088105214552222,,,,,,,
96.9663,36.2377,-0.909415538741015,-0.932046985399214,2.42734716278713,-1.07377292603699,2.26608627205316,1.09538541804669,-1.47051170717704,-2.10048426205445,-1.2304628725971,-0.818321678357772,0,0.927673859662815,0,-0.943683776570856,0,1.01893114886521,0,-1.12315558225773,0,0.389398958901261,0.000646749147060088,-0.359907485003825,0.496852547753817
92.023,36.2401,-1.24547442461951,-1.14319911669442,-2.16374229906171,-0.144231644984274,-1.2663800596192,-1.15441304035918,0.0946326644806555,0.892888229935664,0.31846156865434,-0.906494775612561,,0.911724147151593,,,,0.159869697565441,,,,-9.12649777234507,,,
82.5067,36.2408,-1.27726334514092,-1.17997560118142,-1.95541309080609,-0.603949978496227,-1.22625403798995,-0.788670454569366,1.03833121873584,1.3200020835893,0.96796616020799,-0.168572297727822,0.0108737457066443,1.15442404101203,0.0000374600776897882,-0.91791897551841,0,0.731698341634938,0.00000010219593127303,0.3488275097721,0.0000149998551621788,-0.0693872687688441,0.0817603970968124,0.898982607650997,0.000000702485894343852
99.5483,36.243,0.866537256992229,0.821768921346505,0.516321054778288,-0.0223256438872266,0.528265110556259,0.66650349430003,0.894480644759564,-0.915176295053525,-0.194132083112945,-0.636670549548292,0,0.924165508271341,0,-0.847741380477425,0,1.01434032078085,0,-1.32332635872552,0,0.59424027697678,0.0000000000000115463194561016,0.132039445494618,0.492556208555366
102,36.2445,2.26766276882188,2.07493662787422,-0.0903238742413386,0.0276226222913938,1.55899658284687,-0.000809682595666091,0.765419601341638,-1.64871052864439,0.0838551901173188,-0.30548792648784,0.000278736033615168,0.741984774390275,0,-0.698236819159482,0,1.00841454026689,0,-1.19028827334679,0.00000000000349720252756924,0.640778192458011,0.000000000150669920984114,0.27129546970469,0.0293619338623248
79.1618,36.2502,-0.750461130410514,-0.714973672350322,-1.84268547317614,-0.178619743908507,-1.42181577774948,-1.43275367901105,0.75030890057545,0.233200556847437,1.24290016458791,-0.32896186363871,0.0000623903107654922,1.11150388514537,0.000000216273001285572,-0.895356315330135,0,0.829009880302227,0,0.438468015831182,0.000000572428690670534,-0.0352368270988574,0.504631268974218,0.859187039866551,0.00000000866375504671169
71.5032,36.2503,-0.849219457488825,-0.692831138486304,0.434833660718528,-0.852854503743813,-1.20694441566222,-0.754733076358849,0.687664297132166,-0.512090819244778,1.98674737932676,0.202249170665214,0.00127684442933718,0.708964331525983,0.000000000000000888178419700125,-0.623348860497758,0.00000000000140487621536067,0.977626921512957,0,-0.797277968502024,0.00000752042150709009,1.21222938465373,0.0000519007129935467,0.432566249860998,0.00594140866552584
91.2611,36.2514,-0.993113314520243,-0.942424003110464,-1.2014196474494,-0.10904315362792,-1.54079330939148,0.328229492690344,-0.338714428253781,0.905312710482058,-0.697540004898574,-0.91319207668695,0,0.914682555760234,0,-0.811277885045261,0,1.13455289676723,0,-0.392774897513709,0.34200241604126,1.02271627484568,0.770163437894027,-6.33890725177564,0.868020444043646
74.4985,36.2538,-0.016130978331355,0.129017639537294,1.60025317330675,-0.207398630274848,-0.00489919922387489,0.442636095198903,0.454652852527523,-2.68839042717193,1.88343109273474,0.264874655459198,0.000000848228475680557,0.653413989373067,0.000000000000179412040779425,-0.871434228737328,0,0.987715693660535,0,-1.46965429824901,0.0311915354700643,1.61823756453968,0.0807318323321931,0.563852974647222,0.0474073689653074
77.2448,36.2541,-0.849215269704724,-0.816819554867912,-0.588158019633269,-0.753788088521466,-1.81472431515617,0.289111747793472,0.0266312808657186,1.14696027150687,1.1508569913371,-0.313857484358728,0.00014854765892669,1.14428763288005,0.0000458007447470266,-0.915069316558953,0,0.891710547465465,0,0.124266743727551,0.257320393240712,0.386693071757031,0.00106712669887088,0.729922909309873,0.00000258046848666815
101.256,36.2595,1.64867625346344,1.46010357934151,-0.296677603838308,0.781319305094672,0.835651336646925,-0.223527571280143,0.821883054592162,-0.830363411602954,0.211012942755547,-0.52514597782855,0.0000000000135111921650832,0.84701291147719,0,-0.772168617877329,0,1.00552349669762,0,-1.78329541322641,0.000000000825544521632082,0.900850543151092,0.0000145688047790138,0.318613739631607,0.0742738365517275
70.7766,36.2609,-0.630343770930553,-0.564043014172617,0.413338615413398,-0.514117629041891,-0.128762672905571,0.188159629695479,1.18617557550524,-1.68323509950823,2.65165417822294,0.214762286383753,0.00229531684323558,0.728109079877059,0,-0.511999851629853,0.00000251444424570479,0.979355988122266,0,-0.653416374461597,0.000232291751215641,1.17898353676663,0.0000151555811995774,0.445943129195572,0.00329769605378782
76.2275,36.2641,-0.964997685679847,-0.917806643780387,-0.562672816481729,-0.839520767825219,-2.41051270396274,-0.56940089505344,0.453599054549557,0.0566578821555154,2.11605033685481,0.218903111121247,,0.466352992984847,,-0.863776410043229,,0.988357916081844,,-112.165346052025,,111.583305354129,,0.984185636368651,
90.1982,36.2726,-0.799832967219477,-0.789335939187945,-0.773603981370601,-0.174773077476263,-1.59683575580045,0.771306843706331,-0.891562483783775,0.77386213874434,-0.966701792672981,-0.878657434138564,0,0.909431046234468,0,-0.800287979678411,0,1.39671372419341,0.000189504475746283,-0.108568700656921,0.0716094652365222,-0.0509077370744296,0.266398173959683,0.3618428495631,0.0371027223274418
72.4369,36.2764,-0.223702797493622,-0.0902379170006633,1.54107978275361,-0.908079101270881,0.0964824281450123,0.47216869511536,0.522454638053285,-2.42775735632185,1.58763691795983,0.12682481614965,0.0258865586362935,0.758101003075594,0,-0.805195408975192,0,0.977745848184295,0,-1.21220033336439,0.0000436863999615511,1.41462257600487,0.00045877736162403,0.511186966812832,0.00503108520953433
89.4699,36.2824,-1.36039288863514,-1.31904496263789,-1.67898732705729,-0.401330882232313,-1.10216871949835,0.32702803211515,1.43442249404777,0.333908416350586,-1.32530273733526,-0.826791859644779,,0.86072759645186,,,,0.0202480382298177,,,,0.00203944715872677,,,
98.9181,36.2864,0.295416269940752,0.0381723977372001,-0.291552796285071,-0.213711446820073,-0.0891559806132659,0.79620403953881,-0.217914109551985,-0.264855928036855,-0.466129586897145,-0.68120394380547,0,0.938192347550423,0,-0.87656719081923,0,1.01427039705144,0,-1.30955592367418,0,0.561785221322091,0.00000000000000599520433297585,0.146673592235528,0.424526670507766
72.7589,36.2883,-0.857872713367112,-0.737311013022436,-0.0420692482751021,-0.800283846303512,-0.772268564356876,-0.959322319060601,0.563913447081059,0.156749376945491,1.31846125039226,0.147703061252547,0.00846101507564589,0.755258941805225,0,-0.809514395637321,0,0.98003262432576,0,-1.13615716861716,0.0000251750653255112,1.33136398071059,0.000362488424021645,0.482482165078454,0.00868578290743227
102.36,36.2963,1.99823434701395,1.89374710851033,0.122668960533192,-0.27948204268772,1.59931578751947,0.262920811945234,0.70654315970939,-2.09991912823989,-0.308482450351523,-0.589498688390908,0.0000000000802107269493035,0.785006203055479,0,-0.655394833111238,0.00000000000000510702591327572,1.01298498485528,0,-1.80984828477979,0.000126220614781403,0.797339712192601,0.00459251661785887,0.269752014603062,0.15193962252431
90.5328,36.2988,-0.439256920977499,-0.386388322577529,-0.868586166931343,-0.18950334691819,-1.52601041874987,0.800412163088415,-0.676651142038701,0.491491670779519,-1.15974285459759,-0.896972130756572,0,0.900858524786888,0,-0.787281575202894,0,1.24526633978709,0.0000000000000126565424807268,-0.173078484972433,0.00642722845077581,-0.0511522601497639,0.311502507131,0.405877129920664,0.00419400726350272
99.3675,36.3027,0.162865510311344,0.0367956764737385,1.02904204148804,-0.135367786252689,0.68086891176252,0.991656599071092,-0.107386680029129,-1.38593289524922,-1.06826586259815,-0.655655120142465,0,0.930842245753001,0,-0.858988546590909,0,1.01401866180737,0,-1.31711045115368,0,0.593018345265081,0.00000000000000421884749357559,0.16431954423128,0.366805170522379
87.0532,36.3139,-1.00959843838093,-0.965340912675913,-0.416067908263854,-0.657084564183451,-1.89137596282513,0.486351436161603,-0.731917678338596,1.2187822565853,-0.759336710738696,,,,,,,0.666589069485361,,,,,,,
93.1697,36.3202,-0.519109790057724,-0.557950575966475,-0.553053187594802,-0.644223382650117,-0.680819265309918,0.17749375204149,-1.03353385962693,0.284555853440999,0.221679401889984,-0.894017753599946,,0.925930738598323,,,,1.08118469653618,,,,0.0605225872772225,,,
102.197,36.3227,2.39982806168308,2.18465088533346,-0.158492523955751,-0.276571261625224,1.42369256346413,-0.3552415880887,0.903325298119725,-1.66124565084459,-0.0806367422737615,-0.498877004780521,0.00000000674189837290839,0.77877187548638,0,-0.671019406750297,0.000000000000000888178419700125,1.0098586995946,0,-1.53322218854988,0.000000338627974993955,0.679783426390088,0.000175265803000757,0.207676839337803,0.239678670428516
83.4979,36.3248,-0.98292122215549,-0.984814358480586,0.38120785908063,-0.539108838104359,-1.79280452791191,0.174399878851261,-1.31581526655928,0.989835689205199,-0.978690468869826,-0.23155039701145,0.00388746577006005,1.20804111726634,0.00659111760106512,-0.915451075329162,0,0.733302108326696,0.00000044402692966905,0.311065675667155,0.0000298751324672164,-0.0332813352706303,0.291865612283272,0.916201041591378,0.000934346640639294
90.3241,36.3338,-0.381286201860083,-0.278533052869869,-1.0320754521483,-0.147669605335658,-1.57383146124014,0.391439555951134,-0.270525892094546,0.611022054480344,-0.46506164977396,-0.887900083941138,0,0.913202262723195,0,-0.810177837391843,0,1.3683982938426,0.0000186590688620036,-0.116780215740641,0.0487778967912105,-0.0640316048383803,0.170098124043794,0.38082066133398,0.0149541289134125
73.203,36.3382,-0.788094022767265,-0.70157931882928,-1.21377996375421,-0.423480464898714,-0.34250288166789,-1.58057190097076,1.01661321895811,-0.0997618066383798,1.32177365741683,0.253046402876348,0.00000731937081832612,0.717758836260558,0,-0.785538969156607,0,0.984605527157853,0,-0.937832636186208,0.000000126938410227595,1.15396021510249,0.0000410091549234437,0.407062976567139,0.00928725429560884
98.4732,36.339,-0.265935639554585,-0.377901639771282,0.343586722687162,-0.492705025785956,0.430934782665705,0.88695928487059,-1.1066489280289,-0.807717344596354,-0.608943990768139,-0.719730456399601,0,0.929403290411279,0,-0.895084884228797,0,1.01537282625842,0,-1.27078071863697,0,0.467612450587477,0.000000000460998794693523,0.013628698819156,0.956237149739074
97.9224,36.3431,-0.515711039944688,-0.621098053245094,2.13239162483002,-1.10616802094419,1.98106982052175,1.09044108403819,-1.4873534918319,-1.73441807586402,-1.181662716106,-0.742269228232599,0,0.929588863093755,0,-0.911748550571962,0,1.01703713767495,0,-1.20279661652367,0,0.421028612433909,0.00000308868527332251,-0.107479342303099,0.752887276430147
75.7346,36.344,-1.10826621017021,-1.06948578919127,-1.94634347461621,-0.863400563108008,-2.58878665965892,-1.06745507076513,1.32473964386302,0.902617171075102,1.68563617958563,0.243692392316462,0.00000294391494848334,0.555587501479708,0.0000000645626221373874,-0.866725950077813,0,0.985774789632353,0,-2.69942698624178,0.359336095294885,2.57276289372582,0.413376820423073,0.647680675935318,0.0851906749782585
83.7658,36.3489,-1.03548862822052,-1.00564347430627,-0.114673733730294,-0.592523767385273,-1.83463501607039,0.4487838107108,-1.06332655556161,0.7609708997658,-0.276499709395296,-0.238728524046923,0.00267829914926976,1.17493214713803,0.0018712340279432,-0.920399609608622,0,0.715420017703091,0.0000118114912117662,0.313733504558798,0.0000830574242389748,-0.0466140186852408,0.17489702478134,1.00994724424985,0.000725778754955497
93.986,36.3538,-0.751324571065862,-0.827141354219489,2.4794421008254,-1.24788527545173,1.8406687632237,0.983032902455125,-1.44339121335957,-1.72716616897893,-0.694970275609013,-0.899026175168302,0,0.920875159476483,0,-0.94766968603466,0,1.02609141817543,0,-0.868217588165377,0,0.357454786915938,0.311701292776146,-1.78101646395061,0.467183551631373
100.054,36.3556,-0.118290637291162,-0.292272988098345,1.26613070597996,-0.278920943621039,1.67880192842612,1.18862080736177,-0.605250232141575,-1.86713776077132,-1.18155136269038,-0.607387257973949,0,0.916819315395062,0,-0.852002851168827,0,1.01139237077377,0,-1.33154358925009,0,0.572734088838285,0.00000000000342392780794398,-0.00507957838475838,0.984084985750791
89.6126,36.363,-0.46717560707624,-0.60120895260989,0.0553630010846641,-0.38291805575204,-1.26267891676911,0.769479861684664,-1.26528608163658,0.506443097545128,-1.1892531947339,-0.839527760984604,0,0.888867957593345,0,-0.840309352829594,0,1.67326621257342,0.106290968191961,-0.0554220418687472,0.309196073197698,-0.0718140914684944,0.368838609456534,0.520507105786701,0.0710097608272893
99.1111,36.3638,0.94595167425889,0.713443497114177,-0.00851477540050234,-0.199326974156253,0.394503474753152,0.579860347499956,0.686819473197536,-0.698895324679721,-0.0900389059878929,-0.664501061693199,0,0.93606890580813,0,-0.866106935254268,0,1.01427925336232,0,-1.30280623486488,0,0.58409985408864,0.0000000000000137667655053519,0.112277942717231,0.561075249011375
89.0811,36.3659,-0.878768772587513,-0.848848625773755,-0.535688402909862,-0.323857698895776,-1.48320750678574,0.486244287121407,-0.827831950815982,0.849582467789257,-0.515325088390862,-0.808775684563593,,0.816032583024356,,,,0.0381774240742579,,,,0.00406045125161346,,,
95.542,36.3696,-0.909685630057459,-0.942487228056761,2.60752835975578,-1.35619270705881,2.3354973812995,1.15321212265363,-1.56625933357502,-2.11915995393657,-1.21082066971593,-0.885762683097682,0,0.933371328010022,0,-0.956780646285315,0,1.0277892372334,0,-0.871055427441785,0,-0.020796742686649,0.889793004866499,-0.634265188116424,0.504771489666398
79.7926,36.3812,0.316875128796144,0.299370426024591,-0.0641954236682304,-0.633603392309721,0.888557713918793,0.74821334026546,0.418397164871882,-1.22083409268074,1.71859836191913,,,,,,,0.954244235860119,,,,,,,
94.4654,36.3952,0.0213240933575237,-0.22001248768733,2.16305785449368,-1.44153373741609,2.41738547323567,1.21135592894821,-0.913137081580872,-2.1179408662964,-1.27482077238864,-0.899757720199545,0,0.916949879382487,0,-0.951053194234104,0,1.02835881244346,0,-0.901032696041926,0.000000000000000444089209850063,0.507560831866395,0.441846120849121,-7.28338842630568,0.71622642780621
95.9294,36.396,-0.973043463177373,-0.982737295833672,2.32487935687042,-1.38930305710492,2.77331176712817,1.05330804106651,-1.54509169475406,-2.09814092748987,-1.2349835581871,-0.871844397208981,0,0.938462046109026,0,-0.963795144529296,0,1.02499042183374,0,-0.925537630573941,0,0.0146633910650054,0.915730400373603,-0.508193613821927,0.5180498780136
93.6368,36.3963,-0.783692817102778,-0.847515878869136,2.226084750065,-1.25965759183332,1.45753530527721,1.0941226532463,-1.482294014271,-1.43158395173482,-0.759929473379533,-0.903866050095495,0,0.924537923072556,0,-0.936826897972634,0,1.02692149896056,0,-0.877298721624164,0.00000034256682956979,0.585772341090229,0.646784275196656,-12.5226541497708,0.862677902727072
74.3884,36.3974,-1.54987276395528,-1.33569934377311,-1.89733113556209,-0.223622580802211,-0.426726589485821,-1.5027539979291,1.47511474992959,0.716300608957919,2.80557335679531,0.252318800144993,0.00000155433673909577,0.650681258658575,0.00000000000010902390101819,-0.864594150379323,0,0.988288618219951,0,-1.42672643925253,0.0274395707735278,1.59242624991567,0.0753517660574512,0.557266286981526,0.0501365103282867
82.7266,36.3986,-1.02543387570108,-0.976674241951941,0.251822216567129,-0.265925765305288,-0.642218202325225,0.961929892636653,-0.847634129527073,-0.931158262843068,1.99816423718922,-0.18120754412089,0.0104635393152621,1.16151758532152,0.000405806415116228,-0.908147877035059,0,0.645966296067906,0.0112148616051904,0.230866236208762,0.00097621146214788,-0.0465373441459329,0.119784683019262,0.855744723057605,0.00000827957758198217
90.489,36.4008,-0.644420443385212,-0.642167028215984,-0.42139022172883,-0.187574009700131,-1.37464632025148,1.02511441524946,-1.13421539627009,0.452923026534432,-1.1661366596306,-0.898810046240879,0,0.895962622774833,0,-0.779441843377796,0,1.26905766039486,0.0000000000140960576544558,-0.151618193145347,0.0125386552660831,-0.0493513428834766,0.375126987758793,0.405044269887761,0.00676027415585057
96.2846,36.408,0.700847778823476,0.350601739959926,1.47616205783277,-1.38672315141614,2.76101424954184,1.0633340884447,-0.646944023158132,-2.13721985639166,-1.27114121525484,-0.872619632499542,0,0.936287760295149,0,-0.95330859017024,0,1.02396093570901,0,-1.02344434710071,0,0.167623939030587,0.173393439176344,-0.570268817765784,0.467249533499059
76.9694,36.4113,-0.837125677786882,-0.792226244898873,0.740136953043962,-0.418288627981741,-1.00273883857386,1.00067317785156,-0.642550213164649,-0.0476256387225067,1.85254304714053,0.233408170231536,,0.55148831250598,,-0.912928889836505,,0.948189756549546,,-94.0706520819605,,94.051659563546,,0.988500910202676,
76.3758,36.4123,-1.24899177549362,-1.08129486416822,-1.22479921933188,-0.633350749891624,-1.81274345693351,-1.99288283466854,0.760984688243137,0.84469045470442,1.74153618955301,0.20829007946076,,0.474398500706544,,-0.875216772643631,,0.980803266289254,,-150.199914946696,,138.989191730532,,0.91810220622005,
90.0143,36.4136,-0.224663641943806,-0.298375933019656,-0.724102751334418,-0.271506974756406,-1.4901627271608,0.815276796758798,-0.50857579257115,0.477615438319908,-0.680009252616023,-0.862674839604296,0,0.902152538384649,0,-0.810731564364116,0,1.44843869054122,0.00323351980569142,-0.075774256707361,0.141007708304262,-0.0711331581635882,0.209479641882612,0.410315629017639,0.0262123061684196
94.5764,36.4145,0.487807373091488,0.12469553694106,1.62549306634367,-1.44442284665664,2.49648797258844,0.813105196372244,0.0421884525175863,-2.13024403939434,-1.28663977212657,-0.884676116222696,,0.9247243876423,,,,1.07567294199674,,,,0.12795405518871,,,
88.9206,36.4286,-0.529144613747409,-0.590799220662003,-0.639939863003124,-0.287370998674909,-1.51071018999378,0.842722652971993,-0.816535694977694,0.648813259606814,-0.854511991926546,-0.793749712287112,,0.804310615999862,,,,0.04734449395487,,,,0.00486603275859649,,,
77.0984,36.4323,-0.841111103763669,-0.81843311342235,0.867640393559134,-0.421219234990181,-1.12975067634617,0.979909424287543,-0.821447457541684,-0.103924190862999,1.07848330477682,-0.309923408366385,0.000312308511368986,1.13727822156263,0.000099525151321167,-0.908076678970336,0,0.877049471535398,0,0.176446659332906,0.102665398437073,0.361895865607906,0.0017582434661354,0.738752754237466,0.00000984081038546414
86.0117,36.4324,-0.820344446021431,-0.834997573601065,0.324967653133044,-0.667137193275914,-1.59916457854875,1.04678425925839,-1.49308824079605,0.673988116436422,-1.0615835166431,,,,,,,0.184516566740623,,,,,,,
75.765,36.4346,-1.53667842811885,-1.29462223805508,-2.1222802520321,-0.832889503268532,-2.65710113453024,-1.6257382391749,1.34251146688479,1.37887138614884,1.19248655289459,0.237188955475673,0.00000359922740233998,0.561587877670155,0.0000000546556102598572,-0.871024266651593,0,0.985761694644235,0,-2.85927752346862,0.412104046485573,2.73735990724742,0.460487207065819,0.667221253869264,0.099368904359814
83.4734,36.4386,-0.924371967662858,-0.916034908931637,-0.0556277963203022,-0.54341306500771,-1.22819965742045,0.468153528754582,-0.943221528666214,-0.0294724891883002,1.0343042664678,-0.212851186583913,0.00685456603158063,1.25072541259983,0.0194782399813551,-0.924652681948546,0,0.738227946283833,0.000000199959639513025,0.324181779381489,0.0000243094063647753,-0.0418318727120972,0.180063578514655,0.896029297937291,0.0027651868949008
83.7257,36.4457,-1.03112446691216,-0.978719929451268,-0.167649349378543,-0.576099114307808,-1.42864846063459,0.111992508543634,-0.84998973129967,0.374382338878662,0.0316507281638866,-0.222364975970067,0.00512637359083534,1.20423099516978,0.00686321977453641,-0.92390574289224,0,0.69743646371989,0.000119279128122374,0.297214163894961,0.000125088831674391,-0.0431515742820444,0.162799623819355,0.990386249694159,0.00206142623888383
91.2829,36.451,-0.725165207217548,-0.734972952838936,-1.07233365109967,-0.11468288068037,-1.49895979340499,0.228904525569015,-0.570028793648839,0.854360542665562,-0.0528602145315798,-0.916804341959878,0,0.909889168758569,0,-0.769877945737355,0,1.168704822246,0,-0.194046770501813,0.00210324077531365,0.0396930574444728,0.809456816384548,0.276363855891842,0.38033289097099
79.7356,36.4567,-0.377799222804332,-0.368636980436547,0.094371907953432,-0.704342104454834,1.1310922952564,0.382556373811479,-0.573602144074071,-1.69923741802736,2.01989066548269,-0.43679987527141,,0.952253713633627,,-0.901586879711974,,0.796114651683225,,-543.918746329529,,554.643706340009,,1.01901933933671,
93.2628,36.4657,-0.733359489017349,-0.799601511138496,1.76739911128928,-1.06265864490538,0.882286303077949,0.861788468205224,-1.3497252031163,-1.05889041351197,-0.251659405804871,-0.898329154022822,,0.923629112599835,,,,1.08184686278098,,,,-553.744943175709,,,
78.7369,36.4694,-1.30160430965089,-1.16354766013099,-2.04287763376643,0.0967296113739253,-1.01243437677052,-1.35455012048739,0.22526925264544,0.765943009208871,0.983678786382978,-0.350332823838484,0.0000308487445781491,1.13232094996179,0.00000027809423830405,-0.878598850715033,0,0.892432256122737,0,0.518839677480385,0.00000010672796291189,0.0076602446809465,0.908621599891819,0.845454793904404,0.00000000899292107447991
72.9351,36.4754,-1.49623233918432,-1.32521379133937,-1.89408409951523,-0.808189630718275,-0.605233395693991,-1.16369604070032,1.37786726893797,0.577441300932408,2.0583510182955,0.213890820321699,0.000101117388990213,0.726672461539458,0,-0.804314625896796,0,0.981224256115736,0,-1.05485872809424,0.00000829399327151314,1.27251572015303,0.00026822200618537,0.462949439031355,0.00703641697702495
70.3856,36.4762,-0.313628980421579,-0.246498985701519,-0.0891080809580759,-0.560460464487974,0.840105209901081,-0.516580917479617,1.26680711924404,-0.679926316944711,1.37321446290715,0.257173536389899,0.000480505579689705,0.743831956958533,0,-0.469152864373388,0.000039314896560283,0.980735836474672,0,-0.615699852371924,0.000717908122249922,1.17915316464205,0.0000762639456231007,0.456915969953248,0.00379263834231547
83.1239,36.4786,-0.769374908490819,-0.756475359146098,-0.385997163440714,-0.604189659211003,-0.388352719527418,0.456313023105665,-0.373910917732271,-0.727591657380505,1.2805688110301,-0.225287360641399,0.00888694345710483,1.09882655850909,0.00077860610753322,-0.897728768814319,0,0.67907045410398,0.000939167818443387,0.26617326142428,0.000592073893091127,-0.0526151976285074,0.206214656124441,0.889766487982832,0.000081649395975214
69.9142,36.4799,-0.151529712975595,-0.0696122961606486,1.04230532954957,-0.695150355374576,2.74575662500884,-0.097231329678278,0.709558722438622,-2.47952532165611,1.68126285130152,0.192570986656391,0.0289760904431191,0.829097937797301,0,-0.473722856013006,0.0000054048039250798,0.978514152098917,0,-0.968808434419592,0.0110800195064686,1.36163690059247,0.0000260575659054574,0.567572357837025,0.000301022239930004
91.6721,36.4836,0.310811539597038,0.234192056095101,-0.462848740830233,-0.331659414238819,-0.721893702770144,0.203757113860013,0.365365899751342,0.165225728301199,0.187984453957265,-0.91165434225431,,0.91354749775014,,,,0.0321754606529512,,,,0.0020369983574868,,,
90.7997,36.484,-0.514897883951646,-0.532447738347555,-0.752413264099506,-0.272082621453001,-1.4802209152532,1.15957646654818,-1.0652133002761,0.50950824097482,-1.18523242857795,-0.911626775818424,0,0.909484029463418,0,-0.799655746744988,0,1.19969580432133,0,-0.20457484092553,0.00186712245694887,-0.00439049270104297,0.96189661040451,0.264516042741073,0.28450644541414
87.6279,36.4907,-0.657840746603068,-0.719702335607048,0.0264481711122068,-0.467878112852799,-1.78281018395443,0.958340522088363,-1.45986743103683,0.881341139390645,-1.03688294294594,-0.743422869121096,,0.649383289364866,,,,0.0171993807363014,,,,0.00175383344841936,,,
85.8091,36.5015,-0.772718675067559,-0.778123921084191,0.795440447193608,-0.794929825024853,-1.40567722811513,0.812327283999608,-1.53064445001976,0.642920797223139,-0.985210451887145,,,,,,,0.122507337895524,,,,,,,
96.6007,36.5046,-0.774670948277184,-0.813093667651874,2.46027659889645,-1.40456844784371,2.77755574100178,1.51758246073811,-1.39912159972682,-2.24754256958833,-1.31727748908866,-0.84988118115601,0,0.935439615054422,0,-0.945157278488591,0,1.02054785706581,0,-1.08961666520067,0,0.256676976955306,0.0179128039731473,-0.376576572181055,0.510377910244434
75.9469,36.5205,-0.699992091217509,-0.776830044112731,0.0572482169010013,-0.633971561720133,-1.72129867238247,0.11133330654358,0.215800150374455,-0.664961987934198,2.06559772797063,0.216064150038192,0.00000601716468917601,0.506186262950475,0.000000887445424924138,-0.874956157834871,0,0.986088227407507,0,-5.84895772212899,0.748511289512626,5.11257508222964,0.760361342889396,0.726293298491878,0.187165596894662
78.6203,36.5222,-0.602358365892778,-0.6246407491894,-0.662789571154257,-0.0247146761600039,-0.295767248505048,0.140134017275625,-0.148549307989262,-0.105833493074504,1.70652055138566,-0.299743508013255,0.000144791312484571,1.13433677246103,0.000000290064700703141,-0.883091479801463,0,0.887223777793955,0,0.527763220223382,0.0000000418596011186878,-0.0142424438177757,0.823042983028567,0.858263447453867,0.00000000543245048945096
76.0202,36.5247,-0.729730514021299,-0.759376247202691,-0.66881485460235,-0.61006506819609,-1.28035264619798,-0.235755057476935,-0.482551532123655,0.427458235542181,1.97122438233347,0.210197982043176,,0.481768893940509,,-0.870266957796012,,0.986721709990192,,-18.1477816073836,,15.3908333624271,,0.797482096632068,
99.7614,36.5256,0.517912388368839,0.486742618824939,0.324911553435225,-0.272723765661493,0.933851350844123,0.774711472209817,0.65837584002477,-1.0558644210945,-0.248428657158418,-0.640044875284012,0,0.925040465150186,0,-0.845383218279145,0,1.01388987869721,0,-1.35693113094988,0,0.621766016220401,0.0000000000000413002965160558,0.082059351697191,0.71387879650776
70.7932,36.5398,-0.17215448809775,-0.365179294906612,1.66446344094456,-0.414318418819676,1.72736795369675,0.753823195693342,0.238138049076164,-2.95126163768072,0.527140671745844,0.222203149267571,0.00150443836735281,0.727327308786113,0,-0.510532037054567,0.00000434381979386167,0.979189483169148,0,-0.613334935198263,0.000226140957333865,1.16914991378434,0.00000589429310382528,0.430247531671083,0.00332486298459189
83.7324,36.5398,-0.750126939240906,-0.805776421416979,-0.253575531466893,-0.708642645650579,-0.597593327924453,0.642170718725899,-0.817356970330037,-0.813818725199556,0.83948464951979,-0.225272560490901,0.00705982438735919,1.21829896056646,0.0142735517999912,-0.921541957894595,0,0.661355214710173,0.00485004601092554,0.248264033970769,0.000658107625914228,-0.0368188107017088,0.173530502650129,0.965505833090734,0.00403002266702845
88.5204,36.5454,-0.905403370028598,-0.85951249688162,-0.86039480813127,-0.301147654141195,-1.64286858787888,0.180336669286462,-0.510394028797351,0.979703238436115,-0.531166714479299,-0.811543892437332,0,0.800577422128683,0,-0.943440174135438,0.00000000000000399680288865056,1.44260408160209,0.0095208901175472,-0.0855288644558506,0.337445164134851,0.170219481320338,0.487692261123599,-1.81576395362229,0.509279810453808
74.661,36.5456,-0.868979151354934,-0.841197998780345,-0.629141111136737,-0.217330689001212,-1.89207751684157,-0.487577558690347,1.17790933963649,-1.34900412387426,-0.327747397915528,0.255127163831962,0.00000186735891460899,0.657153785377101,0.000000000000512923037376822,-0.861360144100719,0,0.987042913563892,0,-1.46722538419803,0.0205026378707198,1.55547856879213,0.0601951726637351,0.539306574229375,0.0353857930432266
83.8159,36.551,-0.828922722346128,-0.829770654520089,-0.608338200039235,-0.706309839773041,-0.813239025491018,-0.109815208555784,-0.512595360982092,0.0425359540556245,0.793488844142967,-0.25148382599258,0.00896682442697094,1.19879890493849,0.0180789433008495,-0.907773506687538,0,0.555119450670017,0.210359500828248,0.156824844705829,0.00871514417046848,-0.0279078037447096,0.189949183346003,0.928743669036542,0.005398974765221
97.8763,36.5525,-0.591499385105873,-0.698869316593176,2.40631465625378,-1.19672807835541,2.20019757393338,1.09063727566719,-1.57494773202956,-1.84139659551788,-1.21099688968282,-0.747596343474328,0,0.928706100425997,0,-0.915666856304828,0,1.01732896310931,0,-1.20549116749881,0,0.435460831189197,0.00000137929115240354,-0.165662902207646,0.647928190063194
72.5596,36.5589,-0.909020230605856,-0.746128686587476,0.325097681724474,-1.07494870047911,-0.0525906172133692,-0.962628194389044,0.543959598573916,-0.343295048515116,0.988563990442696,0.146944574974708,0.00917547958356657,0.752044344832947,0,-0.807523503069357,0,0.979079177886818,0,-1.12897134634547,0.0000239354743880593,1.33993470472599,0.000387282355909901,0.484146807835116,0.00905662551039499
77.2882,36.5627,-1.6716041616095,-1.3138674478347,-2.5914470027582,-0.302471267866699,-1.63420935585358,-1.51808231500195,1.91233609087663,1.4554371404125,0.952388208463297,0.214151943914462,,0.483182358216246,,-0.941823274215535,,0.876701057786273,,-50.8510187169599,,38.6724278485011,,0.74572773659947,
77.8751,36.5659,-1.50206826698984,-1.25014994477968,-2.06318658998952,-0.0930152376722689,-1.48648726455341,-1.28479722706291,0.669157145767283,1.19545016478963,0.543048034871727,-0.33057615706281,0.0000807166807561543,1.15522096063056,0.0000260253240185193,-0.89918186834123,0,0.911110714062023,0,0.391035797121987,0.000040280320083852,0.191718173088238,0.0168086455177334,0.754682477701566,0.000000755339842006819
89.8879,36.572,-0.536627965462639,-0.601032978643731,-0.509794929466723,-0.219735400674537,-1.0739026212165,0.268282708160227,-0.902541395490235,0.539239413348315,0.128666035728306,-0.858299130047479,0,0.902210048417939,0,-0.81228193613735,0,1.47267877162221,0.00638054615929118,-0.0766569758914034,0.154366943409492,-0.0643350488244651,0.238698898616194,0.401530809320714,0.0342525318185818
74.7874,36.5779,-0.448490072105784,-0.451809835004523,0.806730164886164,-0.264848328067609,-0.973325005955789,0.211168290403476,0.3887275036565,-1.6524180447832,2.33631941136375,0.248900981235634,0.00000292857270478564,0.656364203090212,0.00000000000126898491714655,-0.86306316894939,0,0.985991116387272,0,-1.48177506228466,0.0202790087159674,1.52437983853903,0.0575640858598363,0.52344771729223,0.0337985199142228
89.0239,36.5791,-0.461087001315888,-0.522680879490054,-0.084903782682427,-0.274966854661496,-1.18214183023411,1.13559986134431,-1.34741996231018,0.434863604266196,-1.07582501965608,-0.815481748636063,,0.822497004028703,,,,0.0179618179231344,,,,0.00177264650508425,,,
73.0796,36.5813,-1.57218300927525,-1.33206782776071,-1.98506041856788,-0.486476351171012,-0.815802871038644,-2.30180318512218,1.65783745096149,0.708151927061585,2.97737401844623,0.21696326009762,0.0000775120151548236,0.725886403585075,0,-0.798193311437337,0,0.982474208544914,0,-1.04143440742666,0.00000311077530401604,1.27405888424268,0.000149008804287698,0.472272334784081,0.00440806348755696
80.0791,36.5837,-0.0918549123676862,-0.0933108703909373,0.203493427823209,-1.16271302480882,1.68009598735459,0.777373557828592,0.0490459874592875,-1.53716900318737,1.13245341983936,,,,,,,0.964183950487554,,,,,,,
102.364,36.5887,1.62329138094281,1.53599429694459,0.49999510963494,-0.053956779140128,2.00566530084653,0.810383015561481,0.67538326885618,-2.47294045667763,-0.347240805847124,-0.591897864685214,0.000000000341934924819043,0.796913148638929,0.000000000000000222044604925031,-0.671793764288776,0.00000000000000377475828372553,1.0134350801386,0,-1.7025155192929,0.0000309547898855733,0.684883968175138,0.00570047010567287,0.224375544107676,0.281203798044893
71.005,36.5896,0.0455262630603822,0.034075153491417,0.728230116835724,-0.664595215717615,0.871740445533195,0.189666232445199,1.43836467729093,-1.67516314593612,1.30219624185831,0.219911929084967,0.00113457225751401,0.722518679863919,0,-0.523583097676351,0.00000152592253388484,0.979580472966754,0,-0.608747347779519,0.000160644602290816,1.17619830268463,0.0000121567385220622,0.425944510556934,0.00354504082373519
95.7238,36.5918,-0.865362703545918,-0.845941775909206,2.60603771009128,-1.50468324027805,2.91577963184553,1.14279740198372,-1.01828075250403,-2.26181366528409,-1.31776193182463,-0.885779697918621,0,0.938409992006092,0,-0.961206801183936,0,1.02839063152876,0,-0.854908352115809,0,-0.116861578051561,0.568888280669976,-1.02651520800978,0.506359650669777
90.2758,36.5949,-0.149549854886913,-0.159841249090512,-0.555867326088873,-0.158381884320924,-1.35053158363236,0.418613833424817,-0.0813557703593914,0.371376545228665,-0.89023628407919,-0.891697088305086,0,0.890863279263362,0,-0.763079613665463,0,1.33509554998207,0.00000181848455160782,-0.122196637367871,0.0412200114732839,-0.0531616055402585,0.277578788329412,0.452916403386057,0.000245656434837871
87.7708,36.5962,-0.474939368444526,-0.523173357894772,-0.371936506686022,-0.409344236362299,-1.55718630251434,1.2930806889782,-1.16586005077052,0.514381524947747,-1.17103345747777,-0.761285788828178,,0.681548646380618,,,,0.0320733767811795,,,,0.00353504585370852,,,
79.7141,36.6003,-0.502402254618893,-0.555901493363994,1.07301006752308,-1.05517271760121,2.04472427993081,0.966627502379957,-0.771503623765666,-2.18214634404636,1.14445071917864,0.00498850377755316,,0.00639956849922842,,,,0.960832040716325,,,,8.26983242259078,,,
91.4062,36.6031,-0.1663959047516,-0.145071513500779,-1.03751819376493,-0.244438915926648,-1.43443997965048,-0.289042581550874,0.0408431065814167,0.459307667148417,0.186538502131137,-0.917393634979142,0,0.910617822742003,0,-0.757397469393651,0,1.17394891787227,0,-0.17686198945665,0.00360030566491853,0.0231741754885712,0.882928556161864,0.457940016235511,0.0366716744366427
99.2762,36.6042,-0.426553266535802,-0.564687497196507,0.614368700154058,-0.668475919845929,1.48861501634662,1.28733625395239,-1.04155097796138,-1.77181639001447,-1.30072069018896,-0.665563850445308,0,0.930726782681668,0,-0.86419044058988,0,1.01466880640428,0,-1.31591476078061,0,0.580613918837411,0.00000000000000910382880192628,0.134525658720595,0.494876785395841
77.3929,36.6076,-1.57238387150163,-1.28111292999362,-2.22716982632929,-0.278240603463716,-1.81671762577955,-1.12940270070336,1.72389847440737,1.25273563133888,0.460737794192824,-0.180432036311389,,0.867493711840976,,-0.888935169995316,,0.856321544572245,,-344.924065642551,,324.244553376302,,0.938430970672484,
73.1408,36.61,-1.10037118908543,-0.903706338699209,-1.19200174202774,-0.351228888364541,-0.877892768952413,-1.5322971529237,1.60888810872631,0.0183241829159922,3.38760537698633,0.223214201925706,0.0000566155704673221,0.723394243140958,0,-0.798455028740495,0,0.982490570161762,0,-1.03017437684545,0.0000029760644486565,1.24701326808166,0.000158139456929218,0.455671320111414,0.00606770367609699
101.533,36.6371,0.874132182622641,0.855707916772469,0.564636968088929,0.354744898729383,2.07611358829231,0.656983735372838,0.564954479953734,-2.59687412491305,-0.634354064005241,-0.304518477441087,0.000216991632433494,0.776802940734074,0,-0.716245864297604,0,1.00489057075425,0,-1.2600404324682,0.00000000000003530509218308,0.628391171987504,0.00000000440928671352481,0.205334779732725,0.149765308430478
72.2743,36.6371,-1.695426907715,-1.40193967346874,-2.09076543722431,-1.0439322397773,-1.79065257366327,-0.473093507768147,1.19112494159954,0.779551735748858,1.3208744381606,0.137891052536551,0.0166913018954522,0.756982260460275,0,-0.808813573707356,0,0.97725162491296,0,-1.18517229818672,0.0000327591641315905,1.39898172717843,0.000363986165615726,0.506551338319114,0.0052164090744955
96.2834,36.6378,-0.790009842468173,-0.805162236530782,2.14680030231316,-1.46877860730466,2.92008968398532,1.41446983790529,-1.05783077166503,-2.26569186959593,-1.32665821679658,-0.868176428243672,0,0.940911183972113,0,-0.955755626764143,0,1.02503440715415,0,-0.982588473152777,0,0.0791260026285672,0.524026773243063,-0.391351738585359,0.547175140951809
72.5917,36.6397,-0.506208190778295,-0.246801043835177,0.74892921791649,-1.07487144536418,-0.405174796398516,-0.0692971981207446,0.685082324477937,-1.02673782950713,1.70283219467869,0.146944574974708,0.00917547958356657,0.752044344832947,0,-0.807523503069357,0,0.979079177886818,0,-1.12897134634547,0.0000239354743880593,1.33993470472599,0.000387282355909901,0.484146807835116,0.00905662551039499
97.466,36.6407,-0.799430843523413,-0.852412357271364,2.47768372542814,-1.31088715759999,2.70742784016489,0.992677465099965,-1.60224580634986,-2.0247989250687,-1.14691698570765,-0.77633572195089,0,0.933236324187078,0,-0.934528621292069,0,1.02001193551396,0,-1.13724368767402,0,0.329574414889807,0.000178588359598386,-0.21130719121802,0.603573085161827
74.8848,36.6531,-0.894669899643861,-0.809172287336934,1.17119843915808,-0.428394993155999,-1.10942898858649,0.701420295893998,-0.21661942497889,-0.788209927776167,1.87887997160742,0.259292267762114,0.00000183221990335269,0.65694152249051,0.000000000000869304628281498,-0.863441162213487,0,0.98691521200568,0,-1.40635412440422,0.0132924350462698,1.41930168142297,0.0477129139596917,0.488318314380847,0.042597271479869
87.5919,36.6866,-1.06732556844591,-0.994586626240059,-1.16738358841684,-0.468091651275837,-1.89036726193692,0.0580853348682559,-0.209734185039438,0.92180399002039,0.101901287718773,-0.741999473228704,,0.649646953335446,,,,0.0197982998473462,,,,0.00202879640666974,,,
91.472,36.6877,0.160202400043246,-0.0709701918174108,0.355601516828292,-0.44336578757375,-0.257134921720043,0.715536459642176,-0.322803164335405,-0.329863379710544,-0.740121364658074,-0.920126585843987,0,0.909218031236394,0,-0.767902652948649,0,1.16969930989412,0,-0.207251657440564,0.0012092190714259,0.0427503733698101,0.818836240383887,0.409924102758413,0.135792277182941
78.4487,36.6931,-1.56979349517207,-1.31901576127684,-2.61270319215998,0.134772656345299,-1.21889426604356,-2.19259568525262,0.983351207682392,0.973562753405352,1.0265109647301,-0.309129020767258,0.000265973098396488,1.10810906681328,0.000000536619226387813,-0.87493130804708,0,0.900164404028835,0,0.534839598116157,0.000000541981510338019,0.0176824759110295,0.824771787208343,0.87601446447558,0.0000000231217380797233
78.1433,36.6945,-1.16399675620838,-1.06601359584399,-1.87285554588069,0.0895075623501323,-0.825194463695325,-1.60271234409162,0.322749986516582,0.507019234451122,1.12283663249637,-0.329542477744839,0.000209208665065352,1.09022658380075,0.0000014376016708173,-0.87143699604691,0,0.914263975500871,0,0.44064364032343,0.000126673310538283,0.149480503508218,0.126631791650176,0.825901688394452,0.0000000902075862896368
92.1223,36.7012,-0.516007789468921,-0.684076487871303,1.94875926510945,-1.00013753455409,0.797519395648568,1.14652278938655,-1.44015926009003,-0.981332252909667,-1.07577890637738,-0.908647761715963,,0.911884390991534,,,,0.0180714257489094,,,,0.00120623007380892,,,
84.8709,36.7031,-0.734348664459397,-0.820003570575427,1.51573237370011,-0.841667337403261,-1.3141662101692,0.997212129399379,-1.56256158721256,0.100651814835851,-0.253644150687345,,,,,,,0.178442813772535,,,,,,,
91.9714,36.7138,-0.598534727433441,-0.732003975414582,1.84045306699317,-0.949319876287962,0.718368609061211,1.2439064296175,-1.37490262523472,-0.917726928294776,-1.04700201578239,-0.915440173235149,,0.907768769681746,,,,0.090435094022778,,,,-12.2334301985234,,,
87.502,36.719,-0.693864287486466,-0.668520421088983,-0.670753630916751,-0.495761630626521,-1.80385655510046,0.528116858847521,-0.807027544801593,0.629522536576735,-0.581422578599711,-0.740016932120324,,0.639296940577464,,,,0.0292281223274867,,,,0.00283811900787966,,,
77.9793,36.7231,-1.09713488932763,-0.983779507470329,-1.46542465780549,0.151073027942775,-1.24489833692785,-1.35794742757953,0.179796915538451,0.392120753648548,1.02807524285805,-0.327653200471392,0.000155429210745295,1.13276143476683,0.0000152878547210467,-0.886854754487265,0,0.901177000420077,0,0.450877440996067,0.00000605923900254268,0.133498541863681,0.0938782632550903,0.793415160605865,0.000000660755653525413
101.645,36.7316,1.39004781525323,1.34610283603354,0.412347064207182,0.0415785043686914,2.05282631336614,0.688974559304767,0.777311721350054,-2.42966360636618,-0.333222016464504,-0.215704257120226,0.0118423692883094,0.753510987516573,0,-0.700397830337845,0,1.00443547264641,0,-1.16193763248922,0.00000000000000732747196252603,0.587645395892606,0.00000000021559021234907,0.219840549406341,0.0857869432050549
91.2295,36.7343,0.0152517158242488,-0.0538856540753803,-0.393322058571558,-0.32693463232119,-0.935744745559654,0.600455227507814,-0.274186223543501,0.0943452582557795,-0.606335833105729,-0.924225944681067,0,0.90727123317318,0,-0.748028890698221,0,1.23565269742625,0.000000000000000666133814775094,-0.166127986391104,0.00724103502210438,-0.0242417461695179,0.730678197713964,0.590407040496425,0.000000118908638047088
73.0662,36.7451,-1.43642007504992,-1.23903516562764,-1.47438861906136,-0.53911151149565,-1.14123277268981,-1.13613044418871,1.14714488904045,0.144686330303294,1.60234649788298,0.232040865878571,0.0000365620427453806,0.726031031790018,0,-0.800932077587602,0,0.982637782976837,0,-1.03058950391704,0.00000413141791000271,1.25276224152307,0.000209453189552899,0.458660484498545,0.00749690527321456
93.1869,36.7501,-0.802996276102327,-0.854188811164798,2.42284646060891,-1.31797272158013,2.05435187285444,1.05537968938612,-1.64770491693817,-1.71471285226369,-0.999471322827758,-0.909172096567718,,0.924682825224907,,,,1.09180790621003,,,,-0.139519023429493,,,
78.4472,36.756,-0.412001593674045,-0.407353603311635,-1.23953996659565,0.109905506119876,-0.785958845743493,-0.694790555993866,0.166729901616554,-0.311233159243803,1.6736749049894,-0.316571375372116,0.000241753715615411,1.10853086020208,0.000000560731727938801,-0.874898035998767,0,0.893355838551223,0,0.519619324805679,0.00000083061665545614,0.0156635364173427,0.839632265166299,0.873036115852487,0.0000000267234299133889
97.8533,36.7618,-0.501276160275905,-0.593885752465879,2.36198359236406,-1.15835070539322,2.0019414778426,1.22178574890147,-1.51853208943095,-1.77867537443242,-1.08829207755958,-0.75467169750443,0,0.934585261670187,0,-0.919497461223294,0,1.01894677489479,0,-1.18894644906686,0,0.386858907265854,0.00000128346487815456,-0.115912487072048,0.721407979976486
78.4622,36.7741,-0.354407774803106,-0.343786674643291,-0.893715556244665,0.107846448429728,-0.564457583789869,0.13897112151286,0.0711559671764278,-0.569135956377068,1.57967876316439,-0.316571375372116,0.000241753715615411,1.10853086020208,0.000000560731727938801,-0.874898035998767,0,0.893355838551223,0,0.519619324805679,0.00000083061665545614,0.0156635364173427,0.839632265166299,0.873036115852487,0.0000000267234299133889
84.3863,36.7792,-0.69729476635392,-0.672526645345824,-0.356732430830203,-0.890857938770732,-0.647500621995481,0.376210557208428,-0.669920640542179,-0.227217008156325,0.680735026750012,,,,,,,0.353429774391099,,,,,,,
89.0987,36.7815,-0.43805713014454,-0.499870502415134,-0.517007728534437,-0.432816159888309,-1.1382587873116,0.792365992281894,-1.01066845406398,0.406664526344787,-0.637654737672863,-0.823065706439804,,0.834827097758756,,,,0.0219956176707834,,,,0.00213145020523085,,,
74.3593,36.7855,-0.93884700787109,-0.841793723380861,0.520352269833323,-0.578298895257265,-1.91028723898366,0.268578552868606,0.386965332323609,-0.812578296837495,0.839570765279865,0.249346676338097,0.00000395805962316587,0.690151758901067,0.000000000000000666133814775094,-0.906456282029093,0,0.983220805101672,0,-1.25277195547479,0.0311480395204662,1.51147434974338,0.0634574738742522,0.559152507940879,0.060696912512896
77.5503,36.7856,-0.584880706464193,-0.554173301719542,-1.3494228509798,0.155410521509251,-0.318709158562538,-0.693931046353587,0.845087524576995,-0.0231916545386666,2.14923220779618,-0.319816900889436,0.000220649050867383,1.12696678982611,0.0000236493790153336,-0.895280336159674,0,0.88282677928514,0,0.417007123308078,0.00000597060795670679,0.148555924651363,0.0504349615244821,0.799200110193845,0.00000212884421357806
99.6625,36.8017,2.2569549613699,1.78031930169963,-0.0648603981558606,0.380121826950724,1.14117355470151,0.18373781198358,0.931040664569778,-1.25007261134397,-0.632068042859575,-0.641637440796021,0,0.92768015242757,0,-0.84830457393086,0,1.0140628039781,0,-1.33721721526463,0,0.620341090629141,0.000000000000508926234488172,0.0165356818672352,0.947541406575233
86.9155,36.8028,-0.677621765915175,-0.746328405505236,-0.459966307658745,-0.62087518289977,-1.82999644453444,0.429404990727953,-0.925161786497858,0.864435086666161,-0.631836508938581,-0.691229516490773,,0.560936896504649,,,,0.58036126653364,,,,0.082559922991116,,,
98.1423,36.8201,-0.250603188977403,-0.420680842738172,1.19901939706199,-1.05567971589287,1.5257152010408,1.11556522616789,-0.860484445423013,-1.34454558749674,-0.486455850533961,-0.738257653358315,0,0.937395520981827,0,-0.911815161952184,0,1.01776024965527,0,-1.22584326745826,0,0.418241322950602,0.000000315030549868922,-0.125919811803198,0.700930257071662
89.7874,36.8203,-0.0389866561470268,-0.177647969807592,0.153777856843861,-0.345021330601541,-0.661288655636794,0.632019548597822,-0.261789990872436,0.109757037589795,-0.353369290459449,-0.877162911211534,0,0.900275078547265,0,-0.803546433394941,0,1.23192639236708,0.000000000000325739435425021,-0.0964127457222774,0.0600557581863694,-0.103961144385002,0.28478766886728,0.410242415851966,0.0755871684973517
91.2323,36.8238,-0.396979418019997,-0.534606523305616,1.21883659952622,-0.387358662726783,-0.181604684985064,1.33263202835553,-1.49971703700224,-0.609738590799979,-1.15608696597588,-0.926003630500262,0,0.906656725395698,0,-0.746614335600434,0,1.22357970403994,0,-0.169308085959128,0.00598926264259969,-0.052155335986041,0.384803930719529,0.679369379587308,0.00000000000104094510788855
86.7977,36.8322,-0.634517934837285,-0.72284477064438,-0.35795460800738,-0.629070778271367,-1.66557771900193,0.403315113302429,-1.11451414287463,0.832290511921973,-0.296183133060954,-0.678745928539881,,0.5341505961217,,,,0.617583203743348,,,,0.0871330934926861,,,
88.4482,36.8343,-0.584080665820674,-0.628270971894574,-0.215120999048347,-0.503905350788318,-1.07604423225668,0.616136310714651,-1.23669312425564,0.570439715515599,-0.787767761182576,-0.828490381316407,0,0.79612885035761,0,-0.926881225192955,0.000000000000000222044604925031,1.30531071746893,0.00000892027263121875,-0.106187529630765,0.147717658724472,0.118466850994828,0.496764542045567,-1.14625851310948,0.387248272018039
71.4087,36.8357,-1.2089421821261,-1.11721552872021,-1.34016149804703,-0.856854018234353,-0.719317251428652,-0.654484338717555,0.967091499908761,0.460064074832942,0.822224254264841,0.133518541131436,0.0318567076158873,0.751828639131356,0.0000000000000108801856413265,-0.746640664312579,0,0.975744205714015,0,-1.2286776844121,0.000132361138253101,1.51470275744682,0.000490713036074952,0.560118627647256,0.0011234083786924
93.6296,36.8394,-0.465310099675098,-0.571856107479159,2.39624566761797,-1.47136145042719,2.76780821393904,1.09476035112992,-1.21211550054654,-2.18184440400849,-1.29393561378276,-0.914350037484537,,0.924243306410645,,,,1.02028127298928,,,,212.479281098024,,,
89.6144,36.845,-0.356700484075025,-0.496103630504664,0.483911388420293,-0.419268816687826,-0.446701574156025,1.13525838607891,-1.55014666412794,-0.185335482439413,-1.292893791659,-0.85628572865946,,0.868340084921932,,,,0.0417166411705318,,,,0.00387578238851528,,,
75.2526,36.8559,-1.08822074115843,-0.939959654728838,-0.247706431956685,-0.92845875084683,-1.92521897921531,0.217788505679458,0.366274437540554,0.596743644465816,1.77717573241407,0.258094078343113,0.00000229392944306461,0.640920106312158,0.0000000000777389264072781,-0.876228991072515,0,0.98325790326499,0,-1.48534072314358,0.0223988758147338,1.37675241452821,0.0626251659859489,0.456548225734464,0.0457433935302509
77.8193,36.8712,-0.330046503119627,-0.269603890977419,-0.838337512485142,0.455907522016007,-0.292357450885056,0.0032589942673454,0.286255084023346,-0.663138068268132,1.75251859412724,-0.307397776107077,0.000327604720291585,1.12349274224841,0.0000180916788741214,-0.885821705346418,0,0.887670107720455,0,0.456095722563466,0.00000182835395290404,0.120885204478731,0.112468330721911,0.809053919746593,0.00000127601759958296
76.8399,36.8812,0.163760547465246,0.230366010754201,-0.206087682231748,0.268790487868665,0.0480117017302821,0.360931271076911,0.410673462934887,-1.21673692087206,1.13190684858969,-0.27693740794566,0.00224203969275116,1.06700345743602,0.0000346762729201977,-0.875544877782365,0,0.830705392584867,0,0.325100013733918,0.000249131859893392,0.111168547836106,0.139097712340104,0.812724413965142,0.000007360219815844
76.935,36.8855,-0.0985416375897565,-0.14867617773786,-0.783259740518504,0.186925204368666,0.226077917879194,-0.0258188557949423,0.214533083019956,-0.64285421470262,1.18983978055199,-0.292222638036685,0.00120090082474955,1.08408980904674,0.0000391634995000611,-0.87972664448209,0,0.812085992943256,0,0.324683389333934,0.000046696986081729,0.079900420425669,0.186379037412542,0.811093026977953,0.00000686189679210969
98.0054,36.8939,0.200466301111298,0.248498949591247,-0.25228732588299,-1.05572033098987,1.33087537513964,0.380461987213643,0.537078312433696,-0.35271402741696,0.32374549246243,-0.752988989428409,0,0.938754570500235,0,-0.923063599097615,0,1.01828795263263,0,-1.1837154218347,0,0.369408877619718,0.00000359136514260783,-0.225363592253063,0.547845752231709
87.4962,36.9235,-0.731636904025755,-0.778321421721574,0.69920985850149,-0.582879707976675,-0.888885646074408,1.30583477012387,-1.4426334916693,0.0290791718180983,-1.1807207308552,-0.740177524815809,,0.62902302735151,,,,0.0220296381318259,,,,0.0020578117743814,,,
88.672,36.9344,-0.626197890159016,-0.702369328374143,0.47234900158766,-0.641334005399506,-0.667313212301525,1.11472911511267,-1.44631356804093,0.0821817703617787,-0.538541698145846,-0.839739307900149,0,0.819900603152251,0,-0.904765417751339,0,1.34519230620159,0.000175324107383412,-0.108927638333075,0.227399861962075,0.151466948252527,0.568132631277845,-1.45518977247619,0.552956515701062
93.5659,36.9579,-0.801645954297889,-0.827534518789701,2.29756484435327,-1.49113244531522,2.80945649554817,1.37493565473191,-1.28131166649964,-2.18956738137607,-1.29771064233517,-0.905800397561645,,0.927954351505271,,,,1.09881945021102,,,,-0.143276300948992,,,
97.0561,36.9581,-0.743796313004096,-0.804950178618815,2.46685179240975,-1.42081473392182,2.56502399965021,1.0783831567471,-1.55769444644489,-1.890014303788,-1.14421038546815,-0.822724488375929,0,0.934933862500156,0,-0.935428306851462,0,1.02071359713955,0,-1.13487994886525,0,0.327566348761561,0.000953343503443449,-0.410523412673639,0.456531586610363
96.8488,36.9625,-0.815441511488213,-0.888827399744649,2.53204448496857,-1.43466564837956,2.74142294358583,1.32644754357071,-1.42774863784142,-2.13192457160649,-1.30657167417623,-0.831223198122289,0,0.936036786337823,0,-0.936150576274209,0,1.02317425162247,0,-1.10677581999855,0,0.320322791199943,0.00116670061774982,-0.236769041336631,0.59759320558799
74.636,36.9809,-1.66650570835936,-1.34532753910065,-1.57440649100714,-0.767624849271405,-1.94110038331622,-0.924065513281279,1.55887170904641,0.772058291897763,0.550858048233083,0.223850622672374,0.0000228403109912012,0.681954197436023,0.000000000000222266649529956,-0.906606581816641,0,0.989746549405992,0,-1.8675561026449,0.149855694118513,1.98268594690792,0.208291785819669,0.643282085201041,0.060914708440083
75.2302,36.9871,-1.27811951194836,-1.07479498266265,-1.58465256658938,-0.784359801655514,-1.94219247214691,-1.26217049362476,1.69034854962377,0.824162593923305,0.828536193454211,0.255421763636864,0.00000373749957405245,0.64811526934761,0.000000000046260772990081,-0.875263579094338,0,0.986736141345396,0,-1.44407862305511,0.0123529414350518,1.3169841178185,0.0411401276465675,0.438472102359107,0.0357166178798616
75.115,36.9906,-0.897819307720776,-0.851589438206867,-1.44002499581415,-0.652739512233346,-1.75919776836076,-0.875480575588546,1.26526591597352,0.694767754807512,1.05183352479916,0.253614672403017,0.00000514949741492465,0.659499637704705,0.0000000000363837848738058,-0.879975198480071,0,0.985643804465099,0,-1.48358251948181,0.0145066545641002,1.36539306281759,0.0422454027878654,0.453378614658286,0.0312540478329635
72.2891,36.9924,-0.690406734684239,-0.709508431825815,1.75462410504857,-0.936062730271578,-0.307549239317021,0.337188411966513,-0.689309107846321,-1.16697886397057,1.42435784667669,0.141052123818468,0.0106188532283185,0.734297411925923,0.00000000000000133226762955019,-0.804129837912962,0,0.977103032567138,0,-1.21785297050111,0.000148570905226242,1.4191834660618,0.00135334228060824,0.505412532545772,0.00789907731360961
101.783,36.9927,2.55900009541635,2.5945021394109,-0.209734825690786,0.464537688587764,1.60248163977993,-0.596532326197555,0.706881505567101,-1.9820214102702,-0.396672984429881,-0.29251281129761,0.00100601437979875,0.803263697602858,0,-0.664087228614231,0.00000000000000222044604925031,1.00388664785455,0,-1.27380491533439,0.000000000104244390897179,0.578463728308935,0.00000707341677697038,0.112384482948323,0.526548700407948
85.5192,36.9951,-0.833996540390665,-0.888521793731461,1.09911535485251,-0.89327063937814,-1.01592474069715,0.81477627778845,-1.39001221566354,-0.0611178130951068,-0.579310492251995,,,,,,,0.166602085740195,,,,,,,
97.7758,36.9958,-0.517492680851679,-0.572750046901822,1.17678898588313,-1.13073196878968,1.93268642898046,1.07589425623553,-1.06021335222456,-1.55250954349295,-0.47179061737755,-0.767918662413394,0,0.94243481648647,0,-0.926049557009221,0,1.01878039840215,0,-1.1774130300004,0,0.363601117869597,0.00000448911727546353,-0.17894951968775,0.618976140816718
89.9984,36.9961,-0.458951447841017,-0.590253060002219,1.0937116321392,-0.65748835903128,0.0457727817963091,1.1332971256445,-1.36967541203925,-0.446402801002664,-1.28893650943225,-0.889695228961235,0,0.902068448524753,0,-0.776158382047928,0,1.15842713880098,0,-0.126833735638038,0.0392090460880437,-0.146327294383981,0.167418942306802,0.39375971271067,0.0950391868525728
77.5393,36.9973,-0.274391788856515,-0.162571248413235,-0.699047944077946,0.166505148590866,0.474007632247123,-0.269647117814654,0.70504367054799,-0.747505211900069,1.64947248431857,-0.30018036453604,0.00042528057224489,1.11769727603919,0.000010091618961372,-0.880142216901737,0,0.873167598069224,0,0.48348752167815,0.00000026644082562477,0.0544461552923521,0.431619065221203,0.846374863926781,0.000000937977964188264
99.2865,37.0054,1.30057442078281,1.30855163372424,-0.460846582998424,0.139245059437178,0.252908001493122,0.137945050045814,0.731907440160075,-0.681184097537322,0.0754521305559132,-0.644997427887919,0,0.933481791160641,0,-0.861227348581368,0,1.01294501732908,0,-1.30716150345242,0,0.569983049114586,0.0000000000000184297022087776,0.0338228211231215,0.879787913807741
73.5837,37.019,-0.782822881738559,-0.596686614670117,0.777734993317755,-0.739332650221929,-0.911874941408727,-0.537890701858917,0.589771765933618,-0.581704546136808,1.60323575208688,0.242073961945823,0.0000193576199780665,0.71569500378149,0.000000000000000222044604925031,-0.837701356391259,0,0.981095266255339,0,-0.97623136215558,0.0000140241299935173,1.14876231755634,0.000529134305828682,0.402042054041473,0.0252242631524229
97.5126,37.0273,-0.663690459471689,-0.724549885779491,2.28809868573038,-1.28420849351821,2.11469490493009,1.16675991698485,-1.44524912946638,-1.9127963318647,-1.16674484485399,-0.790301037428047,0,0.939028901725748,0,-0.930799578126111,0,1.0186559699211,0,-1.16401110471752,0,0.338275017601075,0.00000980866719868523,-0.0866746270632245,0.783411268014493
86.5303,37.0276,-0.683868984458897,-0.765505988312475,0.340801902532495,-0.722245465044018,-1.46584976213488,0.846877997492484,-1.45354612645834,0.427233240860713,-0.583382703332987,,,,,,,0.688222114707121,,,,,,,
74.4284,37.0283,-1.69444736381373,-1.33454613209092,-2.22323211769098,-0.987839365301238,-2.36911373135819,-1.5948923884953,1.61731708237551,1.03722591187931,0.372173337163089,0.199423622078101,0.000193105730494469,0.707992399834604,0.0000000000000421884749357559,-0.923563819142113,0,0.975567356968197,0,-1.97242092359555,0.23852309507561,2.34216702272706,0.267847165720547,0.760278053185457,0.0406123582223237
90.7457,37.03,-0.442037555712801,-0.502778486426979,0.937647885706907,-0.539371704611202,-0.3146683924576,1.19595760743849,-1.43930554382575,-0.317824450212499,-0.90039870461854,-0.916909210240209,0,0.905618064122502,0,-0.728724314958777,0,1.11518926942243,0,-0.204912546444542,0.00502986291399266,-0.162161444377732,0.0285406767173082,0.567924752203532,0.000000000694803992118409
90.8087,37.0348,-0.408639157175325,-0.524961477000044,0.556495010208927,-0.547012009731246,-0.340757606604776,1.13831157683913,-1.29914774745339,-0.320322386153682,-1.14891541582001,-0.917619115526693,0,0.90526083891756,0,-0.73014945398631,0,1.11322495923254,0,-0.206234241017992,0.00486878488841835,-0.170788131641395,0.0204355141577997,0.578007815445701,0.000000000101437303001717
95.2034,37.0369,-1.43350124117229,-1.41978561507699,-0.353144301781543,-1.53553354880214,2.92676799393845,0.601325880491933,-0.263248449922469,-2.28454052154398,-1.32390483836498,-0.897829046027915,0,0.934847566621493,0,-0.943229962760367,0,1.0332391856291,0,-0.853570792006871,0,0.0356287503130703,0.802729133454601,-0.449722596814084,0.568651459999837
72.984,37.0447,-0.770818244261582,-0.741389448315343,-0.824102855612979,-0.951109787426815,-1.40738355265234,-1.35105864966551,0.839119787403158,0.325746493461184,0.259338281859226,0.238095476137765,0.0000273805024253448,0.726018772466869,0,-0.802919087632418,0,0.981803582329254,0,-1.04493912947168,0.00000412949756634085,1.2447934378981,0.000202449425919182,0.449761866787249,0.00788372641266522
84.4973,37.0458,-0.534261642579309,-0.641872155771134,0.93513317041654,-1.1434447080188,2.23389211226977,1.0392684235763,-1.20028172469004,-1.90904109517873,-0.0660922642481597,,,,,,,0.147412775340051,,,,,,,
96.1269,37.0505,-0.834254796446462,-0.85368259429633,2.55426368654778,-1.46127262809175,2.6625993836366,1.0605761681972,-1.57197383244145,-2.06244290534014,-1.17337356457157,-0.876012508996455,0,0.936091108845803,0,-0.94514839296999,0,1.02585185436378,0,-0.998010763597322,0,0.117804471701879,0.415054721276561,-0.445377217082842,0.573876693205643
89.5045,37.0523,-0.418434211844088,-0.54197898300004,0.894448644303031,-0.685608569275299,-0.125124408390708,1.15690399836995,-1.4338465295506,-0.30378100848371,-1.18876401176665,-0.854267604590394,,0.865313196562257,,,,0.0199647239114703,,,,0.00199034192747717,,,
99.7757,37.0617,1.94355046633439,1.61848510805558,0.184697469398823,0.414360019168312,1.06290941993726,0.352754094935164,1.28212290811164,-1.48262075191335,-0.763911628406034,-0.611691450251219,0,0.925706810779557,0,-0.838151191949118,0,1.0133206123396,0,-1.3283450466901,0,0.600683263451553,0.0000000000297917246427915,-0.11749476473316,0.710282404528501
98.5464,37.065,1.13683382534205,0.990182142856629,-0.167628751134992,-0.602146121565954,0.742765707308347,-0.178482893828281,0.664933597666126,-0.796395737113476,0.708428965307594,-0.722422721619444,0,0.933586827952068,0,-0.897365066073288,0,1.01524776955747,0,-1.25269815170433,0,0.434916297513592,0.00000000380511311348641,-0.0184306555351379,0.94143581265319
88.1941,37.1046,-1.37276637945395,-1.40359934242006,-0.948946344167512,-0.774885566146971,-0.376251555782969,0.954954042518896,0.639812039291227,-0.247000501587196,-1.31533257813948,-0.830846086656532,0,0.780877834251317,0,-0.903000674424644,0.000000000000000222044604925031,1.30412837166006,0.0000250217994037794,-0.09775094439442,0.132005911106174,0.0777245899109353,0.517492761467906,-0.879287052398315,0.30091068465005
70.886,37.1142,0.31069082688334,0.166863325644154,1.19269664633669,-0.984999545951168,2.0713253827137,-0.524765843940446,0.67923157542871,-2.0425691824495,0.275825896831215,0.341084210279581,,0.658704333661099,,,,0.982038294358119,,,,1.05176652441046,,,
98.967,37.1245,0.837757531612173,0.700507660840382,-0.572606434305853,-0.11647157293104,0.272097625516885,0.159980423640504,0.732063620434469,-0.464653363722281,0.24829375935856,-0.675590837317385,0,0.940300032847004,0,-0.870665757953054,0,1.01261029487343,0,-1.30763882023933,0,0.5460099382615,0.00000000000013899992268307,0.054619044188889,0.800060114235591
89.9023,37.1268,-0.42501104494053,-0.580357740306996,1.08759263335543,-0.762530765723995,-0.003220065419018,1.23384840791964,-1.44403088711266,-0.236613796909007,-1.2335366327208,-0.886737339565263,0,0.901934184519261,0,-0.781941575208423,0,1.16575569754336,0,-0.127173282117973,0.0334434196216749,-0.141905651483573,0.145947148518163,0.400817666257509,0.0636831369600515
71.1339,37.1331,-0.323187887191416,-0.359095265338176,-0.279851632190493,-0.844860731436371,0.724305683265412,-1.2276668440244,0.981611248150669,-0.591557566521933,0.894434271841607,0.174941473147729,0.00712975502882407,0.736651201412736,0,-0.661177497124816,0.0000000000000606181771445335,0.977901273335581,0,-0.823929016807864,0.00000699868800557724,1.250726929686,0.00000515046265259222,0.478415482281837,0.00101686745095164
71.7837,37.1388,-0.92544925327842,-0.905552007036289,-0.861705682025952,-0.94400548531585,-0.836940346350611,-1.29672803318307,0.770296787615526,0.121488160224166,1.00048580179875,0.116933666573994,0.0452249428302673,0.753929118915444,0.00000000000000377475828372553,-0.797103204674845,0,0.976617175573308,0,-1.37720132813559,0.000759950446557633,1.64036044822753,0.00271449606353857,0.593874646224925,0.00222397666374929
90.241,37.1421,-0.694435442457923,-0.771037515328495,1.12751293843357,-0.807276406528867,0.0864831226453657,1.20681862267626,-1.35459677015672,-0.609098090596932,-1.19271757716995,-0.904512398474952,0,0.896756362906321,0,-0.730814750389891,0,1.14097867075331,0,-0.128118017659388,0.0367272413706199,-0.141990487584296,0.0948419083867953,0.483929964421825,0.0000795132321906866
87.0938,37.1443,-0.817588783256108,-0.830384305873195,1.62603221531439,-0.65420734842188,-0.501175469880593,1.14275435692283,-1.47440741348731,-0.192615314791661,-0.600340219959919,-0.758532203171567,,0.578829829165743,,,,0.208897075222828,,,,-8.28920515777225,,,
98.8059,37.1489,0.701767251468646,0.545799911815302,-0.395832712257872,-0.196691792230599,0.351039346561619,0.402140387645881,0.717432789816709,-0.38915993887262,0.363826200964796,-0.686273195402615,0,0.950504881390976,0,-0.87917706397736,0,1.013060998697,0,-1.29548885402978,0,0.537592124393638,0.0000000000247684095455725,-0.0918927728300393,0.746269668782735
93.5189,37.1489,-0.422983894569484,-0.565962930700373,1.888354553225,-1.50237453813757,2.81950430194688,1.29445712223087,-0.998454042328593,-2.20564973636309,-1.31385540411327,-0.918451052667252,,0.925023225966904,,,,1.02339012516499,,,,1547.12320542634,,,
73.9798,37.1598,-0.48250641746601,-0.478131321419229,0.988699078114464,-0.927188386692889,-1.18521362663198,-0.64886994405658,0.282659717526117,-0.323259757136533,-0.286790409043866,0.204706595158813,0.00016183926315283,0.720748789821832,0.000000000000000444089209850063,-0.912810929496536,0,0.971047248949745,0,-1.31945772636881,0.0737405546025249,1.70340028761802,0.0949983676979693,0.656923432768383,0.0413641767540283
92.143,37.1618,-0.878402965642804,-0.89915409863115,2.56933163176041,-1.19843243365412,1.42378315027081,0.813756796269647,-1.64999966142885,-1.39516556654656,-1.19317282871001,-0.921852608868748,,0.911013256470706,,,,0.1853115506657,,,,-9.92883157687206,,,
75.7889,37.1625,-0.955037740190108,-0.930663612976786,-1.38756778307631,-0.239598634667927,-0.918936530224235,-1.5271819127819,0.287705713374636,0.727434840191092,1.19255326315266,0.20670262609872,0.0000320999188285764,0.552248185899278,0.00000520266594716823,-0.882416883698347,0,0.976277840121793,0,-7.52261860677276,0.773759084703032,5.59452745593763,0.779765499267389,0.645361173238096,0.108367670679705
91.3857,37.1715,-0.555717671023653,-0.472435620504916,-0.857496195376903,-0.308247842875944,-0.772192705601706,0.095302423417318,-0.316510491627136,0.442589365057093,0.454699689280271,-0.931403857583139,0,0.910076013504591,0,-0.734972148639921,0,1.11790432879677,0,-0.265221663132568,0.000419762201111284,-0.0988516245186809,0.238902162822388,0.598523254013826,0.0000000461280322827662
91.1529,37.1815,-0.631470250547656,-0.643843815441015,-0.56710954737997,-0.369652571735781,-1.21658018757173,0.331343024366019,-0.86810867072749,0.550846224520088,-0.293709176331104,-0.92497315382508,0,0.909978567262497,0,-0.738617497098773,0,1.12953732322344,0,-0.242794115210042,0.00143072595700477,-0.0751670241267825,0.475025677290076,0.552527503067414,0.000132412045180885
97.3257,37.1912,0.538964429835914,0.375073932783485,1.07660512088466,-1.36205068715731,2.42705576087086,1.32460012121634,-0.210175539850063,-2.05260865925602,-1.30478861080488,-0.792538984206783,0,0.939800390816736,0,-0.931800093650553,0,1.02190117319628,0,-1.14123002861327,0,0.337105728575465,0.0000638060158966169,-0.200384598936565,0.597855425716368
85.3592,37.2193,0.665314681193403,0.350632728217082,-0.165354123757232,-1.05037964710694,0.737256774694039,0.493828486428967,0.570184034605321,-1.00163023141108,0.101684984613726,,,,,,,0.802948220699043,,,,,,,
89.67,37.2283,-0.594176210438422,-0.732696740154793,0.97019962359137,-0.981648163242282,0.0590169655301768,1.16069217067695,-1.52096011696403,-0.240671535913913,-1.09504643310773,-0.882411750414287,0,0.894443782392512,0,-0.788101672258745,0.000000000000000222044604925031,1.17346056368993,0,-0.0856609307985209,0.110346201937269,-0.223446014094354,0.0344907638959873,0.523969262516619,0.00531918805890075
86.8666,37.2308,-0.897273662224206,-0.906833680086569,0.684060397530424,-0.73625553029239,-0.73655430184734,0.909332797936372,-1.57696359579927,0.179148449956158,0.0146406075717727,-0.705137879936969,,0.543646349176227,,,,0.268981042375109,,,,0.0242557542635681,,,
96.9225,37.2357,0.30953505713611,0.272526782990599,0.696813945659317,-1.41144161136343,2.52627955480475,0.143281873130443,0.351727853719123,-2.1047615083266,-1.29386708911345,-0.828016049691787,0,0.93999529088392,0,-0.941532791819923,0,1.0234383679098,0,-1.09743371775762,0,0.29747496117652,0.000965967905592446,-0.317056791803924,0.49698317526176
98.6912,37.2582,0.0294166193846001,0.050796405314731,-0.73926468882134,-0.165505544625633,-0.105469547106569,0.285713918117743,0.822571896864746,-0.263288776890779,0.0899762126825496,-0.712315276450842,0,0.932793501493239,0,-0.892184449805998,0,1.01394710021227,0,-1.24805307904629,0,0.425712993910728,0.000000125859560329289,-0.210155639971032,0.535979491511715
90.88,37.2737,-0.712508973812143,-0.673989771818623,-0.929118064923769,-0.589161917816406,-0.880983405711602,-0.308773439470517,-0.241663540167993,0.498744901557591,0.123855749009714,-0.917667034968105,0,0.904889814004189,0,-0.709296556685148,0,1.11145183907724,0,-0.131415713205464,0.0470400822456274,-0.237694176827378,0.00145250656576801,0.643352351421791,0
72.6315,37.2784,-0.821368701808144,-0.763705867786115,-0.530694790801198,-1.08405271625655,-1.38837579962656,-0.899913737411561,0.55291618308912,0.165771796351942,1.08054997985744,0.20912214895075,0.000198804219857296,0.727890880907455,0.000000000000000222044604925031,-0.812822446066917,0,0.981144852731857,0,-1.10232687320657,0.0000855350051709447,1.30983051573636,0.00131990959519546,0.473579677273642,0.0153337440165748
90.4837,37.2858,-0.691190406868318,-0.782960499484333,1.24588709517187,-0.787791025342977,-0.200909988753847,1.18964255935528,-1.34181700935522,-0.567848970877104,-1.11774146888823,-0.919329050160794,0,0.9021844635663,0,-0.734080094598973,0,1.12130619724669,0,-0.130104064116486,0.0463907113998354,-0.181209521881502,0.0349020756357363,0.554322754663281,0.0000000166448350658044
97.6732,37.2939,-0.155115158738488,-0.247495349852232,0.496266522808179,-1.06724189795593,1.49186765641484,0.839807321078214,-0.629259525148289,-1.15067923670219,-0.376500936483674,-0.779943466598007,0,0.949568276948153,0,-0.927686162326016,0,1.01814913942193,0,-1.17278725410128,0,0.337802100472846,0.0000338347643287218,-0.299859771826426,0.482301240021907
97.6312,37.2988,-0.2520745370258,-0.301812399699903,0.44748125981348,-1.10043406820114,1.59904401126796,0.74412679227455,-0.583367742591011,-1.12843419299503,0.0161554366552668,-0.788670592590911,0,0.947919348305663,0,-0.928046929947816,0,1.01950490795009,0,-1.16685904366257,0,0.339899685284476,0.00004213091137939,-0.239293793902084,0.554911413277553
95.2238,37.3006,-0.824685681343872,-0.900761931066901,2.56095244379318,-1.52178133887537,2.65015775389169,1.22334129533323,-1.6458113943507,-2.0420200468856,-1.19857556160732,-0.896651442613748,0,0.935579481757642,0,-0.945440114993259,0,1.03434069990534,0,-0.807447294366739,0,-0.152849441069983,0.441330026728014,-0.960008361681047,0.506296013345839
96.7453,37.3006,-0.111394661122078,-0.340048381313347,1.98787804114029,-1.34860236301775,2.35427066162272,1.39195790537253,-0.710742422752657,-2.06806220390732,-1.24437535537527,-0.838174609489815,0,0.942725685733963,0,-0.941773092381229,0,1.02532575288475,0,-1.06332044571247,0,0.275594738930573,0.00257471713652691,-0.123404102344593,0.740922174671057
75.7232,37.3113,-0.547289251294364,-0.595630228632522,0.57723103001061,-0.234360809115123,-0.397293779131725,0.767575079974736,-0.0929728330881477,-0.8326514564624,1.55719524918769,0.215750222339501,0.0000401741889985985,0.609754421342905,0.000000635573475848972,-0.906228471691085,0,0.964934657797674,0,-2.71162826948788,0.399852346622401,2.17644514825736,0.419576497397863,0.544407055008615,0.0673885173380731
90.839,37.3223,-0.317510885847899,-0.387030633296848,-0.283453908870589,-0.617915727333867,-0.749869794727273,0.774791827948164,-1.1101923986723,0.0352741664872685,-0.810685408020676,-0.917711364444493,0,0.905248954673433,0,-0.710182932408025,0,1.11166817192737,0,-0.131715093161704,0.0483260480422918,-0.236029566790936,0.0016486045220947,0.641990376715104,0
71.0972,37.3228,0.371938306156626,0.398669991481636,0.900278386321518,-0.66380967194877,0.663895239316789,-1.14100428917144,0.729157251227944,-1.71972654119489,0.710023984068736,0.172897905118881,0.00743087686043276,0.734731259217306,0,-0.689612787271898,0.000000000000000888178419700125,0.977443052989622,0,-0.822796500531101,0.00000313145908581447,1.22047194369991,0.00000427023179772057,0.459619944309096,0.00155675371616937
96.9252,37.3309,-0.468329467349301,-0.574442016474483,2.00322080399133,-1.33763800258685,2.40920264224033,1.21054941288011,-1.08274260292182,-2.08752094598259,-1.26822285826457,-0.824933983281917,0,0.941028060154175,0,-0.939989111907559,0,1.02414355828386,0,-1.08861707649624,0,0.283539458013167,0.00157814939250223,-0.351543956378821,0.468328367767285
88.067,37.3362,-0.705300513568417,-0.782960272916012,0.611935345949786,-0.800298886695444,-0.926376661765539,1.0500632515919,-1.51590995347385,0.360119234012211,-1.10051157712478,-0.827103654796704,0,0.777508245329858,0,-0.926363366386105,0.00000000000000599520433297585,1.30925176063189,0.0000476575830368198,-0.0841745769736633,0.1670775507631,0.0877367229422094,0.468002582619991,-0.770528990937226,0.286689491193635
73.9143,37.3472,-0.900163933937706,-0.721921564457211,-0.418957615787053,-1.02283743704319,-1.30648662128637,-1.36568264402456,1.18994050374502,0.258067767273124,1.31498585815342,0.229022338600602,0.0000471102020254133,0.721886693409284,0.000000000000000222044604925031,-0.876330595497854,0,0.977511289888305,0,-1.01615311700007,0.000366044173481406,1.2218970351272,0.00294842332333123,0.443936964142835,0.0341516963026884
102.461,37.3659,1.82261980959748,2.08395392727626,-0.489427826461671,0.746402011406255,0.589803595988775,-0.766638898434305,0.378269258413384,-1.73540767418841,0.0812010886801094,-0.686572146921646,0.000000000360448559888482,0.881045979892928,0.00000000000000199840144432528,-0.58718000680171,0.0000000000613094019996652,1.01392465799301,0,7.86043758239348,0.643137149944608,-4.51688860958716,0.633134981656532,0.60437247644326,0.00227897369356023
87.6648,37.3673,-1.31270480119278,-1.17344202829708,-2.08713572398539,-0.691464790660018,-1.63494480406944,0.14571908867825,-0.264522233059933,1.45764196273457,0.639486345604709,-0.827121168633903,0,0.73585703883795,0,-0.924555641393301,0.0000000000856832382822859,1.29455761771346,0.000133000378384374,-0.0876689305468779,0.179827324408475,0.110229371642462,0.42643500197407,-0.931455344159278,0.238735811801588
99.0151,37.3724,1.22611409933065,1.04604708318714,0.382658791634447,0.0804166782474889,0.520954176626957,0.742189919136243,0.372781198504518,-1.24484673544718,-1.01186805985979,-0.671052492812247,0,0.943384442372847,0,-0.862262862266509,0,1.01282099948558,0,-1.32722440999343,0,0.578020766891417,0.00000000000053534954247425,0.00061225274740197,0.998037918382319
102.238,37.3727,1.08644604905363,1.33643708062209,-0.520560716471507,0.856391769665982,0.577496943622162,-0.51659438506295,0.606019674589075,-1.14621149163021,0.088828563850962,-0.631082518730392,0.000000000901311469903021,0.874706919079671,0,-0.628643515915076,0.000000000000733857419277228,1.01309522902483,0,-2.85263544296958,0.0387068577480867,1.00772572925042,0.15976450151175,0.13888310254544,0.65803678275401
100.693,37.3762,1.22351530559905,1.10899603545901,-0.484808145692479,0.445413009192246,0.115719865714368,-0.200081768230924,0.820951877688613,-0.661929323238058,0.0927359054178073,-0.617226961080377,0.0000000000000202060590481778,0.906230164769569,0,-0.79494700925622,0,1.00932300743863,0,-1.80660772001827,0.0000000000069262373614265,0.78626563497366,0.000634757914994344,-0.0133167849455477,0.974192968866972
76.3238,37.388,-0.403779113304544,-0.410762587045884,0.0140739028081474,0.408395818078877,0.779859000678022,0.33642757739604,-0.431722178148944,-1.01476794596698,1.70167167414511,-0.293584703715769,0.00183424466810655,1.15942339848497,0.00122803645233582,-0.897509065872794,0,0.860434862415347,0,0.350064454204025,0.00367995730507764,0.282861157652044,0.0216246736851311,0.836256900993309,0.000788903944459518
93.0807,37.4085,-0.864615588206066,-0.865847598457188,2.53758979234484,-1.49249459203265,2.70269573387091,1.48886154549064,-1.21092484846575,-2.19909613819488,-1.30959300378253,-0.922373457765874,,0.925471023974911,,,,1.11189079233091,,,,-0.19996725791713,,,
91.4899,37.4109,-0.536943188293449,-0.544446404777584,-0.508774921651045,-0.690033013264775,-0.405421052441399,0.0767849909460823,-0.552533761420123,0.0606793664719532,0.747994811255604,-0.932162360170216,0,0.911011262104532,0,-0.723613132664489,0,1.12603593213998,0,-0.237548870706884,0.00113770205169716,-0.115141262303466,0.149674384196568,0.63950547050788,0.000000000540660627379452
97.8842,37.4144,-0.0146730283396453,-0.234198470583328,1.04383662842386,-0.690912617533308,1.14702297355702,1.15953364620957,-0.601725782711117,-1.499415661245,-0.907757161118483,-0.765034782631865,0,0.949994414487096,0,-0.924526428709646,0,1.01876334611298,0,-1.17125487694038,0,0.342315177071919,0.0000273277474189815,-0.258018942533084,0.523791538054859
95.1653,37.4145,-0.827935543234161,-0.890035904345939,2.0477805350968,-1.49645633879965,2.30061205538138,1.2428989789936,-1.57858296323351,-1.70230521078628,-0.991230153878098,-0.897339476193047,0,0.935037364232123,0,-0.941415010446588,0,1.03388533808041,0,-0.809799837350464,0,-0.0853714166668963,0.626940954402873,-0.765376906809854,0.519934168639947
95.7373,37.4174,-0.768918369091689,-0.858152664094782,1.98726453937136,-1.41670979437999,2.03063758376748,1.24150273325705,-1.63426533602791,-1.65622592596889,-1.22880845526899,-0.888342313648495,0,0.9363417775137,0,-0.922775099053186,0,1.03023475521681,0,-1.01323560699491,0,0.226651509511256,0.0857957858851153,0.00270374740460128,0.994796690643076
90.0869,37.4248,-0.899728360400151,-0.943580613843318,0.821680882615239,-0.810052716756397,0.249255745845558,1.17062448378718,-1.45858443099948,-0.712849565382966,-1.21815326341733,-0.903787653760206,0,0.902554855231463,0,-0.715658747504085,0.000000000000000888178419700125,1.14158889168556,0,-0.080764730843236,0.190579645395698,-0.175964298241555,0.0773473956276107,0.505583266399613,0.0000595748407581365
91.3189,37.4286,-0.487959607887432,-0.515769840988828,-0.648655525675827,-0.571072010281062,-0.502651425988011,0.0582501244621283,-0.810102296204963,0.229904925130319,0.0607677269327666,-0.933050247441647,0,0.909870503413669,0,-0.687518897830511,0,1.15382818274957,0,-0.161750295616124,0.0115125776051732,-0.160995615404745,0.0334134394277177,0.680589123454149,0.00000000000216493489801906
76.1532,37.4314,-0.281484488588806,-0.309677495186611,-0.0187542982725034,0.674822561673868,0.979308072397741,0.333156617119998,-0.157514505253505,-1.41399623287543,2.37347754172134,0.206264300287706,0.000653347456784692,0.676719438065479,0.000000350708440288727,-0.904233064301524,0,0.949042880427184,0,-2.65921751610435,0.329369580605918,2.23958087371122,0.321650139244371,0.582847849381442,0.0123490750500852
98.5158,37.4333,0.82984512632204,0.629859920310735,-0.192890849472234,-0.0655634964188867,0.178053009427701,0.713212050704906,0.809446964055069,-0.774194216804627,-0.463829015773464,-0.730636099570447,0,0.937507743370284,0,-0.903521483092721,0,1.0154420619786,0,-1.23355847015448,0,0.428003209839244,0.00000061437316567492,-0.338772069027435,0.414970653069696
72.6287,37.4522,-0.286636388950641,-0.371540451345405,0.609526278106839,-1.15912778714096,-1.06686933801928,-1.18945031849693,0.799666357139702,-0.215834500968162,-0.525293494560149,0.205644985640928,0.000292648505017201,0.731373342784212,0.000000000000000222044604925031,-0.812393921740824,0,0.98052866355089,0,-1.14637933304368,0.0000802097230090393,1.35264838526217,0.00110775057173851,0.490792184603344,0.0097532829548892
96.5443,37.5038,-0.382314332654081,-0.525206791942399,1.78089919192081,-1.14266436709533,1.35209376800806,1.12983948993381,-1.2442035283879,-1.4240066297851,-0.993219459220265,-0.853091988768318,0,0.944936530010738,0,-0.946033957644329,0,1.02638995459658,0,-1.01244891613867,0,0.177868799094396,0.084698722483864,-0.350466510990072,0.525121568300001
93.6352,37.5052,-0.798545251312139,-0.814901014113563,0.982466799260268,-1.51736219740768,2.88099746647753,1.5621118142019,-1.10910302623027,-2.27018196356851,-1.32280981917675,-0.918470722957414,,0.926554599886716,,,,1.02851498744139,,,,1221.23151542182,,,
90.6043,37.5097,-0.492253943222456,-0.630483918589419,0.73840732560473,-0.422385723129092,-0.260470862400287,1.17483722142003,-1.33509957664345,-0.307216443489635,-0.854947072924928,-0.923697877568768,0,0.907689643321756,0,-0.684308712908446,0.000000000000000666133814775094,1.11657004003751,0,-0.0672792838735939,0.257923033082079,-0.267907991730627,0.000843476557573775,0.648783284436077,0
95.2296,37.5322,-0.67631223755807,-0.781973148681321,1.71182273345195,-1.46424076215626,1.82392794923874,1.52106173725461,-1.31517429918965,-1.35982362156933,-1.0890428150412,-0.895107058058204,0,0.935380773323846,0,-0.943609716836627,0,1.03761641134379,0,-0.777889658597344,0,-0.125411504351766,0.546659931666551,-1.19813718744924,0.500083086026067
73.6644,37.5395,-1.16560015803316,-1.12119183273307,-1.40051464319682,-1.15311216668016,-0.952064520097527,-0.96820049617848,0.434475775299702,0.682761949666652,0.806509799439081,0.245243963890336,0.0000216116315800985,0.715935825806641,0.000000000000000666133814775094,-0.846417114980127,0,0.980558457930776,0,-0.980676997567259,0.000015352314003847,1.12700333636072,0.000507207166829948,0.389496939343057,0.0281705819450693
88.9876,37.5554,-0.73016559971598,-0.804835124485462,1.42737008739872,-0.982386297129337,0.0444292805400035,1.18357060253863,-1.64283633188479,-0.605935030400045,-1.21235708518756,-0.869873342869624,,0.8493895126364,,,,0.0167349428722891,,,,0.00172286284667418,,,
73.5383,37.5627,-1.11675495078449,-1.06796538420903,-1.24596421921078,-1.19409538319889,-1.32016368589596,-1.07075919260383,0.412344280649707,0.742077688083201,0.686743528380879,0.247534679735245,0.0000222952519866038,0.719078922926549,0.000000000000000888178419700125,-0.841370409862648,0,0.980595995777153,0,-0.993053352509036,0.0000092580719595059,1.13802724573551,0.000320565986487997,0.397639941698568,0.0193795800569905
87.6299,37.5642,-0.682445596312138,-0.752873360466271,0.854578122710919,-0.689994643122713,-0.754097211016216,0.941033468413382,-1.17952734163975,-0.750563842785565,-0.498676244486413,-0.840623757631431,0,0.737155033055845,0,-0.91958962389083,0.00000000102427311077236,1.30913504185263,0.000445163077013921,-0.0801221766341434,0.202676305341494,0.100309044310788,0.449947488364548,-0.801959980900158,0.247469988916131
99.749,37.5648,1.21018483933607,1.57550590771181,-0.735854279652097,0.69268534241686,-0.103214749213228,-0.285044602025504,1.03201829518433,-0.423675195406094,-1.02496613637576,-0.615879111521904,0,0.929821637440852,0,-0.846232730851609,0,1.01147490108561,0,-1.32894318760777,0,0.596525647724559,0.0000000000125042198817482,-0.129709590169102,0.690188990216826
95.3737,37.5677,-0.524478456372497,-0.66201279167474,1.58162208848051,-1.43867088368649,1.9332394810044,1.24853025415884,-1.11096330273721,-1.61766243902035,-1.21175872020925,-0.892397149793258,0,0.934952461702175,0,-0.906460012238412,0,1.038880988915,0,-0.93018958132259,0,0.148012699777538,0.236521662688598,0.0935980372839885,0.790045905119295
74.6323,37.5699,-0.472664350778465,-0.54879840592121,0.456312449596058,-0.959995942629389,-0.569256879230798,-0.430194833020922,0.0217843407954613,-0.0334707590609316,0.0445091759843164,0.208518520673972,0.000118446027031371,0.69129242953827,0.00000000000137334588146132,-0.932215248015165,0,0.979536872126205,0,-2.51904396046295,0.401876717462146,2.81587321014669,0.428566910804855,0.786514790534557,0.0640960795687406
87.6594,37.5808,-0.627049025035995,-0.728138614344337,1.05382310028364,-0.681493419509065,-0.72949465957919,0.925635660101343,-0.992188119072978,-0.77398611901648,-0.94420951056312,-0.840239097862495,0,0.741369863117767,0,-0.92099019066094,0.00000000135809385959362,1.31012600942246,0.000526997359249659,-0.079149577719578,0.208221634143585,0.101598879757775,0.444862109162335,-0.786761829262268,0.247820188305917
93.0497,37.5881,-0.779768024825725,-0.8780965420043,2.57437175529825,-1.50501349739022,2.5781550375039,1.53569922037592,-1.10237858459442,-2.16600178026742,-1.27229981264831,-0.927436763429008,,0.929584899222083,,,,1.03889042183912,,,,3910.1001984191,,,
100.162,37.5929,1.09779797203349,1.06837439900876,-0.751347709488979,0.733763650203429,-0.0411238407574702,-0.199907314858947,0.950300199660388,-0.535461077200621,-0.0388149299592384,-0.613021236079887,0,0.927017825926676,0,-0.831958157518775,0,1.01164665872525,0,-1.37660857245427,0,0.580824359168288,0.0000000579730603522677,-0.334333790862104,0.47611979777597
100.073,37.6021,1.7950135428832,1.81731957892742,-0.420541237713503,0.851380482788578,0.0756395279470918,-0.325785610733702,0.876344827583532,-0.846266428277068,-0.445870186968045,-0.605219614815481,0,0.922553988851412,0,-0.840597393722589,0,1.01129299033149,0,-1.35112883144475,0,0.562910212465459,0.00000000435485603134111,-0.25232758599804,0.538746480822301
97.0047,37.6035,-0.0204446034623463,-0.199887721800771,0.211694715731312,-0.935916365587785,0.22232385583477,0.935011215829746,-0.470734813452014,-0.712850590395,-0.200311192605016,-0.823675302340036,0,0.948770848636086,0,-0.938865522151678,0,1.02630519774389,0,-1.07956946539287,0,0.282811086124139,0.00132575256380485,-0.264775739340284,0.536754680799719
87.4095,37.611,-0.572723046660316,-0.667695087778247,1.42614371551215,-0.707133988709239,0.050614487072594,1.00099975687852,-1.05947547085043,-0.823883550397589,-0.468030982939385,-0.819328305700342,0,0.707960263499156,0,-0.871312299495593,0.000000000152285073440339,1.45744868432982,0.0602438874017979,-0.0662639059041424,0.333078988895815,0.0554503381510421,0.512792012987186,-0.650621682719228,0.207632745238503
97.1139,37.6114,-0.217700355173397,-0.334195226108838,0.0154442799312279,-0.818868592249836,-0.0287205636281376,0.822489560198427,-1.3035833634632,-0.461084606420049,-0.0910238087740298,-0.812578373880453,0,0.94656403508308,0,-0.939004458858269,0,1.0241801354575,0,-1.09115380225979,0,0.287146766848826,0.0016893876431272,-0.472770887035314,0.392117209288448
99.3293,37.6144,1.50856219350545,1.60267251961839,-0.375511757748606,0.410464859563243,-0.0139891139140674,-0.176094756739726,0.946591510081247,-0.758480918158029,-0.141504447211093,-0.63889828138512,0,0.937601850643358,0,-0.84946461017884,0,1.01248909884233,0,-1.34406478827123,0,0.558078854325805,0.00000000267662048081263,-0.362566761327205,0.419137937542622
97.0878,37.6229,-0.30657714307429,-0.399416883967429,-0.0486671900384585,-0.819198506431181,-0.00470806677645306,0.83617117583418,-1.26865134440358,-0.314597725718853,-0.0420724101157179,-0.813761971803954,0,0.946301011562484,0,-0.939417175074173,0,1.02397950853832,0,-1.09297049673234,0,0.288726389638316,0.00125026834090058,-0.424180251717968,0.414935539547959
92.4091,37.6246,-0.857469785811278,-0.940913251122534,2.5585951976833,-1.47306514119913,2.34878720992282,0.952908129298191,-1.16826888075461,-2.06745750903523,-0.997164065564192,-0.936180090789011,,0.916102797082897,,,,0.108947264840513,,,,-10.7310424213294,,,
75.9581,37.6284,0.559758568708384,0.469819601888361,-0.678717754525616,0.197524824522709,-0.061536844561126,-0.595223002167235,0.401236382642484,-0.828016034726422,1.66216327046564,0.217624953083563,0.000444663804859413,0.711224447509281,0.000000000871950733838389,-0.916678933947031,0,0.949937146817639,0,-1.60720749182499,0.112945800512533,1.53414360526377,0.101391629762892,0.52886223921055,0.0114801631578738
86.9235,37.6642,-0.832371649630049,-0.841133428747216,1.3665308692157,-0.839979707191676,0.964747194210732,0.855438890650803,-1.08918678305734,-1.64558428968867,-1.26353874678519,-0.770872316074542,,0.613696739333253,,,,0.044228771395625,,,,0.00316325871250604,,,
97.7425,37.6736,0.0973814385481937,0.0443335390658111,-0.508628283351282,-0.390528076805555,-0.11224415887382,0.399485737936276,0.125103677821369,-0.177976773821743,0.714174546289037,-0.779694366713138,0,0.955673593303906,0,-0.920978074750194,0,1.01975073199361,0,-1.16350998880835,0,0.297204355075935,0.00221115974164987,-0.586171445791506,0.367618621720673
76.2647,37.6749,-0.6448919770345,-0.615472232012842,0.718431104339121,0.121257420935927,1.21458380208354,0.655146122734268,0.00846404581313539,-1.93965687394095,1.95837660156766,0.0488216910913819,0.544414914998715,0.823854111750851,0.000000000061153082597798,-0.920965136603997,0,0.904320150641064,0,-0.546327280501138,0.245084430518251,0.89342743548922,0.0225327084793456,0.607256327682182,0.0000554656223936689
70.9396,37.6764,0.447792835339001,0.438213409806255,0.831974258239562,-0.440070600118266,0.943501126869421,-0.692370044776473,0.769668617099549,-2.34604118708625,1.48434007813404,0.264846433034156,0.000143569278042266,0.708593112056228,0,-0.546881428461794,0.00000177990876215617,0.980593462777382,0,-0.520478056420652,0.0000719896788543561,1.12452234824827,0.00000225912856754995,0.364150896927228,0.0059914918570676
73.2799,37.6815,-0.295417184766365,-0.492009118053916,0.761156389524102,-1.28011024905826,-0.523988012465262,0.626555571212635,-0.660001271911955,-0.584632802926031,-0.754318068334447,0.232693829781719,0.0000672180324563509,0.722840942244024,0.00000000000000555111512312578,-0.832886221772153,0,0.979959013843937,0,-1.03628812455241,0.0000130745814701516,1.18346616591574,0.000445534848339202,0.411821431723487,0.0179749037093844
101.102,37.6867,2.36590434305767,2.15335104116128,-0.184791862324771,0.767797253079184,0.463187597234801,-0.305523531627667,0.947193963089066,-1.28636848519992,-0.497038782070301,-0.594877640841468,0.000000000127593935417281,0.904583769132069,0,-0.765959616187046,0,1.00871140358163,0,-1.93535657189141,0.000000823020851470346,0.69572802177096,0.0664443897090812,-0.239614059182211,0.728669314765092
75.3297,37.6933,-0.487573203178056,-0.587434606061381,1.87600080253829,-0.511842526273235,0.796890086934665,0.954047355854517,-1.29364239595316,-1.62131659894753,-0.916825975587861,0.198656927470652,0.000239630720547002,0.670140157943473,0.0000000301293028304173,-0.932717660492335,0,0.965194896104049,0,-2.84868029481571,0.330397004121268,2.40312375694586,0.342835637416615,0.596078756672515,0.0182500747622998
89.0882,37.6943,-0.774570573080294,-0.837227170307805,0.822690236502586,-0.908961278887124,-0.299593546288343,0.90428897223412,-1.41413130232089,-0.246455920841644,-0.438873879913205,-0.877862442767474,,0.857299533838543,,,,0.0133693711888456,,,,0.00147668209909787,,,
75.2177,37.6981,-0.593034435907502,-0.691153384737099,0.813601764054636,-0.575683235028881,0.177819496963119,0.633447329924719,-0.792786301091399,-0.898206995995802,0.90866642479537,0.19993191363738,0.000240362513400649,0.675884496879593,0.0000000263488637575193,-0.927736586741074,0,0.966039031246967,0,-3.14734403568571,0.362573943613885,2.64052474679713,0.374331217328379,0.612734427051899,0.0156290805657382
72.9319,37.7135,0.0205789529541916,-0.220145866394999,0.973677066592582,-1.26251437756925,-0.580957843063709,-0.600363288375502,0.212766805662408,-0.825808246369459,-0.5821005271895,0.227211333244463,0.0000894371030162322,0.733733643365197,0.000000000000000444089209850063,-0.831616194866137,0,0.980970264800861,0,-1.19251793645634,0.000492714348467871,1.42786418737432,0.00349765814829039,0.530464461736887,0.010563225027066
71.0293,37.7165,0.448539002543179,0.358266682643895,0.74887708255838,-0.427190234390203,1.07345882537207,-0.603447972262063,0.809991095535703,-2.30320839835925,1.75445869870752,0.199974461183719,0.00237176155532892,0.727795230235293,0,-0.692462938300951,0.000000000000000666133814775094,0.978266087572544,0,-0.781463774061396,0.000000892505306770985,1.2192451319692,0.00000201603312377507,0.456083490940758,0.0017564380444941
73.7938,37.7173,-0.747131396934138,-0.711477725347907,1.31967330869663,-1.20785991258685,-0.416091398149177,0.284869452983685,-0.871268827522161,-0.16616222326286,-0.138205581771823,0.238378718969298,0.0000316487647573638,0.719335354613027,0.00000000000000555111512312578,-0.879185739931008,0,0.977683162588953,0,-1.00018408275033,0.000255538911375863,1.15034593500514,0.00245461878631481,0.404457127904492,0.0462182186264035
86.4384,37.7234,-0.62329497756125,-0.653127185693626,-0.228237318577177,-1.03410631065642,0.886045842964788,0.12543353738247,-0.143545944887855,-0.446991148480084,1.07108462695472,,,,,,,0.528057791312561,,,,,,,
75.0813,37.7296,-0.652957118514416,-0.683339101274869,0.0462019215956764,-0.682837472295152,-0.800273536618907,0.264980498797666,-0.517922133237546,-0.197335584738336,1.28386387691916,0.196723129933553,0.000449241105047404,0.706608648219259,0.00000000264969202135035,-0.944611399218436,0,0.963021452962638,0,-3.28264698442893,0.46480796197266,3.17330577790397,0.470895967619479,0.725094922388308,0.0252089578851662
99.1675,37.7308,1.10493424963104,1.30581530892886,-0.602060092203465,0.508104223526206,-0.227550101743701,-0.195183843273765,0.964057881189093,-0.360633151821072,-0.325372621460662,-0.66203360065681,0,0.942498324133648,0,-0.851784923873455,0,1.01380813994821,0,-1.35126611070141,0,0.583381349990655,0.00000000122565824156595,-0.353031953968967,0.43674921976891
97.6881,37.7492,-0.153060756606577,-0.142470768642434,-0.769596431514798,-0.315281088378297,-0.421705362015127,-0.00457862854793986,0.415416701037292,0.107541797290265,-0.804119126708926,-0.786442273099156,0,0.955298928264003,0,-0.922187951022535,0,1.02120515265258,0,-1.15931047522082,0,0.324235242568564,0.000514622008799925,-0.535153309305726,0.374312993607441
72.7748,37.7532,-0.440866906428636,-0.46101810674017,0.00788532158178878,-1.22495616585554,-1.03116019873701,-0.878331030959232,0.487690894009462,-0.38066542669001,0.719194235553957,0.221712344539563,0.000129654557001757,0.735918531995225,0.000000000000000444089209850063,-0.836884889380165,0,0.982628196255721,0,-1.22311237753731,0.000985310442260801,1.47420648275772,0.0053787248586048,0.546856899882251,0.011627663530688
72.2766,37.7571,-0.751241608181161,-0.651771716990351,-0.141852203764511,-0.988341397544851,-0.798028311484619,-0.761208971199314,0.688831797279441,-0.318101749897794,1.47576772150776,0.152964411368743,0.00784425900503827,0.744381794253054,0.00000000000000266453525910038,-0.823395430719374,0,0.977459427010272,0,-1.29474894225701,0.000669476071160968,1.53982552033077,0.00295209004476815,0.55789241887941,0.00498113998299887
73.9825,37.7588,-0.396316307171656,-0.512961150425488,0.568852800892782,-1.1970446971991,-0.505702731153119,-0.504443073497332,0.0684115364153606,-0.0854860738264715,-0.415391293767439,0.242486356322446,0.00003211793815594,0.719665194528961,0.00000000000000266453525910038,-0.887965524310532,0,0.977508100991384,0,-0.993476879162618,0.000437764029123544,1.16283375294288,0.00370019226287965,0.414647555893106,0.0540203648150812
86.2422,37.7819,-0.695658059257126,-0.771392331445776,0.925661223800737,-1.33671307744326,2.42943505018882,0.932229177433062,-1.02636136614701,-2.35895661118522,0.798489028503038,,,,,,,0.631435623503909,,,,,,,
92.4286,37.8005,-0.882757635931626,-0.951339644856834,2.57660296794189,-1.50117779362088,2.50086714565248,1.31908009559193,-1.11004365495645,-2.16196713033469,-1.24872405923199,-0.935861939012303,0,0.916796295203429,0,-0.771055737196644,0,1.14625098657844,0,-0.252023569340998,0.000440902364134521,-0.75739712010258,0.53683865259187,0.83550831399851,0.231911197114325
71.7776,37.8074,-1.41453003717027,-1.26687326303937,-1.4479063405322,-0.725323238939679,-0.743813012418263,-1.68969424703019,0.649914428343462,0.283513402369613,0.758388820826726,0.127896453510424,0.0289465889401341,0.740028089218307,0.0000000000000470734562441066,-0.7873078155334,0,0.977303742925026,0,-1.30558340097559,0.000262861411065352,1.55673898447585,0.00140953230284113,0.563733618121652,0.00189854723077776
93.4144,37.8091,-0.849181504256333,-0.901643623286577,2.4824825228871,-1.50469828782167,2.70637982958837,1.50809213115437,-1.49444506890991,-2.24849162366443,-1.2808404169748,-0.929556295416269,0,0.933288014277452,0,-0.951631765795105,0,1.0773522092608,0,-0.488201376041075,0.0000000000353350682047449,-0.295020780333552,0.0228925140127545,1.10151883127824,0.0042148687438337
92.972,37.8154,-0.824967888373093,-0.903562786669531,2.3200504550831,-1.5261433482856,2.59777760598812,1.29400939048397,-1.3538051386963,-2.24891140130768,-1.31165046097332,-0.935888298078605,0,0.930761476789534,0,-0.95302240578754,0,1.08082424903998,0,-0.475107593861475,0.000000000199471106299143,-0.407365871512904,0.0335744185812901,1.17226600169813,0.0181757142540138
98.9692,37.8394,-0.0596271743122858,-0.000205420759800114,-1.11563178957421,0.434815117737894,-0.568913106703093,-0.0810743275288091,0.583973586082491,-0.000353470350152112,0.490869889222439,-0.683432420878888,0,0.958282791249341,0,-0.870397298435977,0,1.01553163417606,0,-1.30278367209626,0,0.558308447195426,0.000000462972125969685,-0.691702694328534,0.324952574059883
90.3385,37.8401,-0.755444097231576,-0.78569049983458,-1.0725077968698,-0.70325366971704,-0.351473431773624,-0.245104520903165,-0.554521637756081,0.383645655153334,0.360878917577145,-0.922579399775052,0,0.901562586229274,0,-0.662014416749429,0.000000000000656585896763318,1.14224407957023,0,-0.0214904174116612,0.663683996290502,-0.308537799023613,0.000204530178457896,0.648183064384612,0
74.4149,37.8455,-0.851304330162619,-0.813386900206198,1.02171214871317,-0.976356487094875,-0.515668809364731,0.389934389767011,-0.791815455060915,0.0665283329430964,0.076207732859485,0.220365467469995,0.00010650961990244,0.720638358711653,0.000000000000187405646556726,-0.947664192415861,0,0.975440841472043,0,-2.09299329470206,0.304936905718394,2.55224313772878,0.328862528996926,0.810925562990082,0.0448008619001383
96.0792,37.8526,-0.365680057742264,-0.569515817687239,1.16287483935406,-0.991940865232443,0.120106263166642,1.17726744579217,-1.45966473359786,-0.673853178090638,-1.1310310240866,-0.880517809875261,0,0.941119491420205,0,-0.912616224243538,0,1.03724355011389,0,-0.96073743890075,0,0.146268709456232,0.382831330757081,-0.585236177628243,0.518052953317077
70.4987,37.8712,0.737532860735989,0.596076669532046,0.992012595356551,-0.580674435825638,0.93412772974129,-1.51961121867311,1.36019258075433,-1.82483500184746,-0.449857071051068,0.276853433542259,0.000189960692609903,0.731571353806702,0,-0.482695738344415,0.000185830906499707,0.982197424500181,0,-0.469090778512356,0.000899215360141925,1.07267887231706,0.000000351149766819603,0.358071162226921,0.00513609860894992
100.723,37.8797,1.00285430103194,1.18727299139634,-0.663976424201402,0.337885489242046,-0.0130383026084498,-0.553047791039541,0.943703867123911,-0.756984334310226,0.146908630109046,-0.584951481427578,0.0000000000174582570622306,0.930166075678156,0,-0.793724179073667,0,1.00744492544099,0,-1.60592610524335,0.00000000000000421884749357559,0.58208282431899,0.0215686008786047,-1.00676626411751,0.489908687095538
71.571,37.886,-0.281579451286197,-0.12141083271296,0.494512396778822,-0.536639565900253,0.744163887401399,-0.888335113889806,1.15173733377723,-2.00200190336214,2.77681686846639,0.142695901016715,0.0176644387559217,0.738094213305659,0.0000000000000279776202205539,-0.767019615044841,0,0.976425768872139,0,-1.22789231741376,0.000149864592393634,1.51661701367013,0.000662066483081203,0.555770028376634,0.00130976079435219
73.3878,37.8875,-0.713686098468426,-0.573113405264583,0.809205033035361,-1.27345359823089,-0.794333547410417,-0.633470780971127,0.514204302683659,-0.0155438899165011,0.349510664041372,0.223847694972961,0.000143194080362452,0.731074248825302,0.0000000000000159872115546023,-0.85007082145499,0,0.979294172684755,0,-1.11105337937075,0.0000956570724421901,1.25978069960798,0.00122549111183967,0.450124297696563,0.0145999081794979
89.1185,37.8946,-0.758158751020248,-0.809244181875539,0.796652445318883,-0.825968663021723,-0.23415616187488,0.970018264625899,-1.45752314287727,-0.219968036844112,-0.805154573296979,-0.886089041880648,,0.860262559415547,,,,0.0165773584223646,,,,0.00173999833735308,,,
88.0443,37.8985,-0.548812298531278,-0.687766694256381,0.332723883883223,-0.678355042512588,-0.699454110879247,0.320495636722948,-1.16199650294223,-0.116996459563991,-1.09567626856855,-0.855447838000188,0,0.769118349927243,0,-0.90537616574829,0.00000000624823059958146,1.2051723083865,0.000000000278006728748892,-0.0992882004873896,0.143643362169136,0.134896559436464,0.464025824539056,-0.548426686386294,0.351878283681675
89.5513,37.9076,-0.603004676722494,-0.710380836289735,1.32291087591044,-0.938249636138687,0.174736312023561,0.829802160331806,-1.38184129703108,-0.84704078421461,-0.587942176202462,-0.892088064825633,0,0.885924834062168,0,-0.752011462757066,0.0000000000000328626015289046,1.23325270453847,0.0000000000254238852193112,-0.0531275473657325,0.217678866384397,-0.202296667951259,0.0232071582289564,0.53987088407438,0.00000000012888290434887
74.7692,37.9129,-0.775192230520713,-0.794863711472667,1.31097754725273,-0.955408343066392,-0.484377504749733,0.294567789673002,-0.931847139843876,-0.345399457592797,0.143644023599245,0.211357214993412,0.000301234483385926,0.72593933247624,0.0000000000282016632269233,-0.967202847183545,0,0.958196061702286,0,-2.18258677491756,0.344553949033244,2.52718131416873,0.343850984436058,0.774995201493077,0.0262543002621738
100.218,37.9153,2.09348989293796,1.8717161138914,0.123133440427602,0.690592582431177,-0.172772780047308,-0.0956129753431346,1.1592627331335,-1.10107066969347,-1.08931767042179,-0.608989681638812,0.000000000000028421709430404,0.923370976940429,0,-0.823921713345066,0,1.01238298574806,0,-1.37191594016901,0,0.503480050044022,0.000628801146477231,-0.969231789645095,0.404751068372977
88.145,37.9164,-0.75512020333918,-0.832869511497271,0.485170821060243,-0.692720241355726,-0.707022758569326,0.537362745082675,-1.13260723151732,-0.159202013896765,-1.12041183313076,-0.856567117233961,0,0.779140486767331,0,-0.888446968373074,0.00000000328915561453869,1.22193769508074,0.0000000245185742819842,-0.092463207582615,0.169338552905994,0.121463470236999,0.522406689323801,-0.517980491569249,0.422111334786479
98.5201,37.9216,1.04788512211144,1.00910543374024,-0.316213671815886,0.117880269555997,-0.556161042247379,0.295534419278221,0.843084185985455,-0.440028607013295,-0.541909712964097,-0.735591044045783,0,0.948577739363807,0,-0.898389691786488,0,1.01661856000127,0,-1.21081028201227,0,0.357405361066112,0.0015189171610519,-1.18985007573204,0.29778650626907
99.9216,37.9487,1.45556711583638,1.52980165470225,-0.183209915037068,0.846415228007287,-0.245282242384342,-0.190163640549882,1.1062388787662,-0.898818517951698,-1.11214870133232,-0.627032243530023,0,0.938244549126613,0,-0.840005428079593,0,1.01404522044229,0,-1.34788098343875,0,0.559834197765329,0.0000000573896432598531,-0.419405100224749,0.448258841608274
96.6334,37.9559,-0.630229676306965,-0.570505965942309,-0.507087012423017,-0.489643625282138,-0.812481647024515,0.458443808036133,-0.608332323434662,0.262512764467779,-0.993906638713826,-0.837541127496286,0,0.950818309766766,0,-0.924315202931067,0,1.03021681486446,0,-1.07120064413773,0,0.295991218085937,0.00695252311415495,-0.503422463860091,0.406642087123165
74.5196,37.9611,-0.728423098130332,-0.759433052455736,1.80437147735205,-1.01333415374998,0.306655229474775,0.854101670164293,-1.33595021947244,-0.845553312958295,-1.01204580204268,0.219386847840096,0.000113281387189135,0.71773530185731,0.00000000000117861276294207,-0.969567093396532,0,0.968125242480309,0,-1.82414245563772,0.249557511889079,2.21052055791768,0.263229894329484,0.750569282419627,0.0391319050625778
97.1258,37.9622,-0.362039522714048,-0.393361880595526,-0.258687902199882,-0.295274402032247,-0.817742355633902,1.10091094377918,-1.21913655977948,-0.120961918392665,-1.13771167706614,-0.810416438914031,0,0.958046554169932,0,-0.92454846195888,0,1.02645699061513,0,-1.06983135103906,0,0.232897675761066,0.0272077860219944,-0.743261404532957,0.353921175071525
89.9742,37.9683,-0.766886781357238,-0.847843887130673,1.90042518552155,-1.15728720170478,0.88758294992233,1.10877579969795,-1.58611682945426,-1.32362699541231,-1.20091995831503,-0.910107621197463,0,0.900815903758739,0,-0.695785799420444,0.0000000000000945910016980633,1.15631188500341,0,-0.0576296524572319,0.273496238381413,-0.26720863400517,0.00146807509832692,0.599844495124656,0.0000000000000857092175010621
71.1182,37.9699,-0.0109490095033222,-0.123458575763339,0.4673442361795,0.0273627033160185,0.464984310137735,-0.643765442125394,0.60424105762963,-2.04439563728,1.82972620189918,0.173518396164354,0.00780322168861214,0.732267510127521,0,-0.722615009864858,0,0.977351668567157,0,-0.872675152509715,0.00000143514154915536,1.25607491093046,0.0000031886677691606,0.472112470061685,0.00157325942698305
97.4175,37.9702,-0.546315601105718,-0.469935449151547,-0.822923144332768,-0.195657902696457,-1.15186295051692,0.603194393013124,-0.430021671305711,0.171524256913047,0.21489413903252,-0.79161118317037,0,0.953528188863159,0,-0.915502327627691,0,1.02284586115176,0,-1.11193396629968,0,0.263634349014219,0.0267538511143313,-1.66835352746605,0.33001620342358
92.5079,37.9715,-0.734238257337199,-0.849529439428742,2.18281120917994,-1.51774952202499,2.47077821868133,1.27492954294274,-0.558903455268736,-2.20857858915132,-1.27390976709078,-0.939140888355978,0,0.918908834649964,0,-0.731971507509275,0,1.20568621741093,0,-0.211273104776785,0.39561041927167,-1.41533653970111,0.850598406295578,-1.53107780384037,0.906878750020814
72.7623,37.9977,-1.45936842490619,-1.26183179358252,-1.66998691121539,-1.14539279225891,-1.42993176863715,-0.995024974962471,0.745700495100907,0.68957604353178,0.88908761008437,0.219454539479864,0.000233800473456114,0.744504416528191,0.00000000000000688338275267597,-0.844286737678658,0,0.979727814874574,0,-1.26827223264677,0.00148592067765341,1.48657597434785,0.0063100785243746,0.54362794234173,0.0113192563940427
75.3177,38.0015,-0.67176440686515,-0.692943698678521,-0.423257029584033,-0.519584333679853,-0.0207567666393356,0.149174549932052,-0.547366033554405,0.309464064878366,1.10896128898657,0.197247454957171,0.000546327052779905,0.684622185194012,0.000000039441561350273,-0.940917264264247,0,0.955751325082985,0,-2.4146934814272,0.2614900591401,2.05521210732735,0.258864486394177,0.564278014008279,0.012474358154841
98.6221,38.0033,-0.423941368453994,-0.353016368637468,-1.23072476099555,0.132715255241368,-0.853486601695,0.103198104816364,0.759524736836349,0.128331904672105,0.248194351202207,-0.732663631959745,0,0.967085841428369,0,-0.892338548239429,0,1.01471631031033,0,-1.30089672791455,0,0.514483835395248,0.0000172934371527322,-1.02311397659753,0.314237320871849
92.6448,38.0292,-0.705007739715285,-0.816972434428131,2.32445964618694,-1.51894391623282,2.48497397157613,1.16955191585041,-0.825328701532027,-2.23274740648238,-1.24104092833403,-0.942594582454669,,0.922355858906813,,,,0.0626075620459793,,,,2.21549313435587,,,
74.2917,38.0319,-0.602186521673351,-0.682021081690007,1.78251038342679,-1.07089498934635,0.260201720688935,1.16403692381264,-1.41039707390927,-0.917655336614161,-1.03398812807443,0.219735347124004,0.000120695913953472,0.721366624301461,0.000000000000254241072639161,-0.946937152428181,0,0.975297378921944,0,-1.95308341137729,0.255053562202941,2.34658463838819,0.280437769838494,0.772641167821555,0.0422039182641916
89.491,38.0326,-0.661511640731759,-0.757544940781564,1.50241239115068,-1.01133395038046,1.01507435626796,1.31407510399172,-1.51448641862545,-1.34407296846241,-1.30777415086781,-0.903152202548278,0,0.881875265365664,0,-0.715055274483426,0.00000000000210187423022035,1.22280024305148,0.00000000000604605254750368,-0.0579487450030508,0.180762985560983,-0.193371708270604,0.027837885110414,0.541977623623874,0.0000000000000810462807976364
100.254,38.0367,0.830249313845857,0.956016883063351,-0.743216313561247,0.497010458113435,0.0212849913136692,-0.561585072564906,0.829097684712988,-0.822779557642435,0.3392440090307,-0.616168231792596,0.0000000000000661692922676593,0.926066381203306,0,-0.823628626524435,0,1.01216908484427,0,-1.40715138556522,0,0.464702498377062,0.00926928117358372,-1.51408473714879,0.447525245932001
71.1952,38.0442,-0.341991657331344,-0.26052333351887,0.578017234523541,0.0363969951945233,0.531903868232209,-1.01345237500205,0.719185579803196,-1.6344014105382,1.25914797694702,0.178333999656283,0.00586954314344479,0.727442293811329,0,-0.721836519710216,0,0.978134557738208,0,-0.848498674586961,0.000000905406907669715,1.24688615824389,0.00000236739430503619,0.466518687891954,0.00159670844703741
100.156,38.0479,-0.261660645096948,-0.135657960077627,-1.0002759438205,0.578184173227507,-0.125199147958539,-0.259991599038838,0.628460894806019,-0.333626799570978,0.194699427479955,-0.660902002793554,0,0.939485382082645,0,-0.83689814392234,0,1.01234038481591,0,-1.44443860954388,0,0.590094248765438,0.0000819099046209804,-0.78739258948068,0.458573403670147
74.703,38.0549,-0.50570240101301,-0.665283590729729,1.81401520742147,-0.979731949855479,-0.275695839636326,0.615079191113993,-1.2678658088003,-0.564611613347864,-0.441602503073424,0.221544738671433,0.000235250598042747,0.732242550089059,0.0000000000787296894344536,-0.969300432075528,0,0.961871748737591,0,-1.83085183665246,0.186090591672179,2.01919702855794,0.190819628208145,0.673914097984318,0.0162150942978327
74.5949,38.0619,-0.685526103222575,-0.768431162230121,1.97104111684647,-1.00482681292257,0.173624489755195,0.531315725795574,-1.39389207133712,-0.840153613608148,-1.14795871721003,0.218142958265891,0.000288035410725307,0.739025524307014,0.0000000000141482381366131,-0.976466596792669,0,0.960235672914522,0,-1.63341816246696,0.17495453132765,1.95565779388564,0.175243977167513,0.708045701207081,0.018583248611612
88.6276,38.0635,-0.787777585495697,-0.877151701995968,1.00178629019161,-0.908337983736282,-0.427441561822406,1.19537343507224,-1.32811108515271,-0.503309163761981,-1.08091459561094,-0.87582909524775,0,0.832501384664124,0,-0.871273939170681,0.000000000000290656387846866,1.23414320443718,0.0000000562794837399849,-0.0847934635312059,0.153857359555468,0.0274694939929166,0.879876384352666,-0.324251612749666,0.674927646893462
90.2887,38.07,-0.941696588429047,-0.962064270758187,2.45730296372692,-1.2668843772128,1.74097476970562,1.10043879903202,-1.58352728590538,-1.77447130271225,-1.19715874415084,-0.922279658852005,0,0.899899519253971,0,-0.651507222292629,0.00000000000678901379558283,1.13726411922397,0,-0.0197600815366033,0.68967605450684,-0.321952511195412,0.00014467202814572,0.649837351698125,0.000000000000000444089209850063
95.4945,38.0761,-0.561438788570976,-0.551858868008087,-0.371846262120794,-0.898156364318381,-0.514793256632573,0.296155813623914,-0.483416918366194,0.411976908344161,-0.395516985678333,-0.893827024689081,0,0.939785767286869,0,-0.892551986772604,0,1.06036191671343,0,-0.705286418044479,0.000000000112956977105227,-0.178513139258351,0.456728332726605,-1.0488836142363,0.50474922198859
73.2941,38.1447,-1.00608544649581,-0.840607856209306,0.64269589620597,-1.2299644086263,-1.01324567783995,0.196950754690204,0.560335033652965,-0.405382216958247,1.49402701303522,0.227998379279897,0.000146011611689367,0.741388471986811,0.000000000000142774680966795,-0.877112419303001,0,0.979137984649147,0,-1.19201704213859,0.00135002826620667,1.34580355084288,0.00613889287157265,0.485217491950618,0.0224761584943969
93.8626,38.1474,-0.928828280550801,-0.978371889998453,2.59427907696936,-1.53160880821379,2.44726983896804,1.09834447304413,-1.55427329706157,-2.11420117114641,-1.18334255112536,-0.928995207052429,0,0.92809292408798,0,-0.765681175264397,0,1.17821230586151,0,-0.332354518457158,0.000543533492975534,-0.0186210148650858,0.851809018752551,1.00691942980888,0.00000610269863976498
72.3605,38.1522,-1.37525010700005,-1.25226263990844,-1.50238347462939,-0.816121402939529,-0.911240139699116,-1.91526131241332,0.93781684472141,0.447049084558112,1.82909324188583,0.207197468067828,0.00050051245542404,0.730623268219428,0.000000000000187849735766576,-0.824270381606547,0,0.977797607375945,0,-1.20292850659443,0.000418813429065468,1.40708117305005,0.00319585093996655,0.503288319504923,0.0120675700387516
73.366,38.1534,-0.951276595817071,-0.841109191947231,0.9417083068834,-1.22273921528834,-0.695507415085016,0.266113644021837,0.172762698314786,-0.497908493763741,1.8098409853852,0.228160117113552,0.000142569110908264,0.743303682324411,0.0000000000000506261699229071,-0.874750177407045,0,0.979085438447599,0,-1.17370574909938,0.000969923241670667,1.32345244137441,0.00470010527432008,0.475806288793167,0.0219149112765928
93.4599,38.1601,-0.887352639934497,-0.936674901996264,2.56837025218516,-1.5207738024065,2.44662901340281,1.31466656163134,-1.35447662253288,-2.24088705647653,-1.21262909568325,-0.937956261603723,0,0.927700573060258,0,-0.804977375673612,0,1.17988227808016,0,-0.306235010840356,0.00042422327701086,-0.320501375396441,0.0940006886844604,0.729806312996589,0.0301612307663557
96.7291,38.1626,-0.336754835222494,-0.43122401046269,-0.249193336441603,-0.388317446493536,-0.825179173434959,1.14774529787398,-1.24089190161677,-0.15434469129491,-0.961429431972664,-0.821687145873116,0,0.951680748762401,0,-0.911114130508767,0,1.02676316724502,0,-1.06493830951911,0,0.248122965233522,0.095710350036381,-2.12640331410371,0.374807827821406
100.673,38.1668,1.67925147792912,1.63438435471977,-0.452790964732461,0.262066869969776,-0.0167982105295042,-0.406976064469191,0.769745419121244,-1.05020841276065,-0.0275980277215525,-0.58242954829768,0.000000000372779807022994,0.923204354189159,0,-0.801010091449515,0,1.01130355263976,0,-1.51911189376619,0.00000000000000133226762955019,0.527368596071403,0.0172289372703449,-1.03363990903581,0.473796477188922
99.8912,38.1692,-0.110769744358729,0.0627135252004691,-0.747939024260165,0.620206239260899,-0.257918034383619,0.166565558101022,0.435841088384482,-0.5790741129839,0.766431663956957,-0.646950715465154,0.000000000000000444089209850063,0.943867269775018,0,-0.837536947236796,0,1.01376643439861,0,-1.41479113655631,0,0.614378796152873,0.00000580503950997624,-0.682743949264312,0.455801325888254
74.7962,38.1708,-0.181434011057226,-0.425960580133709,0.769585798553584,-0.930335291496045,-0.500247825647146,0.118650605488818,-0.921660290004951,-0.0771860042446162,-0.691106384863422,0.231248214180991,0.000104354363903436,0.716733967594763,0.00000000239423281200857,-0.951958056742603,0,0.968775945747639,0,-3.35127233260392,0.456098047477859,3.2900242553863,0.463177053715093,0.739015300094585,0.0216246863822265
90.9519,38.1713,-0.813483597297523,-0.877044723550561,1.86498167960477,-1.43301408592977,1.84217170324023,1.09271779718693,-1.56098717974109,-1.65339288819481,-0.508204271586939,-0.932024578925617,0,0.914562511901525,0,-0.628541493154524,0.00000000000756261719914164,1.12359360603051,0,0.0163478098712549,0.753758564257238,-0.382197512059939,0.0000126660907788789,0.712597209998728,0
72.7572,38.1726,-1.0051644494904,-0.879190425128589,-0.648867279275604,-1.13582246895323,-0.944180871327849,-1.85687689264409,0.56575352464278,-0.235612117425414,2.06858642228498,0.21781872032594,0.000282391596278186,0.745123550702779,0.0000000000000077715611723761,-0.858455124858779,0,0.979355586629806,0,-1.22062484410586,0.00114079578016768,1.43791714920802,0.00528861055607743,0.527997765945087,0.0138496283751492
97.9226,38.1993,-0.613000744058599,-0.692008689930269,-0.0325334712246039,-0.118402716042827,-0.612407904782329,1.0369067875758,-1.27643227430951,-0.258514862965621,-0.91495608363711,-0.77214843423245,0,0.952603333595978,0,-0.909707920669997,0,1.02215620814229,0,-1.13759781108362,0,0.299527315290528,0.00622032434267772,-1.08689746159252,0.298127220867405
100.052,38.1996,2.04771035990734,1.76471996667569,0.179829201236431,0.650415666502317,0.423867161157424,0.286491476211747,0.945010851115825,-1.8805762492793,-0.276672529276829,-0.646804066024533,0.00000000000000177635683940025,0.941378132369405,0,-0.834000845653437,0,1.01307748764268,0,-1.41684791727871,0,0.591481322594268,0.0000623621300466226,-0.905336066655595,0.44590147116456
72.103,38.203,-1.19477663589207,-1.08421925473598,-0.590212157179975,-0.445261319858357,-0.299792025175979,-1.33972558317011,0.871353121332138,0.0461439781242334,1.54281150934451,0.183001046568522,0.00163749765639687,0.731399544702354,0.000000000000117239551400417,-0.826825977185002,0,0.978648040908632,0,-1.26657753236787,0.00297153478341672,1.52358472470284,0.0121282414115118,0.548759619204943,0.0206076543289881
74.4297,38.2167,-0.643622101511685,-0.723207607990204,1.24604374726384,-1.02625526133382,-0.319010198174082,1.03566281871219,-1.16998059971375,-0.456477447269443,-0.33122792848504,0.219722789931232,0.000306476935182154,0.752907806567279,0.00000000000642441655429593,-0.97655021475769,0,0.966371376056297,0,-1.71309847132684,0.193024455432633,2.10640212529964,0.199605806015594,0.744011106277878,0.0236949432635674
98.2666,38.2187,0.240200127454636,0.178075777667242,-0.669801550691651,0.152281963455785,-0.783623562527363,0.624622510516148,0.422049883098806,-0.38394490889733,-1.00829723234755,-0.753968946999779,0,0.951357925600466,0,-0.902579581529202,0,1.02105136872636,0,-1.15218516587572,0,0.298824821017115,0.00916964756205618,-1.1246688412827,0.301235796776453
96.1581,38.2271,-0.951815578640703,-0.898249333638502,-1.5560349723001,-0.479689536741819,-1.62918008277631,-0.671255662004775,-0.342309109713992,0.58165729812193,1.01276796516198,-0.872097724035059,0,0.94805470188951,0,-0.892921574714803,0,1.04877910060639,0,-0.846650252507766,0.00000000000108779651952773,0.0111674155401407,0.960368884405286,-2.3262769627751,0.483649562667444
88.5178,38.2569,-0.466676413377674,-0.626103177014146,0.882012512556939,-1.00620974674456,0.21969038222805,0.975871474266476,-1.19688016592293,-1.00971358401817,-0.610671313074317,-0.879586805148053,0,0.83210090844647,0,-0.854090936340147,0.00000000000170974345792274,1.28275367354196,0.000018939309284205,-0.107157165805066,0.106325449328335,-0.0431944755796939,0.692817532002903,-0.135505172666394,0.829618322747065
93.8848,38.289,-0.888691248688987,-0.954598372952537,2.54875567597267,-1.51980951837496,2.46516257422533,1.30862664439088,-0.890816513060628,-2.21031794983603,-1.29936885550231,-0.931606045997621,0,0.923729235305693,0,-0.692343478719584,0,1.25404400543475,0.0000000000000224265050974282,-0.159354709458026,0.0157522592466017,-0.146530398705408,0.0563602350069301,1.29130615437683,0.00000139874509708093
89.1093,38.3028,-0.41997462445549,-0.529418911355214,-0.261959752209429,-0.84882852591959,-0.791853672326773,0.13799802256505,-0.429181303182405,-0.388105014930904,-0.00456974416510821,-0.909668174979392,,0.873066362130838,,,,0.0116091503741615,,,,0.00126990304876459,,,
73.0155,38.3071,-0.909457747069434,-0.751972469722322,0.417795006331789,-1.22605053341588,-0.893253513588081,-0.463196341414631,0.637254858513814,-0.472583935586909,1.67469907137187,0.229404620426273,0.000135021893922005,0.741149312485915,0.000000000000113242748511766,-0.86913173334401,0,0.979779016049325,0,-1.23237440277079,0.00180513842056418,1.38935971360748,0.00778615140221217,0.5021017422194,0.0202792379611332
73.4403,38.3182,-0.882086425343974,-0.757381533476313,0.276043142730241,-1.19383214134033,-0.75172374837004,-0.17561426901716,0.198847028715952,0.210119854839864,1.79257163499887,0.222569353814092,0.00019535155836703,0.744461316213988,0.0000000000000246469511466785,-0.889803901490416,0,0.978167212130614,0,-1.17731651179755,0.00176347373875152,1.36479078968051,0.0064709076043834,0.502089655284348,0.0205693258234347
89.351,38.3215,-0.692998062854468,-0.756308737390717,0.220857717844588,-0.788477958717306,-0.838957641462979,0.836961194529345,-1.27793247031124,-0.443073749845751,0.0206821900943342,-0.913629169641532,0,0.880189464229187,0,-0.733479377994742,0.00000000000136979316778252,1.23557788741604,0.000000000238097985771901,-0.08035572617985,0.0994251566852107,-0.166630577166082,0.103438907474765,0.538391195173797,0.0000000000974302860612397
72.2447,38.3229,-0.855842369070278,-0.778427993914658,-0.144075389245994,-0.677512017604145,-0.800112297867977,-0.784662728440721,0.581010533601946,-0.505337492544601,1.76042519357505,0.232985695024682,0.000106404923674086,0.724009946530643,0.00000000000224686935723639,-0.834135982373645,0,0.977560159705406,0,-1.28170754688309,0.00430794566894943,1.49506162679284,0.0167209821193708,0.533146706091416,0.0239656405626145
71.1216,38.3247,-0.740241285504229,-0.59092461396897,-0.695028161107808,-0.552891650865861,0.284875707198155,-1.51043260760036,1.4863291574057,-0.701228315795832,1.60660962100739,0.155047477925227,0.0187733821315113,0.727706491937379,0,-0.716513620444707,0,0.97805148870732,0,-0.809071291067947,0.000000322726347645741,1.15407457082963,0.00000020865950345339,0.418737166574261,0.00198300926693684
95.5245,38.3362,-0.795396780431304,-0.653476157673534,-0.618684579357686,-0.765929751264297,-0.746208305390054,-0.0116758546226818,0.474976674027303,0.316346037886953,0.624167603563381,-0.886863300375725,0,0.945831728464512,0,-0.912432620936468,0,1.06861501541132,0,-0.564251707277287,0.000000172763830130762,-0.384816226650341,0.215939452936377,-3.60098301175236,0.562961934277984
75.718,38.3382,-0.319884500105507,-0.324656834673554,-0.344055326066929,0.679483361056263,-0.273142756893695,0.276726650835593,-0.0369396575226451,-0.746603630279928,0.982812105105339,0.224077178176123,0.000691148201621195,0.680044186883322,0.0000214213404694519,-0.929203880763993,0,0.930759231600715,0,-3.23875774744181,0.648299070094303,1.84319762662261,0.605150959129839,0.42144434577555,0.0178682236219565
93.7272,38.3404,-0.926554796474279,-0.982660251940912,2.47354191127608,-1.51083969242973,2.48001127573466,1.32574337545198,-1.59820357591538,-2.20354062792669,-1.3046415730375,-0.931168951525106,0,0.919807475285985,0,-0.685976064763746,0,1.24855021077513,0.00000000000000666133814775094,-0.141524579299419,0.0184696413452354,-0.154152534386771,0.0367207239181933,1.28453859699777,0.000000562989872054942
72.5796,38.3443,-1.22145309206216,-1.11245551370028,-0.51165383608046,-1.0472731755085,-0.581921162275985,-1.08508270917137,1.23455980953508,0.0194464017412164,2.03611257915339,0.24580326050353,0.0000336729278056502,0.711926742712323,0.00000000000300470759384552,-0.859243447686411,0,0.980102243838769,0,-1.30777335433748,0.0224465553214679,1.54448779482997,0.0555446245283937,0.555043805227518,0.0565038002187821
88.2649,38.3572,-0.853859820034767,-0.874736033870515,0.99118741357874,-1.09109073594524,1.17640837350144,1.07759154313357,-1.1815811588373,-1.71659079488429,0.402483438447188,-0.884979415860353,0,0.807167296919522,0,-0.792842173826058,0.00000000150226631134842,1.36707953503718,0.00920661172757953,-0.0888833169563964,0.227450963283725,-0.0327703711518571,0.723958174274166,0.0725108002849147,0.867741849847341
99.7589,38.392,0.695569786253954,0.664133778452613,-0.641370432416951,0.574867751460607,-0.156027110722692,0.204144729614924,0.727744265091703,-0.454382022594606,1.01272013652333,-0.675326102798625,0,0.948978352334243,0,-0.840365505197295,0,1.01416358331338,0,-1.39414053327148,0,0.586961186723535,0.000965612894136214,-2.51994025332024,0.531986756195013
96.6478,38.3927,-0.266602071751621,-0.405077260611725,0.0611837017222719,-0.636477259916969,-0.930886546342032,1.00269278381003,-1.34570663847068,-0.240832003858528,-0.743731434165146,-0.829976005135013,0,0.952071339613929,0,-0.911134932798792,0,1.02925962576981,0,-1.04518483052624,0,0.278186766939945,0.102772508062849,-2.43925361702585,0.408727115750105
87.8226,38.3951,-0.861837526752053,-0.880688077381474,1.17040227907638,-1.39318567521431,2.39828014206726,1.03709019752218,-1.04583101404885,-2.71382282686088,0.573766784777508,-0.871341131697928,0,0.758222612104896,0,-0.793299071755621,0.0000000648613369680362,1.52414605344068,0.215827612514894,-0.0510607477346524,0.484379012565163,-0.0106726804492016,0.911351654818798,-0.236947500231118,0.775140867927354
90.8219,38.3954,-0.866685062717093,-0.911189858807881,2.01312213659482,-1.38600546991491,1.61539251765729,1.06887411423626,-1.57664026376319,-1.4661181959307,-0.994276293984646,-0.940136340667181,0,0.913592273192836,0,-0.630877008807174,0.0000000000026647573037053,1.1369501295006,0,-0.00109689930554086,0.983241747593508,-0.355824844772477,0.0000905106448017001,0.788336841767076,0.0000000000000177635683940025
72.1952,38.3974,-1.22343432872384,-1.14036676355588,-0.922577823136263,-0.692764136424998,-1.59670236088581,-0.770894126413286,0.721574958337371,-0.440081044060406,1.71145043548923,0.181445016026661,0.00250310911065643,0.743668705377505,0.00000000000111399778290888,-0.829476194618075,0,0.976303808549187,0,-1.27781786929527,0.00220287727306889,1.49365499813795,0.00925845946469739,0.535390172910053,0.0178442067130895
98.8918,38.4124,0.955416975178255,0.856117595697379,-0.374400157828289,0.283041429893275,-0.674932649615927,0.270272484037332,1.13713534996841,-0.49989926138831,-1.13682499934857,-0.695196477634818,0,0.964275793947317,0,-0.878658004836383,0,1.0162138825444,0,-1.29226913481286,0,0.466106623926203,0.00235864941643005,-2.48216329776301,0.39977616619715
95.0255,38.4295,-0.695631084769574,-0.686523123436399,-0.515877900841248,-1.0382539110386,-0.033701980075082,0.519319358885042,-0.446979750623215,0.110648511672028,0.505400137160406,-0.899245567497893,0,0.924702937418935,0,-0.747037822820092,0,1.11338067551172,0,-0.664924333144612,0.000523896561434256,0.458908178556157,0.111425790593317,0.898151182750791,0.00652409903722484
98.3714,38.4349,-0.19452358904107,-0.136585608660622,-0.295753542124517,0.0620779089357841,-0.318662307738411,0.723869995391463,0.109634867911311,-0.780596944588545,-1.30255337492649,-0.753391855353877,0,0.951321283329111,0,-0.906226673761357,0,1.0217482627845,0,-1.11851779795256,0,0.240064787768933,0.0641459320185036,-2.41004406698916,0.356713855588958
74.4048,38.4459,-0.797193344262913,-0.844647685925937,1.849541098958,-0.961505952104237,0.0189761372188123,1.16784661390429,-1.496080684505,-0.799792019433368,-1.18123363222246,0.226249318479639,0.000368781291281595,0.760144787269192,0.0000000000236279884546775,-0.984217009288325,0,0.971897042095064,0,-1.58414758155234,0.156971838668265,1.92763084532707,0.164066349710561,0.690182913841437,0.0360161029111608
88.7719,38.4552,-0.658813110372189,-0.762997959324893,0.772436203518579,-1.06755272974035,1.05750958743719,0.915408784511031,-1.26672150344168,-1.26615538861931,-0.346739002396279,-0.898846891749511,0,0.859589768005971,0,-0.846279213955878,0.0000000000000806021915877864,1.27798635549956,0.00000476044837371958,-0.119969351729545,0.0869583245000616,-0.0516077140087004,0.646809329323281,0.207670653551668,0.576462234063526
75.7271,38.4663,-0.549151437827981,-0.503517735660504,0.850661367739921,1.49685611219576,-0.016367056082928,0.921415550625104,-0.457085413358037,-1.65102695319286,0.868251217785759,,,,,-0.914549186352477,,0.930748179260819,,-15.0647712386653,,,,,
98.7712,38.4726,-0.0907101489510906,-0.12295895926681,-1.16988482850122,0.179370993616115,-0.639306897411165,0.0390088336947338,0.316395709115198,-0.0201184426230309,0.446494205967506,-0.708735416104356,0,0.963948327213397,0,-0.881680906822061,0,1.01713609951341,0,-1.29133232941932,0,0.459243793348623,0.00442313701457442,-3.43844197060647,0.466307988999227
73.6014,38.4803,-1.38911609207447,-1.22934511987924,-1.5964312488228,-1.10881543160188,-1.14161204948086,-0.16714128079288,0.779039830415905,0.970069413918171,0.838809733467252,0.217642258748603,0.000314108803142199,0.745577102364065,0.000000000000035527136788005,-0.899842815616845,0,0.977926744103064,0,-1.13306289088001,0.0013294582395178,1.30265231097743,0.00517754611402843,0.474683638933846,0.0272861051484272
71.1463,38.4804,0.906918058411181,0.893087934435594,0.317764508285189,-0.581261607082213,0.459998687901144,-1.19011839990695,0.835578564662835,-1.64099917978342,1.29257997077816,0.144894083605247,0.0280258307987333,0.727420862778309,0,-0.717598749398272,0,0.977514905915159,0,-0.809460208272232,0.000000227116377704562,1.12341119383059,0.0000000886608622074903,0.403663051977254,0.00167207153401594
97.3555,38.5023,-0.408834966195225,-0.486770106675446,-0.434878040458422,-0.415199115679594,-0.879229628731329,0.692700689779151,-0.813307968069287,0.133398465705342,-0.455681000900397,-0.78918176889751,0,0.956943158613293,0,-0.894314824497437,0,1.02993304822459,0,-1.04304424106359,0,0.156688686589252,0.302873841235691,-3.22666889450988,0.463914879566567
96.6092,38.5104,-0.316601259202276,-0.435006799219244,-0.109906735609362,-0.692292031457873,-0.978426305724982,1.00945625930146,-1.062219134284,-0.365666179113579,-0.848455800838907,-0.830531450987785,0,0.952533273074178,0,-0.911904439819825,0,1.0272458990214,0,-1.08145834067472,0,0.31984947218403,0.0920724964982689,-3.19454089579894,0.448330769770537
71.6155,38.5202,-0.304530205594611,-0.161519317076506,0.23520116840619,-0.493262866820597,-0.174991078594976,-1.08664895063398,1.23475415713428,-1.1986889156869,1.87565090361822,0.156546615015897,0.0160934084743114,0.746226245954145,0.00000000000000288657986402541,-0.765982443037509,0,0.97633452910556,0,-0.939306202456011,0.000000378438231418698,1.20420020095754,0.00000177516292643176,0.430018715066823,0.00214551590068535
75.0032,38.5261,-0.628548764067669,-0.725056902152413,1.09536443863568,-0.71230406146634,-0.274097369703826,0.877562494725802,-1.02697176629799,-0.920933811885201,0.283170584534956,0.253421998049433,0.0000792165908400921,0.709123317743488,0.0000000923546998876645,-0.975151524790853,0,0.947050079896355,0,-2.29384600062046,0.57510104765712,2.2250031315032,0.552352530055324,0.633244720302093,0.134928359030401
92.1639,38.5429,-0.902636772441116,-0.936408364547624,2.3663161641836,-1.5170220835806,2.28538121342831,1.36499965316072,-1.27994570370397,-2.19755401184162,-1.30235945369469,-0.950567215009517,0,0.912044004240508,0,-0.742905613770635,0,1.16213408889995,0,-0.182079262687948,0.00950002021962648,-0.0750752673724395,0.687385665621721,0.981662521158539,0.000461596158963573
92.8193,38.5488,-0.888757610799467,-0.936153144336643,2.38705975014677,-1.551901079964,2.24353027705091,1.43115007883543,-1.16574138347211,-2.16139084590152,-1.26212997876594,-0.949905202084218,,0.914698420124174,,,,0.0693624456369346,,,,14.1342729402397,,,
73.7152,38.5657,-0.645395952712822,-0.681085227023295,0.812762165764526,-1.06617914460345,-0.773926759312056,0.110441043107769,-0.50729860805321,-0.107285987963114,-0.0197677385331817,0.236015742070776,0.00015095206392024,0.750333350036406,0.000000000000289990254032091,-0.916472571521801,0,0.983134310546379,0,-1.20226637348187,0.00295687236739473,1.38550787353384,0.010088762932712,0.502939335573241,0.0318473869591773
94.0904,38.5668,-0.870972429675232,-0.847401654540445,1.33947107866671,-1.37518801040834,1.32774273426678,0.848237949264971,-1.36225258052879,-1.15468928472804,-0.0114725043871002,-0.931578875016932,0,0.91297762002444,0,-0.674028675130206,0,1.2648181687078,0.0000000000399242860993354,-0.155233177962906,0.0269149453047319,-0.0862249799954304,0.280337151153477,1.63388339595978,0.000282754963332632
95.0844,38.5781,-0.533109202690207,-0.660094304394463,1.33393319821361,-1.11629003297116,0.485182963352599,1.18211115945182,-1.48983548411791,-1.01951233580909,-1.09381373650036,-0.895457514925538,0,0.925756184151282,0,-0.740985781222234,0,1.099259034147,0,-0.710000534493048,0.000689516717388372,0.576907178936779,0.139446545075953,0.73287037902347,0.0600493912110671
92.5672,38.5813,-0.903830618122178,-0.975437122477302,1.81668260064213,-1.5472009256178,2.26055833587163,1.36518871835403,-1.1036365421242,-2.26079406278193,-1.31551883433767,-0.953342518571288,0,0.916095110433125,0,-0.73196349197095,0,1.21883113833385,0,-0.103958535704073,0.0690841064230985,-0.0836400130703516,0.652272479804887,1.65950991968912,0.0383983616615577
72.6478,38.5869,-1.05590392325517,-0.979979743467064,-0.562139921526022,-1.22575369200966,-1.22525398812588,-1.17416785672646,0.578433740590328,0.185451334729777,0.974546836754354,0.267842913838085,0.0000144530922407959,0.718808918013141,0.00000000000220334861467109,-0.871366952060095,0,0.981104118085987,0,-1.28050545952908,0.0395992227608868,1.51960324086545,0.081562780618635,0.552716272424141,0.0920398816418075
98.2068,38.5876,0.130039569063079,-0.00310242977978177,0.420767817283664,0.1981363458172,-0.785006741194157,0.922507884566717,0.264025639354937,-0.645065137329125,-0.860461615468135,-0.767245628366739,0,0.953023008452136,0,-0.903187683310826,0,1.02334328052398,0,-1.11669697315413,0,0.209293256602937,0.143801719416483,-3.91526517541254,0.469557271887186
70.5414,38.5882,0.996809194900491,0.802023926507538,0.309298875152659,-0.331104438257947,0.910032071267157,-1.74038017586801,0.990841704895751,-1.66394529977019,-0.101561376100245,0.297001896151845,0.00018147432085458,0.727795336490301,0,-0.449986111006646,0.003769293332748,0.982496522149104,0,-0.380618471945471,0.00761406028758493,1.03772165761202,0.00000677129232751206,0.31139134513613,0.00961232057605921
91.6832,38.5961,-0.912942573917641,-0.968498420963794,2.38555422671384,-1.52156121445159,2.25440763453348,1.30829853982744,-1.1865766980705,-2.21315964067757,-1.31838414599854,-0.953809138304019,0,0.924136806559833,0,-0.704153292410071,0.000000000000000444089209850063,1.12351100912112,0,-0.126653352284082,0.095733625332953,-0.136192360767114,0.477831452103998,0.99475839253595,0.0000958745366137492
74.3772,38.5998,-0.86848302028552,-0.906765369670301,1.37619266979468,-0.750028545817062,-0.47208037298917,0.839073393405336,-1.40536466075367,-0.379839693532293,-0.193906290308883,0.274052241316431,,0.74138711945708,,-1.00289155265868,,0.967317913377429,,-2.42453383136194,,3.06370557688095,,0.887966849325562,
70.7434,38.6241,1.14586379614429,0.876626517147909,0.515917923237654,-0.285241899098815,0.884157282954074,-1.64884679893512,1.24544936572863,-1.68251539109443,-0.225475733586592,0.327440733178438,0.0000261925857059087,0.714216991740546,0,-0.403318272367591,0.0200274291519213,0.983745234462807,0,-0.321689900771284,0.0243658881075521,1.00576773037649,0.00000441867825395903,0.248117235637169,0.0139225408222863
96.0011,38.6299,-0.345110181146272,-0.44688296554469,0.736259683601754,-0.723149933871396,-0.534906136123687,0.595293335203682,-0.714725563118438,-0.352342425441727,-0.578591534006303,-0.865418585307671,0,0.946085664081945,0,-0.888048529834695,0,1.05218199695492,0,-0.769076408827409,0.00000000371763086981503,-0.149857335030245,0.636480107439752,-6.88324064590154,0.698927347886563
96.7036,38.6342,-0.00164131962875245,-0.126891352090321,0.445056150945763,-0.775728056918052,-0.285732065958684,0.799865630204698,-0.139967790958854,-0.775139478782491,-1.04079500492116,-0.82282858050237,0,0.951400713959405,0,-0.913148873541216,0,1.0271188039979,0,-1.06314868995197,0,0.296154137499564,0.0875053491829041,-2.78487795732893,0.419491412775469
71.6461,38.6351,-1.57211163799443,-1.35724255391117,-1.95472500435997,-0.403160040646648,-0.781631198364027,-1.23099710375734,0.920517906379332,0.15252988622256,1.7058195505234,0.172925803166204,0.00971823711689601,0.740131957332605,0.0000000000000035527136788005,-0.761268547706593,0,0.97511440944828,0,-0.889328254315049,0.00000027260280743846,1.18245679408306,0.000000892347998826537,0.428539985400502,0.00175716757356659
94.4764,38.6382,-0.866445097051783,-0.906749507509832,2.53553507984117,-1.3123923406487,1.70444835804568,1.22851080105173,-1.55214097642284,-1.8856666315152,-1.24597594311782,-0.920884420589542,0,0.897688918552883,0,-0.665378695054536,0,1.35192154405197,0.000084827403277421,-0.1732699791333,0.0738198628153679,-0.0173751135509711,0.814427706794676,2.21337477055486,0.0143711937180497
93.097,38.6419,-0.931562163811363,-0.992272621975404,0.654734046235729,-1.55461685031441,2.28981080598764,2.0133400709204,-0.912987193278432,-2.20844089726214,-1.32188059299557,-0.945616447291726,,0.918781412197808,,,,0.0885289356962125,,,,9.44376273372491,,,
95.5399,38.6804,-0.604889616756509,-0.679477295851174,1.55588762608258,-1.01888299044177,0.167165575989934,0.052537000814666,-1.29854870247726,-1.02877293336949,-1.10043459185264,-0.890770528510894,,0.902061191562006,,,,0.185871633169725,,,,13.5188980074455,,,
88.8601,38.6852,-0.75661783830866,-0.85536462078456,1.41690308102511,-1.17911173511579,1.63035223955125,1.00078011832029,-1.34858903874681,-1.62431244270256,-0.276155557496661,-0.905773059534154,0,0.855931998913067,0,-0.823140960475467,0.0000000000000939248678832882,1.27672839726283,0.00000750991491815789,-0.134509763866662,0.0847354383388619,-0.0745434993262041,0.419282678828602,0.376501244161607,0.120542095935421
99.8484,38.6869,1.59410694539993,1.45230325366572,-0.296953431638817,0.0962158647361192,0.587462115075549,-0.295157460547977,0.690750137012313,-1.38876157729503,0.630014610604972,-0.670166905506552,0.00000000000000266453525910038,0.951174427762644,0,-0.837401310618925,0,1.01496418886363,0,-1.35403234709975,0,0.545294992149556,0.000576074828729567,-2.42627564856129,0.526149036584011
89.8554,38.695,-0.879815080498553,-0.923772912375672,1.77705069022799,-1.15721871284406,0.888887551622529,1.02019937583358,-1.52190914281879,-1.49140174925209,-1.05265163197508,-0.946222114210454,0,0.894755192419954,0,-0.664275359016466,0.000000000119220411320953,1.18403242817643,0,-0.0846055901005373,0.113229251041869,-0.178748250592682,0.136667336240809,0.798143957922962,0.000308144292144874
99.3724,38.6959,-0.0542166341333351,-0.0289101749205059,-0.880820700098276,0.589043797922147,-0.209122278951524,0.215148140033178,0.483249287711906,-0.247949146377072,0.539305044741987,-0.667500182552629,0.000000000000000222044604925031,0.959196199648268,0,-0.848396219394431,0,1.01497773814148,0,-1.3918182775577,0,0.53565415564384,0.00355022263843074,-2.90334139610047,0.53235280702636
90.2254,38.7226,-0.835578448273315,-0.91836169974019,1.854136679788,-1.28163220049342,1.66063470934149,1.13196618259821,-1.49376243425136,-1.83204429540335,-1.21871100202616,-0.949514508238689,0,0.906066873346522,0,-0.66328662084242,0.0000000000275259814941364,1.1673039658467,0,-0.0704215496613935,0.197370006255797,-0.235417415074597,0.0135260752246922,0.799398945769948,0.000000180929016213582
92.665,38.7248,-0.875497950347976,-0.901227647113759,2.31261518233897,-1.53847765013206,2.07890711800768,1.36734039277839,-1.51153821208016,-2.20046252360414,-1.2768002551742,-0.957116279721201,0,0.911145768711648,0,-0.722662954545548,0,1.23870839938144,0,-0.089917582846822,0.115335137214358,-0.0961354622835904,0.597806818938412,2.06464446464779,0.0862306395420023
93.2443,38.7317,-0.943935779376996,-0.963699017520805,2.54112671719461,-1.54670832654605,1.99818975254248,1.13577209962752,-1.48842560404417,-2.17505322547314,-1.15568494339748,-0.943838875572621,,0.915934822502029,,,,0.0849909945789076,,,,29.218599827622,,,
89.3317,38.7383,-0.645728966612754,-0.725344235256324,0.3362519233337,-1.20721726997203,0.760707868956056,0.684055916187841,-0.951453492476986,-0.987910512601843,0.274717147693734,-0.926939877552728,0,0.882497917937491,0,-0.710133877794578,0.0000000000137165834246389,1.18586058345386,0,-0.129478966352927,0.032679757166729,-0.195525290199367,0.0756914540792861,0.595686420539951,0.0000148709655862778
91.2817,38.7408,-0.917626381516776,-0.935826489453456,1.81881603093205,-1.34552019396002,1.90462164518263,1.12320084902775,-1.49693466270826,-1.46863282497469,-0.303686509761982,-0.963640115928393,0,0.915050265252282,0,-0.595687662454228,0.0000000000762661045428104,1.13446250086499,0,-0.0753085713638778,0.216303396238671,-0.32575358910631,0.000313075012256636,0.93261155248729,0.0000000000449089654352974
95.3442,38.7472,-0.782016675896773,-0.811565309767234,2.09658829795829,-1.11741950504178,0.420708484883509,1.13573360851916,-1.59210551047713,-1.25981699225727,-1.16230825608366,-0.884478302798846,0,0.937138752447506,0,-0.809783419465667,0,1.08894287620891,0,-0.708043535265378,0.0000141808301126201,0.0306950964848296,0.922183266236702,-0.930764952439087,0.605342728872587
73.0091,38.7479,-0.878445390016625,-0.794768628340731,-0.0386553361808016,-1.26646652726926,-1.33862719852023,-1.11171806736296,0.876477966317895,0.325339737003427,0.469439392298558,0.269244772647637,0.0000138484741241118,0.716117623169916,0.00000000000261168864312822,-0.88759439227506,0,0.979132389841097,0,-1.37750005855268,0.0509496492018306,1.63707801042853,0.0906664086002218,0.593889324153549,0.06471099659403
92.9649,38.7556,-0.866684923708824,-0.921371916450471,1.53424776318915,-1.53823216708663,2.03117775453872,1.555916599857,-0.798042236758522,-2.21902282839549,-1.32537693520271,-0.948417312541608,,0.911531044185161,,,,0.124737484976311,,,,12.0497812166808,,,
98.2837,38.789,0.902087916354833,0.762712374500463,0.684788751853387,-0.106874008780167,-0.368498293167902,0.80937089555243,0.767383396733018,-1.1360604265678,-0.896819872007891,-0.772530560449306,0,0.973442284205394,0,-0.89542353994489,0,1.02258105690451,0,-1.23786321508359,0,0.337424930740378,0.0308101843875035,-4.00178350303919,0.496628099085379
94.2688,38.79,-0.189719255823333,-0.37576238711468,1.29893556874207,-1.3595674143954,1.77455258682436,1.22528798603372,-0.48949457570704,-2.06021840212412,-1.29911467111027,-0.925700740770291,0,0.892198901025814,0,-0.645865511453892,0.000000000000000222044604925031,1.36749674410408,0.000552566645651842,-0.154128301709553,0.109848649794419,-0.0117844434919343,0.876150892344315,2.42331366071214,0.0302848863205589
93.8163,38.7992,-0.878347333839008,-0.898726101314804,1.24828427283703,-1.39396902340094,1.59523955571551,1.10780474148094,-1.33659176830795,-1.74598390782616,-0.0101541930978942,-0.928444336250898,0,0.894303162732336,0,-0.662606426878718,0,1.47888373752234,0.0124410632316276,-0.114254578730372,0.173031185715108,-0.0714434944247367,0.345099722203299,2.21490434381033,0.019733503865381
71.8556,38.8112,-0.821542834830184,-0.552954606574768,-0.0271108574326842,-0.537507655713769,-1.45547456566272,-1.03638689922386,1.27986439232315,-1.21168683820074,1.11928034202024,0.139500662526479,0.0436748135216523,0.765017199120212,0.0000000000000162092561595273,-0.783995128622016,0,0.97510728319026,0,-0.925715068285132,0.000000129467590426202,1.16677875883283,0.000000309520850505507,0.415821941065174,0.00176028670316852
91.6331,38.8183,-0.93266791128827,-0.947144893723645,1.98466801336418,-1.34173896502591,1.71384983644644,0.996951706909129,-1.4001522287693,-1.7731795754823,-0.822343442450995,-0.962227559494245,0,0.91995531612177,0,-0.69499965278878,0.000000000000000888178419700125,1.1366441687614,0,-0.143778191693888,0.0624123280219708,-0.129214149611847,0.486926092253537,1.2186666083373,0.00256652260953594
90.6894,38.8264,-0.907590777224187,-0.945615894480894,1.64639205621857,-1.16114788728343,1.4711149934915,0.944857486349734,-1.62237342936685,-1.50291940272708,-1.07750555562379,-0.955728065186208,0,0.906773374690939,0,-0.625945145213782,0.00000000000773958674926689,1.14481027979607,0,-0.1171274966844,0.0720872538707091,-0.290771354686577,0.00119214704646087,0.931405256755457,0.000000000771443797731308
72.9827,38.8361,-1.42799556551513,-1.24067293265927,-0.90411059395717,-1.24385619830218,-1.82053160596166,-0.5535248059033,0.699146061985608,0.702846436999642,0.915728498997022,0.274127282057347,0.0000104805091640792,0.723027407742208,0.00000000000293232105263996,-0.913922975182179,0,0.980616983237926,0,-1.49291342677224,0.13410599241805,1.8431679704473,0.185340306826244,0.666732357719273,0.0974181778687515
90.4312,38.8361,-0.843238680808474,-0.910659422998191,1.81444357697317,-1.20358755221446,1.41494361140159,0.971528890662759,-1.60464204238149,-1.51103228162317,-1.10357634985419,-0.96201875689495,0,0.90551542330908,0,-0.636644420074755,0.0000000000127740040767321,1.13132122297301,0,-0.119511303628143,0.0755510217259983,-0.273493048909171,0.003208566394169,0.921237563455559,0.000000020967776404035
98.9912,38.8401,0.825844354003237,0.653038278940531,0.0811483675276622,0.444916253726218,-0.339261183254836,0.387630304654502,1.17164481352455,-0.8744004846134,-1.15271973116699,-0.731386406321313,0,0.964945950589475,0,-0.890991050242774,0,1.01546988885275,0,-1.30814312745565,0,0.426689782324996,0.00522215240035373,-2.91455954763386,0.492854116585671
98.4632,38.8588,0.529702156032622,0.491642214911913,0.919397017952948,-0.262042348161928,-0.204650357899331,0.839014788372366,0.56142906984322,-1.07161316496931,-0.812806640079957,-0.757006418032058,0,0.968913227396023,0,-0.901261834156194,0,1.02111154298883,0,-1.22438770959679,0,0.343892095252584,0.0266942173517226,-4.84405293092379,0.557680823050733
94.6657,38.8617,-0.853181992922613,-0.886787934154303,2.35171747468592,-1.37980126513996,1.40186024100152,1.08037206222582,-1.30069010865723,-1.78734950432117,-1.27632406336682,-0.914564173103293,0,0.89809079527929,0,-0.684887062648859,0,1.20091750144641,0,-0.345352023135654,0.00827021862976318,0.254918810568649,0.157115801976613,2.05182913457708,0.0211229444138363
70.7897,38.8641,1.46039556823868,1.19293931551119,0.704033059725128,0.384159231261945,1.27105659822189,-1.25384991736111,1.00629048735003,-2.34348274632061,1.31384637262184,0.195011053693706,0.0267535200842033,0.801208676274141,0.00000000000000111022302462516,-0.642426764788085,0.0000000324617204228161,0.994445179287676,0,-0.704229276363104,0.000357625671690176,1.1890558127282,0.00000117032273672102,0.454429810337413,0.00643738204838584
97.4719,38.8696,-0.77372552520075,-0.72598441224648,-0.77569315756129,-0.257699794384166,-0.303150887742882,0.283319522919694,0.126056828594919,-0.145065320342906,1.0933887098061,-0.791025122024752,0,0.956305871854011,0,-0.90754624111828,0,1.02651713523864,0,-1.05027215900165,0,0.120247548877671,0.460605000503848,-8.74729652940351,0.688234211130603
91.6119,38.8836,-0.73774726233784,-0.837133714934353,1.89002025563919,-1.24639646668551,1.42157395329114,1.10218064672643,-1.25012904696939,-1.79378667821319,-1.13310215424685,-0.961924415019441,0,0.917969699795473,0,-0.701898127014961,0.000000000000000888178419700125,1.13071117612709,0,-0.156255369237048,0.0536347851145909,-0.0657498946136724,0.785023331636758,1.28379631178218,0.0112654036880047
98.0754,38.8874,0.214020655116749,0.178003076229621,-0.151339994175977,-0.197011765178692,-0.451998909845658,0.980361905911471,0.646952681078025,-0.697654777969626,0.209575949720621,-0.786040228493511,,0.95771183236554,,-0.732527829780897,,1.03290532149028,,1007.52468932018,,-420.796015341219,,0.417803884425804,
91.971,38.896,-0.863102169715794,-0.911120731259425,1.66912472161121,-1.29710253654659,0.933589695160796,1.08660574989384,-1.45070152128155,-1.15244672636396,-0.928483253281016,-0.960452511527194,0,0.91846536557038,0,-0.774586160978483,0,1.1128315584228,0,-0.304241047735615,0.0281869137313335,0.911011599144786,0.664098267417016,1.42739047899652,0.306392536653767
92.5416,38.8995,-0.84190058424575,-0.893445720757856,1.19961813155697,-1.48037625708197,1.35477898389937,1.08236759419425,-1.40758162337518,-1.35320510051207,-0.829340322572452,-0.955485520306609,0,0.904811648733218,0,-0.729248545403411,0,1.20069346435238,0,-0.125063478516078,0.0932377555106374,0.0055530477669129,0.988608196169593,2.25093410200668,0.268608444432911
90.9025,38.9076,-0.868490166128244,-0.919010591215434,1.37417885540353,-1.15491408919255,0.705850028320978,0.99161561475855,-1.44633305427911,-1.01305844994016,-0.806925544415606,-0.962349590667444,0,0.907989289957089,0,-0.561208861494208,0.0000000207411989805451,1.14677740642208,0,-0.0854182710114959,0.110197396812034,-0.311175499137014,0.000368875133363922,0.868536663200248,0.000000000366294772291553
88.9676,38.9133,-0.837357599063545,-0.870668125861356,0.959954940326308,-1.40154769803582,2.44487035125145,1.0539566549944,-1.00198830907722,-2.28200014000521,0.816405609959131,-0.913346549071166,0,0.846637707530739,0,-0.772047483686193,0.00000000000143285383558123,1.21481578160545,0.00000000000925681753471963,-0.219345215436243,0.0200174690377075,-0.106279628762439,0.252261142890606,0.525522186394839,0.0000718357597209174
71.8303,38.9137,-1.61497502388499,-1.39349318259803,-2.42582103413096,-0.43392003159319,-2.16222499900661,-0.761161491386745,1.42241913729467,0.394002040690629,0.872202467355617,0.146421765869027,0.0431925140333616,0.779540863132983,0.0000000000000077715611723761,-0.802383012619197,0,0.978730887086409,0,-0.956608967882689,0.000000237331772234839,1.20505272788837,0.000000352947307602491,0.438319723599872,0.00129159500673626
95.1079,38.9319,-0.695341582612157,-0.801505570413943,1.71510110530804,-1.25477622213149,0.995698113132669,1.16098840472654,-1.53218909890423,-1.39907677697332,-1.19760858457834,-0.882016905817224,0,0.9229007325925,0,-0.813522875925868,0,1.08586422127509,0,-0.794883538141371,0.0000326351817481196,0.27483532604938,0.514516017431325,-0.777266127295247,0.66403891739651
91.5331,38.9581,-0.76152781536084,-0.837673426186033,1.56659713740454,-1.25328609485272,1.1117351518227,1.07403594629181,-1.52451417094856,-1.30607523623633,-1.00756503233863,-0.966547570433939,0,0.915076689007697,0,-0.633521978188584,0.00000000000596211968684202,1.13986275705032,0,-0.0920826329582519,0.120579371043448,-0.231975593019099,0.0344900096353751,1.15673059569692,0.000031036267308604
71.8936,38.9739,-1.21021410231111,-1.14557194417612,-1.27283810968552,-0.439117897185483,-2.35920161064939,-1.1048997720925,0.924728043024212,-0.341197636755784,0.670181928491481,0.103257929925764,0.161664945369205,0.797269082909119,0.00000000000003530509218308,-0.839688707413435,0,0.977200062253033,0,-1.05060064900729,0.000000607711577504944,1.27204519028891,0.00000163465654856587,0.459488280975715,0.00133525429152437
96.5401,38.9832,-0.189911503230699,-0.386990530708625,0.398200925631737,-0.939660986570088,-0.311018759210227,0.815408821283525,-0.698151736786224,-0.439365350052309,-0.621619765815324,-0.841168807170081,0,0.945570610711503,0,-0.901165314138133,0,1.03923080099268,0,-0.913855241458795,0.000000000000822009127432466,0.0316135593183219,0.885611187085935,-3.41540840966718,0.51614184464863
70.6713,38.9845,-0.682293786742951,-0.563488150887704,-1.2726015828727,-0.0191378500812214,0.914436524277022,-1.56440127476403,1.31958021101948,-1.13153172680991,2.56626631788122,0.232286823013375,0.0157895551744072,0.825213129157409,0.0000000000000532907051820075,-0.645441318016208,0.000000128640254004608,1.00127346001981,0,-0.701238730950103,0.000484249915928547,1.1555865837616,0.0000127745379738808,0.42428616762803,0.0321169957248575
98.1868,39.0038,0.0782335074229566,0.0160157359710217,1.02035837681554,-0.240479844806173,-0.00559574251049522,0.978889937407426,0.230820662797817,-1.04956676591899,-0.0809404263117453,-0.782365207079914,0,0.974614497074983,0,-0.90795391226413,0,1.02241206813151,0,-1.25183640537676,0,0.385037661924701,0.0159761333300876,-3.42997852346342,0.490183465424958
90.564,39.0098,-0.763868367950804,-0.831312049170991,1.35765481740814,-1.21375028662629,1.01513123309667,0.919720698724859,-1.43186199403263,-1.47236485725804,-0.429678470431024,-0.957213055294091,0,0.904940641721903,0,-0.625782874028191,0.0000000000203808081522538,1.1604966983575,0,-0.108202875038116,0.0797421677064354,-0.260215896208291,0.00374946384468644,0.953553805302353,0.0000000109428646144494
96.8549,39.0286,-0.366864482102404,-0.370361842694915,0.237137760899108,-0.509512696451314,-0.60734927420839,0.914750707395182,-0.333891235066453,-0.487589925160878,-0.180286713929295,-0.814354541823634,0,0.95634369884028,0,-0.9122751098905,0,1.03214442292892,0,-1.02190970169665,0.00000000000000133226762955019,0.169640943653534,0.404651711524623,-5.3426175262452,0.603001961842532
91.88,39.0377,-0.883139000294933,-0.89888476516424,1.38209445978106,-1.31603724076358,1.16597838235721,0.971827091020969,-1.49966251926585,-1.15124108320038,-0.86833098492439,-0.960665317643321,0,0.912960090614245,0,-0.714581318629644,0,1.12492036727686,0,-0.146196331521445,0.122325895487246,0.265019393467958,0.643496162048625,1.74345798492187,0.100494810608888
94.6998,39.0631,-0.790359788749578,-0.860080689076148,2.2640428428506,-1.22369644972567,1.24789908139234,1.00023384973254,-1.64790349694626,-1.53703265560106,-1.15844819336195,-0.910593968771545,0,0.885392993440083,0,-0.678073684418725,0,1.18013989654326,0,-0.331123371046154,0.024446785762628,0.450059930372819,0.139538837423453,2.59777385573486,0.122153430615011
97.446,39.1027,-0.844607147922995,-0.819621562071887,-0.285418659721092,-0.460094344371101,-0.259686768564034,0.712471795411313,-0.656997366613795,-0.252289113724839,1.16000563265271,-0.804496993925633,,0.956928737859775,,-0.748246081941971,,1.0318677609875,,558.695471156113,,-234.823917889365,,0.420564325134041,
95.6009,39.112,-0.568662521772418,-0.623397227489209,0.921309096534502,-0.929668104673729,0.0419153295621671,1.08446647793013,-1.21048549032111,-0.977449894409545,0.207854386554549,-0.871972449208257,,0.892093743240676,,,,0.126875419524614,,,,24.4064048089799,,,
91.1592,39.1194,-0.638693284261047,-0.646443803255386,0.80525064039903,-1.34891093953474,1.85511771629471,1.11001354797138,-1.03088890334917,-2.10489175780267,-0.0142454292518948,-0.966479984670819,0,0.907940400585329,0,-0.6293486370354,0.0000000000341093819855587,1.1192526520327,0,-0.0955920804133159,0.144773719091307,-0.301598774785111,0.00303465765008704,1.03732871857182,0.000000981244706155238
97.5037,39.1277,-0.333996955970152,-0.40887020574541,-0.211061573571798,-0.428885884419148,-0.248578260027147,0.973618946423329,-0.732103952602343,-0.568010044155278,-0.496724476346326,-0.804496993925633,,0.956928737859775,,-0.748246081941971,,1.0318677609875,,558.695471156113,,-234.823917889365,,0.420564325134041,
96.3954,39.1375,-0.396874484078363,-0.459440472312059,0.196776132854547,-0.951983787229211,-0.287970568416119,0.764520406466176,-0.778915505557118,-0.31120343856079,-0.482107922254964,-0.846034817447078,0,0.942779125476786,0,-0.897168487041942,0,1.04071709681089,0,-0.898272970367224,0.0000000000162643232215487,-0.0366705446428106,0.876133234538706,-3.65623302266181,0.52297148250615
97.839,39.1403,-0.275761939939277,-0.340799122305183,-0.265038026207909,-0.127332103289641,-0.254935712888358,0.677927469990299,-0.387501006332114,-0.505954535810336,1.11264739636678,-0.795583429383891,0,0.953907294553104,0,-0.910456558999705,0,1.02509613383868,0,-1.08604196538742,0,0.115084190900643,0.486128463870025,-7.59547481403543,0.668618825418432
73.2773,39.1467,-0.678818179331449,-0.737206227171011,0.467236148801633,-1.11148317840349,-1.24801808350746,-0.527868212798167,-0.528344947945037,-0.126887701155013,0.16779591190634,0.301108974219684,0.0000158128371483546,0.750468373155272,0.0000000000589244208981654,-0.956285719435225,0,1.0033580456875,0,-1.14674442843189,0.0304794027332553,1.28210685667377,0.0851386032034331,0.44953598494533,0.235261269709071
97.582,39.1646,-0.426503323907331,-0.535686755183435,0.71929148525835,-0.370404051214097,-0.327620981448234,1.07207704039786,-1.2684267841617,-0.949432131474572,-1.18762954178296,-0.806856458685105,,0.955855344545504,,-0.746581769864902,,1.03244083241532,,1564.69050886504,,-647.693396351806,,0.414040377817271,
96.9482,39.1708,-0.657235178695798,-0.731550593283843,0.958409654589216,-0.370037814395036,0.0217682613890022,1.06189472815606,-0.95255991160242,-1.27513872181928,1.51107300336169,-0.817268455708415,0,0.955880308952431,0,-0.907258410245198,0,1.03097818467174,0,-1.05875655101947,0,0.141624459403436,0.417313407963531,-3.23091383628462,0.483240979539144
71.6684,39.1971,-0.404366763118112,-0.359343355206206,-0.320689561004024,-0.664043063278292,0.493331858972698,-1.64461844043618,1.1330171354115,-0.824659306577883,1.32787667863671,0.0536583076945497,0.521247258097483,0.839349051236383,0.000000000000261568544601687,-0.875348646055154,0,0.9995554283665,0,-1.11524806515078,0.0000000128812958077873,1.27937063792213,0.000000276594586789969,0.42329880299957,0.00515984087480281
94.0382,39.2135,-0.850233869347485,-0.88349170820787,1.29061166449086,-0.480239403456968,0.588873592176292,1.04673139798935,-1.55165755450009,-1.21706333601464,-0.688519124096519,-0.919044873762714,0,0.876944890982864,0,-0.653188256909779,0.00000000000000932587340685131,1.14912316761566,0,-0.335054757655067,0.0235455050717475,0.438540673054765,0.198095173520036,2.41808937803241,0.106848031730401
74.2551,39.2257,-0.982310383446328,-0.940647119457098,1.08239340666939,-0.246794680519902,-0.799878076029256,0.222312112274427,-0.998008829403648,-0.117432553993169,0.194724092625592,0.342628946529897,0.0000105536647365678,0.74667385583848,0.00000000610300965320221,-0.987320564254516,0,1.02426508159435,0,-1.50742599931119,0.436458272748413,1.43959352720174,0.517813642754537,0.512295582455697,0.506769365780006
95.54,39.2913,-0.554286002504938,-0.613710442023019,0.878491517551788,-0.886862036033336,0.580490294679799,0.971823761150642,-1.24465554165949,-1.16192017151905,0.864211812691854,-0.868519510051359,,0.882285951586751,,,,0.195986499775689,,,,11.8891204338809,,,
98.4063,39.2952,-0.34705616486919,-0.423077438248226,-0.042394717736436,0.0717832897318027,-0.159814104090998,0.679839205720433,-0.130490422757118,-1.37879603613767,2.00322840640303,-0.759058068519456,0,0.968929216621616,0,-0.908021169743267,0,1.01899556486645,0,-1.30268129251481,0,0.434344062483043,0.0020668051451278,-1.61976517284283,0.409434087345465
97.4096,39.2963,-0.421033008913805,-0.519946926242226,0.629871824711423,-0.493516492533274,-0.468639655705831,1.01175892411957,-1.16028586803813,-0.475975417291447,-0.844647941884866,-0.807132328333428,,0.954094050293015,,-0.775816635277608,,1.02823201107787,,744.943798405172,,-330.533147224247,,0.44390488423689,
74.5097,39.3025,-0.835375998239203,-0.709773595811132,-0.279229837110689,-0.43625599931,-0.781877230562851,-0.651486539317422,0.444474434218188,-0.4404025184278,1.17221176318292,0.304993016215741,0.000200040183698569,0.755993704098071,0.00000008368623660715,-0.970663434039496,0,0.965369466381483,0,-1.01730587721572,0.168101648368388,1.00045440347864,0.112075444605864,0.36669647676766,0.157981053010585
94.7798,39.3372,-0.641993838242272,-0.762705584717429,1.26158805631702,-1.1213525544356,0.58735909746419,1.08232329735398,-1.38755080537621,-0.997254398828696,-0.673135475879236,-0.906853628849324,0,0.887805083231193,0,-0.702828640182161,0.000000000000000888178419700125,1.10959444343424,0,-0.559335575745857,0.0102193395326484,0.846564617080408,0.137695843008066,1.69185437058771,0.0728561809991484
95.1595,39.3524,-0.0750973770573519,-0.281124617843647,0.932866911291437,-1.05654102210167,0.83013880924151,1.0195709531375,-0.371740705521479,-1.37999365199629,-0.113228848524491,-0.87571913682562,0,0.905942990880159,0,-0.853240765721728,0.00000000000000510702591327572,1.06358307399702,0,-0.830077114907076,0.00000139000282017854,0.282573399232145,0.543524334367696,-2.12788595207872,0.594543234061867
96.9772,39.3693,-0.213273155773192,-0.277334003676896,0.385893723761445,-0.521873643164312,0.716154524975396,1.01639270716174,-0.469565134425086,-1.60380584814972,1.15145518899295,-0.814472022086799,0,0.954506922550408,0,-0.924188986865724,0,1.02527962288933,0,-1.12224443888511,0,0.189746790461353,0.265376169555164,-2.20220030091223,0.428443996550725
96.7959,39.3729,-0.689682134043905,-0.669869221287876,-0.198404570904509,-0.423343852832856,-0.413960974865679,0.818887021901377,-0.452048312403038,-0.50579860411017,1.06105356720216,-0.812285329676276,0,0.953298030819808,0,-0.923261716077711,0,1.02292166476156,0,-1.14605744346386,0,0.223401345640961,0.187650961014144,-2.05971307606867,0.417763604972125
95.3476,39.3855,-0.490796946465148,-0.58169318786307,1.07475906607426,-1.0456473881033,1.21857393012677,0.943788496037156,-0.770632841330372,-1.42917357179313,0.287657347688989,-0.871971257456883,0,0.912843871481004,0,-0.86663187863829,0.000000000000000444089209850063,1.05421139630048,0,-0.8511388561417,0.000000117673806698804,0.182245328276843,0.612962743083393,-2.13756553707883,0.542586560768015
74.4088,39.3964,-0.653148377932617,-0.616653323586841,0.376770200359805,-0.300212344736126,-0.159709606040232,0.194841628198378,-0.135394386206068,-0.617504273058964,0.767359812725475,0.319513454137414,0.000101267810372896,0.747890914377624,0.000000279455574014875,-0.976247626181937,0,0.985187404898451,0,-1.10860324503772,0.200073247646055,1.03751776006866,0.201034707790777,0.343881415651762,0.335355961389879
96.9866,39.4101,-0.257503117414243,-0.33310133785599,0.75632866288886,-0.551421735737221,0.934262726208097,0.923028094883874,-0.369727286558533,-1.82571662836743,0.341448034915678,-0.815046773007276,0,0.95358017824036,0,-0.924790021752392,0,1.02547688832001,0,-1.09397617153373,0.000000000000000222044604925031,0.144664859455795,0.368074012590933,-2.0318052836406,0.408318663283576
97.2961,39.4347,0.474618744863357,0.367085440931246,0.26591763028044,-0.541968281391003,-0.100151991932174,0.665026786173131,0.515259010105796,-1.15229630310446,0.348905253270799,-0.797057432825692,0,0.948660730767545,0,-0.92738516276857,0,1.02223143000804,0,-1.07424910224212,0,0.0822890262527395,0.640909170961521,-6.69257949441779,0.671922236194506
93.5321,39.4441,-0.540004365142681,-0.497315768739735,0.541468536927334,-1.18453328220571,1.52903419953514,1.07404620397142,-1.12741043050578,-1.66710868501154,0.256704784227225,-0.91128474810366,0,0.859946803252562,0,-0.617072107039561,0.0000000000219906315379603,1.14914562588031,0,-0.2378900250453,0.0350556031358418,-0.113003528973646,0.432005534294627,1.69335126659288,0.00117158504939785
96.7513,39.4631,-0.854117971350451,-0.806867539523095,-0.464834774882543,-0.337556301019769,-0.489016857394979,0.112168240788497,0.139726808533613,-0.367157669983945,0.902133447738234,-0.822795873934628,0,0.949958297940317,0,-0.928355331032002,0,1.03100573759211,0,-1.00021552374316,0.000000000000117017506795491,0.0619776094344274,0.671744759979732,-1.0668153971208,0.365489329271352
73.3929,39.4955,-1.1595755612314,-0.991624379253884,-1.48736784551233,-0.626761965811686,-1.16763555116317,-2.11424924443726,1.93604995141691,-0.102763213578284,1.52885778876018,0.341611610099729,0.00000973235143897355,0.747790639528876,0.00000000309436898326965,-0.975554131264533,0,1.02212768701333,0,-1.04915619388023,0.0109445550565999,0.978303754871578,0.0850302483311989,0.280901385522514,0.49887854539593
96.6059,39.5717,-0.213947047507163,-0.216336501781183,0.406365901314701,-0.544058278411368,0.00963701593021156,0.703870051900924,-0.0875913571338184,-1.03939899422647,-0.807905325813492,-0.826910415487453,0,0.953395928405676,0,-0.929919087661789,0,1.02920711860026,0,-1.00383360683549,0.000000000000200284233642378,0.054546637706178,0.716842120715565,-0.920055256037968,0.381137100979373
95.5969,39.6128,-0.223425852925422,-0.395662467705403,0.939038714557966,-1.05001557162696,0.343198869016919,1.02080606192171,-1.08861417374248,-0.949049892712252,-0.623074810712558,-0.864290232568435,0,0.921369635226937,0,-0.911123024407392,0,1.05255065224156,0,-0.755458460320219,0.0000000127261048366023,0.0369654461057859,0.825481190081071,-1.01390589654609,0.354668902484359
95.6902,39.6426,-0.355292149712621,-0.561767216585813,1.31984978332589,-1.05903474789403,0.620888122057273,1.13748378003568,-1.35756743285638,-1.41064950250571,-0.893228576604029,-0.863262489375816,0,0.924021065972815,0,-0.939886197039252,0,1.04604418544269,0,-0.75343069582592,0.000000000731155136435291,0.0110104536105403,0.945266582372569,-1.40754678753461,0.334303698512175
95.8145,39.6463,-0.144235321785916,-0.387216976163489,1.80797823679874,-1.06342468797082,1.03569361938529,1.05183292388332,-1.41357473058856,-1.95455448647632,-0.980692754844511,-0.855633156347827,0,0.921227404993808,0,-0.952685065474125,0.000000000000000222044604925031,1.04176773213921,0,-0.750185895060602,0.000000000694645008181283,-0.00146414574713675,0.992400419608398,-1.53566888352596,0.336072551226073
96.0354,39.7713,-0.490426085599231,-0.624848265668069,2.18557786904568,-1.14733758724543,2.26807165232826,1.09083293767085,-1.06042253929825,-2.82986299237648,-1.09611945197671,-0.840370251945035,,0.922913780683453,,,,1.03676599330551,,,,317.305319236072,,,
96.3332,39.7995,-0.573399398246571,-0.672329691108357,1.81884883891147,-1.15014024415363,1.69423568780657,1.06805942926094,-1.40284396825636,-2.07659221572348,-0.947760377036533,-0.829890170333652,0,0.936451307990564,0,-0.967765638112216,0,1.05162467241506,0,-0.691725723015903,0.00000000662372046100757,-0.173410713741219,0.270238130153253,-1.55688883746917,0.394355849183563
