"id","x","y","px","py","n_local","P_climate","LST_climate","water_soil","NDVI_plant","soil_plant","climate_plant","climate_soil","sig.P_climate","sig.LST_climate","sig.water_soil","sig.NDVI_plant","sig.soil_plant","sig.climate_plant","sig.climate_soil"
1,99.048,26.2059,9151.48798984936,2897.586363,197,-0.103531249844682,1.47340810751673,-0.694300167384067,0.916729844368556,-0.138516152296525,0.386569518150345,0.556178933123107,0.00828267881172762,6.66133814775094e-16,0,0,0.225937855087157,0.000195932914545116,4.20397050504562e-12
2,99.0638,26.4155,9152.94782255915,2920.761835,213,-0.100464670435569,1.56393177902743,-0.67805811185282,0.918086439840099,-0.0799262311496539,0.345075972886429,0.524448317918118,0.00676945274493512,8.44324610227432e-12,0,0,0.465264503211295,0.000536555588429355,1.46070466833237e-09
3,99.4634,26.7375,9189.86865489038,2956.365375,229,-0.109497871552059,1.56128940241959,-0.621697762588566,0.918552038530363,-0.0194243783752608,0.333662565197923,0.533855521402019,0.00333370119835963,9.93649607039515e-13,0,0,0.857833910051853,0.00049430860942512,3.94270172066058e-10
4,99.4254,26.7926,9186.35766482885,2962.457782,235,-0.111831524531084,1.56627930292894,-0.615781357148757,0.919607786919525,-0.0152599380698523,0.334600396616554,0.531833589987767,0.00275613747853654,1.12132525487141e-12,0,0,0.88760410702416,0.000466838339752584,4.18209245012235e-10
5,99.2543,26.8812,9170.54897010445,2972.254284,241,-0.10576081905588,1.62719299146239,-0.631592164436615,0.918648506951438,-0.0426779716854485,0.321079922974835,0.508168183767447,0.00376307656740615,2.31589636356944e-10,0,0,0.685308926995303,0.000793155089548137,1.30652491048266e-08
6,99.6771,27.0101,9209.61335426272,2986.506757,237,-0.12537298948975,1.50427287473268,-0.574915215020995,0.921845353064804,0.0755522343502618,0.328985813881982,0.574410882432548,0.0013553716179433,6.66133814775094e-16,0,0,0.501321968388298,0.000560047659735385,3.65107943878229e-12
7,100.204,27.0902,9258.29600330007,2995.363414,224,-0.172923321228273,1.34246915040778,-0.477820384620705,0.935288973760764,0.37469483548582,0.271296107580966,0.678971714904616,0.000151553057244014,0,4.2188474935756e-15,0,0.00788264956354534,0.0196204132645368,0
8,100.593,27.1541,9294.23745419308,3002.428837,219,-0.162877649698976,1.34548170896459,-0.464147419776565,0.931496848475887,0.352190333146269,0.287741930167267,0.668642268792378,0.000397453646168389,0,7.50510764646606e-14,0,0.0111417927011055,0.0124253861423766,4.44089209850063e-16
9,100.659,27.1871,9300.33548956311,3006.077647,219,-0.165394009044376,1.36829639638696,-0.460888149707423,0.931513470333833,0.336709967444703,0.295114310183582,0.640077842006278,0.000340564597578918,0,8.43769498715119e-14,0,0.00848415872230746,0.00525918864424524,6.66133814775094e-15
10,99.2095,27.3288,9166.40969761085,3021.745416,270,-0.125635967636034,1.57078849850045,-0.592015505578638,0.931784317352995,-0.027419758122144,0.351020545238099,0.522565640451574,0.000887760082199485,2.31370478331883e-13,0,0,0.792394083293392,0.000197437383097077,1.26104460207443e-10
11,100.636,27.4026,9298.21041663113,3029.905482,231,-0.168964824902528,1.36675415526946,-0.432953618607731,0.931757492590587,0.381058035510018,0.264867171768202,0.669072661089352,0.00018232218421832,0,4.68070027181966e-12,0,0.00792830337224792,0.026087955382226,6.21724893790088e-15
12,100.953,27.7168,9327.4994653023,3064.646576,241,-0.168494315590218,1.37446944428288,-0.388791599910705,0.932776245983135,0.447430290561398,0.214420517871729,0.688950437148484,0.000153804352940545,0,1.42064027208733e-09,0,0.00715058207132846,0.127214906167447,1.50768286744096e-13
13,99.3718,27.8235,9181.40532095259,3076.444395,301,NA,NA,NA,NA,NA,NA,NA,NA,NA,NA,NA,NA,NA,NA
14,99.4806,27.8299,9191.4578398656,3077.152043,300,NA,NA,NA,NA,NA,NA,NA,NA,NA,NA,NA,NA,NA,NA
15,86.8545,27.8401,8024.87595523757,3078.279857,423,-0.478404056653973,1.08628639202759,-0.8784353810131,1.07295172116394,-0.892710691172864,0.493080167255318,0.741580787320142,0,0,0,0,0,7.54951656745106e-15,0
16,101.124,27.8756,9343.29892057918,3082.205092,242,-0.169297618647213,1.38208119373257,-0.387984160022415,0.932731883247572,0.446731019182396,0.211927901460214,0.686178697776285,0.000142215277065594,0,1.5948473652827e-09,0,0.00720466665663766,0.130468110696649,3.11750625314744e-13
17,89.0316,27.8791,8226.02796742056,3082.592087,428,-0.411904140488222,1.12485849367518,-0.871749104986004,1.05076987573193,-0.844832385286259,0.502792926500815,0.690004573036863,0,0,0,0,0,0,0
18,99.2593,27.9802,9171.01094248096,3093.770714,319,NA,NA,NA,NA,NA,NA,NA,NA,NA,NA,NA,NA,NA,NA
19,99.0899,27.9945,9155.35931836457,3095.351865,325,NA,NA,NA,NA,NA,NA,NA,NA,NA,NA,NA,NA,NA,NA
20,86.5233,28.0446,7994.27490501709,3100.891422,445,-0.459458921550216,1.1333149669526,-0.893661440629923,1.06993451219813,-0.8079348759782,0.395597397308157,0.687957020672507,0,0,0,0,0,8.88178419700125e-16,0
21,86.586,28.0466,8000.06803861861,3101.112562,445,-0.456985841575608,1.13235286754256,-0.890418604784382,1.06729927128606,-0.819427808111353,0.406673951643127,0.687152406700108,0,0,0,0,0,6.66133814775094e-16,0
22,92.3779,28.0467,8535.20760012827,3101.123619,456,-0.353796393705522,1.18660939581304,-0.873347977297212,0.996749639041523,-0.841404197861358,0.559562786495643,0.602380868069058,0,0,0,0,0,0,0
23,89.1575,28.0727,8237.66043186126,3103.998439,450,-0.423482428712361,1.12997141969073,-0.876284923678566,1.03656784622624,-0.874719291681801,0.54832817555168,0.680826437188696,0,0,0,0,0,0,0
24,92.2418,28.0885,8522.63271203948,3105.745445,466,-0.364626911100964,1.18715144559263,-0.877038015510473,0.997991979820285,-0.848241047658714,0.547623496495557,0.603773279023992,0,0,0,0,0,0,0
25,99.2208,28.091,9167.45375518178,3106.02187,330,NA,NA,NA,NA,NA,NA,NA,NA,NA,NA,NA,NA,NA,NA
26,88.5648,28.1226,8182.89822634895,3109.515882,449,-0.421577564397658,1.13478513185387,-0.874276126621353,1.05555010378094,-0.818236044133902,0.445985583839039,0.675964831343425,0,0,0,0,0,0,0
27,92.464,28.1585,8543.16276445189,3113.485345,471,-0.339346863686872,1.20813892837352,-0.873681210147815,0.995831304423847,-0.820501621205204,0.527220823461725,0.587524342448405,0,0,0,0,0,0,0
28,91.1033,28.1741,8417.44160190658,3115.210237,460,-0.443689693749833,1.12359671245897,-0.874476700472771,1.01777978650465,-0.908091957974416,0.591825079181485,0.6653771443296,0,0,0,0,0,0,0
29,92.4711,28.177,8543.81876522655,3115.53089,474,-0.336871145648781,1.2115013347315,-0.873623457701561,0.995781360931964,-0.817281072890073,0.522241598552429,0.584784443931273,0,0,0,0,0,0,0
30,98.9463,28.2133,9142.091471711,3119.544581,345,NA,NA,NA,NA,NA,NA,NA,NA,NA,NA,NA,NA,NA,NA
31,91.1445,28.2178,8421.24825428908,3120.042146,468,-0.446778887825202,1.12162432722802,-0.876479509744355,1.01637304346768,-0.918558048766893,0.59736730203322,0.663531396444819,0,0,0,0,0,0,0
32,91.2439,28.2371,8430.43226513424,3122.176147,472,-0.42610550777751,1.12811287081874,-0.878002161507187,1.01303209043986,-0.916245245239637,0.596269505983783,0.652280604002858,0,0,0,0,0,0,0
33,89.5511,28.2606,8274.02689734067,3124.774542,468,-0.448230693494404,1.1125927004385,-0.882143520219471,1.03204053695879,-0.91842924540655,0.591983349592121,0.70088181658271,0,0,0,0,0,0,0
34,85.8233,28.2769,7929.59877230473,3126.576833,464,-0.466220151826589,1.13231587480274,-0.903772044310273,1.06395989045444,-0.817501545083693,0.424969061162341,0.69687248025468,0,0,0,0,0,0,0
35,87.596,28.2778,8093.38645867503,3126.676346,469,-0.442131306702128,1.12826007907882,-0.879686477817601,1.07429111759616,-0.789699282684051,0.413788635556657,0.694804947675386,0,0,0,0,0,2.22044604925031e-16,0
36,98.372,28.2799,9089.02932454427,3126.908543,373,NA,NA,NA,NA,NA,NA,NA,NA,NA,NA,NA,NA,NA,NA
37,97.5688,28.2856,9014.8180819806,3127.538792,395,NA,NA,NA,NA,NA,NA,NA,NA,NA,NA,NA,NA,NA,NA
38,88.7493,28.2886,8199.94500704242,3127.870502,468,-0.419923522324202,1.14059489498365,-0.876787758649141,1.04282415773712,-0.862079886187966,0.487897826791179,0.672151479998361,0,0,0,0,0,0,0
39,101.313,28.2984,9360.76147641152,3128.954088,268,-0.143281572834421,1.51674051521516,-0.369318366216472,0.928276323122885,0.456745915778023,0.169582700350083,0.620980121845327,0.000457936837861661,3.33066907387547e-15,2.08316852656765e-09,0,0.00103137063624348,0.127138591708309,8.06057443014652e-10
40,87.9376,28.3087,8124.94841143867,3130.092959,472,-0.431871123728257,1.13725937501446,-0.883267325282896,1.06019209121307,-0.816155020557003,0.43665817798187,0.680386067120808,0,0,0,0,0,0,0
41,86.0413,28.3203,7949.74076792086,3131.375571,468,-0.452568301356736,1.14271664687624,-0.900104594342195,1.06461626035842,-0.799121224678425,0.402666238719242,0.685795888739003,0,0,0,0,0,2.22044604925031e-16,0
42,92.1061,28.3208,8510.09478174081,3131.430856,495,-0.326535331272522,1.23539274769159,-0.872675294328616,1.00042446246068,-0.814117812295358,0.480810940813109,0.577183572172323,0,0,0,0,0,0,0
43,88.6623,28.321,8191.90668769103,3131.45297,468,-0.416023277344653,1.14320909286917,-0.874039599633659,1.04989751385414,-0.838587569587086,0.463692470080657,0.67342726631061,0,0,0,0,0,0,0
44,87.5579,28.333,8089.86622916597,3132.77981,476,-0.446938432729302,1.12870127075518,-0.882119875785792,1.07404546460201,-0.791236645515586,0.412218457829644,0.695108271628703,0,0,0,0,0,0,0
45,97.2386,28.3357,8984.30942623542,3133.078349,407,NA,NA,NA,NA,NA,NA,NA,NA,NA,NA,NA,NA,NA,NA
46,89.1131,28.3446,8233.55811715779,3134.062422,473,-0.420268054192598,1.14093837437885,-0.881407307536614,1.03441648276152,-0.875511925358475,0.52716403025042,0.670962746873023,0,0,0,0,0,0,0
47,92.0967,28.3585,8509.22627367296,3135.599345,497,-0.318583584287886,1.24515967104483,-0.871337012046168,1.00061028769597,-0.806907716714326,0.470930300646962,0.572771102053629,0,0,0,0,0,0,0
48,88.561,28.378,8182.54712734279,3137.75546,471,-0.421191333733618,1.1427201527449,-0.874715496505576,1.05088585999764,-0.839437173320025,0.460674348609183,0.675386547079981,0,0,0,0,0,0,0
49,92.0369,28.3993,8503.70108404982,3140.110601,497,-0.335205652148829,1.22686568014007,-0.875333823662355,1.00232283535702,-0.821508538304336,0.485756371048874,0.584235830475206,0,0,0,0,0,0,0
50,86.2919,28.4081,7972.89482343189,3141.083617,479,-0.459458961870004,1.1378141371409,-0.89092882832814,1.06640210535771,-0.796664761320075,0.393053968929196,0.679756450244475,0,0,0,0,0,2.22044604925031e-16,0
51,99.666,28.4115,9208.58777558685,3141.459555,337,NA,NA,NA,NA,NA,NA,NA,NA,NA,NA,NA,NA,NA,NA
52,99.434,28.4198,9187.15225731646,3142.377286,345,NA,NA,NA,NA,NA,NA,NA,NA,NA,NA,NA,NA,NA,NA
53,87.6859,28.4261,8101.6927220048,3143.073877,485,-0.433536123884177,1.14508208268583,-0.887125353618423,1.06211266299111,-0.796668241548104,0.416119523503916,0.673629369699724,0,0,0,0,0,0,0
54,92.2566,28.4372,8524.00015027397,3144.301204,501,-0.319227291584653,1.24561065626324,-0.872320142485395,0.998166466506556,-0.807896679275813,0.474557580543307,0.567978082367447,0,0,0,0,0,0,0
55,86.5353,28.4524,7995.38363872073,3145.981868,489,-0.459021414622151,1.13518876227365,-0.893325811719815,1.07247761090819,-0.790856650407752,0.391650903237819,0.687652030577945,0,0,0,0,0,0,0
56,100.501,28.4688,9285.73716246517,3147.795216,299,NA,NA,NA,NA,NA,NA,NA,NA,NA,NA,NA,NA,NA,NA
57,91.4879,28.4809,8452.97651710826,3149.133113,494,-0.412951063206335,1.1377413976529,-0.879854525477275,1.01191840744527,-0.91732148860503,0.578114137671183,0.634272831871982,0,0,0,0,0,0,0
58,98.3608,28.4958,9087.99450642087,3150.780606,392,NA,NA,NA,NA,NA,NA,NA,NA,NA,NA,NA,NA,NA,NA
59,88.148,28.4962,8144.3882090425,3150.824834,490,-0.42551389220494,1.14388127580219,-0.88207925880873,1.05007563964046,-0.837620028308785,0.456839518642184,0.67088905712924,0,0,0,0,0,0,0
60,98.2305,28.5271,9075.95550628884,3154.241447,396,NA,NA,NA,NA,NA,NA,NA,NA,NA,NA,NA,NA,NA,NA
61,86.7419,28.5294,8014.47233731841,3154.495758,493,-0.442356370853005,1.15545343621073,-0.893276320913955,1.0695045106545,-0.766488574820021,0.370518494948416,0.663679852666137,0,0,0,0,0,0,0
62,101.559,28.5333,9383.49051733615,3154.926981,269,-0.146274443164783,1.50303080884934,-0.361802104048551,0.928135672104801,0.419711036299041,0.20062270309477,0.600026460409912,0.000490814048655253,4.88498130835069e-15,3.67971186854277e-09,0,0.000994495799831352,0.0498974933192422,9.61272172972372e-10
63,90.0389,28.5356,8319.09692239366,3155.181292,496,-0.441329466942253,1.11953554984161,-0.886333647142551,1.02393483610202,-0.894179403299093,0.578229753194134,0.682011150391187,0,0,0,0,0,0,0
64,101.051,28.5855,9336.55412388203,3160.698735,285,-0.138539213323565,1.54604868639179,-0.353847482597064,0.929657001364568,0.466910541393776,0.158447163772397,0.612996492333278,0.000485240754547478,5.10702591327572e-14,5.80451287035544e-09,0,0.000808202913083589,0.153757804118853,3.37921735038549e-09
65,100.49,28.5919,9284.72082323683,3161.406383,308,NA,NA,NA,NA,NA,NA,NA,NA,NA,NA,NA,NA,NA,NA
66,99.0884,28.5942,9155.22072665161,3161.660694,379,0.449998535190567,0.327245865126292,-0.196847328224746,1.01339933727109,0.0591200081146903,0.460041763531582,-0.207297210736826,0,1.54476431646344e-12,0.0722050324986279,0,0.154355408841874,0,0.0642345303547123
67,90.8335,28.6047,8392.51357246973,3162.821679,504,-0.451091693113178,1.11973984311031,-0.884548130910675,1.01802676345412,-0.911086559667129,0.566829432326124,0.656361061658923,0,0,0,0,0,0,0
68,86.5867,28.6246,8000.13271475133,3165.022022,501,-0.445268685359689,1.14982029790307,-0.895167799804518,1.07188358914031,-0.770044917703216,0.370036704095508,0.667881919458674,0,0,0,0,0,0,0
69,87.8486,28.6255,8116.72530313666,3165.121535,506,-0.436699709760684,1.14941723258758,-0.888793526311474,1.055274184316,-0.825228682919989,0.427100451258122,0.666739234484953,0,0,0,0,0,0,0
70,93.0561,28.6256,8597.86953327902,3165.132592,512,-0.220526413823916,1.42924865972722,-0.854428344088674,0.996097423935817,-0.689816537566901,0.362644408065408,0.476575470865988,1.01306962818626e-10,0,0,0,0,3.52584628160457e-12,0
71,87.0158,28.6456,8039.77918410401,3167.343992,499,-0.4553739179244,1.14469721910583,-0.897053320019372,1.07543822422037,-0.752944931062227,0.370574763022154,0.668928017255989,0,0,0,0,0,0,0
72,88.7596,28.6573,8200.89667013805,3168.637661,498,-0.422596763207736,1.15268194429845,-0.886544595664829,1.03655670305839,-0.865193995481645,0.477862019871566,0.654847159741119,0,0,0,0,0,0,0
73,85.7438,28.6603,7922.25341151811,3168.969371,493,-0.461142934397433,1.15393600249732,-0.905093411927968,1.0596343559916,-0.795737904747436,0.390235603792573,0.66466889814546,0,0,0,0,0,0,0
74,90.072,28.6836,8322.1551795262,3171.545652,513,-0.437296791351932,1.1260350930565,-0.88961248722673,1.02311967722823,-0.883039521792299,0.559565516945843,0.670037106557989,0,0,0,0,0,0,0
75,88.4002,28.7013,8167.69009571401,3173.502741,505,-0.429062312546986,1.14624165986683,-0.88077276596585,1.04997099907051,-0.851982930630852,0.450924785376785,0.669297186276756,0,0,0,0,0,0,0
76,90.2159,28.7042,8335.45074452236,3173.823394,513,-0.452352631622583,1.12000091709647,-0.889597829546397,1.02077338760218,-0.898981059175373,0.566478324556999,0.666277579755666,0,0,0,0,0,0,0
77,92.0066,28.7108,8500.90153144813,3174.553156,528,-0.351095108383421,1.21968375836415,-0.878769834672645,1.00310817850381,-0.832627362648819,0.476235188202862,0.567674320864133,0,0,0,0,0,0,0
78,89.6632,28.7118,8284.38431802218,3174.663726,516,-0.427975473345491,1.13939474794003,-0.888568097658871,1.02682227000882,-0.88308217352228,0.539681643552038,0.665533457063317,0,0,0,0,0,0,0
79,90.3408,28.7277,8346.99081448775,3176.421789,516,-0.459529919251155,1.11784788470512,-0.887715062226125,1.0227211161364,-0.897838674754053,0.548500744685978,0.664147503463707,0,0,0,0,0,0,0
80,100.662,28.7339,9300.61267298902,3177.107323,310,NA,NA,NA,NA,NA,NA,NA,NA,NA,NA,NA,NA,NA,NA
81,89.4589,28.754,8265.5081267177,3179.32978,513,-0.427594322039004,1.13787470538123,-0.888504086245867,1.02993418414042,-0.88463932875386,0.541583940196709,0.673614255641254,0,0,0,0,0,0,0
82,92.2644,28.762,8524.72082718134,3180.21434,530,-0.312680388188798,1.27116929686165,-0.874370185415062,1.00020715187892,-0.792536771532579,0.434176264340551,0.543708571379408,0,0,0,0,0,0,0
83,84.2307,28.772,7782.45133093656,3181.32004,485,-0.389398870556412,1.19869916445393,-0.904549437742658,1.09402384477582,-0.62093741964595,0.294048961600805,0.647110415796819,0,0,0,0,0,1.01540997832217e-12,0
84,86.2421,28.7814,7968.29357856178,3182.359398,513,-0.456698048592754,1.15649820274867,-0.90436246376826,1.07189488456814,-0.74729705034408,0.356440705722933,0.660574180106066,0,0,0,0,0,0,0
85,93.3011,28.782,8620.50617972835,3182.42574,531,NA,NA,NA,NA,NA,NA,NA,NA,NA,NA,NA,NA,NA,NA
86,88.6782,28.7852,8193.37575984835,3182.779564,514,-0.435870919754429,1.14981281702277,-0.890012044739525,1.03694730366749,-0.869491536867311,0.475187651345822,0.65797808464017,0,0,0,0,0,0,0
87,98.7521,28.7884,9124.14846460709,3183.133388,399,NA,NA,NA,NA,NA,NA,NA,NA,NA,NA,NA,NA,NA,NA
88,100.747,28.789,9308.4662033898,3183.19973,316,NA,NA,NA,NA,NA,NA,NA,NA,NA,NA,NA,NA,NA,NA
89,91.7281,28.7928,8475.16967007613,3183.619896,530,-0.397561548562347,1.15559750256106,-0.881901277992367,1.00952430092097,-0.900724755826654,0.538332698438045,0.60700280080592,0,0,0,0,0,0,0
90,84.8933,28.8006,7843.67191027258,3184.482342,496,-0.396605431374125,1.19969563604907,-0.904290318907805,1.08484662409973,-0.658024470207857,0.311796311626107,0.631762509913073,0,0,0,0,0,4.17443857259059e-14,0
91,85.1881,28.8214,7870.90980159202,3186.782198,500,-0.410137558624129,1.19039856023405,-0.90984226932636,1.07360046296709,-0.70767017122556,0.339048827293819,0.636566392869527,0,0,0,0,0,8.88178419700125e-16,0
92,89.5289,28.827,8271.97573998894,3187.40139,521,-0.426603149670871,1.13877509408026,-0.889374414487416,1.02806247402214,-0.877515246809897,0.534968274298567,0.668993801881289,0,0,0,0,0,0,0
93,99.2625,28.8286,9171.30660480193,3187.578302,391,NA,NA,NA,NA,NA,NA,NA,NA,NA,NA,NA,NA,NA,NA
94,85.999,28.8311,7945.83248161553,3187.854727,510,-0.459148732656446,1.15502435736163,-0.90354301403597,1.06799891761049,-0.760803987457098,0.364316902381322,0.661833860951128,0,0,0,0,0,0,0
95,84.0267,28.8353,7763.60285797467,3188.319121,490,-0.390866372094291,1.20093860479279,-0.904809256215804,1.09743267924293,-0.605422465707615,0.283619732743942,0.647328704141481,0,0,0,0,0,1.87561077780174e-12,0
96,91.9661,28.8462,8497.15955519834,3189.524334,538,-0.374367246654,1.19039480762545,-0.882817920999352,1.00521230275641,-0.86064158037329,0.496608641737895,0.580565183564369,0,0,0,0,0,0,0
97,89.3174,28.8606,8252.43430846227,3191.116542,522,-0.426978896109537,1.14844331698414,-0.892604677940334,1.03362880916163,-0.860804691165712,0.493999452736977,0.654787504557968,0,0,0,0,0,0,0
98,100.164,28.8628,9254.60022428793,3191.359796,347,0.785693443011958,-0.231732633533133,-0.278356218651538,1.00558032360566,0.769797513332367,0.810998316828112,-0.796741456098192,0,3.0138421144299e-05,5.61198699289278e-07,0,0.0271868593317437,0.0187137306927834,0
99,92.4961,28.8816,8546.12862710913,3193.438512,539,-0.303848897519395,1.29366083119623,-0.874485364265273,0.998680589210639,-0.781979594873775,0.420763670760154,0.523663564387439,0,0,0,0,0,0,0
100,99.5093,28.8818,9194.10956130681,3193.460626,386,NA,NA,NA,NA,NA,NA,NA,NA,NA,NA,NA,NA,NA,NA
101,97.0397,28.8879,8965.93216509758,3194.135103,477,NA,NA,NA,NA,NA,NA,NA,NA,NA,NA,NA,NA,NA,NA
102,88.1884,28.8904,8148.12094584475,3194.411528,523,-0.422793148135643,1.16038877451421,-0.881471724601281,1.05024096434544,-0.821198118418252,0.426475158610199,0.658218262312596,0,0,0,0,0,0,0
103,99.6618,28.8917,9208.19971879057,3194.555269,377,NA,NA,NA,NA,NA,NA,NA,NA,NA,NA,NA,NA,NA,NA
104,84.3466,28.8966,7793.15985062422,3195.097062,499,-0.385246431999871,1.2196778098708,-0.906622760639721,1.09545582273446,-0.604955618497159,0.271447816941095,0.627841280314088,0,0,0,0,0,1.08957287636713e-12,0
105,91.0835,28.9001,8415.61219129557,3195.484057,538,-0.412036574839677,1.15433642424173,-0.892690848078965,1.01218650933524,-0.886857309007494,0.525628232107489,0.610665306226799,0,0,0,0,0,0,0
106,88.9841,28.9005,8221.63922984365,3195.528285,525,-0.420895464688236,1.15974050887015,-0.891702537935508,1.03373208116326,-0.859208872061132,0.469957850122506,0.64185218168486,0,0,0,0,0,0,0
107,84.3995,28.9075,7798.04751836777,3196.302275,501,-0.382429781895334,1.22077546441321,-0.906267828090081,1.09599134694945,-0.600358426774043,0.266344070371772,0.624403636465851,0,0,0,0,0,1.63535851527286e-12,0
108,91.2177,28.9352,8428.01152988129,3199.365064,542,-0.397006200308629,1.16551532808975,-0.890206104880667,1.01199827471775,-0.879487899136946,0.513266680036734,0.603011605242911,0,0,0,0,0,0,0
109,98.27,28.9391,9079.60508806333,3199.796287,434,NA,NA,NA,NA,NA,NA,NA,NA,NA,NA,NA,NA,NA,NA
110,101.662,28.9452,9393.0071482924,3200.470764,285,0.321787236517819,0.267351423591431,-0.666484833293511,1.09566196096815,0.556035648353613,0.213265075384676,-0.0390805263482974,9.64184177321137e-06,4.66647204679926e-05,0,0,5.81756864903582e-14,0.000139701177209295,0.465388746183829
111,85.9383,28.9472,7940.22413696461,3200.691904,527,-0.445439352056524,1.16546669928879,-0.906027996165589,1.06648180997346,-0.757288512262589,0.351267200055852,0.653323096281747,0,0,0,0,0,0,0
112,100.769,28.9552,9310.49888184648,3201.576464,327,NA,NA,NA,NA,NA,NA,NA,NA,NA,NA,NA,NA,NA,NA
113,84.1184,28.9591,7772.07543135999,3202.007687,505,-0.383330418729064,1.21318748542106,-0.908123083483118,1.09615768815162,-0.60576595043159,0.274607115835034,0.635566138057626,0,0,0,0,0,1.17528209386819e-12,0
114,83.0029,28.996,7669.00939415907,3206.08772,478,-0.355605349685158,1.21494474075996,-0.915908236793956,1.12448364962529,-0.525580216216695,0.225708390849951,0.652061013171238,0,0,0,0,0,6.77337741450401e-10,0
115,85.7535,29.0083,7923.14963792855,3207.447731,535,-0.434017619655605,1.18989235051876,-0.912186972051678,1.07284102512547,-0.711231731706683,0.313622023720215,0.630727749467327,0,0,0,0,0,0,0
116,101.613,29.0224,9388.47981900253,3209.006768,293,0.384900606443022,0.306827787312069,-0.628162820343977,1.06900307576517,0.563719261671111,0.316195647569895,-0.0523090391438449,3.50499851364816e-10,8.2492727759842e-08,0,0,1.33226762955019e-15,6.24899472168039e-08,0.435973623685658
117,98.7627,29.0231,9125.1278460453,3209.084167,416,NA,NA,NA,NA,NA,NA,NA,NA,NA,NA,NA,NA,NA,NA
118,91.0324,29.0299,8410.89083360757,3209.836043,544,-0.401970576535223,1.1649546165525,-0.892750851028771,1.01296664566748,-0.87299441352747,0.504895339257247,0.6016908681533,0,0,0,0,0,0,0
119,101.79,29.0342,9404.83364113123,3210.311494,286,-0.139974584859265,1.55372686527137,-0.379831097202351,0.92359926552834,0.320092773517297,0.24662410398431,0.542881614073608,0.000741635710350241,2.94875235340442e-12,1.15929710275964e-10,0,0.00345572750448375,0.00590179932348467,1.25082759705464e-08
120,88.2337,29.0345,8152.306415576,3210.344665,541,-0.421871607381345,1.16582174643937,-0.886633039439634,1.04720849281925,-0.826318683204634,0.417404527481979,0.648775513572838,0,0,0,0,0,0,0
121,99.2161,29.0643,9167.01950114786,3213.639651,406,NA,NA,NA,NA,NA,NA,NA,NA,NA,NA,NA,NA,NA,NA
122,99.0099,29.0673,9147.9677603403,3213.971361,415,NA,NA,NA,NA,NA,NA,NA,NA,NA,NA,NA,NA,NA,NA
123,83.6473,29.0974,7728.54839404457,3217.299518,508,-0.3641303200472,1.21199176265677,-0.909911073361605,1.12434233782111,-0.536908953199125,0.23371435265592,0.64926463579677,0,0,0,0,0,1.00011554593493e-10,0
124,89.7561,29.0987,8292.96776477787,3217.443259,561,-0.412027541957028,1.16879592600052,-0.898743611847265,1.02418184502801,-0.837982595293183,0.471211618493705,0.629272445205404,0,0,0,0,0,0,0
125,84.2509,29.1118,7784.31769933769,3218.891726,515,-0.376854789238933,1.23110411052227,-0.907897600788938,1.097475948207,-0.586181485294297,0.255594209338556,0.617924451704623,0,0,0,0,0,2.24131824211327e-12,0
126,99.6726,29.1206,9209.19757912385,3219.864742,400,NA,NA,NA,NA,NA,NA,NA,NA,NA,NA,NA,NA,NA,NA
127,91.4418,29.1476,8448.71713179677,3222.850132,563,-0.380563236456163,1.18946753842051,-0.890864454842092,1.01033421461109,-0.852885999602144,0.474240662496051,0.580393123120382,0,0,0,0,0,0,0
128,96.6206,29.156,8927.20964049793,3223.77892,521,NA,NA,NA,NA,NA,NA,NA,NA,NA,NA,NA,NA,NA,NA
129,93.2377,29.1799,8614.64836999412,3226.421543,566,NA,NA,NA,NA,NA,NA,NA,NA,NA,NA,NA,NA,NA,NA
130,92.2776,29.18,8525.94043425534,3226.4326,569,-0.298812364949864,1.29467833387725,-0.877719622417428,1.00072160412699,-0.783354683202796,0.403963545667396,0.520776809414599,0,0,0,0,0,0,0
131,88.4615,29.1871,8173.35387705011,3227.217647,557,-0.419390307161194,1.17233007445184,-0.891084141759087,1.03889989489151,-0.828038392603247,0.433393133953894,0.639200434709838,0,0,0,0,0,0,0
132,91.03,29.1923,8410.66908686684,3227.792611,567,-0.376572478413547,1.19546390662256,-0.894629738369872,1.01147198029117,-0.840766868295347,0.463263877311545,0.572467806392368,0,0,0,0,0,0,0
133,86.5858,29.1931,8000.04955972355,3227.881067,544,-0.443360559626611,1.17454554825378,-0.903246626386312,1.0717920372331,-0.730792200454752,0.326234515839943,0.642297503697142,0,0,0,0,0,0,0
134,83.3195,29.1935,7698.26148504012,3227.925295,508,-0.345985981415624,1.2496759958379,-0.916371676945579,1.12201715133997,-0.515213024085212,0.21028489564227,0.623144867574236,0,0,0,0,0,2.81917156286227e-10,0
135,96.8886,29.2238,8951.97135987924,3231.275566,514,NA,NA,NA,NA,NA,NA,NA,NA,NA,NA,NA,NA,NA,NA
136,88.5794,29.2303,8184.24718568838,3231.994271,557,-0.42281326808097,1.17496255306702,-0.895372527476385,1.035824122364,-0.826037373971136,0.43048752906592,0.628742197778769,0,0,0,0,0,0,0
137,86.6056,29.2337,8001.87897033456,3232.370209,547,-0.443708457695909,1.1750944149829,-0.903272205755036,1.07199655581765,-0.731301516430092,0.324688167039739,0.641700796682272,0,0,0,0,0,0,0
138,91.5937,29.2509,8462.75185259536,3234.272013,575,-0.374508921414156,1.19106815255534,-0.89232979455731,1.00501478836036,-0.854140611736155,0.48056885298301,0.569533555924826,0,0,0,0,0,0,0
139,82.2487,29.2589,7599.32548088526,3235.156573,493,-0.290484163465192,1.33259669461581,-0.924093159360336,1.13746718199905,-0.469057749403499,0.162186994855809,0.583704364114383,0,0,0,0,0,7.3165553615695e-09,0
140,83.1736,29.2642,7684.78113109335,3235.742594,510,-0.326979049560061,1.26162951663337,-0.918096049937337,1.14041860807532,-0.474520587719534,0.184670950056847,0.61934114697225,0,0,0,0,0,2.48564568927634e-09,0
141,90.3413,29.2723,8347.0370117254,3236.638211,578,-0.404967320112249,1.16797233606985,-0.898454779758922,1.01960035864159,-0.839437311332453,0.463961108522031,0.612944906976895,0,0,0,0,0,0,0
142,87.7001,29.2915,8103.00472355411,3238.761155,559,-0.427390824802194,1.17114693196117,-0.89207784064125,1.05360723854776,-0.787814256511,0.392347775444834,0.648659712714347,0,0,0,0,0,0,0
143,83.1779,29.296,7685.17842733716,3239.25872,512,-0.325849427830545,1.26540954422975,-0.918327394656129,1.14063053713694,-0.473915346773957,0.183137699666647,0.616771496786065,0,0,0,0,0,2.38493180759747e-09,0
144,86.6313,29.297,8004.25350834986,3239.36929,558,-0.433642882003155,1.17829660731837,-0.904991258744333,1.07211230143886,-0.734712196352181,0.32496510123415,0.641921638353372,0,0,0,0,0,0,0
145,86.2299,29.2971,7967.16636596308,3239.380347,567,-0.433226635257782,1.19032127347202,-0.914218900443835,1.065713750729,-0.736942068798745,0.32334205544747,0.629289372051633,0,0,0,0,0,0,0
146,89.2485,29.309,8246.06832911387,3240.69613,570,-0.39969278756176,1.18696643144456,-0.901226385196202,1.02658786076184,-0.82769912398194,0.437545536595047,0.614900988470531,0,0,0,0,0,0,0
147,85.7702,29.324,7924.69262566612,3242.35468,565,-0.416825883903206,1.22026557691287,-0.915362085984001,1.06577711634081,-0.706282056524128,0.300611062297547,0.601313398801699,0,0,0,0,0,0,0
148,90.5048,29.3248,8362.14350843751,3242.443136,584,-0.402363908518676,1.17221860150521,-0.900824472233608,1.01701041699704,-0.8387002389155,0.459456718505577,0.598720195576465,0,0,0,0,0,0,0
149,98.4675,29.327,9097.85299693574,3242.68639,460,NA,NA,NA,NA,NA,NA,NA,NA,NA,NA,NA,NA,NA,NA
150,83.3868,29.3313,7704.47963322803,3243.161841,519,-0.33337112061491,1.2699937776567,-0.913021202305709,1.12353755577521,-0.507337609966786,0.201525128715287,0.612470278938824,0,0,0,0,0,3.51686901822745e-10,0
151,85.6004,29.3394,7909.0040437596,3244.057458,559,-0.393520074513058,1.23301828205788,-0.916269936018009,1.07287258027917,-0.673639480933842,0.287184321364112,0.599833327644211,0,0,0,0,0,4.44089209850063e-16,0
152,93.54,29.3491,8642.57921987833,3245.129987,577,NA,NA,NA,NA,NA,NA,NA,NA,NA,NA,NA,NA,NA,NA
153,82.3716,29.3528,7610.68076190004,3245.539096,505,-0.290375232598166,1.34961446893364,-0.924938710491703,1.137027788938,-0.463590567518404,0.154716035756225,0.568517929413964,0,0,0,0,0,7.39786676362542e-09,0
154,90.8664,29.3539,8395.55335070721,3245.660723,586,-0.38406155106841,1.20069759888904,-0.90205570044447,1.01183673701571,-0.833943642792092,0.441163759464665,0.563004153752051,0,0,0,0,0,0,0
155,98.7,29.379,9119.33471244378,3248.43603,452,NA,NA,NA,NA,NA,NA,NA,NA,NA,NA,NA,NA,NA,NA
156,101.772,29.3893,9403.17054057577,3249.574901,321,0.359866414191024,-0.631492982684512,-0.414252063323375,0.912182217292269,1.10952565795269,0.623885938530119,-1.30798588524506,2.04667394143598e-11,0,2.22044604925031e-16,0,0.000145204865237503,0.0291237776481694,0
157,82.4563,29.3936,7618.50657395824,3250.050352,506,-0.289668724874752,1.35210885270861,-0.925125607529238,1.13786296528021,-0.46244459694013,0.153491267413046,0.566894314710467,0,0,0,0,0,7.62514273944248e-09,0
158,86.8669,29.4048,8026.02164673133,3251.288736,574,-0.434813327833422,1.17999161494482,-0.899261693783598,1.06677400062515,-0.748871762713007,0.337937830381965,0.642773956418092,0,0,0,0,0,0,0
159,97.287,29.4083,8988.7813188401,3251.675731,516,NA,NA,NA,NA,NA,NA,NA,NA,NA,NA,NA,NA,NA,NA
160,93.292,29.4196,8619.66539000309,3252.925172,588,NA,NA,NA,NA,NA,NA,NA,NA,NA,NA,NA,NA,NA,NA
161,89.8253,29.4532,8299.36146246886,3256.640324,594,-0.395655922025096,1.18967092688118,-0.90465251807697,1.02170126074135,-0.811563692385482,0.433584106264994,0.600722266068426,0,0,0,0,0,0,0
162,83.5525,29.4571,7719.7893977858,3257.071547,537,-0.327283664734446,1.29319560353139,-0.913250918138574,1.11374931541699,-0.522556390809691,0.19992030348211,0.591058076779041,0,0,0,0,0,1.03211883484278e-10,0
163,89.1839,29.4652,8240.09964600927,3257.967164,585,-0.394017178725194,1.20050930450768,-0.900356909889075,1.02560061042441,-0.812786394269806,0.42227739817855,0.599897270775508,0,0,0,0,0,0,0
164,86.2839,29.4754,7972.15566762946,3259.094978,582,-0.429592787237245,1.19713566197433,-0.913974481836333,1.06644525024992,-0.723980026544124,0.317321892567754,0.626654407564154,0,0,0,0,0,0,0
165,101.793,29.4891,9405.11082455714,3260.609787,328,0.369316599677307,-0.630077054006979,-0.410133519710786,0.910653138970557,1.07163330074721,0.599187990658495,-1.31387952682118,2.39031017201796e-12,0,2.22044604925031e-16,0,7.18579980167888e-05,0.0229462122685256,0
166,96.9185,29.4903,8954.73395469081,3260.742471,541,NA,NA,NA,NA,NA,NA,NA,NA,NA,NA,NA,NA,NA,NA
167,98.5754,29.4997,9107.82236082098,3261.781829,473,NA,NA,NA,NA,NA,NA,NA,NA,NA,NA,NA,NA,NA,NA
168,88.5674,29.5042,8183.13845198474,3262.279394,583,-0.411988791970045,1.19933108056914,-0.89967668700563,1.03429288817987,-0.801793654629395,0.396379042182906,0.601822449663397,0,0,0,0,0,0,0
169,100.147,29.5349,9253.02951820778,3265.673893,413,NA,NA,NA,NA,NA,NA,NA,NA,NA,NA,NA,NA,NA,NA
170,97.0146,29.5477,8963.61306376746,3267.089189,547,NA,NA,NA,NA,NA,NA,NA,NA,NA,NA,NA,NA,NA,NA
171,88.3916,29.5581,8166.8955032264,3268.239117,588,-0.415116760530311,1.20138492079065,-0.900266123873349,1.03620007592417,-0.795366502198616,0.383108771152253,0.601466357996514,0,0,0,0,0,0,0
172,92.6593,29.5619,8561.20740547864,3268.659283,602,NA,NA,NA,NA,NA,NA,NA,NA,NA,NA,NA,NA,NA,NA
173,97.1981,29.569,8980.56744998563,3269.44433,536,NA,NA,NA,NA,NA,NA,NA,NA,NA,NA,NA,NA,NA,NA
174,82.557,29.619,7627.81069762129,3274.97283,534,-0.272762794821436,1.39908327091571,-0.925391579878309,1.13656407010103,-0.459117712482486,0.145540568107812,0.542174925272547,1.55431223447522e-15,0,0,0,0,9.31480159671594e-09,0
175,86.8117,29.6248,8020.92147169459,3275.614136,602,-0.418139403643442,1.20334049677075,-0.901743691911516,1.06560513593836,-0.730966595910743,0.321070368983405,0.626306800061661,0,0,0,0,0,0,0
176,87.6693,29.6324,8100.15897371477,3276.454468,596,-0.408875100390825,1.20673636133328,-0.894934024690756,1.05172081605112,-0.753365504754409,0.342677803881919,0.612476007374049,0,0,0,0,0,0,0
177,96.7162,29.6442,8936.04255233693,3277.759194,565,NA,NA,NA,NA,NA,NA,NA,NA,NA,NA,NA,NA,NA,NA
178,97.6386,29.6483,9021.26721635677,3278.212531,520,NA,NA,NA,NA,NA,NA,NA,NA,NA,NA,NA,NA,NA,NA
179,85.7793,29.6561,7925.53341539138,3279.074977,594,-0.39095995743078,1.25788906817874,-0.922494179692426,1.06344804675166,-0.693806005885009,0.274028728250197,0.574472308168575,0,0,0,0,0,0,0
180,101.447,29.6608,9373.14233610217,3279.594656,358,NA,NA,NA,NA,NA,NA,NA,NA,NA,NA,NA,NA,NA,NA
181,83.109,29.6766,7678.81244798876,3281.341662,553,-0.27124255019302,1.41055007550132,-0.925271217064782,1.12050700038379,-0.483033623898881,0.155601136466174,0.536505342866165,1.33226762955019e-15,0,0,0,0,2.99004798698377e-09,0
182,82.8929,29.6766,7658.84600187569,3281.341662,550,-0.271737148031408,1.40093336216884,-0.925483682875787,1.12715458774671,-0.472824042703056,0.153230347380774,0.544122030620615,1.11022302462516e-15,0,0,0,0,3.9174459232072e-09,0
183,86.6469,29.6903,8005.69486216459,3282.856471,607,-0.421739097449165,1.21182155644728,-0.908655153781657,1.06707027944332,-0.708687656554885,0.303586940778192,0.61715429703676,0,0,0,0,0,0,0
184,88.3175,29.6994,8160.04907260642,3283.862658,602,-0.398392093253257,1.22835399342677,-0.902968096832229,1.03590441886989,-0.77621773250627,0.354789930693279,0.579129544903991,0,0,0,0,0,0,0
185,96.8369,29.7073,8947.19456550605,3284.736161,565,NA,NA,NA,NA,NA,NA,NA,NA,NA,NA,NA,NA,NA,NA
186,82.7045,29.7081,7641.43888272854,3284.824617,544,-0.269456267275583,1.41380794831561,-0.925598863414922,1.13476605030938,-0.461712691859069,0.14411564273693,0.535155006737842,3.10862446895044e-15,0,0,0,0,8.91761753329945e-09,0
187,82.7807,29.7091,7648.47934174665,3284.935187,548,-0.272501311225461,1.41173719804629,-0.925393498954702,1.1319101131344,-0.467568998771851,0.147235782081375,0.535485773489474,1.55431223447522e-15,0,0,0,0,5.86476134323277e-09,0
188,96.2232,29.7102,8890.49207601236,3285.056814,585,NA,NA,NA,NA,NA,NA,NA,NA,NA,NA,NA,NA,NA,NA
189,82.4181,29.7153,7614.97710500165,3285.620721,541,-0.259682106883089,1.42720002487862,-0.928483908340723,1.15109193673868,-0.427823467739162,0.126164514085838,0.529472666550508,3.44169137633799e-14,0,0,0,0,5.96615461478933e-08,0
190,99.7076,29.7364,9212.43138575947,3287.953748,454,NA,NA,NA,NA,NA,NA,NA,NA,NA,NA,NA,NA,NA,NA
191,87.3399,29.7752,8069.72423354983,3292.243864,612,-0.41407102735589,1.20946152407728,-0.900902805718284,1.05694931947776,-0.743173891768436,0.327933600008437,0.609805177199228,0,0,0,0,0,0,0
192,90.8805,29.7846,8396.85611280899,3293.283222,627,-0.347315698722933,1.2554909434281,-0.910380455522646,1.01149645066367,-0.804175202230046,0.377314081740746,0.51750495786053,0,0,0,0,0,0,0
193,90.3401,29.7992,8346.92613835504,3294.897544,635,-0.350457572373366,1.25066732036687,-0.911545136163867,1.01417148057357,-0.789292643231201,0.380711957524656,0.53463244917438,0,0,0,0,0,0,0
194,85.5936,29.8158,7908.37576132754,3296.733006,604,-0.378377444700561,1.27626293638004,-0.921296011814087,1.06562266689963,-0.664292561683114,0.25984394861621,0.559631836889642,0,0,0,0,0,2.22044604925031e-16,0
195,89.8967,29.8182,8305.95842800552,3296.998374,632,-0.366775431178631,1.23843548439389,-0.911570900209812,1.01752751031092,-0.787898710632895,0.381990812713783,0.556454078582291,0,0,0,0,0,0,0
196,98.4695,29.8366,9098.03778588635,3299.032862,523,NA,NA,NA,NA,NA,NA,NA,NA,NA,NA,NA,NA,NA,NA
197,97.878,29.8643,9043.3864537444,3302.095651,532,NA,NA,NA,NA,NA,NA,NA,NA,NA,NA,NA,NA,NA,NA
198,87.2393,29.8653,8060.42934933431,3302.206221,628,-0.41007701959316,1.21696059798815,-0.905460799244492,1.057642691655,-0.733797684817878,0.319007986105036,0.606572100841849,0,0,0,0,0,0,0
199,83.7512,29.8969,7738.14818002859,3305.700233,593,-0.284573911310732,1.38640862112463,-0.919338579380082,1.10604242960233,-0.512220586476985,0.176307543837726,0.538237397888722,0,0,0,0,0,5.2394666383293e-10,0
200,87.5369,29.9439,8087.9259451846,3310.897023,633,-0.404206031717777,1.23500901276115,-0.905377495583218,1.05035208977968,-0.735317393958731,0.313595851250356,0.582240690552016,0,0,0,0,0,0,0
201,87.8857,29.9443,8120.15313817042,3310.941251,626,-0.401339168911253,1.22829872924096,-0.903140552208355,1.04443222391811,-0.761724698114437,0.326923533192725,0.586151915838452,0,0,0,0,0,0,0
202,93.1407,29.9619,8605.68610588969,3312.887283,652,NA,NA,NA,NA,NA,NA,NA,NA,NA,NA,NA,NA,NA,NA
203,81.779,29.9636,7555.92779583526,3313.075252,539,-0.229996391089299,1.44066855700904,-0.933786061417104,1.18785552285531,-0.381019678492462,0.102518540551906,0.535565049712947,4.587885626961e-12,0,0,0,0,8.73696505365729e-07,0
204,84.275,29.9709,7786.5444061925,3313.882413,592,-0.305220185413039,1.35403237494761,-0.917070449169218,1.10253461219415,-0.528904308195202,0.192826118767602,0.548408455755448,0,0,0,0,0,1.02480024466445e-10,0
205,101.607,29.9714,9387.92545215071,3313.937698,376,NA,NA,NA,NA,NA,NA,NA,NA,NA,NA,NA,NA,NA,NA
206,84.7277,29.9732,7828.37138516234,3314.136724,602,-0.31755794026691,1.34361629899429,-0.918024542189387,1.08530653403203,-0.57189524191369,0.214844987503781,0.550042865309249,0,0,0,0,0,2.35567121364966e-12,0
207,83.6656,29.9752,7730.23921294262,3314.357864,598,-0.272694181830987,1.40574109354321,-0.919523822518169,1.11531690980521,-0.485841457002289,0.163101891074031,0.534565163205703,6.66133814775094e-16,0,0,0,0,1.71033853746394e-09,0
208,84.9479,29.984,7848.71664862415,3315.33088,610,-0.324024129554965,1.34011823234894,-0.921550654725251,1.07771244271494,-0.598263623144978,0.219952367479266,0.54607786435706,0,0,0,0,0,4.9915627187147e-13,0
209,99.1699,29.9882,9162.75087638884,3315.795274,502,0.567991506974334,-0.48122829907131,-0.554001461552443,1.41638575824338,-0.195925173928902,-0.0616075069155229,-1.20749570356336,0,0,0,9.0614182823856e-12,0.0174689311830796,0.151722472058176,0
210,89.4434,29.989,8264.0760123505,3315.88373,640,-0.349510427287045,1.27319932604502,-0.909777487036975,1.02165060260553,-0.759728749619116,0.354928776846975,0.544059590766683,0,0,0,0,0,0,0
211,101.956,29.9917,9420.17112403159,3316.182269,357,-0.20140226219032,1.32612758029458,-0.57115857011296,0.935448355483373,-0.204873276875247,0.525561906861678,0.549754665559847,4.81509901506527e-07,0,0,0,0.0208130762714085,2.92518231859162e-10,0
212,87.2851,29.9917,8064.66101630321,3316.182269,640,-0.399559795983164,1.23682977151708,-0.907627189251426,1.05452324335502,-0.731939165957358,0.304116771399078,0.587781798286279,0,0,0,0,0,0,0
213,87.5453,29.9974,8088.70205877715,3316.812518,640,-0.393118821221713,1.24368150491858,-0.907550858427396,1.04983186712886,-0.732637706184365,0.311112424958851,0.578319297234146,0,0,0,0,0,0,0
214,86.6483,29.9998,8005.82421443001,3317.077886,633,-0.404664975626148,1.24025540954172,-0.91316785483286,1.05947157462583,-0.708459712098525,0.300542866584069,0.596400626393957,0,0,0,0,0,0,0
215,99.2768,30.0036,9172.62784579877,3317.498052,498,0.585905169607963,-0.482077437836875,-0.54157011727342,1.51333807348252,-0.176333214521866,-0.0620391587551562,-1.19426833362574,0,0,0,7.59896632507306e-07,0.0448969231651943,0.166119456236892,0
216,96.2275,30.0087,8890.88937225617,3318.061959,616,0.535855133653003,-0.451979851464187,-0.694063829202006,1.07840141336021,-0.453111488599452,-0.0257588147111342,-1.2704294600903,0,0,0,0,1.13020703906841e-13,0.541358641113814,0
217,87.7839,30.0091,8110.74738058454,3318.106187,632,-0.397148521666042,1.23791508555321,-0.903772248753273,1.04567863821816,-0.752864177659484,0.315832293409601,0.581238526741074,0,0,0,0,0,0,0
218,99.8827,30.0126,9228.60965838509,3318.493182,467,NA,NA,NA,NA,NA,NA,NA,NA,NA,NA,NA,NA,NA,NA
219,84.835,30.0282,7838.28531236239,3320.218074,610,-0.316942921493032,1.3565302383109,-0.920474204469087,1.08300058722712,-0.57669366013906,0.208150319650711,0.540253233271572,0,0,0,0,0,2.06745731645697e-12,0
220,101.174,30.0521,9347.91864434435,3322.860697,396,NA,NA,NA,NA,NA,NA,NA,NA,NA,NA,NA,NA,NA,NA
221,89.0971,30.0724,8232.07980555294,3325.105268,651,-0.355039526243027,1.28790943642023,-0.913184315016321,1.02348557623335,-0.755751952094069,0.330513298553469,0.531440720739776,0,0,0,0,0,0,0
222,89.0524,30.085,8227.94977250688,3326.49845,653,-0.354584875386546,1.28704877320361,-0.913235718814737,1.02427606687209,-0.760344013859822,0.32498639504094,0.531042043223275,0,0,0,0,0,0,0
223,95.5349,30.0869,8826.89695866105,3326.708533,639,0.369820383636462,-0.384155846943285,-0.728399486311568,1.06002325723945,-0.42530644655898,0.0320128407105716,-1.57354758764374,0,0,0,0,0,0.124255673201311,0
224,97.7686,30.1349,9033.27849814621,3332.015893,571,0.532697941807869,-0.454868482978418,-0.632635348805084,1.11902954826188,-0.332775775713457,-0.00950562835637767,-1.2948432048503,0,0,0,0,2.54434597835029e-08,0.800935556866012,0
225,94.2465,30.1357,8707.85591668017,3332.104349,666,0.462536831336546,-0.448543021261247,-0.772665145503309,1.05479942305703,-0.418624267265363,0.0733355478886859,-1.41021605473379,0,0,0,0,0,0.00555927565885472,0
226,89.1561,30.1661,8237.53107959584,3335.465677,662,-0.34462616610747,1.30853833920248,-0.915536798588273,1.02287277373023,-0.747058154335932,0.315252749635067,0.516857684566263,0,0,0,0,0,0,0
227,95.8699,30.1672,8857.84910788768,3335.587304,637,0.421103630476736,-0.402151301568964,-0.727162430447349,1.06358416856891,-0.429423388587311,0.0247967652061507,-1.48979102944547,0,0,0,0,0,0.282383294681169,0
228,82.1701,30.1681,7592.06327512641,3335.686817,575,-0.22275824886813,1.48188994269047,-0.928099202409559,1.17603367896579,-0.39115114754777,0.103534151830872,0.516540383615632,8.8964391409263e-12,0,0,0,0,4.67805458148618e-07,0
229,101.039,30.1688,9335.44539017839,3335.764216,411,NA,NA,NA,NA,NA,NA,NA,NA,NA,NA,NA,NA,NA,NA
230,100.71,30.1805,9305.04760780358,3337.057885,431,NA,NA,NA,NA,NA,NA,NA,NA,NA,NA,NA,NA,NA,NA
231,83.9685,30.1901,7758.22549951201,3338.119357,616,-0.279054466313065,1.40374370072853,-0.917631123853485,1.11410238055258,-0.493251182277054,0.169654168667152,0.530105127325234,0,0,0,0,0,4.95489205221133e-10,0
232,88.0957,30.2009,8139.55597798413,3339.313513,661,-0.372009427607779,1.27832982620863,-0.909909079833223,1.03830805292999,-0.746465450373913,0.292666225972032,0.544116631740069,0,0,0,0,0,0,0
233,87.7284,30.2019,8105.6194872052,3339.424083,658,-0.375969733613934,1.2678566231676,-0.908070755164141,1.0444810863209,-0.734078069731811,0.296276876886107,0.559293125618879,0,0,0,0,0,0,0
234,89.91,30.2189,8307.18727452706,3341.303773,682,-0.310136524820004,1.33152876713086,-0.912113043181187,1.01384361940809,-0.749672971664498,0.330295389038817,0.495912513973011,0,0,0,0,0,0,0
235,87.0814,30.2223,8045.84026168391,3341.679711,660,-0.390448552883185,1.26216414184751,-0.908122578369505,1.05352133256783,-0.720430029234311,0.288145673254688,0.569540372439914,0,0,0,0,0,0,0
236,89.1715,30.229,8238.95395451551,3342.42053,669,-0.342128561374315,1.31736745439506,-0.917318279840715,1.02313281216918,-0.743072115072125,0.306989815347556,0.509556424998629,0,0,0,0,0,0,0
237,97.483,30.2328,9006.89063599957,3342.840696,592,0.497646643213285,-0.435892803294437,-0.673349473829668,1.0930003835743,-0.339898429022177,0.0322798610591509,-1.39739700921587,0,0,0,0,3.1614710849226e-12,0.250206171085004,0
238,101.037,30.2661,9335.26060122778,3346.522677,417,NA,NA,NA,NA,NA,NA,NA,NA,NA,NA,NA,NA,NA,NA
239,100.806,30.2756,9313.9174774327,3347.573092,428,NA,NA,NA,NA,NA,NA,NA,NA,NA,NA,NA,NA,NA,NA
240,83.8596,30.2826,7748.16374115147,3348.347082,620,-0.266079629050519,1.42677482230528,-0.918872880889322,1.11690994249568,-0.477983029681104,0.156392908087234,0.523061402848359,8.88178419700125e-16,0,0,0,0,1.46855616556252e-09,0
241,80.1759,30.2894,7407.81021247641,3349.098958,485,-0.265604968275963,1.26613390653085,-0.929510851970134,1.15100390858068,-0.460777370521972,0.173308744717081,0.635977671227261,6.3504757008559e-14,0,0,0,0,4.90233038608068e-08,0
242,92.4764,30.3001,8544.30845594565,3350.282057,686,NA,NA,NA,NA,NA,NA,NA,NA,NA,NA,NA,NA,NA,NA
243,87.3411,30.3023,8069.8351069202,3350.525311,670,-0.378293850151795,1.28025807650571,-0.911371153850697,1.0498374397818,-0.72257870084577,0.283559254139948,0.556448070286276,0,0,0,0,0,0,0
244,79.5687,30.3078,7351.70828707219,3351.133446,449,-0.263962648906623,1.26564036358951,-0.928507208762041,1.12623080266714,-0.503702799650726,0.190464577694973,0.636421499354379,4.77617945193742e-13,0,0,0,0,3.36576495563179e-08,0
245,101.925,30.3095,9417.30689529719,3351.321415,376,NA,NA,NA,NA,NA,NA,NA,NA,NA,NA,NA,NA,NA,NA
246,94.8555,30.3122,8764.12415213993,3351.619954,677,0.377090269330016,-0.384607821180803,-0.761062762137282,1.05512865010115,-0.464693300593282,0.0343606683958945,-1.60452501591989,0,0,0,0,0,0.0597306986233623,0
247,80.4707,30.3231,7435.04810379584,3352.825167,503,-0.259578501379411,1.29813674145373,-0.927295448897665,1.15228612456565,-0.450959509740045,0.160829517214882,0.614924836505017,8.14903700074865e-14,0,0,0,0,5.30801806952752e-08,0
248,89.174,30.3355,8239.18494070377,3354.196235,683,-0.326442342512295,1.34695570708982,-0.918707609554847,1.02289187193073,-0.732594957524847,0.291086763254082,0.492749230411197,0,0,0,0,0,0,0
249,89.0386,30.3387,8226.67472874769,3354.550059,682,-0.329714886432799,1.3456719963061,-0.918260848698587,1.02479053982752,-0.735707639418526,0.282085752285141,0.493154249914301,0,0,0,0,0,0,0
250,87.5127,30.3492,8085.68999888226,3355.711044,678,-0.363327830152224,1.29936451398523,-0.909616945754719,1.04767011628751,-0.706805125454048,0.27023083747249,0.541379523316852,0,0,0,0,0,0,0
251,93.8193,30.3599,8668.38499683057,3356.894143,686,NA,NA,NA,NA,NA,NA,NA,NA,NA,NA,NA,NA,NA,NA
252,93.4489,30.3675,8634.16208317819,3357.734475,697,NA,NA,NA,NA,NA,NA,NA,NA,NA,NA,NA,NA,NA,NA
253,96.5367,30.3694,8919.45774401998,3357.944558,639,NA,NA,NA,NA,NA,NA,NA,NA,NA,NA,NA,NA,NA,NA
254,94.3698,30.3731,8719.24815548508,3358.353667,686,0.386873376232061,-0.396219318336634,-0.777768260889533,1.0527118501885,-0.464999256823215,0.045840894917413,-1.58272569526359,0,0,0,0,0,0.0136208146531291,0
255,86.201,30.3837,7964.49616562681,3359.525709,664,-0.370499818529998,1.30263586773457,-0.915354552205888,1.06095156951971,-0.676206681877618,0.254386033580881,0.552287843447066,0,0,0,0,0,0,0
256,100.228,30.3986,9260.51347070735,3361.173202,472,0.680873356650148,-0.515219387299107,-0.574142131169965,1.61344286561888,-0.162093814734581,-0.0611693638756931,-1.15040613560441,0,0,0,0.000183008837132626,0.0884159628918224,0.2147307707584,0
257,89.2576,30.4029,8246.90911883913,3361.648653,687,-0.314518769057189,1.36344442828497,-0.917221189505821,1.02292086125297,-0.727669677105154,0.283455493206106,0.48341735939652,0,0,0,0,0,0,0
258,83.579,30.4031,7722.23785138135,3361.670767,627,NA,NA,NA,NA,NA,NA,NA,NA,NA,NA,NA,NA,NA,NA
259,85.7714,30.4051,7924.80349903648,3361.891907,669,-0.35487827447494,1.30771832934582,-0.925177503906369,1.06323685480584,-0.667285088519848,0.245834647789512,0.545861739679938,0,0,0,0,0,6.66133814775094e-16,0
260,90.7658,30.4051,8386.25846649169,3361.891907,691,-0.263785885485254,1.41270394962287,-0.914625993327896,1.01272256421212,-0.749344186007898,0.285854890089505,0.447700867492805,0,0,0,0,0,0,0
261,80.0245,30.4122,7393.82168891547,3362.676954,485,-0.264388153962422,1.26634757101441,-0.926019153280384,1.13308934062319,-0.495601777847716,0.185537876890986,0.636401068054738,9.88098491916389e-14,0,0,0,0,2.09087227531768e-08,0
262,85.6194,30.4129,7910.75953879037,3362.754353,662,-0.343787308421781,1.32096024328106,-0.92463545669971,1.06561111234243,-0.646370362699881,0.236227424562895,0.535684037129086,0,0,0,0,0,4.88498130835069e-15,0
263,89.7343,30.419,8290.95356521625,3363.42883,694,-0.297527668385596,1.36122462175476,-0.913566845925085,1.01493340143528,-0.736128245362435,0.311679994596241,0.483327126216327,0,0,0,0,0,0,0
264,85.6262,30.43,7911.38782122243,3364.6451,664,-0.340901032563751,1.32311247228203,-0.924637649488778,1.06623614701386,-0.640600519900016,0.234818261589375,0.535918549238658,0,0,0,0,0,5.99520433297585e-15,0
265,87.5553,30.4346,8089.62600353018,3365.153722,686,-0.352449257488855,1.32051899930345,-0.911537819636442,1.04662466256384,-0.69897456770572,0.25920891145633,0.528568250464635,0,0,0,0,0,0,0
266,82.946,30.4423,7663.7521485143,3366.005111,612,-0.233590260174541,1.5015086653657,-0.923558228539366,1.15302933616848,-0.412899616856175,0.11364557283167,0.498382889499418,1.16506804204164e-12,0,0,0,0,9.1168083526938e-08,0
267,102.23,30.4519,9445.48721026472,3367.066583,367,-0.214220843841941,1.3386905676975,-0.601558487034367,0.938542691249233,-0.28492636898694,0.511916757949834,0.524856263126604,6.51785809768768e-08,0,0,0,0.000469155147533318,3.06670244754059e-11,0
268,94.6575,30.4644,8745.83004602986,3368.448708,695,0.355888120276008,-0.373367040174353,-0.772429002799913,1.05305541814261,-0.474528380377696,0.0355171506315929,-1.66912236590336,0,0,0,0,0,0.0293551806634749,0
269,82.2149,30.4824,7596.20254762,3370.438968,593,-0.217914595233903,1.48353229700008,-0.928761763529633,1.17903756445129,-0.385986960255454,0.101036942021998,0.515386372520848,1.32203137326314e-11,0,0,0,0,5.27160268548599e-07,0
270,94.1613,30.4866,8699.98390738432,3370.903362,693,NA,NA,NA,NA,NA,NA,NA,NA,NA,NA,NA,NA,NA,NA
271,94.6011,30.4906,8740.61899762275,3371.345642,699,NA,NA,NA,NA,NA,NA,NA,NA,NA,NA,NA,NA,NA,NA
272,86.5234,30.4916,7994.28414446462,3371.456212,685,-0.360063995118268,1.34048347218364,-0.919526419423951,1.05310081480056,-0.680151229236171,0.245224963443564,0.513795207782293,0,0,0,0,0,0,0
273,81.2625,30.4954,7508.20604934106,3371.876378,546,-0.227089392477875,1.40297609057224,-0.928825366315412,1.16563213157524,-0.408732068040192,0.122327634246407,0.556133897156688,7.02038427391471e-12,0,0,0,0,2.71213053570918e-07,0
274,87.966,30.4982,8127.57241453728,3372.185974,698,-0.325471126915409,1.36607883853038,-0.916884701179018,1.03839808078624,-0.707267094367661,0.243828416272394,0.491443673515204,0,0,0,0,0,0,0
275,81.7059,30.5038,7549.17375969058,3372.805166,577,-0.212372066770714,1.46827861640599,-0.929782837571548,1.16227673666676,-0.404930840643855,0.109602440658745,0.522159045108223,5.39424060974625e-11,0,0,0,0,4.43837390617929e-07,0
276,102.183,30.5136,9441.14466992546,3373.888752,373,-0.217059624565498,1.34260181467217,-0.603317449117571,0.94082964767868,-0.299579259221479,0.510644996437829,0.518238197632146,3.97486110692569e-08,0,0,0,0.000168195945775551,1.6153745008296e-11,0
277,89.7156,30.5187,8289.22578852808,3374.452659,705,-0.286632787466708,1.38172492259305,-0.911732396946833,1.01569081735978,-0.730515104616871,0.300891452296066,0.4760967386317,0,0,0,0,0,0,0
278,95.1385,30.5245,8790.27178865079,3375.093965,683,NA,NA,NA,NA,NA,NA,NA,NA,NA,NA,NA,NA,NA,NA
279,83.2835,30.5319,7694.9352839292,3375.912183,630,-0.239749476307554,1.52060105267997,-0.92109381249121,1.1324087657761,-0.440286965408532,0.124604684837003,0.485919443470177,4.80504525057768e-13,0,0,0,0,2.66390542957851e-08,0
280,98.9499,30.5348,9142.4240918221,3376.232836,544,-0.265575735765781,1.35428359981186,-0.76443592900444,0.971916055965374,-0.636660993078444,0.482600054726085,0.512908526805356,2.22044604925031e-16,0,0,0,0,0,0
281,90.0749,30.551,8322.42312350458,3378.02407,708,-0.285038989891238,1.37982437888278,-0.913624150298149,1.01559548171176,-0.740839286038836,0.296721763904729,0.469587140465061,0,0,0,0,0,0,0
282,80.0786,30.5522,7398.82023002939,3378.156754,497,-0.264587573735911,1.27134320441978,-0.926070309179556,1.14128279102404,-0.480009859594886,0.176281320716298,0.63590430721396,3.99680288865056e-14,0,0,0,0,2.3436319107617e-08,0
283,82.8894,30.5553,7658.52262121213,3378.499521,619,-0.223621126915731,1.5201415936213,-0.924613291505911,1.16373715241703,-0.394653054711721,0.103410970453805,0.494704684580882,6.43551878454218e-12,0,0,0,0,2.59987840589559e-07,0
284,100.047,30.5561,9243.79007067744,3378.587977,492,-0.26495461045287,1.34504164529839,-0.723323908819382,0.959095484045002,-0.496506137362092,0.526368603985548,0.504621964348211,1.59872115546023e-14,0,0,0,2.22044604925031e-15,0,0
285,99.6624,30.5578,9208.25515547576,3378.775946,506,-0.279307335840771,1.35275566785898,-0.742735610252003,0.963002276362352,-0.53807043365779,0.509399394502609,0.500282109275645,2.22044604925031e-16,0,0,0,0,0,0
286,88.8688,30.5776,8210.98614684117,3380.965232,711,-0.321323371336939,1.37519763911386,-0.920820708963533,1.0276057042433,-0.725667266585674,0.259242227692017,0.479374787728171,0,0,0,0,0,0,0
287,85.535,30.581,7902.96144507476,3381.34117,675,-0.318738647565935,1.35411684057374,-0.925946300118665,1.07375752609807,-0.610217278545059,0.213191660804023,0.522282366573742,0,0,0,0,0,4.2854608750531e-14,0
288,85.6183,30.5832,7910.65790486753,3381.584424,678,-0.324577399978107,1.35000095977056,-0.924408213298931,1.06791113637242,-0.624991485169171,0.220327492995456,0.521576557401009,0,0,0,0,0,1.64313007644523e-14,0
289,101.115,30.5897,9342.46737030145,3382.303129,435,-0.229883211386948,1.35664394740873,-0.68190136779935,0.951902191255198,-0.423341731147187,0.537094148145632,0.493715095613283,2.3299295826007e-10,0,0,0,7.15303816178903e-10,2.22044604925031e-15,0
290,85.9225,30.591,7938.76430425482,3382.44687,694,-0.332871414301263,1.34798312056333,-0.92428674765031,1.06750267358175,-0.634305996633287,0.220591921730794,0.523271623840734,0,0,0,0,0,3.10862446895044e-15,0
291,98.1776,30.5951,9071.0678385453,3382.900207,594,-0.281743309947003,1.38943836033979,-0.782471871736963,0.983571719621248,-0.674525557817018,0.398999406215541,0.475265755899927,0,0,0,0,0,0,0
292,90.9024,30.5953,8398.87955181813,3382.922321,707,-0.276654646081047,1.40372138575646,-0.916119378611066,1.01030253916161,-0.755975387227404,0.285813824200863,0.453849589343218,0,0,0,0,0,0,0
293,87.313,30.5962,8067.23882216417,3383.021834,699,-0.340181730618197,1.35628308076439,-0.914583625906449,1.04848913070998,-0.692258926999184,0.240865812711092,0.508140369428874,0,0,0,0,0,0,0
294,79.6735,30.5975,7361.39122808399,3383.165575,486,-0.260476093941214,1.24613800674684,-0.931049610401456,1.15903701293692,-0.456016823450296,0.168171520894231,0.65745964721643,1.36335387423969e-13,0,0,0,0,8.77130756915534e-08,0
295,79.8937,30.601,7381.73649154579,3383.55257,497,-0.249079303743958,1.2732346712293,-0.926399582090166,1.15924764924413,-0.451032280218472,0.158884260969188,0.640209466031935,5.01598762525646e-13,0,0,0,0,8.95859777472197e-08,0
296,93.6551,30.6042,8653.21382398575,3383.906394,713,NA,NA,NA,NA,NA,NA,NA,NA,NA,NA,NA,NA,NA,NA
297,85.8115,30.6074,7928.50851749615,3384.260218,690,-0.332098539720676,1.34801707657931,-0.924893227298066,1.06403458570546,-0.646564651069277,0.226654642783849,0.522508433269763,0,0,0,0,0,2.22044604925031e-15,0
298,96.94,30.6211,8956.72043590983,3385.775027,645,-0.230018542578584,1.58150086100668,-0.802951068297746,0.989007689354294,-0.672776319867612,0.285371706868028,0.384607259818957,7.99360577730113e-15,0,0,0,0,2.04281036531029e-14,0
299,92.9878,30.6303,8591.5589906158,3386.792271,727,-0.169471113044488,1.71207044425111,-0.8806791882165,1.00855107154692,-0.723190848178703,0.190917556121603,0.376244872507456,1.63530078367558e-10,0,0,0,0,1.65911284710774e-10,0
300,95.6545,30.6335,8837.94733790733,3387.146095,674,NA,NA,NA,NA,NA,NA,NA,NA,NA,NA,NA,NA,NA,NA
301,87.0656,30.6337,8044.38042897412,3387.168209,706,-0.345947385697802,1.34684077275824,-0.911738627934463,1.0500697576059,-0.694761119030968,0.246833886627808,0.516812335751657,0,0,0,0,0,0,0
302,93.4578,30.6341,8634.98439400839,3387.212437,723,NA,NA,NA,NA,NA,NA,NA,NA,NA,NA,NA,NA,NA,NA
303,94.2471,30.6634,8707.91135336535,3390.452138,708,NA,NA,NA,NA,NA,NA,NA,NA,NA,NA,NA,NA,NA,NA
304,90.0967,30.6795,8324.4373230662,3392.232315,719,-0.293915973641561,1.36856532878988,-0.915478465533673,1.01670613979041,-0.747838735144345,0.29096712796794,0.473684221605896,0,0,0,0,0,0,0
305,86.5429,30.6928,7996.08583673304,3393.702896,711,-0.346373086506511,1.3628128320018,-0.925261072061479,1.04987568967539,-0.674319000766657,0.235234620507413,0.498532901539211,0,0,0,0,0,0,0
306,92.3489,30.6991,8532.52816034447,3394.399487,715,-0.220077278500171,1.51004721061953,-0.895436335821954,1.00618983243456,-0.752707206495667,0.252731756609304,0.428177934410214,1.33226762955019e-15,0,0,0,0,1.99840144432528e-15,0
307,102.643,30.6996,9483.64612856502,3394.454772,357,-0.215793064841891,1.31301495470751,-0.609976238586731,0.938468082646885,-0.303314321097388,0.513089814302605,0.537235675862003,1.13041699112415e-07,0,0,0,0.00023950370697623,5.25555154951007e-11,0
308,79.0862,30.7049,7307.12795273831,3395.040793,458,-0.263848861541016,1.21555896824166,-0.938665900442904,1.15113366210791,-0.470871805635457,0.185088547921575,0.681910336471125,5.18474152499948e-13,0,0,0,0,1.33702140914238e-07,0
309,86.6617,30.7109,8007.06230039908,3395.704213,715,-0.348065393920126,1.34575973934063,-0.92282214349274,1.05063012159644,-0.677354963463723,0.241901445338129,0.512731138693162,0,0,0,0,0,0,0
310,96.9005,30.7158,8953.07085413535,3396.246006,654,-0.261040965205489,1.50865909873042,-0.814549358819001,0.990475560382817,-0.701689197168469,0.299488439341844,0.401194256538825,0,0,0,0,0,0,0
311,81.6919,30.7166,7547.88023703633,3396.334462,584,-0.212636186969,1.46539134923681,-0.929074810648691,1.17073013518478,-0.392954261735224,0.106049524811166,0.524372215010185,3.82676113019897e-11,0,0,0,0,5.33594669782644e-07,0
312,85.5244,30.7226,7901.98206363654,3396.997882,688,-0.305124977460798,1.38619547566889,-0.926533572249093,1.07428670638926,-0.599632030383659,0.200490489204906,0.504898600350231,0,0,0,0,0,1.28785870856518e-13,0
313,91.0073,30.7236,8408.57173227746,3397.108452,716,-0.29894183732586,1.37189233133463,-0.919561928562354,1.01006313949789,-0.773337957140608,0.289704461604703,0.462155986396746,0,0,0,0,0,0,0
314,92.2981,30.7256,8527.83452099906,3397.329592,717,-0.219093480648514,1.513615283119,-0.896659135763147,1.00637502105248,-0.753759343937007,0.252551028598796,0.424235974243175,1.33226762955019e-15,0,0,0,0,1.77635683940025e-15,0
315,79.7686,30.7268,7370.17794268534,3397.462276,499,-0.259199416020239,1.25449925790997,-0.931194560173615,1.16527453570454,-0.444043221902109,0.158926038812689,0.652926997689614,8.61533067109121e-14,0,0,0,0,1.10822747867445e-07,0
316,82.3141,30.7325,7605.3680795701,3398.092525,603,-0.221490847604371,1.47446897328776,-0.928412693661894,1.17688488257071,-0.389447411837757,0.10410025425757,0.516578474718808,7.05502323228302e-12,0,0,0,0,3.78894916774897e-07,0
317,82.4964,30.7381,7622.2115924179,3398.711717,616,-0.225123396185211,1.47749640280644,-0.92681201815505,1.1696910926008,-0.398990410013455,0.105747469161698,0.513201967321548,2.80109269112927e-12,0,0,0,0,2.19682854796233e-07,0
318,88.6843,30.7437,8193.9393661477,3399.330909,731,-0.318150590494772,1.38785002195256,-0.921238066160585,1.02935632413419,-0.723254459180331,0.254277597802056,0.475900483115246,0,0,0,0,0,0,0
319,100.021,30.7468,9241.38781431955,3399.673676,503,-0.308021205434572,1.28978240899494,-0.760244961261774,0.960469639253202,-0.590992486403028,0.558530783022448,0.542062311897772,0,0,0,0,0,0,0
320,87.4894,30.7471,8083.53720760769,3399.706847,728,-0.326460475321934,1.39435874572407,-0.920165509749128,1.04425089547524,-0.682728081887615,0.217322803516698,0.478060887235665,0,0,0,0,0,4.44089209850063e-16,0
321,79.3214,30.7522,7328.85913332967,3400.270754,471,-0.255438315142931,1.23257837218101,-0.934093053192876,1.14899577735684,-0.46801036569487,0.178100528500189,0.66783764641896,1.10245146345278e-12,0,0,0,0,1.21250663731587e-07,0
322,82.5106,30.757,7623.52359396721,3400.80149,618,-0.224269518357833,1.48338814447813,-0.926995671718513,1.16992869276783,-0.397838954752457,0.104782242176466,0.510759857389367,3.42792461083263e-12,0,0,0,0,2.37238014122454e-07,0
323,85.8523,30.7581,7932.27821208852,3400.923117,702,-0.325023719028076,1.35215096531249,-0.921612510233508,1.07023706676454,-0.624776589838687,0.216872272484509,0.524632346031476,0,0,0,0,0,5.55111512312578e-15,0
324,88.0268,30.7744,8133.18999863573,3402.725408,729,-0.310516171915652,1.41120596014641,-0.920366927765611,1.03517629383684,-0.709449603289976,0.230843260831568,0.468947222166091,0,0,0,0,0,2.22044604925031e-16,0
325,94.5169,30.7805,8732.8393828022,3403.399885,725,NA,NA,NA,NA,NA,NA,NA,NA,NA,NA,NA,NA,NA,NA
326,80.8262,30.7811,7467.8943397662,3403.466227,545,-0.253909340062054,1.31771696940469,-0.927605548224554,1.16949355255125,-0.421620556286196,0.142490047531221,0.600965583393747,2.90878432451791e-14,0,0,0,0,5.52280285948115e-08,0
327,97.3628,30.7829,8995.7848200681,3403.665253,651,-0.276621761267702,1.44069038827826,-0.805719606384776,0.991412966674354,-0.700738694823157,0.328040011719932,0.432249219352733,0,0,0,0,0,0,0
328,84.7811,30.7921,7833.30525014354,3404.682497,680,NA,NA,NA,NA,NA,NA,NA,NA,NA,NA,NA,NA,NA,NA
329,84.9195,30.7959,7846.09264552553,3405.102663,687,-0.276334321994741,1.46859346820387,-0.930113509763525,1.0937594270185,-0.516162375844299,0.152076171786033,0.480116858108573,0,0,0,0,0,8.044320765066e-11,0
330,96.2938,30.796,8897.01512596878,3405.11372,676,-0.243003514828811,1.54793878591002,-0.828786062781979,0.990932034946397,-0.721100416907654,0.28234513321603,0.386280093754861,0,0,0,0,0,4.44089209850063e-16,0
331,80.2162,30.8015,7411.53370983113,3405.721855,521,-0.248101439699173,1.29046861467318,-0.925889731206727,1.16161379295695,-0.442959991861257,0.151093377320103,0.627629677540895,1.91624494050302e-13,0,0,0,0,6.83855971850278e-08,0
332,92.9397,30.8207,8587.11481635371,3407.844799,748,-0.2228210379297,1.5239191491293,-0.887926685398608,1.00836598612493,-0.760445652258986,0.232504205703127,0.419654222598897,0,0,0,0,0,1.33226762955019e-15,0
333,87.4692,30.8291,8081.67083920656,3408.773587,735,-0.322316373417406,1.40251976145107,-0.919263497473287,1.04402308948949,-0.680903835925249,0.216261856498471,0.475866464662285,0,0,0,0,0,6.66133814775094e-16,0
334,85.3759,30.8436,7888.26148405399,3410.376852,696,-0.311691010581546,1.37287114831125,-0.926081709655106,1.07690259768711,-0.594730516330715,0.194987190336003,0.513525793568816,0,0,0,0,0,1.66533453693773e-13,0
335,101.687,30.8481,9395.31701017498,3410.874417,413,-0.241965337116775,1.31317161858967,-0.682631444215429,0.948517081451247,-0.421800261893713,0.558911607078463,0.525167881295534,1.3710454993543e-10,0,0,0,7.5752706329979e-09,2.66453525910038e-15,0
336,96.2713,30.8514,8894.93625027446,3411.239298,680,-0.243389580699848,1.54736122064083,-0.830069909138285,0.991460999421507,-0.723692949445152,0.280213357282789,0.386733133753819,0,0,0,0,0,4.44089209850063e-16,0
337,97.5766,30.8662,9015.53875888796,3412.875734,649,-0.296585140773193,1.37823438257964,-0.808577294330134,0.989965279251611,-0.717481767391541,0.36604796564499,0.462956229085041,0,0,0,0,0,0,0
338,101.712,30.8665,9397.62687205757,3412.908905,413,-0.241965337116775,1.31317161858967,-0.682631444215429,0.948517081451247,-0.421800261893713,0.558911607078463,0.525167881295534,1.3710454993543e-10,0,0,0,7.5752706329979e-09,2.66453525910038e-15,0
339,87.1568,30.869,8052.80680512178,3413.18533,744,-0.336485363544081,1.36633456579398,-0.91536312830812,1.04656369977395,-0.694637338769262,0.234784867117949,0.501834699042715,0,0,0,0,0,0,0
340,92.4007,30.8858,8537.31419416519,3415.042906,742,-0.237695908733212,1.46752648841572,-0.900288701059027,1.00697193173143,-0.768298253172002,0.25723183501715,0.434272990640555,0,0,0,0,0,0,0
341,92.9743,30.911,8590.31166519921,3417.82927,753,-0.241765155552418,1.47164544774839,-0.890201437955027,1.00789301448756,-0.77327954105421,0.247913280661709,0.433874489796776,0,0,0,0,0,0,0
342,91.2196,30.9182,8428.18707938436,3418.625374,737,-0.304188910813926,1.36214163496958,-0.921036633526655,1.00997452828753,-0.785547949142102,0.287586600093029,0.467032928662072,0,0,0,0,0,0,0
343,94.4435,30.9209,8726.05762831494,3418.923913,733,-0.131453155535858,2.06980190891866,-0.857219594046148,0.996538010590642,-0.699252917020568,0.158181016682619,0.292252426710738,1.53206272601736e-06,1.9092061265269e-11,0,0,0,1.22980696626307e-06,5.44243494715602e-09
344,100.793,30.9248,9312.71634925376,3419.355136,471,-0.290071277986538,1.33817677891408,-0.761812010890659,0.956439153424857,-0.542152006929993,0.508075370077444,0.512454069373511,2.22044604925031e-16,0,0,0,0,0,0
345,83.3277,30.9264,7699.0191197376,3419.532048,648,-0.237815847754222,1.49480393643443,-0.921672814933899,1.13948521202615,-0.430233539746765,0.12144348096032,0.496113148888239,2.44249065417534e-13,0,0,0,0,2.67665545283791e-08,0
346,91.0348,30.9297,8411.1125803483,3419.896929,735,-0.300087635614036,1.37816353279774,-0.922334719529223,1.01102086564082,-0.775113933055997,0.278208728284711,0.459037635107189,0,0,0,0,0,0,0
347,98.0853,30.9316,9062.53982847479,3420.107012,618,-0.353056119540886,1.26021629755899,-0.813441433638423,0.985990950127673,-0.779478376327853,0.472512665144935,0.535978028871061,0,0,0,0,0,0,0
348,87.9682,30.9404,8127.77568238295,3421.080028,741,-0.317940509266271,1.38928101630132,-0.921329701939517,1.03518053582991,-0.713092107032527,0.237500233339011,0.480616381568915,0,0,0,0,0,0,0
349,95.9481,30.9418,8865.0743558564,3421.234826,697,-0.250927201801282,1.51470492265248,-0.838806711149947,0.992322397797511,-0.73924890230809,0.285160460293664,0.393329479267638,0,0,0,0,0,0,0
350,100.761,30.9434,9309.75972604405,3421.411738,474,-0.28781580240111,1.33827470781507,-0.762047015762719,0.95679374037063,-0.545684317141157,0.508970228832548,0.511971302169004,2.22044604925031e-16,0,0,0,0,0,0
351,100.147,30.9446,9253.02951820778,3421.544422,506,-0.337644284872272,1.24723927186121,-0.77744730861587,0.962148291641124,-0.654715833436603,0.590600699373685,0.569414467277914,0,0,0,0,0,0,0
352,89.045,30.9621,8227.26605338963,3423.479397,750,-0.325103288005715,1.37649950366884,-0.924747485905345,1.02552406062675,-0.739850295377969,0.259116137886575,0.478845652736015,0,0,0,0,0,0,0
353,80.2045,30.9715,7410.45269447008,3424.518755,530,-0.257524762258916,1.27725797685053,-0.928579222593031,1.16375688107719,-0.440700688801738,0.153720388815772,0.636471888230235,2.30926389122033e-14,0,0,0,0,5.27994237220497e-08,0
354,85.3534,30.9765,7886.18260835967,3425.071605,708,-0.292870054629004,1.41398205409177,-0.9260913121384,1.07831768978856,-0.570248749242186,0.182513160166293,0.4984987416486,0,0,0,0,0,8.64197602368222e-13,0
355,87.7184,30.9785,8104.69554245216,3425.292745,744,-0.319414968628716,1.40316072973766,-0.920541976409497,1.03891276397482,-0.695120345415579,0.224414674670123,0.474689092192371,0,0,0,0,0,2.22044604925031e-16,0
356,92.0548,30.9786,8505.35494515775,3425.303802,742,-0.257082527834314,1.41252191338797,-0.909671377978676,1.00693712503659,-0.780394838315087,0.279821816365071,0.452418857022601,0,0,0,0,0,0,0
357,79.1363,31.0048,7311.75691595101,3428.200736,475,-0.244682982434626,1.2487081012096,-0.939540626882011,1.15968917022908,-0.444590478133574,0.160674538517185,0.66380635008823,5.4856119646729e-12,0,0,0,0,3.48735658572963e-07,0
358,84.3993,31.0106,7798.02903947271,3428.842042,684,-0.24793786484047,1.53579443762357,-0.924746726475935,1.12944321865784,-0.431312444418498,0.115163105177249,0.464882921263202,1.3988810110277e-14,0,0,0,0,1.23164785037488e-08,0
359,78.752,31.0111,7276.24971909192,3428.897327,450,-0.251844185917368,1.24258188467434,-0.940071029679055,1.13902727756167,-0.481655075141792,0.186434862180193,0.665398923841257,6.61937171742011e-12,0,0,0,0,1.30556262023518e-07,0
360,101.692,31.0249,9395.7789825515,3430.423193,424,-0.232834553763708,1.34130173651967,-0.693283220822631,0.950974966635226,-0.440792951367894,0.536896826238361,0.500880119149586,3.36385586052756e-10,0,0,0,2.18590479050818e-10,5.32907051820075e-15,0
361,92.5205,31.0311,8548.38305230653,3431.108727,756,-0.24773950918623,1.45022729676832,-0.90125478228582,1.00790175590146,-0.775947605622578,0.256329341890895,0.442134937563304,0,0,0,0,0,0,0
362,88.0124,31.0317,8131.85951819136,3431.175069,750,-0.313015808012769,1.39576461269501,-0.922395643977126,1.03456934448157,-0.714898678605788,0.237034288774698,0.477828281792676,0,0,0,0,0,0,0
363,98.3103,31.0363,9083.32858541805,3431.683691,615,-0.375573946487477,1.23244166920256,-0.816268753015774,0.985228561838478,-0.802509458207096,0.503650996632425,0.554729672757792,0,0,0,0,0,0,0
364,81.2486,31.0373,7506.92176613434,3431.794261,573,-0.224627490153367,1.3820301388942,-0.924963384540472,1.18576410630497,-0.387211242495997,0.115186066631789,0.566007021834838,2.56994425740231e-12,0,0,0,0,2.89615704307522e-07,0
365,85.2309,31.0487,7874.864285135,3433.054759,709,-0.269581611725683,1.48187942334349,-0.926175647250904,1.08927400276124,-0.522725668910262,0.152548244046087,0.473757122915826,0,0,0,0,0,5.90334447991836e-11,0
366,91.0103,31.0658,8408.84891570337,3434.945506,749,-0.295643381249642,1.37818500459657,-0.920075154638611,1.011547818811,-0.770152743127942,0.278663540213551,0.460365151542437,0,0,0,0,0,0,0
367,80.0512,31.0949,7396.28862140607,3438.163093,531,-0.248842983218656,1.28065230537865,-0.93032887740355,1.1751147722852,-0.418870434232108,0.140770855625482,0.637678556363682,9.52571355128384e-14,0,0,0,0,1.59901260010642e-07,0
368,101.436,31.0956,9372.12599687383,3438.240492,443,-0.251342729611039,1.37608523671142,-0.739151986314896,0.951225600120692,-0.488100484753912,0.488549143756265,0.488084821769555,5.94324589542339e-12,0,0,0,6.10622663543836e-14,1.55431223447522e-14,0
369,101.768,31.1061,9402.80096267456,3439.401477,426,-0.242808422609698,1.35417302344192,-0.713772236946822,0.949565092780022,-0.46069280223026,0.513738753025998,0.497748780811474,6.38418207188352e-11,0,0,0,1.6121326495977e-11,1.73194791841524e-14,0
370,90.8998,31.1107,8398.63932618234,3439.910099,753,-0.307132943767728,1.36307852524241,-0.922012164063064,1.01151592975254,-0.772798238643739,0.283202525916436,0.465865848262414,0,0,0,0,0,0,0
371,83.3351,31.1152,7699.70283885485,3440.407664,658,-0.23443964692393,1.50828521676878,-0.918905900022105,1.14345747426951,-0.421367202917275,0.117819235521926,0.491481162018606,4.10560474506383e-13,0,0,0,0,3.68142427653595e-08,0
372,96.8413,31.123,8947.60110119739,3441.27011,687,-0.323827199675186,1.34595980784539,-0.836061376771401,0.992278328575224,-0.78132762999861,0.367774699689229,0.460223438902099,0,0,0,0,0,0,0
373,88.9097,31.124,8214.76508088108,3441.38068,769,-0.32427143056733,1.37727875068107,-0.925765204833145,1.02634727287879,-0.742273105266448,0.258006392848198,0.480560558000667,0,0,0,0,0,0,0
374,81.543,31.1302,7534.12269966366,3442.066214,591,-0.225199599308171,1.41520489865775,-0.92682223077617,1.193784105227,-0.371410805656029,0.102972056566341,0.544661936992359,2.14916973106938e-12,0,0,0,0,5.20806967774234e-07,0
375,81.0755,31.1324,7490.92828245933,3442.309468,573,-0.234078888500656,1.35334538652246,-0.927866428536816,1.20403565830926,-0.372526247625779,0.111989328874826,0.583580065364769,3.14859249783694e-13,0,0,0,4.44089209850063e-16,3.72313949892344e-07,0
376,100.127,31.1348,9251.18162870171,3442.574836,516,-0.370581216651702,1.23185781028011,-0.802347668376511,0.96620181960236,-0.716925428445631,0.578041647969471,0.580884852585218,0,0,0,0,0,0,0
377,102.343,31.1413,9455.927785974,3443.293541,389,-0.211977865252745,1.36281751202115,-0.647046950360673,0.943385930179161,-0.380215095706109,0.493297436356925,0.506354303002157,4.91721676709744e-08,0,0,0,6.76184128911572e-07,4.02802236010302e-11,0
378,101.884,31.1486,9413.51872180975,3444.100702,415,-0.240442407230578,1.35692826697678,-0.705494979401588,0.947590124959418,-0.46223395531997,0.507392428125365,0.499428199424745,1.62490243482694e-10,0,0,0,4.12414546957507e-11,1.15907283770866e-13,0
379,86.4395,31.149,7986.53224798667,3444.14493,747,-0.320293842879247,1.39538868529652,-0.926102397721705,1.05351698734363,-0.656805867613554,0.215520393746135,0.484675622593752,0,0,0,0,0,6.66133814775094e-16,0
380,89.8372,31.1492,8300.46095672497,3444.167044,763,-0.317285803179566,1.36266557049323,-0.921783531853449,1.02013110699736,-0.75708886780041,0.276369982464018,0.482042308113298,0,0,0,0,0,0,0
381,81.2304,31.1529,7505.24018668382,3444.576153,579,-0.218808531000233,1.38273741454992,-0.926757646878769,1.21023259867638,-0.360949468949955,0.102613340121244,0.569697728873478,4.42068603945245e-12,0,0,0,1.77635683940025e-15,8.12848214515327e-07,0
382,91.2206,31.1556,8428.27947385967,3444.874692,755,-0.303072519084622,1.3609212982321,-0.923383720332057,1.01023544913289,-0.787866142267773,0.281072124340684,0.466496203398913,0,0,0,0,0,0,0
383,89.321,31.1565,8252.76692857336,3444.974205,774,-0.319220156954114,1.37357420174755,-0.926556801763033,1.02115621458907,-0.757956049326178,0.266129788064962,0.476908512831685,0,0,0,0,0,0,0
384,95.0676,31.1609,8783.72102035178,3445.460713,747,-0.231433033798931,1.5440041944779,-0.859882500871458,0.997354494866651,-0.763009977207565,0.244738487722557,0.394008118954694,0,0,0,0,0,2.22044604925031e-16,0
385,94.1576,31.1681,8699.6420478257,3446.256817,745,-0.239647186717897,1.53150516495461,-0.876075190578255,0.998483693728198,-0.777334949435483,0.24016629009902,0.397535311245716,0,0,0,0,0,0,0
386,80.1845,31.1693,7408.60480496402,3446.389501,538,-0.252401721465441,1.28082879097402,-0.930138256888024,1.16773846966863,-0.430058780420963,0.147259222904103,0.633773346234856,4.10782519111308e-14,0,0,0,0,7.42464298930656e-08,0
387,85.8493,31.1724,7932.00102866261,3446.732268,733,-0.29488174791724,1.43391883840859,-0.925483724747576,1.06967766900911,-0.59783921114626,0.186513924134299,0.469936361676661,0,0,0,0,0,1.49436019114546e-13,0
388,101.375,31.1746,9366.48993388033,3446.975522,455,-0.290486232204951,1.32507730629034,-0.774220495350433,0.953515896754175,-0.566866397502599,0.507587039663023,0.515733634753006,1.11022302462516e-15,0,0,0,0,0,0
389,91.9711,31.1774,8497.62152757486,3447.285118,765,-0.279724547904421,1.37419942714238,-0.914035930100887,1.00876274041834,-0.792555641067508,0.286096659531493,0.462527624641176,0,0,0,0,0,0,0
390,83.2788,31.1782,7694.50102989527,3447.373574,658,-0.227420910434205,1.53500017344646,-0.919460956929239,1.14552301405607,-0.414831611997379,0.112619848187437,0.482656843485341,2.16138218434025e-12,0,0,0,0,7.2488849589547e-08,0
391,98.4548,31.1869,9096.67958709939,3448.335533,613,-0.406407367271919,1.20193465816996,-0.826688435621923,0.984687935295692,-0.842639206659884,0.534550040765239,0.583405053261276,0,0,0,0,0,0,0
392,90.3616,31.1913,8348.91261957406,3448.822041,762,-0.319360481940487,1.33684220481125,-0.922547413071706,1.01619231241004,-0.781444554894845,0.284730669474721,0.479416047793374,0,0,0,0,0,0,0
393,84.4282,31.2043,7800.69923980898,3450.259451,699,-0.253982866567319,1.53075155674296,-0.921837975539037,1.11489717072006,-0.457316446546477,0.125831831137034,0.464558865216701,2.22044604925031e-15,0,0,0,0,2.83681655943724e-09,0
394,92.419,31.2098,8539.00501306324,3450.867586,773,-0.284649944544947,1.34533872331735,-0.910621039947244,1.00800190481564,-0.810113129426485,0.300751202601678,0.47278043806311,0,0,0,0,0,0,0
395,96.949,31.2145,8957.55198618756,3451.387265,698,-0.345489428214654,1.3140407007314,-0.839280054092789,0.99487364183479,-0.797453773847583,0.373894405879967,0.477908751454515,0,0,0,0,0,0,0
396,97.8859,31.2188,9044.1163700993,3451.862716,656,-0.351635933678493,1.26416614595975,-0.825488531919399,0.990284701094978,-0.786532225784,0.439973486759066,0.511948798373184,0,0,0,0,0,0,0
397,97.9802,31.2249,9052.82916912041,3452.537193,651,-0.357594419522863,1.25182896526938,-0.826367197124712,0.989713386139445,-0.794528418846992,0.455568236923919,0.523921157983149,0,0,0,0,0,0,0
398,79.0597,31.2281,7304.67949914277,3452.891017,482,-0.246202653717847,1.25537014081766,-0.93901028555187,1.14581974719822,-0.471802119715905,0.178345701163997,0.65814537081539,3.48365780666882e-12,0,0,0,0,8.16208756138082e-08,0
399,99.6554,31.2291,9207.60839414863,3453.001587,551,-0.405867946599874,1.19469223324543,-0.821873768643277,0.973019101823024,-0.810273978767074,0.609602656318086,0.603739475396625,0,0,0,0,0,0,0
400,94.1729,31.2299,8701.05568329784,3453.090043,750,-0.25727512850033,1.48773144071241,-0.879324459192896,0.998416716768709,-0.787160784708886,0.250108795620283,0.410978099678098,0,0,0,0,0,0,0
401,94.3959,31.2453,8721.65965129049,3454.792821,751,-0.262184292825381,1.47560624609534,-0.879838968754212,0.997654935994744,-0.7867188583555,0.25469974931153,0.414303290810686,0,0,0,0,0,0,0
402,102.519,31.2586,9472.1892136274,3456.263402,389,-0.233374300625568,1.34023971639841,-0.672013360270916,0.942014821521536,-0.423910781028165,0.504144158498384,0.522337488272188,3.27812932354732e-09,0,0,0,4.04350721794344e-08,1.31077371179344e-11,0
403,81.727,31.2587,7551.12328311948,3456.274459,602,-0.223639508106106,1.42191645180024,-0.926596723080509,1.177422013591,-0.390834522032784,0.109870081148304,0.541386427084829,2.36344277482203e-12,0,0,0,0,2.33237969160527e-07,0
404,97.3479,31.2688,8994.40814238608,3457.391216,688,-0.346608195399515,1.30299270199281,-0.833730893400206,0.994839238072291,-0.787726393665951,0.381797936350764,0.485176791232094,0,0,0,0,0,0,0
405,102.432,31.2744,9464.150894276,3458.010408,393,-0.237656467771344,1.34431199204999,-0.679006054953126,0.944234686590416,-0.440361438083314,0.50063168445925,0.518028105174584,1.44431711035509e-09,0,0,0,5.25622101399392e-09,6.70596911334087e-12,0
406,92.854,31.2782,8579.19660982021,3458.430574,785,-0.289704683603882,1.35734957373816,-0.900555075525069,1.00813593400875,-0.814094286594557,0.288946222029364,0.470775359641376,0,0,0,0,0,0,0
407,93.2312,31.2828,8614.04780590465,3458.939196,769,-0.256532284632689,1.42995059416993,-0.892600583790585,1.00581010781,-0.801983018957744,0.263539077552348,0.442114554554079,0,0,0,0,0,0,0
408,93.6018,31.2859,8648.28919845208,3459.281963,754,-0.27186667879109,1.40255243118172,-0.887089445647104,1.0024133960584,-0.80728857668279,0.276903190775831,0.448780673435033,0,0,0,0,0,0,0
409,88.9085,31.2899,8214.65420751072,3459.724243,783,-0.33283272567844,1.36610455862148,-0.9278099039277,1.02586714330623,-0.748650063418344,0.259261099418341,0.48463499133416,0,0,0,0,0,0,0
410,93.9993,31.2926,8685.01600238517,3460.022782,757,-0.278399576578971,1.41782514341996,-0.884660571576196,1.00007401680273,-0.804816763548435,0.275303452993971,0.440154708621354,0,0,0,0,0,0,0
411,81.0165,31.2996,7485.47700841643,3460.796772,574,-0.245619186412019,1.33685903979044,-0.930535610887654,1.19944533763842,-0.379394696825207,0.116781928770266,0.590705464316598,3.5083047578155e-14,0,0,0,2.22044604925031e-16,2.25420832444811e-07,0
412,87.3677,31.3088,8072.29279996327,3461.814016,784,-0.332565749303671,1.35362927266368,-0.925070736872146,1.04413550439169,-0.699648154432483,0.229276413165806,0.49962096858954,0,0,0,0,0,0,0
413,93.1879,31.3254,8610.04712512401,3463.649478,770,-0.27082000500878,1.39918802934207,-0.896666857798674,1.00583548298465,-0.808763641996177,0.27128943144736,0.453090311584815,0,0,0,0,0,0,0
414,88.8502,31.3413,8209.26760960053,3465.407541,791,-0.329342981848571,1.37215493211395,-0.927448802433186,1.02672459466431,-0.746828528540865,0.255682117620677,0.484807562663498,0,0,0,0,0,0,0
415,100.098,31.3519,9248.50218891791,3466.579583,533,-0.406418267019036,1.19309083159534,-0.822449153632962,0.968859089721874,-0.796289641503036,0.609343099551345,0.608348785521099,0,0,0,0,0,0,0
416,82.81,31.3627,7651.18649987305,3467.773739,644,-0.22266750452888,1.50465949048557,-0.922311240272226,1.17011051152202,-0.391749106044099,0.102389721332882,0.495388826649616,4.30588897870621e-12,0,0,0,0,2.45451297065102e-07,0
417,95.2375,31.3635,8799.41884170582,3467.862195,758,-0.277490372329204,1.44412646230171,-0.868474175007792,0.997653836729518,-0.791499461894909,0.273005290618561,0.416423538228157,0,0,0,0,0,0,0
418,85.7745,31.3678,7925.08992190992,3468.337646,741,-0.294324940210216,1.44358258044533,-0.926336114210834,1.07168002525061,-0.58675461346433,0.176803424935999,0.466213502434987,0,0,0,0,0,2.78888023785839e-13,0
419,85.045,31.3801,7857.6881521761,3469.697657,720,-0.253076943084516,1.54183797243001,-0.927356949892417,1.0990930358516,-0.48649875463655,0.132345212842694,0.451627116173818,8.88178419700125e-16,0,0,0,0,6.10189232475022e-10,0
420,100.145,31.3863,9252.84472925717,3470.383191,533,-0.405330897073238,1.19455978029703,-0.822231284183486,0.969178654527383,-0.794712662286736,0.606804912506541,0.60721937867578,0,0,0,0,0,0,0
421,77.907,31.3907,7198.17638746056,3470.869699,431,-0.246067044581011,1.23203601291104,-0.935629439720483,1.11608194520497,-0.527169961367538,0.215829389721648,0.675643432334095,6.23592288917507e-11,0,0,0,0,7.68634291770098e-08,0
422,101.758,31.3964,9401.87701792152,3471.499948,443,-0.287231708247966,1.33706437463067,-0.78010310085432,0.952855537623943,-0.579082090780299,0.483515458513195,0.507433625888446,6.88338275267597e-15,0,0,0,0,1.77635683940025e-15,0
423,92.9472,31.3968,8587.80777491849,3471.544176,788,-0.2963755232851,1.34592554519506,-0.901766132675063,1.00742033454358,-0.820355827815693,0.295158473917649,0.47508461728995,0,0,0,0,0,0,0
424,102.816,31.401,9499.6303727925,3472.00857,373,-0.221526816455249,1.3272206246421,-0.649513316521697,0.941787974206493,-0.397817487637204,0.512362617397942,0.526698165701925,3.40611301385962e-08,0,0,0,6.65969564384028e-07,3.59838825403358e-11,0
425,90.3847,31.4277,8351.04693195357,3474.960789,776,-0.320234429033183,1.33405473301045,-0.925539679838027,1.01636973737229,-0.78834318995313,0.283480928229855,0.481650772822743,0,0,0,0,0,0,0
426,82.6615,31.4302,7637.46592029049,3475.237214,637,-0.221903082922807,1.49016406691915,-0.923392978940039,1.17865554468625,-0.382495774149899,0.100772229627613,0.505169217977713,3.88489240776835e-12,0,0,0,0,3.13357796821734e-07,0
427,79.2505,31.4302,7322.30836503066,3475.237214,499,-0.24562413874975,1.25376248496172,-0.93506412881572,1.1488677481961,-0.471448468185327,0.178272905986182,0.655632534806356,2.18181028799336e-12,0,0,0,0,5.43450227041831e-08,0
428,92.1087,31.4331,8510.3350073766,3475.557867,788,-0.307863734814472,1.31872083839701,-0.91903030076102,1.00894727622139,-0.818844381885388,0.301863705692717,0.477156692463717,0,0,0,0,0,0,0
429,80.743,31.4354,7460.20711942095,3475.812178,572,-0.242132963632567,1.33551131319959,-0.927765677192002,1.18012745676111,-0.40650468710372,0.124931934150688,0.596470786900666,9.12603326241879e-14,0,0,0,0,1.2608884625287e-07,0
430,81.2173,31.4385,7504.02981905735,3476.154945,587,-0.237950979295252,1.34484320673552,-0.928949570800399,1.20362800550209,-0.375252158858714,0.11304541440683,0.585582356539308,1.25233157177718e-13,0,0,0,2.22044604925031e-16,2.76843857172082e-07,0
431,87.7743,31.4388,8109.86039362162,3476.188116,796,-0.342921123761151,1.33265734124948,-0.92682926346568,1.03692249544695,-0.729713434452637,0.244503613527574,0.507230379977678,0,0,0,0,0,0,0
432,85.6793,31.4467,7916.29396786104,3477.061619,753,-0.29001052884372,1.44170350378422,-0.928881823921703,1.07673420636914,-0.571815034596601,0.170999094928737,0.468935715182995,0,0,0,0,0,5.12478948166972e-13,0
433,85.9655,31.4564,7942.73726669287,3478.134148,754,-0.295143663255599,1.41760882002222,-0.926656356682033,1.07420728159226,-0.586712909920935,0.182708028782693,0.480275805756072,0,0,0,0,0,9.08162434143378e-14,0
434,86.7117,31.4595,8011.68202416425,3478.476915,777,-0.33158493462952,1.35378740485073,-0.924250072990808,1.0472234268818,-0.687503892111338,0.225488607057613,0.497868511111591,0,0,0,0,0,0,0
435,84.432,31.4656,7801.05033881513,3479.151392,709,-0.244521008415609,1.5170786325959,-0.91929152961309,1.13157005031459,-0.423343760711705,0.11186874609289,0.474781166899319,6.43929354282591e-15,0,0,0,0,1.45328358236441e-08,0
436,82.0495,31.4658,7580.92050140482,3479.173506,622,-0.216353243824992,1.45735656249896,-0.927792148765927,1.18386030592209,-0.376798677709969,0.100497633273324,0.521862605175225,6.79856171359461e-12,0,0,0,0,3.96740626351644e-07,0
437,85.8546,31.4886,7932.49071938172,3481.694502,754,-0.295889734492656,1.43108079901264,-0.926608507420106,1.07110009750175,-0.590039600975893,0.17909608616143,0.470638378588577,0,0,0,0,0,1.59428026336172e-13,0
438,90.7177,31.4888,8381.8142922296,3481.716616,780,-0.323344004510296,1.3356680097155,-0.923704861327774,1.01353840729104,-0.793801083482552,0.284904821712615,0.475487570009435,0,0,0,0,0,0,0
439,79.9472,31.4993,7386.67959597452,3482.877601,531,-0.227598708810788,1.28934094070924,-0.929453984803326,1.16674371156748,-0.429355313957184,0.140570097095754,0.630221109598525,7.13407111163633e-12,0,0,0,0,2.05484609550055e-07,0
440,88.0367,31.5084,8134.10470394123,3483.883788,799,-0.331738874575733,1.34489269450615,-0.925881547514423,1.03429164147598,-0.733481421401733,0.249223659143987,0.503090640131916,0,0,0,0,0,0,0
441,87.1865,31.5123,8055.5509210383,3484.315011,800,-0.335986835294282,1.33239426386062,-0.924493056601813,1.04496225386744,-0.700298655562451,0.240214735873115,0.51386944772492,0,0,0,0,0,0,0
442,93.2849,31.5214,8619.00938922844,3485.321198,789,-0.322069836740406,1.32052305160016,-0.899965519091342,1.00669081947408,-0.84252028237864,0.292277266014863,0.485433326028394,0,0,0,0,0,0,0
443,83.8457,31.5234,7746.87945794476,3485.542338,694,-0.22888434330359,1.56591310677994,-0.920718287750677,1.13710876267728,-0.415598859207152,0.10712178932094,0.462648983459967,5.37125899313651e-13,0,0,0,0,4.26550075260934e-08,0
444,86.1585,31.53,7960.56940042642,3486.2721,767,-0.296104568584662,1.41691765732763,-0.924628699410496,1.06990939725446,-0.604419257148278,0.184726989893002,0.479514147247574,0,0,0,0,0,3.77475828372553e-14,0
445,90.1571,31.5495,8330.01794937452,3488.428215,787,-0.342334099399,1.30753572899121,-0.925413412914703,1.01907184386697,-0.788842159704165,0.285567031930044,0.497253123547025,0,0,0,0,0,0,0
446,84.6808,31.5649,7824.03808427061,3490.130993,726,NA,NA,NA,NA,NA,NA,NA,NA,NA,NA,NA,NA,NA,NA
447,99.8344,31.5673,9224.14700522794,3490.396361,566,-0.419224699708989,1.19001185738056,-0.832893126938509,0.97512657632941,-0.827089384462228,0.58562073690234,0.603711975374947,0,0,0,0,0,0,0
448,94.3793,31.5721,8720.12590300046,3490.927097,779,-0.315391335769692,1.35459698601914,-0.886152061686467,1.0010465271037,-0.831895225426591,0.28997809757747,0.462363330669201,0,0,0,0,0,0,0
449,81.8968,31.5918,7566.811865026,3493.105326,622,-0.222881549173782,1.42462844867607,-0.929807366243965,1.21179215796695,-0.351489464943749,0.0923313662191524,0.53990952397993,1.16884280032536e-12,0,0,0,4.44089209850063e-16,7.69622976903861e-07,0
450,79.9575,31.5935,7387.63125907015,3493.293295,534,-0.224638696456708,1.29369979132713,-0.929646336466903,1.16662047111015,-0.428258560892085,0.138868246160406,0.627993081395775,1.07625020007163e-11,0,0,0,0,2.2156801993134e-07,0
451,98.526,31.6026,9103.25807374099,3494.299482,637,-0.412532499014108,1.19404537185576,-0.84378296605171,0.986784223404175,-0.863149377737568,0.515954689800019,0.572204705981977,0,0,0,0,0,0,0
452,83.4185,31.6113,7707.40853809515,3495.261441,682,-0.210709225792048,1.63378026662898,-0.921590157323137,1.15383665034272,-0.386655243133237,0.0917326297899672,0.44245770411374,7.48567874353512e-11,0,0,0,0,4.91639190247639e-07,0
453,85.3611,31.6126,7886.8940458195,3495.405182,750,-0.260508080253438,1.52856233743958,-0.925827399978435,1.08516543125136,-0.521090242108307,0.144276372165681,0.444206062422727,0,0,0,0,0,7.47839568049358e-11,0
454,96.2635,31.6194,8894.21557336709,3496.157058,756,-0.327447796267248,1.35830841535114,-0.857975656045153,0.99648063681662,-0.808926835683297,0.327432888675969,0.443209825497498,0,0,0,0,0,0,0
455,95.2383,31.621,8799.49275728606,3496.33397,778,-0.292724597562652,1.41705830441963,-0.873242805556042,0.998659283011383,-0.801152131693356,0.278269204191113,0.424690457548656,0,0,0,0,0,0,0
456,97.228,31.6362,8983.3300447972,3498.014634,718,-0.370389582512999,1.26950450883464,-0.847784269527359,0.995629230455172,-0.820766218464253,0.391815902005095,0.501132458211035,0,0,0,0,0,0,0
457,89.6656,31.6429,8284.60606476291,3498.755453,807,-0.361186166502949,1.29668785291012,-0.92952897885895,1.01956906159256,-0.798986477572341,0.294536874699237,0.510297436727036,0,0,0,0,0,0,0
458,79.5101,31.6466,7346.29397081941,3499.164562,516,-0.242709256791656,1.25943535508978,-0.934536859807326,1.15328325466785,-0.462090317133138,0.171348236847924,0.652717581723783,1.60760293965723e-12,0,0,0,0,5.32611983405928e-08,0
459,101.944,31.6608,9419.06239032795,3500.734656,444,-0.287594576303774,1.33492958628096,-0.786207126939071,0.9537846394466,-0.598581323238595,0.482750421377685,0.506642308838327,5.32907051820075e-15,0,0,0,0,1.11022302462516e-15,0
460,99.6788,31.6671,9209.77042487073,3501.431247,577,-0.414435274326215,1.19903319231846,-0.832017683229393,0.977542789707917,-0.8192565764006,0.56720755043345,0.591566471357321,0,0,0,0,0,0,0
461,81.8936,31.6681,7566.51620270503,3501.541817,624,-0.222469716721953,1.42679916157445,-0.929537710865433,1.2076603797762,-0.354707146846638,0.0947527485981618,0.538542768856239,1.16862075572044e-12,0,0,0,2.22044604925031e-16,5.94841858214679e-07,0
462,84.6235,31.6832,7818.74388083573,3503.211424,732,NA,NA,NA,NA,NA,NA,NA,NA,NA,NA,NA,NA,NA,NA
463,93.6843,31.6839,8655.91174266461,3503.288823,789,-0.341102515889312,1.29435241144747,-0.898547160390782,1.00376288914573,-0.85478061316711,0.310836695740094,0.495237575043149,0,0,0,0,0,0,0
464,82.5089,31.6842,7623.3665233592,3503.321994,641,-0.215538541039552,1.49018861263063,-0.924236176317651,1.19393973528442,-0.361756721132662,0.0939357728552217,0.50776553203461,5.92859095149834e-12,0,0,0,0,5.66732444085005e-07,0
465,80.7887,31.6869,7464.42954694232,3503.620533,582,-0.251344863052438,1.29422623244524,-0.9283934371921,1.19747354077692,-0.389072155021482,0.123588335706089,0.620153911001539,7.105427357601e-15,0,0,0,2.22044604925031e-16,1.68565030600476e-07,0
466,77.7837,31.6882,7186.78414865566,3503.764274,444,-0.214172707578804,1.28121030311449,-0.940339521233154,1.1501340489602,-0.436865442270432,0.142783330844847,0.649730050840149,2.39573516580549e-09,0,0,0,2.22044604925031e-16,2.49976668342811e-06,0
467,81.3156,31.6922,7513.11219597967,3504.206554,598,-0.242742616160612,1.34442218103968,-0.930176697966472,1.20699828815299,-0.369247215330605,0.110615659537704,0.583672190037721,3.37507799486048e-14,0,0,0,2.22044604925031e-16,2.73133065720188e-07,0
468,81.7457,31.6936,7552.85105980766,3504.361352,620,-0.226474048663878,1.40944027964713,-0.929440882797606,1.20918098660636,-0.357257837162843,0.0967718336370295,0.548028705829133,5.74873482150906e-13,0,0,0,2.22044604925031e-16,5.32235157058025e-07,0
469,90.4336,31.6962,8355.5650217959,3504.648834,799,-0.346473923216583,1.30994158465883,-0.928994312533107,1.01678648688196,-0.800739028097479,0.278754487922964,0.489456574215153,0,0,0,0,0,0,0
470,90.0453,31.7006,8319.6882470356,3505.135342,799,-0.362695801631378,1.28747649065528,-0.925382719549532,1.02127207099796,-0.801815478906243,0.284014517376661,0.508791252136061,0,0,0,0,0,0,0
471,79.5122,31.7018,7346.48799921755,3505.268026,517,-0.238571210099926,1.26485608210704,-0.935329561060521,1.1602401721112,-0.448430201449211,0.162419207224691,0.650880135659528,2.92343926844296e-12,0,0,0,0,9.38672535255591e-08,0
472,79.6113,31.7048,7355.64429172012,3505.599736,523,-0.224028014671878,1.27553682909829,-0.932109869018975,1.16907005814452,-0.4285897695362,0.146594971734492,0.644799714095807,2.75162115315197e-11,0,0,0,0,2.85166865232611e-07,0
473,90.3128,31.71,8344.40376917926,3506.1747,796,-0.35081156953454,1.30041362271715,-0.927404535337609,1.01798718937387,-0.799343252145802,0.282352150832197,0.497397522622435,0,0,0,0,0,0,0
474,88.928,31.7103,8216.45589977913,3506.207871,825,-0.35055997114953,1.3351422144905,-0.932098105359707,1.0244229696084,-0.772897165213119,0.267162525435692,0.496670728039847,0,0,0,0,0,0,0
475,78.7003,31.7164,7271.47292471874,3506.882348,489,-0.241693133046483,1.25191338580776,-0.934940520650682,1.14478209223515,-0.48375564306497,0.187994160333452,0.659580881439998,7.90212340007201e-12,0,0,0,0,4.75612798034319e-08,0
476,82.165,31.7165,7591.59206330236,3506.893405,633,-0.21464477960717,1.4564815521771,-0.927805895224076,1.20493350354563,-0.354997540648156,0.0918314324530531,0.524907528677404,4.53548310019869e-12,0,0,0,0,6.92011542513526e-07,0
477,102.701,31.717,9489.00500813261,3506.94869,402,-0.238266455057536,1.37798807202573,-0.713599938740508,0.94535546656517,-0.487676781853506,0.466385566934556,0.496692055339623,7.89383891586226e-10,0,0,0,7.05124847399929e-12,1.71660463621492e-11,0
478,97.1408,31.7175,8975.27324655075,3507.003975,724,-0.362561545542653,1.28177682469938,-0.84635397643565,0.995961446583048,-0.814964378412609,0.381262213175662,0.491934377407156,0,0,0,0,0,0,0
479,95.3618,31.7185,8810.90347498603,3507.114545,786,-0.291909402099189,1.41396829953773,-0.872866761938866,0.999108743207959,-0.802924561289373,0.279159029016283,0.424825737817082,0,0,0,0,0,0,0
480,93.2845,31.7349,8618.97243143832,3508.927893,802,-0.351269907621186,1.28089898436439,-0.904860082136309,1.00751302090329,-0.861871817458301,0.305784456791733,0.505991827621432,0,0,0,0,0,0,0
481,86.5118,31.7455,7993.2123685511,3510.099935,792,-0.309365330707681,1.40781047870286,-0.928633466558946,1.05555112432611,-0.638578786155431,0.194820953925678,0.473743812045717,0,0,0,0,0,2.66453525910038e-15,0
482,95.4568,31.7488,8819.68095013985,3510.464816,780,-0.298178229984675,1.41131100315402,-0.87266511846494,0.998606122798352,-0.801434501699271,0.281036352512841,0.423989227949716,0,0,0,0,0,0,0
483,95.3707,31.7493,8811.72578581623,3510.520101,789,-0.29562073128189,1.40983987053385,-0.873457004060428,0.999242840619489,-0.804282004495107,0.278179262464126,0.425819856521358,0,0,0,0,0,0,0
484,100.636,31.759,9298.21041663113,3511.59263,526,-0.41479518930567,1.19809223085328,-0.836248335255912,0.969109366755542,-0.806191442260751,0.586306317548762,0.602102813958975,0,0,0,0,0,0,0
485,82.9827,31.7712,7667.14302575794,3512.941584,670,-0.214455715358193,1.55721363176115,-0.916676251717332,1.18061818677909,-0.36821686960226,0.0930596758794372,0.47512895808264,1.15201181927205e-11,0,0,0,0,4.4781369612501e-07,0
486,101.904,31.7767,9415.36661131582,3513.549719,450,-0.281224789492265,1.35454250629153,-0.784980983020604,0.954518801980185,-0.591543357374434,0.469344279151021,0.494087562780142,1.35447209004269e-14,0,0,0,0,2.22044604925031e-15,0
487,103.124,31.7775,9528.08787118594,3513.638175,365,-0.249860740659731,1.31414109242518,-0.677530423461167,0.945915235458406,-0.474163626102773,0.523568058413312,0.531913768665497,1.70436109669936e-09,0,0,0,3.77721587341284e-09,1.99740224360312e-11,0
488,82.3762,31.7825,7611.10577648644,3514.191025,640,-0.215780223216406,1.47702655473359,-0.924980950115264,1.2032537127126,-0.353770483883054,0.0914368986643029,0.515053483029879,4.05075972764735e-12,0,0,0,0,6.98840597612715e-07,0
489,89.924,31.7834,8308.4807971813,3514.290538,809,-0.369272267769875,1.2797425672752,-0.925624577324197,1.02194459133552,-0.806646102380546,0.287870678139242,0.515705415864801,0,0,0,0,0,0,0
490,83.8303,31.7939,7745.45658302508,3515.451523,705,-0.228274652150606,1.55687275848216,-0.919030053602486,1.14245766178436,-0.407709648349347,0.105732599025205,0.464862317233441,3.5704772471945e-13,0,0,0,0,4.04962254840768e-08,0
491,86.4145,31.796,7984.22238610408,3515.68372,791,-0.303083805230964,1.41845306044913,-0.930293864902418,1.05855902377901,-0.626361936046678,0.189628027073785,0.467659844294743,0,0,0,0,0,5.55111512312578e-15,0
492,79.0022,31.7985,7299.36681681283,3515.960145,505,-0.233737448539877,1.26611447285684,-0.934793897704897,1.1502243806554,-0.47278039126556,0.178203816007979,0.65171879920958,1.17827969603468e-11,0,0,0,0,4.63973044428911e-08,0
493,103.174,31.7991,9532.70759495111,3516.026487,361,-0.270090167799663,1.2699230513043,-0.676310904756788,0.950052261197675,-0.515108426606214,0.569322161566678,0.554149491037466,1.64704916372216e-10,0,0,0,4.88099116680019e-10,1.70263803056514e-12,0
494,83.7023,31.8051,7733.63009018625,3516.689907,706,-0.22737291650802,1.56418598533133,-0.919904246446042,1.14747990705172,-0.402575959029491,0.10201812325171,0.463389906245891,5.57109913756904e-13,0,0,0,0,5.78318575250591e-08,0
495,81.7848,31.8076,7556.46368379202,3516.966332,625,-0.224739353027944,1.42089679398582,-0.92960419769258,1.20976340108268,-0.354299905100762,0.095408922237772,0.541371510674779,7.44293515708705e-13,0,0,0,2.22044604925031e-16,5.51389331526764e-07,0
496,82.7435,31.8082,7645.04226726537,3517.032674,655,-0.217685029939734,1.52686924742574,-0.922116013572081,1.19308999948388,-0.358759743019875,0.08984553245084,0.488502045484997,4.74442707343314e-12,0,0,0,0,5.70886549144944e-07,0
497,94.2456,31.8088,8707.7727616524,3517.099016,800,-0.352698060920321,1.29836213889313,-0.892691089999241,1.00354775711917,-0.856278806343335,0.304262433497971,0.491920078875613,0,0,0,0,0,0,0
498,96.2836,31.818,8896.07270232069,3518.11626,764,-0.331237843869596,1.35943508618966,-0.860616383095063,0.997627620910801,-0.809312381514636,0.318918740444941,0.440928624003706,0,0,0,0,0,0,0
499,91.6384,31.8189,8466.88188564142,3518.215773,805,-0.370730936021342,1.25105860930432,-0.928145314658165,1.01074736045317,-0.84106180205521,0.31513495714542,0.506112818704671,0,0,0,0,0,0,0
500,95.0948,31.8197,8786.23415008003,3518.304229,794,-0.31674112674996,1.37350292885504,-0.874660063751086,1.00135852177443,-0.821948559591659,0.287206416141149,0.445711104681007,0,0,0,0,0,0,0
501,86.1386,31.8197,7958.73075036788,3518.304229,783,-0.293325130586428,1.4396055810156,-0.929886704540725,1.06993791246507,-0.587780890147241,0.169761937773217,0.462938847043846,0,0,0,0,0,1.27009514017118e-13,0
502,92.6812,31.8211,8563.23084448779,3518.459027,811,-0.351840052658604,1.2742189676443,-0.913448554995794,1.00872582757373,-0.85320567123501,0.311630348232344,0.502760684426233,0,0,0,0,0,0,0
503,97.8553,31.8229,9041.28909915501,3518.658053,699,-0.382459619519963,1.25634127747982,-0.850470570158647,0.993812704361997,-0.820337251172235,0.402017410173465,0.508992351647659,0,0,0,0,0,0,0
504,91.4996,31.824,8454.05753246931,3518.77968,809,-0.370130963386173,1.25250246603215,-0.927589656935751,1.01048263306674,-0.83560909645591,0.317107504435433,0.506940168498318,0,0,0,0,0,0,0
505,101.42,31.8269,9370.64768526898,3519.100333,492,-0.360223347117087,1.24254958875559,-0.815164288805908,0.960874792898414,-0.721824988917735,0.557128260400264,0.564771363051988,0,0,0,0,0,0,0
506,93.2102,31.8351,8612.10752192328,3520.007007,811,-0.375575622984894,1.25686963020795,-0.909406515425888,1.00794340213416,-0.870151682169405,0.311981290838591,0.513318153832349,0,0,0,0,0,0,0
507,99.3834,31.8405,9182.47709686611,3520.604085,598,-0.427951584874135,1.1844293414437,-0.841366366826825,0.978790748418091,-0.848399447831271,0.577705709123811,0.588159335016557,0,0,0,0,0,0,0
508,103.383,31.8422,9552.01804028952,3520.792054,352,-0.271878467001414,1.24440057312075,-0.650663217024051,0.952982350417086,-0.513785019778633,0.590158968550406,0.557236176890217,4.78521666735787e-10,0,0,0,1.21187371249221e-09,1.36224365121507e-12,0
509,94.3549,31.8428,8717.87147780306,3520.858396,807,-0.354534429293571,1.29992791268099,-0.89220606592583,1.00331420988224,-0.857001412432369,0.301536204157133,0.490652095024337,0,0,0,0,0,0,0
510,95.0054,31.8463,8777.9740839879,3521.245391,799,-0.336726459237014,1.33974089993324,-0.874594124055889,1.00358045517307,-0.839061427396983,0.291225996785489,0.458394677596689,0,0,0,0,0,0,0
511,91.9722,31.8473,8497.72316149769,3521.355961,813,-0.359348960584297,1.2619603283908,-0.924349015711956,1.01042582986742,-0.84210474040952,0.314808367397305,0.502359231976209,0,0,0,0,0,0,0
512,83.297,31.8528,7696.18260934579,3521.964096,682,-0.204894661019934,1.61290117815866,-0.914728651315958,1.1769905802798,-0.36786942086132,0.0870840654463879,0.455054211870162,8.1325834955237e-11,0,0,0,0,8.13580608882702e-07,0
513,92.6574,31.8568,8561.03185597557,3522.406376,813,-0.354775024558959,1.26759776798402,-0.914837622632398,1.00852403139838,-0.855707588585384,0.313210678552743,0.505326118487206,0,0,0,0,0,0,0
514,93.8592,31.8606,8672.07153639517,3522.826542,804,-0.35227161980846,1.28607007581286,-0.89709821447151,1.003829760949,-0.858230393087545,0.31174578526955,0.499325785732108,0,0,0,0,0,0,0
515,86.4884,31.8649,7991.050337829,3523.301993,801,-0.306270751143146,1.40986124708474,-0.931348277319597,1.05668128854957,-0.634324353701246,0.194288409343478,0.473097344649022,0,0,0,0,0,1.55431223447522e-15,0
516,79.0807,31.8668,7306.61978312414,3523.512076,512,-0.235256898601789,1.26455121835506,-0.934119302971616,1.15395540411834,-0.469501443340609,0.177062277805181,0.65164191541933,7.26529947314702e-12,0,0,0,0,4.16014418469501e-08,0
517,92.8467,31.8698,8578.5221301505,3523.843786,812,-0.353883805641604,1.27107875475447,-0.91320356318731,1.00821935207203,-0.86093325534288,0.306553555862749,0.504795914884702,0,0,0,0,0,0,0
518,80.1958,31.8743,7409.64886253494,3524.341351,553,-0.223714151100479,1.29885069514066,-0.931902910988902,1.1812589000453,-0.406519338780729,0.127475474779294,0.6232601929755,6.59472476627343e-12,0,0,0,0,3.42868576641564e-07,0
519,88.1275,31.8872,8142.49412229878,3525.767704,832,-0.347901465896111,1.29923379764915,-0.926316574792596,1.03398798925933,-0.757446571490775,0.265763284169494,0.525018182703378,0,0,0,0,0,0,0
520,96.2014,31.8943,8888.47787645075,3526.552751,778,-0.321363600014691,1.37710228837056,-0.86152836289154,0.998119138905484,-0.808365746581047,0.305304835346305,0.433435772569048,0,0,0,0,0,0,0
521,90.4703,31.9003,8358.95589903954,3527.216171,811,-0.370670912254165,1.27296100826913,-0.930288070079129,1.01613027471168,-0.818958701196222,0.295191050319218,0.505256159049809,0,0,0,0,0,0,0
522,87.0798,31.9046,8045.69243052343,3527.691622,820,-0.341461566529445,1.33043932192447,-0.927505355227222,1.04386628342778,-0.71061144839799,0.235044876568392,0.512328462152091,0,0,0,0,0,0,0
523,82.0778,31.9109,7583.53526505591,3528.388213,635,-0.218226679362889,1.44876487937011,-0.928533230532709,1.21207805125411,-0.348745261069443,0.0902726396483872,0.527461038548719,2.06124006751907e-12,0,0,0,2.22044604925031e-16,7.35826886089086e-07,0
524,91.8855,31.9154,8489.71256048889,3528.885778,817,-0.380961733500576,1.23979929258752,-0.928028220849682,1.01108954482594,-0.851768266099941,0.319641242537602,0.512764720603989,0,0,0,0,0,0,0
525,82.1,31.9323,7585.58642240764,3530.754411,636,-0.216943586968748,1.45416139872106,-0.928621253528218,1.21176274540829,-0.348455967438779,0.0895870931351459,0.525140151338042,2.62811994389267e-12,0,0,0,2.22044604925031e-16,7.69853912174767e-07,0
526,102.118,31.9342,9435.13902903074,3530.964494,444,-0.273686821570834,1.38122090650642,-0.784738683902883,0.954861930171111,-0.599577850592054,0.433816490003626,0.484718465008531,1.72972747236599e-13,0,0,0,0,1.56319401867222e-13,0
527,103.284,31.9361,9542.87098723448,3531.174577,363,-0.263621545817412,1.2861167249206,-0.67846247902591,0.947572746038896,-0.512521757904124,0.549189088527846,0.541356421727261,3.97705424148853e-10,0,0,0,3.12489589759934e-10,5.38435962482708e-12,0
528,101.152,31.944,9345.88596588767,3532.04808,509,-0.392269481883693,1.21468626592585,-0.828771308900156,0.964233919163108,-0.771543862279577,0.577123102925299,0.586550383422937,0,0,0,0,0,0,0
529,93.7594,31.9613,8662.85056775989,3533.960941,806,-0.361472615629225,1.2691182225475,-0.901524372479734,1.00423463096437,-0.865716678797302,0.31888005870958,0.50603591231187,0,0,0,0,0,0,0
530,79.5039,31.9845,7345.72112507253,3536.526165,529,-0.229695231084738,1.28132282383437,-0.93408238983107,1.15306939202194,-0.459307951505208,0.163731683000763,0.637489450437976,9.03410679597982e-12,0,0,0,0,5.38218587475825e-08,0
531,78.0124,31.9853,7207.91476515754,3536.614621,469,NA,NA,NA,NA,NA,NA,NA,NA,NA,NA,NA,NA,NA,NA
532,79.7391,31.9986,7367.45230566389,3538.085202,540,-0.227144174334406,1.28454474369673,-0.933243617384752,1.17430214982265,-0.420769617476415,0.141175786527911,0.635730310126383,8.09108335886322e-12,0,0,0,0,2.19980445415047e-07,0
533,78.7585,32.0028,7276.85028318139,3538.549596,501,-0.222475397655961,1.28182067755444,-0.937214287860762,1.16645214227205,-0.440707102122829,0.153888404358922,0.644419495224602,6.79909462064643e-11,0,0,0,0,2.14644945817355e-07,0
534,78.5682,32.0033,7259.26761453116,3538.604881,497,-0.216353247094873,1.29163994869853,-0.938317702237425,1.17446937049241,-0.421210416351142,0.139854014848702,0.639655276667789,1.72874159432013e-10,0,0,0,0,5.66177720262573e-07,0
535,100.168,32.0148,9254.96980218915,3539.876436,565,-0.41168718097897,1.20254411220952,-0.838269577588687,0.977725349115504,-0.824280805575011,0.550405021414689,0.591242279365383,0,0,0,0,0,0,0
536,103.467,32.031,9559.779176215,3541.66767,353,-0.245880838539218,1.32060744717898,-0.675972274617104,0.947838044588257,-0.525022514131958,0.509130756682794,0.529626758876711,9.09483577338221e-09,0,0,0,2.38325803536554e-10,4.7823323079399e-10,0
537,81.864,32.0325,7563.78132623605,3541.833525,632,-0.216284558204929,1.42928261033759,-0.930324272442433,1.22279513111777,-0.339731140857034,0.0880778757176941,0.537840038274117,2.50355292052973e-12,0,0,0,2.44249065417534e-15,1.11494903309861e-06,0
538,85.7726,32.034,7924.91437240684,3541.99938,780,-0.277373554082624,1.48234717139726,-0.931425354651438,1.08071113380097,-0.555310802869681,0.151224681215593,0.450342806638644,0,0,0,0,0,2.2912782782214e-12,0
539,99.1061,32.0381,9156.85610886448,3542.452717,632,-0.436608302279771,1.20214064193605,-0.851394915004315,0.984063388335729,-0.850507326416204,0.509681720282948,0.558710754513652,0,0,0,0,0,0,0
540,82.5357,32.0478,7625.84269529733,3543.525246,656,-0.206248122167171,1.51767248962453,-0.925123962566742,1.23199728417538,-0.320883213824186,0.0740465474581666,0.495906672001806,1.81037407287477e-11,0,0,0,1.17683640610267e-14,3.2537976810687e-06,0
541,95.4314,32.0501,8817.33413046715,3543.779557,800,-0.326094503922325,1.369942039393,-0.874943809839185,1.0023705772443,-0.82200665942792,0.281532410723972,0.440319158613643,0,0,0,0,0,0,0
542,101.276,32.0536,9357.34288082529,3544.166552,507,-0.386302887957533,1.22138724601269,-0.830957503043935,0.964635366717058,-0.770624902044786,0.561707913213452,0.578006364684204,0,0,0,0,0,0,0
543,96.899,32.0559,8952.93226242239,3544.420863,756,-0.334892660097578,1.33215654666005,-0.853487629807796,0.99772965190132,-0.802617270246028,0.335580853202987,0.456170429541642,0,0,0,0,0,0,0
544,96.8065,32.0704,8944.38577345683,3546.024128,765,-0.333973171596424,1.3366238089846,-0.854809042112869,0.998563481554929,-0.803328326144444,0.326519591279777,0.45372035405812,0,0,0,0,0,0,0
545,90.0439,32.0862,8319.55889477018,3547.771134,823,-0.410772005823811,1.23784497465743,-0.92853190901263,1.02108854385709,-0.833576766417675,0.291496479071101,0.531520957258531,0,0,0,0,0,0,0
546,86.1211,32.0877,7957.11384705007,3547.936989,801,-0.291500095176485,1.44459391552309,-0.931517866104994,1.06972311940286,-0.585149750210195,0.16424042461342,0.460861222782838,0,0,0,0,0,1.68975944347949e-13,0
547,76.8711,32.0916,7102.46495049379,3548.368212,442,NA,NA,NA,NA,NA,NA,NA,NA,NA,NA,NA,NA,NA,NA
548,95.3413,32.1134,8809.00938824231,3550.778638,810,-0.349851946689833,1.33332964569214,-0.875471442934609,1.00424556408201,-0.838343475492271,0.286604064589391,0.453827608864385,0,0,0,0,0,0,0
549,98.299,32.1363,9082.28452784712,3553.310691,687,-0.389982229388686,1.25471794894978,-0.848044581693745,0.990266002158615,-0.811047719658447,0.422092765709689,0.504967607174719,0,0,0,0,0,0,0
550,95.9288,32.1499,8863.29114248305,3554.814443,803,-0.33013984467427,1.37227474914667,-0.869444875135111,1.00059945966746,-0.821315757599678,0.285297520909564,0.433568222307469,0,0,0,0,0,0,0
551,80.0766,32.1526,7398.63544107878,3555.112982,557,-0.22463442062817,1.27834726699614,-0.928750627565899,1.19161991160903,-0.398992899531654,0.1314675109896,0.636299395165405,7.86259946039536e-12,0,0,0,2.22044604925031e-16,3.9703486631737e-07,0
552,76.6389,32.1537,7081.01095332835,3555.234609,445,NA,NA,NA,NA,NA,NA,NA,NA,NA,NA,NA,NA,NA,NA
553,86.4287,32.1626,7985.53438765339,3556.218682,811,-0.310333743154198,1.38980212075741,-0.931111884311352,1.05811776289935,-0.631154204701927,0.192889025031961,0.481787845970762,0,0,0,0,0,1.33226762955019e-15,0
554,78.3153,32.1751,7235.90105172693,3557.600807,495,NA,NA,NA,NA,NA,NA,NA,NA,NA,NA,NA,NA,NA,NA
555,99.151,32.1857,9161.00462080561,3558.772849,633,-0.431816705955628,1.2090470595405,-0.853207896717849,0.984282696931213,-0.842174288927413,0.497199082025722,0.551422216784738,0,0,0,0,0,0,0
556,80.3808,32.1889,7426.74184046607,3559.126673,571,-0.223804646928335,1.31314857951541,-0.929253802910594,1.18391836985823,-0.400825402548842,0.12525432405046,0.610672129860828,3.64441810063454e-12,0,0,0,0,2.58611256187535e-07,0
557,101.807,32.2084,9406.40434721139,3561.282788,477,-0.374629663188242,1.22379129193216,-0.82467623491364,0.965137561484177,-0.779211128574953,0.557392634479692,0.573407117409448,0,0,0,0,0,0,0
558,78.9531,32.2086,7294.83024807543,3561.304902,514,-0.220259332117357,1.28577513636498,-0.936865788813152,1.17479403543594,-0.432197569989962,0.148347412485254,0.641979549515189,5.06801267619039e-11,0,0,0,0,1.97916526722963e-07,0
559,84.6776,32.2108,7823.74242194964,3561.548156,754,NA,NA,NA,NA,NA,NA,NA,NA,NA,NA,NA,NA,NA,NA
560,93.9367,32.2225,8679.23210823118,3562.841825,821,-0.36213080951143,1.26554503877715,-0.901655205124977,1.00498021132081,-0.870169992944306,0.317769532738685,0.511561750209116,0,0,0,0,0,0,0
561,100.788,32.2398,9312.25437687724,3564.754686,542,-0.417183045494329,1.20989394228892,-0.846807911182669,0.973989744346995,-0.827232010426691,0.541000912762524,0.587410895698476,0,0,0,0,0,0,0
562,76.3802,32.2518,7057.10850256736,3566.081526,438,0.573722526352624,0.126650765092053,-0.701082966851322,0.996602160466953,0.100170709609028,1.11693886988882,-0.308903078999971,0,0.00338055764331302,0,0,0.054886712499171,0,1.85246272077499e-06
563,91.2078,32.2574,8427.09682457578,3566.700718,835,-0.415505028326333,1.21429913368308,-0.93180927536433,1.01292565538889,-0.857996276110669,0.315511401356269,0.527488520350109,0,0,0,0,0,0,0
564,77.439,32.259,7154.93577301858,3566.87763,469,0.468002562049132,-0.724791812203882,-0.938510921669879,1.31418682905176,-0.0302246490532473,0.16654415623233,-1.15465527732366,0,0,0,0,0.594220069549937,0.00768955133595206,0
565,91.6701,32.2665,8469.81079050854,3567.706905,839,-0.41833162245322,1.20947277366571,-0.9317404121657,1.01193049481504,-0.861991284370899,0.319500005463939,0.530151798288743,0,0,0,0,0,0,0
566,102.974,32.2762,9514.22869989043,3568.779434,408,-0.282085624215733,1.32715522668867,-0.755085078362284,0.957616177876527,-0.628882322245302,0.497873375669591,0.513634676895911,5.6443738571943e-13,0,0,0,0,1.47215573065296e-13,0
567,93.7858,32.2825,8665.2897819079,3569.476025,822,-0.368061043227018,1.25293241651913,-0.90366407052228,1.00733951036458,-0.878001341502391,0.320487901642856,0.51835267525307,0,0,0,0,0,0,0
568,86.7922,32.2951,8019.11977942617,3570.869207,832,-0.326751705306218,1.33541569366325,-0.924315380262475,1.0488024267441,-0.700247643765822,0.223831036135744,0.508807734118968,0,0,0,0,0,0,0
569,78.1185,32.3041,7217.71781898723,3571.864337,492,-0.517171102792886,0.830629431173071,-0.92563009551275,1.21950756753269,-46.6400592470471,46.393648847126,0.998988804867474,NA,NA,NA,NA,NA,NA,NA
570,93.87,32.3057,8673.06939672845,3572.041249,831,-0.387142801883098,1.23821867081794,-0.905580231398214,1.00603880997808,-0.88718775944639,0.325547090993948,0.525075606605173,0,0,0,0,0,0,0
571,99.7951,32.3348,9220.51590234852,3575.258836,598,-0.423300230911136,1.19964280271321,-0.851946298322306,0.981893009734845,-0.849240051866597,0.529098501184551,0.578286329844549,0,0,0,0,0,0,0
572,78.6191,32.3352,7263.9704933241,3575.303064,518,NA,NA,NA,NA,NA,NA,NA,NA,NA,NA,NA,NA,NA,NA
573,84.0875,32.3352,7769.22044207312,3575.303064,731,-0.233279932154467,1.54645274881598,-0.913295324433967,1.15430028314146,-0.383390069119488,0.0992846232361215,0.461564076237181,5.10702591327572e-14,0,0,0,0,5.32000663522325e-08,0
574,79.1466,32.3423,7312.70857904664,3576.088111,525,-0.211706601443876,1.30144657096677,-0.9372777311148,1.18007010928528,-0.422052108056542,0.139666600126538,0.633603449496459,1.22271526237228e-10,0,0,0,0,2.67726089742126e-07,0
575,90.2548,32.3577,8339.04488961166,3577.790889,840,-0.432317199923158,1.20276996516875,-0.930834203457543,1.01910149422906,-0.860099153733622,0.317329508988146,0.546448543187995,0,0,0,0,0,0,0
576,79.4694,32.3579,7342.53351567457,3577.813003,535,-0.225157295801001,1.27911556724155,-0.935762321287698,1.16869727963121,-0.44414256850465,0.155410325047409,0.641259625578182,1.37945210809676e-11,0,0,0,0,7.7770574424818e-08,0
577,97.7971,32.3596,9035.91174069236,3578.000972,725,-0.363036576626644,1.28242484257966,-0.850074662774835,0.993684590592619,-0.813578915208025,0.385814639270291,0.485356723997516,0,0,0,0,0,0,0
578,103.728,32.3655,9583.89413426919,3578.653335,342,-0.231373634305633,1.36567820002565,-0.669157286192786,0.955233027643685,-0.598605891958264,0.466332503492197,0.501023196197008,1.7600129598172e-07,0,0,0,2.16715534406831e-13,2.86329653320649e-08,0
579,89.7371,32.3713,8291.2122697471,3579.294641,847,-0.42714806035095,1.20939532029353,-0.929274213080031,1.02295199174788,-0.849749814946834,0.300525345485524,0.547778507377985,0,0,0,0,0,0,0
580,77.7882,32.3718,7187.19992379452,3579.349926,490,0.467413746774719,-0.73584581041394,-0.934606734176847,1.30385167872819,0.0025037226675739,0.205638947830534,-1.13396424930645,0,0,0,0,0.972344914163995,0.00931002363118627,0
581,86.4202,32.3742,7984.74903461331,3579.615294,827,-0.311188927825515,1.37665570929944,-0.931358274390133,1.05717255107649,-0.63808739874576,0.197106180529725,0.487506887304385,0,0,0,0,0,4.44089209850063e-16,0
582,97.2561,32.3818,8985.92632955323,3580.455626,760,-0.353839119394813,1.30485012896477,-0.855483383576406,0.997332122786704,-0.816070710030524,0.347207336248156,0.468521148563394,0,0,0,0,0,0,0
583,78.1382,32.4063,7219.5379901507,3583.164591,498,NA,NA,NA,NA,NA,NA,NA,NA,NA,NA,NA,NA,NA,NA
584,97.0834,32.4162,8969.96980366833,3584.259234,771,-0.360943863227991,1.29950767106591,-0.859410723877086,0.999132233844019,-0.82674606980691,0.338779954049755,0.469072805077953,0,0,0,0,0,0,0
585,76.495,32.4187,7067.71538833219,3584.535659,450,0.570540814504675,0.12268522714508,-0.701027986613919,0.996114171957371,0.103350109919252,1.12425608751463,-0.308728967518414,0,0.0037924168307033,0,0,0.0497217676557911,0,1.56532927331199e-06
586,96.3888,32.4224,8905.79260112261,3584.944768,809,-0.363977669289312,1.3147147722773,-0.869880122724126,1.00302410533456,-0.837117789259907,0.305491368005826,0.459614001604497,0,0,0,0,0,0,0
587,95.9862,32.425,8868.59458536546,3585.23225,824,-0.375862003385673,1.3096871163022,-0.877549473398549,1.00316640792285,-0.85219749854994,0.295610913863951,0.462577941735398,0,0,0,0,0,0,0
588,101.196,32.4272,9349.95132280102,3585.475504,527,-0.417942401278463,1.20325310625568,-0.843380608701113,0.975438474688654,-0.843082736548649,0.542614109744789,0.58625723322345,0,0,0,0,0,0,0
589,92.0528,32.4357,8505.17015620714,3586.415349,857,-0.445028900919754,1.18397033547568,-0.933417878496818,1.01207449573217,-0.887643482677701,0.333128397249368,0.545048705747352,0,0,0,0,0,0,0
590,90.5304,32.4358,8364.50880700527,3586.426406,845,-0.430918300802833,1.20036168725857,-0.932415489770391,1.01815280274756,-0.861628927291445,0.315283573103542,0.546163282526162,0,0,0,0,0,0,0
591,91.312,32.4469,8436.7243289024,3587.653733,851,-0.447693216707389,1.18682481526796,-0.934127173502618,1.01316906724524,-0.878872039149521,0.321063364484588,0.544306599750254,0,0,0,0,0,0,0
592,89.2158,32.4469,8243.04702977145,3587.653733,871,-0.4279815770676,1.20709160379666,-0.934306336259231,1.02415613123457,-0.836037182571188,0.321602516455159,0.56234221253255,0,0,0,0,0,0,0
593,77.2137,32.4519,7134.11929773273,3588.206583,473,0.466616854525696,-0.73049192400485,-0.93905856119165,1.29262535811622,-0.0252096039608114,0.179072945107604,-1.14026737410809,0,0,0,0,0.701646879346446,0.0115050641392132,0
594,98.4929,32.4522,9100.19981660845,3588.239754,682,-0.40357106324803,1.26669798783319,-0.85370069417698,0.98943491674616,-0.812676911568752,0.410861328989698,0.486342830659362,0,0,0,0,0,0,0
595,78.2055,32.4542,7225.75613833862,3588.460894,504,NA,NA,NA,NA,NA,NA,NA,NA,NA,NA,NA,NA,NA,NA
596,84.2311,32.4697,7782.48828872668,3590.174729,745,-0.231507687765677,1.565836610661,-0.913055683504294,1.16206598047375,-0.367445847152839,0.0875765331035912,0.455584149227529,5.59552404411079e-14,0,0,0,0,1.46941129486322e-07,0
597,86.1414,32.4734,7958.98945489873,3590.583838,820,-0.300214404273691,1.41172165094609,-0.929916747643314,1.06904394564243,-0.594975195738643,0.171782100261815,0.474001677114775,0,0,0,0,0,2.44249065417534e-14,0
598,91.5437,32.4786,8458.13212883019,3591.158802,856,-0.445591345594854,1.18748368731542,-0.934110001257821,1.0133364986212,-0.882655350575935,0.319598217794559,0.544098409878272,0,0,0,0,0,0,0
599,89.2655,32.4837,8247.63903519403,3591.722709,871,-0.437774996581085,1.20106965040785,-0.935653240569261,1.02334226698997,-0.842019418027314,0.321413133416678,0.563286483037507,0,0,0,0,0,0,0
600,80.6396,32.4853,7450.65353067459,3591.899621,591,-0.227024707500454,1.3001548356751,-0.923972576309697,1.17800373929634,-0.414053337653323,0.138107056694415,0.614388824373581,1.44395606582748e-12,0,0,0,0,8.2886837171614e-08,0
601,90.8681,32.513,8395.71042131523,3594.96241,855,-0.444046896756822,1.18726622315203,-0.93435698826166,1.01541410814195,-0.869449737371779,0.324203214918687,0.555322461952204,0,0,0,0,0,0,0
602,89.4816,32.5131,8267.60548130709,3594.973467,864,-0.438434943280619,1.1960687986958,-0.933401692472426,1.02336580120808,-0.852373604784018,0.311473359776578,0.560191054544119,0,0,0,0,0,0,0
603,87.8216,32.5205,8114.23065230347,3595.791685,851,-0.364317129857261,1.25862201679682,-0.926042235135145,1.03527685682881,-0.773540703196583,0.281053121589314,0.548376222852379,0,0,0,0,0,0,0
604,101.973,32.5321,9421.74183011175,3597.074297,473,-0.398446891668305,1.20483042065494,-0.834057369310919,0.971222368263918,-0.842173405869491,0.545383250486493,0.590089554282517,0,0,0,0,0,0,0
605,100.585,32.5362,9293.49829839065,3597.527634,566,-0.409894656551051,1.20942162153797,-0.851169884399901,0.980567389547487,-0.846108344730081,0.529820463602958,0.568521615800808,0,0,0,0,0,0,0
606,78.3602,32.5393,7240.04956366806,3597.870401,518,NA,NA,NA,NA,NA,NA,NA,NA,NA,NA,NA,NA,NA,NA
607,97.0084,32.5393,8963.04021802058,3597.870401,784,-0.385939110192126,1.27903428493166,-0.866444348645252,1.00043057835425,-0.840905108897165,0.334560962620154,0.479243908659077,0,0,0,0,0,0,0
608,95.2044,32.5461,8796.36058457328,3598.622277,837,-0.392926765333635,1.28035722817073,-0.892168098698087,1.00410520875936,-0.869808312189427,0.307121195458627,0.483889687819417,0,0,0,0,0,0,0
609,102.463,32.5595,9467.01512301041,3600.103915,454,-0.362865710911512,1.23502100360668,-0.819515027022091,0.968453691864616,-0.796569539959463,0.524949876322364,0.564598716570462,0,0,0,0,0,0,0
610,102.805,32.5619,9498.61403356416,3600.369283,425,-0.333310091401663,1.27838958046362,-0.795548749398237,0.963323873356542,-0.720369771077743,0.504318126739481,0.541767117320802,0,0,0,0,0,1.11022302462516e-15,0
611,95.7871,32.5632,8850.19884533256,3600.513024,833,-0.387662445263646,1.30021952015523,-0.880199376584371,1.00462113196242,-0.854383651131247,0.298364703285481,0.464681458381422,0,0,0,0,0,0,0
612,82.3552,32.5682,7609.16549250507,3601.065874,659,-0.214946892020501,1.4673047428242,-0.930502110006329,1.22789167954488,-0.326918866475663,0.0798488185596622,0.51651230534731,2.05990779988952e-12,0,0,0,4.44089209850063e-15,1.53448473616535e-06,0
613,98.6213,32.5774,9112.0632672374,3602.083118,683,-0.409104805110599,1.25855265541994,-0.848526852942805,0.991510530870876,-0.826996990827191,0.414131728110205,0.491186070216403,0,0,0,0,0,0,0
614,76.435,32.5802,7062.17171981399,3602.392714,456,0.568423701377852,0.134860110197154,-0.688732523940979,0.995272810550522,0.0918656878382798,1.12063729233485,-0.2910861757389,0,0.00133602297037272,0,0,0.0604576360280373,0,4.79033362998926e-06
615,88.169,32.5835,8146.32849302387,3602.757595,869,-0.393552205857531,1.22926572135426,-0.928679341869455,1.03243199537553,-0.793486529792817,0.293569296092191,0.561447440146983,0,0,0,0,0,0,0
616,77.8247,32.5836,7190.5723221431,3602.768652,496,0.455289615926498,-0.722100892397704,-0.936333842740662,1.31816931953591,-0.0340026699837756,0.165465766971482,-1.15489196545656,0,0,0,0,0.546687748491718,0.00718816980075032,0
617,91.8168,32.5919,8483.36506003554,3603.686383,873,-0.468973176980703,1.16976986311609,-0.9338516260078,1.01333654530994,-0.900425981386425,0.329970224727068,0.55786911415733,0,0,0,0,0,0,0
618,91.5539,32.6074,8459.07455247829,3605.400218,871,-0.471621634442913,1.16544694928444,-0.936030522048183,1.01309569507126,-0.900276604296608,0.328482784047369,0.561359410371696,0,0,0,0,0,0,0
619,90.4453,32.6099,8356.64603715696,3605.676643,861,-0.464991287742732,1.17117393272555,-0.931543156010271,1.01933530403768,-0.880778549406974,0.324438901557232,0.569276655165237,0,0,0,0,0,0,0
620,102.535,32.6101,9473.66752523225,3605.698757,451,-0.366956874566514,1.23020072280903,-0.820454085134003,0.969109955160924,-0.802721376655633,0.527924789062787,0.568256865431159,0,0,0,0,0,0,0
621,87.2436,32.6213,8060.82664557812,3606.937141,838,-0.359287373787754,1.27037326962625,-0.921393131718097,1.04598371517479,-0.738212538652535,0.25774189708431,0.545793751923461,0,0,0,0,0,0,0
622,96.6256,32.624,8927.67161287445,3607.23568,816,-0.395018244283948,1.27816743745606,-0.871974313849045,1.00346848939761,-0.848615719654846,0.315278436160855,0.480135759678505,0,0,0,0,0,0,0
623,85.6647,32.6562,7914.94500852161,3610.796034,816,-0.282571690014052,1.44152357052015,-0.930313781019575,1.08391135750352,-0.539750612763919,0.141977178294425,0.463661378317479,0,0,0,0,0,6.23812113076383e-12,0
624,85.5584,32.6582,7905.12347579686,3611.017174,806,-0.275304208605451,1.46777884043043,-0.928781065733005,1.08297403493303,-0.530637603058705,0.14109020457458,0.455027148456881,0,0,0,0,0,1.37421185542053e-11,0
625,77.7548,32.6591,7184.11394831939,3611.116687,496,0.459671060638379,-0.722469293288157,-0.93615954516985,1.31935848409768,-0.0339779115013835,0.165049186349755,-1.15261145332487,0,0,0,0,0.548883586681066,0.00761855121063615,0
626,91.241,32.672,8430.16432115586,3612.54304,873,-0.476497593166453,1.16305142559188,-0.935178470556826,1.01369059104138,-0.89670497283331,0.331028328952879,0.56583014305177,0,0,0,0,0,0,0
627,89.3135,32.6757,8252.07397000859,3612.952149,875,-0.456125006207385,1.18032197983691,-0.933828395410713,1.02421139790957,-0.861756092186126,0.318629801240683,0.573338434308466,0,0,0,0,0,0,0
628,94.1406,32.6776,8698.07134174554,3613.162232,854,-0.426538722443818,1.21319832967538,-0.910248451272248,1.00792720728046,-0.901919340669937,0.325282284784565,0.535962910721343,0,0,0,0,0,0,0
629,100.461,32.6808,9282.04138345304,3613.516056,576,-0.420220644493213,1.20751066024192,-0.852981117255962,0.983379549267022,-0.861894075593469,0.518884657370088,0.573814656401231,0,0,0,0,0,0,0
630,101.413,32.6814,9370.00092394186,3613.582398,524,-0.418481763316398,1.20787663853967,-0.846039605431076,0.979983127339836,-0.867108064521924,0.514674072190943,0.576869448166061,0,0,0,0,0,0,0
631,87.8622,32.6823,8117.98186800079,3613.681911,863,-0.380057593740162,1.24043348157683,-0.927463110807781,1.03474295711871,-0.782878686328424,0.285685088644961,0.556474837875998,0,0,0,0,0,0,0
632,91.7491,32.6882,8477.1099540575,3614.334274,881,-0.479194260251347,1.16041478120749,-0.935396583183577,1.01351055978555,-0.906475849829518,0.332034477439637,0.565793721324162,0,0,0,0,0,0,0
633,95.4514,32.6969,8819.18201997322,3615.296233,839,-0.404327369883712,1.27399313012395,-0.890936168859718,1.00383486760185,-0.871219681094388,0.308970897854813,0.483330094444829,0,0,0,0,0,0,0
634,95.8418,32.7014,8855.25282313166,3615.793798,844,-0.404000669907005,1.27715150812717,-0.881833438767634,1.00367923835602,-0.866630850523628,0.311495419827287,0.47549633908151,0,0,0,0,0,0,0
635,85.6926,32.7023,7917.52281438257,3615.893311,817,-0.283876840618792,1.43456951350694,-0.928697499202637,1.08392856429978,-0.539455069626322,0.144052420442901,0.466835253332045,0,0,0,0,0,4.40758540776187e-12,0
636,99.6649,32.7047,9208.48614166402,3616.158679,617,-0.426588924234877,1.19863878231669,-0.846259511996691,0.988546454504041,-0.880547917696295,0.511513088489373,0.573157771353238,0,0,0,0,0,0,0
637,82.1244,32.713,7587.84084760505,3617.07641,647,-0.217194610094987,1.43479187381126,-0.929380619843628,1.22993492691204,-0.330603450768056,0.0845933302237596,0.53232269198965,1.45083944858015e-12,0,0,0,7.54951656745106e-15,1.30145198884435e-06,0
638,83.3268,32.7131,7698.93596470983,3617.087467,710,-0.209761831474886,1.56218915875918,-0.915685721404363,1.22889833524189,-0.315190842114016,0.0719011983740669,0.472470199371499,3.26161320174378e-12,0,0,0,2.66453525910038e-15,1.80106184299866e-06,0
639,78.2117,32.7151,7226.3289840855,3617.308607,514,NA,NA,NA,NA,NA,NA,NA,NA,NA,NA,NA,NA,NA,NA
640,90.6648,32.7209,8376.92662448605,3617.949913,870,-0.483854358883114,1.15130927219301,-0.934082320328875,1.01891132335925,-0.893895049385694,0.33282769954971,0.582856552808074,0,0,0,0,0,0,0
641,86.797,32.7212,8019.56327290763,3617.983084,835,-0.334577680673869,1.3196985432007,-0.9331116264315,1.04728639919231,-0.696283597969144,0.225917298363195,0.511623665172448,0,0,0,0,0,0,0
642,100.31,32.7238,9268.08981768223,3618.270566,582,-0.435878611617841,1.18776605084853,-0.851756681436417,0.986288455330933,-0.89686632606563,0.53990650047414,0.591354647574002,0,0,0,0,0,0,0
643,85.943,32.7335,7940.65839099854,3619.343095,828,-0.293896364565678,1.41950970208636,-0.930756912278444,1.0740310518116,-0.575204565464437,0.163207031950479,0.471023925412116,0,0,0,0,0,1.4166445794217e-13,0
644,81.4049,32.7606,7521.36302262426,3622.339542,611,-0.2202345602465,1.37558835314351,-0.928768959316602,1.20991434313386,-0.359828804656959,0.0989856550373565,0.569478794997547,1.30562227695918e-12,0,0,0,4.44089209850063e-16,6.35180801733526e-07,0
645,93.4413,32.7609,8633.45988516589,3622.372713,861,-0.439537809212383,1.18955488353497,-0.923008814849146,1.00911355721543,-0.911016158930436,0.334070490839628,0.550466796519213,0,0,0,0,0,0,0
646,101.46,32.7687,9374.34346428111,3623.235159,521,-0.412083742739047,1.21965472317753,-0.846948552718278,0.979799047778762,-0.854018294677187,0.495451632987815,0.564747117404163,0,0,0,0,0,0,0
647,97.6527,32.7691,9022.56997845855,3623.279387,754,-0.400369345348817,1.26153303840671,-0.859507872451195,0.999762531689506,-0.848805602856268,0.36055742494643,0.491222997729668,0,0,0,0,0,0,0
648,92.5846,32.7724,8554.30553817348,3623.644268,883,-0.453638299137542,1.1742856481793,-0.934026578357343,1.0118412195643,-0.908597509901689,0.33096856181719,0.557999182914479,0,0,0,0,0,0,0
649,96.4351,32.7787,8910.07046532915,3624.340859,832,-0.400834206861001,1.27495164607135,-0.87371812026034,1.00540681097551,-0.860890931096016,0.305750102227492,0.482516255416498,0,0,0,0,0,0,0
650,91.724,32.7806,8474.79085272739,3624.550942,882,-0.48078373802194,1.15593296650366,-0.936013082342413,1.01240124473545,-0.917498070595511,0.329854089795473,0.566864379352163,0,0,0,0,0,0,0
651,94.1747,32.7956,8701.22199335339,3626.209492,853,-0.43593419603928,1.20733554947632,-0.911201049723354,1.0079725831445,-0.905273809467084,0.32865622584027,0.538335392892572,0,0,0,0,0,0,0
652,80.0798,32.8013,7398.93110339975,3626.839741,562,-0.217724909846016,1.29899483315485,-0.93433617659085,1.18977714430585,-0.407047653740699,0.131661919931901,0.625568084537284,1.78594916633301e-11,0,0,0,0,2.27760738047422e-07,0
653,77.0667,32.8078,7120.53730986313,3627.558446,493,NA,NA,NA,NA,NA,NA,NA,NA,NA,NA,NA,NA,NA,NA
654,91.7028,32.811,8472.83208985096,3627.91227,883,-0.48101418484305,1.15591554384499,-0.936283217641292,1.01244029057615,-0.916583021526287,0.329749524336065,0.567020291753787,0,0,0,0,0,0,0
655,92.9589,32.8122,8588.88879027954,3628.044954,885,-0.444311047631347,1.18570043862259,-0.930506397903461,1.01067269379206,-0.910004685538928,0.324860081574239,0.552281435749042,0,0,0,0,0,0,0
656,103.029,32.813,9519.31039603212,3628.13341,413,-0.333829703819519,1.2664821028077,-0.792584302629291,0.972826258622928,-0.825490294174122,0.498402803691465,0.537809264845286,0,0,0,0,0,1.19904086659517e-14,0
657,94.0801,32.8149,8692.48147598969,3628.343493,853,-0.446181509872713,1.19569756398627,-0.915405092806669,1.00832049411166,-0.911421679701228,0.333319610158976,0.546074043289203,0,0,0,0,0,0,0
658,92.0368,32.8181,8503.69184460229,3628.697317,887,-0.478484944225414,1.15771204193881,-0.936493276233071,1.01214194831835,-0.921065109622956,0.330408522000744,0.567785319311458,0,0,0,0,0,0,0
659,82.1342,32.8229,7588.74631346302,3629.228053,641,-0.227033253921391,1.40667804220651,-0.929132770551483,1.22291391368731,-0.339610813036104,0.0914930784344656,0.544346624071126,2.4802382370126e-13,0,0,0,2.66453525910038e-15,7.33249411632997e-07,0
660,84.0085,32.8246,7761.92127852415,3629.416022,743,-0.225937906254081,1.55934940461057,-0.911338264857726,1.18122086476162,-0.344771612704619,0.0853596587943253,0.463307129385587,7.50510764646606e-14,0,0,0,0,2.14323462310873e-07,0
661,103.24,32.8348,9538.80563032113,3630.543836,394,-0.319032568059743,1.30503818384787,-0.781867775603765,0.975195798942378,-0.825865760228359,0.451653089663419,0.521945940589073,3.77475828372553e-15,0,0,0,0,3.7461145296902e-12,0
662,97.7875,32.8371,9035.02475372944,3630.798147,746,-0.413315689079273,1.25859514667123,-0.86228788025799,0.997752566355417,-0.848351612169774,0.370333408513353,0.488374560314531,0,0,0,0,0,0,0
663,81.3812,32.8382,7519.17327355957,3630.919774,613,-0.212822817012957,1.39717109668403,-0.92854194219016,1.20268629479715,-0.36297255131721,0.0978427229043145,0.559405528954049,5.1760817854074e-12,0,0,0,0,6.86694865192905e-07,0
664,88.885,32.8437,8212.48293734109,3631.527909,889,-0.458903581925752,1.17042542259487,-0.93550054228394,1.02635646935925,-0.851055057005594,0.328425405376672,0.586866591962295,0,0,0,0,0,0,0
665,81.1031,32.8543,7493.4783699777,3632.699951,608,-0.205396690677985,1.38169746260798,-0.927564026454846,1.20771662758939,-0.359222573175715,0.0962354764938645,0.570825585461615,2.32971419933392e-11,0,0,0,4.44089209850063e-16,1.2113370759792e-06,0
666,94.3172,32.8549,8714.38820608412,3632.766293,857,-0.441978786110096,1.2052848458733,-0.911697100980783,1.00684259969076,-0.908707618875663,0.332851221948928,0.538974674929512,0,0,0,0,0,0,0
667,87.622,32.8568,8095.78871503292,3632.976376,853,-0.384475747468993,1.23178240169414,-0.920702776144907,1.04197342527994,-0.767715725311913,0.280218190331952,0.5677276857833,0,0,0,0,0,0,0
668,97.3619,32.8673,8995.70166504033,3634.137361,784,-0.408714329751717,1.25262071330997,-0.869639485693758,1.00153699191475,-0.862413659115981,0.346973518455211,0.500472705320204,0,0,0,0,0,0,0
669,95.3455,32.8674,8809.39744503859,3634.148418,848,-0.423331886303708,1.25128769289182,-0.897018897534082,1.00367604576857,-0.886293936795223,0.318779912282944,0.497486850772833,0,0,0,0,0,0,0
670,101.562,32.8798,9383.76770076206,3635.519486,517,-0.415490756881751,1.2114468229669,-0.84436770271754,0.98048202481802,-0.864334137068719,0.503432534851485,0.573984794355938,0,0,0,0,0,0,0
671,86.1506,32.8875,7959.83948407152,3636.370875,835,-0.299427106129895,1.39576474588133,-0.934596915818419,1.07166816167756,-0.589339388724184,0.168436571819395,0.482262622928852,0,0,0,0,0,2.59792187762287e-14,0
672,87.837,32.8909,8115.65352722314,3636.746813,868,-0.398080946877322,1.21593213869516,-0.92254169288387,1.0371889166482,-0.79197421356378,0.295291974110232,0.573895037956964,0,0,0,0,0,0,0
673,88.3755,32.8931,8165.40795217402,3636.990067,890,-0.428604596945197,1.19894814820943,-0.930422033898377,1.03001229908305,-0.8187730032414,0.307975146025334,0.574499897340666,0,0,0,0,0,0,0
674,77.3282,32.8938,7144.69846515497,3637.067466,498,0.432399489720846,-0.711637680851565,-0.938048928240933,1.31745097445361,-0.0644912202493769,0.131052175619115,-1.17121552230414,0,0,0,0,0.18536304900234,0.00945146563065924,0
675,93.9985,32.9057,8684.94208680493,3638.383249,864,-0.451955049391022,1.19069847044125,-0.919150737520118,1.00877270337052,-0.91704785318226,0.331942194545408,0.55208538453412,0,0,0,0,0,0,0
676,91.0963,32.9142,8416.79484057946,3639.323094,880,-0.486095674870122,1.1512061777704,-0.935866541924589,1.01476838803654,-0.906165944890522,0.333983912746172,0.573134504975204,0,0,0,0,0,0,0
677,95.2144,32.9148,8797.28452932631,3639.389436,859,-0.423287732807474,1.25479344791066,-0.899885147610203,1.00389481516419,-0.889134631137295,0.31326954800412,0.499986826684872,0,0,0,0,0,0,0
678,92.2503,32.9148,8523.41806507956,3639.389436,891,-0.472315955733392,1.15636388285386,-0.934964537561205,1.01240097776003,-0.926850278670958,0.331893492379161,0.566897901255083,0,0,0,0,0,0,0
679,77.816,32.9202,7189.76849020796,3639.986514,503,0.467521933324802,-0.732900163448255,-0.937701620897306,1.311036383986,-0.0180491993252682,0.185475581043967,-1.12998370447049,0,0,0,0,0.793548568153192,0.0127829124413674,0
680,85.8892,32.9214,7935.68756822722,3640.119198,831,-0.299471767020402,1.39047413500532,-0.928264384517999,1.08061276817716,-0.560677548400504,0.153798190289133,0.483558398629802,0,0,0,0,0,4.6296300126869e-13,0
681,79.0727,32.9245,7305.88062732172,3640.461965,550,-0.205507110727058,1.32011619299853,-0.944907184805884,1.23993148254616,-0.343413081868606,0.0932204401270894,0.619243909459615,1.76772818605286e-10,0,0,0,9.31699162265431e-13,5.94661328867652e-06,0
682,84.4581,32.9269,7803.46183462055,3640.727333,768,-0.256242919539824,1.46560609656765,-0.917074628961975,1.18596177341569,-0.336965989129825,0.077412680733136,0.491006110423152,0,0,0,0,0,2.67458258207398e-07,0
683,93.4643,32.9399,8635.58495809786,3642.164743,871,-0.450491050269172,1.1822395363612,-0.92667708115041,1.00933824644292,-0.915919239192896,0.334615611707765,0.557175141683515,0,0,0,0,0,0,0
684,90.1698,32.9445,8331.19135921087,3642.673365,879,-0.506884658837932,1.13537191215447,-0.930470857916791,1.02087234245718,-0.908614733332538,0.325780901942724,0.594585341213045,0,0,0,0,0,0,0
685,82.2084,32.9515,7595.60198353053,3643.447355,646,-0.223103562730404,1.43029575804341,-0.930567229917522,1.23025123644177,-0.326513385661738,0.0838961801924588,0.52972411316669,5.61772850460329e-13,0,0,0,1.70974345792274e-14,1.46159865987983e-06,0
686,96.5,32.9645,8916.06686677634,3644.884765,842,-0.435451022011583,1.23685269939915,-0.878690657467662,1.0055594865457,-0.884895312833256,0.324069142801341,0.505078716122962,0,0,0,0,0,0,0
687,94.5399,32.9668,8734.96445573418,3645.139076,861,-0.445122327511969,1.21550138659136,-0.909740471427448,1.00621264254016,-0.908249501935961,0.325169470387059,0.531824351516365,0,0,0,0,0,0,0
688,83.0069,32.972,7669.37897206028,3645.71404,700,-0.211610331584604,1.53213548750485,-0.917152144072568,1.24586023920979,-0.303811385246749,0.0701780013142232,0.482581812073335,2.50999221407255e-12,0,0,0,8.61533067109121e-14,2.97126704262851e-06,0
689,95.5735,32.9722,8830.46338540776,3645.736154,863,-0.429020292504216,1.24685479253452,-0.893849206573542,1.00472488784831,-0.887856902077685,0.322378624275104,0.498787635330061,0,0,0,0,0,0,0
690,78.0899,32.9769,7215.07533699355,3646.255833,514,0.456569688531181,-0.727436060229965,-0.936174812245848,1.32480159917026,-0.0170634529008445,0.182140394354059,-1.14142793394509,0,0,0,0,0.787183714623116,0.00860528422137441,0
691,95.458,32.9782,8819.79182351022,3646.399574,861,-0.430892621561421,1.24315065066219,-0.895561947178254,1.00457320422204,-0.891347946481893,0.323227959952481,0.501692151947142,0,0,0,0,0,0,0
692,92.1224,32.9864,8511.60081168826,3647.306248,895,-0.485234940833771,1.14998410892307,-0.937202473058905,1.01274305858762,-0.928145269364607,0.330446232353863,0.572588667933607,0,0,0,0,0,0,0
693,76.3084,32.9936,7050.47457924058,3648.102352,470,0.558860100915511,0.137206065334588,-0.711549824309527,0.995984561472593,0.102650551697425,1.13371542402862,-0.29875992401368,0,0.000810152668798025,0,0,0.0491780833032402,0,2.41824657254419e-06
694,100.33,32.9944,9269.93770718829,3648.190808,590,-0.431883852432207,1.19481630545843,-0.852193271579968,0.988818315565243,-0.898450151950708,0.519110563877368,0.586268584345794,0,0,0,0,0,0,0
695,79.9784,32.9944,7389.56230360399,3648.190808,561,-0.213893888516393,1.31277577736374,-0.935662563499307,1.18872996075686,-0.406678186854343,0.130228006303812,0.619509929490818,2.91997537260613e-11,0,0,0,0,2.23953881883787e-07,0
696,77.0486,33.0078,7118.86496986014,3649.672446,492,0.390185563000125,-0.670560822862002,-0.927335234855377,1.33380014148136,-0.106210397534444,0.0819098061323431,-1.23628674875776,0,0,0,0,0.00663816971412445,0.0112888221182832,0
697,84.5974,33.0254,7816.33238503031,3651.618478,777,-0.263141281729525,1.45886169794742,-0.916890848050697,1.16903826786607,-0.35725642848681,0.0840391392293476,0.489239525603003,0,0,0,0,0,9.17517857246253e-08,0
698,102.608,33.0257,9480.4123219294,3651.651649,455,-0.387751786148196,1.20934748400285,-0.825220861840402,0.97276854427177,-0.850655176520274,0.543803717503169,0.580098899675849,0,0,0,0,0,0,0
699,86.5147,33.03,7993.48031252948,3652.1271,838,-0.332635813610795,1.31717092603053,-0.932956996218341,1.05935938129902,-0.653006977797253,0.205796534226264,0.515158331147576,0,0,0,0,0,0,0
700,98.6374,33.0345,9113.55081828979,3652.624665,698,-0.418293202872465,1.24707829755269,-0.860592369177856,0.994902080142962,-0.856328517140774,0.405594745394141,0.498653008296488,0,0,0,0,0,0,0
701,88.4526,33.0348,8172.53156621991,3652.657836,896,-0.449515397412422,1.17938306974156,-0.930747004424378,1.03033770635196,-0.830357460845369,0.316037005947616,0.588426519500462,0,0,0,0,0,0,0
702,81.6295,33.0452,7542.1148217774,3653.807764,627,-0.216592274789827,1.39090972596176,-0.929984957096144,1.21291898914927,-0.352186406572715,0.0972165869196045,0.558108386278958,1.86117787848161e-12,0,0,0,6.66133814775094e-16,6.36657194297285e-07,0
703,82.1923,33.0496,7594.11443247815,3654.294272,649,-0.22571776026426,1.41887471518711,-0.932430590534819,1.24655223912176,-0.312153920958952,0.0790000007304051,0.534723991703588,1.97175609173428e-13,0,0,0,3.32844862782622e-13,2.30905964682115e-06,0
704,86.5394,33.0498,7995.76245606948,3654.316386,839,-0.335927609591722,1.31498605606427,-0.934106058725652,1.05731969350395,-0.660983356008163,0.208799492430085,0.514218631812184,0,0,0,0,0,0,0
705,93.6378,33.0637,8651.615399563,3655.853309,876,-0.455824114078047,1.18372993917145,-0.926189290413601,1.00944119292541,-0.920104970098739,0.330541944725106,0.55691091399227,0,0,0,0,0,0,0
706,87.661,33.0738,8099.39209956975,3656.970066,863,-0.403367735752812,1.21362085729714,-0.920271029764087,1.04090607797085,-0.784022250984442,0.286178380398504,0.575057301477593,0,0,0,0,0,0,0
707,95.8466,33.0816,8855.69631661311,3657.832512,879,-0.437858214827298,1.23450895548667,-0.889563017582434,1.0058313055406,-0.893389466153781,0.323876463130686,0.509426535206677,0,0,0,0,0,0,0
708,95.0458,33.0835,8781.70682079016,3658.042595,865,-0.446741775130664,1.22232031969144,-0.906471438511486,1.00572577795385,-0.907958996034716,0.32713220243363,0.51946031635796,0,0,0,0,0,0,0
709,89.0714,33.0972,8229.70526753764,3659.557404,894,-0.476311709898683,1.15454877658946,-0.93403226029913,1.02688678555058,-0.869775296139967,0.322564014921221,0.595218196785562,0,0,0,0,0,0,0
710,84.8528,33.1058,7839.92993402279,3660.508306,793,-0.263652269625024,1.48524514981184,-0.920532189648299,1.13052396266715,-0.410587836554957,0.0988657317127324,0.466298390531272,0,0,0,0,0,6.82731471357556e-09,0
711,80.2706,33.1128,7416.55996928764,3661.282296,573,-0.221211470396734,1.30647242965822,-0.934353879233429,1.19394329061455,-0.399951139546831,0.127039911878066,0.617313183524557,6.52544684953682e-12,0,0,0,0,2.11899529034554e-07,0
712,86.0377,33.1132,7949.40814780977,3661.326524,836,-0.310123701740168,1.3617680529527,-0.932088352934608,1.07294741305896,-0.586352884712005,0.170020279876721,0.49284904173246,0,0,0,0,0,3.90798504668055e-14,0
713,103.484,33.123,9561.34988229516,3662.41011,376,-0.338909129073397,1.26420013998038,-0.779080942618326,0.984646092821525,-0.922892557096282,0.448856871572589,0.541823058432402,1.11022302462516e-15,0,0,0,0,5.48754375273575e-11,0
714,92.634,33.1247,8558.86982525347,3662.598079,896,-0.467450961806085,1.16582439931786,-0.940460734911376,1.01122852605101,-0.911536343648746,0.324672119004374,0.559913947317673,0,0,0,0,0,0,0
715,85.0636,33.1316,7859.40668941675,3663.361012,802,-0.269425221157778,1.47615565814689,-0.923057234867445,1.11496423956942,-0.443956248556855,0.109636293091369,0.468039335705688,0,0,0,0,0,1.2672736193764e-09,0
716,99.4458,33.1319,9188.24251212504,3663.394183,643,-0.441463898163031,1.19602667313082,-0.856219632612051,0.993586663931763,-0.90126047828205,0.479032048914523,0.568525179570949,0,0,0,0,0,0,0
717,97.1088,33.1381,8972.31662334104,3664.079717,807,-0.436136262899721,1.23315990251745,-0.875187600747293,1.00334801627604,-0.881617604481849,0.337281013658932,0.510158412640457,0,0,0,0,0,0,0
718,87.5317,33.1439,8087.44549391302,3664.721023,850,-0.389699047738846,1.2200581885671,-0.916866808646443,1.04600137744823,-0.760609284842493,0.274731149598221,0.577021271529906,0,0,0,0,0,0,0
719,102.645,33.1485,9483.83091751562,3665.229645,452,-0.415366018629776,1.17530283118536,-0.827537693046662,0.981994950200966,-0.956478180033761,0.541045302641042,0.601551203290773,0,0,0,0,0,0,0
720,92.4784,33.1595,8544.49324489626,3666.445915,905,-0.47346897035402,1.15818686092453,-0.937243512968969,1.01244710663598,-0.922520944238695,0.324341180668574,0.562908233970839,0,0,0,0,0,0,0
721,77.4869,33.1597,7159.36146838561,3666.468029,512,NA,NA,NA,NA,NA,NA,NA,NA,NA,NA,NA,NA,NA,NA
722,89.1675,33.1686,8238.5843766143,3667.452102,899,-0.485098706112642,1.14502828311728,-0.935921994604086,1.02571209394061,-0.877351567576175,0.332816136202901,0.600251464014101,0,0,0,0,0,0,0
723,94.0961,33.1728,8693.95978759454,3667.916496,874,-0.464186376872465,1.18516084708574,-0.922170935757029,1.00753754399661,-0.923235939619071,0.339340904890129,0.552223681533053,0,0,0,0,0,0,0
724,103.218,33.1779,9536.77295186446,3668.480403,401,-0.355191632766171,1.23801284926714,-0.791565621984156,0.982639642739281,-0.915941999262957,0.482635365064791,0.552734060777637,0,0,0,0,0,2.16493489801906e-13,0
725,97.7976,33.1836,9035.95793793001,3669.110652,758,-0.46176669823798,1.21725125856752,-0.876334269561663,0.999447224005234,-0.888523999216485,0.374260421614551,0.517362079387075,0,0,0,0,0,0,0
726,85.8102,33.1954,7928.38840467825,3670.415378,831,-0.293685762340822,1.39024769139211,-0.924278513819464,1.08368449217325,-0.545721957634096,0.151082848489495,0.487574482003302,0,0,0,0,0,1.39110944985532e-12,0
727,90.7763,33.2165,8387.22860848238,3672.748405,881,-0.489930360738075,1.14502296550415,-0.934522680610116,1.01710339614529,-0.906579256720016,0.331301219421303,0.584079489408942,0,0,0,0,0,0,0
728,85.1818,33.2188,7870.3277163976,3673.002716,813,-0.267569156831329,1.47290164537299,-0.921378217203885,1.11270102135225,-0.449657770314607,0.110504815554242,0.467827957881921,0,0,0,0,0,1.01171382382859e-09,0
729,85.7586,33.2232,7923.6208497526,3673.489224,831,-0.288682070228467,1.39472356218966,-0.92394657613744,1.08670740407329,-0.536709356749894,0.146646431403349,0.487690838674027,0,0,0,0,0,2.81219492137552e-12,0
730,101.257,33.2342,9355.58738579453,3674.705494,542,-0.42225720132102,1.19328907936249,-0.847989117766013,0.985147347593368,-0.912953981660336,0.520264682302902,0.5838568512909,0,0,0,0,0,0,0
731,95.8308,33.2525,8854.23648390332,3676.728925,886,-0.44717201428935,1.23039515569711,-0.891889876103532,1.0058601513187,-0.897201412242343,0.322739074937745,0.512583152729585,0,0,0,0,0,0,0
732,89.9756,33.2546,8313.24835210696,3676.961122,883,-0.515215720422242,1.12866758525038,-0.931066921358944,1.02162167666459,-0.908239696446106,0.326550745127702,0.602774871119331,0,0,0,0,0,0,0
733,91.9023,33.259,8491.26478767398,3677.44763,903,-0.503437944125668,1.13571628739254,-0.939481538296798,1.01264483341452,-0.930272947671698,0.335333368772836,0.583853884495664,0,0,0,0,0,0,0
734,77.9231,33.2688,7199.66393851295,3678.531216,514,0.464052798089247,-0.7337580050958,-0.935835658829459,1.30841367671321,-0.0112402930108944,0.193829325009819,-1.12608759472094,0,0,0,0,0.877617284356962,0.0136686772132606,0
735,86.6372,33.271,8004.79863575415,3678.77447,839,-0.343213714409851,1.29966676809209,-0.93140303755501,1.05587013604236,-0.680419711229418,0.214552294951166,0.519878714234948,0,0,0,0,0,0,0
736,91.6287,33.2715,8465.98565923098,3678.829755,904,-0.504315597801918,1.13590461982249,-0.939129809838085,1.01323429805252,-0.927561377529887,0.335071354826265,0.587087692612973,0,0,0,0,0,0,0
737,91.7846,33.2735,8480.38995793077,3679.050895,906,-0.501834527594877,1.13567839230554,-0.939644912405737,1.01282312938814,-0.930473944730343,0.335776128669859,0.585117547804852,0,0,0,0,0,0,0
738,82.7376,33.2741,7644.49713986108,3679.117237,685,-0.197764657929407,1.53565207655704,-0.926934938753023,1.28417127532975,-0.273825929097176,0.0574661759840241,0.483615947071815,4.13309386715355e-11,0,0,0,4.98432406459415e-11,2.11527826039504e-05,0
739,80.8317,33.2741,7468.40250938036,3679.117237,601,-0.210350891428212,1.342338121134,-0.928584785867705,1.22091113188818,-0.352071943895208,0.0995929278379923,0.590584246463809,1.26909593944902e-11,0,0,0,1.04360964314765e-14,1.22324112150629e-06,0
740,95.6411,33.2791,8836.70925193827,3679.670087,893,-0.449331268453389,1.22266691854609,-0.895454771216128,1.0058839700985,-0.905245074513417,0.329093601453792,0.51864225796303,0,0,0,0,0,0,0
741,83.3045,33.2844,7696.87556791057,3680.256108,716,-0.214691440998864,1.54734311883837,-0.916575005362208,1.23945141629921,-0.305429028569087,0.0698531472746639,0.474835373714296,1.16506804204164e-12,0,0,0,2.44249065417534e-14,2.23266228194241e-06,0
742,85.6342,33.2863,7912.12697702486,3680.466191,828,-0.286397194768615,1.40674492182868,-0.924416445337975,1.09184967269211,-0.518527773476982,0.140271360342445,0.48332634319408,0,0,0,0,0,9.37738775519392e-12,0
743,84.9476,33.2895,7848.68893028155,3680.820015,799,NA,NA,NA,NA,NA,NA,NA,NA,NA,NA,NA,NA,NA,NA
744,94.1981,33.3033,8703.38402407549,3682.345881,873,-0.473469297628355,1.17810428902663,-0.923669737985374,1.00706547728341,-0.929219948830185,0.343871046961953,0.557184286672557,0,0,0,0,0,0,0
745,77.3427,33.3079,7146.03818504686,3682.854503,517,0.39608350041089,-0.678820463036658,-0.928099762586937,1.34360070214157,-0.0985568681705394,0.0897846376273455,-1.22037207547096,0,0,0,0,0.0117091295441458,0.00944779090193459,0
746,89.3602,33.3103,8256.38879200526,3683.119871,899,-0.515066810763393,1.12471175600996,-0.932664597323274,1.02658608740022,-0.889177228952367,0.323379082079829,0.610569725112941,0,0,0,0,0,0,0
747,100.885,33.3107,9321.21664098167,3683.164099,569,-0.43339171032318,1.19940021352714,-0.854198692810348,0.989860219564376,-0.919751251397787,0.490374349975295,0.578952182684495,0,0,0,0,0,0,0
748,88.2865,33.3165,8157.18484387201,3683.805405,898,-0.458729299850384,1.1657309052742,-0.9297691442394,1.03209729176678,-0.832123464520973,0.321588976515082,0.600899221331729,0,0,0,0,0,0,0
749,83.9136,33.3169,7753.15304281786,3683.849633,746,-0.226621818027479,1.53813120383855,-0.917268315387393,1.24879510931354,-0.288441521691754,0.0640889335131802,0.468382604611982,2.66453525910038e-14,0,0,0,3.74811293113453e-13,2.61278645874441e-06,0
750,82.7091,33.3331,7641.86389731493,3685.640867,682,-0.2100004384054,1.50546347773004,-0.925931505170991,1.27257619470261,-0.283305271884433,0.0625268952491239,0.49412870292137,4.36339853138179e-12,0,0,0,1.23945298469152e-11,1.11136026026415e-05,0
751,90.7245,33.336,8382.44257466166,3685.96152,880,-0.490266659597413,1.14280850822233,-0.934656371218015,1.01895862672142,-0.907440726029545,0.316542743915261,0.582932902318589,0,0,0,0,0,0,0
752,92.9956,33.3365,8592.27966752317,3686.016805,901,-0.468833664253777,1.1699957351165,-0.938498540833658,1.01100999797606,-0.917512875956715,0.327486898616995,0.55739641838778,0,0,0,0,0,0,0
753,94.0644,33.3517,8691.03088272743,3687.697469,874,-0.471828062819656,1.17713327101128,-0.925211650540902,1.00822580894794,-0.92846028621035,0.34194670190693,0.557667827793808,0,0,0,0,0,0,0
754,76.8358,33.3541,7099.20342551558,3687.962837,500,0.561978281461637,0.122849850167194,-0.72862321899445,0.996524022304106,0.110587092622161,1.13335934075773,-0.311055666608469,0,0.0020725574091689,0,0,0.0355165154335759,0,3.86730819812442e-07
755,85.9698,33.3543,7943.13456293667,3687.984951,837,-0.309035813506338,1.35973665642751,-0.93243702711526,1.07495606252798,-0.577342152752201,0.164605984839477,0.496481821548786,0,0,0,0,0,9.03721542044877e-14,0
756,101.53,33.3567,9380.81107755235,3688.250319,523,-0.431180288183812,1.20338112485954,-0.846738847491103,0.986863627552718,-0.905911347991396,0.471884533146431,0.583032118092804,0,0,0,0,0,0,0
757,99.723,33.3789,9213.85426067914,3690.704973,628,-0.441096124060384,1.19494166485008,-0.860713811210383,0.993407487591026,-0.906721726718033,0.481820247537613,0.574642122525657,0,0,0,0,0,0,0
758,87.3624,33.3804,8071.80310924416,3690.870828,846,-0.380768751516061,1.22077776127989,-0.920326464521258,1.04695148535097,-0.75433462178028,0.269980384829497,0.574110846195932,0,0,0,0,0,0,0
759,76.1628,33.3858,7037.02194363641,3691.467906,471,0.531655255334937,0.17858908101282,-0.685302071789093,0.99547752719915,0.0506416967360062,1.12913291621819,-0.238791661167652,0,1.02800631236466e-05,0,0,0.257902477943249,0,9.02124233486123e-05
760,87.707,33.3866,8103.6422454337,3691.556362,866,-0.411599192395878,1.20069651910536,-0.91736932095763,1.04332463666822,-0.782999609863427,0.283294487641313,0.584505359446689,0,0,0,0,0,0,0
761,101.789,33.3968,9404.74124665593,3692.684176,503,-0.42924660395005,1.19739606686634,-0.841851943234738,0.988206640516482,-0.909163820127049,0.473099758825432,0.581881681518206,0,0,0,0,0,0,0
762,91.0799,33.4105,8415.27957118448,3694.198985,889,-0.497414780624001,1.14198174123099,-0.935122322098453,1.01430749843695,-0.925885989322028,0.327101558179554,0.579308383719439,0,0,0,0,0,0,0
763,92.6108,33.4156,8556.72627342643,3694.762892,900,-0.479866031317511,1.15514806250898,-0.938859725094322,1.01167486837979,-0.929297841173026,0.328099727678771,0.565100227345953,0,0,0,0,0,0,0
764,82.025,33.4247,7578.65683675989,3695.769079,648,-0.210352465868145,1.44461329458441,-0.932440296318988,1.24442064415394,-0.310741927288288,0.077535827316475,0.527233703509694,4.0742964557694e-12,0,0,0,3.1907809727727e-13,3.26328211053273e-06,0
765,90.0584,33.4399,8320.89861466208,3697.449743,887,-0.518864087255761,1.1267777749676,-0.93084478300712,1.02179878238617,-0.907872631203416,0.3239451224428,0.605128995229106,0,0,0,0,0,0,0
766,98.7501,33.4411,9123.96367565648,3697.582427,701,-0.46808988981752,1.19683852561709,-0.868164938848137,0.998271687663626,-0.910755710768606,0.41290843044545,0.543617471249755,0,0,0,0,0,0,0
767,88.3797,33.4448,8165.79600897029,3697.991536,898,-0.476057993456729,1.15410804570943,-0.930918494326426,1.03253230888171,-0.837605875132102,0.320863325598638,0.60708585820563,0,0,0,0,0,0,0
768,82.8927,33.445,7658.82752298063,3698.01365,692,-0.199845237808003,1.53527550518462,-0.92537330612715,1.2796582916743,-0.276351768442738,0.0593181305158931,0.483276614723673,2.35573782703113e-11,0,0,0,2.65500954554909e-11,1.58406537844602e-05,0
769,82.6973,33.4451,7640.77364250635,3698.024707,680,-0.224970988726511,1.47672066641069,-0.92897828898772,1.2636243218979,-0.291507962756942,0.0669713108060404,0.503580515501726,2.42472708578134e-13,0,0,0,3.2147617901046e-12,5.88388528499628e-06,0
770,83.1,33.4477,7677.98089771103,3698.312189,703,-0.207642669220328,1.51835505927474,-0.918167751281778,1.26420983053622,-0.289023291998773,0.0654674347305141,0.48767892435506,3.95350419069018e-12,0,0,0,2.39208652885736e-12,6.53753171109273e-06,0
771,99.695,33.451,9211.26721537064,3698.67707,635,-0.451259000120204,1.18507877410797,-0.864622635726194,0.994121096311786,-0.922616779549188,0.485522337672268,0.583462864397129,0,0,0,0,0,0,0
772,91.052,33.452,8412.70176532352,3698.78764,888,-0.500121498350233,1.14014150179701,-0.934730194209756,1.0148904214591,-0.924627612575468,0.327130162828638,0.582130783132974,0,0,0,0,0,0,0
773,75.9131,33.4531,7013.95104315315,3698.909267,467,0.524538187520343,0.198915532533135,-0.677314349453516,0.993605545196563,0.0397331279101917,1.13087195402756,-0.22100694239797,0,9.13524144996458e-07,0,0,0.355408460693335,0,0.000257494315121454
774,81.7316,33.4598,7551.54829770588,3699.650086,633,-0.221562419113092,1.38665279140492,-0.929771780499208,1.21855968173912,-0.344578440073381,0.0935251322580956,0.557690032035224,6.0151883474191e-13,0,0,0,2.22044604925031e-15,8.03820096040297e-07,0
775,87.0423,33.4648,8042.22763769955,3700.202936,843,-0.366030775639567,1.25274843321328,-0.926496424373616,1.04759709890238,-0.728989809141535,0.246182322453784,0.543327329249686,0,0,0,0,0,0,0
776,77.7204,33.4656,7180.93557836895,3700.291392,519,0.428083534566097,-0.714243610220657,-0.937777442861865,1.33270459625486,-0.060127982092162,0.133091250142373,-1.16210423457507,0,0,0,0,0.228253246376417,0.0109754993541236,0
777,99.4093,33.4684,9184.87011377647,3700.600988,650,-0.463590997904648,1.17166164222926,-0.868212509023895,0.995132024183103,-0.942007089419448,0.484125482465792,0.582096676162182,0,0,0,0,0,0,0
778,104.111,33.4696,9619.28121831038,3700.733672,326,-0.387141507819396,1.14055969438052,-0.734023423737465,0.993318839059108,-1.07153354744833,0.572016203785034,0.603870232480225,2.22044604925031e-16,0,0,0,0,2.30224328490181e-09,0
779,77.6104,33.4769,7170.77218608558,3701.540833,519,NA,NA,NA,NA,NA,NA,NA,NA,NA,NA,NA,NA,NA,NA
780,96.1732,33.4776,8885.8723522472,3701.618232,875,-0.461120477562826,1.21413565166015,-0.888837598652457,1.00618885399031,-0.906182055295539,0.3263385898948,0.526297759563811,0,0,0,0,0,0,0
781,85.2335,33.4837,7875.10451077079,3702.292709,815,-0.279678506965114,1.41655891308691,-0.918742213292368,1.12402303821932,-0.429885607259956,0.107840921216194,0.492008597142708,0,0,0,0,0,1.91177096375839e-09,0
782,90.8913,33.5054,8397.85397314226,3704.692078,885,-0.498455123582369,1.13926988831233,-0.934134972595006,1.01529824225686,-0.924979694630732,0.316158235331208,0.580353979270182,0,0,0,0,0,0,0
783,94.9668,33.5173,8774.4076572412,3706.007861,891,-0.477061312018496,1.19719620911406,-0.912885998330229,1.00611100055273,-0.923861171077728,0.33667100185074,0.534727001322676,0,0,0,0,0,0,0
784,79.465,33.519,7342.12697998323,3706.19583,571,-0.199051105393661,1.3503419080951,-0.945197701565487,1.26038345756633,-0.32209156879162,0.0820104455124382,0.60009314256598,2.29330776591041e-10,0,0,0,6.43995967664068e-12,1.01300489543377e-05,0
785,101.995,33.5201,9423.77450856842,3706.317457,491,-0.455608922382425,1.16046350915762,-0.839525383991063,0.989273942995891,-0.988118105995485,0.525801427615567,0.618307856528509,0,0,0,0,0,0,0
786,75.0063,33.5285,6930.16773294804,3707.246245,439,0.502950664310382,0.265223614151047,-0.634442484107659,0.989377873131749,-0.00746891420815738,1.09760078670026,-0.16906179080125,0,3.67841757054066e-10,9.76996261670138e-15,0,0.832858798830922,0,0.00267013040256159
787,99.0319,33.5366,9150.00043879697,3708.141862,688,-0.473230062322102,1.187734850051,-0.872510167024674,0.997304291520258,-0.91901536358624,0.428291745706435,0.553945852166291,0,0,0,0,0,0,0
788,76.7829,33.54,7094.31575777203,3708.5178,500,0.564837561441414,0.11843549327702,-0.735318513364264,0.997106177050256,0.111515294786112,1.13037969052136,-0.31833621461801,0,0.00310490152040543,0,0,0.0359920341212885,0,1.7651888484238e-07
789,84.6787,33.5454,7823.84405587247,3709.114878,789,-0.274607678101386,1.43321740166498,-0.916153181487848,1.17138989292852,-0.356178650055228,0.0839827873678282,0.49494550392403,0,0,0,0,0,6.95228135061399e-08,0
790,78.9992,33.5568,7299.08963338692,3710.375376,558,-0.479587181458465,0.854468435025606,-0.935353480905034,1.25165945499655,-1.71785096985942,1.48065659862566,0.971397739029748,0,0,0,0,0.209696005011093,0.278042752997119,0
791,86.4126,33.5616,7984.04683660101,3710.906112,838,-0.339332280784524,1.2922893413701,-0.932064150199438,1.05995526908429,-0.655554791737334,0.20752324478646,0.524734590829085,0,0,0,0,0,0,0
792,85.4857,33.5635,7898.4063974423,3711.116195,824,-0.289982911505452,1.39108794320153,-0.919495190323919,1.0996634463517,-0.497652969973148,0.135677475886503,0.498356445648209,0,0,0,0,0,2.51916265625596e-11,0
793,75.3742,33.5697,6964.15966041216,3711.801729,450,-0.059264109499038,2.24743396806658,-0.929538044309822,1.34318410508274,-0.185349093086687,0.00730818431487248,0.341953379483021,0.0189167777416139,0.000599189431676361,0,0,0.000279032496847798,0.143415681271488,0.00108209450586028
794,79.419,33.5744,7337.87683411928,3712.321408,572,-0.192615962609428,1.35673811053675,-0.944837374716351,1.26003208512696,-0.321162450534947,0.0798981863001385,0.599304615396549,5.66183322447955e-10,0,0,0,6.33137986483234e-12,1.17686897764813e-05,0
795,102.542,33.5819,9474.31428655937,3713.150683,460,-0.430020072395675,1.17249551777715,-0.825420550950528,0.993257108657416,-0.99981243473726,0.495063635819279,0.605683892987371,0,0,0,0,0,0,0
796,82.0383,33.5845,7579.88568328143,3713.438165,648,-0.211910534158535,1.4409608692566,-0.93201530055481,1.25091401285353,-0.305707568494723,0.0758905011246877,0.528641962468387,3.06377145875558e-12,0,0,0,9.80771019953863e-13,4.05023318195141e-06,0
797,80.2547,33.5916,7415.09089713031,3714.223212,578,-0.209408122077259,1.33435693478179,-0.937076085851456,1.19901321397895,-0.386603236309245,0.115536393424451,0.601916856762207,4.14770440215761e-11,0,0,0,0,4.79956942411874e-07,0
798,88.3668,33.6047,8164.60412023888,3715.671679,896,-0.480333581433237,1.14929618331614,-0.930624354872543,1.03191925651199,-0.847054643585307,0.322328807735976,0.608632588875164,0,0,0,0,0,0,0
799,86.274,33.6128,7971.24096232396,3716.567296,838,-0.335205759542627,1.30303117674078,-0.930783820233961,1.06999045703333,-0.618707841774104,0.186602506056571,0.520593443232058,0,0,0,0,0,1.99840144432528e-15,0
800,82.0828,33.6158,7583.99723743243,3716.899006,651,-0.210587864524628,1.4531811376376,-0.93264564154924,1.25663845912476,-0.299747629601131,0.0725744765232852,0.522005532473374,3.77298192688613e-12,0,0,0,2.19757545494303e-12,5.29558452022627e-06,0
801,78.9414,33.62,7293.74923271438,3717.3634,555,NA,NA,NA,NA,NA,NA,NA,NA,NA,NA,NA,NA,NA,NA
802,101.652,33.6251,9392.08320353937,3717.927307,517,-0.452715980184239,1.16395049954354,-0.853312885035551,0.98954326441818,-0.975623981119069,0.515811263740972,0.609009069932502,0,0,0,0,0,0,0
803,90.263,33.6398,8339.80252430915,3719.552686,887,-0.50226945118968,1.13910688757212,-0.932998047142978,1.0191026091331,-0.916980407841231,0.310045765767536,0.58797584246029,0,0,0,0,0,0,0
804,96.0211,33.6634,8871.81915255355,3722.162138,875,-0.471134463178329,1.2046157479898,-0.893437011339695,1.00600401936437,-0.916274506099415,0.333095427531343,0.530939920760561,0,0,0,0,0,0,0
805,98.3087,33.664,9083.18075425757,3722.22848,737,-0.494213895663617,1.18260753692402,-0.884183722844192,0.999915768284157,-0.92369388040826,0.402011145729498,0.558246845619928,0,0,0,0,0,0,0
806,87.782,33.6788,8110.57183108146,3723.864916,870,-0.438716309606094,1.17090365771116,-0.923976973082599,1.03943773746037,-0.805659724320885,0.300928447059384,0.597661839653853,0,0,0,0,0,0,0
807,99.5484,33.7034,9197.72218529117,3726.584938,644,-0.474009514471353,1.16136237831754,-0.869232024333933,0.995440968831091,-0.957017957366165,0.499624355384345,0.596328747824749,0,0,0,0,0,0,0
808,82.269,33.7064,7601.20108873391,3726.916648,656,-0.209328429697907,1.47274928712143,-0.932207459682441,1.25705129338592,-0.29787447715685,0.0694743469102927,0.509997091529027,5.30797628073287e-12,0,0,0,1.83097981221181e-12,6.21608567752396e-06,0
809,102.007,33.7088,9424.88324227206,3727.182016,492,-0.449278830601303,1.16795055177212,-0.839802594102586,0.991405048048002,-0.985757894858646,0.494402702825671,0.608448538681222,0,0,0,0,0,0,0
810,78.0808,33.7147,7214.23454726829,3727.834379,527,0.450186326615925,-0.729696308903934,-0.937576420351726,1.33554327642494,-0.022611038289792,0.172962915872065,-1.13033508369836,0,0,0,0,0.731115943941119,0.0153418114921828,0
811,95.0743,33.7207,8784.34006333631,3728.497799,896,-0.489594324242728,1.18312024548797,-0.915597598982945,1.00629134320097,-0.933955917898651,0.341552945355777,0.544440235512374,0,0,0,0,0,0,0
812,79.1108,33.7264,7309.40085683077,3729.128048,566,-0.480112260792628,0.828845785441414,-0.933887863844353,1.27803445471893,-15.3801197516742,15.1547931488727,0.997522427015236,0,0,0,0,0.927535841508244,0.928594403149929,0
813,81.0936,33.7268,7492.60062246232,3729.172276,608,-0.221209400347969,1.34528912590447,-0.932728219578725,1.21839087469034,-0.353026987398815,0.100141442148427,0.585068476064005,1.45972123277716e-12,0,0,0,3.77475828372553e-15,8.03839370400183e-07,0
814,75.9152,33.7398,7014.14507155129,3730.609686,474,0.512202101791331,0.211730265094303,-0.672011130801975,0.993239256159443,0.028500780481363,1.1347773031648,-0.205932367386884,0,1.21593469293302e-07,0,0,0.489578410352834,0,0.000457002481556001
815,76.6197,33.7398,7079.23697940252,3730.609686,497,0.539979071214169,0.142619916176782,-0.725397209469362,0.997773364464939,0.0833992682625807,1.12789005129438,-0.285703196374734,0,0.00034700356694839,0,0,0.0989005068216193,0,2.82574059062846e-06
816,94.6892,33.7463,8748.75895089698,3731.328391,891,-0.490535367712651,1.17429662191497,-0.919464676127038,1.00684364205572,-0.939133172547604,0.352221153155791,0.553408600357418,0,0,0,0,0,0,0
817,82.8228,33.7574,7652.36914915693,3732.555718,684,-0.219739375608176,1.48743319728012,-0.927296225400809,1.25275030629571,-0.298683025184522,0.0691218308201064,0.498029627835783,8.73079386565223e-13,0,0,0,5.88196158446408e-13,4.92739142687881e-06,0
818,84.7645,33.7575,7831.7715018535,3732.566775,798,-0.280435279778376,1.398438340983,-0.913068850309033,1.16947245008029,-0.36039417721168,0.0875430775881137,0.510886980586177,0,0,0,0,0,5.29847179464582e-08,0
819,102.475,33.7584,9468.12385671405,3732.666288,462,-0.462952655997006,1.13930639635522,-0.827180322741463,1.00164874709794,-1.06210927028106,0.491050673035095,0.642683772857575,0,0,0,0,0,2.22044604925031e-16,0
820,85.3176,33.7595,7882.8748861438,3732.787915,813,-0.290868240036468,1.39211494367986,-0.920287825834389,1.11755521790744,-0.444271067551634,0.114156874172992,0.499723159445103,0,0,0,0,0,9.72595115555919e-10,0
821,87.6323,33.7632,8096.74037812854,3733.197024,864,-0.420810145858425,1.1806287305902,-0.920725101437003,1.04372641561296,-0.785692513129303,0.289548618835868,0.596233716613416,0,0,0,0,0,0,0
822,78.3363,33.7635,7237.8413357083,3733.230195,538,0.457551024218799,-0.739173359008623,-0.937575433727582,1.33257386426131,0.0154410900487649,0.214706503759588,-1.11229903356654,0,0,0,0,0.856091542163154,0.0195455183693407,0
823,91.2269,33.764,8428.86155905408,3733.28548,896,-0.510987978913817,1.13103287281675,-0.937442884076303,1.01442660933838,-0.936132693472401,0.317574865216792,0.586163057366288,0,0,0,0,0,0,0
824,95.6624,33.765,8838.67725426223,3733.39605,885,-0.491335468465756,1.18183670453259,-0.904942716909471,1.00654112589159,-0.929049534908109,0.342474585939463,0.545219949784459,0,0,0,0,0,0,0
825,79.6364,33.7729,7357.96339305023,3734.269553,573,-0.198076749980877,1.34933910534235,-0.945043615976348,1.2730833640062,-0.314097092146114,0.0798837524422516,0.601099862666502,2.34847918889614e-10,0,0,0,2.57003307524428e-11,1.30350444700333e-05,0
826,82.319,33.7767,7605.82081249909,3734.689719,657,-0.210958872269143,1.47119424574032,-0.932217970262953,1.25651047989535,-0.298913062173248,0.0702610289332141,0.510883028908057,3.73256980878978e-12,0,0,0,1.47371004288743e-12,5.46887943597696e-06,0
827,86.3534,33.7909,7978.57708366305,3736.259813,835,-0.348807137811841,1.27256327285808,-0.92789826712128,1.06879778165724,-0.636488748313467,0.196098462205412,0.538612253625845,0,0,0,0,0,6.66133814775094e-16,0
828,100.4,33.7995,9276.40532045953,3737.210715,594,-0.465966738120918,1.16995092015993,-0.866801121626984,0.992629504768008,-0.965503185422571,0.513828881165411,0.606172212127882,0,0,0,0,0,0,0
829,85.8197,33.8128,7929.26615219363,3738.681296,826,-0.314723642620579,1.33087554867196,-0.920124020336301,1.09331427895209,-0.531604407217169,0.148433253621727,0.521923569890874,0,0,0,0,0,2.71871414270208e-12,0
830,97.5885,33.8206,9016.63825314407,3739.543742,787,-0.498545015908394,1.18886973095565,-0.886479500318956,1.00153822872945,-0.920530357396633,0.372432466408682,0.539820153191789,0,0,0,0,0,0,0
831,85.2402,33.8292,7875.72355375532,3740.494644,815,-0.287441661896827,1.38901468844637,-0.918149358956001,1.12569238871486,-0.429844531565112,0.109130101772815,0.505448445806202,0,0,0,0,0,1.90169280323005e-09,0
832,98.9015,33.8299,9137.95219921741,3740.572043,705,-0.50688812544403,1.16530503080039,-0.881333335605814,0.999498179373161,-0.949106765471891,0.420606987381726,0.578087886994704,0,0,0,0,0,0,0
833,102.136,33.8382,9436.8021295862,3741.489774,483,-0.444192902233238,1.16521318940154,-0.83191426889852,0.999163761014083,-1.01119633700636,0.470128216249722,0.609225604588647,0,0,0,0,0,0,0
834,76.4725,33.8393,7065.63651263786,3741.611401,487,0.529834164356911,0.175012993390797,-0.696701898676006,0.995906353487015,0.051892561841978,1.1295090925417,-0.238969564537653,0,1.11235042290492e-05,0,0,0.246660398635921,0,7.10582095686529e-05
835,79.4948,33.8432,7344.88033534727,3742.042624,572,-0.183813052636762,1.36534880442941,-0.94631949659096,1.26637100646044,-0.31399945621266,0.0760678776278408,0.595692338971165,2.26041518835984e-09,0,0,0,1.76565428944286e-11,1.82097985446106e-05,0
836,81.0671,33.8452,7490.15216886678,3742.263764,609,-0.223225503798127,1.33313978103833,-0.93194866652927,1.21721056528482,-0.357202282097717,0.103928848943891,0.591265810529945,1.11377573830396e-12,0,0,0,2.44249065417534e-15,6.30956700886642e-07,0
837,76.7291,33.8476,7089.34493500071,3742.529132,501,0.544491612062763,0.12485411600662,-0.739775147814375,0.99888449346038,0.103979255123455,1.13410161398299,-0.31176958315795,0,0.00168204789413018,0,0,0.0580879066164943,0,3.76966339254992e-07
838,93.4464,33.8662,8633.93109698993,3744.585734,906,-0.500605799279846,1.15445559365715,-0.93250145333476,1.01072819614155,-0.940737185577584,0.340130584626956,0.56573630474068,0,0,0,0,0,0,0
839,84.5816,33.8679,7814.87255232051,3744.773703,792,-0.278704257178514,1.39524084307675,-0.910944301427065,1.2513728648344,-0.277970002403938,0.0606089273454314,0.518258938090899,0,0,0,0,7.07323088988687e-12,4.40293384440515e-06,0
840,103.068,33.874,9522.91378056895,3745.44818,415,-0.449782783194463,1.14989817875077,-0.814501011567634,1.00345746953068,-1.06872688270655,0.435750597847918,0.611937760256707,0,0,0,0,0,2.32480701356508e-13,0
841,76.2788,33.885,7047.7397027716,3746.66445,482,0.515638765906559,0.197457368583812,-0.68708717896128,0.994359082983159,0.0402204482051076,1.13680431962348,-0.224362226014025,0,6.5886192679443e-07,0,0,0.356173415597697,0,0.0001587011272699
842,95.1157,33.8952,8788.16519461387,3747.792264,899,-0.49736096659689,1.17915001244498,-0.916498772080874,1.0061108327799,-0.936598862055344,0.341194933525372,0.54832900956815,0,0,0,0,0,0,0
843,99.1002,33.9041,9156.31098146019,3748.776337,689,-0.509242810471886,1.15793405921721,-0.88349719249211,0.999119502300012,-0.955492210857258,0.436266239612764,0.588910647328421,0,0,0,0,0,0,0
844,77.0799,33.9111,7121.75691693714,3749.550327,518,0.563537067361552,0.112751899706963,-0.747807177004545,0.997857041149488,0.120373929972473,1.13662812954202,-0.329108782557497,0,0.00404497482140087,0,0,0.0278224128487159,0,4.07698972360038e-08
845,84.7823,33.9144,7833.4161235139,3749.915208,800,-0.284777440866393,1.38522121934256,-0.911415983563212,1.18049860967549,-0.347328296912121,0.0823999581081843,0.518010217677634,0,0,0,0,0,1.17631113738526e-07,0
846,77.3503,33.9194,7146.74038305917,3750.468058,525,0.566144476810692,0.108179684506566,-0.743659299907822,0.99791104698635,0.120979464141622,1.1331264417452,-0.333450799043835,0,0.00576520657058377,0,0,0.0280021977723788,0,2.28084902076375e-08
847,95.7417,33.9243,8846.00413615379,3751.009851,876,-0.495939408602361,1.18279973797558,-0.906576871345797,1.00610432273003,-0.927835217777609,0.339365511064794,0.5405634244182,0,0,0,0,0,0,0
848,98.6893,33.9246,9118.34609155803,3751.043022,719,-0.534428975117833,1.14939421192456,-0.886818681984327,1.00012220795434,-0.970465916508511,0.433568659232582,0.597146175886846,0,0,0,0,0,0,0
849,100.032,33.9276,9242.40415354789,3751.374732,622,-0.478656990493172,1.16253685983151,-0.873737360613519,0.994562803430279,-0.979901162713913,0.50536481171994,0.608175408240593,0,0,0,0,0,0,0
850,96.2235,33.9353,8890.51979435496,3752.226121,858,-0.498525024177286,1.18730747325565,-0.895467065995041,1.00476219389361,-0.929625930825204,0.346708780179271,0.543243382932287,0,0,0,0,0,0,0
851,76.3581,33.9358,7055.06658466316,3752.281406,485,0.511065124960027,0.207228768721184,-0.675993225791254,0.993623725545214,0.0338523726540648,1.1411496921343,-0.210051314398821,0,1.45469523760156e-07,0,0,0.417524140505707,0,0.000331386736280415
852,92.0524,33.9369,8505.13319841702,3752.403033,908,-0.498663373544296,1.14503586746413,-0.939986805391661,1.01282271725509,-0.928332173968812,0.327159265793589,0.57622889878645,0,0,0,0,0,0,0
853,94.4561,33.9522,8727.22179870376,3754.094754,881,-0.497075943583145,1.16457318566757,-0.925661175191448,1.00901158554648,-0.938533397722708,0.350337683971884,0.557611262754617,0,0,0,0,0,0,0
854,89.3898,33.9553,8259.12366847424,3754.437521,889,-0.541786702777326,1.10067542194091,-0.93150567650761,1.02869350448581,-0.895984594913178,0.310590346588805,0.628017506810518,0,0,0,0,0,0,0
855,85.8267,33.9558,7929.91291352076,3754.492806,823,-0.32305495611053,1.31664811646818,-0.920325877857473,1.09184931820612,-0.53697081070305,0.154184660370491,0.527900491778292,0,0,0,0,0,1.4281908988778e-12,0
856,83.9977,33.9691,7760.92341819087,3755.963387,744,-0.247236071150099,1.40253788794019,-0.911908774436799,1.49606381345097,-0.179514350456004,0.0385916062149453,0.529635753342434,0,0,0,0,8.2345746514001e-05,0.00104737953111167,0
857,88.9436,33.9804,8217.89725359387,3757.212828,890,-0.533226696403761,1.1087256746713,-0.933053944466794,1.03041016073583,-0.87982396289443,0.30891995090357,0.626386513070598,0,0,0,0,0,0,0
858,98.8015,33.9816,9128.71275168708,3757.345512,710,-0.531335941989535,1.15095443481185,-0.886428911559886,1.00022225816394,-0.967778829648362,0.431238538463672,0.594156930245398,0,0,0,0,0,0,0
859,82.1284,33.9846,7588.21042550626,3757.677222,653,-0.209307751638017,1.48186030445739,-0.931989373311614,1.24546556497112,-0.306694675259232,0.073820982649695,0.508262625769668,6.47459863500899e-12,0,0,0,2.88213897192691e-13,3.80513823694528e-06,0
860,95.133,34.0049,8789.76361903662,3759.921793,895,-0.501379309317605,1.17728300467456,-0.918119858998367,1.00651410772778,-0.936241081997665,0.339616739989857,0.548597650223498,0,0,0,0,0,0,0
861,95.5849,34.0064,8831.51668242622,3760.087648,870,-0.504533204956516,1.17288132060677,-0.911697100899489,1.00553749497548,-0.934656080929016,0.345995759330885,0.546950676876623,0,0,0,0,0,0,0
862,84.4431,34.0164,7802.075917491,3761.193348,780,-0.264363974877058,1.41546556597046,-0.909665926602428,1.34304573593711,-0.220575018825448,0.042871715775623,0.511565123826695,0,0,0,0,1.74252888118787e-07,0.000130860306785996,0
863,77.4069,34.0176,7151.96991036134,3761.326032,526,0.564847923966015,0.111337805629174,-0.741197682050214,0.997668585681386,0.117574877719045,1.13288275204305,-0.328606698893018,0,0.00440580316389783,0,0,0.0304762461188464,0,3.55041507305032e-08
864,84.1566,34.0185,7775.60490031658,3761.425545,754,-0.259331709699902,1.38530928710163,-0.912999203606908,1.52134474304355,-0.166101646253097,0.0332535687924552,0.537595031661548,0,0,0,2.22044604925031e-16,0.000288933006740599,0.00228643928687799,0
865,83.9053,34.0209,7752.38616867284,3761.690913,742,-0.228556255208117,1.4731710042113,-0.916671599778146,1.38575664028579,-0.210198994932564,0.0431868663284648,0.49686954523978,5.55111512312578e-15,0,0,0,1.03136915363677e-06,0.000184957600648961,0
866,89.6952,34.0233,8287.34094123189,3761.956281,891,-0.53436712214231,1.11183317395298,-0.933152808436753,1.02418454257211,-0.910317040436532,0.301119606594956,0.607303113948271,0,0,0,0,0,0,0
867,91.0296,34.0241,8410.63212907672,3762.044737,891,-0.519318644123425,1.12718271555116,-0.936007622706572,1.01571391898489,-0.931927452173224,0.314965954328654,0.593614331585229,0,0,0,0,0,0,0
868,79.5489,34.0275,7349.87887646119,3762.420675,576,-0.182323848822145,1.36836609431838,-0.945076719119755,1.26224416099023,-0.319847068590917,0.079414576945219,0.592033370585688,2.70579136874005e-09,0,0,0,5.61306556789987e-12,1.25016779377596e-05,0
869,75.4703,34.0422,6973.03876948881,3764.046054,458,0.504993498812542,0.241676535837305,-0.66669895879912,0.991579938439034,0.00432291758427941,1.107066286527,-0.19377001422246,0,5.22165621852366e-09,0,0,0.910836436889323,0,0.000685225639085463
870,93.7522,34.0579,8662.18532753771,3765.782003,889,-0.514098981765093,1.14612135005078,-0.930047016855622,1.00992413118947,-0.949057002735252,0.35478050183061,0.567455960294152,0,0,0,0,0,0,0
871,95.851,34.0717,8856.10285230445,3767.307869,866,-0.502618444255057,1.18210133522641,-0.906541386996775,1.00514520447884,-0.930088467520821,0.343215667829614,0.53964892082016,0,0,0,0,0,0,0
872,102.274,34.0886,9449.55256717807,3769.176502,468,-0.441659792397288,1.17022126248614,-0.82943392481588,1.00146893871013,-1.01999494179276,0.4235183134855,0.598530748334476,0,0,0,0,0,2.22044604925031e-16,0
873,92.0438,34.0978,8504.33860592941,3770.193746,898,-0.508135661992628,1.14259056616751,-0.941172137948165,1.01292904023227,-0.931573858832259,0.32393014909196,0.574846326021891,0,0,0,0,0,0,0
874,85.8677,34.1032,7933.7010870082,3770.790824,818,-0.328199664287823,1.30831712492287,-0.927168762125022,1.0843726680103,-0.553526870118535,0.162053503927713,0.528069484831524,0,0,0,0,0,7.14095449438901e-13,0
875,88.5684,34.1077,8183.23084646004,3771.288389,878,-0.516106278275226,1.11394184586781,-0.92420746947957,1.03452798444125,-0.872861339549151,0.312037182016072,0.627014078344709,0,0,0,0,0,0,0
876,81.6767,34.1139,7546.47584101172,3771.973923,628,-0.221018028103914,1.3903498882855,-0.927311875621468,1.21917573495168,-0.345321543563887,0.0925146697711566,0.556043278641387,1.00119912360697e-12,0,0,0,1.99840144432528e-15,9.12455045742888e-07,0
877,99.4312,34.1158,9186.89355278561,3772.184006,666,-0.915567011121715,0.724487891732578,-0.814266353053793,1.04900410335261,0.12995956477756,-0.728274570863905,1.03178385110199,0,0,0,0,0.667433985266368,0.0162264212433947,0
878,93.1206,34.1233,8603.82897693609,3773.013281,909,-0.507607661133893,1.14636096907729,-0.940035378405385,1.01078721761803,-0.939812800738553,0.336815222585061,0.564116707470932,0,0,0,0,0,0,0
879,97.2291,34.129,8983.43167872004,3773.64353,807,-0.495103718308026,1.1939293491593,-0.888707458588953,1.00253318409573,-0.917131384657318,0.354128156210271,0.528714542866989,0,0,0,0,0,0,0
880,80.4744,34.1381,7435.38996335447,3774.649717,589,-0.207957403317716,1.3418523050268,-0.940664406641612,1.22195337251656,-0.357655740569001,0.0975515829349209,0.597137592288373,4.02775590657711e-11,0,0,0,4.44089209850063e-15,1.83355088601012e-06,0
881,95.8884,34.1436,8859.55840568079,3775.257852,863,-0.508293868474473,1.17703685880533,-0.90716888895975,1.00487484106072,-0.933055144761355,0.34817325640045,0.542006671806889,0,0,0,0,0,0,0
882,82.6637,34.1439,7637.66918813616,3775.291023,670,-0.222227436477371,1.47249950021606,-0.930651717908061,1.27077760294792,-0.287414493339999,0.0685148204895116,0.505794195763946,4.91384710699094e-13,0,0,0,9.52504741746907e-12,6.66382240255281e-06,0
883,81.2612,34.1484,7508.08593652317,3775.788588,612,-0.211118586986072,1.34887873559208,-0.932468613569895,1.22622321438381,-0.344860385781905,0.0951925192989112,0.58459879724615,8.18922707424008e-12,0,0,0,1.62092561595273e-14,1.39518524089333e-06,0
884,82.7386,34.1515,7644.58953433638,3776.131355,676,-0.224990632437928,1.47184985075304,-0.930469057736473,1.27779626920479,-0.282380698728326,0.0660232031968785,0.503364725616247,2.45137243837235e-13,0,0,0,2.00162109109669e-11,7.99503100123999e-06,0
885,89.1437,34.1576,8236.38538810207,3776.805832,882,-0.534173084170969,1.10500655765007,-0.93249182507007,1.02796679520204,-0.889040662331964,0.300006367328063,0.621867422214296,0,0,0,0,0,0,0
886,103.842,34.1757,9594.42710445377,3778.807149,347,-0.448088237017219,1.15716855454473,-0.804473212744801,0.993063322760332,-1.10325341436069,0.487723511449309,0.591787713183746,0,0,0,0,0,5.62305757512149e-12,0
887,80.1757,34.1795,7407.79173358135,3779.227315,586,-0.212477713205987,1.32745034163713,-0.940711407644831,1.21217076910612,-0.377911966488811,0.10983850538287,0.601923497552445,2.35977903884077e-11,0,0,0,2.22044604925031e-16,6.30456803651924e-07,0
888,98.5133,34.1839,9102.08466390464,3779.713823,731,-0.538013129585445,1.14699057329188,-0.888218395812088,1.00216321930778,-0.969612165880181,0.419370612727588,0.59479421337005,0,0,0,0,0,0,0
889,77.079,34.1883,7121.67376190936,3780.200331,516,0.535146206467115,0.156608508817932,-0.710144148334187,0.996444310428868,0.070515258010922,1.12645198412212,-0.262683962815635,0,6.06748645095578e-05,0,0,0.127946928885893,0,1.0039563987263e-05
890,95.5977,34.194,8832.6993317101,3780.83058,862,-0.51308032734433,1.17107740028727,-0.915824343263747,1.00466492715783,-0.935731424198138,0.351265444541537,0.545544977680467,0,0,0,0,0,0,0
891,82.0623,34.2026,7582.10315068871,3781.781482,647,-0.214995926109791,1.46463438674699,-0.933013654392328,1.25394661702262,-0.302098181259738,0.0736254997378304,0.516276433711169,2.16715534406831e-12,0,0,0,1.20325971408874e-12,4.1459789774656e-06,0
892,96.8265,34.2063,8946.2336629629,3782.190591,824,-0.509320811236294,1.18330514950459,-0.897057294871882,1.00304615623144,-0.926925082032544,0.351383035991284,0.538185392699027,0,0,0,0,0,0,0
893,90.7209,34.2088,8382.10995455057,3782.467016,889,-0.524135019078724,1.12503536225339,-0.935554636171772,1.0174776741386,-0.929175128393954,0.309649291147798,0.595140612025591,0,0,0,0,0,0,0
894,103.458,34.2134,9558.94762593727,3782.975638,381,-0.45147525841984,1.15894796390286,-0.815463449929887,1.00193919690468,-1.08091128682407,0.418508953619148,0.591388746806857,0,0,0,0,0,3.04156699826308e-12,0
895,79.0938,34.218,7307.83015075062,3783.48426,568,NA,NA,NA,NA,NA,NA,NA,NA,NA,NA,NA,NA,NA,NA
896,93.5142,34.2263,8640.1954424155,3784.401991,893,-0.524861516699011,1.13983813965582,-0.934848458168787,1.01006444295192,-0.948276205771361,0.34857059573473,0.566727599057085,0,0,0,0,0,0,0
897,95.9843,34.2273,8868.41903586239,3784.512561,855,-0.512981938067408,1.17803414693177,-0.907389389822079,1.00394166136448,-0.932865022078226,0.350173802662607,0.540972236579261,0,0,0,0,0,0,0
898,76.7636,34.2278,7092.53254439868,3784.567846,508,0.527017606387001,0.159048257907962,-0.727458848817968,0.998704267592286,0.0710976366032663,1.1366388281471,-0.276258276231218,0,4.36276484803155e-05,0,0,0.154047875727055,0,3.71406138333086e-06
899,78.4814,34.2295,7251.24777407483,3784.755815,542,0.443041976514957,-0.733724937138866,-0.939047801499591,1.36069738615331,-0.00175489880216867,0.188300116464347,-1.1173094855879,0,0,0,0,0.981503641709284,0.0225058589058942,0
900,91.4255,34.2321,8447.21110184933,3785.043297,897,-0.50746544206158,1.13499519145602,-0.939124037023952,1.01374086724691,-0.935620522169567,0.314399805239104,0.584246683879383,0,0,0,0,0,0,0
901,90.0833,34.2412,8323.19923709713,3786.049484,879,-0.529855754729695,1.12353884568214,-0.937449666099295,1.01997766895196,-0.917752651537249,0.306847380976306,0.598977832006013,0,0,0,0,0,0,0
902,84.7992,34.2548,7834.97759014653,3787.553236,789,-0.288582930184195,1.36386554859711,-0.905510862498173,1.20760386901513,-0.319536149983204,0.0739073774715164,0.528190933245271,0,0,0,0,2.66453525910038e-15,8.0217299935903e-07,0
903,83.2735,34.2683,7694.01133917616,3789.045931,707,-0.233447223920513,1.49713604596374,-0.926571617357282,1.27182962844005,-0.282217299116697,0.0635674184674594,0.485320495153523,3.24185123190546e-14,0,0,0,5.92770277307864e-12,5.8829429885332e-06,0
904,94.1,34.2705,8694.32012604823,3789.289185,880,-0.519390204538068,1.14817964015883,-0.929433450989021,1.00929762797997,-0.951150916545468,0.35616017073939,0.560464502377664,0,0,0,0,0,0,0
905,86.6174,34.2709,8002.96922514314,3789.333413,830,-0.385921416866867,1.22029685694016,-0.919928554791582,1.06331017994714,-0.670258431847379,0.218177247763505,0.567612728863776,0,0,0,0,0,0,0
906,100.692,34.2861,9303.38450724812,3791.014077,579,-0.498259604586822,1.13959073014214,-0.870139122364073,0.994941482344888,-1.05126120830733,0.534868776649179,0.630336648445426,0,0,0,0,0,0,0
907,94.2153,34.2872,8704.9732090507,3791.135704,869,-0.513762474082837,1.15117028254322,-0.928618607936504,1.0092334396525,-0.950260034638969,0.35649284264056,0.558390906499882,0,0,0,0,0,0,0
908,102.975,34.2981,9514.32109436574,3792.340917,420,-0.484003039819281,1.14145814321866,-0.825362471052733,1.00280936638691,-1.09095540743234,0.415183456582849,0.616731814469687,0,0,0,0,0,1.7608137170555e-13,0
909,87.6032,34.2997,8094.05169889721,3792.517829,848,-0.462934389337779,1.13481600494762,-0.913894169690747,1.04739792640947,-0.7948790695727,0.290958063414257,0.621446780239868,0,0,0,0,0,0,0
910,98.5252,34.3005,9103.18415816075,3792.606285,730,-0.535927434563801,1.14796733806474,-0.888817044100432,1.00223468041649,-0.968118543251908,0.416657584020499,0.591935585994115,0,0,0,0,0,0,0
911,81.9285,34.3037,7569.74076989311,3792.960109,640,-0.219466581945836,1.43898511462595,-0.93289261584482,1.24640053662641,-0.312416393586071,0.0759151483581069,0.530513021944812,1.0325074129014e-12,0,0,0,3.12416759129519e-13,3.36985092075359e-06,0
912,92.3018,34.3135,8528.17638055768,3794.043695,902,-0.512849560606384,1.1385386613593,-0.940383720231466,1.01258412099478,-0.936757630389898,0.329373123666392,0.576057789021915,0,0,0,0,0,0,0
913,81.2928,34.3138,7511.00560194275,3794.076866,609,-0.204334417326861,1.35539399078015,-0.93485741492044,1.24588303606325,-0.326061490033793,0.0859834316417118,0.583527076749385,2.43034481428595e-11,0,0,0,5.6443738571943e-13,3.56284107350113e-06,0
914,79.2586,34.3212,7323.05676028061,3794.895084,573,-0.471632665485124,0.832972831850472,-0.936687668628044,1.29561395586151,-2.25495307610964,2.03629234803033,0.983267482496921,0,0,0,0,0.513380425791805,0.554714265166737,0
915,99.1722,34.322,9162.96338368204,3794.98354,681,-0.543757771757522,1.13307988009422,-0.889027379141517,1.00102988195392,-0.999949848252103,0.466218928738056,0.626764372487341,0,0,0,0,0,0,0
916,94.0149,34.3275,8686.45735619991,3795.591675,876,-0.524462011806485,1.14315136675034,-0.931173125208848,1.00879396439511,-0.952981994374535,0.358418574294532,0.559746225271082,0,0,0,0,0,0,0
917,99.0257,34.329,9149.42759305009,3795.75753,694,-0.535921768438665,1.14709871137573,-0.889295458508438,1.00060635381341,-0.972406973663749,0.433479424551698,0.598632772188095,0,0,0,0,0,0,0
918,89.7715,34.3333,8294.39063969754,3796.232981,881,-0.536857807811538,1.11255486164766,-0.935265052255662,1.02315517768901,-0.907080032746484,0.299306347641394,0.60982394252735,0,0,0,0,0,0,0
919,86.3609,34.3368,7979.27004222782,3796.619976,820,-0.372784764969213,1.2342242376045,-0.919673495472761,1.06802933554517,-0.634883695237183,0.20437817764278,0.562912381028964,0,0,0,0,0,2.22044604925031e-15,0
920,85.4926,34.3413,7899.0439193219,3797.117541,806,-0.320540517637661,1.29696599715043,-0.913940373782416,1.14541543828257,-0.416918514913083,0.109629836322883,0.552842776874419,0,0,0,0,0,3.6473604136944e-09,0
921,74.1041,34.3426,6846.80943732933,3797.261282,391,0.490732757485895,0.333111588985288,-0.575205196429753,0.983304323282622,-0.0293728216198715,1.06826205491176,-0.125520451955049,0,5.39568389967826e-14,7.10843852669285e-08,0,0.328549326128145,0,0.0194288414481463
922,79.8422,34.3453,7376.97817606767,3797.559821,576,-0.183375542149831,1.34578203709312,-0.948299257561781,1.26889597191351,-0.317488898591497,0.0819239311593632,0.603341784206014,2.71937894424923e-09,0,0,0,1.42090783583626e-11,1.32690520990852e-05,0
923,79.5859,34.3466,7353.29747204741,3797.703562,571,-0.475830613356464,0.835257513483816,-0.937398667303688,1.31335392181387,-3.12834349184594,2.91777105553576,0.988232898376937,0,0,0,0,0.645192109453387,0.667485485301379,0
924,97.9587,34.348,9050.84268790138,3797.85836,759,-0.51791505052149,1.16444659478062,-0.889384303741281,1.00211629853592,-0.944968891227171,0.393209357534511,0.566671090810709,0,0,0,0,0,0,0
925,82.5475,34.3521,7626.93295010591,3798.311697,668,-0.217332749242387,1.4706248941483,-0.931352832454211,1.25749372333158,-0.296630497670106,0.0714311833458221,0.507179990453409,9.09716746377853e-13,0,0,0,1.48059342564011e-12,4.11097788322046e-06,0
926,87.0085,34.3545,8039.10470443429,3798.577065,835,-0.418709464639013,1.16976932139686,-0.91764252992669,1.0571985311095,-0.727047324861842,0.250954122591446,0.60419079534183,0,0,0,0,0,0,0
927,75.693,34.3554,6993.61501913888,3798.676578,468,0.511616553182187,0.21822850721062,-0.685210369640659,0.993546675016721,0.0183149058220163,1.10709887546064,-0.21937494542844,0,1.1175204717162e-07,0,0,0.654339770496059,0,0.000152669688646023
928,85.5083,34.3576,7900.49451258416,3798.919832,803,-0.325117779473887,1.29245830369607,-0.914755475214381,1.1378771665472,-0.430737404616078,0.116344760281571,0.554275784357271,0,0,0,0,0,1.54547552533302e-09,0
929,78.7258,34.3579,7273.82898383897,3798.953003,553,NA,NA,NA,NA,NA,NA,NA,NA,NA,NA,NA,NA,NA,NA
930,75.3343,34.3647,6960.47312084755,3799.704879,452,-0.265906446538783,1.25811574242269,-0.909043759569791,1.009073521055,-0.573239632057637,0.448609531381178,0.61221735093592,2.51954013208433e-12,0,0,0,0,1.11199938146456e-12,0
931,91.7798,34.3689,8479.94646444932,3800.169273,889,-0.508595478044774,1.13712297781707,-0.939342842146995,1.01331396037749,-0.938316350512696,0.318451288043003,0.577029725371837,0,0,0,0,0,0,0
932,87.5612,34.3689,8090.17113093447,3800.169273,842,-0.453583532499296,1.1423623057837,-0.916613245918124,1.04543387697951,-0.79619549857875,0.289507423832878,0.611341241087374,0,0,0,0,0,0,0
933,82.1407,34.3794,7589.34687755249,3801.330258,647,-0.222837162897911,1.45336129496891,-0.933927024093895,1.25041879351862,-0.305547159804145,0.0758981568562541,0.518442882152245,5.06705788438921e-13,0,0,0,6.31494856406789e-13,2.94538172629366e-06,0
934,103.455,34.3803,9558.67044251136,3801.429771,377,-0.472022219374795,1.14779442971161,-0.816872348263809,1.00294975134898,-1.09311698939719,0.422301444632491,0.60484459504841,0,0,0,0,0,2.47801779096335e-12,0
935,87.857,34.3814,8117.50141672921,3801.551398,840,-0.465089238086428,1.13104139541748,-0.911811069668192,1.04323285930799,-0.823226582689443,0.288007927711153,0.614696260915058,0,0,0,0,0,0,0
936,81.3851,34.3829,7519.53361201326,3801.717253,612,-0.206691382761736,1.36043893403743,-0.933229652246357,1.22899227933836,-0.339518340291393,0.0919691989583176,0.579178748479223,1.67066360745594e-11,0,0,0,3.41948691584548e-14,1.8694012287046e-06,0
937,99.2382,34.3869,9169.06141905206,3802.159533,676,-0.5438451723925,1.13074027043302,-0.887899328465618,1.00084373022212,-1.00495178912257,0.472711730179063,0.62952749970577,0,0,0,0,0,0,0
938,82.8283,34.3897,7652.8773187711,3802.469129,683,-0.224175639148347,1.48317296199126,-0.930301881405769,1.27841426542565,-0.281092688889687,0.0646244510226384,0.497645725697227,2.56683563293336e-13,0,0,0,1.71502811951996e-11,8.00966781633328e-06,0
939,76.989,34.3964,7113.35825913206,3803.209948,518,0.525326185098331,0.160046807224983,-0.71932563775809,0.998280819706883,0.0671688553289257,1.13972556163183,-0.263997774444947,0,3.07468072977546e-05,0,0,0.165700582214537,0,8.27984550588745e-06
940,91.3487,34.3988,8440.11520614603,3803.475316,893,-0.524094663734463,1.13040595476226,-0.938566761042207,1.01418293848704,-0.937936442147083,0.31662237280746,0.586600018255307,0,0,0,0,0,0,0
941,84.5166,34.4015,7808.8669114258,3803.773855,772,-0.265436349246093,1.40934294398396,-0.90867121656099,1.32981272513564,-0.226577244980728,0.0447666986718112,0.514600466196571,0,0,0,0,8.85506330483565e-08,0.000113883393978442,0
942,79.0252,34.4015,7301.4918897448,3803.773855,562,NA,NA,NA,NA,NA,NA,NA,NA,NA,NA,NA,NA,NA,NA
943,103.162,34.4079,9531.59886124747,3804.481503,405,-0.481996226683934,1.14136012384433,-0.822295205368478,1.00421870458375,-1.09550376018559,0.414666310601407,0.614418884883281,0,0,0,0,0,4.18776124888609e-13,0
944,92.4735,34.4274,8544.04051196727,3806.637618,901,-0.51962602377464,1.13667961389505,-0.93940654124016,1.01192209059111,-0.945532460147032,0.334550083594908,0.570781395069303,0,0,0,0,0,0,0
945,92.585,34.4295,8554.3424959636,3806.869815,906,-0.521785074878162,1.13727902918694,-0.939987668604585,1.0121759960611,-0.941973545722643,0.335670212847119,0.571797402396839,0,0,0,0,0,0,0
946,97.4248,34.4316,9001.51327753691,3807.102012,789,-0.505372986021633,1.18002528360724,-0.892655673297927,1.00212462064395,-0.924876091021089,0.366476116075619,0.538115052801447,0,0,0,0,0,0,0
947,81.1366,34.4348,7496.57358490037,3807.455836,601,-0.203500425402338,1.35942934291649,-0.938597286357801,1.25363189986353,-0.317430485621516,0.0804100600011038,0.5814902377188,3.77962106057339e-11,0,0,0,3.02602387591833e-12,6.92518190947844e-06,0
948,93.5696,34.4374,8645.31409634731,3807.743318,871,-0.530306568209306,1.13897701051633,-0.936689069450157,1.00930548920753,-0.947876693940735,0.350629187685296,0.561251253155396,0,0,0,0,0,0,0
949,95.2362,34.444,8799.29872888793,3808.47308,855,-0.521680417654988,1.15540002961341,-0.922562515155287,1.00774832180176,-0.951037885308673,0.348502033074042,0.557495501091929,0,0,0,0,0,0,0
950,97.2626,34.4544,8986.5268936427,3809.623008,796,-0.50588508008114,1.18000321159899,-0.894088735465623,1.00216975013236,-0.925958729497302,0.360302843813804,0.537156394732148,0,0,0,0,0,0,0
951,94.5698,34.456,8737.72705054575,3809.79992,865,-0.512167870847164,1.15901573467602,-0.928999615158976,1.00796163039163,-0.947641765844587,0.35245071392106,0.549392647238336,0,0,0,0,0,0,0
952,99.2119,34.4567,9166.63144435158,3809.877319,675,-0.547299521845057,1.12760823315524,-0.888776473496688,1.00093429712019,-1.01095715377747,0.476400515377364,0.633612985879376,0,0,0,0,0,0,0
953,95.0449,34.4654,8781.62366576239,3810.839278,853,-0.521783026680283,1.15470648959156,-0.92527114700552,1.00868467903678,-0.951000269255615,0.350866635369883,0.556189962969955,0,0,0,0,0,0,0
954,100.791,34.4658,9312.53156030315,3810.883506,566,-0.496480029785089,1.13719996251961,-0.867976420490445,0.998954450276974,-1.0710575730311,0.496805660818575,0.631060988304846,0,0,0,0,0,0,0
955,99.8247,34.478,9223.2507788175,3812.23246,633,-0.553617450202564,1.11283144966899,-0.889675951400688,0.999211299906514,-1.07521316355428,0.525566269162417,0.660694005277389,0,0,0,0,0,0,0
956,76.507,34.4824,7068.82412203583,3812.718968,502,0.534254582937581,0.142183025213345,-0.743978899334818,0.999298921064069,0.096711432437646,1.14638204394806,-0.312929839937551,0,0.000275011546704951,0,0,0.082897578757374,0,2.60473855817622e-07
957,100.687,34.4885,9302.9225348716,3813.393445,573,-0.499935746617304,1.13275760199816,-0.870862911746227,0.997594440064595,-1.07132532240289,0.516749739547696,0.638940147431007,0,0,0,0,0,0,0
958,78.9742,34.491,7296.77977150433,3813.66987,558,NA,NA,NA,NA,NA,NA,NA,NA,NA,NA,NA,NA,NA,NA
959,90.2126,34.4935,8335.14584275386,3813.946295,870,-0.534319657300502,1.11993164452777,-0.936447668706595,1.02083814829057,-0.920086908143162,0.303683750788553,0.602638709051542,0,0,0,0,0,0,0
960,91.4904,34.4954,8453.20750329652,3814.156378,889,-0.51955865551282,1.13434154935824,-0.940241814983948,1.01325784321433,-0.937478056075207,0.317137551188617,0.580574964082849,0,0,0,0,0,0,0
961,82.1182,34.5072,7587.26800185817,3815.461104,639,-0.227563382251626,1.43460556252752,-0.937132995918101,1.253089136666,-0.30316719266108,0.0758502445405913,0.530134114519918,1.88737914186277e-13,0,0,0,1.75748304798162e-12,3.42405457920414e-06,0
962,93.3479,34.5092,8624.83024117255,3815.682244,876,-0.536500763745726,1.13697957864546,-0.938055302540268,1.00950108887334,-0.949545890570428,0.348554536817602,0.563318622363716,0,0,0,0,0,0,0
963,96.4828,34.5098,8914.47768180112,3815.748586,835,-0.518027346032168,1.17254143340314,-0.901073316479775,1.00432657716562,-0.938598919191943,0.350141789024465,0.547396310816118,0,0,0,0,0,0,0
964,85.0761,34.5163,7860.56162035804,3816.467291,794,-0.303675133773073,1.3244148211836,-0.909569337605332,1.16406441054295,-0.376438179232959,0.092242630239118,0.546144477531203,0,0,0,0,0,8.57207198556864e-08,0
965,93.4528,34.5182,8634.52242163187,3816.677374,874,-0.536109377586032,1.1385476229189,-0.939885085912635,1.00832137149241,-0.946426066480554,0.349554285663178,0.559350658658871,0,0,0,0,0,0,0
966,82.3279,34.5227,7606.64312332929,3817.174939,653,-0.228750641527628,1.4469191224309,-0.933428270051295,1.23721534557946,-0.317081541000408,0.0817349277383696,0.520961269117212,1.27675647831893e-13,0,0,0,4.9960036108132e-14,1.29648478797151e-06,0
967,97.2331,34.525,8983.80125662125,3817.42925,795,-0.510760743051792,1.17598411423923,-0.895873034267754,1.00211121041294,-0.929576677607564,0.361733627077346,0.540002628636661,0,0,0,0,0,0,0
968,82.1883,34.5274,7593.74485457693,3817.694618,642,-0.229534878779414,1.43371587325672,-0.936006161138036,1.25203319506595,-0.304026764979578,0.0767794797243066,0.529863179204955,1.24122934153093e-13,0,0,0,1.442401753593e-12,3.03877518481599e-06,0
969,94.9828,34.5291,8775.88596884605,3817.882587,850,-0.524265274623725,1.15226363321449,-0.927460385142431,1.00912811655,-0.949166845639804,0.34935635606724,0.556051539932032,0,0,0,0,0,0,0
970,81.7497,34.5296,7553.22063770887,3817.937872,626,-0.221174031752437,1.39255848056575,-0.934140049459725,1.2417801203821,-0.321297896821782,0.0851440495077281,0.55733343133959,6.88116230662672e-13,0,0,0,2.58015830922886e-13,2.06318248485715e-06,0
971,84.6877,34.5339,7824.6756061502,3818.413323,777,-0.277364639816196,1.37551475473187,-0.902473119252368,1.32053429353625,-0.232548441761321,0.0477097462716126,0.527468577650488,0,0,0,0,5.11974231898193e-08,9.04304673023937e-05,0
972,103.451,34.537,9558.30086461015,3818.75609,377,-0.481058521328694,1.14716799212387,-0.819898497626403,1.00422745033629,-1.08916554023121,0.399291296068749,0.601268897159155,0,0,0,0,0,3.12261327906072e-12,0
973,98.6183,34.5375,9111.7860838115,3818.811375,716,-0.554244880276566,1.13596682689095,-0.892930681171257,1.00183748314271,-0.979759077158021,0.415832167343848,0.604199521950843,0,0,0,0,0,0,0
974,96.1189,34.5455,8880.85533223822,3819.695935,840,-0.519943961530338,1.16779304030229,-0.909494399298893,1.00467499039326,-0.938730980850982,0.351734784650445,0.545602936552979,0,0,0,0,0,0,0
975,85.9009,34.5512,7936.76858358827,3820.326184,799,-0.33668815980039,1.27207551600999,-0.909669630051672,1.09125220182649,-0.549872329700603,0.163638984683433,0.554323148845994,0,0,0,0,0,4.53925785848242e-12,0
976,78.7504,34.5515,7276.10188793144,3820.359355,550,0.441304323915807,-0.746763869139984,-0.940419510350682,1.35121911836993,0.046855872357364,0.239867928003629,-1.09444380519462,0,0,0,0,0.672067961164002,0.0419975700893052,0
977,85.5479,34.5519,7904.15333380617,3820.403583,792,-0.324561259045238,1.2953618720957,-0.913173899597935,1.11899271139733,-0.46848934753915,0.128824708186091,0.550516576775073,0,0,0,0,0,4.3581960262884e-10,0
978,86.853,34.5542,8024.73736352462,3820.657894,822,-0.408317862023945,1.17988795439651,-0.916893710685571,1.05959877741419,-0.711624549311483,0.238936620875959,0.596667249235354,0,0,0,0,0,0,0
979,96.4383,34.5548,8910.36612765012,3820.724236,835,-0.522801920380218,1.16654850579434,-0.903643856452523,1.00442971909456,-0.942874103829047,0.354540706244924,0.551731432696446,0,0,0,0,0,0,0
980,87.2212,34.563,8058.75700933132,3821.63091,821,-0.429268774696474,1.15951257172538,-0.917268549526758,1.05525196974861,-0.746623369985993,0.254745166354742,0.6059532796498,0,0,0,0,0,0,0
981,94.7709,34.5647,8756.30757952926,3821.818879,859,-0.516071425514033,1.1569708163767,-0.928770255546592,1.00846370342066,-0.945919219295127,0.347440620379917,0.549967109778892,0,0,0,0,0,0,0
982,91.9661,34.5649,8497.15955519834,3821.840993,883,-0.522766471681407,1.13351432632464,-0.941337599329592,1.01201723406895,-0.942740128282342,0.317537383586806,0.574919889403498,0,0,0,0,0,0,0
983,96.5847,34.5694,8923.89267883454,3822.338558,829,-0.513260146785974,1.17405865139181,-0.899862712728406,1.00376960481879,-0.937477929494649,0.351971126239307,0.548502548799254,0,0,0,0,0,0,0
984,81.1706,34.5751,7499.71499706068,3822.968807,599,-0.203372230102132,1.36210484961118,-0.938787310873963,1.25617987387816,-0.314845024015615,0.0785768916318972,0.580488097355064,4.1655123794726e-11,0,0,0,4.86943818600594e-12,8.44492008300612e-06,0
985,77.106,34.5753,7124.16841274255,3822.990921,520,0.527515643452832,0.164167324633979,-0.711261596913144,0.997997772525028,0.0582315366608699,1.13264356766552,-0.255049122138651,0,2.00080130092761e-05,0,0,0.205022120349729,0,1.21677584150603e-05
986,93.8096,34.5809,8667.48877042012,3823.610113,867,-0.534509380006924,1.1414733743109,-0.935378956848904,1.00852663975377,-0.953271446375379,0.357555836796846,0.559078237405745,0,0,0,0,0,0,0
987,95.421,34.5939,8816.37322792399,3825.047523,842,-0.532197244693286,1.15451819081174,-0.923276488826662,1.00660193836538,-0.953886841304644,0.35370014181552,0.553883018959827,0,0,0,0,0,0,0
988,91.6982,34.596,8472.40707526456,3825.27972,879,-0.532651190941136,1.12877871969442,-0.942771825270718,1.01242851628737,-0.941640713643697,0.313992931709499,0.578850736980569,0,0,0,0,0,0,0
989,98.1022,34.601,9064.10129510742,3825.83257,749,-0.531678434149123,1.14866092662266,-0.892595471665289,1.0015874074356,-0.96250535571516,0.405929380154672,0.581770867976469,0,0,0,0,0,0,0
990,94.7725,34.6062,8756.45541068975,3826.407534,856,-0.518983928059305,1.15655383994117,-0.928954293373984,1.00807557329938,-0.948180152686179,0.350877614738925,0.550532015556743,0,0,0,0,0,0,0
991,86.0502,34.6072,7950.56307875106,3826.518104,799,-0.348826036167492,1.25658324887721,-0.911260566392176,1.08137854314666,-0.586593889249554,0.179294704448234,0.558857338455426,0,0,0,0,0,4.06341627012807e-13,0
992,87.8634,34.6112,8118.09274137115,3826.960384,819,-0.46331951991722,1.14096269398805,-0.914938255256525,1.04177300729908,-0.82342998851289,0.263075945502924,0.589033688729717,0,0,0,0,0,0,0
993,78.9604,34.6168,7295.50472774515,3827.579576,552,NA,NA,NA,NA,NA,NA,NA,NA,NA,NA,NA,NA,NA,NA
994,93.1617,34.6195,8607.62638987106,3827.878115,878,-0.540144737675116,1.13391490588079,-0.94133254443711,1.00967418662493,-0.946928792407335,0.34696298396456,0.563966361044589,0,0,0,0,0,0,0
995,94.3726,34.6212,8719.50686001593,3828.066084,863,-0.524178518833586,1.14910922405298,-0.931409182496837,1.00808247802881,-0.951887660846492,0.355496874083842,0.553327921411073,0,0,0,0,0,0,0
996,96.2697,34.6262,8894.78841911397,3828.618934,834,-0.52286387436329,1.16288296655236,-0.906620225853881,1.00538472406382,-0.95019083256164,0.350471560592632,0.551022333970436,0,0,0,0,0,0,0
997,82.4778,34.627,7620.49305517726,3828.70739,660,-0.22966132043543,1.45775542247283,-0.935843342189066,1.24682468616653,-0.307001584158067,0.0758381475304726,0.514735035860305,9.70334923522387e-14,0,0,0,2.25597318603832e-13,2.08426307235499e-06,0
998,74.4202,34.6297,6876.01533097273,3829.005929,397,-0.279610533503942,1.2326399317446,-0.888557286060347,0.987388867794618,-0.525481989206913,0.536669759078328,0.60573401858356,1.10558229238222e-11,0,0,0,1.90314430881244e-12,1.92068583260152e-13,0
999,88.4622,34.6319,8173.41855318282,3829.249183,838,-0.513005754401258,1.11836148038081,-0.927628859377577,1.03035822571689,-0.879071226353918,0.291622549738578,0.601859715509611,0,0,0,0,0,0,0
1000,81.9281,34.6342,7569.70381210299,3829.503494,634,-0.221161924082478,1.40792011847006,-0.93585230520615,1.25810602385387,-0.303327452944728,0.0749924224845496,0.547684831290118,5.89972515285808e-13,0,0,0,3.92663679349425e-12,5.13878177166305e-06,0
1001,97.3934,34.6428,8998.61209101238,3830.454396,781,-0.512222436638587,1.17095094063246,-0.896062393970221,1.0028839580758,-0.935895524622699,0.361710208702666,0.544438183934984,0,0,0,0,0,0,0
1002,81.3747,34.643,7518.5727094701,3830.47651,607,-0.200124771033779,1.3732263286436,-0.936772489461186,1.25541293353036,-0.314140672306136,0.0784775455173467,0.574139235560525,5.21449550205944e-11,0,0,0,3.50919293623519e-12,7.36755040775527e-06,0
1003,82.4476,34.6446,7617.7027420231,3830.653422,656,-0.230204805151116,1.45203529441365,-0.936501947311646,1.24271332291845,-0.310691079815274,0.0777319580987745,0.519605576575002,8.43769498715119e-14,0,0,0,1.37445610448594e-13,1.78811757889363e-06,0
1004,78.9773,34.6468,7297.06619437777,3830.896676,552,NA,NA,NA,NA,NA,NA,NA,NA,NA,NA,NA,NA,NA,NA
1005,88.589,34.6604,8185.13417265129,3832.400428,843,-0.534039761055613,1.106117487335,-0.93188761848792,1.02826956283827,-0.891842728668902,0.291444537961186,0.60928311603986,0,0,0,0,0,0,0
1006,80.4471,34.6638,7432.86759417869,3832.776366,591,-0.18648070861301,1.37602080695222,-0.943891274486056,1.22189156019254,-0.358319320080921,0.0937423408817528,0.579027361639244,1.14346732082993e-09,0,0,0,1.11022302462516e-15,2.32350351048183e-06,0
1007,79.226,34.6686,7320.04470038572,3833.307102,568,NA,NA,NA,NA,NA,NA,NA,NA,NA,NA,NA,NA,NA,NA
1008,101.043,34.6689,9335.8149680796,3833.340273,545,-0.485482958142628,1.14697468231326,-0.868214454768151,1.0001504703306,-1.06922050947033,0.450783903240686,0.617997544245035,0,0,0,0,0,0,0
1009,101.208,34.6714,9351.06005650466,3833.616698,534,-0.485057646187056,1.14946080754343,-0.865643867102058,0.999780501436246,-1.06440937044153,0.45091538400228,0.61724292303467,0,0,0,0,0,0,0
1010,95.7501,34.6745,8846.78024974633,3833.959465,836,-0.533139299969896,1.155982613433,-0.919605561160211,1.00538812642454,-0.953003802331572,0.35582096278451,0.551201438783454,0,0,0,0,0,0,0
1011,95.4579,34.6771,8819.78258406269,3834.246947,838,-0.531921535081274,1.155195915275,-0.924058352762906,1.00676331119677,-0.951885637215219,0.352139791520539,0.552784914789668,0,0,0,0,0,0,0
1012,75.2836,34.6771,6955.78872094967,3834.246947,448,-0.267431800879824,1.25520167462109,-0.907420227409375,1.00600278296114,-0.57176789277949,0.462216704857978,0.6129977362767,2.63766786190445e-12,0,0,0,0,7.64943663966733e-13,0
1013,93.464,34.6853,8635.55723975527,3835.153621,865,-0.54007045228469,1.13775351266034,-0.93778985403615,1.00866015436992,-0.952199325511146,0.354486954178605,0.559156381519737,0,0,0,0,0,0,0
1014,82.1604,34.6892,7591.16704871597,3835.584844,637,-0.228258557634978,1.4277394712708,-0.938218953947375,1.25483097996329,-0.301720107849361,0.0763510131240026,0.535061942332355,1.37667655053519e-13,0,0,0,2.87836421364318e-12,3.45809748591996e-06,0
1015,80.8734,34.6895,7472.25535900052,3835.618015,596,-0.180252657336404,1.40261192448716,-0.943080587387785,1.24828282463747,-0.322185272795181,0.0752335573934197,0.564254260793255,2.15870721298472e-09,0,0,0,5.95301585804009e-13,1.19347835665362e-05,0
1016,86.397,34.7026,7982.60548278628,3837.066482,800,-0.387976089119044,1.21912208269245,-0.911832901835594,1.0679375173994,-0.649777915516419,0.216227281300935,0.576617373455202,0,0,0,0,0,1.99840144432528e-15,0
1017,103.176,34.7126,9532.89238390172,3838.172182,391,-0.486695140606722,1.14686486821269,-0.826799137294507,1.00356948238336,-1.09551694415538,0.398970191075266,0.605433865258823,0,0,0,0,0,4.5807801996034e-13,0
1018,98.9071,34.7177,9138.46960827911,3838.736089,692,-0.563443456143007,1.12021463381125,-0.891459221616064,1.00300214266197,-1.01580878636087,0.436229915258442,0.624605643891968,0,0,0,0,0,0,0
1019,84.0697,34.7259,7767.57582041271,3839.642763,740,NA,NA,NA,NA,NA,NA,NA,NA,NA,NA,NA,NA,NA,NA
1020,98.7076,34.7378,9120.03691045609,3840.958546,703,-0.560736691701545,1.1243958982657,-0.891915508877365,1.00302132206139,-1.00619135193632,0.424187996901475,0.615760764420158,0,0,0,0,0,0,0
1021,89.4538,34.7502,8265.03691489365,3842.329614,844,-0.574259833725329,1.08616524806691,-0.936649138250155,1.02690977709624,-0.893631846284618,0.298101087016866,0.631450884991736,0,0,0,0,0,0,0
1022,87.6215,34.7548,8095.74251779527,3842.838236,798,-0.470724914544841,1.13994593488501,-0.922660823270088,1.04235706058192,-0.811363015495008,0.247165340982583,0.588634810355018,0,0,0,0,0,0,0
1023,97.8669,34.7601,9042.36087506853,3843.424257,750,-0.522774922915922,1.1512955724246,-0.892017895001711,1.00321074793842,-0.964568437910634,0.392554765590882,0.570361110016251,0,0,0,0,0,0,0
1024,98.1152,34.7631,9065.30242328636,3843.755967,740,-0.534224080755144,1.14236134186982,-0.891662189869477,1.00344993968068,-0.975012265887301,0.399418464890989,0.580846376226818,0,0,0,0,0,0,0
1025,90.867,34.7736,8395.60878739239,3844.916952,866,-0.557218376743136,1.11299527275375,-0.936800825650308,1.01698345669855,-0.934714282146779,0.308246005907711,0.597929743721155,0,0,0,0,0,0,0
1026,85.8794,34.7789,7934.78210236924,3845.502973,782,-0.346650782457026,1.2521859171943,-0.905741372104451,1.0969367435157,-0.537174456136451,0.159100249891455,0.570332850998198,0,0,0,0,0,2.41311415294376e-11,0
1027,86.7148,34.7891,8011.96844703769,3846.630787,798,-0.414557184072632,1.1735876154723,-0.905838094691113,1.07001844838974,-0.674629999374187,0.228128109702508,0.610282586562423,0,0,0,0,0,1.11022302462516e-15,0
1028,78.7739,34.8004,7278.27315810106,3847.880228,553,NA,NA,NA,NA,NA,NA,NA,NA,NA,NA,NA,NA,NA,NA
1029,90.0491,34.8005,8320.03934604176,3847.891285,854,-0.580625038830672,1.09725828385732,-0.938249282590689,1.01913003915318,-0.928400940767553,0.302622688521126,0.609923786695532,0,0,0,0,0,0,0
1030,95.0373,34.8133,8780.92146775008,3849.306581,839,-0.538464912963265,1.14386238185754,-0.928663126431617,1.00850164837292,-0.954880974013344,0.351186262690493,0.555656039704133,0,0,0,0,0,0,0
1031,75.9638,34.8191,7018.63544305103,3849.947887,474,0.515519269651234,0.204296784583359,-0.696593927959107,0.994594206194228,0.0268682369285547,1.10700125118739,-0.235282719532975,0,6.15355025379571e-07,0,0,0.525091821648662,0,5.2418562883183e-05
1032,91.5878,34.8255,8462.20672519107,3850.655535,873,-0.556617294233497,1.12119543507319,-0.941332550565814,1.01249534013632,-0.948089918715888,0.323104203355388,0.584761224109355,0,0,0,0,0,0,0
1033,103.589,34.8286,9571.05130220201,3850.998302,361,-0.486064745416895,1.13976980277276,-0.822483427275829,1.00200045408164,-1.11037396567001,0.422376368325937,0.608004833062404,0,0,0,0,0,1.64734892393881e-12,0
1034,91.9383,34.8507,8494.5909887849,3853.441899,872,-0.545238156034426,1.12618995186875,-0.94286574351384,1.01127524540514,-0.947966411808429,0.324914909860182,0.577403292797758,0,0,0,0,0,0,0
1035,98.4642,34.8542,9097.54809516725,3853.828894,717,-0.545931154672177,1.13248301551874,-0.893920316527156,1.0028793778853,-0.990830052001443,0.414215695959089,0.594696336740317,0,0,0,0,0,0,0
1036,78.6432,34.8642,7266.19720017891,3854.934594,546,0.419471933914654,-0.720466458307195,-0.94024822908112,1.40565112763059,-0.0426535598812455,0.131280455442041,-1.13930837243723,0,0,0,0,0.420004033979235,0.022983179289215,0
1037,79.4766,34.8643,7343.19875589675,3854.945651,570,-0.466082155964915,0.830715067910366,-0.938295566434192,1.29871163226983,-1.9523323067576,1.7335702322328,0.981167532531365,0,0,0,0,0.467280522506067,0.518111160194339,0
1038,82.2433,34.8724,7598.82655071862,3855.841268,640,-0.226946707053673,1.43465649803243,-0.939227833350748,1.25458437514686,-0.301879074836971,0.0752370911230638,0.531334222667041,1.62536650805123e-13,0,0,0,2.08855155392484e-12,3.43051374840364e-06,0
1039,79.8391,34.8765,7376.69175319423,3856.294605,574,-0.183103604365097,1.36242803345289,-0.94742496186226,1.28062014523353,-0.310076139976225,0.0774747559308499,0.588176149278776,4.26200141845356e-09,0,0,0,3.84319243096343e-11,1.98782454363666e-05,0
1040,101.036,34.8898,9335.16820675248,3857.765186,538,-0.498696949627528,1.1382538146433,-0.871372229865961,1.0003949015292,-1.08529541609275,0.435231353777712,0.624771689290765,0,0,0,0,0,0,0
1041,86.8292,34.89,8022.5383750124,3857.7873,792,-0.417754326449476,1.16807976593416,-0.909635164748403,1.06495351846367,-0.690809795312046,0.235663873921633,0.612763821844751,0,0,0,0,0,4.44089209850063e-16,0
1042,80.9443,34.898,7478.80612729952,3858.67186,591,-0.181155076177473,1.39444078313729,-0.944301003523707,1.26474714027957,-0.306103252283638,0.0700925419254345,0.5672766774806,2.1385848647526e-09,0,0,0,1.55764290354909e-11,2.38346104024512e-05,0
1043,92.5272,34.9131,8549.00209529107,3860.341467,873,-0.55305602515115,1.12741567182214,-0.937424818691804,1.00990346756348,-0.964095129744168,0.335751267554318,0.564161143469185,0,0,0,0,0,0,0
1044,98.8054,34.9132,9129.07309014076,3860.352524,688,-0.570196807632403,1.1165457669669,-0.894704400533485,1.00310523896872,-1.01671454928992,0.424086002887677,0.620221390103153,0,0,0,0,0,0,0
1045,83.4897,34.9199,7713.98702473675,3861.093343,704,-0.252147383659164,1.42906465403717,-0.933588523381751,1.41736129367746,-0.205194706913965,0.0452655983503651,0.51065688984653,2.22044604925031e-16,0,0,0,3.29638017371181e-06,0.000249725578641335,0
1046,84.5247,34.9231,7809.61530667575,3861.447167,757,-0.308658996828969,1.32028449947734,-0.902763521442129,1.58992614337241,-0.149279059658591,0.0293636436922452,0.564937171390953,0,0,0,3.17577075747977e-11,0.00180139096917054,0.00740669881433442,0
1047,99.8028,34.9249,9221.22733980835,3861.646193,623,-0.56409872547976,1.10467979684079,-0.889874316924002,1.00082166630525,-1.09832707704828,0.499082891070771,0.667266606605734,0,0,0,0,0,0,0
1048,94.9267,34.9271,8770.70263878153,3861.889447,837,-0.540715711314769,1.14204920424905,-0.930871242588573,1.0082053915753,-0.955884066357511,0.353542821601941,0.557765412130521,0,0,0,0,0,0,0
1049,89.1647,34.9306,8238.32567208345,3862.276442,829,-0.574708232875988,1.08313461561231,-0.931559505814477,1.02813152623667,-0.905670876957061,0.292931193775642,0.627789010172124,0,0,0,0,0,0,0
1050,76.5577,34.9355,7073.50852193371,3862.818235,500,0.524063203461421,0.157087376001831,-0.740562323318992,0.99894175753735,0.0745934616226828,1.12463676835918,-0.298770929127211,0,7.93332711226391e-05,0,0,0.150640522704666,0,5.7510565265595e-07
1051,102.559,34.9357,9475.88499263953,3862.840349,435,-0.474376054043857,1.17334914566507,-0.839541876308509,1.00253053931512,-1.06143944209525,0.355805208655246,0.582814187848589,0,0,0,0,0,1.50990331349021e-14,0
1052,97.5303,34.9374,9011.26089468141,3863.028318,767,-0.5231551068661,1.15641819202148,-0.896701046208998,1.00290410093904,-0.959866731081018,0.374132361265887,0.559483664848786,0,0,0,0,0,0,0
1053,95.4919,34.9448,8822.923996223,3863.846536,823,-0.539027726412443,1.14385060707461,-0.925319114448198,1.00692096864251,-0.955040365831263,0.354344922060464,0.554438910940009,0,0,0,0,0,0,0
1054,90.6277,34.946,8373.49878945229,3863.97922,853,-0.569357315492823,1.10687938512114,-0.935419825282321,1.01842511770389,-0.934296160773502,0.306125532471891,0.598680635825178,0,0,0,0,0,0,0
1055,80.7029,34.9465,7456.50210096129,3864.034505,590,-0.178661304477498,1.4098568279719,-0.945637080681355,1.24200277923243,-0.32706742264454,0.074972466460309,0.561542898243622,3.59997542886958e-09,0,0,0,2.28261853862932e-13,1.27842112642718e-05,0
1056,90.2516,34.9533,8338.74922729069,3864.786381,844,-0.58088404097865,1.1003826979633,-0.938558433089294,1.01880521732005,-0.926690951175707,0.303563242238554,0.604825609576486,0,0,0,0,0,0,0
1057,81.6656,34.9609,7545.45026233585,3865.626713,614,-0.194824067713534,1.41256785126386,-0.937044383211459,1.25858106330576,-0.305541764746108,0.0734470628331269,0.553415534158604,1.19574350421203e-10,0,0,0,5.99453819916107e-12,1.03958934161152e-05,0
1058,91.8237,34.9651,8484.00258191514,3866.091107,863,-0.552240098314131,1.12412443586153,-0.942829921062984,1.01145352227146,-0.949681455095332,0.323384469299587,0.577059996701707,0,0,0,0,0,0,0
1059,98.5462,34.9666,9105.12444214212,3866.256962,706,-0.559293519141674,1.12407799579282,-0.894725510211704,1.00304492450637,-1.00178203648373,0.415568574494246,0.60615402990457,0,0,0,0,0,0,0
1060,81.1022,34.9749,7493.39521494993,3867.174693,594,0.459193764422238,0.171908839836812,-0.674468016320041,0.985600993559474,0.100366186250182,1.32322048834651,-0.204972736987454,0,3.43760713450436e-07,0,0,0.140829322517941,0,0.0013995032161207
1061,78.7439,34.9776,7275.50132384196,3867.473232,545,NA,NA,NA,NA,NA,NA,NA,NA,NA,NA,NA,NA,NA,NA
1062,74.9202,34.9794,6922.21256862442,3867.672258,419,0.485183177704081,0.314377997567781,-0.571633689945395,0.983556452186985,-0.0164597565462277,1.08924509154638,-0.13351891325771,0,1.791899961745e-13,6.24985776465081e-08,0,0.564894137424522,0,0.0129975665023221
1063,92.9579,34.9837,8588.79639580423,3868.147709,856,-0.547551219813526,1.12937859117304,-0.938616830293384,1.00946041534992,-0.963879855128022,0.337660761278525,0.561056109685187,0,0,0,0,0,0,0
1064,79.0968,34.9911,7308.10733417653,3868.965927,554,NA,NA,NA,NA,NA,NA,NA,NA,NA,NA,NA,NA,NA,NA
1065,79.8264,34.9934,7375.51834335788,3869.220238,575,-0.178758270639671,1.37912353390204,-0.947734900033742,1.27562662203069,-0.307299924894543,0.0733870928463437,0.579444170620317,8.38877478592792e-09,0,0,0,3.83353349064919e-11,2.76723770216147e-05,0
1066,69.96,34.9957,6463.91749222459,3869.474549,228,0.305186802235078,0.656883446413742,-0.791028368023272,0.984223662763708,-0.983991803787564,1.48477286885415,0.53736086930705,4.52382087345882e-09,0,0,0,6.53841003561695e-08,0,1.92346139016308e-11
1067,83.9907,34.996,7760.27665686375,3869.50772,728,NA,NA,NA,NA,NA,NA,NA,NA,NA,NA,NA,NA,NA,NA
1068,68.3066,34.9985,6311.15246675798,3869.784145,171,0.0578291357585478,0.820332173229899,-0.776473843037454,0.971817515642336,-1.72252225350957,2.14046742032121,0.804734827928443,0.410630917659128,0,0,0,0.00132818192882111,6.8677104961612e-05,0
1069,91.7313,35.0017,8475.4653323971,3870.137969,857,-0.564019752137953,1.11875748998884,-0.941712973202123,1.01217516372716,-0.950028848374051,0.325242137620383,0.582995155977073,0,0,0,0,0,0,0
1070,97.3667,35.0062,8996.14515852178,3870.635534,772,-0.523569000944747,1.15759852412144,-0.898375508049745,1.00303786647891,-0.960174680791278,0.371575013169237,0.557463746676968,0,0,0,0,0,0,0
1071,84.0881,35.0086,7769.2758787583,3870.900902,732,NA,NA,NA,NA,NA,NA,NA,NA,NA,NA,NA,NA,NA,NA
1072,78.8905,35.0215,7289.04635392144,3872.327255,552,NA,NA,NA,NA,NA,NA,NA,NA,NA,NA,NA,NA,NA,NA
1073,94.7053,35.0238,8750.24650194936,3872.581566,837,-0.538412971375394,1.14162440722226,-0.931777608181478,1.0074596757786,-0.959365108642273,0.361231464094183,0.551726806197332,0,0,0,0,0,0,0
1074,86.1468,35.0292,7959.48838506537,3873.178644,772,-0.387377392682123,1.18813157642043,-0.889010283145468,1.11310429000494,-0.519465795863407,0.157454812703785,0.622172061748957,0,0,0,0,0,5.99710281434795e-10,0
1075,79.4029,35.0311,7336.38928306689,3873.388727,563,NA,NA,NA,NA,NA,NA,NA,NA,NA,NA,NA,NA,NA,NA
1076,79.5534,35.0343,7350.29465160005,3873.742551,570,-0.463869715507174,0.823532590950014,-0.938112947272966,1.30331931792486,-2.66184496716473,2.44459994355075,0.98681321431063,0,0,0,0,0.629330299058032,0.657432247004347,0
1077,98.9742,35.0398,9144.66927757197,3874.350686,674,-0.576936727039992,1.10482779128378,-0.896904201760999,1.00227857117531,-1.04592521713312,0.458375843936424,0.64342351046599,0,0,0,0,0,0,0
1078,102.035,35.0441,9427.47028758056,3874.826137,469,-0.49704116303752,1.14042971388314,-0.858158429060811,1.00173448906875,-1.09775764775055,0.395561280972566,0.61130446193182,0,0,0,0,0,0,0
1079,77.7343,35.0503,7182.21986157567,3875.511671,531,0.527972262177339,0.160181620146373,-0.703257128803309,0.996501140161665,0.0660297642302162,1.14206232317246,-0.251552681660882,0,2.34905126550444e-05,0,0,0.148244825874573,0,1.64914418616657e-05
1080,90.1852,35.051,8332.61423413054,3875.58907,839,-0.9289361948761,0.772913299888194,-0.923143941892063,1.03430997034026,-0.786926162679268,0.0881542357014073,0.89569856451418,0,0,0,0,0,0.2579146279128,0
1081,95.7323,35.057,8845.13562808593,3876.25249,817,-0.53932976708247,1.1424892876622,-0.924464587185361,1.00685005587658,-0.955804610723396,0.354002724225264,0.555639318855506,0,0,0,0,0,0,0
1082,102.076,35.0591,9431.258461068,3876.484687,467,-0.500759135003733,1.13898342505854,-0.858340019868418,1.0009762281137,-1.10310585706053,0.399352004610085,0.612795697901773,0,0,0,0,0,0,0
1083,93.3211,35.0649,8622.35406923442,3877.125993,845,-0.549895208174065,1.13241001490515,-0.939057202676834,1.00870296924816,-0.964073879321255,0.348780415096283,0.555002834191167,0,0,0,0,0,0,0
1084,79.9176,35.0655,7383.94471950554,3877.192335,573,-0.178085530220102,1.36765250316869,-0.948518757970038,1.27874155950256,-0.31064254728176,0.076738161434839,0.585827032033667,9.30792487530141e-09,0,0,0,3.05500069686104e-11,2.15824085358918e-05,0
1085,78.4206,35.0661,7245.63018997638,3877.258677,531,NA,NA,NA,NA,NA,NA,NA,NA,NA,NA,NA,NA,NA,NA
1086,99.033,35.0711,9150.10207271981,3877.811527,668,-0.572816636399871,1.1082294688105,-0.896448785972573,1.00257018981798,-1.04837728514765,0.445954223137555,0.637166036207385,0,0,0,0,0,0,0
1087,83.119,35.0779,7679.73639274179,3878.563403,683,-0.246916540509349,1.42974852692367,-0.936238454935057,1.30024556567509,-0.269319172080531,0.063323458710065,0.517196901366302,8.88178419700125e-16,0,0,0,2.5513147150491e-10,1.03591043647544e-05,0
1088,83.382,35.0793,7704.03613974658,3878.718201,692,-0.257749541859283,1.42431057467291,-0.933697257856877,1.3603816711974,-0.229974047418375,0.0534625608116478,0.514112296767856,0,0,0,0,1.35948010182574e-07,6.74099959998564e-05,0
1089,88.0177,35.0804,8132.34920891047,3878.839828,774,-0.515993752082761,1.10035930155228,-0.92066092542795,1.04099916058032,-0.836688348830056,0.263874006334299,0.617119733089101,0,0,0,0,0,0,0
1090,83.5327,35.0805,7717.9599871748,3878.850885,693,NA,NA,NA,NA,NA,NA,NA,NA,NA,NA,NA,NA,NA,NA
1091,97.951,35.0852,9050.13125044155,3879.370564,739,-0.527773892344658,1.14834076722023,-0.893565135836844,1.00269257301419,-0.966120156994463,0.391629403957645,0.570873371216074,0,0,0,0,0,0,0
1092,99.7337,35.0856,9214.84288156489,3879.414792,620,-0.569118723738169,1.10013374082484,-0.890595604459612,1.00148582261481,-1.11166863006407,0.491380728801654,0.67330008705147,0,0,0,0,0,0,0
1093,73.1758,35.089,6761.0396459052,3879.79073,352,0.490854971719476,0.379043342871443,-0.5963873830616,0.986166793845198,-0.0736935170546906,1.08758103396118,-0.0986420589886572,0,0,3.00233171657283e-11,0,0.049384033661767,0,0.0600776096067162
1094,79.4783,35.1017,7343.35582650477,3881.194969,565,NA,NA,NA,NA,NA,NA,NA,NA,NA,NA,NA,NA,NA,NA
1095,67.9517,35.1027,6278.36166747281,3881.305539,163,0.0221303720557283,0.82471478524608,-0.763318887110912,0.970923106191102,-1.93272753284559,2.34765459324927,0.826096515564937,0.757632148594991,0,0,0,0.00480619134347826,0.000638791420648044,0
1096,73.372,35.1054,6779.16744195973,3881.604078,356,0.489147470620259,0.381136430112628,-0.603826389269983,0.986435783201114,-0.0767013248200295,1.08472368037877,-0.098288669800544,0,0,4.12603284871693e-12,0,0.0414269683203738,0,0.0601948213148364
1097,102.608,35.1105,9480.4123219294,3882.167985,425,-0.474933308897759,1.17505188834569,-0.844552060133442,1.00247458800661,-1.06648159952249,0.345775284080596,0.581213327983505,0,0,0,0,0,2.79776202205539e-14,0
1098,73.9819,35.1192,6835.51883244726,3883.129944,375,-0.268582473657231,1.24811679278117,-0.879955689828003,0.983579440910614,-0.488633434643561,0.527224835078549,0.591868349828228,2.42643682923926e-10,0,0,0,2.17698303828229e-10,2.53375098679953e-12,0
1099,70.5747,35.1316,6520.71237619358,3884.501012,243,0.340665718180514,0.617036779748459,-0.785384288768661,0.983624118314779,-0.818964264415971,1.39481198270549,0.44402656136085,6.5349947675486e-12,0,0,0,1.04061994576909e-08,0,1.01636685734263e-07
1100,68.9959,35.1377,6374.8399785846,3885.175489,197,0.0937984038826117,0.815195081409119,-0.793333826675612,0.974959236068794,-1.47928501045099,1.86382174779141,0.766811701480286,0.159270875717797,0,0,0,4.73796250377578e-05,2.85262939936359e-07,0
1101,79.3405,35.1434,7330.62386780796,3885.805738,562,NA,NA,NA,NA,NA,NA,NA,NA,NA,NA,NA,NA,NA,NA
1102,83.3859,35.1453,7704.39647820026,3886.015821,686,-0.264821674917291,1.38319106747621,-0.933447680579977,1.49785280068671,-0.185378254529819,0.0424964160843735,0.53623610508824,0,0,0,0,7.03584589272221e-05,0.000963005235372183,0
1103,84.008,35.1523,7761.8750812865,3886.789811,722,NA,NA,NA,NA,NA,NA,NA,NA,NA,NA,NA,NA,NA,NA
1104,98.5405,35.1545,9104.59779363289,3887.033065,700,-0.557320258309396,1.12775903311802,-0.896416038766595,1.00315137224037,-1.00296402753092,0.401777963515561,0.598489887398006,0,0,0,0,0,0,0
1105,70.5033,35.1563,6514.11541065692,3887.232091,243,0.340665718180514,0.617036779748459,-0.785384288768661,0.983624118314779,-0.818964264415971,1.39481198270549,0.44402656136085,6.5349947675486e-12,0,0,0,1.04061994576909e-08,0,1.01636685734263e-07
1106,84.0619,35.1593,7766.85514350535,3887.563801,723,-0.291823235940966,1.34396887656821,-0.919605960595552,2.28967613624119,-0.0812166658740587,0.0154129935135197,0.55211891861727,0,0,0,0.0524508845645619,0.173612925623155,0.188863248393923,0
1107,75.8892,35.1696,7011.7428151934,3888.702672,468,0.512594957369237,0.212015569807159,-0.688991977916857,0.993873164252375,0.0226513102005928,1.10769025295648,-0.228288625691696,0,2.57612199128232e-07,0,0,0.586638244209416,0,8.71833569289215e-05
1108,70.576,35.17,6520.83248901147,3888.7469,244,0.335907371221157,0.619697520231533,-0.784103320054887,0.983538637373792,-0.835970883333203,1.40770547989212,0.454304164757349,1.1518563880486e-11,0,0,0,1.31278152792902e-08,0,4.26727648772385e-08
1109,90.0392,35.1715,8319.12464073625,3888.912755,823,-0.92750784406126,0.778898132959356,-0.928060947502594,1.03401771084242,-0.748526186220003,0.0521631195079002,0.893195952964442,0,0,0,0,0,0.494545704343272,0
1110,91.528,35.1739,8456.68153556793,3889.178123,844,-0.588988448134122,1.10943673465993,-0.940621570643937,1.01389440688458,-0.95006859364306,0.324495863558762,0.588163091823789,0,0,0,0,0,0,0
1111,78.3263,35.175,7236.91739095527,3889.29975,527,NA,NA,NA,NA,NA,NA,NA,NA,NA,NA,NA,NA,NA,NA
1112,74.5074,35.1764,6884.07212921919,3889.454548,391,-0.279759967019191,1.22486035650939,-0.891056014889844,0.983681337308922,-0.507572118188056,0.545857450533327,0.611928394196842,1.60707003260541e-11,0,0,0,3.18303161606082e-11,2.21600515715181e-13,0
1113,89.386,35.1781,8258.77256946808,3889.642517,807,-0.917962158985141,0.752790535939923,-0.932893743260683,1.03769581292653,-0.568796429147466,-0.15169475643652,0.880245582247002,0,0,0,0,0,0.0201710774305652,0
1114,102.777,35.1834,9496.02698825567,3890.228538,408,-0.475202134608889,1.17299105882076,-0.844082769716468,1.00341293520726,-1.07147891221386,0.34497592690481,0.583206719010166,0,0,0,0,0,1.08801856413265e-13,0
1115,85.1087,35.184,7863.57368025293,3890.29488,745,-0.377826145728092,1.20943311583958,-0.87598867903701,1.44557463550839,-0.19830262290391,0.044038282358942,0.636334987468873,0,0,0,0,5.5673904635567e-05,0.00180469019445351,0
1116,98.2303,35.1983,9075.93702739378,3891.876031,714,-0.54106447580448,1.13457752503836,-0.89286289243485,1.00366000279916,-0.985496875924638,0.411579819954384,0.588815571832318,0,0,0,0,0,0,0
1117,90.4805,35.2062,8359.89832268764,3892.749534,829,-0.936158316100853,0.776597934454784,-0.925302261323491,1.03432371939828,-0.759078818902995,0.0586611682856752,0.889452609150066,0,0,0,0,0,0.416857776064799,0
1118,68.9988,35.2161,6375.10792256298,3893.844177,198,0.137001637961446,0.787316280738901,-0.792779205096905,0.976077736830003,-1.44098621491347,1.85362980959837,0.747764683937593,0.0315153448037058,0,0,0,4.57381982343907e-05,1.40828867234433e-07,0
1119,96.6972,35.2164,8934.28705730617,3893.877348,790,-0.538246013264988,1.1457386093171,-0.90734257122803,1.00453945114173,-0.967436687928336,0.368571788742941,0.562300154514389,0,0,0,0,0,0,0
1120,91.7364,35.2188,8475.93654422115,3894.142716,853,-0.588932782014114,1.10916425908688,-0.940438652175865,1.01140754729376,-0.960718665916644,0.330265556713204,0.586813200517903,0,0,0,0,0,0,0
1121,97.8566,35.2232,9041.40921197291,3894.629224,739,-0.534552456054865,1.14401945683146,-0.895425873500527,1.00285587180005,-0.971110732794411,0.393740587301037,0.576200745603553,0,0,0,0,0,0,0
1122,71.3099,35.2249,6588.64079443662,3894.817193,273,0.344662068930787,0.605254726888264,-0.756561190063557,0.984708591769867,-0.635078392691021,1.26177445612947,0.336279903124754,4.5807801996034e-13,0,0,0,1.46562983971421e-10,0,3.09573128960405e-05
1123,70.0968,35.2346,6476.55705644609,3895.889722,231,0.297933986097335,0.65783095856327,-0.791933275116221,0.983746445044089,-1.00532657790756,1.50571169044945,0.545939724647784,8.29382740263895e-09,0,0,0,1.12507188676503e-07,4.44089209850063e-16,6.97686353134941e-12
1124,70.1089,35.2551,6477.67502959726,3898.156407,233,0.302634031329787,0.659745665453586,-0.79034579000367,0.983162811272046,-0.966088208598206,1.47403290966699,0.532337186849609,4.17607370906126e-09,0,0,0,4.1777909132179e-08,0,1.59250390652232e-11
1125,68.7157,35.2572,6348.95104660459,3898.388604,188,0.106300075836269,0.804095459368778,-0.787482745339539,0.972142111512786,-1.47604338040896,1.89136900282838,0.759157045193224,0.106040157500664,0,0,0,6.76134723498478e-05,3.15249266691353e-07,0
1126,81.5797,35.2631,7537.51357690729,3899.040967,606,-0.171104138172006,1.44064389235627,-0.941523076903359,1.29958037711152,-0.27366282016493,0.0557948952978196,0.541234808638134,6.02951311101663e-09,0,0,0,1.20283427662571e-09,8.23367607478698e-05,0
1127,88.9863,35.264,8221.84249768932,3899.14048,794,-0.922116176841653,0.749691956369746,-0.932258670982217,1.03987831874792,-0.550776309887998,-0.168534729098772,0.869787286395391,0,0,0,0,0,0.00519297284234344,0
1128,86.6626,35.2687,8007.14545542685,3899.660159,751,-0.444852595155639,1.12877357254636,-0.881574813214869,1.08524970557317,-0.649956848276022,0.212860113877167,0.647123473631703,0,0,0,0,0,1.68298708302927e-11,0
1129,70.6455,35.2704,6527.25390504506,3899.848128,244,0.335907371221157,0.619697520231533,-0.784103320054887,0.983538637373792,-0.835970883333203,1.40770547989212,0.454304164757349,1.1518563880486e-11,0,0,0,1.31278152792902e-08,0,4.26727648772385e-08
1130,84.6026,35.2706,7816.81283630189,3899.870242,735,NA,NA,NA,NA,NA,NA,NA,NA,NA,NA,NA,NA,NA,NA
1131,70.3632,35.2782,6501.17094466691,3900.710574,239,0.335760092243168,0.623137940984522,-0.786727942909418,0.983734223790402,-0.841573511418965,1.40089683243661,0.454194899573605,2.09294803710236e-11,0,0,0,1.15731657590601e-08,0,5.21016059185087e-08
1132,99.1041,35.2808,9156.67131991388,3900.998056,652,-0.573140158542653,1.10722073549971,-0.895881246283061,1.00238357133454,-1.06036245630034,0.431689864324784,0.637559638570923,0,0,0,0,0,0,0
1133,88.0707,35.2843,8137.24611610155,3901.385051,763,-0.890561605639665,0.743621909264588,-0.925475094045383,1.05024607993197,-0.456613163780284,-0.22166777148909,0.862496461124745,0,0,0,0,5.7065463465733e-14,0.000308666670030489,0
1134,76.3257,35.2847,7052.07300366333,3901.429279,485,0.523096033135184,0.171333996735517,-0.726938057996788,0.997539562209367,0.0603958503876176,1.11738831499179,-0.285730500392602,0,2.35737035356731e-05,0,0,0.21964422600835,0,1.67401776995924e-06
1135,100.998,35.2917,9331.65721669095,3902.203269,525,-0.531054848142505,1.12435753430916,-0.874045641406451,1.00195239441249,-1.12264454790252,0.412324977161535,0.640333132159538,0,0,0,0,0,0,0
1136,80.386,35.2932,7427.22229173765,3902.369124,574,-0.464923543274519,0.835611658083044,-0.942288526545387,1.32080435203173,-1.66309517477979,1.4524255744015,0.977971182210126,0,0,0,0,0.378992160221155,0.441278722040283,0
1137,87.3036,35.2961,8066.37031409632,3902.689777,754,-0.494419358527376,1.11409842783652,-0.907236345150682,1.05506604025522,-0.771346958332825,0.238377371669827,0.626904581327713,0,0,0,0,0,2.66453525910038e-15,0
1138,71.0952,35.3008,6568.80370058899,3903.209456,263,0.346000928117468,0.612571973367442,-0.764246987279816,0.984880290178333,-0.671184227718773,1.28078593628002,0.366346960072785,9.86322135076989e-13,0,0,0,2.74050115933733e-10,0,6.30550826108411e-06
1139,83.7755,35.303,7740.39336577846,3903.45271,696,NA,NA,NA,NA,NA,NA,NA,NA,NA,NA,NA,NA,NA,NA
1140,85.9391,35.303,7940.29805254486,3903.45271,747,-0.419922942167081,1.16208450489165,-0.876609580528834,1.1679329159188,-0.401728412737636,0.104512147637421,0.659190934356843,0,0,0,0,0,3.79316295751053e-06,0
1141,97.4884,35.3049,9007.3895661662,3903.662793,758,-0.532983339457924,1.15142977186125,-0.897985211125295,1.00420369941155,-0.967320970171818,0.36923544053959,0.561683896884005,0,0,0,0,0,0,0
1142,91.4918,35.3079,8453.33685556195,3903.994503,841,-0.595388890561052,1.10665091462337,-0.940646872212571,1.01363449445068,-0.95318013496853,0.328701918206145,0.59064015380815,0,0,0,0,0,0,0
1143,97.8109,35.3134,9037.18678445155,3904.602638,737,-0.532087912937274,1.1468860419375,-0.893981857592827,1.00384635401192,-0.971145954028021,0.383678507709247,0.569358594959764,0,0,0,0,0,0,0
1144,88.2112,35.3168,8150.22753988167,3904.978576,763,-0.90972095010568,0.729375093282142,-0.930466600319225,1.04391569714691,-0.468227470503017,-0.239400106819846,0.855324689451019,0,0,0,0,6.66133814775094e-16,4.30210896897876e-05,0
1145,84.1933,35.3265,7778.99577756021,3906.051105,712,NA,NA,NA,NA,NA,NA,NA,NA,NA,NA,NA,NA,NA,NA
1146,95.9783,35.3305,8867.86466901057,3906.493385,808,-0.541773771179473,1.13766266591936,-0.921311242594246,1.00729460651637,-0.962430669577595,0.354175640767027,0.561379165357153,0,0,0,0,0,0,0
1147,89.8007,35.3375,8297.0885583764,3907.267375,806,-0.943472032642954,0.768413716954839,-0.93101228706172,1.03191335727844,-0.635664745198691,-0.0935792032858639,0.875988862626894,0,0,0,0,0,0.14026409355816,0
1148,92.5333,35.3444,8549.56570159042,3908.030308,839,-0.575586478248816,1.11875901924394,-0.939300941634318,1.00863075731171,-0.972326441166882,0.346891717342514,0.566874875839267,0,0,0,0,0,0,0
1149,92.9052,35.3465,8583.92720695574,3908.262505,828,-0.563659776301634,1.12390996079307,-0.939932617927305,1.00799937781195,-0.969540576894495,0.34386030157636,0.55766778036643,0,0,0,0,0,0,0
1150,99.7099,35.3496,9212.64389305267,3908.605272,603,-0.569667722859279,1.09764744744566,-0.892948657755272,1.00106230545824,-1.12133456638598,0.460861633530804,0.669214544342018,0,0,0,0,0,0,0
1151,80.4781,35.3499,7435.73182291309,3908.638443,580,-0.466324346162953,0.82127910062845,-0.940675291549426,1.33308260927662,-2.8551268029222,2.64763670638686,0.988593247341367,0,0,0,0,0.674734194791828,0.697063956695284,0
1152,102.3,35.3533,9451.95482353595,3909.014381,446,-0.494225016508793,1.14540133659809,-0.859491639525302,1.00077691754278,-1.09871384406855,0.382127638519817,0.604786556629783,0,0,0,0,0,2.22044604925031e-16,0
1153,72.927,35.3558,6738.05190044972,3909.290806,340,0.492902987855478,0.406759181013117,-0.532920774400753,0.985808137043803,-0.0655109024828438,1.07462406372699,-0.0842578387932674,0,0,1.88661908229193e-06,0,0.0565515752799204,0,0.0819133138067245
1154,98.177,35.3578,9071.01240186011,3909.511946,711,-0.545278335571058,1.1326221930213,-0.893081587641953,1.00378438313095,-0.991433655205355,0.407837731395202,0.591199368501772,0,0,0,0,0,0,0
1155,92.2076,35.3585,8519.4728209841,3909.589345,841,-0.58516957662087,1.11194974009437,-0.939914513237846,1.00862180689,-0.969892264650281,0.348701313026401,0.577144914361443,0,0,0,0,0,0,0
1156,78.64,35.3609,7265.90153785794,3909.854713,534,NA,NA,NA,NA,NA,NA,NA,NA,NA,NA,NA,NA,NA,NA
1157,86.7308,35.3658,8013.44675864254,3910.396506,740,-0.456690197891813,1.1267979815521,-0.883732636445449,1.08017692543154,-0.666414636263015,0.216521262497458,0.642192696100029,0,0,0,0,0,1.41324729696635e-11,0
1158,92.6363,35.3719,8559.08233254667,3911.070983,838,-0.570416331514819,1.11941718079106,-0.939572313766622,1.00827047016885,-0.973373546919838,0.345458085421609,0.562536690658542,0,0,0,0,0,0,0
1159,98.0051,35.3733,9055.12979155546,3911.225781,724,-0.536865865071746,1.14147323486755,-0.89434832251527,1.00412660571348,-0.97744520850046,0.392602405387331,0.576807119071892,0,0,0,0,0,0,0
1160,89.2007,35.3761,8241.65187319437,3911.535377,789,-0.93319207847453,0.753507110388572,-0.93512538985613,1.03760179250838,-0.540093151095877,-0.1913241199459,0.861878619770203,0,0,0,0,0,0.000760481426030912,0
1161,78.5367,35.377,7256.3571885591,3911.63489,531,NA,NA,NA,NA,NA,NA,NA,NA,NA,NA,NA,NA,NA,NA
1162,97.6487,35.3773,9022.20040055734,3911.668061,747,-0.535600467486918,1.14928374340346,-0.897049241790636,1.00386195685596,-0.96848856002462,0.373730538704863,0.562304161181802,0,0,0,0,0,0,0
1163,99.3212,35.3815,9176.73016050224,3912.132455,636,-0.578478865298135,1.0988486303664,-0.895665643715136,1.00195291672789,-1.09058523175917,0.445840359968544,0.655867881469951,0,0,0,0,0,0,0
1164,101.871,35.3817,9412.3175936308,3912.154569,467,-0.51096934220959,1.13178104753164,-0.861591889667901,1.00099672911686,-1.10967038918193,0.403311335366782,0.620823981962475,0,0,0,0,0,0,0
1165,84.4818,35.3939,7805.65158368524,3913.503523,718,NA,NA,NA,NA,NA,NA,NA,NA,NA,NA,NA,NA,NA,NA
1166,96.6604,35.3954,8930.886940615,3913.669378,782,-0.539451149004956,1.14351606292079,-0.910049508303185,1.00693447051364,-0.968319462558173,0.362387520158566,0.562836115585002,0,0,0,0,0,0,0
1167,93.8271,35.3984,8669.10567373793,3914.001088,817,-0.558534617214016,1.12696289087586,-0.937133034204569,1.00816540071154,-0.968650022507343,0.346646714587476,0.553300279639105,0,0,0,0,0,0,0
1168,71.9813,35.4048,6650.67444515531,3914.708736,301,0.513135779873377,0.410256350690665,-0.504658506218249,0.98857092659242,-0.0675546122048311,1.03886337022002,-0.0901564623034076,0,0,3.03605883260616e-05,0,0.0481076723187581,0,0.066102107506604
1169,101.409,35.418,9369.63134604064,3916.16826,492,-0.52139436232204,1.12371203829396,-0.87717388158502,1.00188781039545,-1.1142214156666,0.407506514033684,0.6330324683699,0,0,0,0,0,0,0
1170,97.617,35.4222,9019.27149569022,3916.632654,746,-0.53662346847173,1.1485806004244,-0.897148666069256,1.00393645416302,-0.968917558574157,0.373895858086439,0.562994565153529,0,0,0,0,0,0,0
1171,100.379,35.4223,9274.46503647816,3916.643711,556,-0.574384031113939,1.09319143469071,-0.887011772326634,1.00263870886746,-1.15847989539411,0.425254048021248,0.6743787400006,0,0,0,0,0,0,0
1172,96.2124,35.4281,8889.49421567909,3917.285017,794,-0.539317990849891,1.13969142890207,-0.91869380814691,1.00733301164834,-0.962723706861117,0.353034631797074,0.561178677232077,0,0,0,0,0,0,0
1173,94.2187,35.4312,8705.28735026674,3917.627784,812,-0.559923040468195,1.12541023495755,-0.934835594745713,1.00836178479534,-0.971412519167113,0.359466237455026,0.560587755057539,0,0,0,0,0,0,0
1174,73.3897,35.4376,6780.8028241726,3918.335432,353,0.497435488290813,0.378444270777153,-0.579985046339222,0.986573414395809,-0.0653230140869032,1.08153425529259,-0.100904557248945,0,0,1.61991331459888e-09,0,0.0660390718934354,0,0.0502127780721044
1175,92.322,35.4379,8530.04274895881,3918.368603,833,-0.582137086010792,1.11329200767455,-0.94003709516475,1.00877956147297,-0.972934242855505,0.347629629750522,0.571854239012953,0,0,0,0,0,0,0
1176,100.633,35.4437,9297.93323320522,3919.009909,543,-0.57064232412237,1.09356365222793,-0.885270632523833,1.00188773979706,-1.16710115096179,0.439345944900656,0.678555313916294,0,0,0,0,0,0,0
1177,92.0645,35.4474,8506.25117156819,3919.419018,836,-0.599356994552333,1.10461813976933,-0.938251428254317,1.01022619540566,-0.970198163388289,0.347214026295419,0.586864946885515,0,0,0,0,0,0,0
1178,102.581,35.4623,9477.9176710962,3921.066511,418,-0.481300210856,1.14997003495725,-0.853416795130972,1.00206057026438,-1.09542224451924,0.374385058248527,0.591899527875609,0,0,0,0,0,5.10702591327572e-15,0
1179,74.9225,35.463,6922.42507591762,3921.14391,408,0.476207411246723,0.32852719028306,-0.56385262667365,0.981806607123219,-0.0250531350181671,1.09494072301191,-0.116968348311317,0,1.84297022087776e-14,3.99267161776962e-07,0,0.387463269498482,0,0.0240119125292266
1180,83.8629,35.4695,7748.46864291997,3921.862615,694,NA,NA,NA,NA,NA,NA,NA,NA,NA,NA,NA,NA,NA,NA
1181,72.2165,35.4709,6672.40562574667,3922.017413,313,0.491556727575589,0.411758717088032,-0.579788818399021,0.988977004660414,-0.0970276948408432,1.05857813426723,-0.0871483632152979,0,0,9.7633678919351e-11,0,0.0131330579683202,0,0.0927735916890695
1182,69.7981,35.472,6448.95882667297,3922.13904,223,0.273891998050085,0.680662626277847,-0.798321020606213,0.982621835997933,-1.11036382821194,1.59091980859917,0.604112989799207,3.24541893359509e-07,0,0,0,9.55149674908284e-07,8.77520278663724e-13,3.77475828372553e-15
1183,96.3841,35.4778,8905.35834708868,3922.780346,791,-0.539747532425631,1.13945192017715,-0.915126040576066,1.00731600786893,-0.964034115194725,0.355239802645409,0.562105396681414,0,0,0,0,0,0,0
1184,86.3637,35.4852,7979.52874675867,3923.598564,730,-0.470540452745243,1.12259480483253,-0.871730885801165,1.12942604363146,-0.508039248250776,0.144114800213573,0.673295143817416,0,0,0,0,0,2.52228618879968e-07,0
1185,83.0116,35.4888,7669.81322609421,3923.996616,658,-0.237407724210674,1.40570818955424,-0.93998775459534,1.39152108920813,-0.224658216193985,0.050110323104761,0.534650645896071,9.32587340685131e-15,0,0,0,7.29382759301345e-07,0.000175982960955556,0
1186,92.4929,35.5016,8545.83296478816,3925.411912,830,-0.581981556885691,1.11280932893556,-0.938400706233959,1.00872212297145,-0.976410213460453,0.350298513211719,0.570405257405768,0,0,0,0,0,0,0
1187,80.1294,35.5018,7403.5138693748,3925.434026,568,-0.178770056469443,1.38351976655768,-0.952051810320347,1.34118164853641,-0.268174295605134,0.0588491909598591,0.577264331750305,8.49453041240622e-09,0,0,0,1.86361102105792e-08,0.000137209877346223,0
1188,72.0679,35.5025,6658.67580671659,3925.511425,301,0.48912950456859,0.432903644077538,-0.526774753471059,0.987516097918823,-0.0820474876109207,1.04971616171381,-0.0776687330353544,0,0,2.01896055695983e-06,0,0.0268473483899478,0,0.106358035314502
1189,79.0891,35.5044,7307.39589671669,3925.721508,542,0.529353310754331,0.0931443513292886,-0.732210964968857,1.00338050670965,0.105096717947248,1.15580084122378,-0.30821366211624,0,0.0124827523887729,0,0,0.0771664255267472,0,3.58651305543134e-07
1190,92.3246,35.5091,8530.2829745946,3926.241187,827,-0.591643532161623,1.10702283155208,-0.938787534990305,1.00907361931849,-0.977275172052206,0.348281832782577,0.577281535348936,0,0,0,0,0,0,0
1191,80.0493,35.5159,7396.113071903,3926.993063,563,-0.190933732980057,1.35567093496721,-0.951411450604562,1.31559576185294,-0.285710955999653,0.0678345218075424,0.58903961301981,2.13296136308827e-09,0,0,0,2.52643772569172e-09,6.78719834132924e-05,0
1192,101.457,35.5202,9374.0662808552,3927.468514,489,-0.522877237917437,1.12324902765158,-0.877562367559731,1.00149555405882,-1.11367857350709,0.404137677772668,0.632366960326912,0,0,0,0,0,0,0
1193,98.3358,35.5246,9085.68464453829,3927.955022,689,-0.549106254788326,1.13449033662757,-0.894405736990006,1.00317671595812,-1.01371196291297,0.365342471320159,0.578417651801594,0,0,0,0,0,0,0
1194,102.366,35.5254,9458.05285890598,3928.043478,436,-0.498423882597067,1.13491324952572,-0.859416556805459,1.00172556317278,-1.11305182896786,0.395364296131396,0.616984074684349,0,0,0,0,0,2.22044604925031e-16,0
1195,94.6735,35.5283,8747.30835763471,3928.364131,806,-0.5453141256421,1.12922717384675,-0.931640913469524,1.00849296567543,-0.969808337104754,0.353310111346999,0.559013856257932,0,0,0,0,0,0,0
1196,80.3691,35.5402,7425.66082510502,3929.679914,574,-0.166016571276918,1.41396001104265,-0.952014833832098,1.33457516395471,-0.268468392545856,0.0553987464602096,0.563326727902056,3.3871535132235e-08,0,0,0,9.87641390892691e-09,0.000151765287222272,0
1197,96.4822,35.5409,8914.42224511594,3929.757313,782,-0.538947883470817,1.13860197053855,-0.913729987715088,1.00781617313991,-0.969527998161345,0.353248945953331,0.56398209947306,0,0,0,0,0,0,0
1198,99.1348,35.5413,9159.50783030569,3929.801541,639,-0.579276170060033,1.10332125513164,-0.89744167981499,1.00194735463738,-1.07511547840495,0.424465060531502,0.641649434600599,0,0,0,0,0,0,0
1199,101.829,35.5414,9408.43702566806,3929.812598,466,-0.505909547952571,1.1288243942988,-0.868053462332186,1.0007111338924,-1.12115408281145,0.411586845474301,0.621559739136646,0,0,0,0,0,0,0
1200,71.3652,35.5498,6593.7502089209,3930.741386,271,0.347592976758402,0.606179518298768,-0.750985477108199,0.984535215002342,-0.62132565212952,1.25301440571903,0.32974162401405,3.63931107472126e-13,0,0,0,1.48023371338013e-10,0,4.46333261079346e-05
1201,88.738,35.5504,8198.90094947149,3930.807728,759,-0.9298219469701,0.742646961404588,-0.934221808455883,1.03935154655686,-0.506317422844771,-0.221904444154449,0.842738739409587,0,0,0,0,0,2.8318032620156e-05,0
1202,72.9109,35.5555,6736.56434939734,3931.371635,338,0.493863713077662,0.407558868226328,-0.515477289040016,0.985552338640877,-0.0602408776693266,1.07485927727659,-0.0826907111844628,0,0,1.72234404867133e-05,0,0.0710926935839551,0,0.0843899627153468
1203,83.5239,35.5694,7717.14691579213,3932.908558,659,NA,NA,NA,NA,NA,NA,NA,NA,NA,NA,NA,NA,NA,NA
1204,72.2132,35.5734,6672.10072397817,3933.350838,310,0.494522729016674,0.416829230983273,-0.565909184102289,0.988563944084742,-0.0904450958854851,1.05717519062669,-0.088007899488799,0,0,2.55097565293738e-09,0,0.0183647043524409,0,0.0866437231496686
1205,90.4772,35.5751,8359.59342091913,3933.538807,805,-0.952048528378951,0.781656626284781,-0.926408231372234,1.03501286553979,-0.678961212696857,-0.0288923201523884,0.877649741766008,0,0,0,0,0,0.649685779703816,0
1206,100.913,35.5927,9323.80368629016,3935.484839,524,-0.56439556607607,1.09503079560577,-0.885465828111331,1.00189492306566,-1.1625966974227,0.442801610338168,0.676291235041589,0,0,0,0,0,0,0
1207,81.8539,35.5951,7562.84814203548,3935.750207,607,0.391161230877959,0.173663188616325,-0.658645737878406,0.982524027180088,0.147651379458412,1.60005938960735,-0.178078252626249,8.78608297227856e-12,1.27146558459579e-06,1.14064313549989e-12,0,0.178771616806948,1.19237952844742e-13,0.015305466621
1208,72.0858,35.5954,6660.32966782452,3935.783378,301,0.48912950456859,0.432903644077538,-0.526774753471059,0.987516097918823,-0.0820474876109207,1.04971616171381,-0.0776687330353544,0,0,2.01896055695983e-06,0,0.0268473483899478,0,0.106358035314502
1209,90.9332,35.5976,8401.72530165748,3936.026632,810,-0.624379419814501,1.08732329308624,-0.943553134489461,1.01624365210599,-0.94430417541598,0.321601130633547,0.605904465456657,0,0,0,0,0,0,0
1210,99.9271,35.598,9232.71197308856,3936.07086,573,-0.574849981401449,1.09835778410206,-0.890419522755642,1.00201539907881,-1.1382765375654,0.392862269428951,0.659983759391423,0,0,0,0,0,0,0
1211,69.5439,35.6001,6425.47215105085,3936.303057,213,0.236476925751388,0.712334128657951,-0.798719448683516,0.979125660059337,-1.32393270874891,1.78960549500623,0.690347283469569,2.54974690765408e-05,0,0,0,3.20830978011166e-05,1.42024099147875e-08,0
1212,73.3235,35.6038,6774.68630990751,3936.712166,346,0.491000938449625,0.398171296018138,-0.572463044525161,0.986512128787063,-0.073925382604022,1.07501207728969,-0.0906417541456938,0,0,3.60772234309081e-09,0,0.0396608012980617,0,0.0710788697797595
1213,97.6839,35.6042,9025.45268608801,3936.756394,736,-0.539285469539041,1.1438688206667,-0.89627797231467,1.00461231801153,-0.980554957016407,0.368889668491618,0.566492135851248,0,0,0,0,0,0,0
1214,101.385,35.6047,9367.41387863336,3936.811679,490,-0.526390976775022,1.12159260000239,-0.878911126985983,1.00135937418092,-1.1168904682203,0.405508010870505,0.635587769878906,0,0,0,0,0,0,0
1215,94.0771,35.62,8692.20429256378,3938.5034,803,-0.560097051409024,1.12231430354972,-0.936832769154229,1.00829409415414,-0.97151426276283,0.346490176469454,0.559337797007481,0,0,0,0,0,0,0
1216,76.1349,35.6281,7034.44413777544,3939.399017,469,0.50803538804409,0.216948928617703,-0.69280920129769,0.993293461965287,0.0206648273811613,1.10752358678571,-0.226933795830264,0,1.27436375452206e-07,0,0,0.61772098839699,0,8.83798411082104e-05
1217,71.6714,35.6282,6622.0413972588,3939.410074,284,0.49066214389879,0.461984763566453,-0.545242271090653,0.98728115513895,-0.109608470150446,1.04457685295122,-0.0748049969913674,0,0,9.44118805357164e-09,0,0.00738177595206335,0,0.150427004780894
1218,73.1676,35.6285,6760.28201120772,3939.443245,342,0.494523372155466,0.400101606735997,-0.539213468956387,0.98616984460077,-0.0639279103238384,1.07417048897616,-0.0880181498003465,0,0,9.82262728044248e-07,0,0.0606534012704816,0,0.0724107451633074
1219,91.8542,35.6292,8486.82061341189,3939.520644,818,-0.618228692525615,1.08886611855649,-0.938102760051444,1.01314313595027,-0.974819210748036,0.338758983402606,0.602838861721901,0,0,0,0,0,0,0
1220,102.547,35.63,9474.77625893589,3939.6091,417,-0.495223543516433,1.14061380891419,-0.857262336629085,1.00252670902959,-1.10758943101234,0.379030905714741,0.606207254990548,0,0,0,0,0,3.77475828372553e-15,0
1221,78.7548,35.6302,7276.50842362277,3939.631214,534,0.380205048240852,-0.700396102893185,-0.941695968701524,1.53686849818503,-0.0747334281642514,0.0723907334716501,-1.16879415470208,0,0,0,2.69784194983913e-13,0.0540289776772949,0.0455067713824207,0
1222,99.0698,35.6359,9153.50218941097,3940.261463,636,-0.579775689745191,1.10270228509894,-0.89566937476806,1.0016986533839,-1.0834802365822,0.414047522145817,0.637164800790368,0,0,0,0,0,0,0
1223,70.7896,35.6426,6540.56794893627,3941.002282,246,0.332787900092277,0.625057360278385,-0.783868570074916,0.983522997408944,-0.829537155766105,1.39856801288798,0.455000801157279,1.75743863906064e-11,0,0,0,8.55804449528819e-09,0,3.16597830174459e-08
1224,77.6804,35.6532,7177.23979935682,3942.174324,523,0.513206395539945,0.175902448302859,-0.695648108223265,0.995018626137743,0.043531379839264,1.12657907647618,-0.231623194477319,0,5.30552780197979e-06,0,0,0.305651498325289,0,5.00321902119349e-05
1225,89.2655,35.6601,8247.63903519403,3942.937257,770,-0.937940340792914,0.758876328279459,-0.931934716205221,1.03697033012154,-0.550919136048763,-0.181916592337552,0.852947830725211,0,0,0,0,0,0.000874565204450839,0
1226,95.6777,35.6647,8840.09088973437,3943.445879,787,-0.544012962664937,1.12967540470564,-0.927839342922952,1.00804012315931,-0.96766930935777,0.342020083977568,0.55760865147045,0,0,0,0,0,0,0
1227,94.2197,35.6651,8705.37974474204,3943.490107,802,-0.558352020416919,1.1239202409098,-0.937026010656735,1.00824616991073,-0.970701737608423,0.345286175917762,0.557781794741349,0,0,0,0,0,0,0
1228,82.6594,35.6689,7637.27189189236,3943.910273,634,-0.242720708026206,1.39657430884631,-0.946838846356894,1.39141029028867,-0.230088744252768,0.0507141472738278,0.544303714963113,6.88338275267597e-15,0,0,0,5.28333503613254e-07,0.000156767829524451,0
1229,99.5054,35.6702,9193.74922285312,3944.054014,601,-0.592902529769589,1.08660422974076,-0.894919966489427,1.00192251357816,-1.13817252939701,0.42776699460559,0.674473159393128,0,0,0,0,0,0,0
1230,89.0428,35.6736,8227.06278554396,3944.429952,762,-0.943557382025102,0.749498725500152,-0.932789153920781,1.03527964842523,-0.538704303547319,-0.207523819728699,0.845685903758802,0,0,0,0,0,8.75915095486235e-05,0
1231,70.2762,35.6848,6493.13262531552,3945.668336,234,0.277333686345221,0.679770467841225,-0.796185422439503,0.981905285706584,-1.08642493980269,1.57843718859777,0.598161477610372,1.06148691614294e-07,0,0,0,4.39642050986677e-07,7.48290318597356e-14,1.55431223447522e-15
1232,83.8103,35.6919,7743.60869351902,3946.453383,663,-0.342665828517345,1.26622303257891,-0.935887383155282,0.397415263066403,0.0711163581376082,-0.00603555636536506,0.607546437983724,0,0,0,0.119824821963708,0.254000162507179,0.326200157185044,0
1233,102.211,35.6925,9443.73171523395,3946.519725,441,-0.501679018632448,1.13511169825108,-0.8634849993909,1.00145442747404,-1.11260353141144,0.38721164414277,0.615514940053447,0,0,0,0,0,2.22044604925031e-16,0
1234,89.693,35.6967,8287.13767338622,3946.984119,780,-0.964640585997947,0.76024435466883,-0.940516247387954,1.03116730539276,-0.568502806489921,-0.191570786507573,0.845282624816159,0,0,0,0,0,0.000156948729790996,0
1235,71.8052,35.701,6634.40377805439,3947.45957,288,0.498582705376024,0.449920303001962,-0.526212925920681,0.987820313337474,-0.0944176635999278,1.04020208701321,-0.07874488710814,0,0,4.88303585344241e-07,0,0.0151561509975413,0,0.113031804446003
1236,79.4387,35.7106,7339.69700528275,3948.521042,550,0.51798341325722,0.0931471277916812,-0.722620256193028,1.00237647084564,0.121395284030326,1.18501301784321,-0.31348256142829,0,0.0100833567205636,0,0,0.0617838847161283,0,3.74165947336635e-07
1237,90.1304,35.7108,8327.55101688392,3948.543156,783,-0.965755123625868,0.759708403561753,-0.934051114655158,1.02944182554183,-0.60796975434167,-0.149688564923611,0.849633978257861,0,0,0,0,0,0.00457843098667277,0
1238,86.2737,35.717,7971.21324398137,3949.22869,717,-0.493995013972394,1.10417938312436,-0.851244336378839,1.18508366220688,-0.400277543911987,0.0979126077789547,0.712098470518801,0,0,0,0,1.55431223447522e-15,0.000158757585665636,0
1239,70.5087,35.7179,6514.61434082355,3949.328203,241,0.306185773650725,0.643509097870794,-0.788943269471223,0.983236392624613,-0.926305921127066,1.46438483721645,0.512424619028923,1.12404441310332e-09,0,0,0,4.22280475032011e-08,0,1.44351863795578e-10
1240,69.5254,35.7184,6423.76285325774,3949.383488,213,0.236476925751388,0.712334128657951,-0.798719448683516,0.979125660059337,-1.32393270874891,1.78960549500623,0.690347283469569,2.54974690765408e-05,0,0,0,3.20830978011166e-05,1.42024099147875e-08,0
1241,92.1252,35.7207,8511.85951621911,3949.637799,810,-0.613868009062233,1.0943710861011,-0.939317570679194,1.00954531350706,-0.97836450374727,0.353496723807545,0.591213528327532,0,0,0,0,0,0,0
1242,96.2701,35.7213,8894.82537690409,3949.704141,779,-0.540047005654499,1.1362071269167,-0.919729169667085,1.00744671702571,-0.969607854080224,0.348801239498339,0.561700167209452,0,0,0,0,0,0,0
1243,85.9017,35.725,7936.84249916851,3950.11325,713,-0.454197835591232,1.12941902495,-0.833956804452566,1.53721292912638,-0.166936011551424,0.0268386310796573,0.712330315868659,0,0,0,2.08499884024604e-13,0.001309535870055,0.0419450797345102,0
1244,73.351,35.7292,6777.22715797836,3950.577644,346,0.491000938449625,0.398171296018138,-0.572463044525161,0.986512128787063,-0.073925382604022,1.07501207728969,-0.0906417541456938,0,0,3.60772234309081e-09,0,0.0396608012980617,0,0.0710788697797595
1245,84.7699,35.7311,7832.27043202014,3950.787727,685,-0.402619801697089,1.20753351377444,-0.875113327916522,0.55239458403706,0.10974900936508,-0.00410743123063613,0.664816364903971,0,0,0,4.19221617413701e-05,0.0262906758606218,0.520886869532387,0
1246,89.2865,35.7349,8249.5793191754,3951.207893,764,-0.955200083934976,0.74596003912781,-0.934283007081261,1.03180908029264,-0.557283161636524,-0.204975229166515,0.844020052039785,0,0,0,0,0,7.59639866985129e-05,0
1247,102.042,35.7356,9428.11704890768,3951.285292,455,-0.519523533787672,1.12454437499182,-0.869417706918523,1.00081857282531,-1.12887684050392,0.406345531206325,0.634082132354359,0,0,0,0,0,0,0
1248,101.229,35.7385,9353.00034048603,3951.605945,496,-0.541145450444416,1.11268139699042,-0.883309831311322,1.00163809209885,-1.1290015308065,0.409910420263518,0.650250448305371,0,0,0,0,0,0,0
1249,97.1058,35.739,8972.03943991513,3951.66123,752,-0.544497225733519,1.13552200635519,-0.907286687260652,1.00604475058271,-0.986578905357926,0.366634529579083,0.570918043678309,0,0,0,0,0,0,0
1250,97.018,35.7444,8963.92720498349,3952.258308,757,-0.543825325517061,1.13506877946909,-0.90936259911983,1.00624422540178,-0.984515735780292,0.368025285126351,0.569752786531538,0,0,0,0,0,0,0
1251,97.2041,35.7502,8981.12181683745,3952.899614,752,-0.540958005861506,1.1404773023558,-0.903673750688932,1.00614021036576,-0.983719506736064,0.361191898855396,0.567177174593348,0,0,0,0,0,0,0
1252,72.2773,35.7538,6678.02320984512,3953.297666,313,0.481736192838158,0.430036503541613,-0.579506575502795,0.987445419415714,-0.0993714248908691,1.06365329121124,-0.0724666064380345,0,0,4.17246459605281e-10,0,0.013150727188447,0,0.164462256474107
1253,94.5425,35.7603,8735.20468136997,3954.016371,788,-0.556280066272965,1.11888697352254,-0.935448423013833,1.00838851689555,-0.972265836780526,0.345518539039156,0.560958701176747,0,0,0,0,0,0,0
1254,71.444,35.7671,6601.03089357481,3954.768247,271,0.347592976758402,0.606179518298768,-0.750985477108199,0.984535215002342,-0.62132565212952,1.25301440571903,0.32974162401405,3.63931107472126e-13,0,0,0,1.48023371338013e-10,0,4.46333261079346e-05
1255,84.3512,35.7806,7793.58486521062,3956.260942,678,-0.376253848054372,1.26704482604563,-0.908941600081513,0.502337738702853,0.102029818494706,-0.0084299827487674,0.613523641996682,0,0,0,0.00164690562473924,0.0558694894542349,0.16705607286771,0
1256,73.1253,35.7827,6756.37372490238,3956.493139,341,0.493699983683298,0.403939831112888,-0.535353618644888,0.985975521805557,-0.0647748910576717,1.07425754179616,-0.0859217976886536,0,0,1.47423510465927e-06,0,0.0585300250860012,0,0.0778084572942077
1257,86.3451,35.794,7977.81020951803,3957.74258,708,-0.508963727986537,1.08718340505207,-0.853767984285645,1.18890687749001,-0.394479186257736,0.0915815776931926,0.725045507464052,0,0,0,0,7.54951656745106e-15,0.000617541047234216,0
1258,79.8979,35.8008,7382.12454834207,3958.494456,546,-0.160897339120187,1.43437742802071,-0.952609041645596,1.37386507661885,-0.245929416351842,0.044475590613163,0.550900030803826,2.0779983112007e-07,0,0,0,3.77730340117566e-07,0.000714133950978413,0
1259,82.2647,35.8018,7600.80379249011,3958.605026,611,-0.220675297879666,1.4005517963353,-0.945767565037372,1.39526534166072,-0.228377770039724,0.0510801699897421,0.550739059931369,1.12665432538961e-12,0,0,0,1.13205427676455e-06,0.000240529500814768,0
1260,96.1236,35.8134,8881.28958627215,3959.887638,773,-0.547288140292894,1.12949091158968,-0.919489351049482,1.00779906685288,-0.974596193982796,0.347984247061652,0.564520336180552,0,0,0,0,0,0,0
1261,92.8112,35.818,8575.24212627723,3960.39626,801,-0.584068706334339,1.10920499055375,-0.942551138887546,1.00772298827584,-0.97739123231552,0.346467601236483,0.56430249584241,0,0,0,0,0,0,0
1262,100.839,35.8184,9316.96649511771,3960.440488,521,-0.579939131646326,1.08804109689094,-0.891071083647479,1.00163111692836,-1.16800166632445,0.433546638011815,0.685419434781644,0,0,0,0,0,0,0
1263,70.411,35.8189,6505.58740058641,3960.495773,237,0.314708310907605,0.641685239987888,-0.787432940292035,0.983333949306385,-0.901177433288466,1.4436753850903,0.501063894829927,5.4798188209304e-10,0,0,0,3.12117103273835e-08,0,5.64595925567346e-10
1264,96.8696,35.8238,8950.21586484847,3961.037566,758,-0.54597209226976,1.12993552756751,-0.912674331383697,1.0076454176612,-0.98473833207225,0.361100598070888,0.569771150996554,0,0,0,0,0,0,0
1265,90.2441,35.8255,8338.05626872592,3961.225535,774,-0.969520228220832,0.757801219175495,-0.935179389072601,1.02944536207563,-0.596065786361166,-0.163215043050827,0.846423243651718,0,0,0,0,0,0.00164733403548611,0
1266,94.0011,35.8359,8685.18231244072,3962.375463,792,-0.557997996730666,1.12098963216448,-0.938163220487083,1.00787733039047,-0.974887287490586,0.344433067517689,0.554622243168706,0,0,0,0,0,0,0
1267,100.169,35.8369,9255.06219666445,3962.486033,552,-0.588343265985975,1.08815338939347,-0.89225756959034,1.00197797610201,-1.16447914871234,0.418236152147854,0.683430924005579,0,0,0,0,0,0,0
1268,100.464,35.8398,9282.31856687895,3962.806686,542,-0.586794101746053,1.08724047225772,-0.891307462782076,1.00228227058181,-1.17246624521788,0.428540998230217,0.687609415448673,0,0,0,0,0,0,0
1269,96.9528,35.8404,8957.90308519371,3962.873028,756,-0.546046195854812,1.13274792319395,-0.912328152436369,1.00744417737001,-0.984378615162838,0.360559153566682,0.568431321807023,0,0,0,0,0,0,0
1270,96.6914,35.8408,8933.75116934941,3962.917256,757,-0.549683370419208,1.12632475800284,-0.915383919282111,1.00747434157526,-0.983025958610096,0.364402304467524,0.572751500951956,0,0,0,0,0,0,0
1271,82.6377,35.8435,7635.26693177827,3963.215795,623,-0.235317795967102,1.40025631917838,-0.948682744332729,1.4640096339491,-0.203567390625489,0.0435842449562043,0.545511887762197,4.37427871702312e-14,0,0,0,1.77915510619631e-05,0.00067092843298644,0
1272,80.0379,35.8462,7395.05977488454,3963.514334,550,-0.157957910287074,1.45467498760679,-0.951878490371265,1.36280976313856,-0.251740610119337,0.0452639841242555,0.541526221237185,2.33474154454072e-07,0,0,0,1.38471908384119e-07,0.000538491770501137,0
1273,101.838,35.847,9409.26857594579,3963.60279,463,-0.51698666484438,1.1204281679642,-0.872116182707035,1.00042959123188,-1.14184095029206,0.424179922887133,0.638352071385094,0,0,0,0,0,0,0
1274,80.4426,35.8528,7432.45181903982,3964.244096,565,-0.15238435083589,1.46014565354321,-0.951534026704588,1.34922001682029,-0.258444792981805,0.0476459328929267,0.54078526634098,3.26168857256448e-07,0,0,0,3.60614582639585e-08,0.000365157715664033,0
1275,100.09,35.8599,9247.76303311548,3965.029143,557,-0.585584995034789,1.09040309250978,-0.892085279198165,1.0020672152092,-1.15518965182691,0.408513933484963,0.677105971334185,0,0,0,0,0,0,0
1276,94.5627,35.8652,8737.0710497711,3965.615164,783,-0.555447137813023,1.11946217596877,-0.935715363602492,1.00819528075244,-0.971940655358667,0.343829104493747,0.558759929831683,0,0,0,0,0,0,0
1277,88.9513,35.8666,8218.6086910537,3965.769962,744,-0.945109945178836,0.742788383895975,-0.935486567844242,1.03718263356834,-0.492746196488297,-0.24953945886697,0.833252810837561,0,0,0,0,0,6.00257153982042e-07,0
1278,99.0781,35.8705,9154.26906355599,3966.201185,623,-0.57990895942758,1.10669227422699,-0.895301244571901,1.00194873178506,-1.08550552397235,0.372525676988144,0.628869547149125,0,0,0,0,0,0,0
1279,72.6985,35.8717,6716.9397628429,3966.333869,326,0.498628600827784,0.40051864061173,-0.544710403675077,0.987999957382529,-0.0693494166692249,1.07075961485065,-0.0858231575419177,0,0,6.38515412099139e-07,0,0.0528819710343396,0,0.0873373963840376
1280,90.0762,35.8849,8322.54323632248,3967.793393,772,-0.965625454880367,0.759991825758874,-0.937953135371394,1.03117123097587,-0.588435139723263,-0.170108366493226,0.841842625839849,0,0,0,0,0,0.000746173327992983,0
1281,96.7434,35.8913,8938.55568206518,3968.501041,754,-0.551334158807228,1.12444587241609,-0.916324646030116,1.0073209452368,-0.982244648278985,0.363039265778867,0.572577964922815,0,0,0,0,0,0,0
1282,100.693,35.8916,9303.47690172342,3968.534212,530,-0.581355463176873,1.08850431163108,-0.890667427006325,1.00174563026014,-1.17235708434199,0.432583549227571,0.685966371336553,0,0,0,0,0,0,0
1283,85.188,35.9,7870.90056214449,3969.463,678,-0.444278544650331,1.17437930544842,-0.837414297118279,0.521932288895606,0.0947271519766011,0.00117663841198801,0.697355263805756,0,0,0,0.00095246968189211,0.0562596363229317,0.860853313524387,0
1284,93.0858,35.9053,8600.61364919554,3970.049021,790,-0.574928473366124,1.11196818122856,-0.941399689599102,1.00789061704029,-0.977231311721771,0.34833835844976,0.55915098087689,0,0,0,0,0,0,0
1285,98.5357,35.9148,9104.15430015144,3971.099436,657,-0.559503473148035,1.12346546899733,-0.892934144837333,1.00264266963593,-1.05463982102768,0.364023354750108,0.594040526681199,0,0,0,0,0,0,0
1286,90.8836,35.9149,8397.14253568243,3971.110493,787,-0.646407316355249,1.07010087049566,-0.937951454908731,1.01629542067107,-0.964964907359452,0.319175991884937,0.621001856667818,0,0,0,0,0,0,0
1287,91.1806,35.9158,8424.58369484753,3971.210006,791,-0.637622775234525,1.07918350446002,-0.943321832101608,1.01563849695111,-0.955811340076894,0.323046237846432,0.610000178689859,0,0,0,0,0,0,0
1288,97.097,35.917,8971.22636853246,3971.34269,742,-0.550066921574862,1.1300887906967,-0.9130892048316,1.00689892518204,-0.988191082670376,0.358536671377269,0.572954932800623,0,0,0,0,0,0,0
1289,87.7227,35.9241,8105.09283869597,3972.127737,705,-0.581785780809879,1.06316219210953,-0.906313035751918,1.0493001403835,-0.793228076695576,0.247203397699137,0.671345462307081,0,0,0,0,0,7.58904050712772e-12,0
1290,87.3276,35.9273,8068.5877815036,3972.481561,703,-0.565637785083518,1.0695674541671,-0.885632402283153,1.06801474706395,-0.71443240955688,0.222121671835545,0.688326271836831,0,0,0,0,0,1.88281856772221e-09,0
1291,83.6648,35.929,7730.16529736238,3972.66953,641,-0.343941575843509,1.25418050987162,-0.932152029076314,0.578549507007917,0.132512931214526,-0.0124225909910791,0.620536670264145,0,0,0,2.9976006032939e-07,0.00840910671403305,0.0923064630874306,0
1292,74.6114,35.9361,6893.68115465074,3973.454577,379,0.490086561384329,0.359276860188081,-0.601831156832762,0.986598791723744,-0.0589863824206153,1.09641029104766,-0.113469518793851,0,2.22044604925031e-16,6.60271837205073e-12,0,0.0958002842274395,0,0.0277272759677785
1293,94.9115,35.9379,8769.29824275692,3973.653603,787,-0.543047513391404,1.12808768485639,-0.933800368786195,1.00859802685821,-0.96798655102349,0.33109187700277,0.552100737984029,0,0,0,0,0,0,0
1294,100.895,35.9387,9322.1405857347,3973.742059,509,-0.57989770370358,1.08683309888125,-0.889660351902434,1.00149074518172,-1.17559006593409,0.439899465867286,0.686334931020153,0,0,0,0,0,0,0
1295,70.7549,35.9393,6537.36186064325,3973.808401,244,0.303539799320512,0.648304207616081,-0.787884239605081,0.983280042657398,-0.915027009978574,1.45196883853879,0.511431632534159,1.49996770559824e-09,0,0,0,2.43016538004071e-08,0,1.00353947374288e-10
1296,71.4648,35.9415,6602.95269866112,3974.051655,271,0.347592976758402,0.606179518298768,-0.750985477108199,0.984535215002342,-0.62132565212952,1.25301440571903,0.32974162401405,3.63931107472126e-13,0,0,0,1.48023371338013e-10,0,4.46333261079346e-05
1297,85.4357,35.9416,7893.78667367713,3974.062712,680,NA,NA,NA,NA,NA,NA,NA,NA,NA,NA,NA,NA,NA,NA
1298,82.4482,35.9427,7617.75817870828,3974.184339,619,-0.227777194766406,1.39857024079947,-0.947952572503447,1.4128883378634,-0.221164502643697,0.0483184292885072,0.549034189403478,1.96065386148803e-13,0,0,0,2.30507229037613e-06,0.000306045261562637,0
1299,84.9642,35.9527,7850.22267857159,3975.290039,665,-0.435805704369776,1.18439891776075,-0.852321606489504,0.6405521337652,0.139792776868575,0.0024557234206987,0.689756480799516,0,0,0,4.55635529306164e-13,0.00189130419161021,0.795975823018203,0
1300,91.5237,35.9563,8456.28423932412,3975.688091,794,-0.63390169325844,1.08065003378207,-0.941113727403313,1.0140137721214,-0.964076684758543,0.332964692082978,0.609689830434796,0,0,0,0,0,0,0
1301,73.1298,35.9628,6756.78950004125,3976.406796,335,0.498675617279687,0.407037723669433,-0.506795692083922,0.985494814047523,-0.056356730163668,1.07105615414425,-0.0835523661714794,0,0,5.33311507717737e-05,0,0.0837087422764908,0,0.0827738654057657
1302,99.9913,35.9653,9238.64369840304,3976.683221,559,-0.593274679799194,1.08255417641517,-0.893653043083787,1.00241620413777,-1.16701471645973,0.418192828220246,0.685432014168661,0,0,0,0,0,0,0
1303,82.9612,35.9679,7665.15654453892,3976.970703,628,NA,NA,NA,NA,NA,NA,NA,NA,NA,NA,NA,NA,NA,NA
1304,91.8764,35.9686,8488.87177076363,3977.048102,801,-0.631273482847918,1.08131703518922,-0.938254280004586,1.01336203949055,-0.97578422360272,0.341564029929549,0.606177499366322,0,0,0,0,0,0,0
1305,96.3488,35.9692,8902.09682211047,3977.114444,757,-0.547939912179495,1.12980790208544,-0.920437187260289,1.00826511366113,-0.975912487970318,0.336244958510774,0.561765792214025,0,0,0,0,0,0,0
1306,102.152,35.9702,9438.28044119105,3977.225014,438,-0.522068806345541,1.12505684496589,-0.869193452390762,1.00252773924653,-1.12918462205538,0.37774108641681,0.631103463590464,0,0,0,0,0,6.66133814775094e-16,0
1307,79.2199,35.972,7319.48109408637,3977.42404,545,0.522555499967491,0.092574734048849,-0.732625047685874,1.0036549707754,0.119307256570764,1.17524442997352,-0.31583782588156,0,0.0114921656190143,0,0,0.0630536024257504,0,2.93946236462617e-07
1308,72.1169,35.9771,6663.20313600645,3977.987947,298,0.490535040160268,0.436941680854455,-0.54657555822356,0.988635025474948,-0.0930289485563993,1.04745771077047,-0.07863984784505,0,0,6.09680883556507e-08,0,0.0151438143561036,0,0.111706033194733
1309,86.8013,35.9842,8019.96056915143,3978.772994,690,-0.560355577205203,1.06482010035324,-0.849676681177752,1.1508623159275,-0.460857321033333,0.116040747257852,0.737151415574351,0,0,0,0,0,0.000214944239660619,0
1310,91.1529,35.9918,8422.02436788163,3979.613326,781,-0.635671373130579,1.07841990671153,-0.939331221235798,1.015167256201,-0.966531660868084,0.321007909207616,0.60994439553317,0,0,0,0,0,0,0
1311,95.1151,35.9978,8788.10975792869,3980.276746,784,-0.541308812225503,1.12741913344923,-0.931138826662568,1.00811168973827,-0.971720051681009,0.335153741947049,0.551873843016394,0,0,0,0,0,0,0
1312,85.3557,36.0019,7886.39511565286,3980.730083,671,-0.443548387316425,1.16617297072633,-0.830435367194157,0.421648013942744,0.0656493271564067,0.0028073090808412,0.696477856082545,0,0,0,0.0924979732524527,0.237868368505775,0.608602190042365,0
1313,83.673,36.0032,7730.92293205986,3980.873824,638,-0.340135216941676,1.26270847119067,-0.926465070174256,0.598228859976555,0.149652658554682,-0.0153641008603268,0.614692507054416,0,0,0,1.06508979413888e-09,0.00268395097009222,0.053411271846187,0
1314,72.7547,36.0113,6722.13233235495,3981.769441,325,0.495692205846372,0.399592882079754,-0.558558558973552,0.988372961937864,-0.0750414066052707,1.0714689071378,-0.0834877537781644,0,0,9.2299726750511e-08,0,0.0421503963400376,0,0.099094903077642
1315,83.0027,36.0118,7668.99091526401,3981.824726,625,NA,NA,NA,NA,NA,NA,NA,NA,NA,NA,NA,NA,NA,NA
1316,72.6595,36.0171,6713.33637830607,3982.410747,325,0.495692205846372,0.399592882079754,-0.558558558973552,0.988372961937864,-0.0750414066052707,1.0714689071378,-0.0834877537781644,0,0,9.2299726750511e-08,0,0.0421503963400376,0,0.099094903077642
1317,99.5182,36.0194,9194.93187213701,3982.665058,587,-0.602313360216952,1.08050910808679,-0.895564395981556,1.00293203390547,-1.159030372009,0.402358256542547,0.682893817890329,0,0,0,0,0,0,0
1318,72.6435,36.0261,6711.85806670121,3983.405877,323,0.484231477140281,0.414915375668063,-0.566017162440376,0.987493712502066,-0.082140878595722,1.07595780178994,-0.0751191149510861,0,0,2.98235731666097e-08,0,0.0322426704866081,0,0.138574858343353
1319,101.564,36.03,9383.95248971266,3983.8371,472,-0.52569766182236,1.12087164764392,-0.877664338564439,1.00084929485458,-1.13977572940213,0.412809201857977,0.64085526947475,0,0,0,0,0,0,0
1320,82.904,36.0398,7659.87158055156,3984.920686,621,NA,NA,NA,NA,NA,NA,NA,NA,NA,NA,NA,NA,NA,NA
1321,88.9272,36.055,8216.38198419889,3986.60135,730,-0.970765135362394,0.72176734275841,-0.943541522318832,1.03282055826772,-0.474901566026096,-0.296002063386019,0.803804691996231,0,0,0,0,0,2.86666246296363e-11,0
1322,98.3722,36.0563,9089.04780343933,3986.745091,651,-0.561919776509077,1.12023435251354,-0.895864381174889,1.00217812721259,-1.05967640591833,0.349297072900821,0.590211692169228,0,0,0,0,0,0,0
1323,75.3241,36.0564,6959.53069719946,3986.756148,414,0.473969954036279,0.324032470647182,-0.597174278177809,0.984335318395772,-0.0306312571128716,1.11628524117248,-0.126881553008469,0,1.33226762955019e-14,1.45303324927681e-10,0,0.343323614602163,0,0.0137801245192635
1324,83.8228,36.0564,7744.76362446031,3986.756148,630,-0.342307296292397,1.27520513454948,-0.911237349684719,0.564882697697303,0.138089891669589,-0.0159143173889701,0.599208213080754,0,0,0,8.24097735163676e-07,0.00857461634597234,0.0526710646161856,0
1325,73.0764,36.0615,6751.85563506005,3987.320055,334,0.49904054279734,0.406673435496268,-0.506535282509761,0.985576293994612,-0.0561806345908653,1.07084794533954,-0.0838525068352873,0,0,5.56647840572744e-05,0,0.0848022674039666,0,0.0825710086665459
1326,95.027,36.0766,8779.96980465446,3988.989662,785,-0.54130335757784,1.1284975569939,-0.932458294881247,1.00801147630613,-0.971834348061778,0.331526977459469,0.549981884287176,0,0,0,0,0,0,0
1327,77.6669,36.0798,7175.99247394022,3989.343486,511,0.531894212043523,0.137052018277476,-0.731405078993638,0.999170951238754,0.0760865118322311,1.11560712307931,-0.30087691732539,0,0.000573453408823976,0,0,0.128014257929064,0,3.01257154999846e-07
1328,82.3268,36.0913,7606.54148940645,3990.615041,601,-0.213490865070732,1.40150317559582,-0.947076602249632,1.39856623400695,-0.228990300361154,0.0499589974463585,0.548383872560113,7.38853422888042e-12,0,0,0,1.30298853284749e-06,0.000297009516577074,0
1329,72.0436,36.0951,6656.43062096671,3991.035207,297,0.490478008131626,0.436761342767688,-0.549175023386249,0.988654490386221,-0.0937378957727506,1.04738215058133,-0.0790745904293259,0,0,4.18525167855677e-08,0,0.0146947684098395,0,0.111897213523286
1330,90.5308,36.1012,8364.5457647954,3991.709684,770,-0.967070090659315,0.764515573060224,-0.940824790611341,1.0285977279434,-0.621650972545716,-0.147141299862933,0.839790695842283,0,0,0,0,0,0.00320792813678983,0
1331,89.7261,36.106,8290.19593051876,3992.24042,741,-0.976240135555236,0.740235879593137,-0.939815195197042,1.02988848193968,-0.546158152593331,-0.231678855904979,0.822552131393338,0,0,0,0,0,5.53335396835664e-07,0
1332,82.8367,36.11,7653.65343236364,3992.6827,611,NA,NA,NA,NA,NA,NA,NA,NA,NA,NA,NA,NA,NA,NA
1333,92.3279,36.1162,8530.5878763631,3993.368234,784,-0.617091804844824,1.08933170743743,-0.941085980307874,1.01116530978439,-0.979223746065229,0.338961544302203,0.587346029559092,0,0,0,0,0,0,0
1334,79.7703,36.1225,7370.33501329336,3994.064825,545,-0.148981284247414,1.48528564066799,-0.95420760164372,1.46503304307456,-0.203492895392158,0.0283668698248005,0.531282230881925,8.04301448331657e-07,0,0,0,3.86149965194704e-05,0.00445063080405639,0
1335,96.1118,36.1352,8880.19933146357,3995.469064,747,-0.551615076475773,1.12437057814128,-0.925241219272268,1.00787257397999,-0.977834317989,0.33670053412146,0.55831976147187,0,0,0,0,0,0,0
1336,73.4423,36.1363,6785.66277357356,3995.590691,343,0.49629733483163,0.397696452193835,-0.535804950676602,0.986341445664744,-0.0614917986856549,1.07301312473502,-0.0886560342704202,0,0,1.829277820109e-06,0,0.0668090275553213,0,0.0697583352203563
1337,94.692,36.139,8749.01765542783,3995.88923,771,-0.557926514192216,1.11592728554128,-0.936370822405259,1.00815646780379,-0.973869012470526,0.341771710823578,0.559707146796505,0,0,0,0,0,0,0
1338,79.6471,36.1391,7358.95201393598,3995.900287,549,-0.140534619017794,1.52821380938615,-0.952340828110882,1.46429326182916,-0.202755784312094,0.0262461034594432,0.517273772228385,1.90511689379669e-06,0,0,0,3.46323329833975e-05,0.00504247843332339,0
1339,84.4838,36.1469,7805.83637263585,3996.762733,643,-0.419371852407748,1.23319162090351,-0.882778003491184,0.734152352229216,0.22687312868791,-0.00804823599640278,0.653930061685792,0,0,0,0,3.2352851642159e-07,0.485767953110477,0
1340,70.6594,36.1482,6528.53818825177,3996.906474,238,0.275356446032144,0.676263100394661,-0.78959874644048,0.981697716427966,-1.07097777520677,1.57854292604802,0.59489400098944,9.14920670336272e-08,0,0,0,4.57172618428814e-07,3.574918139293e-14,1.77635683940025e-15
1341,87.7827,36.1519,8110.63650721417,3997.315583,687,-0.588861263657173,1.06459979897273,-0.903904728984388,1.05162052812236,-0.782326538941127,0.246035479899874,0.674356653395937,0,0,0,0,0,2.47337705872042e-11,0
1342,79.9329,36.1584,7385.35835497769,3998.034288,545,-0.163595635320397,1.43996226608121,-0.953608116743857,1.42065088326029,-0.226526654748613,0.0384138568187136,0.546734534400995,1.59219835316193e-07,0,0,0,4.12318990949956e-06,0.00155402401608584,0
1343,76.8933,36.1613,7104.51610784552,3998.354941,491,0.526826807179841,0.164526990137113,-0.734277807371304,0.99940826250967,0.054799194899006,1.09341152470728,-0.290658200537504,0,6.31476091204064e-05,0,0,0.243664528930711,0,6.72606364160444e-07
1344,79.8233,36.1614,7375.23192048443,3998.365998,542,-0.156351937102248,1.45050019136621,-0.956417829587631,1.52320427946687,-0.189885180899177,0.0277026373137016,0.545196986435754,3.56277941815364e-07,0,0,2.22044604925031e-16,0.000187946534327299,0.00644042037097581,0
1345,82.7389,36.1675,7644.61725267898,3999.040475,609,NA,NA,NA,NA,NA,NA,NA,NA,NA,NA,NA,NA,NA,NA
1346,74.5971,36.1694,6892.3599136539,3999.250558,375,0.497359009097014,0.3518576950758,-0.606688339938173,0.987149633702684,-0.0564771912457214,1.09124294092969,-0.116743529069917,0,1.11022302462516e-15,5.94035931555936e-12,0,0.109849630536098,0,0.0258319268421427
1347,72.1758,36.1809,6668.64517060182,4000.522113,301,0.479897863228959,0.439976321293452,-0.598474074812587,0.989244185164896,-0.119387344101284,1.05739513276663,-0.0662899710429905,0,0,1.18660636871937e-12,0,0.00470339467009495,0,0.222567778660399
1348,91.4566,36.1812,8450.08457003127,4000.555284,770,-0.63690663394697,1.07397502377425,-0.938393603605648,1.01474841641944,-0.974896217543859,0.326403234104029,0.612225592492275,0,0,0,0,0,0,0
1349,96.3465,36.1865,8901.88431481727,4001.141305,742,-0.554859326034795,1.12240533869832,-0.921985836897369,1.00808342787548,-0.981966157621299,0.339927105762607,0.562475567482437,0,0,0,0,0,0,0
1350,76.3429,36.1939,7053.66218863854,4001.959523,462,0.491913190042518,0.240571598549416,-0.682419800711245,0.991755970760824,0.00471150558558731,1.10784730841261,-0.20314992359305,0,5.43723954748998e-09,0,0,0.905447296480621,0,0.000342410778545688
1351,76.5022,36.1957,7068.38062855437,4002.158549,468,0.486793446745217,0.241675481391211,-0.683799679972865,0.991480925431251,0.00285162600321899,1.11529105192016,-0.19765588177172,0,3.10472536568795e-09,0,0,0.942900068541036,0,0.000435416708263414
1352,97.5793,36.1962,9015.78822397128,4002.213834,692,-0.54640563218277,1.12479686440286,-0.907439986435296,1.00587241234867,-1.01928112850712,0.348923903739605,0.57213966939591,0,0,0,0,0,0,0
1353,91.2273,36.201,8428.8985168442,4002.74457,768,-0.635774666986978,1.07568829848198,-0.944507060636698,1.01373904421814,-0.965631256266712,0.314107280322015,0.60553096075288,0,0,0,0,0,0,0
1354,83.3191,36.2071,7698.22452725,4003.419047,620,-0.30966290007282,1.2693260425584,-0.92919693496281,0.627580512974729,0.176837138457733,-0.0196434992358164,0.612161774778866,0,0,0,6.43929354282591e-15,0.00033459644629863,0.0248479316855132,0
1355,70.7107,36.2077,6533.27802483484,4003.485389,238,0.275356446032144,0.676263100394661,-0.78959874644048,0.981697716427966,-1.07097777520677,1.57854292604802,0.59489400098944,9.14920670336272e-08,0,0,0,4.57172618428814e-07,3.574918139293e-14,1.77635683940025e-15
1356,84.3991,36.2151,7798.01056057765,4004.303607,636,-0.418870897644667,1.23207874948241,-0.883074912874891,0.736862900708346,0.229474621347373,-0.00843528767940085,0.654406805383436,0,0,0,0,2.66553815908566e-07,0.471583308607263,0
1357,91.8509,36.2256,8486.51571164339,4005.464592,775,-0.635036454750292,1.07443708003097,-0.938022012207287,1.01308099824381,-0.981203731366357,0.342628129021169,0.610677348509766,0,0,0,0,0,0,0
1358,91.382,36.2257,8443.19194217363,4005.475649,772,-0.638698100686424,1.0740877990803,-0.939596045050959,1.01475287153167,-0.972638811799343,0.324704542919929,0.610914491385808,0,0,0,0,0,0,0
1359,71.8811,36.2263,6641.41651872992,4005.541991,284,0.490180783092781,0.44896447575429,-0.541611205152212,0.988314281777112,-0.104048783242087,1.04455105448251,-0.0715817998979899,0,0,5.79347836371369e-08,0,0.0104820452173762,0,0.158117079056279
1360,83.7139,36.2267,7734.70186609977,4005.586219,619,-0.354050823170523,1.29293822525884,-0.908952036543016,0.753859486233161,0.264441585360443,-0.0188044909152912,0.597890033951458,0,0,0,0,2.89027224376071e-09,0.0967242018294951,0
1361,96.8037,36.2291,8944.12706892598,4005.851587,728,-0.551849786062699,1.11909120385842,-0.91363396171168,1.0070930730431,-1.01019932109529,0.347426667713657,0.57459786468127,0,0,0,0,0,0,0
1362,86.5417,36.2314,7995.97496336268,4006.105898,664,-0.560584013881966,1.06537636347807,-0.841300854987571,1.25921605417104,-0.296223926435155,0.054210888780178,0.751964224690021,0,0,0,0,1.81182129299629e-08,0.024694720946189,0
1363,96.9663,36.2377,8959.15041061031,4006.802489,719,-0.548595893403056,1.11948316551758,-0.910717863806906,1.00764811460888,-1.01216154383836,0.343594614708886,0.574648182044401,0,0,0,0,0,0,0
1364,92.023,36.2401,8502.4168008431,4007.067857,775,-0.633787608290402,1.07497245641139,-0.93617414246205,1.01305236984526,-0.986776230707086,0.34336743326306,0.60777924879799,0,0,0,0,0,0,0
1365,82.5067,36.2408,7623.16325551353,4007.145256,594,NA,NA,NA,NA,NA,NA,NA,NA,NA,NA,NA,NA,NA,NA
1366,99.5483,36.243,9197.71294584364,4007.38851,576,-0.610006214267025,1.07805231475707,-0.897309925164944,1.002796451573,-1.15830912750185,0.395733615121934,0.68384387949032,0,0,0,0,0,0,0
1367,102,36.2445,9424.23648094494,4007.554365,442,-0.538606043677833,1.115196392754,-0.877441513359529,1.00307764243138,-1.14407923636602,0.387151889555376,0.649586303165651,0,0,0,0,0,2.22044604925031e-16,0
1368,79.1618,36.2502,7314.11297507125,4008.184614,528,0.515160060367625,0.0970199535930032,-0.723508039886758,1.00251116623838,0.111112216098044,1.1621264125011,-0.304947086343418,0,0.0101480014719746,0,0,0.0753894054865447,0,1.10979029877001e-06
1369,71.5032,36.2503,6606.50064651277,4008.195671,268,0.340696519268427,0.6083276721583,-0.757240540034203,0.984334275925361,-0.645389937050595,1.26675877940938,0.345882604880861,1.55564450210477e-12,0,0,0,2.47575515643916e-10,0,2.04706524524756e-05
1370,91.2611,36.2514,8432.02145010945,4008.317298,768,-0.634681238744336,1.07553676274804,-0.943713219091248,1.01379841183726,-0.968234824418819,0.311202982395756,0.605208204516747,0,0,0,0,0,0,0
1371,74.4985,36.2538,6883.24981838899,4008.582666,372,0.496765790083798,0.355549392959944,-0.599277517121985,0.987014588956538,-0.0559966526736166,1.09219037323431,-0.114097460568398,0,6.66133814775094e-16,3.86966014787049e-11,0,0.110739212914079,0,0.0287865309424071
1372,77.2448,36.2541,7136.99276591466,4008.615837,499,0.522372643901404,0.171563574541848,-0.727420430229236,0.998896549837142,0.0474446002811509,1.09997549012943,-0.278001144134256,0,2.23209209015973e-05,0,0,0.303860921927145,0,1.54435429378097e-06
1373,101.256,36.2595,9355.49499131922,4009.212915,479,-0.545861710920906,1.11015899782586,-0.882982731179407,1.00239478052599,-1.149767798044,0.402931827529762,0.655799035328563,0,0,0,0,0,0,0
1374,70.7766,36.2609,6539.36682075733,4009.367713,239,0.272879811651319,0.675405021302894,-0.791411542538628,0.981603543611311,-1.0804658400303,1.58660199079264,0.597134309500192,1.09505043033309e-07,0,0,0,5.49667418470179e-07,7.061018436616e-14,1.33226762955019e-15
1375,76.2275,36.2641,7042.99986618853,4009.721537,456,0.490175233156469,0.247107116666236,-0.674345080644492,0.991340143545442,0.00285869781250869,1.10736093964868,-0.196915323945031,0,2.5392725699902e-09,0,0,0.941410244056976,0,0.000523980368400956
1376,90.1982,36.2726,8333.81536230949,4010.661382,745,-0.981121508055382,0.743317013174908,-0.949680381360589,1.02557330316529,-0.595935725550395,-0.202589488527345,0.815985119675085,0,0,0,0,0,5.23428425869277e-06,0
1377,72.4369,36.2764,6692.76936810353,4011.081548,311,0.49876225931117,0.420612886120454,-0.575317744994844,0.989354645511225,-0.0887700942068501,1.05413310157823,-0.0798869084532779,0,0,4.69216487886115e-09,0,0.0218946389734214,0,0.128181628372904
1378,89.4699,36.2824,8266.52446594604,4011.744968,720,-0.983786095441805,0.732906041012176,-0.949101563400203,1.03062026230005,-0.508896380186952,-0.276272437305668,0.803347133502547,0,0,0,0,0,1.4831358363665e-10,0
1379,98.9181,36.2864,9139.48594750745,4012.187248,608,-0.581914330287526,1.1039864702565,-0.894459737192727,1.00399952097374,-1.09253114494501,0.329612584489456,0.619511779525539,0,0,0,0,0,0,0
1380,72.7589,36.2883,6722.52038915122,4012.397331,323,0.484231477140281,0.414915375668063,-0.566017162440376,0.987493712502066,-0.082140878595722,1.07595780178994,-0.0751191149510861,0,0,2.98235731666097e-08,0,0.0322426704866081,0,0.138574858343353
1381,102.36,36.2963,9457.49849205416,4013.281891,413,-0.5256424504705,1.11793367090286,-0.867662222387777,1.00319902991538,-1.14318227906889,0.391286816848607,0.641500747792702,0,0,0,0,0,6.43929354282591e-15,0
1382,90.5328,36.2988,8364.730553746,4013.558316,752,-0.657369200034303,1.05644066867783,-0.94334141535159,1.01777385761114,-0.955509802642618,0.277220320293124,0.623287132024873,0,0,0,0,0,0,0
1383,99.3675,36.3027,9181.00802470879,4013.989539,581,-0.60433198998171,1.08453771262872,-0.89755901182975,1.00318488610916,-1.13860706631754,0.373068392456551,0.667542179322282,0,0,0,0,0,0,0
1384,87.0532,36.3139,8043.23473748035,4015.227923,658,-0.589879953006148,1.0484986424078,-0.841321466163475,1.20118942159384,-0.339527877748267,0.0513599836418925,0.755534556541118,0,0,0,0,3.61097818313283e-11,0.0581814356002228,0
1385,93.1697,36.3202,8608.36554567349,4015.924514,765,-0.607756134996672,1.09499504170209,-0.939345873906894,1.0094380277742,-0.984243694637452,0.348425824291511,0.576439642120596,0,0,0,0,0,0,0
1386,102.197,36.3227,9442.43819257971,4016.200939,424,-0.533251336324957,1.11693814206957,-0.872838935595705,1.00346341958385,-1.14379153000916,0.384365080539619,0.645445692504209,0,0,0,0,0,1.99840144432528e-15,0
1387,83.4979,36.3248,7714.74465943424,4016.433136,603,-0.32116969180692,1.34313686172925,-0.92138783502525,0.790971154059504,0.31422337069101,-0.0183473341728061,0.573297947731331,0,0,0,0,2.04503081135954e-13,0.125969766857537,0
1388,90.3241,36.3338,8345.44782675019,4017.428266,746,-0.979391763650093,0.74715734583127,-0.949827548985947,1.02577627555112,-0.597220291096655,-0.199969314313277,0.817211420556612,0,0,0,0,0,7.3741677295569e-06,0
1389,73.203,36.3382,6763.55277563346,4017.914774,334,0.49904054279734,0.406673435496268,-0.506535282509761,0.985576293994612,-0.0561806345908653,1.07084794533954,-0.0838525068352873,0,0,5.56647840572744e-05,0,0.0848022674039666,0,0.0825710086665459
1390,98.4732,36.339,9098.37964544497,4018.00323,632,-0.572705882721199,1.11358177309247,-0.897123208464339,1.00399724830031,-1.07434300660846,0.312849347628295,0.596355296830136,0,0,0,0,0,0,0
1391,97.9224,36.3431,9047.48876844787,4018.456567,662,-0.559072169763413,1.12251749824208,-0.900033860689926,1.00508472845422,-1.04378803039392,0.307102740303007,0.570833281897049,0,0,0,0,0,0,0
1392,75.7346,36.344,6997.4586293115,4018.55608,423,0.477020889017801,0.312035621349584,-0.600571339676444,0.98463008435021,-0.0208649266179108,1.12169366239277,-0.136515268868281,0,6.88338275267597e-14,7.55282503206445e-11,0,0.511647152197048,0,0.00914586470392154
1393,83.7658,36.3489,7739.49713936802,4019.097873,607,-0.357389028945349,1.29447889361007,-0.912775498135443,0.749097267637217,0.260680141438795,-0.019649377553627,0.598769074429049,0,0,0,0,8.27999069308305e-09,0.0863321608668439,0
1394,93.986,36.3538,8683.78715586364,4019.639666,767,-0.579758360588758,1.10713281903842,-0.937827012712684,1.00914230866935,-0.978839427324664,0.337663994346203,0.564542375110221,0,0,0,0,0,0,0
1395,100.054,36.3556,9244.43683200456,4019.838692,537,-0.600724051101014,1.07977406318982,-0.895410250930799,1.00192279148673,-1.16868254732755,0.404668008791619,0.685665271736981,0,0,0,0,0,0,0
1396,89.6126,36.363,8279.70915757183,4020.65691,719,-0.984634746173686,0.728914078720754,-0.951468530208829,1.02961537732385,-0.524811494726243,-0.270934104909418,0.799050805907088,0,0,0,0,0,1.25607746426226e-10,0
1397,99.1111,36.3638,9157.318081241,4020.745366,589,-0.59959720053648,1.08846956300523,-0.896572235622781,1.00464408675996,-1.11662358016388,0.351101266426815,0.651144134086365,0,0,0,0,0,0,0
1398,89.0811,36.3659,8230.60149394808,4020.977563,703,-0.970285291950594,0.726430790098352,-0.94805217986515,1.03365223040415,-0.459100602665418,-0.306992563181786,0.794588119681761,0,0,0,0,0,4.1071590572983e-12,0
1399,95.542,36.3696,8827.5529594357,4021.386672,749,-0.558645749543465,1.11619147115446,-0.927130975333819,1.0083782899992,-0.984596584339742,0.342069601942564,0.563013415677461,0,0,0,0,0,0,0
1400,79.7926,36.3812,7372.39541009262,4022.669284,541,-0.146628835137987,1.48712434146033,-0.956897395835986,1.54495337175382,-0.182314027100694,0.0247371240109593,0.530594387729858,1.21818694243103e-06,0,0,1.11022302462516e-14,0.000344510875547543,0.00898944018739756,0
1401,94.4654,36.3952,8728.08106732408,4024.217264,759,-0.566345025117985,1.11007073132954,-0.937637258907402,1.00796977615756,-0.977552264434638,0.343296341659938,0.561774121492198,0,0,0,0,0,0,0
1402,95.9294,36.396,8863.34657916823,4024.30572,737,-0.557857195586378,1.11455011972159,-0.92536303731256,1.00779298841547,-0.994455397790792,0.338938203214226,0.563790799672521,0,0,0,0,0,0,0
1403,93.6368,36.3963,8651.5230050877,4024.338891,764,-0.584788398810595,1.10360266499739,-0.940698252658032,1.00901119326099,-0.97796196377825,0.340589235014388,0.564133948833701,0,0,0,0,0,0,0
1404,74.3884,36.3974,6873.07718665808,4024.460518,363,0.493973724836869,0.377030538974967,-0.581540704585569,0.987087441348353,-0.0619558927744098,1.07770339894301,-0.101320360186074,0,0,2.00853511600485e-09,0,0.0702056645818572,0,0.0442454328551092
1405,82.7266,36.3986,7643.48080063274,4024.593202,589,-0.299499499887105,1.2501673542423,-0.942674124751381,0.555182735712189,0.156059336474019,-0.0186893425356941,0.632316653477609,0,0,0,1.4555778538039e-07,0.00375252316281571,0.0363884446703924,0
1406,90.489,36.4008,8360.68367572771,4024.836456,739,-0.656343394726513,1.05711837258385,-0.945414550280082,1.01644488050918,-0.953791010478407,0.274107795923346,0.617666274240504,0,0,0,0,0,0,0
1407,96.2846,36.408,8896.16509679599,4025.63256,731,-0.548988012911465,1.12172741768047,-0.919604634766014,1.00771844984795,-0.995558493982683,0.323815724303463,0.556655256226635,0,0,0,0,0,0,0
1408,76.9694,36.4113,7111.54732741611,4025.997441,483,0.487194085148423,0.233978333490758,-0.691276840409831,0.992382161345263,0.00600585528862108,1.11916501069479,-0.203589538155276,0,5.32793431595735e-09,0,0,0.881978871725988,0,0.000261331227404682
1409,76.3758,36.4123,7056.70196687603,4026.108011,455,0.49434171525274,0.24094093696659,-0.689448855643765,0.993588468450137,0.00108744854266294,1.11983298479851,-0.205892433956684,0,4.18560763826292e-09,0,0,0.979013679041849,0,0.000300842515167377
1410,90.0143,36.4136,8316.8240183012,4026.251752,717,-0.977102335973106,0.740358072721588,-0.945532982373493,1.02799298700703,-0.565140817801615,-0.224294748265361,0.811031834782787,0,0,0,0,0,5.192776011409e-07,0
1411,94.5764,36.4145,8738.33685408276,4026.351265,758,-0.570525953720786,1.10746756152072,-0.937400255036353,1.00826703156253,-0.978127601834131,0.341254003194845,0.566402070872899,0,0,0,0,0,0,0
1412,88.9206,36.4286,8215.77218066189,4027.910302,692,-0.972714837406426,0.718461137495862,-0.949409206365627,1.03234693650036,-0.452144169216363,-0.322343991496612,0.778907411749083,0,0,0,0,0,1.11244347067441e-13,0
1413,77.0984,36.4323,7123.46621473025,4028.319411,486,0.487504022338816,0.231888289732509,-0.693303651400297,0.992546941078821,0.00687175995636472,1.11904396983332,-0.205455856466923,0,6.60938281882295e-09,0,0,0.865389156499548,0,0.000224311684246858
1414,86.0117,36.4324,7947.00589145188,4028.330468,648,NA,NA,NA,NA,NA,NA,NA,NA,NA,NA,NA,NA,NA,NA
1415,75.765,36.4346,7000.26742136072,4028.573722,419,0.489744773116588,0.310085780424764,-0.603935886674494,0.985551199916052,-0.0211511561780282,1.1173322799761,-0.141291597038063,0,1.21680443498917e-13,2.05391259555654e-11,0,0.506085288335636,0,0.00737789035009295
1416,83.4734,36.4386,7712.48099478931,4029.016002,597,-0.322088426048857,1.33341815080707,-0.921641322770627,0.78278625666206,0.303637578586581,-0.0205761617878611,0.578680162002183,0,0,0,0,3.46567219366989e-12,0.088051886783612,0
1417,83.7257,36.4457,7735.79212090835,4029.801049,598,-0.347706462984949,1.29885960352754,-0.916133052166404,0.733271839580465,0.248124342755338,-0.0215614569791113,0.594311685502846,0,0,0,0,8.52503407866578e-08,0.0550376035295546,0
1418,91.2829,36.451,8434.03564967107,4030.38707,755,-0.638380515174092,1.06885635232754,-0.939393959235415,1.0153896865536,-0.970770873167945,0.308125073192123,0.611619447642766,0,0,0,0,0,0,0
1419,79.7356,36.4567,7367.12892500033,4031.017319,538,-0.134406203496502,1.53961874897791,-0.954866860103633,1.49350056041301,-0.191588353669601,0.0233975472153341,0.513583268942596,4.95388911647687e-06,0,0,0,0.000120666380031498,0.00828512639845091,0
1420,93.2628,36.4657,8616.96747132423,4032.012449,755,-0.608795690833595,1.09173753952747,-0.938248679031074,1.00903568407458,-0.991132137589055,0.347755711026059,0.576763572763032,0,0,0,0,0,0,0
1421,78.7369,36.4694,7274.85456251484,4032.421558,514,0.535504830666079,0.0996269917536306,-0.715078571656944,1.00106160026571,0.103475086087271,1.13167000204478,-0.298982925014265,0,0.0111919581079829,0,0,0.0528521569056575,0,1.12733318724523e-06
1422,72.9351,36.4754,6738.80029569968,4033.084978,326,0.482649790717449,0.420413115945378,-0.551673264863691,0.986086035179157,-0.075732949301743,1.07779601439632,-0.0731958827849798,0,0,3.76965573867238e-07,0,0.041050751694141,0,0.136055516353537
1423,70.3856,36.4762,6503.24058091371,4033.173434,231,0.240474161262501,0.707906088393516,-0.795655395025497,0.977310887572561,-1.21220890992843,1.70988322869472,0.669914700188398,8.89008678184311e-06,0,0,0,9.4577225793202e-06,2.69598121604986e-10,0
1424,83.1239,36.4786,7680.18912567078,4033.438802,588,-0.31456959839019,1.2911268880359,-0.928555962888581,0.770068087066905,0.303940304439024,-0.0258767244367544,0.607492086869661,0,0,0,0,8.95528096123144e-12,0.0370336532020397,0
1425,69.9142,36.4799,6459.68582525569,4033.582543,216,0.227755089589376,0.735558623174382,-0.804695248278439,0.976526135006446,-1.30086325912732,1.78313106952854,0.705082837279515,6.67496309114668e-05,0,0,0,2.06358901155834e-05,3.93613497351453e-09,0
1426,91.6721,36.4836,8469.99557945914,4033.991652,750,-0.635803307966223,1.06860707778788,-0.940787063555881,1.01429272066817,-0.977235275253977,0.317658661195286,0.608324897716843,0,0,0,0,0,0,0
1427,90.7997,36.484,8389.39063920447,4034.03588,742,-0.654224772343421,1.05894877935014,-0.944577431002625,1.01729566164788,-0.954450121965526,0.275611925870273,0.618763739006103,0,0,0,0,0,0,0
1428,87.6279,36.4907,8096.33384243721,4034.776699,648,-0.59406289059934,1.04272656272726,-0.883321348741053,1.08394010488815,-0.60337260080764,0.141716147436347,0.707942140033013,0,0,0,0,0,0.000138003852691915,0
1429,85.8091,36.5015,7928.28677075542,4035.970855,635,-0.500531173748351,1.14020070806889,-0.828585102067375,0.250729742158671,0.0339148854073928,0.00154671242975029,0.718272228588942,0,0,0,0.656910817583059,0.694844538294222,0.75130010466323,0
1430,96.6007,36.5046,8925.37099043939,4036.313622,710,-0.556390475283525,1.11461949172232,-0.91832663483954,1.00692487199114,-1.00584344481719,0.336112108788747,0.563623751569128,0,0,0,0,0,0,0
1431,75.9469,36.5205,7017.0739764184,4038.071685,425,0.48791735036678,0.30161144039053,-0.654150964740217,0.990009886092417,-0.0390175073395881,1.11981524794352,-0.14978934648345,0,3.67261776546002e-13,0,0,0.290453964147593,0,0.00476447058251317
1432,78.6203,36.5222,7264.08136669447,4038.259654,509,0.518414495637226,0.140097822109174,-0.689819629869572,0.996960470750076,0.070645533006289,1.12896667135232,-0.249313705808697,0,0.000366824207483907,0,0,0.124643868165188,0,3.83144286604242e-05
1433,76.0202,36.5247,7023.84649145814,4038.536079,429,0.48884600903309,0.29692031119802,-0.633773292741867,0.986464227889718,-0.0227821831266856,1.11925829245362,-0.151813926368634,0,8.40660874246169e-13,1.99840144432528e-15,0,0.507021652514585,0,0.00429694916997403
1434,99.7614,36.5256,9217.40220853079,4038.635592,544,-0.615119327471392,1.0757173016471,-0.900094286413218,1.00322314727661,-1.15377771606992,0.376836340837348,0.688237733339414,0,0,0,0,0,0,0
1435,70.7932,36.5398,6540.90056904737,4040.205686,237,0.274440098050491,0.673637814596102,-0.790264015075953,0.981651946594081,-1.06787137641007,1.57716966495296,0.591924118604882,1.04230998942967e-07,0,0,0,5.44485269315942e-07,4.84057238736568e-14,4.88498130835069e-15
1436,83.7324,36.5398,7736.41116389288,4040.205686,595,-0.353323244308923,1.28634950728104,-0.91315987041762,0.750698332239898,0.261019425729791,-0.021655871024086,0.604190315160056,0,0,0,0,1.43369087712841e-08,0.0751811831568463,0
1437,88.5204,36.5454,8178.79591164548,4040.824878,664,-0.980439842309716,0.70734515368448,-0.969408852229246,1.03084142980722,-0.405188139931589,-0.378097767528995,0.724661511594085,0,0,0,0,0,0,0
1438,74.661,36.5456,6898.26392062579,4040.846992,368,0.492508725381589,0.365943786904767,-0.608793097306015,0.987500879720503,-0.0667558072212134,1.08060635785751,-0.108540308373905,0,2.22044604925031e-16,2.84372525527488e-12,0,0.0632005297587754,0,0.036388102308295
1439,83.8159,36.551,7744.12610258072,4041.44407,593,-0.369438765104494,1.27139371980315,-0.911326294067914,0.745525220419006,0.255554601290714,-0.0194344361129435,0.619610293375303,0,0,0,0,3.30684593041752e-08,0.112897217438408,0
1440,97.8763,36.5525,9043.22938313638,4041.609925,645,-0.567082323524338,1.10902310013796,-0.90856228239801,1.00524860573801,-1.05012606881572,0.300239295134882,0.575687755803647,0,0,0,0,0,0,0
1441,72.5596,36.5589,6704.10617022326,4042.317573,312,0.488475885389081,0.423466391885645,-0.581431576075866,0.98900282247863,-0.095517272530013,1.06479759269706,-0.0715155752150496,0,0,1.05626996038666e-09,0,0.0170141049820867,0,0.174781851207817
1442,77.2882,36.5627,7141.00268614283,4042.737739,488,0.494209041914699,0.224370118665329,-0.695676152777118,0.993371837272739,0.00940302794392629,1.1140122092888,-0.211414077617919,0,2.11871049593526e-08,0,0,0.815929735750753,0,0.00014553257639971
1443,77.8751,36.5659,7195.22900369839,4043.091563,503,0.507139504658622,0.175342035677414,-0.713549516617112,0.997126417753479,0.0360942271897012,1.10245051008451,-0.247580831411654,0,1.29145971305977e-05,0,0,0.40864835610074,0,1.61148736801398e-05
1444,89.8879,36.572,8305.14535662285,4043.76604,702,-0.987988278551922,0.726444482396151,-0.954793328032079,1.02913272289645,-0.527254519062861,-0.270685403004353,0.793201285460227,0,0,0,0,0,6.48205933373447e-11,0
1445,74.7874,36.5779,6909.94258230413,4044.418403,372,0.489210750123001,0.356224541779118,-0.611538645590387,0.98777598586547,-0.0614179045369345,1.09045502030924,-0.113564767417183,0,6.66133814775094e-16,1.58539847916472e-12,0,0.0883815451541292,0,0.0304096564037197
1446,89.0239,36.5791,8225.31652996073,4044.551087,678,-0.980017192805832,0.714638952224219,-0.960578941673978,1.02973742764383,-0.458351999490515,-0.331842782921774,0.765784020870495,0,0,0,0,0,2.44249065417534e-15,0
1447,73.0796,36.5813,6752.15129738102,4044.794341,327,0.486600313336701,0.421493464940212,-0.518378060458926,0.984722533406961,-0.0633776353182116,1.07533644328721,-0.0755867382872693,0,0,2.40175670687126e-05,0,0.0681723864525794,0,0.114547047954889
1448,80.0791,36.5837,7398.86642726704,4045.059709,539,-0.145409817241444,1.50101624074499,-0.957766956201638,1.48297705743361,-0.199342830629965,0.0275442307514631,0.524433373511245,1.50874822302249e-06,0,0,0,6.26674688206652e-05,0.00543402758750577,0
1449,102.364,36.5887,9457.86806995537,4045.612559,395,-0.54926926155306,1.10307263417541,-0.875351216952361,1.00552288590604,-1.15643013169377,0.390877845699914,0.656123116132188,0,0,0,0,0,2.73114864057789e-14,0
1450,71.005,36.5896,6560.46971891662,4045.712072,244,0.283464086905905,0.662166525661622,-0.789187408038616,0.982500338264104,-0.973158302651174,1.50876207152639,0.55908976513287,2.83198597905709e-08,0,0,0,1.53849359918468e-07,0,2.34035013590983e-13
1451,95.7238,36.5918,8844.35027504586,4045.955326,723,-0.565600019805607,1.10715263596606,-0.92465458076241,1.00818663566857,-1.00318346353101,0.33449112631907,0.565081132183615,0,0,0,0,0,0,0
1452,90.2758,36.5949,8340.98517359303,4046.298093,719,-0.980707502634638,0.739313150295362,-0.948122459128041,1.02636779395878,-0.589933521086685,-0.208070429260462,0.808965850766817,0,0,0,0,0,2.08611628815802e-06,0
1453,87.7708,36.5962,8109.53701295806,4046.441834,642,-0.606614320747683,1.03754612973215,-0.884698494491734,1.08205628482409,-0.610802854963622,0.141338981120691,0.713257750914031,0,0,0,0,0,0.000172506778528758,0
1454,79.7141,36.6003,7365.1424437813,4046.895171,534,-0.131256569353354,1.54950663591244,-0.955360462131633,1.50942420479318,-0.185591420597839,0.0219256503035564,0.511153649719429,7.56641680332848e-06,0,0,0,0.000219311881596518,0.0105244643256162,0
1455,91.4062,36.6031,8445.42788847598,4047.204767,735,-0.639131045689189,1.06412595438304,-0.940522769500052,1.0143810115909,-0.974191488176899,0.30605940823059,0.61183222061862,0,0,0,0,0,0,0
1456,99.2762,36.6042,9172.57240911359,4047.326394,567,-0.612091649701857,1.07610415579967,-0.90095801973258,1.00546787100837,-1.13861644112151,0.363544601041358,0.673833941703369,0,0,0,0,0,0,0
1457,77.3929,36.6076,7150.67638770709,4047.702332,490,0.495509182015403,0.221443851074757,-0.696707739187389,0.99345038697175,0.00886027600326499,1.1127590928816,-0.210919576557101,0,3.17673936045537e-08,0,0,0.826295960578044,0,0.000145776002613784
1458,73.1408,36.61,6757.80583926959,4047.9677,328,0.486862309505394,0.419870539924441,-0.5198504562123,0.984776178616978,-0.0627489678244713,1.07566031303096,-0.0763491801481834,0,0,2.18154231810264e-05,0,0.0694778629961419,0,0.111207966075187
1459,101.533,36.6371,9381.08826097826,4050.964147,446,-0.559067044491398,1.09992713245052,-0.887007323451527,1.00603400117034,-1.152318648489,0.394937691919513,0.666425657110199,0,0,0,0,0,0,0
1460,72.2743,36.6371,6677.7460264192,4050.964147,296,0.469563807722266,0.448652781836174,-0.612885780252139,0.989642353945606,-0.138372328868966,1.06635086861014,-0.0455525595292247,0,0,1.86517468137026e-14,0,0.00217108787684395,0,0.424462678886291
1461,96.2834,36.6378,8896.05422342563,4051.041546,712,-0.560526762826247,1.10917231809011,-0.917859393959161,1.00899021206416,-1.00771671200682,0.314581164393255,0.5620866416013,0,0,0,0,0,0,0
1462,72.5917,36.6397,6707.0720328805,4051.251629,312,0.488475885389081,0.423466391885645,-0.581431576075866,0.98900282247863,-0.095517272530013,1.06479759269706,-0.0715155752150496,0,0,1.05626996038666e-09,0,0.0170141049820867,0,0.174781851207817
1463,97.466,36.6407,9005.31992991941,4051.362199,666,-0.555986456876747,1.1083139081818,-0.910593884069889,1.0061623107972,-1.04572200665646,0.323089974527236,0.577512368631627,0,0,0,0,0,0,0
1464,74.8848,36.6531,6918.94180419868,4052.733267,374,0.488007772139134,0.357694644251743,-0.596937652926398,0.987381493507932,-0.0564279718197282,1.09531272816106,-0.114194124579327,0,2.22044604925031e-16,3.38957750756208e-11,0,0.107347332072081,0,0.0275588496655066
1465,87.5919,36.6866,8093.00764132629,4056.437362,625,-0.624602825473776,1.0304036803007,-0.853818942108452,1.14735785624924,-0.404436383732863,0.0504509253871778,0.751552428502606,0,0,0,0,2.66453525910038e-15,0.116219923307317,0
1466,91.472,36.6877,8451.50744495094,4056.558989,724,-0.642923582520057,1.06069361269841,-0.939378547685864,1.01499044210034,-0.975528587931737,0.301729403687169,0.612668365324219,0,0,0,0,0,0,0
1467,78.4487,36.6931,7248.22647473241,4057.156067,502,0.506647917026277,0.146861546789702,-0.706390265760739,0.997525238509244,0.0639348389037875,1.12200189014595,-0.257878489149537,0,0.000229131196131549,0,0,0.176071574298355,0,1.68131137183725e-05
1468,78.1433,36.6945,7220.00920197475,4057.310865,497,0.50028584434831,0.178221691212496,-0.680221855237314,0.995090953927682,0.0331478399352684,1.10941512685714,-0.215784931855743,0,9.73789181624163e-06,0,0,0.416581930410763,0,0.000196432226662546
1469,92.1223,36.7012,8511.59157224073,4058.051684,726,-0.634741580521526,1.06516523783993,-0.938547958474155,1.01415036027047,-0.99203544443505,0.306333465053689,0.598547189569271,0,0,0,0,0,0,0
1470,84.8709,36.7031,7841.60227402578,4058.261767,600,-0.455655256553047,1.19827431023794,-0.877512786210805,0.755614780079108,0.232755832207706,0.0109257905243078,0.692258666758139,0,0,0,0,7.41201373610778e-08,0.462158378005567,0
1471,91.9714,36.7138,8497.64924591745,4059.444866,733,-0.638178874446295,1.06314113680958,-0.938353528606686,1.01427113119016,-0.992372022965331,0.305167948863405,0.602932637013915,0,0,0,0,0,0,0
1472,87.502,36.719,8084.70137799651,4060.01983,618,-0.614504661788362,1.04172188519863,-0.844497524452875,1.17449924773858,-0.354890945711003,0.0378185164677389,0.74674610607052,0,0,0,0,2.90922841372776e-12,0.190876846166211,0
1473,77.9793,36.7231,7204.856508025,4060.473167,499,0.509271364964764,0.177179220897987,-0.709798823678297,0.997098216364429,0.0346274261124635,1.10162728125538,-0.244630783707802,0,1.14782566285054e-05,0,0,0.425467200696942,0,2.13000100723892e-05
1474,101.645,36.7316,9391.43644221224,4061.413012,435,-0.559578651623127,1.09496373034113,-0.884844005757828,1.00556331965642,-1.16535273957597,0.40339090432919,0.670485808638369,0,0,0,0,0,2.22044604925031e-16,0
1475,91.2295,36.7343,8429.10178468987,4061.711551,730,-0.650548402820491,1.05786551900987,-0.942679159759744,1.01585191025936,-0.962414604079156,0.281106194779042,0.616525595204915,0,0,0,0,0,0,0
1476,73.0662,36.7451,6750.91321141195,4062.905707,325,0.488683126593496,0.423350986707764,-0.539402051594433,0.985927921883887,-0.0730051984789657,1.07331826073778,-0.0775630136710026,0,0,1.07319603115386e-06,0,0.0436661049049187,0,0.113064232374588
1477,93.1869,36.7501,8609.95473064871,4063.458557,733,-0.609808001689546,1.08424108352601,-0.939433390817925,1.00885613225387,-1.00216088851045,0.329619802193171,0.572766420149337,0,0,0,0,0,0,0
1478,78.4472,36.756,7248.08788301945,4064.11092,500,0.507494201533326,0.14616706417166,-0.707762190523915,0.997740891993071,0.0651552946930003,1.12128865954246,-0.260816586794303,0,0.000255534945078351,0,0,0.171675756900587,0,1.42325078902328e-05
1479,97.8533,36.7618,9041.10431020441,4064.752226,631,-0.572860069997625,1.10099192192237,-0.910988269111799,1.00486494730405,-1.06172890466182,0.297564953104428,0.581966537095535,0,0,0,0,0,0,0
1480,78.4622,36.7741,7249.473800149,4066.112237,500,0.507494201533326,0.14616706417166,-0.707762190523915,0.997740891993071,0.0651552946930003,1.12128865954246,-0.260816586794303,0,0.000255534945078351,0,0,0.171675756900587,0,1.42325078902328e-05
1481,84.3863,36.7792,7796.82791129377,4066.676144,569,-0.423797344761092,1.21875660112089,-0.895125369610364,0.757992489668943,0.242907667347356,0.00221493654403506,0.680441760940916,0,0,0,0,7.75375510464471e-08,0.879869523171116,0
1482,89.0987,36.7815,8232.22763671342,4066.930455,655,-0.673261668585444,1.02924389763339,-0.925855030323706,1.02279279381361,-0.919396772625232,0.266405875922569,0.653621452185964,0,0,0,0,0,6.88560319872522e-13,0
1483,74.3593,36.7855,6870.38850742676,4067.372735,357,0.506171626911493,0.379438852107572,-0.5480418900092,0.988025315512919,-0.0521611501682089,1.06681259177521,-0.102611111266849,0,0,5.96177881284632e-07,0,0.0986207154263599,0,0.0409393386220416
1484,77.5503,36.7856,7165.21927811985,4067.383792,483,0.501293297424267,0.21623580974856,-0.686254127453168,0.994816554538251,0.0134549182523942,1.12023664264264,-0.214520048833163,0,6.33645149683559e-08,0,0,0.736009465665376,0,0.000114025170363297
1485,99.6625,36.8017,9208.26439492329,4069.163969,539,-0.627143581166979,1.06709980403744,-0.903755185160762,1.00440635579461,-1.16656160459509,0.386504690319202,0.700558520098664,0,0,0,0,0,0,0
1486,86.9155,36.8028,8030.51201823108,4069.285596,611,-0.604470222977174,1.0511207704747,-0.815476084541946,1.49614921914941,-0.144838500566862,-0.0012817242606474,0.771401661169183,0,0,0,1.48103751484996e-13,0.00302771814913672,0.932569032746369,0
1487,98.1423,36.8201,9067.80631356709,4071.198457,609,-0.586582888834191,1.09106447994277,-0.9092981635269,1.00564449230346,-1.08108305221502,0.303582329206795,0.608171065929844,0,0,0,0,0,0,0
1488,89.7874,36.8203,8295.85971185486,4071.220571,678,-0.995829735110085,0.711622970532703,-0.957892056307015,1.02886188658037,-0.501791258434211,-0.303747952490882,0.770043532074543,0,0,0,0,0,2.1538326677728e-14,0
1489,91.2323,36.8238,8429.36048922072,4071.607566,718,-0.648182743811603,1.05638177089043,-0.944013755873337,1.01606114257139,-0.9575407889651,0.27386745145294,0.611115886620545,0,0,0,0,0,0,0
1490,86.7977,36.8322,8019.62794904034,4072.536354,611,NA,NA,NA,NA,NA,NA,NA,NA,NA,NA,NA,NA,NA,NA
1491,88.4482,36.8343,8172.12503052857,4072.768551,623,-0.656449836464154,1.03812430356059,-0.926431392435946,1.03096290656479,-0.833916747073887,0.223185597749144,0.657022831321636,0,0,0,0,0,1.53852182105396e-08,0
1492,71.4087,36.8357,6597.7693685966,4072.923349,253,0.273268677120793,0.665792862534657,-0.77917970810941,0.982407174632887,-0.90540902114606,1.44206161929714,0.532146951046659,7.73933721553988e-08,0,0,0,2.70570383875679e-08,0,1.9284573937739e-12
1493,93.6296,36.8394,8650.85776486551,4073.332458,729,-0.606139159885216,1.08487181915052,-0.937585540737826,1.00895837739576,-1.00461723866495,0.328292302634683,0.57585712275079,0,0,0,0,0,0,0
1494,89.6144,36.845,8279.87546762737,4073.95165,674,-0.992399347001536,0.715524551913596,-0.958082614724518,1.02848529931551,-0.500242081192631,-0.306121186314927,0.765243279648217,0,0,0,0,0,2.1538326677728e-14,0
1495,75.2526,36.8559,6952.92449221527,4075.156863,388,0.484335608321232,0.345968405305444,-0.606994739752437,0.988115596848275,-0.050171353744249,1.10423963042355,-0.122879934912909,0,8.88178419700125e-16,2.00994776378138e-12,0,0.149829979998012,0,0.0182320842767913
1496,77.8193,36.8712,7190.07339197646,4076.848584,487,0.507461260052524,0.188605593079533,-0.709233473754347,0.997988820654538,0.0273149921361093,1.11410939365763,-0.243715511898436,0,2.63282546653087e-06,0,0,0.530743788190429,0,1.92941707171101e-05
1497,76.8399,36.8812,7099.58224286433,4077.954284,455,0.524234237259681,0.205054517058176,-0.726747574699942,1.00201716517863,0.00394083135372627,1.09674404799846,-0.249430954467543,0,7.76099530419572e-07,0,0,0.929820863834071,0,1.6253492535423e-05
1498,76.935,36.8855,7108.36895746568,4078.429735,460,0.515143134323805,0.209743046524796,-0.727324959250422,1.0014603481765,0.00269871070504031,1.11108854200619,-0.243255176319123,0,2.74291620305789e-07,0,0,0.953211302737313,0,2.64930015885234e-05
1499,98.0054,36.8939,9055.15750989805,4079.358523,611,-0.587161314294348,1.092430573643,-0.911657834152151,1.00535020323967,-1.07202704715145,0.293888651433952,0.597211357075596,0,0,0,0,0,0,0
1500,87.4962,36.9235,8084.16549003975,4082.631395,594,-0.617602648518087,1.043696704529,-0.830158310591351,1.23065147868225,-0.270224480428308,0.00950420135867079,0.758061045697657,0,0,0,0,6.59112351364399e-08,0.707686897233071,0
1501,88.672,36.9344,8192.80291410147,4083.836608,623,-0.684062067295073,1.01999568573301,-0.915963554859541,1.03676080304454,-0.819838067132477,0.206514607277793,0.686195653580367,0,0,0,0,0,5.93302215801117e-07,0
1502,93.5659,36.9579,8644.97223678869,4086.435003,721,-0.611445326897034,1.08004827047394,-0.936355754443114,1.01030642471567,-1.00884564778071,0.323188904065406,0.580380748818234,0,0,0,0,0,0,0
1503,97.0561,36.9581,8967.44743449255,4086.457117,659,-0.57275734414542,1.09754080079933,-0.914637910059645,1.0064448618471,-1.05081909303498,0.319859954555135,0.581539161759534,0,0,0,0,0,0,0
1504,96.8488,36.9625,8948.29405976216,4086.943625,662,-0.574558324947443,1.09634371350985,-0.915591835686001,1.0071840543985,-1.04591023107306,0.318945692312567,0.57868824886144,0,0,0,0,0,0,0
1505,74.636,36.9809,6895.9540587432,4088.978113,359,0.500361380517628,0.382917940689813,-0.556181817282034,0.987286040013029,-0.0567498641255398,1.07227339769159,-0.0992803894070016,0,0,1.47739031453042e-07,0,0.081057698172077,0,0.0451256774795621
1506,75.2302,36.9871,6950.85485596847,4089.663647,380,0.488122432206475,0.363902209797916,-0.580629017095976,0.987599600202463,-0.0514099929399505,1.09174629966322,-0.112120799988843,0,0,1.08101971818542e-09,0,0.11506503204173,0,0.0255957449026221
1507,75.115,36.9906,6940.21101241352,4090.050642,373,0.49092485073266,0.370870863454703,-0.567952209287357,0.987050323056366,-0.051285236852406,1.08886546034457,-0.107025439296953,0,0,1.61702364831484e-08,0,0.111267354224353,0,0.031892242722005
1508,72.2891,36.9924,6679.1134646537,4090.249668,290,0.453903343938595,0.467434534508126,-0.624439873216938,0.9888021957613,-0.16335607127495,1.07609488523962,-0.0236099233488474,0,0,0,0,0.0006798802078396,0,0.694632526960109
1509,101.783,36.9927,9404.18687980411,4090.282839,415,-0.578023415398958,1.08668728238265,-0.887062961189476,1.00647225158871,-1.17001481793141,0.397377543092353,0.683609018190605,0,0,0,0,0,5.77315972805081e-15,0
1510,85.5192,36.9951,7901.50161236497,4090.548207,581,-0.512247709033312,1.16358841823895,-0.868293393296036,0.6666857852207,0.146571135218883,0.0150318624740587,0.704126556501356,0,0,0,0,0.000931600828218526,0.242876983473926,0
1511,97.7758,36.9958,9033.9437383684,4090.625606,620,-0.582199775705161,1.09624018288386,-0.911982412184261,1.0051552679772,-1.06486147942527,0.294976953749706,0.583005348136417,0,0,0,0,0,0,0
1512,89.9984,36.9961,8315.35494614387,4090.658777,668,-0.656314687591778,1.04549038274994,-0.935946442470784,1.0232602400418,-0.912790094077726,0.245708332643893,0.626558239769751,0,0,0,0,0,2.44249065417534e-14,0
1513,77.5393,36.9973,7164.20293889151,4090.791461,469,0.525810339898519,0.189223007900855,-0.726647843589571,1.00266800788344,0.0124595498906307,1.10338558858775,-0.254610785670048,0,3.50677379223896e-06,0,0,0.78226482614131,0,8.50432177279536e-06
1514,99.2865,37.0054,9173.52407220921,4091.687078,541,-0.617452254744997,1.07125211454645,-0.903847743013493,1.00387318348319,-1.14839372298028,0.370964114390917,0.679715329892852,0,0,0,0,0,0,0
1515,73.5837,37.019,6798.72735238145,4093.19083,329,0.490835672025459,0.414511906679061,-0.543780321485948,0.986265446198336,-0.0694663730181248,1.07444427157646,-0.0815566688143797,0,0,7.89870845618879e-07,0,0.0499361928110433,0,0.096861966778995
1516,97.5126,37.0273,9009.62551246855,4094.108561,629,-0.586734326136559,1.09297920693046,-0.916642727284057,1.00579910699512,-1.06301115216651,0.29462925590688,0.58526051576954,0,0,0,0,0,0,0
1517,86.5303,37.0276,7994.92166634421,4094.141732,588,NA,NA,NA,NA,NA,NA,NA,NA,NA,NA,NA,NA,NA,NA
1518,74.4284,37.0283,6876.77296567022,4094.219131,350,0.507295630839553,0.385995772509177,-0.534072898752812,0.987419593626708,-0.0517528014285104,1.06428305879542,-0.0984537851300631,0,0,3.90171199460276e-06,0,0.0988528927264958,0,0.0487707334248415
1519,90.7457,37.03,8384.40133753809,4094.4071,687,-0.653277458488583,1.05363913892628,-0.942553878251192,1.0195131516152,-0.94076911246807,0.257514181825451,0.615377708592752,0,0,0,0,0,0,0
1520,90.8087,37.0348,8390.2221894822,4094.937836,686,-0.656452091578489,1.05059576311526,-0.941427844879064,1.01994537434412,-0.94038302302366,0.255472073505834,0.61885383047013,0,0,0,0,0,0,0
1521,95.2034,37.0369,8796.26819009798,4095.170033,697,-0.587958342146217,1.09061116293874,-0.92709871962207,1.00818635465689,-1.02360856340907,0.324627405821295,0.569532477412751,0,0,0,0,0,0,0
1522,72.984,37.0447,6743.31838554201,4096.032479,316,0.49002017435956,0.429899562224516,-0.548604076047433,0.986851192467876,-0.0789898359210552,1.06764115040772,-0.0729119216413374,0,0,4.74380460913082e-07,0,0.0350570469523854,0,0.141974907732249
1523,84.4973,37.0458,7807.08369805244,4096.154106,542,-0.437134356705461,1.21546371970528,-0.898972017283298,0.76741383602822,0.259140235936373,-0.00315462220420729,0.68427091587792,0,0,0,0,3.15222434821294e-08,0.840950057288314,0
1524,96.1269,37.0505,8881.59448804065,4096.673785,685,-0.571700717405914,1.09830772106467,-0.924046290055983,1.00714515607823,-1.03283603786371,0.317634496035599,0.567562231890127,0,0,0,0,0,0,0
1525,89.5045,37.0523,8269.72131479153,4096.872811,640,-0.665477535568851,1.03912417641572,-0.927743624506845,1.02162057589736,-0.91981174926997,0.264557430984826,0.638051546247095,0,0,0,0,0,1.80744308408975e-13,0
1526,99.7757,37.0617,9218.72344952763,4097.912169,515,-0.629860105609849,1.06359992444111,-0.90085526266401,1.00533017685872,-1.17949638645287,0.392580085826709,0.705232625630441,0,0,0,0,0,0,0
1527,98.5464,37.065,9105.14292103718,4098.27705,574,-0.603010023852102,1.08081489722194,-0.911405753945048,1.0051960665719,-1.0917569051104,0.312349491321704,0.626204486587202,0,0,0,0,0,0,0
1528,88.1941,37.1046,8148.64759435398,4102.655622,586,-0.695871364015676,1.00839548740753,-0.875096834945691,1.07015004956154,-0.617860174008254,0.10890716490447,0.740388234432882,0,0,0,0,0,0.0190178810665409,0
1529,70.886,37.1142,6549.47477635552,4103.717094,235,0.239246193517804,0.701490529482489,-0.789488872859824,0.977844848926366,-1.18402297431394,1.69759181599471,0.664381813912088,8.14833240769808e-06,0,0,0,9.75339511111173e-06,1.41992195779039e-10,0
1530,98.967,37.1245,9144.00403734978,4104.855965,548,-0.614432533993762,1.0732613238835,-0.910348993536929,1.00481417865096,-1.11702487824157,0.335628448302005,0.659205111822841,0,0,0,0,0,0,0
1531,89.9023,37.1268,8306.47583706722,4105.110276,653,-0.661866568590723,1.04273315749936,-0.930692155499884,1.02356831988166,-0.906718400677443,0.246618298120422,0.63322844565127,0,0,0,0,0,2.90212298637016e-13,0
1532,71.1339,37.1331,6572.37936678323,4105.806867,238,0.246834796736743,0.689088986694885,-0.79079216253534,0.978663243695116,-1.11362111061059,1.63252360919964,0.635596564419863,3.2773829705679e-06,0,0,0,3.67742777163116e-06,5.91349191836343e-12,0
1533,71.7837,37.1388,6632.41729683537,4106.437116,262,0.25683688555863,0.665101526824335,-0.779556599732727,0.983331850219245,-0.969894596703154,1.48253579892328,0.552076148288007,2.7879991382207e-07,0,0,0,5.52413155219256e-08,0,1.09245945623115e-13
1534,90.241,37.1421,8337.76984585248,4106.801997,666,-0.672610119244922,1.03465749296824,-0.932811064932983,1.02495990162437,-0.911779881224993,0.239192958997651,0.641067374289639,0,0,0,0,0,4.08784117666983e-13,0
1535,87.0938,37.1443,8046.98595317767,4107.045251,578,-0.61664509843584,1.06011844252547,-0.81416938622367,1.70534706832383,-0.106019628004233,-0.00588910170360084,0.777819453607164,0,0,0,2.97951476837532e-05,0.0351073593413136,0.630233928316304,0
1536,98.8059,37.1489,9129.11928737841,4107.553873,554,-0.608936978299175,1.075485076759,-0.915051598194851,1.00459895476314,-1.10242882967599,0.322135841008629,0.643358690893769,0,0,0,0,0,0,0
1537,93.5189,37.1489,8640.62969644943,4107.553873,704,-0.617169386350983,1.07577060119673,-0.936069946475702,1.01027225879732,-1.01136823279905,0.316665215003887,0.581551373197469,0,0,0,0,0,0,0
1538,73.9798,37.1598,6835.32480404912,4108.759086,335,0.496477704495789,0.401765327879785,-0.527339814732298,0.986068411033871,-0.0553585871733718,1.066971988309,-0.0854829579823376,0,0,1.9008140350385e-05,0,0.090685587366641,0,0.0816333329240564
1539,92.143,37.1618,8513.50413787951,4108.980226,691,-0.64432804633887,1.05881059745188,-0.940833622054582,1.01306204585271,-0.991681560226717,0.296318053571156,0.598063670316658,0,0,0,0,0,0,0
1540,75.7889,37.1625,7002.47564932047,4109.057625,400,0.49316814397432,0.321022205137642,-0.616552777130565,0.989817357180249,-0.0343211542032074,1.10750666624994,-0.141760690831857,0,5.52891066263328e-14,2.40696351738734e-13,0,0.310784361759473,0,0.00774446694155717
1541,91.3857,37.1715,8443.53380173226,4110.052755,679,-0.642790330644676,1.05717491824244,-0.941762629925911,1.01734644697503,-0.955627804476258,0.273764021852352,0.608477251060427,0,0,0,0,0,0,0
1542,91.1529,37.1815,8422.02436788163,4111.158455,680,-0.648580192466958,1.05436141756949,-0.938267703443323,1.01954196930919,-0.949141147162209,0.265997228960115,0.613056825808162,0,0,0,0,0,0,0
1543,97.3257,37.1912,8992.35698503434,4112.230984,622,-0.592088594502285,1.09068420339901,-0.918817590117275,1.00544194300819,-1.064650336753,0.292575989628475,0.583603840133106,0,0,0,0,0,0,0
1544,85.3592,37.2193,7886.71849631643,4115.338001,553,-0.509813705335333,1.17659165129325,-0.888902487105694,0.73458043433893,0.203524796608417,0.0158769207138807,0.701995110955741,0,0,0,0,5.59600116223358e-06,0.314447285932576,0
1545,89.67,37.2283,8285.01260045424,4116.333131,630,-0.690573982150008,1.02630960183505,-0.926835737171498,1.02648426032209,-0.88285015579922,0.227375026678975,0.657379556456806,0,0,0,0,0,1.26806454225914e-09,0
1546,86.8666,37.2308,8025.99392838874,4116.609556,565,NA,NA,NA,NA,NA,NA,NA,NA,NA,NA,NA,NA,NA,NA
1547,96.9225,37.2357,8955.10353259202,4117.151349,637,-0.588481853808734,1.08994765331976,-0.919336913795676,1.00652126195483,-1.05584129583335,0.321054745056323,0.586778087387573,0,0,0,0,0,0,0
1548,98.6912,37.2582,9118.52164106111,4119.639174,553,-0.612110392881438,1.07542053214919,-0.91470648249624,1.00488185446458,-1.09598236167912,0.314015220450706,0.634058435510714,0,0,0,0,0,0,0
1549,90.88,37.2737,8396.80991557134,4121.353009,667,-0.654656471190638,1.04865227984632,-0.935687869762711,1.02189787896122,-0.934178474307917,0.253642688413812,0.619055078564042,0,0,0,0,0,2.22044604925031e-16,0
1550,72.6315,37.2784,6710.74933299757,4121.872688,295,0.450432611398304,0.465195685558785,-0.633183662967056,0.988299049609766,-0.164231521037236,1.08504082888583,-0.0178269212183374,0,0,0,0,0.000727598535774643,0,0.772013035446629
1551,90.4837,37.2858,8360.1939850086,4122.690906,660,-0.66372101667706,1.04365099608446,-0.932250946456722,1.0246301378321,-0.916978949272811,0.246770392281876,0.635970933473193,0,0,0,0,0,2.1316282072803e-14,0
1552,97.6732,37.2939,9024.46406520227,4123.586523,601,-0.596166708657175,1.08503497652408,-0.916353253707799,1.00580468207016,-1.07405285418485,0.299336012697143,0.599916233482046,0,0,0,0,0,0,0
1553,97.6312,37.2988,9020.58349723953,4124.128316,603,-0.596351594358093,1.08582133122176,-0.916750420138287,1.00580294969055,-1.07324795009551,0.297314680241315,0.599172649195006,0,0,0,0,0,0,0
1554,95.2238,37.3006,8798.15303739417,4124.327342,676,-0.617303398304037,1.075117689634,-0.925980309046218,1.00756234610542,-1.03840529045712,0.33128915832503,0.583540803252554,0,0,0,0,0,0,0
1555,96.7453,37.3006,8938.73123156826,4124.327342,630,-0.600142000733411,1.08385878463991,-0.921767272727018,1.00611207598024,-1.05601558650341,0.324634332105476,0.590760328658319,0,0,0,0,0,0,0
1556,75.7232,37.3113,6996.40533229304,4125.510441,391,0.496218876206119,0.340044531880833,-0.590456569713895,0.989332312217934,-0.0369256058858998,1.09608160813189,-0.13036928497957,0,2.66453525910038e-15,2.05398364983012e-10,0,0.240803370180211,0,0.0121828648501607
1557,90.839,37.3223,8393.0217420839,4126.726711,658,-0.662464148380212,1.04448182851105,-0.930582274708971,1.02456072060394,-0.927388314085258,0.251747898921232,0.63101319864935,0,0,0,0,0,3.10862446895044e-15,0
1558,71.0972,37.3228,6568.9884895396,4126.781996,236,0.247201549288429,0.692301989599599,-0.788592619942387,0.978339480974881,-1.14731845718025,1.67114970304564,0.650464509969132,3.34915745159314e-06,0,0,0,7.3525206609748e-06,3.73259201325027e-11,0
1559,96.9252,37.3309,8955.35299767534,4127.677613,628,-0.600288624572514,1.08534278292908,-0.920661049505117,1.0063471944301,-1.05779572903074,0.326572105163364,0.591782493073948,0,0,0,0,0,0,0
1560,88.067,37.3362,8136.90425654292,4128.263634,565,-0.709309194519765,0.999214494185349,-0.849888160852299,1.10071379274507,-0.460332324604235,0.0285956000306683,0.765873140857329,0,0,0,0,4.44089209850063e-16,0.520658368065197,0
1561,73.9143,37.3472,6829.27296591675,4129.479904,331,0.495577229424884,0.409816793598011,-0.541907025172835,0.986733914940803,-0.0663607690471546,1.06925630854872,-0.0846988795225638,0,0,1.21568121147497e-06,0,0.0556621518331464,0,0.0855457611752921
1562,102.461,37.3659,9466.8303340598,4131.547563,365,-0.546742948775813,1.10209820640788,-0.87970406324203,1.0075169756337,-1.15428073467686,0.380966670884092,0.662025954422425,0,0,0,0,0,2.64677169070637e-13,0
1563,87.6648,37.3673,8099.7431985759,4131.702361,561,-0.662993428863549,1.02749290635772,-0.825866415654675,1.28405081171229,-0.192294835928544,-0.034026056287543,0.78442780626698,0,0,0,0,2.80796459208865e-05,0.188796616285712,0
1564,99.0151,37.3724,9148.44821161188,4132.266268,521,-0.635403991992787,1.05554817793338,-0.914192129965992,1.00590096608521,-1.1521620206475,0.369529620776632,0.688367409820615,0,0,0,0,0,0,0
1565,102.238,37.3727,9446.22636606715,4132.299439,370,-0.552301396254255,1.09719392771016,-0.878790254281707,1.00742655636602,-1.16125313299111,0.387000492238531,0.665365020362705,0,0,0,0,0,1.7430501486615e-13,0
1566,100.693,37.3762,9303.47690172342,4132.686434,451,-0.632090857203195,1.05601959227283,-0.900748360286605,1.0065567965076,-1.21088815841377,0.43431221151457,0.72143063078103,0,0,0,0,0,0,0
1567,76.3238,37.388,7051.89745416025,4133.99116,418,0.49798434867803,0.29679348392924,-0.656330713126521,0.992838216845984,-0.0336084715021056,1.1018258886417,-0.164182918923361,0,1.984412634215e-12,0,0,0.348107243175389,0,0.00234540181560172
1568,93.0807,37.4085,8600.14243737149,4136.257845,683,-0.626201193601268,1.0713241374007,-0.937851231345845,1.01090664712056,-1.0124687995808,0.310934591255066,0.576404272904542,0,0,0,0,0,0,0
1569,91.4899,37.4109,8453.16130605887,4136.523213,653,-0.658439874471562,1.04775822479304,-0.9362860134856,1.0207167927058,-0.947309280484434,0.265667947359703,0.620977483149567,0,0,0,0,0,0,0
1570,97.8842,37.4144,9043.95929949128,4136.910208,581,-0.607218983102475,1.07862661561284,-0.916046730350376,1.00551044092209,-1.08373351219828,0.300087400140099,0.613000683808093,0,0,0,0,0,0,0
1571,95.1653,37.4145,8792.74796058892,4136.921265,671,-0.621367565202733,1.07279985536092,-0.92747350837066,1.00742430322197,-1.03942731296367,0.334897311862928,0.583672561615377,0,0,0,0,0,0,0
1572,95.7373,37.4174,8845.59760046245,4137.241918,657,-0.614346202796954,1.07788730193596,-0.921895204317904,1.00679605068088,-1.04889706274088,0.328109379791955,0.585208338557524,0,0,0,0,0,0,0
1573,90.0869,37.4248,8323.53185720822,4138.060136,631,-0.704901547422079,1.02012582996815,-0.925702528850182,1.02904168956306,-0.872709914106115,0.207906157829489,0.665130657820962,0,0,0,0,0,1.7083033876375e-08,0
1574,91.3189,37.4286,8437.36185078199,4138.480302,646,-0.656434330631937,1.04720130114012,-0.936955842156315,1.02130760843352,-0.941911554508745,0.258542533185007,0.619422694601802,0,0,0,0,0,0,0
1575,76.1532,37.4314,7036.13495667349,4138.789898,404,0.498216912244431,0.324256358427504,-0.617797691181901,0.990785004368609,-0.0378298108380975,1.09231117500383,-0.1419382797484,0,3.13082892944294e-14,9.83657599817889e-14,0,0.244115343245244,0,0.00654895020478974
1576,98.5158,37.4333,9102.3156500929,4138.999981,554,-0.618541437250471,1.07246761362579,-0.913359110006762,1.00528138965463,-1.09777229579877,0.314856653949702,0.632416176854047,0,0,0,0,0,0,0
1577,72.6287,37.4522,6710.49062846672,4141.089754,291,0.29000550066004,0.590903107806915,-0.777523370985467,0.986356018821216,-0.699995184272972,1.32468059813394,0.398964154665058,8.10442379872711e-10,0,0,0,4.53119808341285e-09,0,4.66481171690347e-07
1578,96.5443,37.5038,8920.15994203228,4146.795166,624,-0.611470821748254,1.08302682919741,-0.926143507347935,1.00731368171138,-1.0552819284256,0.316005063021507,0.585921473219978,0,0,0,0,0,0,0
1579,93.6352,37.5052,8651.37517392721,4146.949964,671,-0.63201460213731,1.06678160113154,-0.938373710463144,1.01062675387188,-1.01510025646305,0.315585039673945,0.580628293479365,0,0,0,0,0,0,0
1580,90.6043,37.5097,8371.33675873019,4147.447529,635,-0.679859989799042,1.03799394671784,-0.927664127223978,1.02648988016541,-0.908118133274224,0.241898183493276,0.648062870694976,0,0,0,0,0,1.36712863252342e-12,0
1581,95.2296,37.5322,8798.68892535093,4149.935354,657,-0.628479808369154,1.06860903952303,-0.926638891036369,1.00769355594202,-1.04513197107459,0.33008699529156,0.587694962628623,0,0,0,0,0,0,0
1582,73.6644,37.5395,6806.18358653844,4150.742515,322,0.489396803709872,0.425329843167061,-0.55016193948996,0.985976801800799,-0.0751948919470072,1.07110226353042,-0.0783888335678386,0,0,3.26672539019413e-07,0,0.0398298488176423,0,0.114305573632323
1583,88.9876,37.5554,8221.96261050722,4152.500578,563,-0.751133875214179,0.98852655832918,-0.893269485903259,1.05618082327115,-0.673103394966642,0.093755096066749,0.735848220259965,0,0,0,0,0,0.0482840237342543,0
1584,73.5383,37.5627,6794.53264320268,4153.307739,317,0.481213707868626,0.42769247886587,-0.560332908568384,0.985991641069086,-0.0829817529379402,1.07570722163686,-0.0714995871651924,0,0,7.73543271659349e-08,0,0.0308695610273795,0,0.155199930612609
1585,87.6299,37.5642,8096.51863138781,4153.473594,543,-0.680388313650845,1.02041887132916,-0.818974199035722,1.27592860522958,-0.187237579135398,-0.0385992842349047,0.788262613357327,0,0,0,0,5.71141329348546e-05,0.162153304417808,0
1586,99.749,37.5648,9216.25651703703,4153.539936,477,-0.657869933364064,1.04490055902545,-0.910317037366346,1.00793868611617,-1.18394772286468,0.395576913285696,0.719165812017526,0,0,0,0,0,0,0
1587,95.3737,37.5677,8812.00296924214,4153.860589,646,-0.634812809498581,1.06596569312812,-0.927368957206059,1.00794388611455,-1.04791192869063,0.331348913297485,0.593849202886392,0,0,0,0,0,0,0
1588,74.6323,37.5699,6895.61219918458,4154.103843,339,0.501669736456284,0.397010244328687,-0.534311745137777,0.987313844900683,-0.0553895382493603,1.06758891725962,-0.0917923087182693,0,0,5.40940761117881e-06,0,0.0874980468031716,0,0.0643769286084073
1589,87.6594,37.5808,8099.24426840926,4155.309056,541,-0.699758526815412,1.01223024836462,-0.815766097092962,1.24088177299946,-0.194433575138404,-0.0512220203908218,0.790381051087023,0,0,0,0,3.21668267087016e-05,0.0990757875789141,0
1590,93.0497,37.5881,8597.27820863708,4156.116217,665,-0.641365501286551,1.06386841266933,-0.940652013609569,1.01159466757672,-1.00598519977653,0.305033707062451,0.580780066801595,0,0,0,0,0,0,0
1591,100.162,37.5929,9254.41543533733,4156.646953,458,-0.650607055753809,1.04294242281657,-0.905835950557023,1.00701977214071,-1.22309311876402,0.441149922288046,0.732607232799932,0,0,0,0,0,0,0
1592,100.073,37.6021,9246.19232703532,4157.664197,462,-0.654952102829755,1.04229617593992,-0.905998699488364,1.00765057195041,-1.21908371662749,0.434117786692869,0.732212276441048,0,0,0,0,0,0,0
1593,97.0047,37.6035,8962.69835846196,4157.818995,601,-0.62675324542656,1.07360496276663,-0.925173634365736,1.00544071393733,-1.07505683222557,0.302906008560427,0.598473218891172,0,0,0,0,0,0,0
1594,87.4095,37.611,8076.15488903095,4158.64827,528,-0.671090294875644,1.04162370333874,-0.821083567075185,1.45899560166447,-0.137181617566129,-0.0251488925797874,0.780973924798235,0,0,0,1.11022302462516e-15,0.00301662873654229,0.213186105751815,0
1595,97.1139,37.6114,8972.78783516509,4158.692498,596,-0.626789103206148,1.07225803019511,-0.924646966451357,1.00547217921425,-1.07503126159675,0.300258341013577,0.600066415059715,0,0,0,0,0,0,0
1596,99.3293,37.6144,9177.4785557522,4159.024208,490,-0.655693200403541,1.0452928183537,-0.913623442139557,1.0072284570846,-1.16763755096101,0.383374034617993,0.703976894737149,0,0,0,0,0,0,0
1597,97.0878,37.6229,8970.37633935967,4159.964053,599,-0.626181111597696,1.07363003861104,-0.925103578114753,1.00554396481206,-1.07427700667921,0.298562903577098,0.59983016347407,0,0,0,0,0,0,0
1598,92.4091,37.6246,8538.09030775773,4160.152022,647,-0.661020123986414,1.05026667928032,-0.937873147668624,1.0157700026267,-0.98993801754724,0.284133525148896,0.604623669348497,0,0,0,0,0,0,0
1599,75.9581,37.6284,7018.1087945418,4160.572188,386,0.491938902903542,0.349873058826598,-0.579526454115831,0.988673777111541,-0.039941351993672,1.09309087735833,-0.12051258009195,0,6.66133814775094e-16,3.36935812583761e-09,0,0.196691705730483,0,0.0181865652613777
1600,86.9235,37.6642,8031.25117403351,4164.530594,518,NA,NA,NA,NA,NA,NA,NA,NA,NA,NA,NA,NA,NA,NA
1601,97.7425,37.6736,9030.86700234079,4165.569952,565,-0.634828802161806,1.06375259860756,-0.920652410884552,1.00636490014565,-1.09062499491599,0.306584501248384,0.62873602463043,0,0,0,0,0,0,0
1602,76.2647,37.6749,7046.43694066982,4165.713693,396,0.490522936470974,0.341234327514029,-0.60564649712355,0.989757850311834,-0.0416534592819952,1.09153483488275,-0.130964815428125,0,1.77635683940025e-15,5.28488364182067e-12,0,0.194178936007249,0,0.011120180380392
1603,70.9396,37.6764,6554.42712023178,4165.879548,230,0.241612519124393,0.707518039677737,-0.790322089694754,0.976770374098451,-1.17755311790845,1.70123136200185,0.670701977493802,9.26468753648102e-06,0,0,0,1.32212283829869e-05,1.9376411586336e-10,0
1604,73.2799,37.6815,6770.65791078429,4166.443455,307,0.469459377456624,0.441238858843557,-0.594132579224801,0.987338191763461,-0.109448766273797,1.07787353234707,-0.0535625691729508,0,0,8.16682277360314e-11,0,0.0101238032098512,0,0.31687706774053
1605,101.102,37.6867,9341.2662421225,4167.018419,413,-0.62456791843091,1.05075394386042,-0.900314662722271,1.00675921642205,-1.21169782520882,0.428457276414078,0.71870543214796,0,0,0,0,0,1.55431223447522e-15,0
1606,75.3297,37.6933,6960.04810626116,4167.748181,361,0.502841973004544,0.372880107379095,-0.562317016529977,0.988028772237835,-0.0524305435792829,1.06453454571427,-0.106251157014428,0,0,9.5244159004082e-08,0,0.0966589877552022,0,0.0342863338438271
1607,89.0882,37.6943,8231.25749472273,4167.858751,559,-0.747540789188715,0.989304880379839,-0.889484025529402,1.05703476634431,-0.67237821114199,0.0930811825276615,0.733998148505922,0,0,0,0,0,0.0499996688091342,0
1608,75.2177,37.6981,6949.69992502718,4168.278917,355,0.510083816149681,0.37226741759871,-0.575210663182274,0.989886671082327,-0.0560337902738742,1.06128271185216,-0.110975018760531,0,2.22044604925031e-16,8.7144762517255e-09,0,0.0849517064679202,0,0.0303490965215625
1609,72.9319,37.7135,6738.50463337871,4169.981695,294,0.297942583077594,0.575644440650739,-0.773554069045732,0.986236998083701,-0.647853725791668,1.3021050495831,0.3618796564495,2.16585638312949e-10,0,0,0,5.42558087346379e-09,0,6.22849867704112e-06
1610,71.0293,37.7165,6562.7149046665,4170.313405,231,0.239184997045637,0.703379498787952,-0.790013759630009,0.976709010953395,-1.19978315148562,1.72667522970762,0.674437037891342,9.70203818728699e-06,0,0,0,2.13379874598463e-05,6.45569819823777e-10,0
1611,73.7938,37.7173,6818.13943164269,4170.401861,319,0.479525675710016,0.425763958292494,-0.573974035284414,0.986313529710035,-0.0876479633393142,1.07758031455339,-0.072084979089247,0,0,6.01509309028359e-09,0,0.0248295792182582,0,0.158525756318175
1612,86.4384,37.7234,7986.43061406384,4171.076338,507,NA,NA,NA,NA,NA,NA,NA,NA,NA,NA,NA,NA,NA,NA
1613,75.0813,37.7296,6937.0973185958,4171.761872,348,0.513293247758947,0.374418942374715,-0.560938695148551,0.989484474254451,-0.0518215567087639,1.05848064236575,-0.108448584486078,0,2.22044604925031e-16,1.84321281349042e-07,0,0.103347723910313,0,0.0356432543151688
1614,99.1675,37.7308,9162.52912964811,4171.894556,491,-0.658052284552984,1.04444309879999,-0.914118925819121,1.0066254299296,-1.16527487258961,0.380547203874963,0.69923660810135,0,0,0,0,0,0,0
1615,97.6881,37.7492,9025.84074288429,4173.929044,564,-0.637786505719293,1.06222496077035,-0.919128201834894,1.0059348257231,-1.09898523953388,0.311100513722542,0.629650137557463,0,0,0,0,0,0,0
1616,72.7748,37.7532,6723.98946130855,4174.371324,288,0.242472131704048,0.638554543735861,-0.790715036638798,0.984462393178871,-0.886574748395823,1.43823422786321,0.523478801770827,5.39579298353132e-07,0,0,0,4.80208990349951e-08,0,1.88382642818397e-12
1617,72.2766,37.7571,6677.9585337124,4174.802547,265,0.194286858206318,0.711352884090428,-0.785641087274034,0.978758112095276,-1.20181953849924,1.67062333355513,0.665945945578054,0.00017027041916795,0,0,0,2.64036940200718e-06,4.47344383758264e-11,0
1618,73.9825,37.7588,6835.57426913244,4174.990516,323,0.488266889375402,0.418693942467508,-0.557996351202049,0.986232083923592,-0.074780607333807,1.07334584981179,-0.0808910288691952,0,0,1.24746396545916e-07,0,0.0411633699246745,0,0.106728427712377
1619,86.2422,37.7819,7968.30281800931,4177.544683,505,NA,NA,NA,NA,NA,NA,NA,NA,NA,NA,NA,NA,NA,NA
1620,92.4286,37.8005,8539.89200002615,4179.601285,631,-0.667759760431631,1.04898060616907,-0.937294810106365,1.01596896920169,-0.987966342503728,0.285968798951499,0.609526698294402,0,0,0,0,0,0,0
1621,71.7776,37.8074,6631.85369053602,4180.364218,243,0.230267714962647,0.705732740337572,-0.776988104633516,0.978346254187857,-1.03791448419866,1.55139274134845,0.623122227734912,2.02431857634355e-05,0,0,0,7.76157352166962e-07,5.44009282066327e-14,0
1622,93.4144,37.8091,8630.97447378023,4180.552187,648,-0.646557859784846,1.06023562703514,-0.940472233634087,1.01115571363209,-1.0150259873738,0.303589917350719,0.586219946012706,0,0,0,0,0,0,0
1623,92.972,37.8154,8590.09915790601,4181.248778,636,-0.653428927507861,1.05708938244514,-0.937083453580803,1.0133944173856,-1.00690958607885,0.299675442817096,0.590094328300596,0,0,0,0,0,0,0
1624,98.9692,37.8394,9144.20730519545,4183.902458,496,-0.65826263864479,1.04417084089251,-0.916835985484958,1.00718011656804,-1.15931122652187,0.370221320975582,0.697062583626565,0,0,0,0,0,0,0
1625,90.3385,37.8401,8346.77830719455,4183.979857,594,-0.71384723871203,1.02012116383049,-0.914977967890402,1.03274320723932,-0.864214774167781,0.208914177655793,0.67569457840021,0,0,0,0,0,7.86011158382394e-08,0
1626,74.4149,37.8455,6875.52564025363,4184.576935,330,0.498964728209436,0.406183202670562,-0.538416309700692,0.987068090680008,-0.0618306741467746,1.06492865144147,-0.0865717778462282,0,0,3.33369770277869e-06,0,0.067576157711017,0,0.0797940393904644
1627,96.0792,37.8526,8877.18727156868,4185.361982,614,-0.638899476632554,1.06954457171655,-0.931814163785392,1.00816317503983,-1.04458811714268,0.31583330858978,0.596107791241124,0,0,0,0,0,0,0
1628,70.4987,37.8712,6513.69039607052,4187.418584,216,0.237870133114516,0.7158417609948,-0.806278787040725,0.976677409099078,-1.24761428962138,1.75378983534838,0.686839919791593,2.27630883309349e-05,0,0,0,2.46478406307205e-05,2.13865836151683e-09,0
1629,100.723,37.8797,9306.24873598252,4188.358429,414,-0.640814336950766,1.04246996655751,-0.907217587256448,1.00774251185521,-1.19925022955622,0.417287274095479,0.723714846053398,0,0,0,0,0,1.55431223447522e-15,0
1630,71.571,37.886,6612.76499193834,4189.05502,239,0.237446038501182,0.699976219757256,-0.782942975110932,0.978356723162484,-1.06421830439963,1.58667655070615,0.630891431643359,1.03399042421515e-05,0,0,0,1.78061038180743e-06,4.42978986825437e-13,0
1631,73.3878,37.8875,6780.62727466952,4189.220875,304,0.330708641701593,0.5565726636083,-0.758080687482936,0.985176441388709,-0.470887353074155,1.20079202199446,0.240094167782344,1.05249142734465e-12,0,0,0,2.5067796727285e-09,0,0.00207325586514329
1632,89.1185,37.8946,8234.05704732443,4190.005922,539,-0.781017069930938,0.976011802641285,-0.870669839142279,1.07698880557772,-0.547196392624137,0.0181805692329817,0.754084395578904,0,0,0,0,0,0.700710081788993,0
1633,88.0443,37.8985,8134.80690195354,4190.437145,513,-0.74374216160816,0.999090904306271,-0.814858905050837,1.23601419308761,-0.19399042708202,-0.0720630102132114,0.791603143814677,0,0,0,0,3.08003097744258e-05,0.033257626210613,0
1634,89.5513,37.9076,8274.04537623573,4191.443332,567,-0.759905814359624,0.98874600005681,-0.893271006706661,1.05598089231368,-0.65502937930266,0.0728177654498558,0.726172888945062,0,0,0,0,0,0.105121669510118,0
1635,74.7692,37.9129,6908.26100285361,4192.029353,335,0.500171191826248,0.400535257480637,-0.543122904359167,0.987178256302413,-0.0586536791310532,1.06644810438848,-0.092196188120209,0,0,1.85704454591651e-06,0,0.0774959009374054,0,0.0654306795580113
1636,100.218,37.9153,9259.58952595431,4192.294721,434,-0.667864494877619,1.0307848601044,-0.91222795177747,1.00766913398696,-1.22186260250831,0.441318479707047,0.739835259337103,0,0,0,0,0,0,0
1637,88.145,37.9164,8144.11102561659,4192.416348,514,-0.746997225894817,0.999040910449925,-0.81343726731171,1.21438870129261,-0.197325706013864,-0.0838759820737535,0.794495476811747,0,0,0,0,2.53365104727621e-05,0.019768071365063,0
1638,98.5201,37.9216,9102.7129463367,4192.991312,514,-0.641331995627511,1.05244378357349,-0.914403112329151,1.0069982460589,-1.13408601382505,0.337251392303852,0.659734095079418,0,0,0,0,0,0,0
1639,99.9216,37.9487,9232.20380347439,4195.987759,443,-0.680997295574138,1.02619471707144,-0.912620601927686,1.00781608782616,-1.22667161570652,0.432979105329485,0.744151255890242,0,0,0,0,0,0,0
1640,96.6334,37.9559,8928.39228978181,4196.783863,585,-0.642186196728265,1.06554277143663,-0.930136815715515,1.00631485444317,-1.0720929520375,0.308093247220179,0.60718509098344,0,0,0,0,0,0,0
1641,74.5196,37.9611,6885.19934181789,4197.358827,329,0.498300027837127,0.408732120261999,-0.539642398334486,0.986987711780292,-0.063176396551132,1.0644817121144,-0.0856032531398595,0,0,2.80777421379774e-06,0,0.0638572791201961,0,0.0827856554758581
1642,97.1258,37.9622,8973.8873294212,4197.480454,565,-0.64614570993966,1.06099388188517,-0.92487026585183,1.00596154105909,-1.0853790111351,0.304663749153575,0.618982649056824,0,0,0,0,0,0,0
1643,89.9742,37.9683,8313.11899984153,4198.154931,582,-0.760011719794194,0.994708649957124,-0.906721387433268,1.04125984670528,-0.77429320524265,0.137689222933306,0.704975351018528,0,0,0,0,0,0.00135460824336309,0
1644,71.1182,37.9699,6570.92877352097,4198.331843,229,0.244805907153347,0.705206288221726,-0.788566325635245,0.97653858735626,-1.14796995748967,1.68245002076497,0.662858414543044,6.80533893238078e-06,0,0,0,1.1196061537877e-05,7.16280368351363e-11,0
1645,97.4175,37.9702,9000.8387978672,4198.365014,554,-0.647867857448982,1.0607982444078,-0.921571852995202,1.00659792891494,-1.09498579376165,0.302529156388229,0.625532190820327,0,0,0,0,0,0,0
1646,92.5079,37.9715,8547.21888191771,4198.508755,617,-0.679747550279481,1.04221453220071,-0.933318471135001,1.01752737447027,-0.990518074039178,0.284863884136313,0.619277935048629,0,0,0,0,0,0,0
1647,72.7623,37.9977,6722.83453036726,4201.405689,281,0.180589850875079,0.706738808103675,-0.798198357161652,0.97869242855959,-1.13564113021802,1.62641365822909,0.662265857126432,0.000486779788345437,0,0,0,2.74570778469041e-06,1.28106414365448e-11,0
1648,75.3177,38.0015,6958.93937255752,4201.825855,346,0.515854048377813,0.3725625988567,-0.546558062170898,0.989507317946555,-0.0454277480056399,1.05972303976547,-0.108039720408252,0,4.44089209850063e-16,2.02154595996262e-06,0,0.134892844000714,0,0.0376363865952303
1649,98.6221,38.0033,9112.13718281765,4202.024881,497,-0.653610305209454,1.04403886619662,-0.919101730089397,1.00712289023867,-1.14573348166671,0.350901687686766,0.676691085029995,0,0,0,0,0,0,0
1650,92.6448,38.0292,8559.86768558674,4204.888644,613,-0.681505965677376,1.04185356053137,-0.933534619990101,1.01773402131383,-0.988902407720647,0.282529086997652,0.619282516897527,0,0,0,0,0,0,0
1651,74.2917,38.0319,6864.14264089625,4205.187183,321,0.481385131647092,0.419209161780771,-0.576793564199274,0.986597493073299,-0.0844999152131977,1.07740052516709,-0.0758935507421552,0,0,4.92840079857615e-09,0,0.0282680428786135,0,0.138038195237974
1652,89.491,38.0326,8268.47398937494,4205.264582,549,-0.778498332342155,0.983160959779568,-0.876935108986729,1.07424100789283,-0.5648246129021,0.0295387362930648,0.743978536727228,0,0,0,0,0,0.510467470936047,0
1653,100.254,38.0367,9262.91572706524,4205.717919,424,-0.67143009396869,1.02783523348035,-0.911236731256267,1.00787382774967,-1.22473295461611,0.437803663080276,0.740254643218981,0,0,0,0,0,2.22044604925031e-16,0
1654,71.1952,38.0442,6578.04314811933,4206.547194,229,0.244805907153347,0.705206288221726,-0.788566325635245,0.97653858735626,-1.14796995748967,1.68245002076497,0.662858414543044,6.80533893238078e-06,0,0,0,1.1196061537877e-05,7.16280368351363e-11,0
1655,100.156,38.0479,9253.8610684855,4206.956303,428,-0.683317992090718,1.02385028319206,-0.911885846137278,1.00771610660859,-1.23865964436451,0.448971997935024,0.747780046710606,0,0,0,0,0,2.22044604925031e-16,0
1656,74.703,38.0549,6902.14448858853,4207.730293,329,0.498300027837127,0.408732120261999,-0.539642398334486,0.986987711780292,-0.063176396551132,1.0644817121144,-0.0856032531398595,0,0,2.80777421379774e-06,0,0.0638572791201961,0,0.0827856554758581
1657,74.5949,38.0619,6892.15664580823,4208.504283,328,0.496075616032604,0.407921962110157,-0.542554154887148,0.986981704232282,-0.0642584891622962,1.06635489949941,-0.0852606588693416,0,0,1.96680697750473e-06,0,0.0622847319549606,0,0.0851024891317811
1658,88.6276,38.0635,8188.700599398,4208.681195,512,-0.782084153834499,0.981764547381017,-0.843423254805186,1.12163092883015,-0.349486486280063,-0.0622551097114405,0.776730256933841,0,0,0,0,9.99016425140553e-11,0.149998976597117,0
1659,90.2887,38.07,8342.17706232445,4209.3999,571,-0.740125983922541,1.01252415392007,-0.907812718431944,1.03875034527184,-0.820370369201012,0.186309185016599,0.693504612532698,0,0,0,0,0,8.7824914953849e-06,0
1660,95.4945,38.0761,8823.16422185879,4210.074377,607,-0.660507031680366,1.05778272564144,-0.934689184104765,1.01042919844402,-1.03514209424297,0.308245019625609,0.600498009109239,0,0,0,0,0,0,0
1661,73.2941,38.1447,6771.96991233359,4217.659479,293,0.173237125463241,0.691867613114948,-0.812994064586378,0.979962564351251,-1.16132980413331,1.64023034994207,0.655347327739625,0.000524351288166525,0,0,0,4.28999734092272e-06,7.32056637531286e-11,0
1662,93.8626,38.1474,8672.3856776112,4217.958018,608,-0.670049465177008,1.04718810649717,-0.938851135962277,1.01375268793031,-1.01444816771259,0.297043176067034,0.602560865079754,0,0,0,0,0,0,0
1663,72.3605,38.1522,6685.71043019036,4218.488754,250,0.202117829838667,0.717062396166368,-0.785825895708838,0.978376393583397,-1.14580019357951,1.62172417443726,0.65732461702962,0.000179816715770498,0,0,0,2.0733713632648e-06,1.08302256052184e-11,0
1664,73.366,38.1534,6778.61307510791,4218.621438,294,0.1614914337299,0.70820948699375,-0.816098931143826,0.978857893538784,-1.16341104694255,1.63452325952972,0.666128255169446,0.00145984963981016,0,0,0,2.80168724020591e-06,3.8880010322373e-11,0
1665,93.4599,38.1601,8635.17842240653,4219.362257,603,-0.669362913263422,1.0478558825029,-0.934188839341062,1.01333699747087,-1.01863787032407,0.310992075925265,0.606796552178427,0,0,0,0,0,0,0
1666,96.7291,38.1626,8937.23444106835,4219.638682,562,-0.649601755077429,1.05956337298879,-0.928981515537695,1.00710070384729,-1.07838995696916,0.307246908625194,0.615550409491831,0,0,0,0,0,0,0
1667,100.673,38.1668,9301.62901221735,4220.103076,399,-0.65477168856085,1.02921697420546,-0.910991830171739,1.00806727329075,-1.20967384680496,0.414803021938309,0.73328579275641,0,0,0,0,0,2.02060590481778e-14,0
1668,99.8912,38.1692,9229.39501142517,4220.368444,431,-0.692172886769088,1.02098975109047,-0.912984886398032,1.00811122538938,-1.23292328604273,0.435443264505412,0.749008294045223,0,0,0,0,0,2.22044604925031e-16,0
1669,74.7962,38.1708,6910.7556536868,4220.545356,327,0.504395221045066,0.398806412863645,-0.541763288033749,0.987933920006853,-0.0597272960471715,1.05992406886149,-0.0885373168306295,0,0,4.02221667772373e-06,0,0.0753499952098537,0,0.0763511647234993
1670,90.9519,38.1713,8403.45307834565,4220.600641,566,-0.751874240053046,1.00161958580303,-0.900768333875157,1.03966595288948,-0.84466182387738,0.198208463741939,0.697903372412973,0,0,0,0,0,1.90538247113459e-06,0
1671,72.7572,38.1726,6722.36331854321,4220.744382,271,0.194244209780266,0.703918296810027,-0.79242423161292,0.979830999861744,-1.15452353174331,1.65012335643573,0.666979285666848,0.000211068651192914,0,0,0,5.62798179415402e-06,5.94044813340133e-11,0
1672,97.9226,38.1993,9047.50724734293,4223.696601,518,-0.658799271968543,1.05016400042048,-0.924867350840315,1.00643545046622,-1.10480510496988,0.310802646668923,0.644058916182857,0,0,0,0,0,0,0
1673,100.052,38.1996,9244.25204305395,4223.729772,424,-0.691580612403305,1.01980239984871,-0.912066936087428,1.00797350155308,-1.24243497452153,0.446296160598946,0.751476981089553,0,0,0,0,0,2.22044604925031e-16,0
1674,72.103,38.203,6661.91885279973,4224.10571,244,0.230199486675093,0.699801071660676,-0.779976198825789,0.978568513539918,-1.07266513569859,1.58388065755754,0.629112217481596,1.64701203513307e-05,0,0,0,1.60519907321799e-06,6.35269614690515e-13,0
1675,74.4297,38.2167,6876.89307848811,4225.620519,319,0.252901081821133,0.615785480318424,-0.815730807073204,0.982998911355469,-0.869397397145862,1.43022117815927,0.489558501976543,2.0046925897077e-08,0,0,0,7.80503195407789e-09,0,3.66475738644567e-11
1676,98.2666,38.2187,9079.2909468473,4225.841659,503,-0.657658061815044,1.04823468423385,-0.925871001648735,1.00668998067658,-1.11061148782843,0.318121166173665,0.652432910558096,0,0,0,0,0,0,0
1677,96.1581,38.2271,8884.47719567012,4226.770447,572,-0.672406701148144,1.0515980524623,-0.92680908045826,1.00781449036192,-1.0826629880124,0.318462189721556,0.622986448691055,0,0,0,0,0,0,0
1678,88.5178,38.2569,8178.55568600969,4230.065433,492,-0.789657295805542,0.980057366837581,-0.826661215178503,1.15292925878969,-0.258827920084087,-0.101408997070208,0.775927809724788,0,0,0,0,2.41419020996503e-07,0.0124840275261346,0
1679,93.8848,38.289,8674.43683496294,4233.61473,595,-0.677313740552716,1.04918850915353,-0.93777475521028,1.01360847551666,-1.01675056266184,0.303471355799852,0.605650731750501,0,0,0,0,0,0,0
1680,89.1093,38.3028,8233.20701815164,4235.140596,508,-0.797371455953289,0.976023621694939,-0.849566535250078,1.11492723696318,-0.374042364376932,-0.0615844590876928,0.764898068451829,0,0,0,0,1.68265401612189e-12,0.147912645002971,0
1681,73.0155,38.3071,6746.22881151407,4235.616047,280,0.180363655579139,0.703194125117345,-0.797133921911215,0.978504165302538,-1.06161932150207,1.5667621850875,0.643588244983777,0.000549664270216299,0,0,0,1.51221755717579e-06,7.39408534400354e-13,0
1682,73.4403,38.3182,6785.47798462295,4236.843374,293,-0.22873812246369,1.28191756061156,-0.848746421603057,0.961582281494293,-0.236499830293302,0.481610234101457,0.572363374829886,2.14375204188322e-06,0,0,0,0.00932900651161805,5.07484081424536e-08,0
1683,89.351,38.3215,8255.53876283246,4237.208255,516,-0.7914526687507,0.976974026415807,-0.853698999127579,1.09736817160718,-0.439946479542664,-0.0311646631822323,0.76039866750738,0,0,0,0,4.44089209850063e-16,0.478032102967978,0
1684,72.2447,38.3229,6675.01114995023,4237.363053,247,0.219874730618877,0.703768006693697,-0.782913470920301,0.978898687690571,-1.09789408236281,1.59488279475559,0.636698783797272,3.94837437844853e-05,0,0,0,1.78483310619981e-06,2.04347649912506e-12,0
1685,71.1216,38.3247,6571.242914737,4237.562079,224,0.235434872690046,0.708773285881633,-0.796135353326872,0.976994580969933,-1.22030944512891,1.7432577930594,0.680907341067824,1.86518080598219e-05,0,0,0,2.58047260575101e-05,1.28682153821558e-09,0
1686,95.5245,38.3362,8825.93605611789,4238.833634,582,-0.666919789111964,1.05389496748604,-0.932614092715204,1.01210119670807,-1.04097630489629,0.314193674227824,0.618351154127468,0,0,0,0,0,0,0
1687,75.718,38.3382,6995.92488102146,4239.054774,346,0.523801389028909,0.355278248676113,-0.569012940878153,0.991351195636534,-0.0455429874311719,1.04636973303405,-0.122930167428869,0,2.22044604925031e-14,6.47707514289664e-08,0,0.133832118954238,0,0.0212048782874186
1688,93.7272,38.3404,8659.87546565512,4239.298028,586,-0.690221145580304,1.04249125833558,-0.931837584187788,1.01488937330472,-1.02024341196079,0.30706770688378,0.62002132687363,0,0,0,0,0,0,0
1689,72.5796,38.3443,6705.95405972933,4239.729251,254,0.194758052812773,0.709805713817893,-0.786928345320893,0.978580832694414,-1.16023948751738,1.64808226048308,0.663261203487043,0.000264845578524575,0,0,0,3.6581259312829e-06,2.95665714133975e-11,0
1690,88.2649,38.3572,8155.18912320546,4241.155604,478,-0.77855106240679,0.989130173253129,-0.81250420977811,1.22086024322966,-0.160895775293982,-0.113909778086339,0.776634300081792,0,0,0,0,0.000190165220427474,0.00210630056520955,0
1691,99.7589,38.392,9217.17122234253,4245.00344,424,-0.70223079295038,1.0184495616212,-0.914079267995128,1.00755686604135,-1.23959607828264,0.441541898271256,0.753368817263394,0,0,0,0,0,2.22044604925031e-16,0
1692,96.6478,38.3927,8929.72277022618,4245.080839,543,-0.672797734560009,1.04769694373669,-0.927547404465878,1.00931090227299,-1.08384355636464,0.307833888255079,0.636755501323347,0,0,0,0,0,0,0
1693,87.8226,38.3951,8114.32304677878,4245.346207,459,-0.777685469735488,0.997504281874482,-0.807224871164494,1.38733371744473,-0.0961586488525715,-0.0874634237003262,0.769136264950976,0,0,0,0,0.00759850638331239,0.00826479487980603,0
1694,90.8219,38.3954,8391.44179655621,4245.379378,542,-0.778500001118878,0.992322989159913,-0.894575581991977,1.04741516386051,-0.800503578780589,0.163432305305775,0.71435148586062,0,0,0,0,0,0.000181146081756234,0
1695,72.1952,38.3974,6670.43762342271,4245.600518,243,0.229027561260059,0.704528683595999,-0.779237900664635,0.978023909465209,-1.07768844464945,1.59235396187891,0.636929423429016,2.08731463275935e-05,0,0,0,2.04592282804228e-06,1.05693231944315e-12,0
1696,98.8918,38.4124,9137.05597280697,4247.259068,457,-0.692311466277771,1.02412889888395,-0.923422515497725,1.00734410677769,-1.17779871657189,0.379786167804381,0.718657414110404,0,0,0,0,0,0,0
1697,95.0255,38.4295,8779.8312129415,4249.149815,578,-0.681021858882728,1.04678950503674,-0.92790184284222,1.0128236918828,-1.04563902742997,0.316609649214613,0.619625345679492,0,0,0,0,0,0,0
1698,98.3714,38.4349,9088.97388785909,4249.746893,482,-0.680679515864986,1.03388692203404,-0.924518017173521,1.00697227372996,-1.15207270321863,0.364794726384623,0.689684322514616,0,0,0,0,0,0,0
1699,74.4048,38.4459,6874.59245605306,4250.963163,308,-0.229879608800226,1.2495634572145,-0.85813347230697,0.95588436759576,-0.257500159422849,0.517320116613794,0.589832021326412,9.47568488118833e-07,0,0,0,0.00416186737323909,4.07068201369043e-09,0
1700,88.7719,38.4552,8202.03312218428,4251.991464,481,-0.793570373668647,0.981009635687866,-0.832004829623796,1.13793413700731,-0.281539857353044,-0.0952877676161526,0.768256945684424,0,0,0,0,4.0493935093977e-08,0.0207253192251777,0
1701,75.7271,38.4663,6996.76567074672,4253.218791,339,0.498766221188386,0.379020252597273,-0.542626126998526,0.990260053903315,-0.0540849282303087,1.0295769986386,-0.0972611778827242,0,6.66133814775094e-16,5.92866565041206e-06,0,0.0833420003272045,0,0.0524685514865528
1702,98.7712,38.4726,9125.91319908538,4253.915382,458,-0.691140607290755,1.02451835031571,-0.924067781043249,1.00717441474549,-1.17453343779666,0.379776696278836,0.7151577289279,0,0,0,0,0,0,0
1703,73.6014,38.4803,6800.36273459432,4254.766771,293,-0.229509253024818,1.28391876486338,-0.848752171440285,0.96018103931502,-0.232745809662972,0.479732009935472,0.569462607096915,1.93385592228701e-06,0,0,0,0.00978727817547131,4.29808821866828e-08,0
1704,71.1463,38.4804,6573.52505827699,4254.777828,222,0.230436793909128,0.711706110221764,-0.799963655746187,0.979432873691834,-1.24395315449269,1.76969591603577,0.690987271048206,3.28289204580834e-05,0,0,0,4.03117103178197e-05,3.780342927584e-09,0
1705,97.3555,38.5023,8995.11034039839,4257.199311,516,-0.679307602399032,1.04100907149221,-0.934972422408627,1.00853697412113,-1.08911851626509,0.290459666000067,0.645281330891029,0,0,0,0,0,0,0
1706,96.6092,38.5104,8926.15634347947,4258.094928,534,-0.680200553067107,1.04310983545504,-0.926419458526209,1.00955850515274,-1.08915350298434,0.310615821809049,0.642142619952118,0,0,0,0,0,0,0
1707,71.6155,38.5202,6616.87654608934,4259.178514,230,0.250813122119425,0.698427262342296,-0.781835077276576,0.977069070389202,-1.08077787746154,1.6287721782198,0.641670671886647,3.55859035128248e-06,0,0,0,5.30482712357561e-06,3.21231929945043e-12,0
1708,75.0032,38.5261,6929.8813100746,4259.830877,316,-0.229759628428785,1.22761679507012,-0.866046621677774,0.960498390607726,-0.308250814312351,0.544599952837777,0.600014293367289,8.08453063827486e-07,0,0,0,0.000713274949171838,1.18424026140929e-09,0
1709,92.1639,38.5429,8515.43518241335,4261.688453,549,-0.763457168286803,1.00243926078106,-0.920158308841184,1.03100687496839,-0.90402808426504,0.216795318283575,0.680329780720492,0,0,0,0,0,3.7313047762666e-08,0
1710,92.8193,38.5488,8575.99052152718,4262.340816,567,-0.728701945948096,1.02309993870583,-0.927665987479737,1.02304300329469,-0.967671338765939,0.268442868180401,0.65591146411607,0,0,0,0,0,6.75015598972095e-14,0
1711,73.7152,38.5657,6810.87722588385,4264.209449,291,-0.225148663073515,1.27812919824151,-0.850530263604111,0.952461014680318,-0.17676760051018,0.462770523992432,0.573720913692425,2.81733041807009e-06,0,0,0,0.0454478034076771,6.50213780595266e-08,0
1712,94.0904,38.5668,8693.43313908531,4264.331076,570,-0.697577916140409,1.04172415389019,-0.933593045841748,1.01506843021419,-1.0224057261777,0.306802870005765,0.621538391095128,0,0,0,0,0,0,0
1713,95.0844,38.5781,8785.27324753687,4265.580517,563,-0.691269076307367,1.04041017620712,-0.925826622472335,1.01397623128476,-1.0561226014373,0.329421511734534,0.637753147055396,0,0,0,0,0,0,0
1714,92.5672,38.5813,8552.6978743032,4265.934341,559,-0.738267697057048,1.01849350952527,-0.921511750144528,1.02707221349056,-0.947315217802959,0.258696832704273,0.668067944414292,0,0,0,0,0,4.71134242729931e-12,0
1715,72.6478,38.5869,6712.25536294502,4266.553533,254,0.194758052812773,0.709805713817893,-0.786928345320893,0.978580832694414,-1.16023948751738,1.64808226048308,0.663261203487043,0.000264845578524575,0,0,0,3.6581259312829e-06,2.95665714133975e-11,0
1716,98.2068,38.5876,9073.76575722415,4266.630932,477,-0.685216023031538,1.03170087294405,-0.929143578963689,1.00820465116054,-1.13429615771886,0.341945872764034,0.684858835737449,0,0,0,0,0,0,0
1717,70.5414,38.5882,6517.63564016598,4266.697274,206,0.239068307100254,0.711210320105536,-0.806510795900362,0.979348993792615,-1.28859483315742,1.81022722255832,0.698582751233711,3.1291753455065e-05,0,0,0,0.000100769236543119,3.67744399376591e-08,0
1718,91.6832,38.5961,8471.02115813501,4267.570777,542,-0.781867364294674,0.990495142238303,-0.909821218208706,1.03723924195989,-0.860334464264518,0.186411606612643,0.699077763952497,0,0,0,0,0,8.50630076620895e-06,0
1719,74.3772,38.5998,6872.04236853469,4267.979886,302,-0.224370646833628,1.26320796696072,-0.85725310719966,0.949959724870517,-0.197123807506941,0.483559102886462,0.582298718840651,1.9996031037639e-06,0,0,0,0.0253992718976905,1.96269978047781e-08,0
1720,70.7434,38.6241,6536.29932417726,4270.666737,211,0.23693823070053,0.713306824274156,-0.804833707593261,0.978733537419343,-1.25643515054431,1.7787674480854,0.692560759623869,2.95076755634227e-05,0,0,0,5.31289090133225e-05,7.79877562528952e-09,0
1721,96.0011,38.6299,8869.97126304748,4271.308043,550,-0.681319256630548,1.04468540479352,-0.92840203196961,1.01110852770825,-1.07527098555447,0.296980041238676,0.629775794544511,0,0,0,0,0,0,0
1722,96.7036,38.6342,8934.87838194811,4271.783494,526,-0.68632153654763,1.04080065233939,-0.931480464404932,1.00958788940983,-1.08045003376334,0.293059218332056,0.638523622067874,0,0,0,0,0,0,0
1723,71.6461,38.6351,6619.70381703362,4271.883007,228,0.249423406319984,0.702994446534227,-0.78416558967578,0.976841672050933,-1.1030018002278,1.64762967616526,0.651023918492953,4.66960786349446e-06,0,0,0,7.20798511100185e-06,1.03770325665664e-11,0
1724,94.4764,38.6382,8729.09740655242,4272.225774,561,-0.699275731979235,1.04034159952107,-0.931664912346129,1.01509618558204,-1.02844062135248,0.315816294669827,0.626890563806687,0,0,0,0,0,0,0
1725,93.097,38.6419,8601.64846731893,4272.634883,556,-0.735275020532139,1.02066575167668,-0.92747889172274,1.0233112292455,-0.967267762048812,0.262433370747245,0.659165135017472,0,0,0,0,0,2.94209101525666e-13,0
1726,95.5399,38.6804,8827.35893103756,4276.891828,556,-0.688629969640857,1.04383237966115,-0.926122761292366,1.01085728592967,-1.06945988174823,0.303899071922865,0.625987194552717,0,0,0,0,0,0,0
1727,88.8601,38.6852,8210.18231490604,4277.422564,463,-0.78528734072596,0.990466454122354,-0.81151746915803,1.18993578273358,-0.194753845545833,-0.10492015534471,0.769584157866185,0,0,0,0,2.62965695438933e-05,0.0050391080960559,0
1728,99.8484,38.6869,9225.44052788218,4277.610533,396,-0.707960326901728,1.0116866538283,-0.915518369501777,1.0084463407388,-1.23524907188137,0.417932041785435,0.758028043350408,0,0,0,0,0,1.48769885299771e-14,0
1729,89.8554,38.695,8302.14253617549,4278.50615,494,-0.792006261421922,0.992405686874584,-0.833172423102926,1.10536517061252,-0.432879265014016,-0.0149693655430586,0.755539655137097,0,0,0,0,8.88178419700125e-16,0.715702424991718,0
1730,99.3724,38.6959,9181.46075763777,4278.605663,411,-0.727187014675316,1.00811398547107,-0.918752235246149,1.00942109084392,-1.24639184930165,0.441693627281479,0.768857481185037,0,0,0,0,0,2.66453525910038e-15,0
1731,90.2254,38.7226,8336.32849203774,4281.557882,503,-0.792214244155849,0.988382780896919,-0.844988800211476,1.09267842731902,-0.502181220719188,0.0142672727889034,0.755922827045564,0,0,0,0,0,0.733758028759106,0
1732,92.665,38.7248,8561.73405398787,4281.801136,545,-0.745174967876933,1.01451071220378,-0.921376581010432,1.02715187633734,-0.944496738606882,0.254846376603175,0.67123767284412,0,0,0,0,0,2.60240717864235e-11,0
1733,93.2443,38.7317,8615.25817353112,4282.564069,547,-0.74567088523446,1.01648847507544,-0.930416556148085,1.02401047197971,-0.959569105324944,0.254924788713119,0.664305278199521,0,0,0,0,0,2.95896640523097e-12,0
1734,89.3317,38.7383,8253.75554945911,4283.293831,476,-0.792191929328869,0.990248992581397,-0.819759756946939,1.14928725875527,-0.271496404625452,-0.081540157910461,0.766288390346288,0,0,0,0,6.59722283469222e-08,0.032806528389212,0
1735,91.2817,38.7408,8433.9247763007,4283.570256,514,-0.809063434350531,0.97631580826762,-0.891064438764205,1.05151716374105,-0.745413990304369,0.111978771065191,0.720284548519164,0,0,0,0,0,0.0119609126037039,0
1736,95.3442,38.7472,8809.27733222069,4284.277904,554,-0.700531868258417,1.03876057297801,-0.926504634524817,1.0109354457678,-1.06926433523931,0.303487704444243,0.630235009806273,0,0,0,0,0,0,0
1737,73.0091,38.7479,6745.63748687213,4284.355303,259,0.199991283097401,0.704114787006441,-0.794738950403182,0.97928186128314,-1.21518470532223,1.71771269628812,0.686727796895349,0.00018023360357744,0,0,0,2.1312998883749e-05,1.39771483276263e-09,0
1738,92.9649,38.7556,8589.44315713136,4285.206692,545,-0.746411367024122,1.01537292905799,-0.924677257668283,1.02608321021429,-0.95204297616732,0.258792334332995,0.670418768468814,0,0,0,0,0,6.53099796465995e-12,0
1739,98.2837,38.789,9080.87089237498,4288.89973,457,-0.703574659860577,1.02333930723654,-0.92724648285344,1.00881959061382,-1.15717494447145,0.357799686125344,0.706414933249225,0,0,0,0,0,0,0
1740,94.2688,38.79,8709.91631347943,4289.0103,549,-0.716286338998291,1.03122846670305,-0.934688393969286,1.01682818378476,-1.01587209528146,0.296982323648148,0.638841187643266,0,0,0,0,0,0,0
1741,93.8163,38.7992,8668.10781340465,4290.027544,549,-0.721520532751533,1.03013237522034,-0.930687491263633,1.01860216785692,-1.0070463261259,0.298191349026692,0.647626081357195,0,0,0,0,0,0,0
1742,71.8556,38.8112,6639.06045960968,4291.354384,228,0.249423406319984,0.702994446534227,-0.78416558967578,0.976841672050933,-1.1030018002278,1.64762967616526,0.651023918492953,4.66960786349446e-06,0,0,0,7.20798511100185e-06,1.03770325665664e-11,0
1743,91.6331,38.8183,8466.39219492231,4292.139431,517,-0.807811832444299,0.979030138135957,-0.898311567140886,1.04606685922261,-0.79304077657132,0.141105247642793,0.713550355776157,0,0,0,0,0,0.00135763843635051,0
1744,90.6894,38.8264,8379.19952857851,4293.035048,495,-0.809036339691726,0.97948355451871,-0.856347404028165,1.07834520074124,-0.58076603290676,0.04225690458573,0.745514541061308,0,0,0,0,0,0.341470846938822,0
1745,72.9827,38.8361,6743.19827272412,4294.107577,256,0.198953191291073,0.709490610150287,-0.792076333185077,0.978872651098165,-1.20143188954981,1.69914984183316,0.683234741236461,0.000212117905706855,0,0,0,1.19661192778953e-05,4.12877287914171e-10,0
1746,90.4312,38.8361,8355.34327505518,4294.107577,489,-0.806363990789037,0.98395125674296,-0.847768425863677,1.08844509392744,-0.527326384736886,0.0193500239451397,0.751420125172502,0,0,0,0,0,0.651626597596538,0
1747,98.9912,38.8401,9146.23998365213,4294.549857,416,-0.738115407396042,1.00547283976026,-0.922936009357655,1.01002317828974,-1.23332474106691,0.4329196127342,0.769006313722309,0,0,0,0,0,3.33066907387547e-15,0
1748,98.4632,38.8588,9097.45570069194,4296.617516,440,-0.720348656274437,1.01395106087233,-0.926599463771877,1.00986821685208,-1.17700894485862,0.37717617087499,0.730725039092648,0,0,0,0,0,2.22044604925031e-16,0
1749,94.6657,38.8617,8746.58768072735,4296.938169,540,-0.707556550247492,1.03344214131842,-0.934975500748793,1.01676643126654,-1.0212884415947,0.299583800619846,0.641028621034746,0,0,0,0,0,0,0
1750,70.7897,38.8641,6540.5771883838,4297.203537,207,0.186713518684739,0.741108265916398,-0.809214527772206,0.975735974900248,-1.34146994346174,1.85823328045569,0.732404176697756,0.00174562422635627,0,0,0,0.000166959908743269,1.57021291302684e-07,0
1751,97.4719,38.8696,9005.8650573237,4297.811672,479,-0.705818989829498,1.02784729518598,-0.935278118224978,1.01072327083858,-1.09275663242009,0.290755628590075,0.664875902514998,0,0,0,0,0,0,0
1752,91.6119,38.8836,8464.43343204588,4299.359652,503,-0.821230692073264,0.971839909151365,-0.891829218118225,1.05258529064838,-0.72615458582885,0.0962715506472606,0.718951782971599,0,0,0,0,0,0.0296503644662065,0
1753,98.0754,38.8874,9061.62512316929,4299.779818,454,-0.705293037476774,1.02314749032682,-0.924509450744704,1.01015001838507,-1.15142602952291,0.355633592048676,0.705543454362894,0,0,0,0,0,0,0
1754,91.971,38.896,8497.61228812733,4300.73072,515,-0.80092222538107,0.986598584488943,-0.903835350659598,1.04126463184731,-0.832610887597524,0.171360933450112,0.706529379446203,0,0,0,0,0,7.47120109139132e-05,0
1755,92.5416,38.8995,8550.33257573543,4301.117715,526,-0.765803887212334,1.00694438366821,-0.918332387436182,1.0299302497144,-0.922136622079722,0.2401672322159,0.683883982124543,0,0,0,0,0,3.7698695276589e-09,0
1756,90.9025,38.9076,8398.88879126566,4302.013332,490,-0.821475901108681,0.97108640291531,-0.87808439241572,1.06435471582199,-0.645954009813151,0.0575963396340103,0.728073523937239,0,0,0,0,0,0.203602467036146,0
1757,88.9676,38.9133,8220.11472100115,4302.643581,441,-0.788004695318415,0.993359972404088,-0.805585766346625,1.25067609478053,-0.136416620058394,-0.108175050234815,0.769324644178252,0,0,0,0,0.000870444610903576,0.00259088233838622,0
1758,71.8303,38.9137,6636.7228793845,4302.687809,225,0.237831928423328,0.710768750986602,-0.791350617853669,0.979205811946504,-1.14036380002002,1.68303373810481,0.667203213603896,1.60402312672225e-05,0,0,0,1.07978460077707e-05,4.70019578813208e-11,0
1759,95.1079,38.9319,8787.4445177065,4304.700183,532,-0.729373973031019,1.026116751139,-0.926734239676992,1.01333282603365,-1.05946434481338,0.299350022669866,0.650015235991568,0,0,0,0,0,0,0
1760,91.5331,38.9581,8457.15274739197,4307.597117,496,-0.82243942702347,0.970386408975226,-0.887081467731649,1.055951611179,-0.703986791619126,0.0836750144195679,0.723429931637279,0,0,0,0,0,0.0608720397439597,0
1761,71.8936,38.9739,6642.57144967121,4309.344123,225,0.237831928423328,0.710768750986602,-0.791350617853669,0.979205811946504,-1.14036380002002,1.68303373810481,0.667203213603896,1.60402312672225e-05,0,0,0,1.07978460077707e-05,4.70019578813208e-11,0
1762,96.5401,38.9832,8919.771885236,4310.372424,504,-0.698440368947015,1.03420396506,-0.933568799882501,1.01211209276092,-1.07311456768732,0.287720290211954,0.648358384776396,0,0,0,0,0,0,0
1763,70.6713,38.9845,6529.63768250789,4310.516165,205,0.193457696181036,0.736365235775446,-0.815394701479343,0.976185584235595,-1.38431069298528,1.89567565149754,0.737554039439576,0.00117697901844172,0,0,0,0.00027217911986277,5.4406825400477e-07,0
1764,98.1868,39.0038,9071.91786771809,4312.650166,442,-0.713308586227537,1.01886009446325,-0.924499347562866,1.01117851591654,-1.15285699502904,0.355820911094564,0.71596913972305,0,0,0,0,0,2.22044604925031e-16,0
1765,90.564,39.0098,8367.61326137547,4313.313586,467,-0.821775472831234,0.976763378423463,-0.832209545393598,1.09728367018171,-0.482314024610529,-0.00376737877170123,0.750491462279022,0,0,0,0,0,0.929182720000069,0
1766,96.8549,39.0286,8948.85766606151,4315.392302,489,-0.707542231815664,1.03024642366848,-0.932081511139057,1.01169028849564,-1.08741246312465,0.290233091888937,0.658980270612566,0,0,0,0,0,0,0
1767,91.88,39.0377,8489.20439087472,4316.398489,495,-0.823249607617113,0.973015721973718,-0.8946032417835,1.05087122974111,-0.743217380929673,0.106707403622086,0.715509378073665,0,0,0,0,0,0.0155628615257604,0
1768,94.6998,39.0631,8749.73833233519,4319.206967,518,-0.730513924851049,1.02206162553753,-0.930961899939714,1.01357180584901,-1.04801390960988,0.290509406387098,0.64734362326294,0,0,0,0,0,2.22044604925031e-16,0
1769,97.446,39.1027,9003.47204041334,4323.585539,457,-0.725426520921517,1.02040561545203,-0.930691328906909,1.01229163646347,-1.10808872918349,0.311026220191837,0.692643629278072,0,0,0,0,0,4.44089209850063e-16,0
1770,95.6009,39.112,8832.99499403107,4324.61384,513,-0.719153136094251,1.02857084318183,-0.926449114022949,1.01178526618249,-1.08414937945367,0.311877058500738,0.653183755488153,0,0,0,0,0,0,0
1771,91.1592,39.1194,8422.60645307604,4325.432058,470,-0.841718455034856,0.961451445667064,-0.868065745091139,1.06964449781118,-0.609238082992177,0.0315462097688772,0.72858058722259,0,0,0,0,0,0.485313618428357,0
1772,97.5037,39.1277,9008.80320163834,4326.349789,450,-0.724641681832246,1.01886028457918,-0.928560993144972,1.01255482248848,-1.11089252825558,0.315921027473828,0.693588609898527,0,0,0,0,0,6.66133814775094e-16,0
1773,96.3954,39.1375,8906.40240465961,4327.433375,497,-0.699816403717087,1.03376536581507,-0.932144918925818,1.0124368330955,-1.07459480264092,0.291671944680763,0.649388674584114,0,0,0,0,0,0,0
1774,97.839,39.1403,9039.78306920757,4327.742971,437,-0.727186982091696,1.01536069807743,-0.926312507437936,1.01326234706888,-1.15078170171045,0.357027648555973,0.72423501184747,0,0,0,0,0,2.22044604925031e-16,0
1775,73.2773,39.1467,6770.4176851485,4328.450619,256,0.205365651828071,0.701135300444131,-0.794612483798507,0.979386944290632,-1.23620408023985,1.74052406800226,0.6905273620509,0.000121007604849455,0,0,0,2.98610584434922e-05,3.15529224970135e-09,0
1776,97.582,39.1646,9016.0376890546,4330.429822,443,-0.727631861359635,1.01605225248933,-0.92619527656294,1.01281399893537,-1.1421905058093,0.35160437771054,0.7143071382384,0,0,0,0,0,2.22044604925031e-16,0
1777,96.9482,39.1708,8957.47807060732,4331.115356,472,-0.715917253871887,1.02698850801353,-0.931807020361435,1.01226223599299,-1.09125170885998,0.296776406753086,0.670581516904906,0,0,0,0,0,0,0
1778,71.6684,39.1971,6621.76421383289,4334.023347,215,0.218779454929379,0.712655619459876,-0.799348599251176,0.979322661334674,-1.29789498710771,1.81872098957574,0.703465847804151,0.000108833219953697,0,0,0,0.000115204019911941,5.32466339908666e-08,0
1779,94.0382,39.2135,8688.61014747448,4335.836695,506,-0.753090686074622,1.01105212459967,-0.925395461865725,1.024759828934,-0.980607376454301,0.265049272705973,0.68311023466526,0,0,0,0,0,1.07192033027559e-11,0
1780,74.2551,39.2257,6860.76100310014,4337.185649,278,0.157553439577133,0.722779304408639,-0.810100029998588,0.975800397384105,-1.0889874168311,1.57796144650958,0.664469623980037,0.00326270503126747,0,0,0,3.08176854368902e-06,1.04842801107452e-11,0
1781,95.54,39.2913,8827.3681704851,4344.439041,490,-0.741666251594945,1.019754163126,-0.92657339131931,1.01353162192955,-1.07800830009329,0.308414013065368,0.671014808608351,0,0,0,0,0,2.22044604925031e-16,0
1782,98.4063,39.2952,9092.19845504718,4344.870264,405,-0.978418156497815,0.776913082351537,-0.907166296406035,1.01734285777229,-1.34471752340636,0.47532628395742,0.95498675514173,0,0,0,0,3.07312739700194e-07,0.0718608134587717,0
1783,97.4096,39.2963,9000.1088815123,4344.991891,445,-0.729249548745271,1.01767987840676,-0.925897347680626,1.01279257051217,-1.13194970316461,0.338981182921608,0.7091233489683,0,0,0,0,0,4.44089209850063e-16,0
1784,74.5097,39.3025,6884.28463651239,4345.677425,284,-0.214303311491056,1.28573584528583,-0.847408481453269,0.951770639612428,-0.172192660279759,0.459011011206115,0.567809076143914,9.52976724155619e-06,0,0,0,0.0555027238411312,1.67750177082482e-07,0
1785,94.7798,39.3372,8757.12989035946,4349.514204,491,-0.745026570307334,1.0159209117479,-0.924898761954616,1.01574969380419,-1.05249868423005,0.303979106327844,0.669736675203714,0,0,0,0,0,6.66133814775094e-15,0
1786,95.1595,39.3524,8792.21207263216,4351.194868,490,-0.740552256205647,1.01991476940065,-0.926799833441708,1.01442604445965,-1.06560522956518,0.311021812634018,0.66499153891984,0,0,0,0,0,4.44089209850063e-16,0
1787,96.9772,39.3693,8960.15751039111,4353.063501,455,-0.71977952586336,1.02406323830435,-0.930452796254714,1.01355216680545,-1.09667547386283,0.30316054301809,0.677691984084563,0,0,0,0,0,2.22044604925031e-16,0
1788,96.7959,39.3729,8943.40639201861,4353.461553,460,-0.717906986234197,1.02521103820351,-0.933332342090854,1.01356056599597,-1.08682878988957,0.29304570195802,0.669724455941033,0,0,0,0,0,2.22044604925031e-16,0
1789,95.3476,39.3855,8809.59147343672,4354.854735,484,-0.748373043197389,1.01647021236153,-0.923847129381626,1.01448883170272,-1.08164812883368,0.315866812152506,0.674779050653361,0,0,0,0,0,4.44089209850063e-16,0
1790,74.4088,39.3964,6874.96203395427,4356.059948,277,0.15096237491563,0.728305539322589,-0.811047858357115,0.975384400209899,-1.10146409823106,1.58398459336592,0.671437473102432,0.0052046609585803,0,0,0,3.63141887449459e-06,2.15554241123073e-11,0
1791,96.9866,39.4101,8961.02601845897,4357.574757,452,-0.718399020510425,1.0242521493453,-0.929969363720926,1.01313046504727,-1.10020464653558,0.305888564908606,0.676531164986044,0,0,0,0,0,2.22044604925031e-16,0
1792,97.2961,39.4347,8989.62210856536,4360.294779,439,-0.729468350862493,1.01644190934001,-0.923716457037309,1.01293952025037,-1.15230361442566,0.359909021317744,0.717444118365476,0,0,0,0,0,0,0
1793,93.5321,39.4441,8641.84930352343,4361.334137,489,-0.780218609590953,0.996240683759512,-0.916753906344365,1.03065097462935,-0.934251096287063,0.233213907041554,0.701719278078736,0,0,0,0,0,4.29006257185449e-08,0
1794,96.7513,39.4631,8939.28559842008,4363.434967,457,-0.719149808006821,1.02478827679877,-0.932714233154438,1.01321804335256,-1.09029658746796,0.296474717119902,0.669335404023482,0,0,0,0,0,2.22044604925031e-16,0
1795,73.3929,39.4955,6781.09848649357,4367.017435,247,0.211187681066862,0.70869173681605,-0.794348680067244,0.980797966511874,-1.19175052186316,1.71007346375847,0.685509301202108,0.000104546262103433,0,0,0,1.77707204878086e-05,4.95893992535912e-10,0
1796,96.6059,39.5717,8925.85144171097,4375.442869,454,-0.730143265837298,1.02222515362411,-0.932316769488813,1.01303011851355,-1.09426233137557,0.302501097455934,0.671376330138829,0,0,0,0,0,2.22044604925031e-16,0
1797,95.5969,39.6128,8832.62541612986,4379.987296,461,-0.757892692766261,1.01191921121476,-0.92712214737745,1.01502598775825,-1.07235089324999,0.307185159102425,0.680702422193624,0,0,0,0,0,1.19904086659517e-14,0
1798,95.6902,39.6426,8841.24582067566,4383.282282,462,-0.756741368825274,1.01223226611917,-0.924160907826863,1.01485985369716,-1.08423877087697,0.315123601109013,0.682120638355442,0,0,0,0,0,2.66453525910038e-15,0
1799,95.8145,39.6463,8852.73045395587,4383.691391,458,-0.754176123513523,1.01278460663551,-0.926484325313793,1.01473355490027,-1.08662745056988,0.314764906791457,0.683380016782858,0,0,0,0,0,1.77635683940025e-15,0
1800,96.0354,39.7713,8873.14039355039,4397.512641,447,-0.767440629569864,1.00760564351517,-0.935339372162118,1.01394982981692,-1.08212345460032,0.288565324559876,0.679915638105967,0,0,0,0,0,6.01740879346835e-14,0
1801,96.3332,39.7995,8900.65546829574,4400.630715,441,-0.752621302970376,1.01158159487245,-0.933521486900724,1.01408392979928,-1.08949800339958,0.288615340323316,0.67979730793552,0,0,0,0,0,2.59792187762287e-14,0
