"element","model","fold","x","y","obs","pred"
"Co","OK",1,13658431.68,-3792145.674,31,17.505026272992
"Co","OK",1,13661856.99,-3800596.19,19,17.0470178657366
"Co","OK",1,13656121.84,-3828640.278,6,13.7859879149929
"Co","OK",1,13694134.11,-3810595.807,12,15.3827774272532
"Co","OK",1,13662396.93,-3720721.432,8.72500013,14.5422372445699
"Co","OK",1,13666699.41,-3729983.257,9.686249948,15.9704004211744
"Co","OK",1,13657280.68,-3729526.428,22.3399998,15.1943824124581
"Co","OK",1,13679606.92,-3710783.088,14.08224993,14.2732291859559
"Co","OK",1,13671363.71,-3711307.194,8.007499945,13.9218621424643
"Co","OK",1,13639006.45,-3700626.967,3,10.0509511358022
"Co","OK",1,13646479.33,-3701132.344,7.911999905,10.7324325782791
"Co","OK",1,13685197.36,-3724588.613,10,16.1575843997986
"Co","OK",1,13684875.64,-3753549.249,17,18.5204172522484
"Co","OK",1,13670587.79,-3764271.037,44,18.6644963995238
"Co","OK",1,13670185.93,-3772745.264,38,18.7074724290797
"Co","OK",1,13681086.35,-3772047.714,32,18.8325019824348
"Co","OK",1,13745332.16,-3728294.726,7,12.8030206077766
"Co","OK",1,13724321.72,-3759935.778,2,15.5731716297329
"Co","OK",1,13693040.92,-3760979.083,16,18.5105253693708
"Co","OK",1,13717979.84,-3748390.557,15,16.3561945837574
"Co","OK",1,13722439.31,-3737980.212,10,15.6217426931427
"Co","OK",1,13740120.19,-3714692.867,9,12.8435180206495
"Co","OK",1,13741047.48,-3706293.159,26,12.27322505248
"Co","OK",1,13793291.94,-3652741.229,6,6.063892556736
"Co","OK",1,13797378.48,-3695826.13,3,7.22145229377679
"Co","OK",1,13769587.57,-3695741.279,6,9.34778960246033
"Co","OK",1,13760564.01,-3695371.871,7,10.0634818940361
"Co","OK",1,13765859.48,-3687800.745,6,9.26699179824498
"Co","OK",1,13775113.47,-3685919.784,3,8.50972020678486
"Co","OK",1,13802779.71,-3645986.752,2,5.51822399333118
"Co","OK",1,13756102.31,-3634993.011,9,6.29515916853391
"Co","OK",1,13746398.61,-3640235.296,4,6.81595534706418
"Co","OK",1,13726542.58,-3643978.339,7,7.32539800642118
"Co","OK",1,13661973.87,-3792533.851,43,17.6610229154868
"Co","OK",1,13689331.79,-3810688.056,4,15.6916267018616
"Co","OK",1,13695704.83,-3813751.154,2,14.8848403720603
"Co","OK",1,13653270.96,-3725549.063,6.336750018,14.3677972545064
"Co","OK",1,13663087.1,-3725327.912,6.520000078,15.1656477555738
"Co","OK",1,13742069.39,-3795942.412,5,10.834541110805
"Co","OK",1,13676924.11,-3772736.065,54,18.8319774096404
"Co","OK",1,13746184.87,-3724885.634,7,12.6246987140724
"Co","OK",1,13726681.69,-3757001.86,6,15.309874019164
"Co","OK",1,13667243.75,-3772102.89,50,18.6031018863837
"Co","OK",1,13731890.34,-3715064.173,31,13.5806342332385
"Co","OK",1,13714238.4,-3738716.397,39,16.4067766558933
"Co","OK",1,13717798.39,-3744125.215,7,16.2806445374855
"Co","OK",1,13797038.96,-3653595.878,4,5.96039386412171
"Co","OK",1,13797958.45,-3690609.684,2,7.08708121395462
"Co","OK",1,13793348.71,-3695313.13,6,7.49009961279779
"Co","OK",1,13765419.77,-3694898.047,12,9.65032647173827
"Co","OK",1,13761964.41,-3686639.786,10,9.48070388807434
"Co","OK",1,13770183.13,-3686690.654,4,8.89823877162842
"Co","OK",1,13780440.11,-3672108.379,5,7.5264934334433
"Co","OK",1,13708589.01,-3639987.083,6.010500085,6.93973000528234
"Co","OK",1,13699361.73,-3641105.93,7.174249888,6.8931624882836
"Co","OK",1,13703944.75,-3669276.351,10.85050011,9.68302816743648
"Co","OK",1,13716346.84,-3648758.887,11,7.7301803439346
"Co","OK",1,13725599.7,-3655412.092,3,8.32337583590843
"Co","OK",1,13749610.16,-3635426.865,3,6.44390779120057
"Co","OK",1,13686225.98,-3806571.775,3,16.333265937537
"Co","OK",1,13690492.85,-3815446.477,29,15.042525892526
"Co","OK",1,13667069.01,-3796880.911,12,17.5219147006358
"Co","OK",1,13666889.79,-3804068.947,28,16.8757883731722
"Co","OK",1,13737176.9,-3803286.609,6,10.9417760279463
"Co","OK",1,13732619.48,-3796117.469,10,12.2428966912443
"Co","OK",1,13741503.88,-3801276.976,11,10.4819830181296
"Co","OK",1,13671751.1,-3714215.677,13,14.3293410474742
"Co","OK",1,13670866.1,-3706754.357,10.53774993,13.2824045628204
"Co","OK",1,13680111.2,-3705649.081,11,13.6140161398154
"Co","OK",1,13689435.29,-3720325.1,6,15.7373345729629
"Co","OK",1,13691157.39,-3729391.592,10,16.7199639445449
"Co","OK",1,13690263.48,-3748778.615,28,18.2162420878412
"Co","OK",1,13683803.65,-3757577.821,37,18.6786389366529
"Co","OK",1,13671173.34,-3769632.232,56,18.7457772653259
"Co","OK",1,13731635.42,-3710985.671,32,13.3223234224908
"Co","OK",1,13727955.2,-3715221.066,20,13.8991310929788
"Co","OK",1,13713980.14,-3734523.869,12,16.2129700292863
"Co","OK",1,13719086.36,-3738530.383,14,15.9690790431517
"Co","OK",1,13713138.56,-3744393.883,12,16.7273932753965
"Co","OK",1,13714659.18,-3752332.162,11,16.758151098246
"Co","OK",1,13721475.27,-3748036.582,6,15.9675722965843
"Co","OK",1,13704462.4,-3641011.092,7.153000013,6.96709135915334
"Co","OK",1,13710798.68,-3667395.623,14,9.54530891545832
"Co","OK",1,13711448.8,-3660759.372,25,8.84889485422704
"Co","OK",1,13716057.41,-3643450.604,4,7.27673022173229
"Co","OK",1,13716133.1,-3653385.183,5,8.15062972598244
"Co","OK",1,13796983.3,-3649255.591,3,5.80377632907368
"Co","OK",1,13788352.7,-3651145.26,2,6.17914787126928
"Co","OK",1,13783886.56,-3673972.887,5,7.41476001299099
"Co","OK",1,13774496.76,-3678475.729,4,8.1977048849011
"Co","OK",1,13756186.92,-3640458.8,3,6.62595341129588
"Co","OK",1,13657883.99,-3795796.298,15,17.2349440664849
"Co","OK",1,13661156.8,-3805877.503,23,16.53584951484
"Co","OK",1,13665595.12,-3792257.512,19,17.8202607913907
"Co","OK",1,13666431.14,-3800640.952,28,17.1868598696167
"Co","OK",1,13734626.57,-3805581.116,16,11.1059967921309
"Co","OK",1,13655831.31,-3725098.928,7.64099992,14.544578021695
"Co","OK",1,13666737.27,-3725280.795,9.106749988,15.419373420207
"Co","OK",1,13675589.39,-3716491.968,5,14.8323199735404
"Co","OK",1,13667128,-3706444.711,14.25524983,13.0042357469493
"Co","OK",1,13677219.12,-3706608.031,13.70099973,13.6094199291991
"Co","OK",1,13691160.74,-3725993.972,6,16.3743394517402
"Co","OK",1,13689901.7,-3753146.592,27,18.4231012421253
"Co","OK",1,13680088.92,-3763386.267,23,18.8278102724391
"Co","OK",1,13675177.5,-3768572.408,33,18.8344210456803
"Co","OK",1,13742143.97,-3724158.139,10,13.0489276746471
"Co","OK",1,13718322.71,-3758090.845,12,16.3560361961977
"Co","OK",1,13694668.4,-3753626.631,38,18.2787411273037
"Co","OK",1,13685966.58,-3761002.707,8,18.7363145921617
"Co","OK",1,13718358.33,-3753176.771,6,16.3637690910489
"Co","OK",1,13745206.37,-3720132.827,11,12.5832075378264
"Co","OK",1,13802367.81,-3692178.17,1,6.84260595208229
"Co","OK",1,13793841.86,-3692206.878,3,7.39162324837413
"Co","OK",1,13765742.6,-3692178.168,7,9.49676158610857
"Co","OK",1,13783117.34,-3684222.987,9,7.8847770035296
"Co","OK",1,13803090.29,-3648647.006,2,5.59290579218775
"Co","OK",1,13792324.58,-3648709.427,2,5.93791449856983
"Co","OK",1,13784374.14,-3677023.687,2,7.51673999392525
"Co","OK",1,13774407.71,-3672731.16,7,7.90355938944055
"Co","OK",1,13685878.66,-3815223.672,7,15.3260829871915
"Co","OK",1,13689919.56,-3820616.99,7,14.4224182201819
"Co","OK",1,13694355.63,-3806823.402,3,15.8020588081203
"Co","OK",1,13737303.81,-3794615.721,5,11.6612949148329
"Co","OK",1,13674497.36,-3711533.313,11.57875007,14.1279243583793
"Co","OK",1,13643247.72,-3699904.83,5,10.3189613350679
"Co","OK",1,13651071.27,-3701029.167,2.870999985,11.0942736190758
"Co","OK",1,13679553.48,-3702047.807,4,13.1069104126328
"Co","OK",1,13684660.81,-3720281.94,15,15.6446931862103
"Co","OK",1,13684458.19,-3730852.501,3,16.8192616648736
"Co","OK",1,13686504.25,-3750350.699,29,18.3557646849399
"Co","OK",1,13695042.46,-3723989.349,11,16.1521840696099
"Co","OK",1,13731561.95,-3704671.917,32,12.8482795791538
"Co","OK",1,13736383.19,-3705656.918,21,12.5892328110282
"Co","OK",1,13736746.09,-3715111.24,12,13.1708657245832
"Co","OK",1,13713405.72,-3748411.534,9,16.816359687745
"Co","OK",1,13722607.4,-3743658.663,8,15.7659588241273
"Co","OK",1,13722993.69,-3733307.378,7,15.3807050284136
"Co","OK",1,13740189.21,-3710359.635,17,12.5947392719992
"Co","OK",1,13741935.81,-3702039.971,13,11.9236154125824
"Co","OK",1,13702939.54,-3633065.569,9.123500228,6.37422278806556
"Co","OK",1,13702190.36,-3658805.735,3,8.53184398639148
"Co","OK",1,13700114.24,-3669136.98,7.994000018,9.60200243763392
"Co","OK",1,13710600.54,-3664245.659,12,9.20608264324966
"Co","OK",1,13708445.4,-3659224.833,2,8.66501870245517
"Co","OK",1,13712092.22,-3646703.167,8.739500223,7.52331133594872
"Co","OK",1,13720969.93,-3655414.694,11,8.34542199392589
"Co","OK",1,13798075.34,-3645760.542,5,5.64602845343637
"Co","OK",1,13788754.56,-3645578.539,3,5.92843635508004
"Co","OK",1,13749769.36,-3638503.21,5,6.63745384921682
"Co","OK",1,13745729.56,-3635146.269,5,6.4891101122488
"Co","OK",1,13661793.54,-3797462.749,23,17.3013449140699
"Co","OK",1,13653887.63,-3795229.035,24,17.0270475696215
"Co","OK",1,13653327.71,-3805818.236,15,16.1602137224531
"Co","OK",1,13662003.96,-3823699.784,13,14.5545551946348
"Co","OK",1,13684762.13,-3810200.458,4,15.9853609462325
"Co","OK",1,13684408.13,-3820229.223,4,14.7593525199967
"Co","OK",1,13657583.48,-3718811.851,7.16974992,13.9148663560004
"Co","OK",1,13666382.16,-3719073.405,8.91249996,14.6205202249415
"Co","OK",1,13662436.99,-3729584.019,15.0299997,15.6207133404095
"Co","OK",1,13653264.27,-3729636.381,9.61550013,14.845567169636
"Co","OK",1,13728320.32,-3794903.951,11,12.9899942105959
"Co","OK",1,13738685.28,-3798685.753,2,11.115033986077
"Co","OK",1,13679726.02,-3767164.706,35,18.8647443287539
"Co","OK",1,13723230.78,-3752539.372,4,15.7877999699127
"Co","OK",1,13713154.15,-3758934.548,9,16.9358452236639
"Co","OK",1,13695905.17,-3758168.249,25,18.3315542940075
"Co","OK",1,13690590.77,-3757693.277,50,18.5473112176178
"Co","OK",1,13694328.87,-3748660.621,21,18.0944287251913
"Co","OK",1,13693015.32,-3729258.075,11,16.6974201431817
"Co","OK",1,13694279.92,-3720659.948,8,15.7992369194348
"Co","OK",1,13727517.71,-3705268.919,15,13.1481116821811
"Co","OK",1,13736117.14,-3710617.104,17,12.9490875921786
"Co","OK",1,13728397.13,-3710783.089,23,13.5395736885748
"Co","OK",1,13801743.31,-3695369.261,3,6.93016325119223
"Co","OK",1,13787178.27,-3690813.235,7,7.82131528109252
"Co","OK",1,13767984.57,-3690061.674,7,9.22331334110205
"Co","OK",1,13759608.89,-3689975.563,13,9.84247375244157
"Co","OK",1,13773992.48,-3681036.11,3,8.3580443168435
"Co","OK",1,13708980.85,-3633814.953,7.83799979,6.49518413388517
"Co","OK",1,13697657.43,-3636749.268,7.361749978,6.54347275517968
"Co","OK",1,13700911.3,-3664754.756,6,9.1325840887147
"Co","OK",1,13703833.43,-3663856.364,12,9.08661273395289
"Co","OK",1,13723196.32,-3649236.133,8,7.7784590942452
"Co","OK",1,13722400.39,-3646383.333,10,7.53463436035408
"Co","OK",1,13714533.39,-3739350.445,110.0538464,16.4106306204786
"Co","OK",1,13657287.34,-3806339.896,39.5,16.3261449842557
"Co","OK",1,13731551.93,-3711490.181,54.29999924,13.3644816852911
"Co","OK",1,13731622.06,-3711586.903,47.90000153,13.3660414096811
"Co","OK",1,13731762.32,-3711393.46,60.09999847,13.3417969229245
"Co","OK",1,13732006.11,-3711826.097,45.29999924,13.3536509688992
"Co","OK",1,13733905.22,-3713057.431,96.40000153,13.2866976673393
"Co","IDW",1,13658431.68,-3792145.674,31,17.0717561001025
"Co","IDW",1,13661856.99,-3800596.19,19,19.2354267991828
"Co","IDW",1,13656121.84,-3828640.278,6,11.2470895781117
"Co","IDW",1,13694134.11,-3810595.807,12,14.4400029438873
"Co","IDW",1,13662396.93,-3720721.432,8.72500013,13.0894824302774
"Co","IDW",1,13666699.41,-3729983.257,9.686249948,13.7131870789366
"Co","IDW",1,13657280.68,-3729526.428,22.3399998,12.705275586895
"Co","IDW",1,13679606.92,-3710783.088,14.08224993,11.0743969246625
"Co","IDW",1,13671363.71,-3711307.194,8.007499945,12.0052036567828
"Co","IDW",1,13639006.45,-3700626.967,3,13.1829387648544
"Co","IDW",1,13646479.33,-3701132.344,7.911999905,11.2799536077108
"Co","IDW",1,13685197.36,-3724588.613,10,14.0481187958715
"Co","IDW",1,13684875.64,-3753549.249,17,20.4886627503298
"Co","IDW",1,13670587.79,-3764271.037,44,23.0712504842624
"Co","IDW",1,13670185.93,-3772745.264,38,23.9940765518776
"Co","IDW",1,13681086.35,-3772047.714,32,30.5604717293213
"Co","IDW",1,13745332.16,-3728294.726,7,11.4782528704226
"Co","IDW",1,13724321.72,-3759935.778,2,11.812630831982
"Co","IDW",1,13693040.92,-3760979.083,16,22.6598596421439
"Co","IDW",1,13717979.84,-3748390.557,15,14.510543876656
"Co","IDW",1,13722439.31,-3737980.212,10,14.7917163866301
"Co","IDW",1,13740120.19,-3714692.867,9,14.6873130751453
"Co","IDW",1,13741047.48,-3706293.159,26,13.8377399833082
"Co","IDW",1,13793291.94,-3652741.229,6,5.84675953924457
"Co","IDW",1,13797378.48,-3695826.13,3,8.92865257325161
"Co","IDW",1,13769587.57,-3695741.279,6,11.2493672101911
"Co","IDW",1,13760564.01,-3695371.871,7,13.0386227043195
"Co","IDW",1,13765859.48,-3687800.745,6,14.721445433564
"Co","IDW",1,13775113.47,-3685919.784,3,10.7809216238098
"Co","IDW",1,13802779.71,-3645986.752,2,5.98791240742558
"Co","IDW",1,13756102.31,-3634993.011,9,6.97813302542409
"Co","IDW",1,13746398.61,-3640235.296,4,7.83763856531022
"Co","IDW",1,13726542.58,-3643978.339,7,6.36032038033386
"Co","IDW",1,13661973.87,-3792533.851,43,20.3991492650162
"Co","IDW",1,13689331.79,-3810688.056,4,16.8021841882418
"Co","IDW",1,13695704.83,-3813751.154,2,13.158908901111
"Co","IDW",1,13653270.96,-3725549.063,6.336750018,12.3965889818637
"Co","IDW",1,13663087.1,-3725327.912,6.520000078,13.4406030369953
"Co","IDW",1,13742069.39,-3795942.412,5,9.50821015317342
"Co","IDW",1,13676924.11,-3772736.065,54,26.7079711239107
"Co","IDW",1,13746184.87,-3724885.634,7,12.5318656324846
"Co","IDW",1,13726681.69,-3757001.86,6,10.5460767718952
"Co","IDW",1,13667243.75,-3772102.89,50,24.7430081151649
"Co","IDW",1,13731890.34,-3715064.173,31,17.4339625411639
"Co","IDW",1,13714238.4,-3738716.397,39,17.0224036874576
"Co","IDW",1,13717798.39,-3744125.215,7,15.06604324904
"Co","IDW",1,13797038.96,-3653595.878,4,5.71103950611505
"Co","IDW",1,13797958.45,-3690609.684,2,7.63502017584663
"Co","IDW",1,13793348.71,-3695313.13,6,9.1315399161028
"Co","IDW",1,13765419.77,-3694898.047,12,12.7329187432317
"Co","IDW",1,13761964.41,-3686639.786,10,26.8245788108858
"Co","IDW",1,13770183.13,-3686690.654,4,11.823630038797
"Co","IDW",1,13780440.11,-3672108.379,5,7.59590207262182
"Co","IDW",1,13708589.01,-3639987.083,6.010500085,8.11202026252252
"Co","IDW",1,13699361.73,-3641105.93,7.174249888,8.73588747353241
"Co","IDW",1,13703944.75,-3669276.351,10.85050011,11.3804537099989
"Co","IDW",1,13716346.84,-3648758.887,11,8.39263398409531
"Co","IDW",1,13725599.7,-3655412.092,3,6.92054405826278
"Co","IDW",1,13749610.16,-3635426.865,3,7.75735550183427
"Co","IDW",1,13686225.98,-3806571.775,3,19.0397301451722
"Co","IDW",1,13690492.85,-3815446.477,29,15.0537878718211
"Co","IDW",1,13667069.01,-3796880.911,12,22.9993354604775
"Co","IDW",1,13666889.79,-3804068.947,28,23.0680290288347
"Co","IDW",1,13737176.9,-3803286.609,6,10.9618076893764
"Co","IDW",1,13732619.48,-3796117.469,10,11.3518891478212
"Co","IDW",1,13741503.88,-3801276.976,11,11.1580318659994
"Co","IDW",1,13671751.1,-3714215.677,13,12.6454747599331
"Co","IDW",1,13670866.1,-3706754.357,10.53774993,11.2874738293248
"Co","IDW",1,13680111.2,-3705649.081,11,10.3737674603241
"Co","IDW",1,13689435.29,-3720325.1,6,12.5436392372345
"Co","IDW",1,13691157.39,-3729391.592,10,16.2549398031969
"Co","IDW",1,13690263.48,-3748778.615,28,20.5315252527228
"Co","IDW",1,13683803.65,-3757577.821,37,25.5576286325852
"Co","IDW",1,13671173.34,-3769632.232,56,24.092586724073
"Co","IDW",1,13731635.42,-3710985.671,32,17.0199047752138
"Co","IDW",1,13727955.2,-3715221.066,20,19.3522508020589
"Co","IDW",1,13713980.14,-3734523.869,12,18.102436098227
"Co","IDW",1,13719086.36,-3738530.383,14,15.6869078867535
"Co","IDW",1,13713138.56,-3744393.883,12,15.8648773539645
"Co","IDW",1,13714659.18,-3752332.162,11,14.9643399402059
"Co","IDW",1,13721475.27,-3748036.582,6,13.363304491597
"Co","IDW",1,13704462.4,-3641011.092,7.153000013,8.57836072443002
"Co","IDW",1,13710798.68,-3667395.623,14,9.86791914819859
"Co","IDW",1,13711448.8,-3660759.372,25,6.44659648921377
"Co","IDW",1,13716057.41,-3643450.604,4,8.03761878777661
"Co","IDW",1,13716133.1,-3653385.183,5,7.92284436026914
"Co","IDW",1,13796983.3,-3649255.591,3,6.02780584696681
"Co","IDW",1,13788352.7,-3651145.26,2,5.66994755252159
"Co","IDW",1,13783886.56,-3673972.887,5,7.63484944694875
"Co","IDW",1,13774496.76,-3678475.729,4,9.95304274107022
"Co","IDW",1,13756186.92,-3640458.8,3,6.77217048284568
"Co","IDW",1,13657883.99,-3795796.298,15,16.9485825038488
"Co","IDW",1,13661156.8,-3805877.503,23,17.9851819472474
"Co","IDW",1,13665595.12,-3792257.512,19,22.5045922303622
"Co","IDW",1,13666431.14,-3800640.952,28,22.276140993801
"Co","IDW",1,13734626.57,-3805581.116,16,10.4491958635677
"Co","IDW",1,13655831.31,-3725098.928,7.64099992,12.7865333683144
"Co","IDW",1,13666737.27,-3725280.795,9.106749988,13.314810753433
"Co","IDW",1,13675589.39,-3716491.968,5,12.7051531833508
"Co","IDW",1,13667128,-3706444.711,14.25524983,10.8276546866746
"Co","IDW",1,13677219.12,-3706608.031,13.70099973,11.1186954085425
"Co","IDW",1,13691160.74,-3725993.972,6,15.1074369870132
"Co","IDW",1,13689901.7,-3753146.592,27,20.5472590540364
"Co","IDW",1,13680088.92,-3763386.267,23,28.025825038411
"Co","IDW",1,13675177.5,-3768572.408,33,24.8061724910525
"Co","IDW",1,13742143.97,-3724158.139,10,12.7605578400604
"Co","IDW",1,13718322.71,-3758090.845,12,13.2004794764767
"Co","IDW",1,13694668.4,-3753626.631,38,20.2078886951872
"Co","IDW",1,13685966.58,-3761002.707,8,25.6717691708835
"Co","IDW",1,13718358.33,-3753176.771,6,14.1274474638549
"Co","IDW",1,13745206.37,-3720132.827,11,13.2894205485757
"Co","IDW",1,13802367.81,-3692178.17,1,7.83274650459235
"Co","IDW",1,13793841.86,-3692206.878,3,8.34194845366997
"Co","IDW",1,13765742.6,-3692178.168,7,13.2819409137742
"Co","IDW",1,13783117.34,-3684222.987,9,7.58411626768968
"Co","IDW",1,13803090.29,-3648647.006,2,6.28522069505836
"Co","IDW",1,13792324.58,-3648709.427,2,5.94301796431892
"Co","IDW",1,13784374.14,-3677023.687,2,7.96259876867081
"Co","IDW",1,13774407.71,-3672731.16,7,8.83519222568817
"Co","IDW",1,13685878.66,-3815223.672,7,16.6599960581873
"Co","IDW",1,13689919.56,-3820616.99,7,12.8783072274347
"Co","IDW",1,13694355.63,-3806823.402,3,14.8870328416186
"Co","IDW",1,13737303.81,-3794615.721,5,10.4197021332511
"Co","IDW",1,13674497.36,-3711533.313,11.57875007,12.1303447515089
"Co","IDW",1,13643247.72,-3699904.83,5,12.005753647889
"Co","IDW",1,13651071.27,-3701029.167,2.870999985,10.6935424811032
"Co","IDW",1,13679553.48,-3702047.807,4,10.4821617165991
"Co","IDW",1,13684660.81,-3720281.94,15,12.711324516611
"Co","IDW",1,13684458.19,-3730852.501,3,14.7817523144066
"Co","IDW",1,13686504.25,-3750350.699,29,19.8243954696657
"Co","IDW",1,13695042.46,-3723989.349,11,14.2832553752427
"Co","IDW",1,13731561.95,-3704671.917,32,16.5883965520895
"Co","IDW",1,13736383.19,-3705656.918,21,15.1943629256751
"Co","IDW",1,13736746.09,-3715111.24,12,16.1405454924819
"Co","IDW",1,13713405.72,-3748411.534,9,14.5100581865084
"Co","IDW",1,13722607.4,-3743658.663,8,13.3624674593121
"Co","IDW",1,13722993.69,-3733307.378,7,15.8529525437417
"Co","IDW",1,13740189.21,-3710359.635,17,14.2537349106661
"Co","IDW",1,13741935.81,-3702039.971,13,14.2125542090046
"Co","IDW",1,13702939.54,-3633065.569,9.123500228,8.89476353544599
"Co","IDW",1,13702190.36,-3658805.735,3,9.90922225218397
"Co","IDW",1,13700114.24,-3669136.98,7.994000018,10.969979772299
"Co","IDW",1,13710600.54,-3664245.659,12,8.53977694454328
"Co","IDW",1,13708445.4,-3659224.833,2,8.82467750528696
"Co","IDW",1,13712092.22,-3646703.167,8.739500223,8.54396834828357
"Co","IDW",1,13720969.93,-3655414.694,11,7.48911017091534
"Co","IDW",1,13798075.34,-3645760.542,5,5.54346659822296
"Co","IDW",1,13788754.56,-3645578.539,3,5.55403544961256
"Co","IDW",1,13749769.36,-3638503.21,5,7.78574376976065
"Co","IDW",1,13745729.56,-3635146.269,5,7.454735617473
"Co","IDW",1,13661793.54,-3797462.749,23,19.5280006702573
"Co","IDW",1,13653887.63,-3795229.035,24,14.0284774284936
"Co","IDW",1,13653327.71,-3805818.236,15,13.5146130418333
"Co","IDW",1,13662003.96,-3823699.784,13,11.8149913026299
"Co","IDW",1,13684762.13,-3810200.458,4,18.5962918553996
"Co","IDW",1,13684408.13,-3820229.223,4,14.1555286717245
"Co","IDW",1,13657583.48,-3718811.851,7.16974992,12.3655399277151
"Co","IDW",1,13666382.16,-3719073.405,8.91249996,13.7194863249624
"Co","IDW",1,13662436.99,-3729584.019,15.0299997,13.3791890541533
"Co","IDW",1,13653264.27,-3729636.381,9.61550013,12.2918269569205
"Co","IDW",1,13728320.32,-3794903.951,11,12.3179542024909
"Co","IDW",1,13738685.28,-3798685.753,2,10.8513217988144
"Co","IDW",1,13679726.02,-3767164.706,35,28.1099018402457
"Co","IDW",1,13723230.78,-3752539.372,4,12.2290026939128
"Co","IDW",1,13713154.15,-3758934.548,9,15.7857603844157
"Co","IDW",1,13695905.17,-3758168.249,25,20.7216324308062
"Co","IDW",1,13690590.77,-3757693.277,50,21.7505057024379
"Co","IDW",1,13694328.87,-3748660.621,21,21.0848639863987
"Co","IDW",1,13693015.32,-3729258.075,11,16.6938345664232
"Co","IDW",1,13694279.92,-3720659.948,8,12.5389837048027
"Co","IDW",1,13727517.71,-3705268.919,15,18.3441122362294
"Co","IDW",1,13736117.14,-3710617.104,17,15.4648684336947
"Co","IDW",1,13728397.13,-3710783.089,23,19.0750279642571
"Co","IDW",1,13801743.31,-3695369.261,3,8.6919338325021
"Co","IDW",1,13787178.27,-3690813.235,7,8.6779084078329
"Co","IDW",1,13767984.57,-3690061.674,7,12.6318108933094
"Co","IDW",1,13759608.89,-3689975.563,13,16.6478516134482
"Co","IDW",1,13773992.48,-3681036.11,3,10.4431449759988
"Co","IDW",1,13708980.85,-3633814.953,7.83799979,7.96092996477386
"Co","IDW",1,13697657.43,-3636749.268,7.361749978,8.45236960629913
"Co","IDW",1,13700911.3,-3664754.756,6,10.2366674729674
"Co","IDW",1,13703833.43,-3663856.364,12,10.154852786748
"Co","IDW",1,13723196.32,-3649236.133,8,7.37537448614357
"Co","IDW",1,13722400.39,-3646383.333,10,7.44238358361342
"Co","IDW",1,13714533.39,-3739350.445,110.0538464,16.8042729918325
"Co","IDW",1,13657287.34,-3806339.896,39.5,15.4348861325709
"Co","IDW",1,13731551.93,-3711490.181,54.29999924,17.0968899145353
"Co","IDW",1,13731622.06,-3711586.903,47.90000153,17.074112647956
"Co","IDW",1,13731762.32,-3711393.46,60.09999847,16.9977506325016
"Co","IDW",1,13732006.11,-3711826.097,45.29999924,16.9338308664408
"Co","IDW",1,13733905.22,-3713057.431,96.40000153,16.4063616383038
"Co","LM",1,13658431.68,-3792145.674,31,24.1385395907435
"Co","LM",1,13661856.99,-3800596.19,19,20.8802717136229
"Co","LM",1,13656121.84,-3828640.278,6,17.2828378383988
"Co","LM",1,13694134.11,-3810595.807,12,13.5230643192984
"Co","LM",1,13662396.93,-3720721.432,8.72500013,12.1634626920055
"Co","LM",1,13666699.41,-3729983.257,9.686249948,10.7658343301268
"Co","LM",1,13657280.68,-3729526.428,22.3399998,15.5883299888448
"Co","LM",1,13679606.92,-3710783.088,14.08224993,11.2122373958358
"Co","LM",1,13671363.71,-3711307.194,8.007499945,11.3812573109456
"Co","LM",1,13639006.45,-3700626.967,3,9.17722771326091
"Co","LM",1,13646479.33,-3701132.344,7.911999905,10.2704970896141
"Co","LM",1,13685197.36,-3724588.613,10,19.4370692276906
"Co","LM",1,13684875.64,-3753549.249,17,24.1492953850146
"Co","LM",1,13670587.79,-3764271.037,44,28.4121982613242
"Co","LM",1,13670185.93,-3772745.264,38,29.6142813765439
"Co","LM",1,13681086.35,-3772047.714,32,27.2889647023649
"Co","LM",1,13745332.16,-3728294.726,7,6.08182610072255
"Co","LM",1,13724321.72,-3759935.778,2,5.94304474498132
"Co","LM",1,13693040.92,-3760979.083,16,24.2254888461405
"Co","LM",1,13717979.84,-3748390.557,15,9.03102397784721
"Co","LM",1,13722439.31,-3737980.212,10,12.5875163744643
"Co","LM",1,13740120.19,-3714692.867,9,13.2739422437825
"Co","LM",1,13741047.48,-3706293.159,26,16.9486390908896
"Co","LM",1,13793291.94,-3652741.229,6,5.64593575232117
"Co","LM",1,13797378.48,-3695826.13,3,3.43290733091731
"Co","LM",1,13769587.57,-3695741.279,6,15.1315537102178
"Co","LM",1,13760564.01,-3695371.871,7,16.6950569025852
"Co","LM",1,13765859.48,-3687800.745,6,15.8308657902702
"Co","LM",1,13775113.47,-3685919.784,3,16.8177228581234
"Co","LM",1,13802779.71,-3645986.752,2,5.51087261691546
"Co","LM",1,13756102.31,-3634993.011,9,9.25545031560508
"Co","LM",1,13746398.61,-3640235.296,4,8.40492039411121
"Co","LM",1,13726542.58,-3643978.339,7,10.7483322290224
"Co","LM",1,13661973.87,-3792533.851,43,24.8903227817361
"Co","LM",1,13689331.79,-3810688.056,4,16.4446852559149
"Co","LM",1,13695704.83,-3813751.154,2,13.9206949427145
"Co","LM",1,13653270.96,-3725549.063,6.336750018,13.0348500063084
"Co","LM",1,13663087.1,-3725327.912,6.520000078,12.1713728023053
"Co","LM",1,13742069.39,-3795942.412,5,6.15927084611956
"Co","LM",1,13676924.11,-3772736.065,54,26.2853738844185
"Co","LM",1,13746184.87,-3724885.634,7,6.80277882412037
"Co","LM",1,13726681.69,-3757001.86,6,7.34251827259901
"Co","LM",1,13667243.75,-3772102.89,50,29.526937935305
"Co","LM",1,13731890.34,-3715064.173,31,19.326060648728
"Co","LM",1,13714238.4,-3738716.397,39,19.4604816966547
"Co","LM",1,13717798.39,-3744125.215,7,11.4121346261397
"Co","LM",1,13797038.96,-3653595.878,4,5.16246555020356
"Co","LM",1,13797958.45,-3690609.684,2,4.12288880518387
"Co","LM",1,13793348.71,-3695313.13,6,3.90874345190421
"Co","LM",1,13765419.77,-3694898.047,12,14.2321723179447
"Co","LM",1,13761964.41,-3686639.786,10,14.3232556634092
"Co","LM",1,13770183.13,-3686690.654,4,16.3887021229115
"Co","LM",1,13780440.11,-3672108.379,5,9.35245637648395
"Co","LM",1,13708589.01,-3639987.083,6.010500085,12.1865035607114
"Co","LM",1,13699361.73,-3641105.93,7.174249888,11.5311145352124
"Co","LM",1,13703944.75,-3669276.351,10.85050011,8.17380411297454
"Co","LM",1,13716346.84,-3648758.887,11,8.83366209930891
"Co","LM",1,13725599.7,-3655412.092,3,10.4817222822523
"Co","LM",1,13749610.16,-3635426.865,3,9.5681211075071
"Co","LM",1,13686225.98,-3806571.775,3,17.7466217600897
"Co","LM",1,13690492.85,-3815446.477,29,13.3022370367637
"Co","LM",1,13667069.01,-3796880.911,12,23.218194504404
"Co","LM",1,13666889.79,-3804068.947,28,21.039244871729
"Co","LM",1,13737176.9,-3803286.609,6,3.1012196680178
"Co","LM",1,13732619.48,-3796117.469,10,5.64108624320443
"Co","LM",1,13741503.88,-3801276.976,11,3.02927998044455
"Co","LM",1,13671751.1,-3714215.677,13,9.86562679149349
"Co","LM",1,13670866.1,-3706754.357,10.53774993,12.5261620124955
"Co","LM",1,13680111.2,-3705649.081,11,9.3283197225952
"Co","LM",1,13689435.29,-3720325.1,6,18.8397406095951
"Co","LM",1,13691157.39,-3729391.592,10,16.668069799665
"Co","LM",1,13690263.48,-3748778.615,28,22.1583544383097
"Co","LM",1,13683803.65,-3757577.821,37,25.0521346243585
"Co","LM",1,13671173.34,-3769632.232,56,30.8782713210236
"Co","LM",1,13731635.42,-3710985.671,32,20.5553748495556
"Co","LM",1,13727955.2,-3715221.066,20,20.2789095047797
"Co","LM",1,13713980.14,-3734523.869,12,18.4879927668804
"Co","LM",1,13719086.36,-3738530.383,14,15.0010862600068
"Co","LM",1,13713138.56,-3744393.883,12,14.1059086449434
"Co","LM",1,13714659.18,-3752332.162,11,10.90343653274
"Co","LM",1,13721475.27,-3748036.582,6,8.93982121081194
"Co","LM",1,13704462.4,-3641011.092,7.153000013,12.7699124882766
"Co","LM",1,13710798.68,-3667395.623,14,7.04702093472694
"Co","LM",1,13711448.8,-3660759.372,25,5.91701015276558
"Co","LM",1,13716057.41,-3643450.604,4,10.3515461616151
"Co","LM",1,13716133.1,-3653385.183,5,7.91761325730794
"Co","LM",1,13796983.3,-3649255.591,3,5.02972345258183
"Co","LM",1,13788352.7,-3651145.26,2,7.35322291554172
"Co","LM",1,13783886.56,-3673972.887,5,5.71515126671944
"Co","LM",1,13774496.76,-3678475.729,4,13.3092716485959
"Co","LM",1,13756186.92,-3640458.8,3,9.27586005243009
"Co","LM",1,13657883.99,-3795796.298,15,22.8965644474561
"Co","LM",1,13661156.8,-3805877.503,23,16.5144427187422
"Co","LM",1,13665595.12,-3792257.512,19,21.4663920649753
"Co","LM",1,13666431.14,-3800640.952,28,22.2530673821052
"Co","LM",1,13734626.57,-3805581.116,16,2.40368919423135
"Co","LM",1,13655831.31,-3725098.928,7.64099992,13.9818922005234
"Co","LM",1,13666737.27,-3725280.795,9.106749988,11.1229699197617
"Co","LM",1,13675589.39,-3716491.968,5,9.59491486383141
"Co","LM",1,13667128,-3706444.711,14.25524983,13.9639153142958
"Co","LM",1,13677219.12,-3706608.031,13.70099973,10.5046693441619
"Co","LM",1,13691160.74,-3725993.972,6,13.1155588689983
"Co","LM",1,13689901.7,-3753146.592,27,23.4239249028024
"Co","LM",1,13680088.92,-3763386.267,23,25.3106772958688
"Co","LM",1,13675177.5,-3768572.408,33,28.6036326505948
"Co","LM",1,13742143.97,-3724158.139,10,6.30051413925821
"Co","LM",1,13718322.71,-3758090.845,12,12.3194806658916
"Co","LM",1,13694668.4,-3753626.631,38,23.8459669316539
"Co","LM",1,13685966.58,-3761002.707,8,22.7252629823309
"Co","LM",1,13718358.33,-3753176.771,6,9.83823489990904
"Co","LM",1,13745206.37,-3720132.827,11,5.07707429641659
"Co","LM",1,13802367.81,-3692178.17,1,3.36842887052405
"Co","LM",1,13793841.86,-3692206.878,3,4.56381507637355
"Co","LM",1,13765742.6,-3692178.168,7,14.2276989653297
"Co","LM",1,13783117.34,-3684222.987,9,13.2686653962125
"Co","LM",1,13803090.29,-3648647.006,2,5.12517316210635
"Co","LM",1,13792324.58,-3648709.427,2,5.88088418749165
"Co","LM",1,13784374.14,-3677023.687,2,7.37561877901704
"Co","LM",1,13774407.71,-3672731.16,7,15.6854912653002
"Co","LM",1,13685878.66,-3815223.672,7,13.6382415922702
"Co","LM",1,13689919.56,-3820616.99,7,9.65681391706507
"Co","LM",1,13694355.63,-3806823.402,3,12.3413956322928
"Co","LM",1,13737303.81,-3794615.721,5,4.58030828869794
"Co","LM",1,13674497.36,-3711533.313,11.57875007,10.3419114456775
"Co","LM",1,13643247.72,-3699904.83,5,9.2142422903271
"Co","LM",1,13651071.27,-3701029.167,2.870999985,10.5369986787245
"Co","LM",1,13679553.48,-3702047.807,4,8.58852948200885
"Co","LM",1,13684660.81,-3720281.94,15,19.5355462699549
"Co","LM",1,13684458.19,-3730852.501,3,19.1419318320496
"Co","LM",1,13686504.25,-3750350.699,29,23.2537543286749
"Co","LM",1,13695042.46,-3723989.349,11,15.7393395206202
"Co","LM",1,13731561.95,-3704671.917,32,20.8567229628476
"Co","LM",1,13736383.19,-3705656.918,21,19.866593892179
"Co","LM",1,13736746.09,-3715111.24,12,15.697716437836
"Co","LM",1,13713405.72,-3748411.534,9,9.18776976312294
"Co","LM",1,13722607.4,-3743658.663,8,8.16608907200603
"Co","LM",1,13722993.69,-3733307.378,7,14.4222146560063
"Co","LM",1,13740189.21,-3710359.635,17,16.2242225558689
"Co","LM",1,13741935.81,-3702039.971,13,19.8096659623726
"Co","LM",1,13702939.54,-3633065.569,9.123500228,13.4164702278565
"Co","LM",1,13702190.36,-3658805.735,3,6.67854911196482
"Co","LM",1,13700114.24,-3669136.98,7.994000018,7.97963702023096
"Co","LM",1,13710600.54,-3664245.659,12,6.67049554044063
"Co","LM",1,13708445.4,-3659224.833,2,5.64336950640349
"Co","LM",1,13712092.22,-3646703.167,8.739500223,11.3194307456912
"Co","LM",1,13720969.93,-3655414.694,11,8.23848389049177
"Co","LM",1,13798075.34,-3645760.542,5,5.18227179260118
"Co","LM",1,13788754.56,-3645578.539,3,9.98638791940194
"Co","LM",1,13749769.36,-3638503.21,5,8.67638157408483
"Co","LM",1,13745729.56,-3635146.269,5,9.31463750869383
"Co","LM",1,13661793.54,-3797462.749,23,24.2787177223663
"Co","LM",1,13653887.63,-3795229.035,24,23.1214392687906
"Co","LM",1,13653327.71,-3805818.236,15,18.7548979536504
"Co","LM",1,13662003.96,-3823699.784,13,12.1599147291622
"Co","LM",1,13684762.13,-3810200.458,4,16.1700896018817
"Co","LM",1,13684408.13,-3820229.223,4,15.125177838931
"Co","LM",1,13657583.48,-3718811.851,7.16974992,13.5269101722961
"Co","LM",1,13666382.16,-3719073.405,8.91249996,11.286193342093
"Co","LM",1,13662436.99,-3729584.019,15.0299997,13.1319141604205
"Co","LM",1,13653264.27,-3729636.381,9.61550013,11.6559039425162
"Co","LM",1,13728320.32,-3794903.951,11,6.52421525273673
"Co","LM",1,13738685.28,-3798685.753,2,5.52594051810494
"Co","LM",1,13679726.02,-3767164.706,35,24.692052637426
"Co","LM",1,13723230.78,-3752539.372,4,8.37751084484072
"Co","LM",1,13713154.15,-3758934.548,9,17.5281076585429
"Co","LM",1,13695905.17,-3758168.249,25,23.8927893711084
"Co","LM",1,13690590.77,-3757693.277,50,23.9973739989115
"Co","LM",1,13694328.87,-3748660.621,21,21.119071158908
"Co","LM",1,13693015.32,-3729258.075,11,15.368169679859
"Co","LM",1,13694279.92,-3720659.948,8,14.3201477140131
"Co","LM",1,13727517.71,-3705268.919,15,20.5010638914535
"Co","LM",1,13736117.14,-3710617.104,17,19.2990528610455
"Co","LM",1,13728397.13,-3710783.089,23,21.1649116217433
"Co","LM",1,13801743.31,-3695369.261,3,2.91034459706394
"Co","LM",1,13787178.27,-3690813.235,7,12.6343124903327
"Co","LM",1,13767984.57,-3690061.674,7,15.6897851390688
"Co","LM",1,13759608.89,-3689975.563,13,13.3834373929514
"Co","LM",1,13773992.48,-3681036.11,3,15.3749225747772
"Co","LM",1,13708980.85,-3633814.953,7.83799979,12.5819612721206
"Co","LM",1,13697657.43,-3636749.268,7.361749978,13.4707004470442
"Co","LM",1,13700911.3,-3664754.756,6,7.85044846749373
"Co","LM",1,13703833.43,-3663856.364,12,6.60785636046278
"Co","LM",1,13723196.32,-3649236.133,8,8.74457364974672
"Co","LM",1,13722400.39,-3646383.333,10,9.27153037633656
"Co","LM",1,13714533.39,-3739350.445,110.0538464,18.5456626150333
"Co","LM",1,13657287.34,-3806339.896,39.5,16.7534253815206
"Co","LM",1,13731551.93,-3711490.181,54.29999924,20.6963414724457
"Co","LM",1,13731622.06,-3711586.903,47.90000153,20.6979426409915
"Co","LM",1,13731762.32,-3711393.46,60.09999847,20.6451078433258
"Co","LM",1,13732006.11,-3711826.097,45.29999924,20.58151912741
"Co","LM",1,13733905.22,-3713057.431,96.40000153,19.8307209534409
"Co","RF",1,13658431.68,-3792145.674,31,24.6271748906477
"Co","RF",1,13661856.99,-3800596.19,19,23.2651665452493
"Co","RF",1,13656121.84,-3828640.278,6,7.15044757983317
"Co","RF",1,13694134.11,-3810595.807,12,11.1181853350697
"Co","RF",1,13662396.93,-3720721.432,8.72500013,11.1415695378736
"Co","RF",1,13666699.41,-3729983.257,9.686249948,11.6866140638675
"Co","RF",1,13657280.68,-3729526.428,22.3399998,17.8494571023884
"Co","RF",1,13679606.92,-3710783.088,14.08224993,7.59372880077663
"Co","RF",1,13671363.71,-3711307.194,8.007499945,8.86940956744128
"Co","RF",1,13639006.45,-3700626.967,3,19.4503429138191
"Co","RF",1,13646479.33,-3701132.344,7.911999905,10.3933302463061
"Co","RF",1,13685197.36,-3724588.613,10,19.1170088299524
"Co","RF",1,13684875.64,-3753549.249,17,28.8561413462926
"Co","RF",1,13670587.79,-3764271.037,44,42.9461960983045
"Co","RF",1,13670185.93,-3772745.264,38,39.3800482344567
"Co","RF",1,13681086.35,-3772047.714,32,48.4280153332992
"Co","RF",1,13745332.16,-3728294.726,7,7.94290359314773
"Co","RF",1,13724321.72,-3759935.778,2,7.5118841792855
"Co","RF",1,13693040.92,-3760979.083,16,30.3880924923939
"Co","RF",1,13717979.84,-3748390.557,15,10.461506676647
"Co","RF",1,13722439.31,-3737980.212,10,10.3372593788747
"Co","RF",1,13740120.19,-3714692.867,9,11.2511998334233
"Co","RF",1,13741047.48,-3706293.159,26,11.849114833352
"Co","RF",1,13793291.94,-3652741.229,6,4.28537303075567
"Co","RF",1,13797378.48,-3695826.13,3,7.51545326643409
"Co","RF",1,13769587.57,-3695741.279,6,20.5573506421117
"Co","RF",1,13760564.01,-3695371.871,7,16.8917294746019
"Co","RF",1,13765859.48,-3687800.745,6,13.6958784753734
"Co","RF",1,13775113.47,-3685919.784,3,14.9545957493307
"Co","RF",1,13802779.71,-3645986.752,2,3.92987734143612
"Co","RF",1,13756102.31,-3634993.011,9,5.52463930902688
"Co","RF",1,13746398.61,-3640235.296,4,7.18093427083459
"Co","RF",1,13726542.58,-3643978.339,7,5.31399936261218
"Co","RF",1,13661973.87,-3792533.851,43,29.5820098277403
"Co","RF",1,13689331.79,-3810688.056,4,11.1660993659227
"Co","RF",1,13695704.83,-3813751.154,2,11.6764973358037
"Co","RF",1,13653270.96,-3725549.063,6.336750018,20.6201176319538
"Co","RF",1,13663087.1,-3725327.912,6.520000078,11.0458413863047
"Co","RF",1,13742069.39,-3795942.412,5,6.2538791897104
"Co","RF",1,13676924.11,-3772736.065,54,43.0776400834514
"Co","RF",1,13746184.87,-3724885.634,7,8.58394513749339
"Co","RF",1,13726681.69,-3757001.86,6,6.8519051784198
"Co","RF",1,13667243.75,-3772102.89,50,38.1154516209867
"Co","RF",1,13731890.34,-3715064.173,31,19.2994977747143
"Co","RF",1,13714238.4,-3738716.397,39,18.2394918662362
"Co","RF",1,13717798.39,-3744125.215,7,10.1320197044759
"Co","RF",1,13797038.96,-3653595.878,4,4.55936547585648
"Co","RF",1,13797958.45,-3690609.684,2,4.89581815465352
"Co","RF",1,13793348.71,-3695313.13,6,8.11039594983088
"Co","RF",1,13765419.77,-3694898.047,12,19.7933080352558
"Co","RF",1,13761964.41,-3686639.786,10,30.5466616940287
"Co","RF",1,13770183.13,-3686690.654,4,13.0696360822178
"Co","RF",1,13780440.11,-3672108.379,5,7.89774613015008
"Co","RF",1,13708589.01,-3639987.083,6.010500085,9.90683534845023
"Co","RF",1,13699361.73,-3641105.93,7.174249888,11.7358316460102
"Co","RF",1,13703944.75,-3669276.351,10.85050011,12.1457191376932
"Co","RF",1,13716346.84,-3648758.887,11,7.22796001027136
"Co","RF",1,13725599.7,-3655412.092,3,4.75651083760533
"Co","RF",1,13749610.16,-3635426.865,3,6.52566155631916
"Co","RF",1,13686225.98,-3806571.775,3,13.1405547502083
"Co","RF",1,13690492.85,-3815446.477,29,11.02612386131
"Co","RF",1,13667069.01,-3796880.911,12,27.8723636349375
"Co","RF",1,13666889.79,-3804068.947,28,19.6897391422014
"Co","RF",1,13737176.9,-3803286.609,6,7.7792397579401
"Co","RF",1,13732619.48,-3796117.469,10,7.27394729955647
"Co","RF",1,13741503.88,-3801276.976,11,7.16395835002517
"Co","RF",1,13671751.1,-3714215.677,13,10.7816696663695
"Co","RF",1,13670866.1,-3706754.357,10.53774993,8.907868297013
"Co","RF",1,13680111.2,-3705649.081,11,8.73870400278933
"Co","RF",1,13689435.29,-3720325.1,6,12.335374321497
"Co","RF",1,13691157.39,-3729391.592,10,12.3839599045138
"Co","RF",1,13690263.48,-3748778.615,28,27.588609596908
"Co","RF",1,13683803.65,-3757577.821,37,35.369406508917
"Co","RF",1,13671173.34,-3769632.232,56,41.8634881658191
"Co","RF",1,13731635.42,-3710985.671,32,27.4082580047897
"Co","RF",1,13727955.2,-3715221.066,20,17.663689139481
"Co","RF",1,13713980.14,-3734523.869,12,12.5350999685829
"Co","RF",1,13719086.36,-3738530.383,14,13.5913942033092
"Co","RF",1,13713138.56,-3744393.883,12,11.4571477681437
"Co","RF",1,13714659.18,-3752332.162,11,12.0114245729116
"Co","RF",1,13721475.27,-3748036.582,6,10.0287530015061
"Co","RF",1,13704462.4,-3641011.092,7.153000013,14.0480358696194
"Co","RF",1,13710798.68,-3667395.623,14,8.19894441564357
"Co","RF",1,13711448.8,-3660759.372,25,6.8952983323525
"Co","RF",1,13716057.41,-3643450.604,4,6.91097984049002
"Co","RF",1,13716133.1,-3653385.183,5,7.54251925899836
"Co","RF",1,13796983.3,-3649255.591,3,4.36069338958622
"Co","RF",1,13788352.7,-3651145.26,2,3.73178078823916
"Co","RF",1,13783886.56,-3673972.887,5,7.31234477400767
"Co","RF",1,13774496.76,-3678475.729,4,9.26587943432406
"Co","RF",1,13756186.92,-3640458.8,3,4.58310474389764
"Co","RF",1,13657883.99,-3795796.298,15,15.6914334902148
"Co","RF",1,13661156.8,-3805877.503,23,16.2587241002763
"Co","RF",1,13665595.12,-3792257.512,19,25.0862051209365
"Co","RF",1,13666431.14,-3800640.952,28,24.1967697897959
"Co","RF",1,13734626.57,-3805581.116,16,10.0167983898088
"Co","RF",1,13655831.31,-3725098.928,7.64099992,18.8138370203432
"Co","RF",1,13666737.27,-3725280.795,9.106749988,11.8261356271875
"Co","RF",1,13675589.39,-3716491.968,5,12.8102144282144
"Co","RF",1,13667128,-3706444.711,14.25524983,12.2526135702847
"Co","RF",1,13677219.12,-3706608.031,13.70099973,8.22817930309186
"Co","RF",1,13691160.74,-3725993.972,6,9.71065897146366
"Co","RF",1,13689901.7,-3753146.592,27,25.3007829786812
"Co","RF",1,13680088.92,-3763386.267,23,40.4344533614763
"Co","RF",1,13675177.5,-3768572.408,33,32.7763901924266
"Co","RF",1,13742143.97,-3724158.139,10,8.7238067899499
"Co","RF",1,13718322.71,-3758090.845,12,10.0887154659264
"Co","RF",1,13694668.4,-3753626.631,38,28.3263011842846
"Co","RF",1,13685966.58,-3761002.707,8,18.0391877789791
"Co","RF",1,13718358.33,-3753176.771,6,9.83800587193433
"Co","RF",1,13745206.37,-3720132.827,11,9.57095027535978
"Co","RF",1,13802367.81,-3692178.17,1,7.21782512790595
"Co","RF",1,13793841.86,-3692206.878,3,7.47019118792611
"Co","RF",1,13765742.6,-3692178.168,7,24.3960715097548
"Co","RF",1,13783117.34,-3684222.987,9,8.43536264338223
"Co","RF",1,13803090.29,-3648647.006,2,4.37605396043961
"Co","RF",1,13792324.58,-3648709.427,2,4.42367017713924
"Co","RF",1,13784374.14,-3677023.687,2,6.34322996497642
"Co","RF",1,13774407.71,-3672731.16,7,14.6347446530293
"Co","RF",1,13685878.66,-3815223.672,7,14.3132885234753
"Co","RF",1,13689919.56,-3820616.99,7,8.5248135722252
"Co","RF",1,13694355.63,-3806823.402,3,11.0707013999373
"Co","RF",1,13737303.81,-3794615.721,5,6.3350246593212
"Co","RF",1,13674497.36,-3711533.313,11.57875007,10.8855517200888
"Co","RF",1,13643247.72,-3699904.83,5,15.4005310430537
"Co","RF",1,13651071.27,-3701029.167,2.870999985,8.51412100331094
"Co","RF",1,13679553.48,-3702047.807,4,8.15549341019614
"Co","RF",1,13684660.81,-3720281.94,15,19.4235450208814
"Co","RF",1,13684458.19,-3730852.501,3,9.72932257061106
"Co","RF",1,13686504.25,-3750350.699,29,27.7048574015592
"Co","RF",1,13695042.46,-3723989.349,11,17.5638136996508
"Co","RF",1,13731561.95,-3704671.917,32,28.2827763661791
"Co","RF",1,13736383.19,-3705656.918,21,26.5034319797117
"Co","RF",1,13736746.09,-3715111.24,12,12.7433
"Co","RF",1,13713405.72,-3748411.534,9,9.77754209153587
"Co","RF",1,13722607.4,-3743658.663,8,9.39082799006995
"Co","RF",1,13722993.69,-3733307.378,7,13.1342127016903
"Co","RF",1,13740189.21,-3710359.635,17,12.0070866671227
"Co","RF",1,13741935.81,-3702039.971,13,23.0805792656012
"Co","RF",1,13702939.54,-3633065.569,9.123500228,13.8460838208977
"Co","RF",1,13702190.36,-3658805.735,3,9.70462304457324
"Co","RF",1,13700114.24,-3669136.98,7.994000018,11.4195028879667
"Co","RF",1,13710600.54,-3664245.659,12,7.23371699773687
"Co","RF",1,13708445.4,-3659224.833,2,7.28503863846638
"Co","RF",1,13712092.22,-3646703.167,8.739500223,10.8793279077585
"Co","RF",1,13720969.93,-3655414.694,11,6.6869289960102
"Co","RF",1,13798075.34,-3645760.542,5,4.70746310254639
"Co","RF",1,13788754.56,-3645578.539,3,3.30408476056764
"Co","RF",1,13749769.36,-3638503.21,5,5.33409876308609
"Co","RF",1,13745729.56,-3635146.269,5,6.597501868988
"Co","RF",1,13661793.54,-3797462.749,23,21.5832110732838
"Co","RF",1,13653887.63,-3795229.035,24,17.5630840252432
"Co","RF",1,13653327.71,-3805818.236,15,9.47454797181127
"Co","RF",1,13662003.96,-3823699.784,13,10.7033773782235
"Co","RF",1,13684762.13,-3810200.458,4,11.0094143661624
"Co","RF",1,13684408.13,-3820229.223,4,13.5505602302167
"Co","RF",1,13657583.48,-3718811.851,7.16974992,16.4025971628899
"Co","RF",1,13666382.16,-3719073.405,8.91249996,11.8331477387303
"Co","RF",1,13662436.99,-3729584.019,15.0299997,11.1568193576009
"Co","RF",1,13653264.27,-3729636.381,9.61550013,17.1134639905881
"Co","RF",1,13728320.32,-3794903.951,11,8.00243881059278
"Co","RF",1,13738685.28,-3798685.753,2,7.75786405155979
"Co","RF",1,13679726.02,-3767164.706,35,27.7262941950763
"Co","RF",1,13723230.78,-3752539.372,4,9.76548618223978
"Co","RF",1,13713154.15,-3758934.548,9,13.4660842403582
"Co","RF",1,13695905.17,-3758168.249,25,30.1820806170576
"Co","RF",1,13690590.77,-3757693.277,50,25.6013720202293
"Co","RF",1,13694328.87,-3748660.621,21,20.125365819113
"Co","RF",1,13693015.32,-3729258.075,11,18.9062635596822
"Co","RF",1,13694279.92,-3720659.948,8,9.5909208658684
"Co","RF",1,13727517.71,-3705268.919,15,33.9750976006437
"Co","RF",1,13736117.14,-3710617.104,17,23.2402777549143
"Co","RF",1,13728397.13,-3710783.089,23,24.2277540824967
"Co","RF",1,13801743.31,-3695369.261,3,7.48921084219166
"Co","RF",1,13787178.27,-3690813.235,7,6.8413313089753
"Co","RF",1,13767984.57,-3690061.674,7,16.3096022334323
"Co","RF",1,13759608.89,-3689975.563,13,9.5308405163964
"Co","RF",1,13773992.48,-3681036.11,3,9.33255485415427
"Co","RF",1,13708980.85,-3633814.953,7.83799979,9.61183173280526
"Co","RF",1,13697657.43,-3636749.268,7.361749978,14.1415825167677
"Co","RF",1,13700911.3,-3664754.756,6,9.2338391085113
"Co","RF",1,13703833.43,-3663856.364,12,9.33753543775301
"Co","RF",1,13723196.32,-3649236.133,8,6.81907955094663
"Co","RF",1,13722400.39,-3646383.333,10,8.09726761528373
"Co","RF",1,13714533.39,-3739350.445,110.0538464,15.6484321297983
"Co","RF",1,13657287.34,-3806339.896,39.5,13.1102479653007
"Co","RF",1,13731551.93,-3711490.181,54.29999924,27.145411340113
"Co","RF",1,13731622.06,-3711586.903,47.90000153,27.145411340113
"Co","RF",1,13731762.32,-3711393.46,60.09999847,27.222411340113
"Co","RF",1,13732006.11,-3711826.097,45.29999924,27.3864980041817
"Co","RF",1,13733905.22,-3713057.431,96.40000153,24.6867161592272
"Co","RFK",1,13658431.68,-3792145.674,31,24.3792055760777
"Co","RFK",1,13661856.99,-3800596.19,19,22.9617906913093
"Co","RFK",1,13656121.84,-3828640.278,6,6.40634341680521
"Co","RFK",1,13694134.11,-3810595.807,12,10.8642818977319
"Co","RFK",1,13662396.93,-3720721.432,8.72500013,11.026108976431
"Co","RFK",1,13666699.41,-3729983.257,9.686249948,11.6429081393165
"Co","RFK",1,13657280.68,-3729526.428,22.3399998,17.7322070931546
"Co","RFK",1,13679606.92,-3710783.088,14.08224993,7.53891488805237
"Co","RFK",1,13671363.71,-3711307.194,8.007499945,8.76615116060137
"Co","RFK",1,13639006.45,-3700626.967,3,18.9952396927863
"Co","RFK",1,13646479.33,-3701132.344,7.911999905,10.0155854262883
"Co","RFK",1,13685197.36,-3724588.613,10,19.159096480169
"Co","RFK",1,13684875.64,-3753549.249,17,28.948108177386
"Co","RFK",1,13670587.79,-3764271.037,44,42.9485506521036
"Co","RFK",1,13670185.93,-3772745.264,38,39.3492703175447
"Co","RFK",1,13681086.35,-3772047.714,32,48.4585453597367
"Co","RFK",1,13745332.16,-3728294.726,7,7.9836777502344
"Co","RFK",1,13724321.72,-3759935.778,2,7.60665825965528
"Co","RFK",1,13693040.92,-3760979.083,16,30.4945664897072
"Co","RFK",1,13717979.84,-3748390.557,15,10.592502389465
"Co","RFK",1,13722439.31,-3737980.212,10,10.4611473419098
"Co","RFK",1,13740120.19,-3714692.867,9,11.2992277104462
"Co","RFK",1,13741047.48,-3706293.159,26,11.8771951388501
"Co","RFK",1,13793291.94,-3652741.229,6,4.0950331980642
"Co","RFK",1,13797378.48,-3695826.13,3,7.22147477936546
"Co","RFK",1,13769587.57,-3695741.279,6,20.4583674462166
"Co","RFK",1,13760564.01,-3695371.871,7,16.8352847536907
"Co","RFK",1,13765859.48,-3687800.745,6,13.610143504424
"Co","RFK",1,13775113.47,-3685919.784,3,14.825890090741
"Co","RFK",1,13802779.71,-3645986.752,2,3.71168048907989
"Co","RFK",1,13756102.31,-3634993.011,9,5.34508566484579
"Co","RFK",1,13746398.61,-3640235.296,4,6.9903912868847
"Co","RFK",1,13726542.58,-3643978.339,7,5.05921909327506
"Co","RFK",1,13661973.87,-3792533.851,43,29.3595928529084
"Co","RFK",1,13689331.79,-3810688.056,4,10.8984294193926
"Co","RFK",1,13695704.83,-3813751.154,2,11.3852193907528
"Co","RFK",1,13653270.96,-3725549.063,6.336750018,20.4525441121289
"Co","RFK",1,13663087.1,-3725327.912,6.520000078,10.9572846138764
"Co","RFK",1,13742069.39,-3795942.412,5,6.03639530166262
"Co","RFK",1,13676924.11,-3772736.065,54,43.0853649633697
"Co","RFK",1,13746184.87,-3724885.634,7,8.61956815580394
"Co","RFK",1,13726681.69,-3757001.86,6,6.94645304944375
"Co","RFK",1,13667243.75,-3772102.89,50,38.0682883105476
"Co","RFK",1,13731890.34,-3715064.173,31,19.3687986277033
"Co","RFK",1,13714238.4,-3738716.397,39,18.37438915454
"Co","RFK",1,13717798.39,-3744125.215,7,10.2651446601198
"Co","RFK",1,13797038.96,-3653595.878,4,4.35244228204278
"Co","RFK",1,13797958.45,-3690609.684,2,4.60989953521478
"Co","RFK",1,13793348.71,-3695313.13,6,7.85126103570895
"Co","RFK",1,13765419.77,-3694898.047,12,19.714929589372
"Co","RFK",1,13761964.41,-3686639.786,10,30.4743087336504
"Co","RFK",1,13770183.13,-3686690.654,4,12.9646291216692
"Co","RFK",1,13780440.11,-3672108.379,5,7.74571626939881
"Co","RFK",1,13708589.01,-3639987.083,6.010500085,9.51885623172071
"Co","RFK",1,13699361.73,-3641105.93,7.174249888,11.2878546320853
"Co","RFK",1,13703944.75,-3669276.351,10.85050011,11.9361935638887
"Co","RFK",1,13716346.84,-3648758.887,11,6.9471275391266
"Co","RFK",1,13725599.7,-3655412.092,3,4.55999442285433
"Co","RFK",1,13749610.16,-3635426.865,3,6.32877949963447
"Co","RFK",1,13686225.98,-3806571.775,3,12.9127368674747
"Co","RFK",1,13690492.85,-3815446.477,29,10.6995225092726
"Co","RFK",1,13667069.01,-3796880.911,12,27.6469305378045
"Co","RFK",1,13666889.79,-3804068.947,28,19.3858869364352
"Co","RFK",1,13737176.9,-3803286.609,6,7.52075380273159
"Co","RFK",1,13732619.48,-3796117.469,10,7.11324613895483
"Co","RFK",1,13741503.88,-3801276.976,11,6.89821874776439
"Co","RFK",1,13671751.1,-3714215.677,13,10.6980759995058
"Co","RFK",1,13670866.1,-3706754.357,10.53774993,8.77251103328723
"Co","RFK",1,13680111.2,-3705649.081,11,8.65545913066548
"Co","RFK",1,13689435.29,-3720325.1,6,12.3777679817226
"Co","RFK",1,13691157.39,-3729391.592,10,12.4668536048028
"Co","RFK",1,13690263.48,-3748778.615,28,27.7006015012331
"Co","RFK",1,13683803.65,-3757577.821,37,35.4528690028186
"Co","RFK",1,13671173.34,-3769632.232,56,41.8518575711621
"Co","RFK",1,13731635.42,-3710985.671,32,27.4674546569529
"Co","RFK",1,13727955.2,-3715221.066,20,17.7397578955573
"Co","RFK",1,13713980.14,-3734523.869,12,12.6654063257856
"Co","RFK",1,13719086.36,-3738530.383,14,13.7212092983193
"Co","RFK",1,13713138.56,-3744393.883,12,11.5953108993748
"Co","RFK",1,13714659.18,-3752332.162,11,12.1433894036728
"Co","RFK",1,13721475.27,-3748036.582,6,10.1531330995389
"Co","RFK",1,13704462.4,-3641011.092,7.153000013,13.6376683141255
"Co","RFK",1,13710798.68,-3667395.623,14,8.01057633803152
"Co","RFK",1,13711448.8,-3660759.372,25,6.66609547267378
"Co","RFK",1,13716057.41,-3643450.604,4,6.59492699887697
"Co","RFK",1,13716133.1,-3653385.183,5,7.28975369111724
"Co","RFK",1,13796983.3,-3649255.591,3,4.16069744571503
"Co","RFK",1,13788352.7,-3651145.26,2,3.56004207529361
"Co","RFK",1,13783886.56,-3673972.887,5,7.14377492150726
"Co","RFK",1,13774496.76,-3678475.729,4,9.1391091095857
"Co","RFK",1,13756186.92,-3640458.8,3,4.4183291677837
"Co","RFK",1,13657883.99,-3795796.298,15,15.404474619716
"Co","RFK",1,13661156.8,-3805877.503,23,15.8892838853813
"Co","RFK",1,13665595.12,-3792257.512,19,24.893735854643
"Co","RFK",1,13666431.14,-3800640.952,28,23.927850164299
"Co","RFK",1,13734626.57,-3805581.116,16,9.74850520570341
"Co","RFK",1,13655831.31,-3725098.928,7.64099992,18.666279828191
"Co","RFK",1,13666737.27,-3725280.795,9.106749988,11.7640065874674
"Co","RFK",1,13675589.39,-3716491.968,5,12.7635678618808
"Co","RFK",1,13667128,-3706444.711,14.25524983,12.0884380581645
"Co","RFK",1,13677219.12,-3706608.031,13.70099973,8.13360003195409
"Co","RFK",1,13691160.74,-3725993.972,6,9.78219311380377
"Co","RFK",1,13689901.7,-3753146.592,27,25.4103060566612
"Co","RFK",1,13680088.92,-3763386.267,23,40.4904130612101
"Co","RFK",1,13675177.5,-3768572.408,33,32.7918069094508
"Co","RFK",1,13742143.97,-3724158.139,10,8.77691014951552
"Co","RFK",1,13718322.71,-3758090.845,12,10.2042204685911
"Co","RFK",1,13694668.4,-3753626.631,38,28.4478177033966
"Co","RFK",1,13685966.58,-3761002.707,8,18.1247121248595
"Co","RFK",1,13718358.33,-3753176.771,6,9.96287232314911
"Co","RFK",1,13745206.37,-3720132.827,11,9.60774239626059
"Co","RFK",1,13802367.81,-3692178.17,1,6.89044049237468
"Co","RFK",1,13793841.86,-3692206.878,3,7.2136330397867
"Co","RFK",1,13765742.6,-3692178.168,7,24.3143338448964
"Co","RFK",1,13783117.34,-3684222.987,9,8.26379341787318
"Co","RFK",1,13803090.29,-3648647.006,2,4.15104058239326
"Co","RFK",1,13792324.58,-3648709.427,2,4.24129556644166
"Co","RFK",1,13784374.14,-3677023.687,2,6.17013118028195
"Co","RFK",1,13774407.71,-3672731.16,7,14.5064667614096
"Co","RFK",1,13685878.66,-3815223.672,7,13.9740685876503
"Co","RFK",1,13689919.56,-3820616.99,7,8.12334407426954
"Co","RFK",1,13694355.63,-3806823.402,3,10.8630702211661
"Co","RFK",1,13737303.81,-3794615.721,5,6.16116866528494
"Co","RFK",1,13674497.36,-3711533.313,11.57875007,10.8042120692307
"Co","RFK",1,13643247.72,-3699904.83,5,14.9822245248279
"Co","RFK",1,13651071.27,-3701029.167,2.870999985,8.17840683633167
"Co","RFK",1,13679553.48,-3702047.807,4,8.04535995262001
"Co","RFK",1,13684660.81,-3720281.94,15,19.4447688627909
"Co","RFK",1,13684458.19,-3730852.501,3,9.79037699709208
"Co","RFK",1,13686504.25,-3750350.699,29,27.8042494633107
"Co","RFK",1,13695042.46,-3723989.349,11,17.6409901493688
"Co","RFK",1,13731561.95,-3704671.917,32,28.3230901127047
"Co","RFK",1,13736383.19,-3705656.918,21,26.5399074164787
"Co","RFK",1,13736746.09,-3715111.24,12,12.8017295529084
"Co","RFK",1,13713405.72,-3748411.534,9,9.9144440981008
"Co","RFK",1,13722607.4,-3743658.663,8,9.51509414670719
"Co","RFK",1,13722993.69,-3733307.378,7,13.253310373226
"Co","RFK",1,13740189.21,-3710359.635,17,12.0464515514778
"Co","RFK",1,13741935.81,-3702039.971,13,23.0962328996454
"Co","RFK",1,13702939.54,-3633065.569,9.123500228,13.3667875957588
"Co","RFK",1,13702190.36,-3658805.735,3,9.40914948663026
"Co","RFK",1,13700114.24,-3669136.98,7.994000018,11.1880479152359
"Co","RFK",1,13710600.54,-3664245.659,12,7.02347824994072
"Co","RFK",1,13708445.4,-3659224.833,2,7.0293656173838
"Co","RFK",1,13712092.22,-3646703.167,8.739500223,10.5600191953251
"Co","RFK",1,13720969.93,-3655414.694,11,6.47037592339257
"Co","RFK",1,13798075.34,-3645760.542,5,4.5086051686731
"Co","RFK",1,13788754.56,-3645578.539,3,3.13485458154868
"Co","RFK",1,13749769.36,-3638503.21,5,5.14782547465464
"Co","RFK",1,13745729.56,-3635146.269,5,6.38618694320941
"Co","RFK",1,13661793.54,-3797462.749,23,21.3121749467467
"Co","RFK",1,13653887.63,-3795229.035,24,17.2458316831115
"Co","RFK",1,13653327.71,-3805818.236,15,9.03613141732346
"Co","RFK",1,13662003.96,-3823699.784,13,10.0924730018335
"Co","RFK",1,13684762.13,-3810200.458,4,10.7317557020282
"Co","RFK",1,13684408.13,-3820229.223,4,13.1344811876252
"Co","RFK",1,13657583.48,-3718811.851,7.16974992,16.2388244628775
"Co","RFK",1,13666382.16,-3719073.405,8.91249996,11.7389065874922
"Co","RFK",1,13662436.99,-3729584.019,15.0299997,11.0805813162705
"Co","RFK",1,13653264.27,-3729636.381,9.61550013,16.9625026234031
"Co","RFK",1,13728320.32,-3794903.951,11,7.87423902113303
"Co","RFK",1,13738685.28,-3798685.753,2,7.53687316824815
"Co","RFK",1,13679726.02,-3767164.706,35,27.769458017593
"Co","RFK",1,13723230.78,-3752539.372,4,9.8799157125526
"Co","RFK",1,13713154.15,-3758934.548,9,13.5882347722706
"Co","RFK",1,13695905.17,-3758168.249,25,30.3001302243209
"Co","RFK",1,13690590.77,-3757693.277,50,25.7077618065113
"Co","RFK",1,13694328.87,-3748660.621,21,20.2483189600234
"Co","RFK",1,13693015.32,-3729258.075,11,18.9949062573719
"Co","RFK",1,13694279.92,-3720659.948,8,9.65264396813075
"Co","RFK",1,13727517.71,-3705268.919,15,34.0205346969489
"Co","RFK",1,13736117.14,-3710617.104,17,23.2901925714609
"Co","RFK",1,13728397.13,-3710783.089,23,24.2905931191157
"Co","RFK",1,13801743.31,-3695369.261,3,7.15808767760548
"Co","RFK",1,13787178.27,-3690813.235,7,6.63663398612985
"Co","RFK",1,13767984.57,-3690061.674,7,16.2163290005895
"Co","RFK",1,13759608.89,-3689975.563,13,9.47119905439657
"Co","RFK",1,13773992.48,-3681036.11,3,9.20858032932641
"Co","RFK",1,13708980.85,-3633814.953,7.83799979,9.18452526968578
"Co","RFK",1,13697657.43,-3636749.268,7.361749978,13.6469984389846
"Co","RFK",1,13700911.3,-3664754.756,6,8.97462456155692
"Co","RFK",1,13703833.43,-3663856.364,12,9.08865907490458
"Co","RFK",1,13723196.32,-3649236.133,8,6.57711312503847
"Co","RFK",1,13722400.39,-3646383.333,10,7.83484596151713
"Co","RFK",1,13714533.39,-3739350.445,110.0538464,15.7836268442082
"Co","RFK",1,13657287.34,-3806339.896,39.5,12.7020354528306
"Co","RFK",1,13731551.93,-3711490.181,54.29999924,27.2061234726467
"Co","RFK",1,13731622.06,-3711586.903,47.90000153,27.2062755766199
"Co","RFK",1,13731762.32,-3711393.46,60.09999847,27.28252602231
"Co","RFK",1,13732006.11,-3711826.097,45.29999924,27.447379370829
"Co","RFK",1,13733905.22,-3713057.431,96.40000153,24.7472041592573
"Co","SRK",1,13658431.68,-3792145.674,31,23.4594565502179
"Co","SRK",1,13661856.99,-3800596.19,19,19.2651031857822
"Co","SRK",1,13656121.84,-3828640.278,6,7.6288419600042
"Co","SRK",1,13694134.11,-3810595.807,12,11.5647334421929
"Co","SRK",1,13662396.93,-3720721.432,8.72500013,8.98737268144506
"Co","SRK",1,13666699.41,-3729983.257,9.686249948,11.1083225858395
"Co","SRK",1,13657280.68,-3729526.428,22.3399998,19.0863638001379
"Co","SRK",1,13679606.92,-3710783.088,14.08224993,9.34208249196212
"Co","SRK",1,13671363.71,-3711307.194,8.007499945,10.6422089933574
"Co","SRK",1,13639006.45,-3700626.967,3,18.8817138589969
"Co","SRK",1,13646479.33,-3701132.344,7.911999905,12.1536596061169
"Co","SRK",1,13685197.36,-3724588.613,10,13.8467027968176
"Co","SRK",1,13684875.64,-3753549.249,17,32.8681493668279
"Co","SRK",1,13670587.79,-3764271.037,44,38.6467438549672
"Co","SRK",1,13670185.93,-3772745.264,38,41.1771920067159
"Co","SRK",1,13681086.35,-3772047.714,32,45.4247835601044
"Co","SRK",1,13745332.16,-3728294.726,7,6.95788104883474
"Co","SRK",1,13724321.72,-3759935.778,2,9.23956105578212
"Co","SRK",1,13693040.92,-3760979.083,16,37.7087961611604
"Co","SRK",1,13717979.84,-3748390.557,15,9.94959116057043
"Co","SRK",1,13722439.31,-3737980.212,10,13.1068561569342
"Co","SRK",1,13740120.19,-3714692.867,9,12.1540190489376
"Co","SRK",1,13741047.48,-3706293.159,26,15.8080952443973
"Co","SRK",1,13793291.94,-3652741.229,6,3.61338234245871
"Co","SRK",1,13797378.48,-3695826.13,3,7.32629814517031
"Co","SRK",1,13769587.57,-3695741.279,6,17.934537898231
"Co","SRK",1,13760564.01,-3695371.871,7,21.8867192995384
"Co","SRK",1,13765859.48,-3687800.745,6,14.9746907747579
"Co","SRK",1,13775113.47,-3685919.784,3,14.0428488958252
"Co","SRK",1,13802779.71,-3645986.752,2,3.1689081892415
"Co","SRK",1,13756102.31,-3634993.011,9,4.73921199399877
"Co","SRK",1,13746398.61,-3640235.296,4,6.99696572482103
"Co","SRK",1,13726542.58,-3643978.339,7,5.2683769471825
"Co","SRK",1,13661973.87,-3792533.851,43,28.9215362279162
"Co","SRK",1,13689331.79,-3810688.056,4,18.5527501183315
"Co","SRK",1,13695704.83,-3813751.154,2,12.6580940250666
"Co","SRK",1,13653270.96,-3725549.063,6.336750018,21.6535416703031
"Co","SRK",1,13663087.1,-3725327.912,6.520000078,8.44645742600624
"Co","SRK",1,13742069.39,-3795942.412,5,6.29300260632527
"Co","SRK",1,13676924.11,-3772736.065,54,38.4029194372484
"Co","SRK",1,13746184.87,-3724885.634,7,7.53162288232734
"Co","SRK",1,13726681.69,-3757001.86,6,7.32902392245484
"Co","SRK",1,13667243.75,-3772102.89,50,35.5053131332564
"Co","SRK",1,13731890.34,-3715064.173,31,22.4674512686482
"Co","SRK",1,13714238.4,-3738716.397,39,18.169768036504
"Co","SRK",1,13717798.39,-3744125.215,7,10.9098832763034
"Co","SRK",1,13797038.96,-3653595.878,4,2.97332525237986
"Co","SRK",1,13797958.45,-3690609.684,2,5.40920154952044
"Co","SRK",1,13793348.71,-3695313.13,6,7.82099830828015
"Co","SRK",1,13765419.77,-3694898.047,12,22.5872462027078
"Co","SRK",1,13761964.41,-3686639.786,10,34.0163914306445
"Co","SRK",1,13770183.13,-3686690.654,4,13.8073575508524
"Co","SRK",1,13780440.11,-3672108.379,5,5.98507817548517
"Co","SRK",1,13708589.01,-3639987.083,6.010500085,10.3121088254352
"Co","SRK",1,13699361.73,-3641105.93,7.174249888,10.511998626954
"Co","SRK",1,13703944.75,-3669276.351,10.85050011,10.8750719352944
"Co","SRK",1,13716346.84,-3648758.887,11,6.91529554951671
"Co","SRK",1,13725599.7,-3655412.092,3,5.21069696107826
"Co","SRK",1,13749610.16,-3635426.865,3,6.24925174926043
"Co","SRK",1,13686225.98,-3806571.775,3,19.7494992392048
"Co","SRK",1,13690492.85,-3815446.477,29,11.2912529720548
"Co","SRK",1,13667069.01,-3796880.911,12,24.894193467753
"Co","SRK",1,13666889.79,-3804068.947,28,21.5179816617141
"Co","SRK",1,13737176.9,-3803286.609,6,8.28069326228724
"Co","SRK",1,13732619.48,-3796117.469,10,7.77667017417209
"Co","SRK",1,13741503.88,-3801276.976,11,7.34992316704763
"Co","SRK",1,13671751.1,-3714215.677,13,11.8487336192482
"Co","SRK",1,13670866.1,-3706754.357,10.53774993,8.82724339612097
"Co","SRK",1,13680111.2,-3705649.081,11,10.0343231056778
"Co","SRK",1,13689435.29,-3720325.1,6,12.162616894092
"Co","SRK",1,13691157.39,-3729391.592,10,15.3942349256792
"Co","SRK",1,13690263.48,-3748778.615,28,31.5259703127956
"Co","SRK",1,13683803.65,-3757577.821,37,36.8149719640647
"Co","SRK",1,13671173.34,-3769632.232,56,42.7123806603243
"Co","SRK",1,13731635.42,-3710985.671,32,27.1031253075773
"Co","SRK",1,13727955.2,-3715221.066,20,18.5401046454856
"Co","SRK",1,13713980.14,-3734523.869,12,14.2551670263757
"Co","SRK",1,13719086.36,-3738530.383,14,14.0670692132095
"Co","SRK",1,13713138.56,-3744393.883,12,14.794104010894
"Co","SRK",1,13714659.18,-3752332.162,11,10.3830442157515
"Co","SRK",1,13721475.27,-3748036.582,6,9.51692311369412
"Co","SRK",1,13704462.4,-3641011.092,7.153000013,15.1888986656276
"Co","SRK",1,13710798.68,-3667395.623,14,7.62337596176058
"Co","SRK",1,13711448.8,-3660759.372,25,6.07947889541824
"Co","SRK",1,13716057.41,-3643450.604,4,6.96870532456472
"Co","SRK",1,13716133.1,-3653385.183,5,6.58316966415596
"Co","SRK",1,13796983.3,-3649255.591,3,3.14577893139631
"Co","SRK",1,13788352.7,-3651145.26,2,4.23908843217467
"Co","SRK",1,13783886.56,-3673972.887,5,6.23276895455151
"Co","SRK",1,13774496.76,-3678475.729,4,10.0101206640993
"Co","SRK",1,13756186.92,-3640458.8,3,4.18956182204289
"Co","SRK",1,13657883.99,-3795796.298,15,12.8359596423529
"Co","SRK",1,13661156.8,-3805877.503,23,17.5605922066376
"Co","SRK",1,13665595.12,-3792257.512,19,22.7524717676871
"Co","SRK",1,13666431.14,-3800640.952,28,23.2881540072333
"Co","SRK",1,13734626.57,-3805581.116,16,7.72117622989992
"Co","SRK",1,13655831.31,-3725098.928,7.64099992,19.7733147192836
"Co","SRK",1,13666737.27,-3725280.795,9.106749988,11.0869650200762
"Co","SRK",1,13675589.39,-3716491.968,5,11.9140771421054
"Co","SRK",1,13667128,-3706444.711,14.25524983,13.9293117806208
"Co","SRK",1,13677219.12,-3706608.031,13.70099973,9.95115618852084
"Co","SRK",1,13691160.74,-3725993.972,6,12.230261270912
"Co","SRK",1,13689901.7,-3753146.592,27,31.997733366285
"Co","SRK",1,13680088.92,-3763386.267,23,37.6451902689617
"Co","SRK",1,13675177.5,-3768572.408,33,30.7145580046277
"Co","SRK",1,13742143.97,-3724158.139,10,8.42888468919745
"Co","SRK",1,13718322.71,-3758090.845,12,9.7944421063038
"Co","SRK",1,13694668.4,-3753626.631,38,32.2792491055211
"Co","SRK",1,13685966.58,-3761002.707,8,19.1820966952186
"Co","SRK",1,13718358.33,-3753176.771,6,9.22480054711406
"Co","SRK",1,13745206.37,-3720132.827,11,9.74028760920862
"Co","SRK",1,13802367.81,-3692178.17,1,5.38080132491516
"Co","SRK",1,13793841.86,-3692206.878,3,7.39552590683916
"Co","SRK",1,13765742.6,-3692178.168,7,22.0509378016912
"Co","SRK",1,13783117.34,-3684222.987,9,8.58051595861236
"Co","SRK",1,13803090.29,-3648647.006,2,2.83370928095839
"Co","SRK",1,13792324.58,-3648709.427,2,4.29248190340541
"Co","SRK",1,13784374.14,-3677023.687,2,5.88288763809222
"Co","SRK",1,13774407.71,-3672731.16,7,13.7423652490321
"Co","SRK",1,13685878.66,-3815223.672,7,17.7206633677303
"Co","SRK",1,13689919.56,-3820616.99,7,10.7152738437687
"Co","SRK",1,13694355.63,-3806823.402,3,11.6488412312304
"Co","SRK",1,13737303.81,-3794615.721,5,6.872337944955
"Co","SRK",1,13674497.36,-3711533.313,11.57875007,9.22297207459656
"Co","SRK",1,13643247.72,-3699904.83,5,18.5274578617858
"Co","SRK",1,13651071.27,-3701029.167,2.870999985,11.079711276852
"Co","SRK",1,13679553.48,-3702047.807,4,10.6019289307173
"Co","SRK",1,13684660.81,-3720281.94,15,14.6360604847417
"Co","SRK",1,13684458.19,-3730852.501,3,10.1015343785301
"Co","SRK",1,13686504.25,-3750350.699,29,30.6848444111826
"Co","SRK",1,13695042.46,-3723989.349,11,13.9005146419233
"Co","SRK",1,13731561.95,-3704671.917,32,31.7613227923958
"Co","SRK",1,13736383.19,-3705656.918,21,25.5235780117976
"Co","SRK",1,13736746.09,-3715111.24,12,15.530632601307
"Co","SRK",1,13713405.72,-3748411.534,9,9.53439422786026
"Co","SRK",1,13722607.4,-3743658.663,8,9.7747758816252
"Co","SRK",1,13722993.69,-3733307.378,7,15.3279439456333
"Co","SRK",1,13740189.21,-3710359.635,17,14.9228513889978
"Co","SRK",1,13741935.81,-3702039.971,13,22.7750898141235
"Co","SRK",1,13702939.54,-3633065.569,9.123500228,16.1901410834002
"Co","SRK",1,13702190.36,-3658805.735,3,9.13778671076518
"Co","SRK",1,13700114.24,-3669136.98,7.994000018,9.83362202060222
"Co","SRK",1,13710600.54,-3664245.659,12,6.77519359596376
"Co","SRK",1,13708445.4,-3659224.833,2,6.56677298001984
"Co","SRK",1,13712092.22,-3646703.167,8.739500223,11.2161628029613
"Co","SRK",1,13720969.93,-3655414.694,11,6.74871290892986
"Co","SRK",1,13798075.34,-3645760.542,5,3.01654881424566
"Co","SRK",1,13788754.56,-3645578.539,3,3.59442113450412
"Co","SRK",1,13749769.36,-3638503.21,5,5.54236534225685
"Co","SRK",1,13745729.56,-3635146.269,5,6.15030358098052
"Co","SRK",1,13661793.54,-3797462.749,23,20.4658212349966
"Co","SRK",1,13653887.63,-3795229.035,24,17.3856985244618
"Co","SRK",1,13653327.71,-3805818.236,15,11.9078681865947
"Co","SRK",1,13662003.96,-3823699.784,13,7.63282164222364
"Co","SRK",1,13684762.13,-3810200.458,4,17.2356461861314
"Co","SRK",1,13684408.13,-3820229.223,4,14.0499108079338
"Co","SRK",1,13657583.48,-3718811.851,7.16974992,17.4928641377705
"Co","SRK",1,13666382.16,-3719073.405,8.91249996,11.4273985505264
"Co","SRK",1,13662436.99,-3729584.019,15.0299997,10.0961169799718
"Co","SRK",1,13653264.27,-3729636.381,9.61550013,12.5536434990301
"Co","SRK",1,13728320.32,-3794903.951,11,7.39529440880857
"Co","SRK",1,13738685.28,-3798685.753,2,6.7006298899063
"Co","SRK",1,13679726.02,-3767164.706,35,24.7294733839629
"Co","SRK",1,13723230.78,-3752539.372,4,8.80447926310159
"Co","SRK",1,13713154.15,-3758934.548,9,12.3120634825855
"Co","SRK",1,13695905.17,-3758168.249,25,33.5759304571444
"Co","SRK",1,13690590.77,-3757693.277,50,32.9001640348288
"Co","SRK",1,13694328.87,-3748660.621,21,20.2414056264994
"Co","SRK",1,13693015.32,-3729258.075,11,15.9253201536015
"Co","SRK",1,13694279.92,-3720659.948,8,9.09940457934032
"Co","SRK",1,13727517.71,-3705268.919,15,29.7894165596353
"Co","SRK",1,13736117.14,-3710617.104,17,22.7240593608506
"Co","SRK",1,13728397.13,-3710783.089,23,21.7178329486766
"Co","SRK",1,13801743.31,-3695369.261,3,6.7388411323115
"Co","SRK",1,13787178.27,-3690813.235,7,6.36106901495679
"Co","SRK",1,13767984.57,-3690061.674,7,17.3085760104323
"Co","SRK",1,13759608.89,-3689975.563,13,11.7225248243813
"Co","SRK",1,13773992.48,-3681036.11,3,10.0009457169941
"Co","SRK",1,13708980.85,-3633814.953,7.83799979,9.25639372979803
"Co","SRK",1,13697657.43,-3636749.268,7.361749978,16.7635073580096
"Co","SRK",1,13700911.3,-3664754.756,6,8.8838143399092
"Co","SRK",1,13703833.43,-3663856.364,12,8.38886949899085
"Co","SRK",1,13723196.32,-3649236.133,8,6.90725265550979
"Co","SRK",1,13722400.39,-3646383.333,10,6.91208338460975
"Co","SRK",1,13714533.39,-3739350.445,110.0538464,16.8346309819036
"Co","SRK",1,13657287.34,-3806339.896,39.5,12.5481880533699
"Co","SRK",1,13731551.93,-3711490.181,54.29999924,27.0557557380371
"Co","SRK",1,13731622.06,-3711586.903,47.90000153,27.2969926464765
"Co","SRK",1,13731762.32,-3711393.46,60.09999847,27.0734260295909
"Co","SRK",1,13732006.11,-3711826.097,45.29999924,27.2129939255297
"Co","SRK",1,13733905.22,-3713057.431,96.40000153,24.2700572020948
"Co","OK",2,13732061.78,-3825482.298,9,6.75568944108416
"Co","OK",2,13659747.48,-3766418.905,12,21.8650723289747
"Co","OK",2,13672382.28,-3719922.245,13,12.3771594951556
"Co","OK",2,13679754.96,-3730224.132,10,16.2754536637495
"Co","OK",2,13681632.92,-3720618.097,12,14.0212128576348
"Co","OK",2,13651871.66,-3709448.757,9.692249975,6.97985261965278
"Co","OK",2,13644316.4,-3710607.979,10.61624991,6.30907650398409
"Co","OK",2,13656533.72,-3701175.423,7.810000003,6.34123979421157
"Co","OK",2,13666142.82,-3700365.75,5.63575015,7.47185116407335
"Co","OK",2,13675175.28,-3701059.178,8,8.96176080926607
"Co","OK",2,13685455.62,-3733254.997,15,17.7069301815507
"Co","OK",2,13686180.3,-3743708.455,31,20.3868080112578
"Co","OK",2,13742250.85,-3767944.704,9,8.78589771792386
"Co","OK",2,13737087.85,-3725004.714,8,14.7403707728952
"Co","OK",2,13666078.25,-3776301.941,20,23.8559769037456
"Co","OK",2,13722791.09,-3729161.226,10,16.4192535405523
"Co","OK",2,13723510.21,-3720611.563,32,16.3233985847052
"Co","OK",2,13731655.45,-3719142.736,19,15.68816383119
"Co","OK",2,13763231.23,-3652353.639,32,6.17825352168258
"Co","OK",2,13766871.37,-3643029.462,4,5.03733977838724
"Co","OK",2,13759823.72,-3634669.579,5,4.86370521958726
"Co","OK",2,13769393.87,-3634512.4,7,4.40915373762767
"Co","OK",2,13789420.25,-3635929.522,9,3.76791667044776
"Co","OK",2,13798590.7,-3634238.303,3,3.65210554841052
"Co","OK",2,13770071.81,-3643858.738,6,4.89871311372358
"Co","OK",2,13732206.49,-3664968.294,2,10.0837734027256
"Co","OK",2,13639667.71,-3827740.176,7,8.91954421250814
"Co","OK",2,13729308.85,-3823761.795,15,7.25979626043973
"Co","OK",2,13654522.13,-3772294.664,5,21.0278761148223
"Co","OK",2,13670382.99,-3724778.336,8.731999988,13.3288575534974
"Co","OK",2,13701704.95,-3782104.993,14,20.9597761620046
"Co","OK",2,13714722.65,-3795889.769,5,14.7102262431426
"Co","OK",2,13721270.46,-3799442.785,19,12.0873683342725
"Co","OK",2,13732735.25,-3790268.167,4,9.61586623093273
"Co","OK",2,13732648.43,-3781706.628,5,10.3776351058891
"Co","OK",2,13742033.78,-3785885.363,7,7.41445220566136
"Co","OK",2,13708180.4,-3776668.581,8,19.4061456276988
"Co","OK",2,13700052.96,-3778012.994,33,21.8119186525757
"Co","OK",2,13746050.19,-3766474.053,7,7.98706292277783
"Co","OK",2,13735907.86,-3728148.14,20,14.6788935246431
"Co","OK",2,13713299.98,-3720118.446,14,16.596900218141
"Co","OK",2,13718200.27,-3724516.654,34,16.7313389598405
"Co","OK",2,13718529.77,-3728818.286,24,16.8454384959041
"Co","OK",2,13694626.2,-3664848.505,5.404500025,7.96175989292095
"Co","OK",2,13696234.75,-3671828.297,8.99700029,8.80233122304075
"Co","OK",2,13693144.5,-3680171.743,6.234999978,9.26383624265278
"Co","OK",2,13714762.74,-3669237.274,8,10.3235760533105
"Co","OK",2,13708174.9,-3654255.49,8.683999785,7.96940410193862
"Co","OK",2,13708649.12,-3646183.116,6.34600009,7.18865128562635
"Co","OK",2,13718819.23,-3659865.177,3,9.13624806418175
"Co","OK",2,13738246.7,-3824929.442,5,6.09675224013971
"Co","OK",2,13732711.89,-3828499.057,7,6.46581680036951
"Co","OK",2,13725282.41,-3806505.893,3,10.0002878329403
"Co","OK",2,13703683.09,-3788369.913,8,19.5185262188472
"Co","OK",2,13715645.49,-3802200.102,8,13.3443126235458
"Co","OK",2,13723170.69,-3794261.704,7,12.1826013202192
"Co","OK",2,13732421.34,-3787751.676,9,9.92729724502831
"Co","OK",2,13741233.39,-3781962.985,4,7.8781850190302
"Co","OK",2,13741295.72,-3790762.846,9,7.29762587379453
"Co","OK",2,13741921.35,-3777424.206,5,8.0371551609873
"Co","OK",2,13732507.05,-3777761.962,6,10.7631620274402
"Co","OK",2,13705161.41,-3776680.409,7,20.3899689185976
"Co","OK",2,13676542.27,-3729608.886,7.622549905,15.6618086298678
"Co","OK",2,13677577.55,-3720321.179,10,13.3244214908956
"Co","OK",2,13648154.7,-3714841.925,8.066000073,7.43850156650978
"Co","OK",2,13638308.49,-3715166.177,7.142499923,6.3641689129088
"Co","OK",2,13642987.24,-3706413.39,6.10999996,5.63529811052248
"Co","OK",2,13690165.52,-3739655.678,33,19.5184720059685
"Co","OK",2,13717938.67,-3721140.018,37,16.5962904910595
"Co","OK",2,13712184.55,-3724203.933,20,16.9378639089528
"Co","OK",2,13727238.3,-3728577.451,18,15.8952230716503
"Co","OK",2,13740877.16,-3720968.657,13,14.4767879635647
"Co","OK",2,13760890.18,-3654301.022,17,6.60589576918534
"Co","OK",2,13762700.23,-3646796.777,3,5.63854129561873
"Co","OK",2,13692623.52,-3661689.991,8,7.5132384186384
"Co","OK",2,13695294.11,-3668600.351,8.39724982,8.37270159066988
"Co","OK",2,13696624.36,-3676207.834,10.25899995,9.32010420254053
"Co","OK",2,13718670.05,-3668463.59,10,10.4362834933029
"Co","OK",2,13708445.4,-3651747.487,7.11100015,7.71755848701711
"Co","OK",2,13725646.45,-3658546.781,3,9.06584430053957
"Co","OK",2,13764931.07,-3640185.896,2,4.94797530459144
"Co","OK",2,13793285.26,-3640457.445,2,3.73834434951236
"Co","OK",2,13768897.39,-3673232.79,18,8.14108880530103
"Co","OK",2,13737943.89,-3667839.727,2,10.411335360896
"Co","OK",2,13727410.85,-3668545.646,7,10.7121359309825
"Co","OK",2,13722389.24,-3663917.557,2,9.85920261576254
"Co","OK",2,13730724.83,-3661809.839,1,9.57308734758435
"Co","OK",2,13736247.39,-3657989.789,12,8.81511934503157
"Co","OK",2,13643621.79,-3825085.142,3,10.0668463139271
"Co","OK",2,13652021.96,-3824947.919,2,11.3524251314923
"Co","OK",2,13716357.94,-3803954.369,7,12.8274550498415
"Co","OK",2,13660830.63,-3772345.91,14,22.665392620215
"Co","OK",2,13677074.39,-3724635.716,16,14.3681462959211
"Co","OK",2,13651951.82,-3715347.898,8.195250243,8.04322290058974
"Co","OK",2,13643613.98,-3714947.832,11.11700021,6.90251263348414
"Co","OK",2,13638286.21,-3706776.608,29,5.31028226034304
"Co","OK",2,13648540.97,-3706264.441,8.470750018,6.13632568201904
"Co","OK",2,13690574.07,-3734505.524,5,18.3479255312595
"Co","OK",2,13692352.95,-3744291.643,14,20.5017402900831
"Co","OK",2,13666573.61,-3761804.618,8,22.6227930873551
"Co","OK",2,13746788.24,-3762148.494,4,8.2851670198689
"Co","OK",2,13731590.89,-3727517.299,12,15.3610988076465
"Co","OK",2,13728952.62,-3723169.027,15,15.8603164778176
"Co","OK",2,13760533.96,-3675106.596,15,9.51492572876329
"Co","OK",2,13761178.49,-3643318.024,3,5.42107672651257
"Co","OK",2,13760641.94,-3683577.465,22,10.592352423515
"Co","OK",2,13769495.18,-3683306.22,12,9.19281111522698
"Co","OK",2,13760338.03,-3639822.057,4,5.18502017687842
"Co","OK",2,13769824.68,-3640415.896,4,4.68792968572652
"Co","OK",2,13789291.12,-3641433.412,2,3.86167892791919
"Co","OK",2,13797494.25,-3641398.318,3,3.66989562237292
"Co","OK",2,13741808.9,-3669107.016,24,10.4311811146909
"Co","OK",2,13733746.04,-3669364.922,14,10.812297365385
"Co","OK",2,13723889.82,-3668371.117,6,10.620906849577
"Co","OK",2,13729454.68,-3658394.517,3,9.03303297926405
"Co","OK",2,13733948.64,-3660742.448,15,9.33505003137645
"Co","OK",2,13741088.67,-3658343.759,8,8.66094688394018
"Co","OK",2,13757299.01,-3645148.283,4,5.84681977222737
"Co","OK",2,13761131.74,-3648719.875,10,5.94731147758555
"Co","OK",2,13699149.05,-3786840.198,14,21.0647495920833
"Co","OK",2,13709144.43,-3791145.725,5,17.3295653057543
"Co","OK",2,13707748.47,-3784154.802,21,18.8047278779937
"Co","OK",2,13718264.83,-3793887.955,9,13.8482389197663
"Co","OK",2,13727011.21,-3800884.569,15,10.2205670630679
"Co","OK",2,13728015.31,-3781631.693,10,11.9086113105575
"Co","OK",2,13737495.28,-3784814.901,5,8.67792415586945
"Co","OK",2,13744289.1,-3771880.886,31,7.89620850145374
"Co","OK",2,13681130.86,-3725342.305,13,15.1451827203896
"Co","OK",2,13647875.29,-3709699.676,10.09325007,6.55425836805214
"Co","OK",2,13638803.86,-3711355.584,8.793000035,5.88733529629165
"Co","OK",2,13661284.85,-3700937.737,9.542499998,6.89062447631413
"Co","OK",2,13671893.58,-3700552.488,7.711500065,8.35931744392741
"Co","OK",2,13684935.75,-3738804.16,5,19.1032964891577
"Co","OK",2,13666226.29,-3768660.403,47,23.4947312915422
"Co","OK",2,13694144.09,-3743717.62,27,20.3195606985349
"Co","OK",2,13693852.44,-3734932.435,24,18.5453893048052
"Co","OK",2,13722995.91,-3724957.61,33,16.4025784494565
"Co","OK",2,13727686.92,-3719830.695,35,16.0280817256859
"Co","OK",2,13736154.99,-3718579.056,22,15.2246825990618
"Co","OK",2,13764235.33,-3677197.044,3,9.2853325889808
"Co","OK",2,13767032.79,-3646730.462,4,5.32588809944781
"Co","OK",2,13700040.78,-3649726.373,8.8397498,7.14501145972618
"Co","OK",2,13718558.74,-3664133.686,3,9.76212369647249
"Co","OK",2,13703038.6,-3651177.757,9.496499988,7.41281883290971
"Co","OK",2,13711975.33,-3654148.812,5.432249963,8.12789967998614
"Co","OK",2,13765419.76,-3635473.611,8,4.63688634917237
"Co","OK",2,13794290.48,-3635876.257,3,3.68447417764967
"Co","OK",2,13800967.41,-3635079.982,7,3.6401695163505
"Co","OK",2,13771272.95,-3650610.741,2.325475023,5.35360039280269
"Co","OK",2,13767925.57,-3654367.361,3,5.99594565332367
"Co","OK",2,13737532.01,-3664877.146,6,9.91684976268229
"Co","OK",2,13648634.5,-3823273.668,8,11.2804300587037
"Co","OK",2,13656178.57,-3765989.555,12,20.8951142102562
"Co","OK",2,13671739.97,-3729945.304,7.052300095,15.0174485158366
"Co","OK",2,13698995.43,-3790869.429,11,20.4318642242498
"Co","OK",2,13710503.64,-3788208.118,19,17.3245490743288
"Co","OK",2,13717760.56,-3800360.504,4,13.0189889872188
"Co","OK",2,13727705.84,-3786828.351,12,11.5155253724315
"Co","OK",2,13737517.55,-3782720.279,7,8.83062838398933
"Co","OK",2,13736090.43,-3791097.026,9,8.5980417055388
"Co","OK",2,13747211.24,-3772933.117,22,7.11432665379323
"Co","OK",2,13741011.85,-3728402.053,7,13.8214215483
"Co","OK",2,13732541.56,-3725966.502,10,15.3174667893629
"Co","OK",2,13653637.14,-3764238.206,18,19.9556589297329
"Co","OK",2,13662440.31,-3763374.464,11,22.0563110553381
"Co","OK",2,13695520,-3740259.642,22,19.6042326847586
"Co","OK",2,13802341.12,-3658466.051,2,3.91442688952185
"Co","OK",2,13758013.68,-3680874.443,5,10.6351724465971
"Co","OK",2,13764158.52,-3681585.018,3,9.83228106152928
"Co","OK",2,13700104.23,-3645982.867,8,6.88082206976245
"Co","OK",2,13700647.46,-3655488.777,11,7.65166952592943
"Co","OK",2,13712979.44,-3661869.721,2,9.15745912708013
"Co","OK",2,13703105.39,-3652920.72,13,7.57084500949927
"Co","OK",2,13704912.13,-3644953.28,7.745750013,6.97600178883626
"Co","OK",2,13711492.22,-3650030.718,11,7.64958394682952
"Co","OK",2,13716060.74,-3657816.714,5,8.75178911799557
"Co","OK",2,13674967.12,-3728475.347,41.29999924,15.1057247052888
"Co","OK",2,13711517.75,-3778187.795,50.59999847,18.1332224052448
"Co","OK",2,13711739.28,-3778479.569,3.5,18.0292587613692
"Co","OK",2,13689567.74,-3740533.466,7.5,19.7097675621838
"Co","OK",2,13711749.3,-3778555.799,9,18.0188698897053
"Co","OK",2,13695166,-3741334.012,43.70000076,19.8213297783936
"Co","OK",2,13695630.2,-3741573.794,43.70000076,19.8484836410199
"Co","OK",2,13662006.16,-3770122.125,44.20000076,22.777768245062
"Co","OK",2,13662173.14,-3769946.131,34.79999924,22.8000202283865
"Co","OK",2,13733449.93,-3668081.976,13.30000019,10.5963414229159
"Co","OK",2,13760509.47,-3685138.527,49.5,10.7897701300254
"Co","OK",2,13760743.24,-3685548.062,34.40000153,10.7992570649752
"Co","OK",2,13688899.82,-3740359.213,35.70000076,19.6565785932201
"Co","OK",2,13688795.18,-3740533.466,40.09999847,19.6950592422216
"Co","IDW",2,13732061.78,-3825482.298,9,10.9338436230346
"Co","IDW",2,13659747.48,-3766418.905,12,19.8088937490607
"Co","IDW",2,13672382.28,-3719922.245,13,11.9746271682834
"Co","IDW",2,13679754.96,-3730224.132,10,12.1435583173821
"Co","IDW",2,13681632.92,-3720618.097,12,12.3855235306596
"Co","IDW",2,13651871.66,-3709448.757,9.692249975,10.8920620639908
"Co","IDW",2,13644316.4,-3710607.979,10.61624991,11.6027074034189
"Co","IDW",2,13656533.72,-3701175.423,7.810000003,10.4954310391874
"Co","IDW",2,13666142.82,-3700365.75,5.63575015,11.7981955790925
"Co","IDW",2,13675175.28,-3701059.178,8,10.9892218965365
"Co","IDW",2,13685455.62,-3733254.997,15,11.9083778714094
"Co","IDW",2,13686180.3,-3743708.455,31,18.7409124362406
"Co","IDW",2,13742250.85,-3767944.704,9,9.89811570160704
"Co","IDW",2,13737087.85,-3725004.714,8,15.5792910981125
"Co","IDW",2,13666078.25,-3776301.941,20,26.8227161319114
"Co","IDW",2,13722791.09,-3729161.226,10,15.9383323060047
"Co","IDW",2,13723510.21,-3720611.563,32,19.1725363644482
"Co","IDW",2,13731655.45,-3719142.736,19,23.5696880689519
"Co","IDW",2,13763231.23,-3652353.639,32,7.10395701802255
"Co","IDW",2,13766871.37,-3643029.462,4,7.28074818819127
"Co","IDW",2,13759823.72,-3634669.579,5,7.7106787307915
"Co","IDW",2,13769393.87,-3634512.4,7,7.32685226937162
"Co","IDW",2,13789420.25,-3635929.522,9,6.31095638052482
"Co","IDW",2,13798590.7,-3634238.303,3,6.2543044425406
"Co","IDW",2,13770071.81,-3643858.738,6,6.96403682005682
"Co","IDW",2,13732206.49,-3664968.294,2,9.60305312624461
"Co","IDW",2,13639667.71,-3827740.176,7,13.2635355037634
"Co","IDW",2,13729308.85,-3823761.795,15,10.754507235762
"Co","IDW",2,13654522.13,-3772294.664,5,17.0116125694232
"Co","IDW",2,13670382.99,-3724778.336,8.731999988,12.3745052047536
"Co","IDW",2,13701704.95,-3782104.993,14,20.9964475511496
"Co","IDW",2,13714722.65,-3795889.769,5,12.916473530096
"Co","IDW",2,13721270.46,-3799442.785,19,13.1306987835616
"Co","IDW",2,13732735.25,-3790268.167,4,11.9962273245034
"Co","IDW",2,13732648.43,-3781706.628,5,11.8263801444557
"Co","IDW",2,13742033.78,-3785885.363,7,10.3693665375328
"Co","IDW",2,13708180.4,-3776668.581,8,17.3755197722173
"Co","IDW",2,13700052.96,-3778012.994,33,24.9184399377186
"Co","IDW",2,13746050.19,-3766474.053,7,10.7753004145729
"Co","IDW",2,13735907.86,-3728148.14,20,14.2724570953289
"Co","IDW",2,13713299.98,-3720118.446,14,16.1288015707163
"Co","IDW",2,13718200.27,-3724516.654,34,17.3302915644569
"Co","IDW",2,13718529.77,-3728818.286,24,17.2890092150055
"Co","IDW",2,13694626.2,-3664848.505,5.404500025,10.8350668884683
"Co","IDW",2,13696234.75,-3671828.297,8.99700029,12.0827960027465
"Co","IDW",2,13693144.5,-3680171.743,6.234999978,11.6773776890511
"Co","IDW",2,13714762.74,-3669237.274,8,12.0353003936371
"Co","IDW",2,13708174.9,-3654255.49,8.683999785,9.54710403798644
"Co","IDW",2,13708649.12,-3646183.116,6.34600009,8.74842499115976
"Co","IDW",2,13718819.23,-3659865.177,3,10.3649297193745
"Co","IDW",2,13738246.7,-3824929.442,5,11.3414727818129
"Co","IDW",2,13732711.89,-3828499.057,7,11.4034621153611
"Co","IDW",2,13725282.41,-3806505.893,3,11.0742694955402
"Co","IDW",2,13703683.09,-3788369.913,8,16.1852395312237
"Co","IDW",2,13715645.49,-3802200.102,8,12.8623068533995
"Co","IDW",2,13723170.69,-3794261.704,7,14.9214706366644
"Co","IDW",2,13732421.34,-3787751.676,9,12.3713438599976
"Co","IDW",2,13741233.39,-3781962.985,4,10.1931388280118
"Co","IDW",2,13741295.72,-3790762.846,9,9.56615243052783
"Co","IDW",2,13741921.35,-3777424.206,5,9.44176160981716
"Co","IDW",2,13732507.05,-3777761.962,6,10.855366827981
"Co","IDW",2,13705161.41,-3776680.409,7,20.1145429860977
"Co","IDW",2,13676542.27,-3729608.886,7.622549905,13.0031510601116
"Co","IDW",2,13677577.55,-3720321.179,10,11.9434398694791
"Co","IDW",2,13648154.7,-3714841.925,8.066000073,12.6437826928221
"Co","IDW",2,13638308.49,-3715166.177,7.142499923,11.5154979382685
"Co","IDW",2,13642987.24,-3706413.39,6.10999996,10.5320617769218
"Co","IDW",2,13690165.52,-3739655.678,33,17.8190514624641
"Co","IDW",2,13717938.67,-3721140.018,37,17.4273850434635
"Co","IDW",2,13712184.55,-3724203.933,20,17.5170645405422
"Co","IDW",2,13727238.3,-3728577.451,18,16.1658780553124
"Co","IDW",2,13740877.16,-3720968.657,13,15.3332872460643
"Co","IDW",2,13760890.18,-3654301.022,17,7.04466037744286
"Co","IDW",2,13762700.23,-3646796.777,3,7.25701809033635
"Co","IDW",2,13692623.52,-3661689.991,8,10.7142041008515
"Co","IDW",2,13695294.11,-3668600.351,8.39724982,11.2703367276487
"Co","IDW",2,13696624.36,-3676207.834,10.25899995,12.2808056787602
"Co","IDW",2,13718670.05,-3668463.59,10,11.4278541567602
"Co","IDW",2,13708445.4,-3651747.487,7.11100015,9.44980450250222
"Co","IDW",2,13725646.45,-3658546.781,3,8.30856908912218
"Co","IDW",2,13764931.07,-3640185.896,2,7.42982351569753
"Co","IDW",2,13793285.26,-3640457.445,2,5.71407219828493
"Co","IDW",2,13768897.39,-3673232.79,18,8.52596602685154
"Co","IDW",2,13737943.89,-3667839.727,2,9.03268645940386
"Co","IDW",2,13727410.85,-3668545.646,7,10.5604930189255
"Co","IDW",2,13722389.24,-3663917.557,2,10.5053076013782
"Co","IDW",2,13730724.83,-3661809.839,1,9.23532464836017
"Co","IDW",2,13736247.39,-3657989.789,12,7.73744989819224
"Co","IDW",2,13643621.79,-3825085.142,3,12.1589553101549
"Co","IDW",2,13652021.96,-3824947.919,2,11.7659545126557
"Co","IDW",2,13716357.94,-3803954.369,7,12.50046317972
"Co","IDW",2,13660830.63,-3772345.91,14,22.1894945111388
"Co","IDW",2,13677074.39,-3724635.716,16,12.8275167535355
"Co","IDW",2,13651951.82,-3715347.898,8.195250243,12.459028798603
"Co","IDW",2,13643613.98,-3714947.832,11.11700021,11.7999516467143
"Co","IDW",2,13638286.21,-3706776.608,29,10.8508790258704
"Co","IDW",2,13648540.97,-3706264.441,8.470750018,10.0884725929719
"Co","IDW",2,13690574.07,-3734505.524,5,15.5064913120018
"Co","IDW",2,13692352.95,-3744291.643,14,20.2561561801308
"Co","IDW",2,13666573.61,-3761804.618,8,23.4864682031495
"Co","IDW",2,13746788.24,-3762148.494,4,10.800881175647
"Co","IDW",2,13731590.89,-3727517.299,12,15.9156258564228
"Co","IDW",2,13728952.62,-3723169.027,15,18.7294932884208
"Co","IDW",2,13760533.96,-3675106.596,15,10.5445971710331
"Co","IDW",2,13761178.49,-3643318.024,3,7.19490742365212
"Co","IDW",2,13760641.94,-3683577.465,22,11.5165199736909
"Co","IDW",2,13769495.18,-3683306.22,12,8.03002608749648
"Co","IDW",2,13760338.03,-3639822.057,4,7.01051107893493
"Co","IDW",2,13769824.68,-3640415.896,4,7.46988864933317
"Co","IDW",2,13789291.12,-3641433.412,2,5.44143746015992
"Co","IDW",2,13797494.25,-3641398.318,3,5.24281039487757
"Co","IDW",2,13741808.9,-3669107.016,24,8.42508146430867
"Co","IDW",2,13733746.04,-3669364.922,14,9.41678010665533
"Co","IDW",2,13723889.82,-3668371.117,6,10.9151953325578
"Co","IDW",2,13729454.68,-3658394.517,3,8.37244476189269
"Co","IDW",2,13733948.64,-3660742.448,15,8.71857835776603
"Co","IDW",2,13741088.67,-3658343.759,8,7.54560459012871
"Co","IDW",2,13757299.01,-3645148.283,4,6.89284848183636
"Co","IDW",2,13761131.74,-3648719.875,10,7.16829740526685
"Co","IDW",2,13699149.05,-3786840.198,14,20.490109974818
"Co","IDW",2,13709144.43,-3791145.725,5,13.2109651283028
"Co","IDW",2,13707748.47,-3784154.802,21,15.6401656479176
"Co","IDW",2,13718264.83,-3793887.955,9,12.7749931765465
"Co","IDW",2,13727011.21,-3800884.569,15,12.3012341851531
"Co","IDW",2,13728015.31,-3781631.693,10,12.2006390167503
"Co","IDW",2,13737495.28,-3784814.901,5,11.3465581246806
"Co","IDW",2,13744289.1,-3771880.886,31,10.2089855687025
"Co","IDW",2,13681130.86,-3725342.305,13,12.5348273355897
"Co","IDW",2,13647875.29,-3709699.676,10.09325007,11.3369323769686
"Co","IDW",2,13638803.86,-3711355.584,8.793000035,11.7151695855164
"Co","IDW",2,13661284.85,-3700937.737,9.542499998,11.4190471633076
"Co","IDW",2,13671893.58,-3700552.488,7.711500065,11.6167695255344
"Co","IDW",2,13684935.75,-3738804.16,5,15.8603335723413
"Co","IDW",2,13666226.29,-3768660.403,47,28.3334170875702
"Co","IDW",2,13694144.09,-3743717.62,27,20.3950569600195
"Co","IDW",2,13693852.44,-3734932.435,24,17.2469244170596
"Co","IDW",2,13722995.91,-3724957.61,33,17.3899191824919
"Co","IDW",2,13727686.92,-3719830.695,35,21.1865620608514
"Co","IDW",2,13736154.99,-3718579.056,22,21.4306598750706
"Co","IDW",2,13764235.33,-3677197.044,3,9.95290037076759
"Co","IDW",2,13767032.79,-3646730.462,4,7.07411428965244
"Co","IDW",2,13700040.78,-3649726.373,8.8397498,9.00488553566853
"Co","IDW",2,13718558.74,-3664133.686,3,11.1110447302562
"Co","IDW",2,13703038.6,-3651177.757,9.496499988,9.32019144709214
"Co","IDW",2,13711975.33,-3654148.812,5.432249963,9.55666355891061
"Co","IDW",2,13765419.76,-3635473.611,8,7.58304774332065
"Co","IDW",2,13794290.48,-3635876.257,3,6.31583016146981
"Co","IDW",2,13800967.41,-3635079.982,7,5.72260824961309
"Co","IDW",2,13771272.95,-3650610.741,2.325475023,6.00641370744643
"Co","IDW",2,13767925.57,-3654367.361,3,6.67072021314147
"Co","IDW",2,13737532.01,-3664877.146,6,8.82110245217377
"Co","IDW",2,13648634.5,-3823273.668,8,11.355534995684
"Co","IDW",2,13656178.57,-3765989.555,12,17.6685528627795
"Co","IDW",2,13671739.97,-3729945.304,7.052300095,13.2616386339544
"Co","IDW",2,13698995.43,-3790869.429,11,18.0675003833204
"Co","IDW",2,13710503.64,-3788208.118,19,12.1866175128085
"Co","IDW",2,13717760.56,-3800360.504,4,13.059442942137
"Co","IDW",2,13727705.84,-3786828.351,12,13.9991903635605
"Co","IDW",2,13737517.55,-3782720.279,7,11.1388037880332
"Co","IDW",2,13736090.43,-3791097.026,9,10.5677671791877
"Co","IDW",2,13747211.24,-3772933.117,22,10.4432040126488
"Co","IDW",2,13741011.85,-3728402.053,7,12.4069842883592
"Co","IDW",2,13732541.56,-3725966.502,10,16.5283058813432
"Co","IDW",2,13653637.14,-3764238.206,18,16.523572374918
"Co","IDW",2,13662440.31,-3763374.464,11,20.266479947795
"Co","IDW",2,13695520,-3740259.642,22,20.3060865162961
"Co","IDW",2,13802341.12,-3658466.051,2,5.55697244138678
"Co","IDW",2,13758013.68,-3680874.443,5,13.2112346475435
"Co","IDW",2,13764158.52,-3681585.018,3,10.1344888131309
"Co","IDW",2,13700104.23,-3645982.867,8,8.71116454191588
"Co","IDW",2,13700647.46,-3655488.777,11,8.73294571702856
"Co","IDW",2,13712979.44,-3661869.721,2,15.5104648087726
"Co","IDW",2,13703105.39,-3652920.72,13,9.30620012239781
"Co","IDW",2,13704912.13,-3644953.28,7.745750013,8.60114625163397
"Co","IDW",2,13711492.22,-3650030.718,11,9.1194988015366
"Co","IDW",2,13716060.74,-3657816.714,5,10.3540856988693
"Co","IDW",2,13674967.12,-3728475.347,41.29999924,13.197854010068
"Co","IDW",2,13711517.75,-3778187.795,50.59999847,12.8902440605251
"Co","IDW",2,13711739.28,-3778479.569,3.5,12.2453759330541
"Co","IDW",2,13689567.74,-3740533.466,7.5,18.0299679735733
"Co","IDW",2,13711749.3,-3778555.799,9,12.153408017099
"Co","IDW",2,13695166,-3741334.012,43.70000076,20.2882772134936
"Co","IDW",2,13695630.2,-3741573.794,43.70000076,20.6342658839205
"Co","IDW",2,13662006.16,-3770122.125,44.20000076,23.1240552058957
"Co","IDW",2,13662173.14,-3769946.131,34.79999924,23.2645000394268
"Co","IDW",2,13733449.93,-3668081.976,13.30000019,9.58775810159312
"Co","IDW",2,13760509.47,-3685138.527,49.5,11.3822902898345
"Co","IDW",2,13760743.24,-3685548.062,34.40000153,11.0911141958453
"Co","IDW",2,13688899.82,-3740359.213,35.70000076,17.7821940545961
"Co","IDW",2,13688795.18,-3740533.466,40.09999847,17.8332722814236
"Co","LM",2,13732061.78,-3825482.298,9,-1.12186695247659
"Co","LM",2,13659747.48,-3766418.905,12,25.9843327686772
"Co","LM",2,13672382.28,-3719922.245,13,9.76718309189302
"Co","LM",2,13679754.96,-3730224.132,10,16.9000749705567
"Co","LM",2,13681632.92,-3720618.097,12,18.8258371928416
"Co","LM",2,13651871.66,-3709448.757,9.692249975,10.6021081904038
"Co","LM",2,13644316.4,-3710607.979,10.61624991,10.1387182977752
"Co","LM",2,13656533.72,-3701175.423,7.810000003,12.057766019286
"Co","LM",2,13666142.82,-3700365.75,5.63575015,12.6741014117834
"Co","LM",2,13675175.28,-3701059.178,8,9.4007070825638
"Co","LM",2,13685455.62,-3733254.997,15,22.4106587868648
"Co","LM",2,13686180.3,-3743708.455,31,27.8135272588401
"Co","LM",2,13742250.85,-3767944.704,9,2.28868370881978
"Co","LM",2,13737087.85,-3725004.714,8,9.58166299641577
"Co","LM",2,13666078.25,-3776301.941,20,28.8207587466709
"Co","LM",2,13722791.09,-3729161.226,10,18.9731631666689
"Co","LM",2,13723510.21,-3720611.563,32,20.9725064312013
"Co","LM",2,13731655.45,-3719142.736,19,19.4920139292763
"Co","LM",2,13763231.23,-3652353.639,32,8.78608023406577
"Co","LM",2,13766871.37,-3643029.462,4,8.00868977014967
"Co","LM",2,13759823.72,-3634669.579,5,7.9908179820865
"Co","LM",2,13769393.87,-3634512.4,7,7.74877299673865
"Co","LM",2,13789420.25,-3635929.522,9,7.84919924910562
"Co","LM",2,13798590.7,-3634238.303,3,5.1939675603219
"Co","LM",2,13770071.81,-3643858.738,6,9.1154223451829
"Co","LM",2,13732206.49,-3664968.294,2,11.4446450424399
"Co","LM",2,13639667.71,-3827740.176,7,13.5784980409424
"Co","LM",2,13729308.85,-3823761.795,15,0.475243004157685
"Co","LM",2,13654522.13,-3772294.664,5,23.6800308302015
"Co","LM",2,13670382.99,-3724778.336,8.731999988,10.5323817928558
"Co","LM",2,13701704.95,-3782104.993,14,16.9519162922672
"Co","LM",2,13714722.65,-3795889.769,5,4.62294992936837
"Co","LM",2,13721270.46,-3799442.785,19,2.99678890235779
"Co","LM",2,13732735.25,-3790268.167,4,3.55332019135769
"Co","LM",2,13732648.43,-3781706.628,5,6.61275081291614
"Co","LM",2,13742033.78,-3785885.363,7,6.53078692957051
"Co","LM",2,13708180.4,-3776668.581,8,15.0700613329506
"Co","LM",2,13700052.96,-3778012.994,33,15.4386327027594
"Co","LM",2,13746050.19,-3766474.053,7,3.00929440024466
"Co","LM",2,13735907.86,-3728148.14,20,7.51943636015903
"Co","LM",2,13713299.98,-3720118.446,14,23.3749975192531
"Co","LM",2,13718200.27,-3724516.654,34,20.5184174623918
"Co","LM",2,13718529.77,-3728818.286,24,21.2965228662541
"Co","LM",2,13694626.2,-3664848.505,5.404500025,6.80620025108309
"Co","LM",2,13696234.75,-3671828.297,8.99700029,8.93193873980734
"Co","LM",2,13693144.5,-3680171.743,6.234999978,9.94608984247356
"Co","LM",2,13714762.74,-3669237.274,8,8.16085170930585
"Co","LM",2,13708174.9,-3654255.49,8.683999785,7.98384570284854
"Co","LM",2,13708649.12,-3646183.116,6.34600009,12.0452688737019
"Co","LM",2,13718819.23,-3659865.177,3,6.16735961702537
"Co","LM",2,13738246.7,-3824929.442,5,-0.387881906141618
"Co","LM",2,13732711.89,-3828499.057,7,-1.07510547153555
"Co","LM",2,13725282.41,-3806505.893,3,7.00663045081766
"Co","LM",2,13703683.09,-3788369.913,8,9.42828373096192
"Co","LM",2,13715645.49,-3802200.102,8,8.38642475493887
"Co","LM",2,13723170.69,-3794261.704,7,2.61999049938078
"Co","LM",2,13732421.34,-3787751.676,9,4.07686441290469
"Co","LM",2,13741233.39,-3781962.985,4,6.72855905960992
"Co","LM",2,13741295.72,-3790762.846,9,6.5775230720684
"Co","LM",2,13741921.35,-3777424.206,5,5.44491673244708
"Co","LM",2,13732507.05,-3777761.962,6,5.49845271084631
"Co","LM",2,13705161.41,-3776680.409,7,15.9534153572126
"Co","LM",2,13676542.27,-3729608.886,7.622549905,14.603731111422
"Co","LM",2,13677577.55,-3720321.179,10,13.5638799320682
"Co","LM",2,13648154.7,-3714841.925,8.066000073,11.641582833035
"Co","LM",2,13638308.49,-3715166.177,7.142499923,10.3527985358785
"Co","LM",2,13642987.24,-3706413.39,6.10999996,11.1253247938141
"Co","LM",2,13690165.52,-3739655.678,33,27.8180793701703
"Co","LM",2,13717938.67,-3721140.018,37,21.3527199516903
"Co","LM",2,13712184.55,-3724203.933,20,20.9077351108813
"Co","LM",2,13727238.3,-3728577.451,18,14.9920109737209
"Co","LM",2,13740877.16,-3720968.657,13,6.86778268807334
"Co","LM",2,13760890.18,-3654301.022,17,8.73612016033964
"Co","LM",2,13762700.23,-3646796.777,3,7.89770704999156
"Co","LM",2,13692623.52,-3661689.991,8,6.70435982626394
"Co","LM",2,13695294.11,-3668600.351,8.39724982,8.2248923494397
"Co","LM",2,13696624.36,-3676207.834,10.25899995,8.98474508723586
"Co","LM",2,13718670.05,-3668463.59,10,6.0636994959419
"Co","LM",2,13708445.4,-3651747.487,7.11100015,9.52207015722716
"Co","LM",2,13725646.45,-3658546.781,3,8.17302874549526
"Co","LM",2,13764931.07,-3640185.896,2,8.41111496366297
"Co","LM",2,13793285.26,-3640457.445,2,6.3784984278456
"Co","LM",2,13768897.39,-3673232.79,18,11.82677928316
"Co","LM",2,13737943.89,-3667839.727,2,11.7048240420784
"Co","LM",2,13727410.85,-3668545.646,7,13.6328428925276
"Co","LM",2,13722389.24,-3663917.557,2,4.06423728246945
"Co","LM",2,13730724.83,-3661809.839,1,8.40310403395862
"Co","LM",2,13736247.39,-3657989.789,12,13.8953948240051
"Co","LM",2,13643621.79,-3825085.142,3,16.3481842802646
"Co","LM",2,13652021.96,-3824947.919,2,18.482155935224
"Co","LM",2,13716357.94,-3803954.369,7,6.95246084441102
"Co","LM",2,13660830.63,-3772345.91,14,24.2255115807689
"Co","LM",2,13677074.39,-3724635.716,16,15.1953911400529
"Co","LM",2,13651951.82,-3715347.898,8.195250243,10.9614112381755
"Co","LM",2,13643613.98,-3714947.832,11.11700021,11.2903976711068
"Co","LM",2,13638286.21,-3706776.608,29,9.15610482849861
"Co","LM",2,13648540.97,-3706264.441,8.470750018,10.4116861610795
"Co","LM",2,13690574.07,-3734505.524,5,22.1563832026815
"Co","LM",2,13692352.95,-3744291.643,14,26.404334087752
"Co","LM",2,13666573.61,-3761804.618,8,23.5481301833292
"Co","LM",2,13746788.24,-3762148.494,4,4.36698602142872
"Co","LM",2,13731590.89,-3727517.299,12,12.6167974296097
"Co","LM",2,13728952.62,-3723169.027,15,18.5650179656659
"Co","LM",2,13760533.96,-3675106.596,15,12.9644068781573
"Co","LM",2,13761178.49,-3643318.024,3,9.20356046401386
"Co","LM",2,13760641.94,-3683577.465,22,13.5187936155904
"Co","LM",2,13769495.18,-3683306.22,12,13.0450375001218
"Co","LM",2,13760338.03,-3639822.057,4,8.25969748858271
"Co","LM",2,13769824.68,-3640415.896,4,7.6361261660117
"Co","LM",2,13789291.12,-3641433.412,2,9.99456995503577
"Co","LM",2,13797494.25,-3641398.318,3,4.21222155049262
"Co","LM",2,13741808.9,-3669107.016,24,13.601147052007
"Co","LM",2,13733746.04,-3669364.922,14,14.7417009741441
"Co","LM",2,13723889.82,-3668371.117,6,7.90875708735964
"Co","LM",2,13729454.68,-3658394.517,3,11.8117220077663
"Co","LM",2,13733948.64,-3660742.448,15,9.53370775956393
"Co","LM",2,13741088.67,-3658343.759,8,7.92657415153033
"Co","LM",2,13757299.01,-3645148.283,4,8.46345935977242
"Co","LM",2,13761131.74,-3648719.875,10,6.74203468788268
"Co","LM",2,13699149.05,-3786840.198,14,11.1030889546569
"Co","LM",2,13709144.43,-3791145.725,5,9.60076616978495
"Co","LM",2,13707748.47,-3784154.802,21,15.330902309517
"Co","LM",2,13718264.83,-3793887.955,9,3.59732835094867
"Co","LM",2,13727011.21,-3800884.569,15,5.30343595469334
"Co","LM",2,13728015.31,-3781631.693,10,3.62727446729903
"Co","LM",2,13737495.28,-3784814.901,5,6.05777365933936
"Co","LM",2,13744289.1,-3771880.886,31,2.374739586992
"Co","LM",2,13681130.86,-3725342.305,13,21.2777091467063
"Co","LM",2,13647875.29,-3709699.676,10.09325007,10.2893705167167
"Co","LM",2,13638803.86,-3711355.584,8.793000035,9.8161602773487
"Co","LM",2,13661284.85,-3700937.737,9.542499998,12.6415413750816
"Co","LM",2,13671893.58,-3700552.488,7.711500065,13.1664889331043
"Co","LM",2,13684935.75,-3738804.16,5,21.0993506086456
"Co","LM",2,13666226.29,-3768660.403,47,31.1776375977818
"Co","LM",2,13694144.09,-3743717.62,27,25.8066072203354
"Co","LM",2,13693852.44,-3734932.435,24,24.8129169994664
"Co","LM",2,13722995.91,-3724957.61,33,19.0691806768981
"Co","LM",2,13727686.92,-3719830.695,35,19.6861972060838
"Co","LM",2,13736154.99,-3718579.056,22,14.2403809379831
"Co","LM",2,13764235.33,-3677197.044,3,12.1011386395948
"Co","LM",2,13767032.79,-3646730.462,4,7.49868009234412
"Co","LM",2,13700040.78,-3649726.373,8.8397498,8.70563210917077
"Co","LM",2,13718558.74,-3664133.686,3,5.07207098720427
"Co","LM",2,13703038.6,-3651177.757,9.496499988,8.200962668853
"Co","LM",2,13711975.33,-3654148.812,5.432249963,9.11546622914024
"Co","LM",2,13765419.76,-3635473.611,8,7.29193958581367
"Co","LM",2,13794290.48,-3635876.257,3,6.00615961758312
"Co","LM",2,13800967.41,-3635079.982,7,4.53996381388014
"Co","LM",2,13771272.95,-3650610.741,2.325475023,6.84267164459945
"Co","LM",2,13767925.57,-3654367.361,3,12.1325216821222
"Co","LM",2,13737532.01,-3664877.146,6,10.0352559740144
"Co","LM",2,13648634.5,-3823273.668,8,17.513448945699
"Co","LM",2,13656178.57,-3765989.555,12,23.3657719326433
"Co","LM",2,13671739.97,-3729945.304,7.052300095,11.8991056688672
"Co","LM",2,13698995.43,-3790869.429,11,9.85649393674027
"Co","LM",2,13710503.64,-3788208.118,19,10.2187932887265
"Co","LM",2,13717760.56,-3800360.504,4,6.46575671515468
"Co","LM",2,13727705.84,-3786828.351,12,2.46924033184947
"Co","LM",2,13737517.55,-3782720.279,7,6.14475213587159
"Co","LM",2,13736090.43,-3791097.026,9,4.16070656352724
"Co","LM",2,13747211.24,-3772933.117,22,2.66428046443707
"Co","LM",2,13741011.85,-3728402.053,7,5.41026970052894
"Co","LM",2,13732541.56,-3725966.502,10,12.6534768663394
"Co","LM",2,13653637.14,-3764238.206,18,23.4467233297132
"Co","LM",2,13662440.31,-3763374.464,11,25.2610073775976
"Co","LM",2,13695520,-3740259.642,22,26.9972112201171
"Co","LM",2,13802341.12,-3658466.051,2,3.38286393799277
"Co","LM",2,13758013.68,-3680874.443,5,13.0030669200179
"Co","LM",2,13764158.52,-3681585.018,3,13.9823362790214
"Co","LM",2,13700104.23,-3645982.867,8,10.2885122600837
"Co","LM",2,13700647.46,-3655488.777,11,6.52554728999954
"Co","LM",2,13712979.44,-3661869.721,2,6.18962133170347
"Co","LM",2,13703105.39,-3652920.72,13,7.53691613158829
"Co","LM",2,13704912.13,-3644953.28,7.745750013,11.4995483983869
"Co","LM",2,13711492.22,-3650030.718,11,10.1167428556023
"Co","LM",2,13716060.74,-3657816.714,5,6.49755382707904
"Co","LM",2,13674967.12,-3728475.347,41.29999924,13.6515914442352
"Co","LM",2,13711517.75,-3778187.795,50.59999847,16.4984225249089
"Co","LM",2,13711739.28,-3778479.569,3.5,15.4400688231234
"Co","LM",2,13689567.74,-3740533.466,7.5,28.9871864830768
"Co","LM",2,13711749.3,-3778555.799,9,15.3928973818104
"Co","LM",2,13695166,-3741334.012,43.70000076,26.9732748291392
"Co","LM",2,13695630.2,-3741573.794,43.70000076,27.9004638017025
"Co","LM",2,13662006.16,-3770122.125,44.20000076,28.4348977856951
"Co","LM",2,13662173.14,-3769946.131,34.79999924,28.779226224495
"Co","LM",2,13733449.93,-3668081.976,13.30000019,14.866724488955
"Co","LM",2,13760509.47,-3685138.527,49.5,13.8911421782417
"Co","LM",2,13760743.24,-3685548.062,34.40000153,13.4822364504251
"Co","LM",2,13688899.82,-3740359.213,35.70000076,28.9778700180597
"Co","LM",2,13688795.18,-3740533.466,40.09999847,28.8750889050033
"Co","RF",2,13732061.78,-3825482.298,9,11.5905585727185
"Co","RF",2,13659747.48,-3766418.905,12,25.9947437513779
"Co","RF",2,13672382.28,-3719922.245,13,11.0415595255794
"Co","RF",2,13679754.96,-3730224.132,10,11.6172379630494
"Co","RF",2,13681632.92,-3720618.097,12,10.8410230256546
"Co","RF",2,13651871.66,-3709448.757,9.692249975,8.08636563268027
"Co","RF",2,13644316.4,-3710607.979,10.61624991,7.90087648445564
"Co","RF",2,13656533.72,-3701175.423,7.810000003,7.30353128190011
"Co","RF",2,13666142.82,-3700365.75,5.63575015,8.22901664099832
"Co","RF",2,13675175.28,-3701059.178,8,7.80463572483738
"Co","RF",2,13685455.62,-3733254.997,15,17.9919409151858
"Co","RF",2,13686180.3,-3743708.455,31,45.7981204591449
"Co","RF",2,13742250.85,-3767944.704,9,7.96256490370014
"Co","RF",2,13737087.85,-3725004.714,8,7.96536317506953
"Co","RF",2,13666078.25,-3776301.941,20,44.6049214015544
"Co","RF",2,13722791.09,-3729161.226,10,12.9398927443885
"Co","RF",2,13723510.21,-3720611.563,32,39.3722296751718
"Co","RF",2,13731655.45,-3719142.736,19,36.8946318910621
"Co","RF",2,13763231.23,-3652353.639,32,5.64021602271767
"Co","RF",2,13766871.37,-3643029.462,4,5.57136309615314
"Co","RF",2,13759823.72,-3634669.579,5,6.18102739218476
"Co","RF",2,13769393.87,-3634512.4,7,6.0842612252481
"Co","RF",2,13789420.25,-3635929.522,9,4.07596666666667
"Co","RF",2,13798590.7,-3634238.303,3,3.8658159966133
"Co","RF",2,13770071.81,-3643858.738,6,5.34379488422424
"Co","RF",2,13732206.49,-3664968.294,2,6.45170251692
"Co","RF",2,13639667.71,-3827740.176,7,14.176086597827
"Co","RF",2,13729308.85,-3823761.795,15,10.1939761365497
"Co","RF",2,13654522.13,-3772294.664,5,9.78273694088611
"Co","RF",2,13670382.99,-3724778.336,8.731999988,10.7100715964557
"Co","RF",2,13701704.95,-3782104.993,14,16.717030211534
"Co","RF",2,13714722.65,-3795889.769,5,9.10216109872986
"Co","RF",2,13721270.46,-3799442.785,19,7.2526377093963
"Co","RF",2,13732735.25,-3790268.167,4,7.54131206457067
"Co","RF",2,13732648.43,-3781706.628,5,7.3853184743304
"Co","RF",2,13742033.78,-3785885.363,7,6.88814272945953
"Co","RF",2,13708180.4,-3776668.581,8,13.4080433544227
"Co","RF",2,13700052.96,-3778012.994,33,15.0570958891592
"Co","RF",2,13746050.19,-3766474.053,7,7.94511484212198
"Co","RF",2,13735907.86,-3728148.14,20,6.97903860964768
"Co","RF",2,13713299.98,-3720118.446,14,18.1865638181047
"Co","RF",2,13718200.27,-3724516.654,34,36.0509411302932
"Co","RF",2,13718529.77,-3728818.286,24,23.9182990567073
"Co","RF",2,13694626.2,-3664848.505,5.404500025,9.34897106207877
"Co","RF",2,13696234.75,-3671828.297,8.99700029,8.88747574758411
"Co","RF",2,13693144.5,-3680171.743,6.234999978,8.03530296860196
"Co","RF",2,13714762.74,-3669237.274,8,10.008837911569
"Co","RF",2,13708174.9,-3654255.49,8.683999785,8.21386023524121
"Co","RF",2,13708649.12,-3646183.116,6.34600009,8.02734445276666
"Co","RF",2,13718819.23,-3659865.177,3,7.93687046914893
"Co","RF",2,13738246.7,-3824929.442,5,11.4292561087546
"Co","RF",2,13732711.89,-3828499.057,7,14.2208042950257
"Co","RF",2,13725282.41,-3806505.893,3,10.8036863540905
"Co","RF",2,13703683.09,-3788369.913,8,7.4384446256169
"Co","RF",2,13715645.49,-3802200.102,8,11.1798877636597
"Co","RF",2,13723170.69,-3794261.704,7,13.3245512752401
"Co","RF",2,13732421.34,-3787751.676,9,6.99035169609367
"Co","RF",2,13741233.39,-3781962.985,4,6.90398039211516
"Co","RF",2,13741295.72,-3790762.846,9,7.94879659965773
"Co","RF",2,13741921.35,-3777424.206,5,5.75687608623648
"Co","RF",2,13732507.05,-3777761.962,6,6.06305229440115
"Co","RF",2,13705161.41,-3776680.409,7,19.8584112447477
"Co","RF",2,13676542.27,-3729608.886,7.622549905,8.23290628435904
"Co","RF",2,13677577.55,-3720321.179,10,8.99527868630607
"Co","RF",2,13648154.7,-3714841.925,8.066000073,9.3288068891665
"Co","RF",2,13638308.49,-3715166.177,7.142499923,8.34435698754177
"Co","RF",2,13642987.24,-3706413.39,6.10999996,8.76629736272013
"Co","RF",2,13690165.52,-3739655.678,33,45.9858412848403
"Co","RF",2,13717938.67,-3721140.018,37,35.4943912906156
"Co","RF",2,13712184.55,-3724203.933,20,13.105804221712
"Co","RF",2,13727238.3,-3728577.451,18,8.30497166601767
"Co","RF",2,13740877.16,-3720968.657,13,7.79726975297227
"Co","RF",2,13760890.18,-3654301.022,17,5.08185363151878
"Co","RF",2,13762700.23,-3646796.777,3,5.45466133011074
"Co","RF",2,13692623.52,-3661689.991,8,11.3810860862691
"Co","RF",2,13695294.11,-3668600.351,8.39724982,8.97052194260182
"Co","RF",2,13696624.36,-3676207.834,10.25899995,10.1420766086338
"Co","RF",2,13718670.05,-3668463.59,10,10.9100161355663
"Co","RF",2,13708445.4,-3651747.487,7.11100015,7.80564823145953
"Co","RF",2,13725646.45,-3658546.781,3,5.57692713461397
"Co","RF",2,13764931.07,-3640185.896,2,5.83311153035335
"Co","RF",2,13793285.26,-3640457.445,2,3.26304557547715
"Co","RF",2,13768897.39,-3673232.79,18,6.713947918668
"Co","RF",2,13737943.89,-3667839.727,2,6.26977801586567
"Co","RF",2,13727410.85,-3668545.646,7,8.31129215172646
"Co","RF",2,13722389.24,-3663917.557,2,9.5471821571012
"Co","RF",2,13730724.83,-3661809.839,1,5.38481641680967
"Co","RF",2,13736247.39,-3657989.789,12,7.03649249906614
"Co","RF",2,13643621.79,-3825085.142,3,6.53828448568717
"Co","RF",2,13652021.96,-3824947.919,2,6.81576026174737
"Co","RF",2,13716357.94,-3803954.369,7,10.1886074339492
"Co","RF",2,13660830.63,-3772345.91,14,21.4671169458979
"Co","RF",2,13677074.39,-3724635.716,16,14.2024279575206
"Co","RF",2,13651951.82,-3715347.898,8.195250243,10.603848076145
"Co","RF",2,13643613.98,-3714947.832,11.11700021,8.09702030134395
"Co","RF",2,13638286.21,-3706776.608,29,8.34524706188435
"Co","RF",2,13648540.97,-3706264.441,8.470750018,9.1016055485247
"Co","RF",2,13690574.07,-3734505.524,5,13.4154891254097
"Co","RF",2,13692352.95,-3744291.643,14,28.8208040463373
"Co","RF",2,13666573.61,-3761804.618,8,20.3088085246493
"Co","RF",2,13746788.24,-3762148.494,4,8.30598838572606
"Co","RF",2,13731590.89,-3727517.299,12,7.46313333333333
"Co","RF",2,13728952.62,-3723169.027,15,19.378432318771
"Co","RF",2,13760533.96,-3675106.596,15,10.6330303758575
"Co","RF",2,13761178.49,-3643318.024,3,5.47262041941101
"Co","RF",2,13760641.94,-3683577.465,22,10.5839804942505
"Co","RF",2,13769495.18,-3683306.22,12,7.85093821933667
"Co","RF",2,13760338.03,-3639822.057,4,5.49761119720002
"Co","RF",2,13769824.68,-3640415.896,4,4.47342309625035
"Co","RF",2,13789291.12,-3641433.412,2,3.19453333333333
"Co","RF",2,13797494.25,-3641398.318,3,3.54938078950016
"Co","RF",2,13741808.9,-3669107.016,24,8.28573205830084
"Co","RF",2,13733746.04,-3669364.922,14,9.95520542205766
"Co","RF",2,13723889.82,-3668371.117,6,12.1675101843245
"Co","RF",2,13729454.68,-3658394.517,3,5.26811668581534
"Co","RF",2,13733948.64,-3660742.448,15,6.22231305848183
"Co","RF",2,13741088.67,-3658343.759,8,5.71081472517124
"Co","RF",2,13757299.01,-3645148.283,4,5.68590180493892
"Co","RF",2,13761131.74,-3648719.875,10,4.20064803824851
"Co","RF",2,13699149.05,-3786840.198,14,14.6282804168683
"Co","RF",2,13709144.43,-3791145.725,5,9.9101698825242
"Co","RF",2,13707748.47,-3784154.802,21,18.4615346365142
"Co","RF",2,13718264.83,-3793887.955,9,7.29521277741337
"Co","RF",2,13727011.21,-3800884.569,15,6.902283333347
"Co","RF",2,13728015.31,-3781631.693,10,6.8668734445254
"Co","RF",2,13737495.28,-3784814.901,5,6.887238002523
"Co","RF",2,13744289.1,-3771880.886,31,7.64463620912262
"Co","RF",2,13681130.86,-3725342.305,13,18.7306367470634
"Co","RF",2,13647875.29,-3709699.676,10.09325007,7.61070172718908
"Co","RF",2,13638803.86,-3711355.584,8.793000035,10.4655331901639
"Co","RF",2,13661284.85,-3700937.737,9.542499998,7.18107809267044
"Co","RF",2,13671893.58,-3700552.488,7.711500065,8.62773964597995
"Co","RF",2,13684935.75,-3738804.16,5,15.0178307743638
"Co","RF",2,13666226.29,-3768660.403,47,47.0100937793828
"Co","RF",2,13694144.09,-3743717.62,27,32.2026724377823
"Co","RF",2,13693852.44,-3734932.435,24,12.8906195068866
"Co","RF",2,13722995.91,-3724957.61,33,22.3273514296393
"Co","RF",2,13727686.92,-3719830.695,35,25.504994985566
"Co","RF",2,13736154.99,-3718579.056,22,9.77239277435867
"Co","RF",2,13764235.33,-3677197.044,3,9.48990375185134
"Co","RF",2,13767032.79,-3646730.462,4,5.73499102997314
"Co","RF",2,13700040.78,-3649726.373,8.8397498,7.90426185997174
"Co","RF",2,13718558.74,-3664133.686,3,9.4896938350828
"Co","RF",2,13703038.6,-3651177.757,9.496499988,8.70944858879304
"Co","RF",2,13711975.33,-3654148.812,5.432249963,7.70058240956056
"Co","RF",2,13765419.76,-3635473.611,8,6.38590581681717
"Co","RF",2,13794290.48,-3635876.257,3,3.95781409029567
"Co","RF",2,13800967.41,-3635079.982,7,4.22798653179708
"Co","RF",2,13771272.95,-3650610.741,2.325475023,5.120993951167
"Co","RF",2,13767925.57,-3654367.361,3,5.96006506437811
"Co","RF",2,13737532.01,-3664877.146,6,6.74947585447766
"Co","RF",2,13648634.5,-3823273.668,8,8.4781494562512
"Co","RF",2,13656178.57,-3765989.555,12,14.5604031145344
"Co","RF",2,13671739.97,-3729945.304,7.052300095,9.99860671502343
"Co","RF",2,13698995.43,-3790869.429,11,11.2077540992583
"Co","RF",2,13710503.64,-3788208.118,19,7.48989866807334
"Co","RF",2,13717760.56,-3800360.504,4,10.0585894602325
"Co","RF",2,13727705.84,-3786828.351,12,10.2919582619124
"Co","RF",2,13737517.55,-3782720.279,7,6.32775957865147
"Co","RF",2,13736090.43,-3791097.026,9,9.53089635650144
"Co","RF",2,13747211.24,-3772933.117,22,8.00198542199334
"Co","RF",2,13741011.85,-3728402.053,7,6.93828710312199
"Co","RF",2,13732541.56,-3725966.502,10,7.60433333333333
"Co","RF",2,13653637.14,-3764238.206,18,11.766047801983
"Co","RF",2,13662440.31,-3763374.464,11,22.8515848256622
"Co","RF",2,13695520,-3740259.642,22,31.4212209976974
"Co","RF",2,13802341.12,-3658466.051,2,3.23705079777397
"Co","RF",2,13758013.68,-3680874.443,5,13.1701250113958
"Co","RF",2,13764158.52,-3681585.018,3,9.74491525895384
"Co","RF",2,13700104.23,-3645982.867,8,7.32215635180393
"Co","RF",2,13700647.46,-3655488.777,11,8.58564900218351
"Co","RF",2,13712979.44,-3661869.721,2,13.9968445270422
"Co","RF",2,13703105.39,-3652920.72,13,8.81477026763967
"Co","RF",2,13704912.13,-3644953.28,7.745750013,7.11632533125123
"Co","RF",2,13711492.22,-3650030.718,11,8.2378411277854
"Co","RF",2,13716060.74,-3657816.714,5,8.91857890079537
"Co","RF",2,13674967.12,-3728475.347,41.29999924,8.93344274488324
"Co","RF",2,13711517.75,-3778187.795,50.59999847,19.466528205005
"Co","RF",2,13711739.28,-3778479.569,3.5,17.956863833608
"Co","RF",2,13689567.74,-3740533.466,7.5,44.6530117331521
"Co","RF",2,13711749.3,-3778555.799,9,17.995063833608
"Co","RF",2,13695166,-3741334.012,43.70000076,31.2845943485258
"Co","RF",2,13695630.2,-3741573.794,43.70000076,46.2081368211348
"Co","RF",2,13662006.16,-3770122.125,44.20000076,47.9884393956159
"Co","RF",2,13662173.14,-3769946.131,34.79999924,47.718650831462
"Co","RF",2,13733449.93,-3668081.976,13.30000019,10.0973022228827
"Co","RF",2,13760509.47,-3685138.527,49.5,10.7726471609171
"Co","RF",2,13760743.24,-3685548.062,34.40000153,10.9253071942325
"Co","RF",2,13688899.82,-3740359.213,35.70000076,44.8804350667414
"Co","RF",2,13688795.18,-3740533.466,40.09999847,44.9750350671214
"Co","RFK",2,13732061.78,-3825482.298,9,11.0889033056024
"Co","RFK",2,13659747.48,-3766418.905,12,25.9846271526823
"Co","RFK",2,13672382.28,-3719922.245,13,11.0445531399203
"Co","RFK",2,13679754.96,-3730224.132,10,11.7158117643895
"Co","RFK",2,13681632.92,-3720618.097,12,10.9054577642118
"Co","RFK",2,13651871.66,-3709448.757,9.692249975,7.84203526661738
"Co","RFK",2,13644316.4,-3710607.979,10.61624991,7.58641580137241
"Co","RFK",2,13656533.72,-3701175.423,7.810000003,7.03586709539397
"Co","RFK",2,13666142.82,-3700365.75,5.63575015,8.04113778454496
"Co","RFK",2,13675175.28,-3701059.178,8,7.69373297729476
"Co","RFK",2,13685455.62,-3733254.997,15,18.1289029896442
"Co","RFK",2,13686180.3,-3743708.455,31,45.9609523998386
"Co","RFK",2,13742250.85,-3767944.704,9,7.96965153093343
"Co","RFK",2,13737087.85,-3725004.714,8,8.09500245763649
"Co","RFK",2,13666078.25,-3776301.941,20,44.6031010213079
"Co","RFK",2,13722791.09,-3729161.226,10,13.1136749537583
"Co","RFK",2,13723510.21,-3720611.563,32,39.526415525317
"Co","RFK",2,13731655.45,-3719142.736,19,37.0308623041895
"Co","RFK",2,13763231.23,-3652353.639,32,5.48755524439088
"Co","RFK",2,13766871.37,-3643029.462,4,5.37982877649337
"Co","RFK",2,13759823.72,-3634669.579,5,5.93497874679057
"Co","RFK",2,13769393.87,-3634512.4,7,5.85720748181219
"Co","RFK",2,13789420.25,-3635929.522,9,3.86117316629494
"Co","RFK",2,13798590.7,-3634238.303,3,3.63597301371985
"Co","RFK",2,13770071.81,-3643858.738,6,5.15824792218118
"Co","RFK",2,13732206.49,-3664968.294,2,6.32218980376538
"Co","RFK",2,13639667.71,-3827740.176,7,13.371281436955
"Co","RFK",2,13729308.85,-3823761.795,15,9.73412065072618
"Co","RFK",2,13654522.13,-3772294.664,5,9.70651466683452
"Co","RFK",2,13670382.99,-3724778.336,8.731999988,10.7254936274642
"Co","RFK",2,13701704.95,-3782104.993,14,16.8003869453409
"Co","RFK",2,13714722.65,-3795889.769,5,9.04875109166775
"Co","RFK",2,13721270.46,-3799442.785,19,7.13866536803925
"Co","RFK",2,13732735.25,-3790268.167,4,7.45336532850281
"Co","RFK",2,13732648.43,-3781706.628,5,7.3683319134992
"Co","RFK",2,13742033.78,-3785885.363,7,6.77124431266117
"Co","RFK",2,13708180.4,-3776668.581,8,13.5200925251089
"Co","RFK",2,13700052.96,-3778012.994,33,15.1667691750371
"Co","RFK",2,13746050.19,-3766474.053,7,7.93152346564138
"Co","RFK",2,13735907.86,-3728148.14,20,7.11576642738052
"Co","RFK",2,13713299.98,-3720118.446,14,18.3429819970735
"Co","RFK",2,13718200.27,-3724516.654,34,36.2204323708927
"Co","RFK",2,13718529.77,-3728818.286,24,24.0973271485808
"Co","RFK",2,13694626.2,-3664848.505,5.404500025,9.03367734476281
"Co","RFK",2,13696234.75,-3671828.297,8.99700029,8.65158185237262
"Co","RFK",2,13693144.5,-3680171.743,6.234999978,7.85878690095519
"Co","RFK",2,13714762.74,-3669237.274,8,9.84950964840318
"Co","RFK",2,13708174.9,-3654255.49,8.683999785,7.88495808764347
"Co","RFK",2,13708649.12,-3646183.116,6.34600009,7.62395329319183
"Co","RFK",2,13718819.23,-3659865.177,3,7.71768876004285
"Co","RFK",2,13738246.7,-3824929.442,5,10.8930588096812
"Co","RFK",2,13732711.89,-3828499.057,7,13.670206264905
"Co","RFK",2,13725282.41,-3806505.893,3,10.5921918731458
"Co","RFK",2,13703683.09,-3788369.913,8,7.47390398656388
"Co","RFK",2,13715645.49,-3802200.102,8,11.0584922378014
"Co","RFK",2,13723170.69,-3794261.704,7,13.2534493777701
"Co","RFK",2,13732421.34,-3787751.676,9,6.92640711383829
"Co","RFK",2,13741233.39,-3781962.985,4,6.82516805200783
"Co","RFK",2,13741295.72,-3790762.846,9,7.7947176837097
"Co","RFK",2,13741921.35,-3777424.206,5,5.70649605549373
"Co","RFK",2,13732507.05,-3777761.962,6,6.07512918529272
"Co","RFK",2,13705161.41,-3776680.409,7,19.9739559432441
"Co","RFK",2,13676542.27,-3729608.886,7.622549905,8.31076841276596
"Co","RFK",2,13677577.55,-3720321.179,10,9.03452299516877
"Co","RFK",2,13648154.7,-3714841.925,8.066000073,9.08677028674859
"Co","RFK",2,13638308.49,-3715166.177,7.142499923,7.99605789747311
"Co","RFK",2,13642987.24,-3706413.39,6.10999996,8.40346320649408
"Co","RFK",2,13690165.52,-3739655.678,33,46.156505755912
"Co","RFK",2,13717938.67,-3721140.018,37,35.6544289643087
"Co","RFK",2,13712184.55,-3724203.933,20,13.2753328847762
"Co","RFK",2,13727238.3,-3728577.451,18,8.46869340091755
"Co","RFK",2,13740877.16,-3720968.657,13,7.90823515289985
"Co","RFK",2,13760890.18,-3654301.022,17,4.93683726321507
"Co","RFK",2,13762700.23,-3646796.777,3,5.27620733625687
"Co","RFK",2,13692623.52,-3661689.991,8,11.0191205224957
"Co","RFK",2,13695294.11,-3668600.351,8.39724982,8.69714352710476
"Co","RFK",2,13696624.36,-3676207.834,10.25899995,9.94994162190453
"Co","RFK",2,13718670.05,-3668463.59,10,10.7608638046134
"Co","RFK",2,13708445.4,-3651747.487,7.11100015,7.45455210493796
"Co","RFK",2,13725646.45,-3658546.781,3,5.37729630309448
"Co","RFK",2,13764931.07,-3640185.896,2,5.62598957563872
"Co","RFK",2,13793285.26,-3640457.445,2,3.05367563398795
"Co","RFK",2,13768897.39,-3673232.79,18,6.62913740408784
"Co","RFK",2,13737943.89,-3667839.727,2,6.17214351871477
"Co","RFK",2,13727410.85,-3668545.646,7,8.19335836025201
"Co","RFK",2,13722389.24,-3663917.557,2,9.37674113418752
"Co","RFK",2,13730724.83,-3661809.839,1,5.22848598501111
"Co","RFK",2,13736247.39,-3657989.789,12,6.87022594344695
"Co","RFK",2,13643621.79,-3825085.142,3,5.8210835509613
"Co","RFK",2,13652021.96,-3824947.919,2,6.18876741194168
"Co","RFK",2,13716357.94,-3803954.369,7,10.0453876096028
"Co","RFK",2,13660830.63,-3772345.91,14,21.4446340475408
"Co","RFK",2,13677074.39,-3724635.716,16,14.2611424901686
"Co","RFK",2,13651951.82,-3715347.898,8.195250243,10.404046783275
"Co","RFK",2,13643613.98,-3714947.832,11.11700021,7.80711264397081
"Co","RFK",2,13638286.21,-3706776.608,29,7.93208601161547
"Co","RFK",2,13648540.97,-3706264.441,8.470750018,8.79741530834597
"Co","RFK",2,13690574.07,-3734505.524,5,13.5758737575438
"Co","RFK",2,13692352.95,-3744291.643,14,29.0042036245217
"Co","RFK",2,13666573.61,-3761804.618,8,20.3617126701756
"Co","RFK",2,13746788.24,-3762148.494,4,8.3092181375916
"Co","RFK",2,13731590.89,-3727517.299,12,7.61376524161477
"Co","RFK",2,13728952.62,-3723169.027,15,19.5292402103147
"Co","RFK",2,13760533.96,-3675106.596,15,10.5712797021331
"Co","RFK",2,13761178.49,-3643318.024,3,5.27514475309998
"Co","RFK",2,13760641.94,-3683577.465,22,10.5480522432989
"Co","RFK",2,13769495.18,-3683306.22,12,7.78652217644479
"Co","RFK",2,13760338.03,-3639822.057,4,5.28058031144676
"Co","RFK",2,13769824.68,-3640415.896,4,4.27320644457729
"Co","RFK",2,13789291.12,-3641433.412,2,2.99329642870437
"Co","RFK",2,13797494.25,-3641398.318,3,3.33338544412368
"Co","RFK",2,13741808.9,-3669107.016,24,8.20140279618225
"Co","RFK",2,13733746.04,-3669364.922,14,9.85908781295834
"Co","RFK",2,13723889.82,-3668371.117,6,12.0370448657779
"Co","RFK",2,13729454.68,-3658394.517,3,5.08217902457923
"Co","RFK",2,13733948.64,-3660742.448,15,6.06834917070222
"Co","RFK",2,13741088.67,-3658343.759,8,5.55977167069878
"Co","RFK",2,13757299.01,-3645148.283,4,5.49127698766458
"Co","RFK",2,13761131.74,-3648719.875,10,4.02970274036999
"Co","RFK",2,13699149.05,-3786840.198,14,14.6773697553516
"Co","RFK",2,13709144.43,-3791145.725,5,9.91470190610603
"Co","RFK",2,13707748.47,-3784154.802,21,18.5247389894103
"Co","RFK",2,13718264.83,-3793887.955,9,7.24862631743892
"Co","RFK",2,13727011.21,-3800884.569,15,6.74439985593015
"Co","RFK",2,13728015.31,-3781631.693,10,6.87738476372998
"Co","RFK",2,13737495.28,-3784814.901,5,6.81349347982067
"Co","RFK",2,13744289.1,-3771880.886,31,7.61292533618769
"Co","RFK",2,13681130.86,-3725342.305,13,18.8158842650349
"Co","RFK",2,13647875.29,-3709699.676,10.09325007,7.32729584980325
"Co","RFK",2,13638803.86,-3711355.584,8.793000035,10.094890669389
"Co","RFK",2,13661284.85,-3700937.737,9.542499998,6.95565187116116
"Co","RFK",2,13671893.58,-3700552.488,7.711500065,8.48800441953272
"Co","RFK",2,13684935.75,-3738804.16,5,15.1673172080781
"Co","RFK",2,13666226.29,-3768660.403,47,47.0420658146208
"Co","RFK",2,13694144.09,-3743717.62,27,32.3900493971593
"Co","RFK",2,13693852.44,-3734932.435,24,13.0622761192102
"Co","RFK",2,13722995.91,-3724957.61,33,22.4928567571926
"Co","RFK",2,13727686.92,-3719830.695,35,25.6509602397776
"Co","RFK",2,13736154.99,-3718579.056,22,9.89563653786455
"Co","RFK",2,13764235.33,-3677197.044,3,9.4271050362822
"Co","RFK",2,13767032.79,-3646730.462,4,5.55980952402034
"Co","RFK",2,13700040.78,-3649726.373,8.8397498,7.47414433908972
"Co","RFK",2,13718558.74,-3664133.686,3,9.30488600910593
"Co","RFK",2,13703038.6,-3651177.757,9.496499988,8.31590459171561
"Co","RFK",2,13711975.33,-3654148.812,5.432249963,7.39413876260515
"Co","RFK",2,13765419.76,-3635473.611,8,6.15662083617399
"Co","RFK",2,13794290.48,-3635876.257,3,3.73761691918342
"Co","RFK",2,13800967.41,-3635079.982,7,3.99521197900813
"Co","RFK",2,13771272.95,-3650610.741,2.325475023,4.96183137552226
"Co","RFK",2,13767925.57,-3654367.361,3,5.81594355653422
"Co","RFK",2,13737532.01,-3664877.146,6,6.63232874029763
"Co","RFK",2,13648634.5,-3823273.668,8,7.84284164059042
"Co","RFK",2,13656178.57,-3765989.555,12,14.5210865166209
"Co","RFK",2,13671739.97,-3729945.304,7.052300095,10.0473836072581
"Co","RFK",2,13698995.43,-3790869.429,11,11.2239791925106
"Co","RFK",2,13710503.64,-3788208.118,19,7.51646823452924
"Co","RFK",2,13717760.56,-3800360.504,4,9.94939243776683
"Co","RFK",2,13727705.84,-3786828.351,12,10.2636184807952
"Co","RFK",2,13737517.55,-3782720.279,7,6.27055708321003
"Co","RFK",2,13736090.43,-3791097.026,9,9.4127775103918
"Co","RFK",2,13747211.24,-3772933.117,22,7.93990332041141
"Co","RFK",2,13741011.85,-3728402.053,7,7.05417047980247
"Co","RFK",2,13732541.56,-3725966.502,10,7.75021258861035
"Co","RFK",2,13653637.14,-3764238.206,18,11.7082163338226
"Co","RFK",2,13662440.31,-3763374.464,11,22.8707699688266
"Co","RFK",2,13695520,-3740259.642,22,31.6076330258312
"Co","RFK",2,13802341.12,-3658466.051,2,3.01714684657023
"Co","RFK",2,13758013.68,-3680874.443,5,13.1321994469756
"Co","RFK",2,13764158.52,-3681585.018,3,9.69407482128599
"Co","RFK",2,13700104.23,-3645982.867,8,6.8540181240316
"Co","RFK",2,13700647.46,-3655488.777,11,8.21837552516239
"Co","RFK",2,13712979.44,-3661869.721,2,13.7657514936205
"Co","RFK",2,13703105.39,-3652920.72,13,8.43906569781877
"Co","RFK",2,13704912.13,-3644953.28,7.745750013,6.67406636954853
"Co","RFK",2,13711492.22,-3650030.718,11,7.89009785061742
"Co","RFK",2,13716060.74,-3657816.714,5,8.66801864515523
"Co","RFK",2,13674967.12,-3728475.347,41.29999924,8.99691265533525
"Co","RFK",2,13711517.75,-3778187.795,50.59999847,19.5632494224365
"Co","RFK",2,13711739.28,-3778479.569,3.5,18.0512608147603
"Co","RFK",2,13689567.74,-3740533.466,7.5,44.8232515715443
"Co","RFK",2,13711749.3,-3778555.799,9,18.0889556951655
"Co","RFK",2,13695166,-3741334.012,43.70000076,31.4716934861282
"Co","RFK",2,13695630.2,-3741573.794,43.70000076,46.3965767603189
"Co","RFK",2,13662006.16,-3770122.125,44.20000076,47.9840549444333
"Co","RFK",2,13662173.14,-3769946.131,34.79999924,47.7162143218036
"Co","RFK",2,13733449.93,-3668081.976,13.30000019,9.99207112565782
"Co","RFK",2,13760509.47,-3685138.527,49.5,10.741318979621
"Co","RFK",2,13760743.24,-3685548.062,34.40000153,10.8943973174922
"Co","RFK",2,13688899.82,-3740359.213,35.70000076,45.0481205292114
"Co","RFK",2,13688795.18,-3740533.466,40.09999847,45.1426609695552
"Co","SRK",2,13732061.78,-3825482.298,9,9.72164054410094
"Co","SRK",2,13659747.48,-3766418.905,12,24.0837985749412
"Co","SRK",2,13672382.28,-3719922.245,13,10.0902628559828
"Co","SRK",2,13679754.96,-3730224.132,10,12.2747452961482
"Co","SRK",2,13681632.92,-3720618.097,12,10.1598240633899
"Co","SRK",2,13651871.66,-3709448.757,9.692249975,7.9341280702215
"Co","SRK",2,13644316.4,-3710607.979,10.61624991,8.13073962849896
"Co","SRK",2,13656533.72,-3701175.423,7.810000003,8.09886243230183
"Co","SRK",2,13666142.82,-3700365.75,5.63575015,9.07612061924388
"Co","SRK",2,13675175.28,-3701059.178,8,7.66513825314499
"Co","SRK",2,13685455.62,-3733254.997,15,20.7597309306832
"Co","SRK",2,13686180.3,-3743708.455,31,36.8948756046885
"Co","SRK",2,13742250.85,-3767944.704,9,9.15073961455365
"Co","SRK",2,13737087.85,-3725004.714,8,9.14553302826396
"Co","SRK",2,13666078.25,-3776301.941,20,39.553494194654
"Co","SRK",2,13722791.09,-3729161.226,10,15.2107591737955
"Co","SRK",2,13723510.21,-3720611.563,32,30.4985201613608
"Co","SRK",2,13731655.45,-3719142.736,19,31.1044030483477
"Co","SRK",2,13763231.23,-3652353.639,32,7.79752697223878
"Co","SRK",2,13766871.37,-3643029.462,4,5.6292273880307
"Co","SRK",2,13759823.72,-3634669.579,5,8.2699872848426
"Co","SRK",2,13769393.87,-3634512.4,7,5.37556876547512
"Co","SRK",2,13789420.25,-3635929.522,9,4.30019407115357
"Co","SRK",2,13798590.7,-3634238.303,3,3.17185336858806
"Co","SRK",2,13770071.81,-3643858.738,6,4.56754968723882
"Co","SRK",2,13732206.49,-3664968.294,2,6.884600583175
"Co","SRK",2,13639667.71,-3827740.176,7,11.2560992130687
"Co","SRK",2,13729308.85,-3823761.795,15,9.61959133447569
"Co","SRK",2,13654522.13,-3772294.664,5,11.8864521226333
"Co","SRK",2,13670382.99,-3724778.336,8.731999988,14.2474022980482
"Co","SRK",2,13701704.95,-3782104.993,14,18.5946606589349
"Co","SRK",2,13714722.65,-3795889.769,5,8.18799699827653
"Co","SRK",2,13721270.46,-3799442.785,19,7.56595623164155
"Co","SRK",2,13732735.25,-3790268.167,4,9.33363761148583
"Co","SRK",2,13732648.43,-3781706.628,5,7.07718112157232
"Co","SRK",2,13742033.78,-3785885.363,7,6.89472502559713
"Co","SRK",2,13708180.4,-3776668.581,8,12.1511605423347
"Co","SRK",2,13700052.96,-3778012.994,33,21.1547605596034
"Co","SRK",2,13746050.19,-3766474.053,7,12.3345317015903
"Co","SRK",2,13735907.86,-3728148.14,20,6.66187608362765
"Co","SRK",2,13713299.98,-3720118.446,14,16.4751589861805
"Co","SRK",2,13718200.27,-3724516.654,34,29.1846130434159
"Co","SRK",2,13718529.77,-3728818.286,24,24.7089724940507
"Co","SRK",2,13694626.2,-3664848.505,5.404500025,8.27705646591597
"Co","SRK",2,13696234.75,-3671828.297,8.99700029,9.2678597559496
"Co","SRK",2,13693144.5,-3680171.743,6.234999978,8.47587502415907
"Co","SRK",2,13714762.74,-3669237.274,8,9.28637426513863
"Co","SRK",2,13708174.9,-3654255.49,8.683999785,9.01081352337861
"Co","SRK",2,13708649.12,-3646183.116,6.34600009,8.14766679013731
"Co","SRK",2,13718819.23,-3659865.177,3,9.45205261593957
"Co","SRK",2,13738246.7,-3824929.442,5,8.43972056265448
"Co","SRK",2,13732711.89,-3828499.057,7,12.3476384903138
"Co","SRK",2,13725282.41,-3806505.893,3,10.3612312009982
"Co","SRK",2,13703683.09,-3788369.913,8,8.84054116759637
"Co","SRK",2,13715645.49,-3802200.102,8,9.55339272526123
"Co","SRK",2,13723170.69,-3794261.704,7,14.0515592866065
"Co","SRK",2,13732421.34,-3787751.676,9,7.82646131794267
"Co","SRK",2,13741233.39,-3781962.985,4,6.24984516767331
"Co","SRK",2,13741295.72,-3790762.846,9,7.35199465149831
"Co","SRK",2,13741921.35,-3777424.206,5,5.35634209293634
"Co","SRK",2,13732507.05,-3777761.962,6,6.02176821239161
"Co","SRK",2,13705161.41,-3776680.409,7,16.636602931887
"Co","SRK",2,13676542.27,-3729608.886,7.622549905,9.26713068602766
"Co","SRK",2,13677577.55,-3720321.179,10,11.2690589680442
"Co","SRK",2,13648154.7,-3714841.925,8.066000073,9.92992283759829
"Co","SRK",2,13638308.49,-3715166.177,7.142499923,8.21677197154694
"Co","SRK",2,13642987.24,-3706413.39,6.10999996,8.36697367829914
"Co","SRK",2,13690165.52,-3739655.678,33,37.8000186421659
"Co","SRK",2,13717938.67,-3721140.018,37,30.0850803280552
"Co","SRK",2,13712184.55,-3724203.933,20,11.6125560996394
"Co","SRK",2,13727238.3,-3728577.451,18,10.4429587333765
"Co","SRK",2,13740877.16,-3720968.657,13,8.34038347433934
"Co","SRK",2,13760890.18,-3654301.022,17,10.1515653858612
"Co","SRK",2,13762700.23,-3646796.777,3,5.63816056280785
"Co","SRK",2,13692623.52,-3661689.991,8,8.75783862673267
"Co","SRK",2,13695294.11,-3668600.351,8.39724982,8.54010153726521
"Co","SRK",2,13696624.36,-3676207.834,10.25899995,9.53370668225066
"Co","SRK",2,13718670.05,-3668463.59,10,9.73937160692765
"Co","SRK",2,13708445.4,-3651747.487,7.11100015,7.97767295456401
"Co","SRK",2,13725646.45,-3658546.781,3,7.33709408279192
"Co","SRK",2,13764931.07,-3640185.896,2,5.974583143475
"Co","SRK",2,13793285.26,-3640457.445,2,3.16191972638594
"Co","SRK",2,13768897.39,-3673232.79,18,8.5156166766018
"Co","SRK",2,13737943.89,-3667839.727,2,6.16398111496485
"Co","SRK",2,13727410.85,-3668545.646,7,8.17920375579017
"Co","SRK",2,13722389.24,-3663917.557,2,7.84972460469873
"Co","SRK",2,13730724.83,-3661809.839,1,6.47658021750354
"Co","SRK",2,13736247.39,-3657989.789,12,7.20088282800623
"Co","SRK",2,13643621.79,-3825085.142,3,8.29987583642931
"Co","SRK",2,13652021.96,-3824947.919,2,7.3679287216252
"Co","SRK",2,13716357.94,-3803954.369,7,9.65194844173548
"Co","SRK",2,13660830.63,-3772345.91,14,19.4554244892921
"Co","SRK",2,13677074.39,-3724635.716,16,13.3276612498297
"Co","SRK",2,13651951.82,-3715347.898,8.195250243,12.4479191299251
"Co","SRK",2,13643613.98,-3714947.832,11.11700021,7.66264731792386
"Co","SRK",2,13638286.21,-3706776.608,29,10.0831196924778
"Co","SRK",2,13648540.97,-3706264.441,8.470750018,8.44894699128134
"Co","SRK",2,13690574.07,-3734505.524,5,17.2392821255205
"Co","SRK",2,13692352.95,-3744291.643,14,27.874161318495
"Co","SRK",2,13666573.61,-3761804.618,8,18.2898207238888
"Co","SRK",2,13746788.24,-3762148.494,4,9.52045489113724
"Co","SRK",2,13731590.89,-3727517.299,12,10.8886193651458
"Co","SRK",2,13728952.62,-3723169.027,15,18.7072551671649
"Co","SRK",2,13760533.96,-3675106.596,15,11.4033087146804
"Co","SRK",2,13761178.49,-3643318.024,3,6.24560541390124
"Co","SRK",2,13760641.94,-3683577.465,22,10.8069707754443
"Co","SRK",2,13769495.18,-3683306.22,12,11.2540134593199
"Co","SRK",2,13760338.03,-3639822.057,4,7.02492800336845
"Co","SRK",2,13769824.68,-3640415.896,4,4.18380453533379
"Co","SRK",2,13789291.12,-3641433.412,2,3.55851094901763
"Co","SRK",2,13797494.25,-3641398.318,3,3.10671985143822
"Co","SRK",2,13741808.9,-3669107.016,24,7.69859548828105
"Co","SRK",2,13733746.04,-3669364.922,14,9.10725362943178
"Co","SRK",2,13723889.82,-3668371.117,6,10.7561286784264
"Co","SRK",2,13729454.68,-3658394.517,3,6.18992257064202
"Co","SRK",2,13733948.64,-3660742.448,15,6.33373013085243
"Co","SRK",2,13741088.67,-3658343.759,8,5.58548783139202
"Co","SRK",2,13757299.01,-3645148.283,4,5.8107156039107
"Co","SRK",2,13761131.74,-3648719.875,10,5.33950290288734
"Co","SRK",2,13699149.05,-3786840.198,14,15.5372164458894
"Co","SRK",2,13709144.43,-3791145.725,5,9.82124814997832
"Co","SRK",2,13707748.47,-3784154.802,21,14.6443564846997
"Co","SRK",2,13718264.83,-3793887.955,9,7.6703652453504
"Co","SRK",2,13727011.21,-3800884.569,15,8.19424472911888
"Co","SRK",2,13728015.31,-3781631.693,10,7.21631524716934
"Co","SRK",2,13737495.28,-3784814.901,5,7.01686666516947
"Co","SRK",2,13744289.1,-3771880.886,31,9.26156484828752
"Co","SRK",2,13681130.86,-3725342.305,13,15.405278637305
"Co","SRK",2,13647875.29,-3709699.676,10.09325007,7.49579687818517
"Co","SRK",2,13638803.86,-3711355.584,8.793000035,8.95859180259656
"Co","SRK",2,13661284.85,-3700937.737,9.542499998,8.50734692114086
"Co","SRK",2,13671893.58,-3700552.488,7.711500065,8.36013418303201
"Co","SRK",2,13684935.75,-3738804.16,5,12.8142705891296
"Co","SRK",2,13666226.29,-3768660.403,47,33.8634084438245
"Co","SRK",2,13694144.09,-3743717.62,27,29.4549603157035
"Co","SRK",2,13693852.44,-3734932.435,24,16.0674370702368
"Co","SRK",2,13722995.91,-3724957.61,33,21.7334441188677
"Co","SRK",2,13727686.92,-3719830.695,35,23.8709497026372
"Co","SRK",2,13736154.99,-3718579.056,22,10.8696084231143
"Co","SRK",2,13764235.33,-3677197.044,3,9.5831528989215
"Co","SRK",2,13767032.79,-3646730.462,4,5.77093412646308
"Co","SRK",2,13700040.78,-3649726.373,8.8397498,7.53770085025139
"Co","SRK",2,13718558.74,-3664133.686,3,7.97529520955277
"Co","SRK",2,13703038.6,-3651177.757,9.496499988,7.60029342849955
"Co","SRK",2,13711975.33,-3654148.812,5.432249963,7.24347688064956
"Co","SRK",2,13765419.76,-3635473.611,8,5.85761040831003
"Co","SRK",2,13794290.48,-3635876.257,3,3.45725183028544
"Co","SRK",2,13800967.41,-3635079.982,7,3.26180576807
"Co","SRK",2,13771272.95,-3650610.741,2.325475023,5.81727646451872
"Co","SRK",2,13767925.57,-3654367.361,3,5.61929766384422
"Co","SRK",2,13737532.01,-3664877.146,6,7.43484268702189
"Co","SRK",2,13648634.5,-3823273.668,8,7.05958072073888
"Co","SRK",2,13656178.57,-3765989.555,12,13.6784690974139
"Co","SRK",2,13671739.97,-3729945.304,7.052300095,9.67933969600927
"Co","SRK",2,13698995.43,-3790869.429,11,12.7926342832325
"Co","SRK",2,13710503.64,-3788208.118,19,10.915514382953
"Co","SRK",2,13717760.56,-3800360.504,4,10.2926580339518
"Co","SRK",2,13727705.84,-3786828.351,12,10.8149467015817
"Co","SRK",2,13737517.55,-3782720.279,7,6.09562567926616
"Co","SRK",2,13736090.43,-3791097.026,9,8.93933778263073
"Co","SRK",2,13747211.24,-3772933.117,22,9.14799727635641
"Co","SRK",2,13741011.85,-3728402.053,7,7.53508514240964
"Co","SRK",2,13732541.56,-3725966.502,10,14.1044099422431
"Co","SRK",2,13653637.14,-3764238.206,18,12.713340779611
"Co","SRK",2,13662440.31,-3763374.464,11,18.193461133339
"Co","SRK",2,13695520,-3740259.642,22,30.4136125824835
"Co","SRK",2,13802341.12,-3658466.051,2,2.77506326631059
"Co","SRK",2,13758013.68,-3680874.443,5,13.6207491283485
"Co","SRK",2,13764158.52,-3681585.018,3,11.4041554020907
"Co","SRK",2,13700104.23,-3645982.867,8,7.33126961723335
"Co","SRK",2,13700647.46,-3655488.777,11,7.70100867741685
"Co","SRK",2,13712979.44,-3661869.721,2,14.5887401393864
"Co","SRK",2,13703105.39,-3652920.72,13,7.72710779236705
"Co","SRK",2,13704912.13,-3644953.28,7.745750013,7.08175046611945
"Co","SRK",2,13711492.22,-3650030.718,11,7.56452120967026
"Co","SRK",2,13716060.74,-3657816.714,5,9.66445441382047
"Co","SRK",2,13674967.12,-3728475.347,41.29999924,8.14004965517503
"Co","SRK",2,13711517.75,-3778187.795,50.59999847,16.2132063863659
"Co","SRK",2,13711739.28,-3778479.569,3.5,15.2461893675698
"Co","SRK",2,13689567.74,-3740533.466,7.5,37.3237789152684
"Co","SRK",2,13711749.3,-3778555.799,9,15.2247787694829
"Co","SRK",2,13695166,-3741334.012,43.70000076,30.347522563335
"Co","SRK",2,13695630.2,-3741573.794,43.70000076,37.1131328248432
"Co","SRK",2,13662006.16,-3770122.125,44.20000076,40.6734256483839
"Co","SRK",2,13662173.14,-3769946.131,34.79999924,39.5613622534447
"Co","SRK",2,13733449.93,-3668081.976,13.30000019,9.05442322406998
"Co","SRK",2,13760509.47,-3685138.527,49.5,11.6786019632248
"Co","SRK",2,13760743.24,-3685548.062,34.40000153,11.8000053117609
"Co","SRK",2,13688899.82,-3740359.213,35.70000076,37.2860540848873
"Co","SRK",2,13688795.18,-3740533.466,40.09999847,37.2905201967467
"Co","OK",3,13647171.74,-3800514.561,3,15.3753452492687
"Co","OK",3,13669560.33,-3826052.335,5,10.8508442470626
"Co","OK",3,13671822.35,-3814357.538,35,15.1994605321379
"Co","OK",3,13671510.64,-3806303.027,63,18.0646440365048
"Co","OK",3,13671375.94,-3796478.135,30,21.1807509523885
"Co","OK",3,13676186.05,-3791653.589,52,22.7070753213689
"Co","OK",3,13675399.03,-3799550.756,46,20.4707638916806
"Co","OK",3,13676168.26,-3811775.337,16,16.2879082759647
"Co","OK",3,13681278.93,-3816706.923,22,14.4437950884757
"Co","OK",3,13681333.49,-3824297.452,14,11.7296961687108
"Co","OK",3,13689659.07,-3825017.85,6,11.1303412445948
"Co","OK",3,13741191.07,-3809426.925,4,5.99004745451942
"Co","OK",3,13731681.06,-3810800.063,10,7.63661040546836
"Co","OK",3,13651616.7,-3767893.476,13,20.0582856812791
"Co","OK",3,13642662.16,-3766686.746,56,16.9393532526376
"Co","OK",3,13642755.69,-3743497.457,11.20299994,13.1881622867923
"Co","OK",3,13642350.5,-3734889.226,4.41350001,11.092128820921
"Co","OK",3,13648203.67,-3739068.78,2.741749988,13.5926103292951
"Co","OK",3,13662882.26,-3747874.016,10,19.6687613814307
"Co","OK",3,13654660.2,-3748251.584,9.00204981,17.6798204394596
"Co","OK",3,13657725.93,-3758098.714,9,20.6466687477854
"Co","OK",3,13661688.94,-3710537.38,7.60775,8.88187350939995
"Co","OK",3,13685418.91,-3699654.085,6,10.6149602352012
"Co","OK",3,13699537.55,-3772271.04,32,22.9985051862925
"Co","OK",3,13710243.14,-3771499.964,12,20.0862584964119
"Co","OK",3,13718681.15,-3772164.638,21,17.2435882822986
"Co","OK",3,13724122.46,-3766439.923,4,16.1174929758072
"Co","OK",3,13732301.1,-3767020.273,11,13.38818986532
"Co","OK",3,13746508.81,-3739104.154,5,13.5826387442758
"Co","OK",3,13736825.12,-3734445.293,2,16.2248389177525
"Co","OK",3,13736318.62,-3743159.362,6,15.4100650072717
"Co","OK",3,13713792.01,-3764022.938,7,19.6409545075014
"Co","OK",3,13703907.94,-3763789.271,22,22.3579662919145
"Co","OK",3,13741880.15,-3698404.514,23,15.4562805160344
"Co","OK",3,13740378.45,-3688638.281,18,14.2316446428324
"Co","OK",3,13731699.98,-3692715.843,10,15.0533877256242
"Co","OK",3,13723677.19,-3682831.578,10,12.9882507050614
"Co","OK",3,13724522.11,-3673978.126,11,11.3839820019552
"Co","OK",3,13797477.56,-3663814.662,3,4.05412253717218
"Co","OK",3,13789110.78,-3664615.398,9,5.12779799363824
"Co","OK",3,13750663.26,-3663101.252,2,9.20260178369307
"Co","OK",3,13743592.24,-3664364.136,2,9.771686507026
"Co","OK",3,13731153.42,-3653666.171,6,8.09223701038148
"Co","OK",3,13737582.11,-3655092.028,5,8.31196407098478
"Co","OK",3,13737869.32,-3644040.749,7,6.71196545122201
"Co","OK",3,13652038.63,-3802230.392,15,16.2106679063527
"Co","OK",3,13642047.7,-3799583.665,10,14.107838026692
"Co","OK",3,13669074.98,-3828018.645,12,10.1435554391337
"Co","OK",3,13671938.12,-3820151.406,7,13.0866646842578
"Co","OK",3,13671954.81,-3811893.955,27,16.1040453676412
"Co","OK",3,13672408.98,-3799736.4,22,20.2836270010188
"Co","OK",3,13669558.08,-3792157.54,19,22.148461715909
"Co","OK",3,13736081.51,-3814638.326,8,6.41303332252028
"Co","OK",3,13644526.76,-3772563.963,14,17.8825932818094
"Co","OK",3,13638411.98,-3767158.131,9,15.4686473432353
"Co","OK",3,13638978.63,-3739419.869,30,11.2675334364162
"Co","OK",3,13649384.77,-3742243.378,10.0224998,14.7186565230443
"Co","OK",3,13664360.58,-3753958.475,8,21.4703704589452
"Co","OK",3,13653678.35,-3754199.817,18,18.7495344200025
"Co","OK",3,13702920.55,-3792447.028,3,18.7956330327784
"Co","OK",3,13705317.26,-3800928.036,5,16.0462598160761
"Co","OK",3,13737478.59,-3776184.986,4,10.4979841921023
"Co","OK",3,13717094.86,-3775265.189,2,17.3811211752487
"Co","OK",3,13704476.79,-3770520.097,42,21.870196820156
"Co","OK",3,13713594.97,-3773545.337,20,18.7781132234895
"Co","OK",3,13719556.13,-3769035.997,4,17.3249046092066
"Co","OK",3,13727999.72,-3767508.742,6,14.7109414871311
"Co","OK",3,13738110.88,-3766730.09,6,11.6353380943527
"Co","OK",3,13744574.07,-3742865.82,9,13.4870198973139
"Co","OK",3,13746524.39,-3734057.681,4,14.2600511686078
"Co","OK",3,13737485.25,-3737506.03,5,15.7889693157924
"Co","OK",3,13718840.34,-3761863.684,4,18.2770742587604
"Co","OK",3,13708806.01,-3764070.196,8,21.0788576772412
"Co","OK",3,13697086.27,-3763298.324,41,23.7889321347203
"Co","OK",3,13700400.27,-3724241.874,8,18.2763669022668
"Co","OK",3,13707381.13,-3701529.328,7,14.6628096722851
"Co","OK",3,13731904.81,-3699541.788,15,16.0461481129381
"Co","OK",3,13708043.47,-3729246.304,32,19.3689221129097
"Co","OK",3,13798227.85,-3667749.834,3,4.17403550729933
"Co","OK",3,13788575.34,-3667966.028,2,5.45544339075912
"Co","OK",3,13692943,-3695980.178,12,11.2469634861772
"Co","OK",3,13703783.28,-3694865.43,9,12.8735398060023
"Co","OK",3,13711412.01,-3696565.005,4,14.2824437295523
"Co","OK",3,13707570.37,-3688531.308,22,12.2839360357946
"Co","OK",3,13705079.06,-3686639.8,10,11.5780354888427
"Co","OK",3,13717932,-3678194.189,13,11.6623760837964
"Co","OK",3,13730317.41,-3641981.903,5,6.52088692534457
"Co","OK",3,13730889.58,-3814582.957,7,7.32148533355049
"Co","OK",3,13676308.53,-3814488.048,19,15.2977971295033
"Co","OK",3,13680362.77,-3827593.683,15,10.6058036204877
"Co","OK",3,13698802.83,-3804109.806,3,16.6542546555236
"Co","OK",3,13704780.7,-3795293.544,5,17.6114607739849
"Co","OK",3,13660752.74,-3714360.793,7.44525001,9.63500045539512
"Co","OK",3,13652775.57,-3705769.287,6.105249855,6.54687436784216
"Co","OK",3,13662834.42,-3707164.624,7.895500045,8.3206340963318
"Co","OK",3,13689726.98,-3700803.224,7,11.6249344412171
"Co","OK",3,13699788,-3729512.02,17,19.2891615104244
"Co","OK",3,13698629.17,-3719435.692,7,17.1116658613581
"Co","OK",3,13703189.95,-3699322.422,4,13.6271678294232
"Co","OK",3,13727426.43,-3700871.131,34,16.2070229893717
"Co","OK",3,13711737.05,-3729262.013,24,19.2913255872063
"Co","OK",3,13728770.04,-3744114.727,5,17.0618224228998
"Co","OK",3,13735104.13,-3691179.911,20,14.7954503659968
"Co","OK",3,13694259.91,-3687110.694,5.525749948,9.91272705684746
"Co","OK",3,13696809.12,-3694789.725,2,11.7006240186636
"Co","OK",3,13708486.53,-3694693.136,4,13.5457518369774
"Co","OK",3,13702723.52,-3689558.061,21,11.7310787882094
"Co","OK",3,13712730.06,-3678478.354,16,11.1711548965442
"Co","OK",3,13756238.14,-3670718.336,28,10.041324909593
"Co","OK",3,13745892.11,-3668734.496,8,10.4639153361878
"Co","OK",3,13745947.76,-3660008.34,4,8.91925083989541
"Co","OK",3,13756676.74,-3658523.359,3,8.04165951380805
"Co","OK",3,13647139.44,-3795634.416,6,16.4706650911357
"Co","OK",3,13648202.56,-3804536.551,6,14.620723635155
"Co","OK",3,13675636.16,-3820388.813,8,13.1255834282855
"Co","OK",3,13685916.5,-3828163.821,3,10.2948215853225
"Co","OK",3,13710566.08,-3805355.865,11,13.5949620269953
"Co","OK",3,13649656.36,-3771821.765,4,19.6165652203188
"Co","OK",3,13637079.48,-3772123.893,11,15.2104948802999
"Co","OK",3,13638860.6,-3761947.665,5,15.1654882533399
"Co","OK",3,13637963.39,-3745189.431,4,12.1866661157794
"Co","OK",3,13637440.2,-3735465.45,17,10.041952243446
"Co","OK",3,13662164.24,-3754248.352,9,21.0277073500641
"Co","OK",3,13665728.72,-3715941.481,18.25974974,10.9257007439898
"Co","OK",3,13657193.85,-3706097.199,8.963500008,7.23520577327125
"Co","OK",3,13703391.42,-3767837.031,29,22.3336208028441
"Co","OK",3,13713705.18,-3767540.264,10,19.3807781446791
"Co","OK",3,13736252.94,-3762102.557,5,12.8596551719397
"Co","OK",3,13741683.11,-3743549.886,9,14.0807993824433
"Co","OK",3,13742539.15,-3735392.113,9,14.9536392027674
"Co","OK",3,13732060.65,-3739746.084,9,16.714092776544
"Co","OK",3,13647196.2,-3761938.478,8.342749958,18.0102847431458
"Co","OK",3,13656883.23,-3760862.285,10,20.8647961883161
"Co","OK",3,13729338.89,-3733256.315,24,17.6449606133866
"Co","OK",3,13736661.49,-3687529.422,6,14.1720197271934
"Co","OK",3,13736270.76,-3695421.483,7,15.4001660317118
"Co","OK",3,13787889.61,-3659686.827,3,4.90182188777882
"Co","OK",3,13796812.98,-3658298.173,3,3.83417780957014
"Co","OK",3,13792697.5,-3666042.525,5,4.76901956829419
"Co","OK",3,13752931.95,-3669997.968,3,10.2197158763231
"Co","OK",3,13748542.63,-3660065.626,5,8.8090122369764
"Co","OK",3,13741459.36,-3644108.343,8,6.65202520611428
"Co","OK",3,13729739.67,-3645585.083,5,6.95527145132631
"Co","OK",3,13727641.3,-3649003.359,2,7.3831787389478
"Co","OK",3,13736929.78,-3648903.244,5,7.3799284047588
"Co","OK",3,13680309.31,-3795934.524,23,21.5378417052031
"Co","OK",3,13681057.39,-3806612.617,17,18.0742755362638
"Co","OK",3,13728727.79,-3819939.056,13,7.01173371774538
"Co","OK",3,13676631.34,-3796035.873,21,21.5466157864684
"Co","OK",3,13676117.04,-3806524.341,22,18.165871063958
"Co","OK",3,13679363.13,-3811191.49,24,16.4928980557165
"Co","OK",3,13680725.68,-3819608.032,11,13.4075875137729
"Co","OK",3,13685499.06,-3824806.74,5,11.4281218287618
"Co","OK",3,13737139.04,-3818560.904,4.066375098,5.89756879914131
"Co","OK",3,13737313.82,-3809816.973,4,6.65322971384682
"Co","OK",3,13700301.2,-3797603.626,8,18.1641606265579
"Co","OK",3,13710057.25,-3800089.268,14,15.0007400092545
"Co","OK",3,13733069.21,-3771401.437,8,12.5344579663427
"Co","OK",3,13722388.1,-3770764.397,6,16.1639270196095
"Co","OK",3,13667030.04,-3710656.309,8.716000048,9.81665930364889
"Co","OK",3,13658318.18,-3710969.99,17.34200001,8.42602620066177
"Co","OK",3,13703588.47,-3720768.521,6,17.8387574478081
"Co","OK",3,13707651.63,-3725657.671,22,18.8589233435876
"Co","OK",3,13741984.79,-3692860.7,15,14.7661511976949
"Co","OK",3,13729899.95,-3688276.915,7,14.2782964445134
"Co","OK",3,13733186.1,-3695105.599,29,15.418283931764
"Co","OK",3,13723283.12,-3685947.189,11,13.5394883684411
"Co","OK",3,13724608.93,-3678629.562,7,12.2598045656957
"Co","OK",3,13699697.87,-3686878.506,18,10.7752599548022
"Co","OK",3,13706325.81,-3690712.774,27,12.4972148561917
"Co","OK",3,13719799.93,-3683709.189,17,12.8493412520145
"Co","OK",3,13713662.91,-3673338.35,13,10.3889919170696
"Co","OK",3,13756277.1,-3664601.098,4,9.03643704575823
"Co","OK",3,13747054.28,-3663498.328,2,9.47251515275823
"Co","OK",3,13733531.2,-3654232.071,5,8.19266107780177
"Co","OK",3,13643227.68,-3794644.676,8,15.4701281138301
"Co","OK",3,13680186.86,-3799939.17,22,20.3325624759018
"Co","OK",3,13732413.56,-3819625.167,8,6.48511907976039
"Co","OK",3,13647386.56,-3767202.775,5,18.6123090089001
"Co","OK",3,13642624.31,-3763929.712,76,16.6810353182297
"Co","OK",3,13642223.59,-3739765.729,8.9152503,12.1945238179549
"Co","OK",3,13647485.67,-3733739.478,9.250500055,12.0394484955103
"Co","OK",3,13652011.92,-3738204.198,8.175499828,14.33654038072
"Co","OK",3,13666153.93,-3748003.796,12,20.4191286418939
"Co","OK",3,13657178.25,-3748671.119,11,18.4613460453703
"Co","OK",3,13653856.46,-3757596.187,13,19.4518810149456
"Co","OK",3,13660655.86,-3757315.427,17,21.2743699291772
"Co","OK",3,13699890.44,-3800365.783,11,17.5020290411204
"Co","OK",3,13708847.21,-3796941.485,10,16.0836903886599
"Co","OK",3,13738107.54,-3771612.922,4,10.9403734943779
"Co","OK",3,13729125.16,-3771128.227,5,13.8554565591236
"Co","OK",3,13698587.98,-3766648.686,14,23.4915700883766
"Co","OK",3,13708441.99,-3768521.202,16,20.9007004925303
"Co","OK",3,13723175.13,-3764137.146,18,16.690368431318
"Co","OK",3,13732407.97,-3763633.056,2,13.8184579109243
"Co","OK",3,13741825.62,-3761620.87,11,11.3144383340071
"Co","OK",3,13740917.23,-3738274.937,5,14.957169157838
"Co","OK",3,13732153.04,-3735889.78,4,17.0018921826897
"Co","OK",3,13731678.82,-3743628.517,4,16.4402539300588
"Co","OK",3,13695882.94,-3700700.059,3,12.6918249452646
"Co","OK",3,13671074.28,-3827286.189,4,10.5072977512704
"Co","OK",3,13641899.65,-3805426.998,4,12.7120218677508
"Co","OK",3,13737066.69,-3699813.388,15,15.9236876891388
"Co","OK",3,13703417.04,-3716566.503,25,17.0264465578636
"Co","OK",3,13704167.32,-3729735.862,15,19.4400335800352
"Co","OK",3,13792700.84,-3658320.299,4,4.26869544798418
"Co","OK",3,13802076.16,-3666743.134,4,3.67082534190248
"Co","OK",3,13696618.76,-3692996.429,9,11.335788777336
"Co","OK",3,13710529.24,-3690160.848,12,12.9935480928526
"Co","OK",3,13712259.16,-3684387.329,19,12.1669230719096
"Co","OK",3,13719041.85,-3674999.753,8,11.1819316670149
"Co","OK",3,13735361.29,-3646214.332,19,7.02478589143931
"Co","OK",3,13732623.95,-3649812.242,7,7.53100962187071
"Co","OK",3,13741450.46,-3647781.06,12,7.14437011170462
"Co","OK",3,13709261.3,-3762684.026,25.70000076,21.0178560176875
"Co","OK",3,13709419.38,-3762744.405,34.59999847,20.9722062823017
"Co","OK",3,13672747.41,-3793752.412,27.66666667,22.0226024955795
"Co","OK",3,13672593.78,-3793603.706,21.39999962,22.0512615268789
"Co","OK",3,13685018.15,-3832273.058,7.69999981,9.01285639300522
"Co","OK",3,13681955.74,-3793428.682,31.83999977,22.1599874736581
"Co","OK",3,13680545.31,-3793428.683,33.76666705,22.2230968964264
"Co","OK",3,13681482.63,-3793428.682,62.6888894,22.1840021291388
"Co","OK",3,13681019.53,-3793437.894,74.65999918,22.2022775824796
"Co","OK",3,13644313.02,-3768627.551,0.5,17.6503376687169
"Co","OK",3,13643137.49,-3771067.79,58.90000153,17.3517490902862
"Co","OK",3,13643134.15,-3771220.158,2.4000001,17.3557492873679
"Co","OK",3,13731147.84,-3694635.703,39.94999886,15.3499637483022
"Co","OK",3,13736028.08,-3688348.665,60.05000115,14.3204155311573
"Co","OK",3,13681739.79,-3836552.772,8.60000038,7.7503620073864
"Co","IDW",3,13647171.74,-3800514.561,3,16.0101106152437
"Co","IDW",3,13669560.33,-3826052.335,5,13.497062518074
"Co","IDW",3,13671822.35,-3814357.538,35,17.2409431501735
"Co","IDW",3,13671510.64,-3806303.027,63,19.4768905060096
"Co","IDW",3,13671375.94,-3796478.135,30,20.9768687945919
"Co","IDW",3,13676186.05,-3791653.589,52,24.1486020516585
"Co","IDW",3,13675399.03,-3799550.756,46,20.3483625861411
"Co","IDW",3,13676168.26,-3811775.337,16,16.1990211583121
"Co","IDW",3,13681278.93,-3816706.923,22,12.6458606813609
"Co","IDW",3,13681333.49,-3824297.452,14,12.719998927865
"Co","IDW",3,13689659.07,-3825017.85,6,11.8503723759924
"Co","IDW",3,13741191.07,-3809426.925,4,11.2268042076038
"Co","IDW",3,13731681.06,-3810800.063,10,10.9840285150122
"Co","IDW",3,13651616.7,-3767893.476,13,17.3536011570775
"Co","IDW",3,13642662.16,-3766686.746,56,16.0951486052531
"Co","IDW",3,13642755.69,-3743497.457,11.20299994,15.4630505968918
"Co","IDW",3,13642350.5,-3734889.226,4.41350001,12.373035487067
"Co","IDW",3,13648203.67,-3739068.78,2.741749988,14.3224592023876
"Co","IDW",3,13662882.26,-3747874.016,10,16.7787018120079
"Co","IDW",3,13654660.2,-3748251.584,9.00204981,16.5633685866679
"Co","IDW",3,13657725.93,-3758098.714,9,18.6504557698699
"Co","IDW",3,13661688.94,-3710537.38,7.60775,11.8493035419148
"Co","IDW",3,13685418.91,-3699654.085,6,11.0084878520658
"Co","IDW",3,13699537.55,-3772271.04,32,23.7637035259256
"Co","IDW",3,13710243.14,-3771499.964,12,16.5739985987212
"Co","IDW",3,13718681.15,-3772164.638,21,14.2350355692962
"Co","IDW",3,13724122.46,-3766439.923,4,12.9112993662802
"Co","IDW",3,13732301.1,-3767020.273,11,12.0310300912211
"Co","IDW",3,13746508.81,-3739104.154,5,13.549652508527
"Co","IDW",3,13736825.12,-3734445.293,2,15.2083276328016
"Co","IDW",3,13736318.62,-3743159.362,6,13.3678138744742
"Co","IDW",3,13713792.01,-3764022.938,7,15.4138407802566
"Co","IDW",3,13703907.94,-3763789.271,22,19.5008475066343
"Co","IDW",3,13741880.15,-3698404.514,23,14.8454662139779
"Co","IDW",3,13740378.45,-3688638.281,18,13.3830361696828
"Co","IDW",3,13731699.98,-3692715.843,10,13.073362875526
"Co","IDW",3,13723677.19,-3682831.578,10,10.5541471134355
"Co","IDW",3,13724522.11,-3673978.126,11,10.1776807511903
"Co","IDW",3,13797477.56,-3663814.662,3,6.34990429107878
"Co","IDW",3,13789110.78,-3664615.398,9,6.72312095211384
"Co","IDW",3,13750663.26,-3663101.252,2,9.01275675680377
"Co","IDW",3,13743592.24,-3664364.136,2,9.809576071092
"Co","IDW",3,13731153.42,-3653666.171,6,7.94377806827637
"Co","IDW",3,13737582.11,-3655092.028,5,8.99526807463657
"Co","IDW",3,13737869.32,-3644040.749,7,7.6702729477763
"Co","IDW",3,13652038.63,-3802230.392,15,17.4183487060553
"Co","IDW",3,13642047.7,-3799583.665,10,15.1595296066373
"Co","IDW",3,13669074.98,-3828018.645,12,13.6040545160582
"Co","IDW",3,13671938.12,-3820151.406,7,14.4044409845628
"Co","IDW",3,13671954.81,-3811893.955,27,17.8379031531121
"Co","IDW",3,13672408.98,-3799736.4,22,20.5464539210959
"Co","IDW",3,13669558.08,-3792157.54,19,22.655914129442
"Co","IDW",3,13736081.51,-3814638.326,8,10.8316646959555
"Co","IDW",3,13644526.76,-3772563.963,14,15.7271066458601
"Co","IDW",3,13638411.98,-3767158.131,9,15.6002604539783
"Co","IDW",3,13638978.63,-3739419.869,30,13.7886646615876
"Co","IDW",3,13649384.77,-3742243.378,10.0224998,15.621157839935
"Co","IDW",3,13664360.58,-3753958.475,8,19.1485678562152
"Co","IDW",3,13653678.35,-3754199.817,18,17.0947798829193
"Co","IDW",3,13702920.55,-3792447.028,3,15.2725374165244
"Co","IDW",3,13705317.26,-3800928.036,5,13.8772201189361
"Co","IDW",3,13737478.59,-3776184.986,4,10.6357130444985
"Co","IDW",3,13717094.86,-3775265.189,2,13.5477886956708
"Co","IDW",3,13704476.79,-3770520.097,42,19.2214915991444
"Co","IDW",3,13713594.97,-3773545.337,20,15.2115996657702
"Co","IDW",3,13719556.13,-3769035.997,4,14.2763273036305
"Co","IDW",3,13727999.72,-3767508.742,6,12.4521817394025
"Co","IDW",3,13738110.88,-3766730.09,6,11.6159792718556
"Co","IDW",3,13744574.07,-3742865.82,9,12.3969559010546
"Co","IDW",3,13746524.39,-3734057.681,4,13.6963515511838
"Co","IDW",3,13737485.25,-3737506.03,5,14.6763537687023
"Co","IDW",3,13718840.34,-3761863.684,4,13.4842343885426
"Co","IDW",3,13708806.01,-3764070.196,8,17.2613603562218
"Co","IDW",3,13697086.27,-3763298.324,41,21.8752256717434
"Co","IDW",3,13700400.27,-3724241.874,8,15.4587492087409
"Co","IDW",3,13707381.13,-3701529.328,7,12.9688061803534
"Co","IDW",3,13731904.81,-3699541.788,15,17.7678560893148
"Co","IDW",3,13708043.47,-3729246.304,32,19.5143391452994
"Co","IDW",3,13798227.85,-3667749.834,3,6.07641204471884
"Co","IDW",3,13788575.34,-3667966.028,2,6.77439097269404
"Co","IDW",3,13692943,-3695980.178,12,12.0393109991579
"Co","IDW",3,13703783.28,-3694865.43,9,12.6207935611332
"Co","IDW",3,13711412.01,-3696565.005,4,12.806816438061
"Co","IDW",3,13707570.37,-3688531.308,22,11.9763719187439
"Co","IDW",3,13705079.06,-3686639.8,10,12.3869203944174
"Co","IDW",3,13717932,-3678194.189,13,11.0200078134439
"Co","IDW",3,13730317.41,-3641981.903,5,6.17739264917411
"Co","IDW",3,13730889.58,-3814582.957,7,10.8488197587244
"Co","IDW",3,13676308.53,-3814488.048,19,15.5288993839217
"Co","IDW",3,13680362.77,-3827593.683,15,13.5802417920753
"Co","IDW",3,13698802.83,-3804109.806,3,13.0997521187015
"Co","IDW",3,13704780.7,-3795293.544,5,14.6436284135768
"Co","IDW",3,13660752.74,-3714360.793,7.44525001,11.7063285353335
"Co","IDW",3,13652775.57,-3705769.287,6.105249855,10.1934086394625
"Co","IDW",3,13662834.42,-3707164.624,7.895500045,11.7509380162133
"Co","IDW",3,13689726.98,-3700803.224,7,11.1930536279389
"Co","IDW",3,13699788,-3729512.02,17,18.3853432414906
"Co","IDW",3,13698629.17,-3719435.692,7,12.5160588056052
"Co","IDW",3,13703189.95,-3699322.422,4,12.4623505204431
"Co","IDW",3,13727426.43,-3700871.131,34,16.9377048120601
"Co","IDW",3,13711737.05,-3729262.013,24,19.6368612572347
"Co","IDW",3,13728770.04,-3744114.727,5,12.8321697786124
"Co","IDW",3,13735104.13,-3691179.911,20,13.2319151056742
"Co","IDW",3,13694259.91,-3687110.694,5.525749948,11.3819134352864
"Co","IDW",3,13696809.12,-3694789.725,2,12.2436443871587
"Co","IDW",3,13708486.53,-3694693.136,4,12.6382270147237
"Co","IDW",3,13702723.52,-3689558.061,21,12.276491682936
"Co","IDW",3,13712730.06,-3678478.354,16,11.2480596602562
"Co","IDW",3,13756238.14,-3670718.336,28,9.31054460074872
"Co","IDW",3,13745892.11,-3668734.496,8,10.3135747040596
"Co","IDW",3,13745947.76,-3660008.34,4,8.76930209992662
"Co","IDW",3,13756676.74,-3658523.359,3,8.28629158923528
"Co","IDW",3,13647139.44,-3795634.416,6,14.6875590939098
"Co","IDW",3,13648202.56,-3804536.551,6,15.5100417643069
"Co","IDW",3,13675636.16,-3820388.813,8,14.5046314435026
"Co","IDW",3,13685916.5,-3828163.821,3,12.9150028759469
"Co","IDW",3,13710566.08,-3805355.865,11,11.8628773826098
"Co","IDW",3,13649656.36,-3771821.765,4,16.6172633452782
"Co","IDW",3,13637079.48,-3772123.893,11,14.2177438411499
"Co","IDW",3,13638860.6,-3761947.665,5,14.5768670007249
"Co","IDW",3,13637963.39,-3745189.431,4,12.7464105937998
"Co","IDW",3,13637440.2,-3735465.45,17,12.6482093272767
"Co","IDW",3,13662164.24,-3754248.352,9,18.9022713779703
"Co","IDW",3,13665728.72,-3715941.481,18.25974974,11.6869321190438
"Co","IDW",3,13657193.85,-3706097.199,8.963500008,10.9487089937156
"Co","IDW",3,13703391.42,-3767837.031,29,19.9203041737063
"Co","IDW",3,13713705.18,-3767540.264,10,15.8550002714012
"Co","IDW",3,13736252.94,-3762102.557,5,9.82321282943282
"Co","IDW",3,13741683.11,-3743549.886,9,12.4508273650645
"Co","IDW",3,13742539.15,-3735392.113,9,14.1467370887128
"Co","IDW",3,13732060.65,-3739746.084,9,14.6928187286168
"Co","IDW",3,13647196.2,-3761938.478,8.342749958,15.8353673163466
"Co","IDW",3,13656883.23,-3760862.285,10,18.5260775814255
"Co","IDW",3,13729338.89,-3733256.315,24,16.3498626932371
"Co","IDW",3,13736661.49,-3687529.422,6,11.8276049856618
"Co","IDW",3,13736270.76,-3695421.483,7,15.08781486506
"Co","IDW",3,13787889.61,-3659686.827,3,5.98750461826358
"Co","IDW",3,13796812.98,-3658298.173,3,5.71467682659484
"Co","IDW",3,13792697.5,-3666042.525,5,6.62786186383731
"Co","IDW",3,13752931.95,-3669997.968,3,9.13405561819416
"Co","IDW",3,13748542.63,-3660065.626,5,8.56206796655591
"Co","IDW",3,13741459.36,-3644108.343,8,7.3172956255606
"Co","IDW",3,13729739.67,-3645585.083,5,7.51804837635903
"Co","IDW",3,13727641.3,-3649003.359,2,7.96463072888554
"Co","IDW",3,13736929.78,-3648903.244,5,8.11763320248803
"Co","IDW",3,13680309.31,-3795934.524,23,22.4507363831526
"Co","IDW",3,13681057.39,-3806612.617,17,14.9227855265102
"Co","IDW",3,13728727.79,-3819939.056,13,11.0157444349288
"Co","IDW",3,13676631.34,-3796035.873,21,21.9248975624175
"Co","IDW",3,13676117.04,-3806524.341,22,17.7072991966986
"Co","IDW",3,13679363.13,-3811191.49,24,14.6351303266065
"Co","IDW",3,13680725.68,-3819608.032,11,12.1601976461132
"Co","IDW",3,13685499.06,-3824806.74,5,11.9633178805197
"Co","IDW",3,13737139.04,-3818560.904,4.066375098,10.6454294579879
"Co","IDW",3,13737313.82,-3809816.973,4,11.2820099259777
"Co","IDW",3,13700301.2,-3797603.626,8,15.4017084731568
"Co","IDW",3,13710057.25,-3800089.268,14,12.516627095875
"Co","IDW",3,13733069.21,-3771401.437,8,11.896094585937
"Co","IDW",3,13722388.1,-3770764.397,6,13.5205886648697
"Co","IDW",3,13667030.04,-3710656.309,8.716000048,11.8593789817951
"Co","IDW",3,13658318.18,-3710969.99,17.34200001,11.5803097123615
"Co","IDW",3,13703588.47,-3720768.521,6,15.0307968552202
"Co","IDW",3,13707651.63,-3725657.671,22,18.0629743780336
"Co","IDW",3,13741984.79,-3692860.7,15,14.7973624850353
"Co","IDW",3,13729899.95,-3688276.915,7,10.5521555396779
"Co","IDW",3,13733186.1,-3695105.599,29,14.695886562685
"Co","IDW",3,13723283.12,-3685947.189,11,10.3503445340877
"Co","IDW",3,13724608.93,-3678629.562,7,10.4579170706918
"Co","IDW",3,13699697.87,-3686878.506,18,11.5896965264478
"Co","IDW",3,13706325.81,-3690712.774,27,12.2789701758274
"Co","IDW",3,13719799.93,-3683709.189,17,11.4141137529535
"Co","IDW",3,13713662.91,-3673338.35,13,10.63854086197
"Co","IDW",3,13756277.1,-3664601.098,4,8.51072440203298
"Co","IDW",3,13747054.28,-3663498.328,2,9.36142582119635
"Co","IDW",3,13733531.2,-3654232.071,5,8.47565633960809
"Co","IDW",3,13643227.68,-3794644.676,8,13.2568474418835
"Co","IDW",3,13680186.86,-3799939.17,22,19.5555640839918
"Co","IDW",3,13732413.56,-3819625.167,8,11.0236230044132
"Co","IDW",3,13647386.56,-3767202.775,5,16.9546607717536
"Co","IDW",3,13642624.31,-3763929.712,76,15.599437256003
"Co","IDW",3,13642223.59,-3739765.729,8.9152503,14.2688616892972
"Co","IDW",3,13647485.67,-3733739.478,9.250500055,12.4244392621784
"Co","IDW",3,13652011.92,-3738204.198,8.175499828,13.3052011231503
"Co","IDW",3,13666153.93,-3748003.796,12,15.9855393866568
"Co","IDW",3,13657178.25,-3748671.119,11,16.2402751709441
"Co","IDW",3,13653856.46,-3757596.187,13,17.2715081757664
"Co","IDW",3,13660655.86,-3757315.427,17,19.2570335350902
"Co","IDW",3,13699890.44,-3800365.783,11,14.4605436647579
"Co","IDW",3,13708847.21,-3796941.485,10,13.0406501785545
"Co","IDW",3,13738107.54,-3771612.922,4,12.167131008039
"Co","IDW",3,13729125.16,-3771128.227,5,12.2220664248101
"Co","IDW",3,13698587.98,-3766648.686,14,22.2086290345521
"Co","IDW",3,13708441.99,-3768521.202,16,17.5831103439293
"Co","IDW",3,13723175.13,-3764137.146,18,12.3048455353756
"Co","IDW",3,13732407.97,-3763633.056,2,11.3383449111835
"Co","IDW",3,13741825.62,-3761620.87,11,9.99475729489981
"Co","IDW",3,13740917.23,-3738274.937,5,14.1211312897375
"Co","IDW",3,13732153.04,-3735889.78,4,15.6362907175772
"Co","IDW",3,13731678.82,-3743628.517,4,13.0101775425344
"Co","IDW",3,13695882.94,-3700700.059,3,11.7396974364078
"Co","IDW",3,13671074.28,-3827286.189,4,13.8497959638454
"Co","IDW",3,13641899.65,-3805426.998,4,13.0926480642134
"Co","IDW",3,13737066.69,-3699813.388,15,17.2357379849833
"Co","IDW",3,13703417.04,-3716566.503,25,12.8672944811272
"Co","IDW",3,13704167.32,-3729735.862,15,19.7437815787624
"Co","IDW",3,13792700.84,-3658320.299,4,5.95339475195028
"Co","IDW",3,13802076.16,-3666743.134,4,6.29858561699898
"Co","IDW",3,13696618.76,-3692996.429,9,12.1974474317441
"Co","IDW",3,13710529.24,-3690160.848,12,10.5727539826274
"Co","IDW",3,13712259.16,-3684387.329,19,11.5323553261491
"Co","IDW",3,13719041.85,-3674999.753,8,10.4315542613299
"Co","IDW",3,13735361.29,-3646214.332,19,7.92097897446703
"Co","IDW",3,13732623.95,-3649812.242,7,8.1576686882246
"Co","IDW",3,13741450.46,-3647781.06,12,7.49539830882906
"Co","IDW",3,13709261.3,-3762684.026,25.70000076,16.6918928605469
"Co","IDW",3,13709419.38,-3762744.405,34.59999847,16.6323423069671
"Co","IDW",3,13672747.41,-3793752.412,27.66666667,22.458475183632
"Co","IDW",3,13672593.78,-3793603.706,21.39999962,22.5031089203955
"Co","IDW",3,13685018.15,-3832273.058,7.69999981,13.4464394904126
"Co","IDW",3,13681955.74,-3793428.682,31.83999977,25.734967222099
"Co","IDW",3,13680545.31,-3793428.683,33.76666705,24.8722223348379
"Co","IDW",3,13681482.63,-3793428.682,62.6888894,25.442672347387
"Co","IDW",3,13681019.53,-3793437.894,74.65999918,25.149270046089
"Co","IDW",3,13644313.02,-3768627.551,0.5,16.3988390267977
"Co","IDW",3,13643137.49,-3771067.79,58.90000153,15.7522473343317
"Co","IDW",3,13643134.15,-3771220.158,2.4000001,15.7032424151253
"Co","IDW",3,13731147.84,-3694635.703,39.94999886,13.8850358800767
"Co","IDW",3,13736028.08,-3688348.665,60.05000115,12.1711713266769
"Co","IDW",3,13681739.79,-3836552.772,8.60000038,13.8775189664327
"Co","LM",3,13647171.74,-3800514.561,3,21.7793759616245
"Co","LM",3,13669560.33,-3826052.335,5,13.7603652998501
"Co","LM",3,13671822.35,-3814357.538,35,12.5782825895274
"Co","LM",3,13671510.64,-3806303.027,63,17.8402193277649
"Co","LM",3,13671375.94,-3796478.135,30,20.8843112495476
"Co","LM",3,13676186.05,-3791653.589,52,25.9874830529071
"Co","LM",3,13675399.03,-3799550.756,46,22.8063317511109
"Co","LM",3,13676168.26,-3811775.337,16,16.6739688248704
"Co","LM",3,13681278.93,-3816706.923,22,16.311959616482
"Co","LM",3,13681333.49,-3824297.452,14,16.3583749259956
"Co","LM",3,13689659.07,-3825017.85,6,11.0570020206445
"Co","LM",3,13741191.07,-3809426.925,4,3.61912793761326
"Co","LM",3,13731681.06,-3810800.063,10,1.91049940471684
"Co","LM",3,13651616.7,-3767893.476,13,19.9333914075521
"Co","LM",3,13642662.16,-3766686.746,56,16.4192455062252
"Co","LM",3,13642755.69,-3743497.457,11.20299994,10.0997463652577
"Co","LM",3,13642350.5,-3734889.226,4.41350001,10.96944409285
"Co","LM",3,13648203.67,-3739068.78,2.741749988,10.2553808937609
"Co","LM",3,13662882.26,-3747874.016,10,20.1270944645439
"Co","LM",3,13654660.2,-3748251.584,9.00204981,11.5597858560849
"Co","LM",3,13657725.93,-3758098.714,9,23.9785324667566
"Co","LM",3,13661688.94,-3710537.38,7.60775,13.023949146663
"Co","LM",3,13685418.91,-3699654.085,6,8.21977526739485
"Co","LM",3,13699537.55,-3772271.04,32,17.4577837970714
"Co","LM",3,13710243.14,-3771499.964,12,12.2230146460892
"Co","LM",3,13718681.15,-3772164.638,21,14.1273624507193
"Co","LM",3,13724122.46,-3766439.923,4,7.39797887321921
"Co","LM",3,13732301.1,-3767020.273,11,2.23544053694739
"Co","LM",3,13746508.81,-3739104.154,5,4.38270469071941
"Co","LM",3,13736825.12,-3734445.293,2,9.34022443564255
"Co","LM",3,13736318.62,-3743159.362,6,4.74208933460345
"Co","LM",3,13713792.01,-3764022.938,7,16.5249633529402
"Co","LM",3,13703907.94,-3763789.271,22,19.5060118194816
"Co","LM",3,13741880.15,-3698404.514,23,19.7130799818449
"Co","LM",3,13740378.45,-3688638.281,18,16.4974482070286
"Co","LM",3,13731699.98,-3692715.843,10,19.4240040968962
"Co","LM",3,13723677.19,-3682831.578,10,6.37764754719707
"Co","LM",3,13724522.11,-3673978.126,11,8.87381366709657
"Co","LM",3,13797477.56,-3663814.662,3,3.40232674587957
"Co","LM",3,13789110.78,-3664615.398,9,4.29013927418064
"Co","LM",3,13750663.26,-3663101.252,2,5.55232810286222
"Co","LM",3,13743592.24,-3664364.136,2,8.98429152072985
"Co","LM",3,13731153.42,-3653666.171,6,17.7045323519771
"Co","LM",3,13737582.11,-3655092.028,5,16.2736116570994
"Co","LM",3,13737869.32,-3644040.749,7,9.57418884489932
"Co","LM",3,13652038.63,-3802230.392,15,19.576148913079
"Co","LM",3,13642047.7,-3799583.665,10,15.9055945820641
"Co","LM",3,13669074.98,-3828018.645,12,12.3880172278053
"Co","LM",3,13671938.12,-3820151.406,7,14.1690644674613
"Co","LM",3,13671954.81,-3811893.955,27,13.9650510944026
"Co","LM",3,13672408.98,-3799736.4,22,22.8805475575444
"Co","LM",3,13669558.08,-3792157.54,19,24.5830251185994
"Co","LM",3,13736081.51,-3814638.326,8,3.2459348527889
"Co","LM",3,13644526.76,-3772563.963,14,18.917454661069
"Co","LM",3,13638411.98,-3767158.131,9,19.9048386197862
"Co","LM",3,13638978.63,-3739419.869,30,8.37861420500523
"Co","LM",3,13649384.77,-3742243.378,10.0224998,10.4039171264801
"Co","LM",3,13664360.58,-3753958.475,8,21.0902146952809
"Co","LM",3,13653678.35,-3754199.817,18,15.7029787552295
"Co","LM",3,13702920.55,-3792447.028,3,11.7441153371109
"Co","LM",3,13705317.26,-3800928.036,5,18.9805858760219
"Co","LM",3,13737478.59,-3776184.986,4,5.31816040932501
"Co","LM",3,13717094.86,-3775265.189,2,14.3808785216325
"Co","LM",3,13704476.79,-3770520.097,42,19.5037596375824
"Co","LM",3,13713594.97,-3773545.337,20,14.3398154902572
"Co","LM",3,13719556.13,-3769035.997,4,14.2841646558521
"Co","LM",3,13727999.72,-3767508.742,6,3.87324728195453
"Co","LM",3,13738110.88,-3766730.09,6,3.90480909655497
"Co","LM",3,13744574.07,-3742865.82,9,4.15873793125801
"Co","LM",3,13746524.39,-3734057.681,4,4.30877852633156
"Co","LM",3,13737485.25,-3737506.03,5,7.16411602302738
"Co","LM",3,13718840.34,-3761863.684,4,10.6615514003731
"Co","LM",3,13708806.01,-3764070.196,8,19.6962880542037
"Co","LM",3,13697086.27,-3763298.324,41,24.0834100847369
"Co","LM",3,13700400.27,-3724241.874,8,21.1154985457798
"Co","LM",3,13707381.13,-3701529.328,7,9.9735419861138
"Co","LM",3,13731904.81,-3699541.788,15,18.6740516810655
"Co","LM",3,13708043.47,-3729246.304,32,23.1489080063815
"Co","LM",3,13798227.85,-3667749.834,3,3.33900788964434
"Co","LM",3,13788575.34,-3667966.028,2,3.73979818083095
"Co","LM",3,13692943,-3695980.178,12,7.81251227704711
"Co","LM",3,13703783.28,-3694865.43,9,8.13353642102024
"Co","LM",3,13711412.01,-3696565.005,4,9.8329421686184
"Co","LM",3,13707570.37,-3688531.308,22,6.45656609196997
"Co","LM",3,13705079.06,-3686639.8,10,7.47263055281598
"Co","LM",3,13717932,-3678194.189,13,6.57157602920603
"Co","LM",3,13730317.41,-3641981.903,5,12.2525651369127
"Co","LM",3,13730889.58,-3814582.957,7,3.12723286835366
"Co","LM",3,13676308.53,-3814488.048,19,14.2728441389094
"Co","LM",3,13680362.77,-3827593.683,15,13.9174908966959
"Co","LM",3,13698802.83,-3804109.806,3,16.2411505298849
"Co","LM",3,13704780.7,-3795293.544,5,14.8174890877641
"Co","LM",3,13660752.74,-3714360.793,7.44525001,12.9587817202866
"Co","LM",3,13652775.57,-3705769.287,6.105249855,10.9809477550442
"Co","LM",3,13662834.42,-3707164.624,7.895500045,12.5375476062949
"Co","LM",3,13689726.98,-3700803.224,7,8.58169965822996
"Co","LM",3,13699788,-3729512.02,17,25.046591071704
"Co","LM",3,13698629.17,-3719435.692,7,14.2925400937517
"Co","LM",3,13703189.95,-3699322.422,4,10.058597336735
"Co","LM",3,13727426.43,-3700871.131,34,20.3848256838128
"Co","LM",3,13711737.05,-3729262.013,24,21.9481453366279
"Co","LM",3,13728770.04,-3744114.727,5,6.94001872684695
"Co","LM",3,13735104.13,-3691179.911,20,16.8380373566444
"Co","LM",3,13694259.91,-3687110.694,5.525749948,9.06654136562267
"Co","LM",3,13696809.12,-3694789.725,2,7.25067868651637
"Co","LM",3,13708486.53,-3694693.136,4,8.00235691178669
"Co","LM",3,13702723.52,-3689558.061,21,6.6737352621706
"Co","LM",3,13712730.06,-3678478.354,16,7.02412697783152
"Co","LM",3,13756238.14,-3670718.336,28,14.6822314137786
"Co","LM",3,13745892.11,-3668734.496,8,12.3868060511134
"Co","LM",3,13745947.76,-3660008.34,4,4.77939438259953
"Co","LM",3,13756676.74,-3658523.359,3,5.08081355390894
"Co","LM",3,13647139.44,-3795634.416,6,21.3398004992934
"Co","LM",3,13648202.56,-3804536.551,6,20.4781227256195
"Co","LM",3,13675636.16,-3820388.813,8,16.0489045271534
"Co","LM",3,13685916.5,-3828163.821,3,16.3381681042932
"Co","LM",3,13710566.08,-3805355.865,11,12.4983360273815
"Co","LM",3,13649656.36,-3771821.765,4,19.0677533167485
"Co","LM",3,13637079.48,-3772123.893,11,16.7879529952192
"Co","LM",3,13638860.6,-3761947.665,5,14.3195087046255
"Co","LM",3,13637963.39,-3745189.431,4,8.48620657915896
"Co","LM",3,13637440.2,-3735465.45,17,8.51616261254671
"Co","LM",3,13662164.24,-3754248.352,9,22.1920183757715
"Co","LM",3,13665728.72,-3715941.481,18.25974974,11.2523823752328
"Co","LM",3,13657193.85,-3706097.199,8.963500008,12.26986278205
"Co","LM",3,13703391.42,-3767837.031,29,19.7652522468209
"Co","LM",3,13713705.18,-3767540.264,10,13.9212199856084
"Co","LM",3,13736252.94,-3762102.557,5,1.87351947763216
"Co","LM",3,13741683.11,-3743549.886,9,4.65651420065051
"Co","LM",3,13742539.15,-3735392.113,9,5.70371403837105
"Co","LM",3,13732060.65,-3739746.084,9,11.6121078641825
"Co","LM",3,13647196.2,-3761938.478,8.342749958,15.2541433120728
"Co","LM",3,13656883.23,-3760862.285,10,23.4502925843893
"Co","LM",3,13729338.89,-3733256.315,24,17.5481962346755
"Co","LM",3,13736661.49,-3687529.422,6,17.0780101012893
"Co","LM",3,13736270.76,-3695421.483,7,16.2405814212104
"Co","LM",3,13787889.61,-3659686.827,3,3.81775329000331
"Co","LM",3,13796812.98,-3658298.173,3,3.37787315641561
"Co","LM",3,13792697.5,-3666042.525,5,3.65651175981097
"Co","LM",3,13752931.95,-3669997.968,3,12.1533243808597
"Co","LM",3,13748542.63,-3660065.626,5,3.83205346140897
"Co","LM",3,13741459.36,-3644108.343,8,9.96467622394204
"Co","LM",3,13729739.67,-3645585.083,5,10.2989226381996
"Co","LM",3,13727641.3,-3649003.359,2,10.4528893885363
"Co","LM",3,13736929.78,-3648903.244,5,14.6247383125582
"Co","LM",3,13680309.31,-3795934.524,23,21.3884408593213
"Co","LM",3,13681057.39,-3806612.617,17,13.3906191393677
"Co","LM",3,13728727.79,-3819939.056,13,3.07177377595665
"Co","LM",3,13676631.34,-3796035.873,21,22.5977968008247
"Co","LM",3,13676117.04,-3806524.341,22,13.3579785046812
"Co","LM",3,13679363.13,-3811191.49,24,13.8165445014475
"Co","LM",3,13680725.68,-3819608.032,11,13.3415303764612
"Co","LM",3,13685499.06,-3824806.74,5,15.5417961807308
"Co","LM",3,13737139.04,-3818560.904,4.066375098,2.46022365238202
"Co","LM",3,13737313.82,-3809816.973,4,1.74920833971092
"Co","LM",3,13700301.2,-3797603.626,8,16.9161678932802
"Co","LM",3,13710057.25,-3800089.268,14,12.7530492208237
"Co","LM",3,13733069.21,-3771401.437,8,2.23931296562646
"Co","LM",3,13722388.1,-3770764.397,6,10.4839016467774
"Co","LM",3,13667030.04,-3710656.309,8.716000048,11.5439226503454
"Co","LM",3,13658318.18,-3710969.99,17.34200001,13.0385915429494
"Co","LM",3,13703588.47,-3720768.521,6,20.2347911482059
"Co","LM",3,13707651.63,-3725657.671,22,21.7346717051958
"Co","LM",3,13741984.79,-3692860.7,15,19.4675387096674
"Co","LM",3,13729899.95,-3688276.915,7,11.9703171437802
"Co","LM",3,13733186.1,-3695105.599,29,16.1746213898647
"Co","LM",3,13723283.12,-3685947.189,11,6.47852212772141
"Co","LM",3,13724608.93,-3678629.562,7,6.53963192326583
"Co","LM",3,13699697.87,-3686878.506,18,7.94763133615441
"Co","LM",3,13706325.81,-3690712.774,27,6.51952751742725
"Co","LM",3,13719799.93,-3683709.189,17,6.5991274059309
"Co","LM",3,13713662.91,-3673338.35,13,7.34460446040295
"Co","LM",3,13756277.1,-3664601.098,4,9.38627031999035
"Co","LM",3,13747054.28,-3663498.328,2,6.78177125227799
"Co","LM",3,13733531.2,-3654232.071,5,20.4674040128539
"Co","LM",3,13643227.68,-3794644.676,8,20.2089394227135
"Co","LM",3,13680186.86,-3799939.17,22,16.2668729984756
"Co","LM",3,13732413.56,-3819625.167,8,2.86617868153661
"Co","LM",3,13647386.56,-3767202.775,5,16.9623456290066
"Co","LM",3,13642624.31,-3763929.712,76,14.0548749930725
"Co","LM",3,13642223.59,-3739765.729,8.9152503,9.74836513149878
"Co","LM",3,13647485.67,-3733739.478,9.250500055,12.335639752411
"Co","LM",3,13652011.92,-3738204.198,8.175499828,11.8325594277832
"Co","LM",3,13666153.93,-3748003.796,12,23.3106771758486
"Co","LM",3,13657178.25,-3748671.119,11,14.0499154382374
"Co","LM",3,13653856.46,-3757596.187,13,18.270436770396
"Co","LM",3,13660655.86,-3757315.427,17,24.8805597453183
"Co","LM",3,13699890.44,-3800365.783,11,17.1898499966391
"Co","LM",3,13708847.21,-3796941.485,10,10.6332929048176
"Co","LM",3,13738107.54,-3771612.922,4,4.34090856553591
"Co","LM",3,13729125.16,-3771128.227,5,2.23297086197464
"Co","LM",3,13698587.98,-3766648.686,14,21.2838852874886
"Co","LM",3,13708441.99,-3768521.202,16,16.6378610119358
"Co","LM",3,13723175.13,-3764137.146,18,6.61879286629881
"Co","LM",3,13732407.97,-3763633.056,2,2.14102147731529
"Co","LM",3,13741825.62,-3761620.87,11,2.04647769621671
"Co","LM",3,13740917.23,-3738274.937,5,5.18973507069935
"Co","LM",3,13732153.04,-3735889.78,4,14.9081721701651
"Co","LM",3,13731678.82,-3743628.517,4,7.04114975902668
"Co","LM",3,13695882.94,-3700700.059,3,10.2002018773054
"Co","LM",3,13671074.28,-3827286.189,4,15.1860362769751
"Co","LM",3,13641899.65,-3805426.998,4,15.4571094179402
"Co","LM",3,13737066.69,-3699813.388,15,19.7765448463011
"Co","LM",3,13703417.04,-3716566.503,25,14.9983880067705
"Co","LM",3,13704167.32,-3729735.862,15,24.6779567799655
"Co","LM",3,13792700.84,-3658320.299,4,3.94907789083877
"Co","LM",3,13802076.16,-3666743.134,4,2.95535249565034
"Co","LM",3,13696618.76,-3692996.429,9,7.66168561513741
"Co","LM",3,13710529.24,-3690160.848,12,8.80041841294095
"Co","LM",3,13712259.16,-3684387.329,19,7.33084357349975
"Co","LM",3,13719041.85,-3674999.753,8,6.82634809509978
"Co","LM",3,13735361.29,-3646214.332,19,11.5426229811979
"Co","LM",3,13732623.95,-3649812.242,7,16.6452600565629
"Co","LM",3,13741450.46,-3647781.06,12,9.03656952471282
"Co","LM",3,13709261.3,-3762684.026,25.70000076,21.0410378536182
"Co","LM",3,13709419.38,-3762744.405,34.59999847,21.3615143480574
"Co","LM",3,13672747.41,-3793752.412,27.66666667,26.5892141417545
"Co","LM",3,13672593.78,-3793603.706,21.39999962,26.9416265569689
"Co","LM",3,13685018.15,-3832273.058,7.69999981,16.7658530504455
"Co","LM",3,13681955.74,-3793428.682,31.83999977,19.5975928858583
"Co","LM",3,13680545.31,-3793428.683,33.76666705,22.0498924394071
"Co","LM",3,13681482.63,-3793428.682,62.6888894,20.3560074537089
"Co","LM",3,13681019.53,-3793437.894,74.65999918,21.4591912533057
"Co","LM",3,13644313.02,-3768627.551,0.5,18.1303280766471
"Co","LM",3,13643137.49,-3771067.79,58.90000153,20.8801394070032
"Co","LM",3,13643134.15,-3771220.158,2.4000001,21.0187896290808
"Co","LM",3,13731147.84,-3694635.703,39.94999886,19.9430037260927
"Co","LM",3,13736028.08,-3688348.665,60.05000115,18.3695319507695
"Co","LM",3,13681739.79,-3836552.772,8.60000038,19.0233691048543
"Co","RF",3,13647171.74,-3800514.561,3,15.1042026543581
"Co","RF",3,13669560.33,-3826052.335,5,8.90807682461363
"Co","RF",3,13671822.35,-3814357.538,35,14.666808245508
"Co","RF",3,13671510.64,-3806303.027,63,19.5735954925578
"Co","RF",3,13671375.94,-3796478.135,30,20.505698710016
"Co","RF",3,13676186.05,-3791653.589,52,28.5770898340543
"Co","RF",3,13675399.03,-3799550.756,46,24.2872042118861
"Co","RF",3,13676168.26,-3811775.337,16,11.1188007834878
"Co","RF",3,13681278.93,-3816706.923,22,6.6518608895963
"Co","RF",3,13681333.49,-3824297.452,14,7.3114968114309
"Co","RF",3,13689659.07,-3825017.85,6,8.7136
"Co","RF",3,13741191.07,-3809426.925,4,10.023069666784
"Co","RF",3,13731681.06,-3810800.063,10,11.0443607727376
"Co","RF",3,13651616.7,-3767893.476,13,12.5260359267039
"Co","RF",3,13642662.16,-3766686.746,56,10.3702817303462
"Co","RF",3,13642755.69,-3743497.457,11.20299994,9.25047814247968
"Co","RF",3,13642350.5,-3734889.226,4.41350001,7.65480862741432
"Co","RF",3,13648203.67,-3739068.78,2.741749988,10.9470549906012
"Co","RF",3,13662882.26,-3747874.016,10,11.8352364432338
"Co","RF",3,13654660.2,-3748251.584,9.00204981,10.3691153621199
"Co","RF",3,13657725.93,-3758098.714,9,10.4479874506406
"Co","RF",3,13661688.94,-3710537.38,7.60775,11.7857304471054
"Co","RF",3,13685418.91,-3699654.085,6,7.82196410912783
"Co","RF",3,13699537.55,-3772271.04,32,17.9981033565669
"Co","RF",3,13710243.14,-3771499.964,12,10.3813869947103
"Co","RF",3,13718681.15,-3772164.638,21,10.2658063547991
"Co","RF",3,13724122.46,-3766439.923,4,12.7436923379234
"Co","RF",3,13732301.1,-3767020.273,11,9.44738064730532
"Co","RF",3,13746508.81,-3739104.154,5,7.99558839221979
"Co","RF",3,13736825.12,-3734445.293,2,9.49110013117269
"Co","RF",3,13736318.62,-3743159.362,6,8.35053790926108
"Co","RF",3,13713792.01,-3764022.938,7,11.9272616881955
"Co","RF",3,13703907.94,-3763789.271,22,20.3469431332352
"Co","RF",3,13741880.15,-3698404.514,23,14.7492747423738
"Co","RF",3,13740378.45,-3688638.281,18,12.7318836073528
"Co","RF",3,13731699.98,-3692715.843,10,15.2627789835276
"Co","RF",3,13723677.19,-3682831.578,10,6.49712554018379
"Co","RF",3,13724522.11,-3673978.126,11,7.5811828314999
"Co","RF",3,13797477.56,-3663814.662,3,3.58945178209751
"Co","RF",3,13789110.78,-3664615.398,9,4.34039278489423
"Co","RF",3,13750663.26,-3663101.252,2,7.90021286570577
"Co","RF",3,13743592.24,-3664364.136,2,9.296649122092
"Co","RF",3,13731153.42,-3653666.171,6,8.42028306257236
"Co","RF",3,13737582.11,-3655092.028,5,8.46602895528527
"Co","RF",3,13737869.32,-3644040.749,7,6.5574886568718
"Co","RF",3,13652038.63,-3802230.392,15,13.2330292322818
"Co","RF",3,13642047.7,-3799583.665,10,12.971191215381
"Co","RF",3,13669074.98,-3828018.645,12,9.46593243987293
"Co","RF",3,13671938.12,-3820151.406,7,9.389859996803
"Co","RF",3,13671954.81,-3811893.955,27,15.999437971864
"Co","RF",3,13672408.98,-3799736.4,22,22.8106862492416
"Co","RF",3,13669558.08,-3792157.54,19,20.2382426365897
"Co","RF",3,13736081.51,-3814638.326,8,9.56147671540199
"Co","RF",3,13644526.76,-3772563.963,14,25.660095033116
"Co","RF",3,13638411.98,-3767158.131,9,16.7617522692473
"Co","RF",3,13638978.63,-3739419.869,30,8.86462321627017
"Co","RF",3,13649384.77,-3742243.378,10.0224998,11.4364858504806
"Co","RF",3,13664360.58,-3753958.475,8,12.7893281176055
"Co","RF",3,13653678.35,-3754199.817,18,13.8235978903759
"Co","RF",3,13702920.55,-3792447.028,3,11.6721746068444
"Co","RF",3,13705317.26,-3800928.036,5,14.4573446626744
"Co","RF",3,13737478.59,-3776184.986,4,6.02153652374457
"Co","RF",3,13717094.86,-3775265.189,2,9.94596686412592
"Co","RF",3,13704476.79,-3770520.097,42,28.5048338355701
"Co","RF",3,13713594.97,-3773545.337,20,15.9287486209417
"Co","RF",3,13719556.13,-3769035.997,4,10.342197795128
"Co","RF",3,13727999.72,-3767508.742,6,8.3451569616366
"Co","RF",3,13738110.88,-3766730.09,6,7.58938437199445
"Co","RF",3,13744574.07,-3742865.82,9,9.09624443102711
"Co","RF",3,13746524.39,-3734057.681,4,8.60753926041066
"Co","RF",3,13737485.25,-3737506.03,5,8.69778820665246
"Co","RF",3,13718840.34,-3761863.684,4,8.67883150504506
"Co","RF",3,13708806.01,-3764070.196,8,25.3643364365284
"Co","RF",3,13697086.27,-3763298.324,41,29.2784098674136
"Co","RF",3,13700400.27,-3724241.874,8,9.6445308664034
"Co","RF",3,13707381.13,-3701529.328,7,9.34574524297734
"Co","RF",3,13731904.81,-3699541.788,15,11.7642951712107
"Co","RF",3,13708043.47,-3729246.304,32,29.9061663407138
"Co","RF",3,13798227.85,-3667749.834,3,3.6141502159905
"Co","RF",3,13788575.34,-3667966.028,2,6.20783618585926
"Co","RF",3,13692943,-3695980.178,12,8.16034877257344
"Co","RF",3,13703783.28,-3694865.43,9,11.4918242353429
"Co","RF",3,13711412.01,-3696565.005,4,9.96410602480185
"Co","RF",3,13707570.37,-3688531.308,22,10.2830793172081
"Co","RF",3,13705079.06,-3686639.8,10,11.8122715441379
"Co","RF",3,13717932,-3678194.189,13,9.21774588135871
"Co","RF",3,13730317.41,-3641981.903,5,4.71033688179894
"Co","RF",3,13730889.58,-3814582.957,7,9.7741247338454
"Co","RF",3,13676308.53,-3814488.048,19,12.259125871215
"Co","RF",3,13680362.77,-3827593.683,15,7.76516908344083
"Co","RF",3,13698802.83,-3804109.806,3,10.9520294944914
"Co","RF",3,13704780.7,-3795293.544,5,9.54903684553467
"Co","RF",3,13660752.74,-3714360.793,7.44525001,11.6000081609476
"Co","RF",3,13652775.57,-3705769.287,6.105249855,9.22223451183606
"Co","RF",3,13662834.42,-3707164.624,7.895500045,10.8341070854814
"Co","RF",3,13689726.98,-3700803.224,7,7.49630460867147
"Co","RF",3,13699788,-3729512.02,17,18.0673665607282
"Co","RF",3,13698629.17,-3719435.692,7,8.37001581555823
"Co","RF",3,13703189.95,-3699322.422,4,9.34437293963897
"Co","RF",3,13727426.43,-3700871.131,34,21.7586177043787
"Co","RF",3,13711737.05,-3729262.013,24,29.3967455817818
"Co","RF",3,13728770.04,-3744114.727,5,7.47859891340782
"Co","RF",3,13735104.13,-3691179.911,20,14.3013543532137
"Co","RF",3,13694259.91,-3687110.694,5.525749948,8.87583608091409
"Co","RF",3,13696809.12,-3694789.725,2,8.62166102096444
"Co","RF",3,13708486.53,-3694693.136,4,11.1427167245571
"Co","RF",3,13702723.52,-3689558.061,21,10.7394534743999
"Co","RF",3,13712730.06,-3678478.354,16,9.5432284802438
"Co","RF",3,13756238.14,-3670718.336,28,13.0879911037449
"Co","RF",3,13745892.11,-3668734.496,8,9.24164065546163
"Co","RF",3,13745947.76,-3660008.34,4,5.83433500084317
"Co","RF",3,13756676.74,-3658523.359,3,8.21777402309396
"Co","RF",3,13647139.44,-3795634.416,6,15.6212748609493
"Co","RF",3,13648202.56,-3804536.551,6,9.55186605751496
"Co","RF",3,13675636.16,-3820388.813,8,8.9513457716922
"Co","RF",3,13685916.5,-3828163.821,3,6.66230631082013
"Co","RF",3,13710566.08,-3805355.865,11,11.6844173946144
"Co","RF",3,13649656.36,-3771821.765,4,15.1079506255433
"Co","RF",3,13637079.48,-3772123.893,11,13.4781984766472
"Co","RF",3,13638860.6,-3761947.665,5,10.3086459452174
"Co","RF",3,13637963.39,-3745189.431,4,7.79837284720881
"Co","RF",3,13637440.2,-3735465.45,17,7.66229197892897
"Co","RF",3,13662164.24,-3754248.352,9,11.431837284914
"Co","RF",3,13665728.72,-3715941.481,18.25974974,9.22662047378959
"Co","RF",3,13657193.85,-3706097.199,8.963500008,9.52403983887938
"Co","RF",3,13703391.42,-3767837.031,29,25.219841875817
"Co","RF",3,13713705.18,-3767540.264,10,10.1252306834745
"Co","RF",3,13736252.94,-3762102.557,5,12.0076834553241
"Co","RF",3,13741683.11,-3743549.886,9,7.796322650565
"Co","RF",3,13742539.15,-3735392.113,9,7.25934792516202
"Co","RF",3,13732060.65,-3739746.084,9,11.5647792795392
"Co","RF",3,13647196.2,-3761938.478,8.342749958,12.1019499323555
"Co","RF",3,13656883.23,-3760862.285,10,10.6059897383335
"Co","RF",3,13729338.89,-3733256.315,24,20.8424917970426
"Co","RF",3,13736661.49,-3687529.422,6,13.7309804593095
"Co","RF",3,13736270.76,-3695421.483,7,13.3203815895191
"Co","RF",3,13787889.61,-3659686.827,3,5.88710326952541
"Co","RF",3,13796812.98,-3658298.173,3,3.61294725423437
"Co","RF",3,13792697.5,-3666042.525,5,5.46333248514612
"Co","RF",3,13752931.95,-3669997.968,3,9.45572768255484
"Co","RF",3,13748542.63,-3660065.626,5,7.31487620588839
"Co","RF",3,13741459.36,-3644108.343,8,6.97672484436157
"Co","RF",3,13729739.67,-3645585.083,5,6.64604018667013
"Co","RF",3,13727641.3,-3649003.359,2,5.76613529493487
"Co","RF",3,13736929.78,-3648903.244,5,9.66045557550512
"Co","RF",3,13680309.31,-3795934.524,23,24.5637778255861
"Co","RF",3,13681057.39,-3806612.617,17,13.8114736669867
"Co","RF",3,13728727.79,-3819939.056,13,9.6105186243322
"Co","RF",3,13676631.34,-3796035.873,21,24.0071709592593
"Co","RF",3,13676117.04,-3806524.341,22,15.8825076363783
"Co","RF",3,13679363.13,-3811191.49,24,12.8678921014603
"Co","RF",3,13680725.68,-3819608.032,11,10.6794066670817
"Co","RF",3,13685499.06,-3824806.74,5,9.32641375045283
"Co","RF",3,13737139.04,-3818560.904,4.066375098,9.51642476236273
"Co","RF",3,13737313.82,-3809816.973,4,11.0820121390651
"Co","RF",3,13700301.2,-3797603.626,8,16.4960133155077
"Co","RF",3,13710057.25,-3800089.268,14,9.448582600422
"Co","RF",3,13733069.21,-3771401.437,8,10.2632856267933
"Co","RF",3,13722388.1,-3770764.397,6,9.64623169883443
"Co","RF",3,13667030.04,-3710656.309,8.716000048,9.62080242554691
"Co","RF",3,13658318.18,-3710969.99,17.34200001,11.383509785577
"Co","RF",3,13703588.47,-3720768.521,6,9.94693960774084
"Co","RF",3,13707651.63,-3725657.671,22,14.6878905447588
"Co","RF",3,13741984.79,-3692860.7,15,17.3556676187928
"Co","RF",3,13729899.95,-3688276.915,7,7.17603247279383
"Co","RF",3,13733186.1,-3695105.599,29,11.279867019688
"Co","RF",3,13723283.12,-3685947.189,11,6.72825118460087
"Co","RF",3,13724608.93,-3678629.562,7,7.04589867193585
"Co","RF",3,13699697.87,-3686878.506,18,10.3699630319691
"Co","RF",3,13706325.81,-3690712.774,27,10.2747729071491
"Co","RF",3,13719799.93,-3683709.189,17,8.26240724526678
"Co","RF",3,13713662.91,-3673338.35,13,9.6708242396072
"Co","RF",3,13756277.1,-3664601.098,4,7.70263388074866
"Co","RF",3,13747054.28,-3663498.328,2,7.6445905951213
"Co","RF",3,13733531.2,-3654232.071,5,23.4105197543232
"Co","RF",3,13643227.68,-3794644.676,8,7.8734721328609
"Co","RF",3,13680186.86,-3799939.17,22,19.597099679984
"Co","RF",3,13732413.56,-3819625.167,8,9.37876666855787
"Co","RF",3,13647386.56,-3767202.775,5,16.10993713227
"Co","RF",3,13642624.31,-3763929.712,76,11.4681682209724
"Co","RF",3,13642223.59,-3739765.729,8.9152503,8.66626875717608
"Co","RF",3,13647485.67,-3733739.478,9.250500055,10.1391038600453
"Co","RF",3,13652011.92,-3738204.198,8.175499828,10.7087964911199
"Co","RF",3,13666153.93,-3748003.796,12,11.2102241858103
"Co","RF",3,13657178.25,-3748671.119,11,12.8557639195753
"Co","RF",3,13653856.46,-3757596.187,13,13.3988151370862
"Co","RF",3,13660655.86,-3757315.427,17,12.4189100091659
"Co","RF",3,13699890.44,-3800365.783,11,17.8875284539343
"Co","RF",3,13708847.21,-3796941.485,10,7.74071443343733
"Co","RF",3,13738107.54,-3771612.922,4,7.89489689053987
"Co","RF",3,13729125.16,-3771128.227,5,10.0112035521312
"Co","RF",3,13698587.98,-3766648.686,14,21.0130897699927
"Co","RF",3,13708441.99,-3768521.202,16,19.4973049338813
"Co","RF",3,13723175.13,-3764137.146,18,11.1241863518887
"Co","RF",3,13732407.97,-3763633.056,2,9.40664030184973
"Co","RF",3,13741825.62,-3761620.87,11,12.9315871945104
"Co","RF",3,13740917.23,-3738274.937,5,7.21762266891387
"Co","RF",3,13732153.04,-3735889.78,4,15.3161320517333
"Co","RF",3,13731678.82,-3743628.517,4,7.84668570168562
"Co","RF",3,13695882.94,-3700700.059,3,8.42448497257836
"Co","RF",3,13671074.28,-3827286.189,4,8.51319039821843
"Co","RF",3,13641899.65,-3805426.998,4,14.8862226260494
"Co","RF",3,13737066.69,-3699813.388,15,18.4440655652101
"Co","RF",3,13703417.04,-3716566.503,25,11.7232087906515
"Co","RF",3,13704167.32,-3729735.862,15,31.8164570162247
"Co","RF",3,13792700.84,-3658320.299,4,5.07939132896542
"Co","RF",3,13802076.16,-3666743.134,4,3.50571641802503
"Co","RF",3,13696618.76,-3692996.429,9,8.21802140513314
"Co","RF",3,13710529.24,-3690160.848,12,12.1141044724565
"Co","RF",3,13712259.16,-3684387.329,19,10.868760683264
"Co","RF",3,13719041.85,-3674999.753,8,9.5086567409635
"Co","RF",3,13735361.29,-3646214.332,19,7.53480031239456
"Co","RF",3,13732623.95,-3649812.242,7,8.76344750169583
"Co","RF",3,13741450.46,-3647781.06,12,7.30955612418433
"Co","RF",3,13709261.3,-3762684.026,25.70000076,31.1081537226288
"Co","RF",3,13709419.38,-3762744.405,34.59999847,30.5761570173501
"Co","RF",3,13672747.41,-3793752.412,27.66666667,33.6702535543988
"Co","RF",3,13672593.78,-3793603.706,21.39999962,33.4755960653951
"Co","RF",3,13685018.15,-3832273.058,7.69999981,8.83448918180511
"Co","RF",3,13681955.74,-3793428.682,31.83999977,21.6557077175882
"Co","RF",3,13680545.31,-3793428.683,33.76666705,23.5847419797823
"Co","RF",3,13681482.63,-3793428.682,62.6888894,19.7930163350308
"Co","RF",3,13681019.53,-3793437.894,74.65999918,19.848656750611
"Co","RF",3,13644313.02,-3768627.551,0.5,22.858013156421
"Co","RF",3,13643137.49,-3771067.79,58.90000153,24.7641027431109
"Co","RF",3,13643134.15,-3771220.158,2.4000001,22.1593461689186
"Co","RF",3,13731147.84,-3694635.703,39.94999886,19.6255300763862
"Co","RF",3,13736028.08,-3688348.665,60.05000115,16.6666023534562
"Co","RF",3,13681739.79,-3836552.772,8.60000038,10.7597217291634
"Co","RFK",3,13647171.74,-3800514.561,3,14.3923538024964
"Co","RFK",3,13669560.33,-3826052.335,5,8.06158146840027
"Co","RFK",3,13671822.35,-3814357.538,35,14.4553765171955
"Co","RFK",3,13671510.64,-3806303.027,63,19.7335389824882
"Co","RFK",3,13671375.94,-3796478.135,30,20.8881082974446
"Co","RFK",3,13676186.05,-3791653.589,52,29.3801356520939
"Co","RFK",3,13675399.03,-3799550.756,46,24.6839140263704
"Co","RFK",3,13676168.26,-3811775.337,16,10.9183900192628
"Co","RFK",3,13681278.93,-3816706.923,22,6.0721396497861
"Co","RFK",3,13681333.49,-3824297.452,14,6.46176919560508
"Co","RFK",3,13689659.07,-3825017.85,6,7.81484816783394
"Co","RFK",3,13741191.07,-3809426.925,4,9.68846345682466
"Co","RFK",3,13731681.06,-3810800.063,10,10.697122423801
"Co","RFK",3,13651616.7,-3767893.476,13,11.720875562206
"Co","RFK",3,13642662.16,-3766686.746,56,9.41492304965489
"Co","RFK",3,13642755.69,-3743497.457,11.20299994,9.05457896309889
"Co","RFK",3,13642350.5,-3734889.226,4.41350001,7.19796421544095
"Co","RFK",3,13648203.67,-3739068.78,2.741749988,10.7358192469163
"Co","RFK",3,13662882.26,-3747874.016,10,11.4342856479391
"Co","RFK",3,13654660.2,-3748251.584,9.00204981,10.2613465033136
"Co","RFK",3,13657725.93,-3758098.714,9,9.95651462817725
"Co","RFK",3,13661688.94,-3710537.38,7.60775,11.5934108532928
"Co","RFK",3,13685418.91,-3699654.085,6,7.3958555554735
"Co","RFK",3,13699537.55,-3772271.04,32,18.831353167068
"Co","RFK",3,13710243.14,-3771499.964,12,10.4380073287012
"Co","RFK",3,13718681.15,-3772164.638,21,10.0793434813404
"Co","RFK",3,13724122.46,-3766439.923,4,12.4787540700877
"Co","RFK",3,13732301.1,-3767020.273,11,9.22272955320084
"Co","RFK",3,13746508.81,-3739104.154,5,7.99152200360497
"Co","RFK",3,13736825.12,-3734445.293,2,9.78619996105243
"Co","RFK",3,13736318.62,-3743159.362,6,8.49053189928687
"Co","RFK",3,13713792.01,-3764022.938,7,11.7030248935632
"Co","RFK",3,13703907.94,-3763789.271,22,20.3164327968638
"Co","RFK",3,13741880.15,-3698404.514,23,14.2077461844734
"Co","RFK",3,13740378.45,-3688638.281,18,12.4169983863642
"Co","RFK",3,13731699.98,-3692715.843,10,14.9068387859247
"Co","RFK",3,13723677.19,-3682831.578,10,6.30980694505153
"Co","RFK",3,13724522.11,-3673978.126,11,7.42136290430147
"Co","RFK",3,13797477.56,-3663814.662,3,3.38196619351058
"Co","RFK",3,13789110.78,-3664615.398,9,4.20009265735919
"Co","RFK",3,13750663.26,-3663101.252,2,7.72691552591898
"Co","RFK",3,13743592.24,-3664364.136,2,9.16452109643053
"Co","RFK",3,13731153.42,-3653666.171,6,8.3094146881424
"Co","RFK",3,13737582.11,-3655092.028,5,8.42461733183838
"Co","RFK",3,13737869.32,-3644040.749,7,6.44371025200547
"Co","RFK",3,13652038.63,-3802230.392,15,12.8645330394559
"Co","RFK",3,13642047.7,-3799583.665,10,12.0076828032901
"Co","RFK",3,13669074.98,-3828018.645,12,8.5542251955507
"Co","RFK",3,13671938.12,-3820151.406,7,8.81489438678184
"Co","RFK",3,13671954.81,-3811893.955,27,15.9179812368255
"Co","RFK",3,13672408.98,-3799736.4,22,23.1439967113768
"Co","RFK",3,13669558.08,-3792157.54,19,20.6814094387577
"Co","RFK",3,13736081.51,-3814638.326,8,9.06636941859882
"Co","RFK",3,13644526.76,-3772563.963,14,24.4971183383264
"Co","RFK",3,13638411.98,-3767158.131,9,15.6917829958721
"Co","RFK",3,13638978.63,-3739419.869,30,8.44841938863652
"Co","RFK",3,13649384.77,-3742243.378,10.0224998,11.3733043759055
"Co","RFK",3,13664360.58,-3753958.475,8,12.2435188652884
"Co","RFK",3,13653678.35,-3754199.817,18,13.5613295960495
"Co","RFK",3,13702920.55,-3792447.028,3,12.054694489927
"Co","RFK",3,13705317.26,-3800928.036,5,14.4728614466138
"Co","RFK",3,13737478.59,-3776184.986,4,5.99779654332482
"Co","RFK",3,13717094.86,-3775265.189,2,9.80685146564726
"Co","RFK",3,13704476.79,-3770520.097,42,28.8472197858785
"Co","RFK",3,13713594.97,-3773545.337,20,15.8855988756919
"Co","RFK",3,13719556.13,-3769035.997,4,10.1175016149294
"Co","RFK",3,13727999.72,-3767508.742,6,8.09563383778296
"Co","RFK",3,13738110.88,-3766730.09,6,7.42443955231264
"Co","RFK",3,13744574.07,-3742865.82,9,9.06088566023109
"Co","RFK",3,13746524.39,-3734057.681,4,8.6602955560806
"Co","RFK",3,13737485.25,-3737506.03,5,8.92335916230574
"Co","RFK",3,13718840.34,-3761863.684,4,8.42289537177083
"Co","RFK",3,13708806.01,-3764070.196,8,25.2220549535717
"Co","RFK",3,13697086.27,-3763298.324,41,29.455136407125
"Co","RFK",3,13700400.27,-3724241.874,8,9.35165764141489
"Co","RFK",3,13707381.13,-3701529.328,7,9.10370825353284
"Co","RFK",3,13731904.81,-3699541.788,15,11.4533551271197
"Co","RFK",3,13708043.47,-3729246.304,32,30.152080598153
"Co","RFK",3,13798227.85,-3667749.834,3,3.38898375069081
"Co","RFK",3,13788575.34,-3667966.028,2,6.05738394166478
"Co","RFK",3,13692943,-3695980.178,12,7.83141656079455
"Co","RFK",3,13703783.28,-3694865.43,9,11.3120114128187
"Co","RFK",3,13711412.01,-3696565.005,4,9.84738321777014
"Co","RFK",3,13707570.37,-3688531.308,22,10.2517196715885
"Co","RFK",3,13705079.06,-3686639.8,10,11.8155017449696
"Co","RFK",3,13717932,-3678194.189,13,9.1705199307374
"Co","RFK",3,13730317.41,-3641981.903,5,4.53789290564493
"Co","RFK",3,13730889.58,-3814582.957,7,9.29802528160828
"Co","RFK",3,13676308.53,-3814488.048,19,11.9154280717196
"Co","RFK",3,13680362.77,-3827593.683,15,6.83973389792742
"Co","RFK",3,13698802.83,-3804109.806,3,10.8576917548543
"Co","RFK",3,13704780.7,-3795293.544,5,9.75899668836963
"Co","RFK",3,13660752.74,-3714360.793,7.44525001,11.3673615315118
"Co","RFK",3,13652775.57,-3705769.287,6.105249855,9.01908646685165
"Co","RFK",3,13662834.42,-3707164.624,7.895500045,10.6664164272405
"Co","RFK",3,13689726.98,-3700803.224,7,7.04137916568736
"Co","RFK",3,13699788,-3729512.02,17,17.9356837281276
"Co","RFK",3,13698629.17,-3719435.692,7,7.86547947621244
"Co","RFK",3,13703189.95,-3699322.422,4,9.06870081059903
"Co","RFK",3,13727426.43,-3700871.131,34,21.5580934150844
"Co","RFK",3,13711737.05,-3729262.013,24,29.7947493533817
"Co","RFK",3,13728770.04,-3744114.727,5,7.74634729578233
"Co","RFK",3,13735104.13,-3691179.911,20,13.9239270474375
"Co","RFK",3,13694259.91,-3687110.694,5.525749948,8.7206504527225
"Co","RFK",3,13696809.12,-3694789.725,2,8.35736711622631
"Co","RFK",3,13708486.53,-3694693.136,4,11.017043797132
"Co","RFK",3,13702723.52,-3689558.061,21,10.6561018810965
"Co","RFK",3,13712730.06,-3678478.354,16,9.5908599261822
"Co","RFK",3,13756238.14,-3670718.336,28,12.8466222175736
"Co","RFK",3,13745892.11,-3668734.496,8,9.01676369520684
"Co","RFK",3,13745947.76,-3660008.34,4,5.73935516109643
"Co","RFK",3,13756676.74,-3658523.359,3,8.13150798126223
"Co","RFK",3,13647139.44,-3795634.416,6,14.7578483686568
"Co","RFK",3,13648202.56,-3804536.551,6,8.94365382348477
"Co","RFK",3,13675636.16,-3820388.813,8,8.32428430658635
"Co","RFK",3,13685916.5,-3828163.821,3,5.69593318209776
"Co","RFK",3,13710566.08,-3805355.865,11,11.5706364444248
"Co","RFK",3,13649656.36,-3771821.765,4,14.1188973583256
"Co","RFK",3,13637079.48,-3772123.893,11,12.1477090913952
"Co","RFK",3,13638860.6,-3761947.665,5,9.51399956901662
"Co","RFK",3,13637963.39,-3745189.431,4,7.39564007502693
"Co","RFK",3,13637440.2,-3735465.45,17,7.14579676586436
"Co","RFK",3,13662164.24,-3754248.352,9,10.9327742511867
"Co","RFK",3,13665728.72,-3715941.481,18.25974974,9.02530250276894
"Co","RFK",3,13657193.85,-3706097.199,8.963500008,9.33425087677694
"Co","RFK",3,13703391.42,-3767837.031,29,25.4721179700939
"Co","RFK",3,13713705.18,-3767540.264,10,9.97159803533764
"Co","RFK",3,13736252.94,-3762102.557,5,11.7422030230421
"Co","RFK",3,13741683.11,-3743549.886,9,7.80209758487894
"Co","RFK",3,13742539.15,-3735392.113,9,7.39384643303668
"Co","RFK",3,13732060.65,-3739746.084,9,11.8727290765869
"Co","RFK",3,13647196.2,-3761938.478,8.342749958,11.4778069847713
"Co","RFK",3,13656883.23,-3760862.285,10,10.0510035321483
"Co","RFK",3,13729338.89,-3733256.315,24,21.2861941399284
"Co","RFK",3,13736661.49,-3687529.422,6,13.3804440017753
"Co","RFK",3,13736270.76,-3695421.483,7,12.9046922297212
"Co","RFK",3,13787889.61,-3659686.827,3,5.76405675474092
"Co","RFK",3,13796812.98,-3658298.173,3,3.42574829314587
"Co","RFK",3,13792697.5,-3666042.525,5,5.29510752980143
"Co","RFK",3,13752931.95,-3669997.968,3,9.18334548215117
"Co","RFK",3,13748542.63,-3660065.626,5,7.20151186371817
"Co","RFK",3,13741459.36,-3644108.343,8,6.89018936781913
"Co","RFK",3,13729739.67,-3645585.083,5,6.50962859161609
"Co","RFK",3,13727641.3,-3649003.359,2,5.64135430508458
"Co","RFK",3,13736929.78,-3648903.244,5,9.57863566577703
"Co","RFK",3,13680309.31,-3795934.524,23,25.2827265043209
"Co","RFK",3,13681057.39,-3806612.617,17,13.745439269502
"Co","RFK",3,13728727.79,-3819939.056,13,8.96763392976069
"Co","RFK",3,13676631.34,-3796035.873,21,24.6111757154058
"Co","RFK",3,13676117.04,-3806524.341,22,15.9454822210746
"Co","RFK",3,13679363.13,-3811191.49,24,12.5984479986299
"Co","RFK",3,13680725.68,-3819608.032,11,9.99030103695516
"Co","RFK",3,13685499.06,-3824806.74,5,8.43498132128305
"Co","RFK",3,13737139.04,-3818560.904,4.066375098,8.90275732959649
"Co","RFK",3,13737313.82,-3809816.973,4,10.7511266935404
"Co","RFK",3,13700301.2,-3797603.626,8,16.7439686789713
"Co","RFK",3,13710057.25,-3800089.268,14,9.42946424491792
"Co","RFK",3,13733069.21,-3771401.437,8,10.1092787123807
"Co","RFK",3,13722388.1,-3770764.397,6,9.41703028729333
"Co","RFK",3,13667030.04,-3710656.309,8.716000048,9.44386788338154
"Co","RFK",3,13658318.18,-3710969.99,17.34200001,11.172730612884
"Co","RFK",3,13703588.47,-3720768.521,6,9.63132999801539
"Co","RFK",3,13707651.63,-3725657.671,22,14.7412908920296
"Co","RFK",3,13741984.79,-3692860.7,15,16.9706629946448
"Co","RFK",3,13729899.95,-3688276.915,7,6.83904390558445
"Co","RFK",3,13733186.1,-3695105.599,29,10.9091108891854
"Co","RFK",3,13723283.12,-3685947.189,11,6.52726642071489
"Co","RFK",3,13724608.93,-3678629.562,7,6.86428584036875
"Co","RFK",3,13699697.87,-3686878.506,18,10.3025120603618
"Co","RFK",3,13706325.81,-3690712.774,27,10.1972260241247
"Co","RFK",3,13719799.93,-3683709.189,17,8.16258595887286
"Co","RFK",3,13713662.91,-3673338.35,13,9.70976236761258
"Co","RFK",3,13756277.1,-3664601.098,4,7.48585514795406
"Co","RFK",3,13747054.28,-3663498.328,2,7.49253972002059
"Co","RFK",3,13733531.2,-3654232.071,5,23.3291241360665
"Co","RFK",3,13643227.68,-3794644.676,8,6.83273160076958
"Co","RFK",3,13680186.86,-3799939.17,22,20.0157114323923
"Co","RFK",3,13732413.56,-3819625.167,8,8.74440431863392
"Co","RFK",3,13647386.56,-3767202.775,5,15.2412397890901
"Co","RFK",3,13642624.31,-3763929.712,76,10.6544430969093
"Co","RFK",3,13642223.59,-3739765.729,8.9152503,8.35144875022491
"Co","RFK",3,13647485.67,-3733739.478,9.250500055,9.71920826058739
"Co","RFK",3,13652011.92,-3738204.198,8.175499828,10.4848263342375
"Co","RFK",3,13666153.93,-3748003.796,12,10.6930394922655
"Co","RFK",3,13657178.25,-3748671.119,11,12.634119634221
"Co","RFK",3,13653856.46,-3757596.187,13,12.9892795047802
"Co","RFK",3,13660655.86,-3757315.427,17,11.8949546328701
"Co","RFK",3,13699890.44,-3800365.783,11,17.9906620877259
"Co","RFK",3,13708847.21,-3796941.485,10,7.79782091001577
"Co","RFK",3,13738107.54,-3771612.922,4,7.84786294433219
"Co","RFK",3,13729125.16,-3771128.227,5,9.80518919644569
"Co","RFK",3,13698587.98,-3766648.686,14,21.4437697520812
"Co","RFK",3,13708441.99,-3768521.202,16,19.5376408997527
"Co","RFK",3,13723175.13,-3764137.146,18,10.8506726310151
"Co","RFK",3,13732407.97,-3763633.056,2,9.14710645874238
"Co","RFK",3,13741825.62,-3761620.87,11,12.7170186215886
"Co","RFK",3,13740917.23,-3738274.937,5,7.34628186340767
"Co","RFK",3,13732153.04,-3735889.78,4,15.6877479894599
"Co","RFK",3,13731678.82,-3743628.517,4,8.0671452595366
"Co","RFK",3,13695882.94,-3700700.059,3,8.02632746072483
"Co","RFK",3,13671074.28,-3827286.189,4,7.63121032191883
"Co","RFK",3,13641899.65,-3805426.998,4,13.9907920574088
"Co","RFK",3,13737066.69,-3699813.388,15,18.0063085314611
"Co","RFK",3,13703417.04,-3716566.503,25,11.2704251504588
"Co","RFK",3,13704167.32,-3729735.862,15,31.9095237905087
"Co","RFK",3,13792700.84,-3658320.299,4,4.92864696513919
"Co","RFK",3,13802076.16,-3666743.134,4,3.24432849761277
"Co","RFK",3,13696618.76,-3692996.429,9,7.98823198426128
"Co","RFK",3,13710529.24,-3690160.848,12,12.0526379662709
"Co","RFK",3,13712259.16,-3684387.329,19,10.8831806893069
"Co","RFK",3,13719041.85,-3674999.753,8,9.44195081319082
"Co","RFK",3,13735361.29,-3646214.332,19,7.42435175374998
"Co","RFK",3,13732623.95,-3649812.242,7,8.66013676793111
"Co","RFK",3,13741450.46,-3647781.06,12,7.24619086424906
"Co","RFK",3,13709261.3,-3762684.026,25.70000076,30.9103764618994
"Co","RFK",3,13709419.38,-3762744.405,34.59999847,30.3775190592255
"Co","RFK",3,13672747.41,-3793752.412,27.66666667,34.2162630913231
"Co","RFK",3,13672593.78,-3793603.706,21.39999962,34.019959962007
"Co","RFK",3,13685018.15,-3832273.058,7.69999981,7.79171636094876
"Co","RFK",3,13681955.74,-3793428.682,31.83999977,22.6105831096899
"Co","RFK",3,13680545.31,-3793428.683,33.76666705,24.4861570556444
"Co","RFK",3,13681482.63,-3793428.682,62.6888894,20.7305127131078
"Co","RFK",3,13681019.53,-3793437.894,74.65999918,20.7679426296326
"Co","RFK",3,13644313.02,-3768627.551,0.5,21.8483135522646
"Co","RFK",3,13643137.49,-3771067.79,58.90000153,23.613387746025
"Co","RFK",3,13643134.15,-3771220.158,2.4000001,21.0020514714606
"Co","RFK",3,13731147.84,-3694635.703,39.94999886,19.2848079390251
"Co","RFK",3,13736028.08,-3688348.665,60.05000115,16.3079408244456
"Co","RFK",3,13681739.79,-3836552.772,8.60000038,9.65085521958255
"Co","SRK",3,13647171.74,-3800514.561,3,18.1217667314507
"Co","SRK",3,13669560.33,-3826052.335,5,9.22796369718461
"Co","SRK",3,13671822.35,-3814357.538,35,16.3884851287926
"Co","SRK",3,13671510.64,-3806303.027,63,19.9110378216557
"Co","SRK",3,13671375.94,-3796478.135,30,16.162884300465
"Co","SRK",3,13676186.05,-3791653.589,52,32.6163721969875
"Co","SRK",3,13675399.03,-3799550.756,46,22.8037256016856
"Co","SRK",3,13676168.26,-3811775.337,16,9.9704232660514
"Co","SRK",3,13681278.93,-3816706.923,22,8.86019304838102
"Co","SRK",3,13681333.49,-3824297.452,14,10.8361118039903
"Co","SRK",3,13689659.07,-3825017.85,6,9.82831665307804
"Co","SRK",3,13741191.07,-3809426.925,4,11.1496446523136
"Co","SRK",3,13731681.06,-3810800.063,10,9.1946057448196
"Co","SRK",3,13651616.7,-3767893.476,13,11.9993413278841
"Co","SRK",3,13642662.16,-3766686.746,56,14.041502600517
"Co","SRK",3,13642755.69,-3743497.457,11.20299994,8.39339938088872
"Co","SRK",3,13642350.5,-3734889.226,4.41350001,7.6027638808982
"Co","SRK",3,13648203.67,-3739068.78,2.741749988,9.26593161626328
"Co","SRK",3,13662882.26,-3747874.016,10,12.369293679199
"Co","SRK",3,13654660.2,-3748251.584,9.00204981,10.8564681907593
"Co","SRK",3,13657725.93,-3758098.714,9,10.6712827453667
"Co","SRK",3,13661688.94,-3710537.38,7.60775,11.361506922322
"Co","SRK",3,13685418.91,-3699654.085,6,7.24636521200363
"Co","SRK",3,13699537.55,-3772271.04,32,24.5934624376385
"Co","SRK",3,13710243.14,-3771499.964,12,11.4649946820613
"Co","SRK",3,13718681.15,-3772164.638,21,9.13202298799147
"Co","SRK",3,13724122.46,-3766439.923,4,12.4294801828623
"Co","SRK",3,13732301.1,-3767020.273,11,8.61735528253416
"Co","SRK",3,13746508.81,-3739104.154,5,8.09521240284642
"Co","SRK",3,13736825.12,-3734445.293,2,9.42744813558506
"Co","SRK",3,13736318.62,-3743159.362,6,10.2109998851285
"Co","SRK",3,13713792.01,-3764022.938,7,9.20452661460044
"Co","SRK",3,13703907.94,-3763789.271,22,21.6816417940521
"Co","SRK",3,13741880.15,-3698404.514,23,15.6978308643178
"Co","SRK",3,13740378.45,-3688638.281,18,13.2409910492631
"Co","SRK",3,13731699.98,-3692715.843,10,12.015379916643
"Co","SRK",3,13723677.19,-3682831.578,10,6.02372983690418
"Co","SRK",3,13724522.11,-3673978.126,11,6.98915197726625
"Co","SRK",3,13797477.56,-3663814.662,3,3.17144420600675
"Co","SRK",3,13789110.78,-3664615.398,9,4.19254803525075
"Co","SRK",3,13750663.26,-3663101.252,2,6.4474608061889
"Co","SRK",3,13743592.24,-3664364.136,2,7.47287010223396
"Co","SRK",3,13731153.42,-3653666.171,6,7.91330001734099
"Co","SRK",3,13737582.11,-3655092.028,5,8.59944610534445
"Co","SRK",3,13737869.32,-3644040.749,7,6.85671005350576
"Co","SRK",3,13652038.63,-3802230.392,15,12.1869139612546
"Co","SRK",3,13642047.7,-3799583.665,10,12.4130549950483
"Co","SRK",3,13669074.98,-3828018.645,12,8.32686125613307
"Co","SRK",3,13671938.12,-3820151.406,7,10.6532477671267
"Co","SRK",3,13671954.81,-3811893.955,27,14.8248258786931
"Co","SRK",3,13672408.98,-3799736.4,22,18.1802098438991
"Co","SRK",3,13669558.08,-3792157.54,19,21.2665938571203
"Co","SRK",3,13736081.51,-3814638.326,8,8.35404214259223
"Co","SRK",3,13644526.76,-3772563.963,14,16.2293093866157
"Co","SRK",3,13638411.98,-3767158.131,9,12.9472489469628
"Co","SRK",3,13638978.63,-3739419.869,30,9.15750452953141
"Co","SRK",3,13649384.77,-3742243.378,10.0224998,11.599613428104
"Co","SRK",3,13664360.58,-3753958.475,8,8.92497097956776
"Co","SRK",3,13653678.35,-3754199.817,18,11.8523236303814
"Co","SRK",3,13702920.55,-3792447.028,3,10.9134544594126
"Co","SRK",3,13705317.26,-3800928.036,5,15.5882899838551
"Co","SRK",3,13737478.59,-3776184.986,4,5.67280980543026
"Co","SRK",3,13717094.86,-3775265.189,2,8.37994618398203
"Co","SRK",3,13704476.79,-3770520.097,42,29.6243796611494
"Co","SRK",3,13713594.97,-3773545.337,20,10.4708036712386
"Co","SRK",3,13719556.13,-3769035.997,4,10.4671691668734
"Co","SRK",3,13727999.72,-3767508.742,6,9.21022645412244
"Co","SRK",3,13738110.88,-3766730.09,6,6.87642058540957
"Co","SRK",3,13744574.07,-3742865.82,9,7.95268933605196
"Co","SRK",3,13746524.39,-3734057.681,4,7.08820193308148
"Co","SRK",3,13737485.25,-3737506.03,5,9.76797599954789
"Co","SRK",3,13718840.34,-3761863.684,4,12.897793702982
"Co","SRK",3,13708806.01,-3764070.196,8,24.2801336215156
"Co","SRK",3,13697086.27,-3763298.324,41,29.9160897841917
"Co","SRK",3,13700400.27,-3724241.874,8,10.6775681405203
"Co","SRK",3,13707381.13,-3701529.328,7,8.69799660481752
"Co","SRK",3,13731904.81,-3699541.788,15,10.8288823825658
"Co","SRK",3,13708043.47,-3729246.304,32,30.5892519397834
"Co","SRK",3,13798227.85,-3667749.834,3,3.70892228410315
"Co","SRK",3,13788575.34,-3667966.028,2,5.0893129504354
"Co","SRK",3,13692943,-3695980.178,12,8.61926999611113
"Co","SRK",3,13703783.28,-3694865.43,9,8.49726306436641
"Co","SRK",3,13711412.01,-3696565.005,4,9.62725918361863
"Co","SRK",3,13707570.37,-3688531.308,22,8.34181545390464
"Co","SRK",3,13705079.06,-3686639.8,10,11.6254995545489
"Co","SRK",3,13717932,-3678194.189,13,9.47653545614832
"Co","SRK",3,13730317.41,-3641981.903,5,5.5046682500537
"Co","SRK",3,13730889.58,-3814582.957,7,7.57189864955569
"Co","SRK",3,13676308.53,-3814488.048,19,8.78822713864106
"Co","SRK",3,13680362.77,-3827593.683,15,5.83917571383635
"Co","SRK",3,13698802.83,-3804109.806,3,14.1303930070522
"Co","SRK",3,13704780.7,-3795293.544,5,9.6898451667865
"Co","SRK",3,13660752.74,-3714360.793,7.44525001,11.3864102775786
"Co","SRK",3,13652775.57,-3705769.287,6.105249855,9.49192479137562
"Co","SRK",3,13662834.42,-3707164.624,7.895500045,10.0497733641833
"Co","SRK",3,13689726.98,-3700803.224,7,7.46421084499135
"Co","SRK",3,13699788,-3729512.02,17,17.01707467963
"Co","SRK",3,13698629.17,-3719435.692,7,7.61035858589108
"Co","SRK",3,13703189.95,-3699322.422,4,8.97870059023814
"Co","SRK",3,13727426.43,-3700871.131,34,18.6425123554757
"Co","SRK",3,13711737.05,-3729262.013,24,30.6328347337383
"Co","SRK",3,13728770.04,-3744114.727,5,7.94447704955236
"Co","SRK",3,13735104.13,-3691179.911,20,10.9756875118371
"Co","SRK",3,13694259.91,-3687110.694,5.525749948,10.2212379971565
"Co","SRK",3,13696809.12,-3694789.725,2,8.23460209655504
"Co","SRK",3,13708486.53,-3694693.136,4,9.30369900511858
"Co","SRK",3,13702723.52,-3689558.061,21,10.5295730942157
"Co","SRK",3,13712730.06,-3678478.354,16,8.39344449336056
"Co","SRK",3,13756238.14,-3670718.336,28,10.1416906677997
"Co","SRK",3,13745892.11,-3668734.496,8,8.4748652483525
"Co","SRK",3,13745947.76,-3660008.34,4,6.15683360179848
"Co","SRK",3,13756676.74,-3658523.359,3,8.31675518227336
"Co","SRK",3,13647139.44,-3795634.416,6,16.7566326961437
"Co","SRK",3,13648202.56,-3804536.551,6,9.03871452637307
"Co","SRK",3,13675636.16,-3820388.813,8,8.93990278633127
"Co","SRK",3,13685916.5,-3828163.821,3,7.15984797166313
"Co","SRK",3,13710566.08,-3805355.865,11,10.524090762549
"Co","SRK",3,13649656.36,-3771821.765,4,14.4773178911802
"Co","SRK",3,13637079.48,-3772123.893,11,11.9868281153126
"Co","SRK",3,13638860.6,-3761947.665,5,11.9832123401536
"Co","SRK",3,13637963.39,-3745189.431,4,7.86425289874497
"Co","SRK",3,13637440.2,-3735465.45,17,7.92861738397187
"Co","SRK",3,13662164.24,-3754248.352,9,9.59376598908245
"Co","SRK",3,13665728.72,-3715941.481,18.25974974,9.51078249744645
"Co","SRK",3,13657193.85,-3706097.199,8.963500008,8.93614219339164
"Co","SRK",3,13703391.42,-3767837.031,29,25.6160908481867
"Co","SRK",3,13713705.18,-3767540.264,10,9.14156803016968
"Co","SRK",3,13736252.94,-3762102.557,5,8.93995760960306
"Co","SRK",3,13741683.11,-3743549.886,9,7.82320661439347
"Co","SRK",3,13742539.15,-3735392.113,9,6.72021678845286
"Co","SRK",3,13732060.65,-3739746.084,9,14.4727309168941
"Co","SRK",3,13647196.2,-3761938.478,8.342749958,10.9522659621722
"Co","SRK",3,13656883.23,-3760862.285,10,11.2156133678796
"Co","SRK",3,13729338.89,-3733256.315,24,21.4808669153533
"Co","SRK",3,13736661.49,-3687529.422,6,13.4236305369411
"Co","SRK",3,13736270.76,-3695421.483,7,8.359166520411
"Co","SRK",3,13787889.61,-3659686.827,3,4.90115041968761
"Co","SRK",3,13796812.98,-3658298.173,3,3.31871829030887
"Co","SRK",3,13792697.5,-3666042.525,5,4.33057481581046
"Co","SRK",3,13752931.95,-3669997.968,3,7.59163344560621
"Co","SRK",3,13748542.63,-3660065.626,5,6.74019601820547
"Co","SRK",3,13741459.36,-3644108.343,8,7.28841417528698
"Co","SRK",3,13729739.67,-3645585.083,5,6.80462214873451
"Co","SRK",3,13727641.3,-3649003.359,2,6.06733560297425
"Co","SRK",3,13736929.78,-3648903.244,5,10.168372241539
"Co","SRK",3,13680309.31,-3795934.524,23,26.5389126696436
"Co","SRK",3,13681057.39,-3806612.617,17,12.9301798852594
"Co","SRK",3,13728727.79,-3819939.056,13,8.5202335251999
"Co","SRK",3,13676631.34,-3796035.873,21,26.4096691174428
"Co","SRK",3,13676117.04,-3806524.341,22,14.615166120231
"Co","SRK",3,13679363.13,-3811191.49,24,10.3845567646526
"Co","SRK",3,13680725.68,-3819608.032,11,7.81562975412808
"Co","SRK",3,13685499.06,-3824806.74,5,10.8965866619983
"Co","SRK",3,13737139.04,-3818560.904,4.066375098,8.14462652326472
"Co","SRK",3,13737313.82,-3809816.973,4,9.91442026034111
"Co","SRK",3,13700301.2,-3797603.626,8,13.2496467697598
"Co","SRK",3,13710057.25,-3800089.268,14,8.96271837558666
"Co","SRK",3,13733069.21,-3771401.437,8,9.22987496215354
"Co","SRK",3,13722388.1,-3770764.397,6,9.15660079012757
"Co","SRK",3,13667030.04,-3710656.309,8.716000048,9.34324020408465
"Co","SRK",3,13658318.18,-3710969.99,17.34200001,10.7186818715409
"Co","SRK",3,13703588.47,-3720768.521,6,13.5764990092209
"Co","SRK",3,13707651.63,-3725657.671,22,14.1145427301999
"Co","SRK",3,13741984.79,-3692860.7,15,15.3393904533236
"Co","SRK",3,13729899.95,-3688276.915,7,6.79044316878908
"Co","SRK",3,13733186.1,-3695105.599,29,9.37550603239127
"Co","SRK",3,13723283.12,-3685947.189,11,6.28600267615291
"Co","SRK",3,13724608.93,-3678629.562,7,7.12833439750659
"Co","SRK",3,13699697.87,-3686878.506,18,10.7815593902832
"Co","SRK",3,13706325.81,-3690712.774,27,8.46985474462876
"Co","SRK",3,13719799.93,-3683709.189,17,6.87555792690843
"Co","SRK",3,13713662.91,-3673338.35,13,8.5407067214145
"Co","SRK",3,13756277.1,-3664601.098,4,6.85503842905644
"Co","SRK",3,13747054.28,-3663498.328,2,6.34522383479792
"Co","SRK",3,13733531.2,-3654232.071,5,18.3224999470626
"Co","SRK",3,13643227.68,-3794644.676,8,6.29849795556149
"Co","SRK",3,13680186.86,-3799939.17,22,11.3228895488566
"Co","SRK",3,13732413.56,-3819625.167,8,7.29979513332405
"Co","SRK",3,13647386.56,-3767202.775,5,14.8617140620323
"Co","SRK",3,13642624.31,-3763929.712,76,13.8486963182863
"Co","SRK",3,13642223.59,-3739765.729,8.9152503,8.61704828260971
"Co","SRK",3,13647485.67,-3733739.478,9.250500055,9.39061723560783
"Co","SRK",3,13652011.92,-3738204.198,8.175499828,11.4903001826479
"Co","SRK",3,13666153.93,-3748003.796,12,10.161633999364
"Co","SRK",3,13657178.25,-3748671.119,11,14.3992630043721
"Co","SRK",3,13653856.46,-3757596.187,13,12.2625634511619
"Co","SRK",3,13660655.86,-3757315.427,17,12.0323563912645
"Co","SRK",3,13699890.44,-3800365.783,11,13.189901037076
"Co","SRK",3,13708847.21,-3796941.485,10,8.17773154944651
"Co","SRK",3,13738107.54,-3771612.922,4,7.38896406332335
"Co","SRK",3,13729125.16,-3771128.227,5,9.78773097441202
"Co","SRK",3,13698587.98,-3766648.686,14,24.7144904724664
"Co","SRK",3,13708441.99,-3768521.202,16,15.431429686959
"Co","SRK",3,13723175.13,-3764137.146,18,11.7737124788148
"Co","SRK",3,13732407.97,-3763633.056,2,8.78766089746234
"Co","SRK",3,13741825.62,-3761620.87,11,11.9016330668276
"Co","SRK",3,13740917.23,-3738274.937,5,8.53085346161662
"Co","SRK",3,13732153.04,-3735889.78,4,13.2344870590493
"Co","SRK",3,13731678.82,-3743628.517,4,7.88045841395548
"Co","SRK",3,13695882.94,-3700700.059,3,7.75638798287504
"Co","SRK",3,13671074.28,-3827286.189,4,10.6949060633792
"Co","SRK",3,13641899.65,-3805426.998,4,14.534977925366
"Co","SRK",3,13737066.69,-3699813.388,15,14.8637913704018
"Co","SRK",3,13703417.04,-3716566.503,25,12.8186114042734
"Co","SRK",3,13704167.32,-3729735.862,15,30.2315510363718
"Co","SRK",3,13792700.84,-3658320.299,4,4.38814563041255
"Co","SRK",3,13802076.16,-3666743.134,4,3.26144229619464
"Co","SRK",3,13696618.76,-3692996.429,9,7.78504439183879
"Co","SRK",3,13710529.24,-3690160.848,12,11.8769640496054
"Co","SRK",3,13712259.16,-3684387.329,19,9.2146289106506
"Co","SRK",3,13719041.85,-3674999.753,8,8.36595372774667
"Co","SRK",3,13735361.29,-3646214.332,19,8.44619250653904
"Co","SRK",3,13732623.95,-3649812.242,7,9.66343587509796
"Co","SRK",3,13741450.46,-3647781.06,12,6.90359966907375
"Co","SRK",3,13709261.3,-3762684.026,25.70000076,34.3999504925395
"Co","SRK",3,13709419.38,-3762744.405,34.59999847,33.6096825391536
"Co","SRK",3,13672747.41,-3793752.412,27.66666667,32.3270162682336
"Co","SRK",3,13672593.78,-3793603.706,21.39999962,33.2635867717985
"Co","SRK",3,13685018.15,-3832273.058,7.69999981,11.7734539858244
"Co","SRK",3,13681955.74,-3793428.682,31.83999977,20.7920782883479
"Co","SRK",3,13680545.31,-3793428.683,33.76666705,23.6526725899812
"Co","SRK",3,13681482.63,-3793428.682,62.6888894,19.4352760653673
"Co","SRK",3,13681019.53,-3793437.894,74.65999918,19.6167704128344
"Co","SRK",3,13644313.02,-3768627.551,0.5,16.2600478946226
"Co","SRK",3,13643137.49,-3771067.79,58.90000153,25.720492027485
"Co","SRK",3,13643134.15,-3771220.158,2.4000001,22.1028863017164
"Co","SRK",3,13731147.84,-3694635.703,39.94999886,17.6213971378927
"Co","SRK",3,13736028.08,-3688348.665,60.05000115,16.0848627739324
"Co","SRK",3,13681739.79,-3836552.772,8.60000038,11.6229308604731
"Co","OK",4,13662060.7,-3782081.311,26,18.1572028516678
"Co","OK",4,13642700,-3781147.898,5,18.5057660553203
"Co","OK",4,13703912.41,-3823596.889,9,16.2935521502927
"Co","OK",4,13722236.75,-3819565.816,5,15.4223955024363
"Co","OK",4,13721229.28,-3810569.438,7,15.6586054580519
"Co","OK",4,13715147.9,-3811660.664,16,15.9728914371146
"Co","OK",4,13702258.21,-3812650.505,20,16.5994579962647
"Co","OK",4,13690655.38,-3804697.257,20,17.2116979906488
"Co","OK",4,13690049.8,-3795679.181,16,17.3020794225106
"Co","OK",4,13643204.29,-3757623.733,9.484500013,18.0822393794519
"Co","OK",4,13640291.09,-3720210.02,7.613999895,16.6415407143311
"Co","OK",4,13649014.1,-3719524.646,23,16.5184071456918
"Co","OK",4,13647195.13,-3729615.432,11.00125,17.0336974984755
"Co","OK",4,13656663.96,-3739879.715,10.04424992,17.3191147388726
"Co","OK",4,13665872.3,-3739091.042,21,17.1048943548801
"Co","OK",4,13648519.8,-3756797.18,7.51150003,17.9902082529744
"Co","OK",4,13737500.83,-3752439.7,13,14.5336741324844
"Co","OK",4,13730880.66,-3756450.848,2,15.0101603048759
"Co","OK",4,13765307.34,-3670664.921,22,8.67177490577075
"Co","OK",4,13765799.37,-3663263.965,5,8.05516543694634
"Co","OK",4,13786889.96,-3693809.501,12,8.64861481544227
"Co","OK",4,13778795.92,-3695558.531,3,9.38351874735585
"Co","OK",4,13750097.75,-3696269.969,6,11.4137773891086
"Co","OK",4,13783298.79,-3686708.915,2,8.49424828695032
"Co","OK",4,13778901.67,-3668342.437,5,7.53365559390903
"Co","OK",4,13770901.14,-3659848.24,7,7.42718325895041
"Co","OK",4,13774834.06,-3663616.782,2,7.45827216718388
"Co","OK",4,13770630.64,-3663096.019,5,7.7121362942045
"Co","OK",4,13751695.19,-3655793.321,4,8.31719672086859
"Co","OK",4,13750437.27,-3646384.645,13,7.53910586519842
"Co","OK",4,13732307.8,-3634177.298,1,7.29927758150157
"Co","OK",4,13742031.53,-3635137.165,5,6.90683427633465
"Co","OK",4,13724623.43,-3640564.052,3,8.30371382847716
"Co","OK",4,13646054.06,-3781263.584,9,18.4592772527323
"Co","OK",4,13647985.47,-3791052.292,2,18.4833346970894
"Co","OK",4,13684857.85,-3792987.845,32,17.5058828900594
"Co","OK",4,13722166.59,-3815587.535,5,15.5126159882292
"Co","OK",4,13742440.09,-3818823.336,9,14.178402609139
"Co","OK",4,13638616.81,-3757554.196,12,18.1294328617766
"Co","OK",4,13638336.3,-3749321.412,3.917249903,17.8907395349713
"Co","OK",4,13637362.28,-3728116.734,4,17.0566339987484
"Co","OK",4,13643444.78,-3724667.13,5.652750075,16.8404373020319
"Co","OK",4,13658132.27,-3733181.676,9.543000103,17.0259971540841
"Co","OK",4,13656643.92,-3744199.913,7.436666603,17.4751731998914
"Co","OK",4,13712421.67,-3785818.309,4,16.319506223519
"Co","OK",4,13723670.51,-3782282.469,6,15.7186213342163
"Co","OK",4,13723089.42,-3790248.436,40,15.7517523614282
"Co","OK",4,13745368.91,-3777163.994,6,14.3777826671985
"Co","OK",4,13726796.36,-3776901.171,6,15.5181145829723
"Co","OK",4,13695866.24,-3773013.264,34,16.9888386864875
"Co","OK",4,13684823.34,-3772638.852,39,17.4001187373385
"Co","OK",4,13736397.65,-3749021.179,17,14.5177879896507
"Co","OK",4,13738670.8,-3759152.366,4,14.5991819397842
"Co","OK",4,13692121.43,-3764209.336,20,17.007126883626
"Co","OK",4,13699477.44,-3715431.564,5,15.0336831475807
"Co","OK",4,13699428.47,-3704272.193,5,14.4178923397305
"Co","OK",4,13782840.15,-3695516.76,18,9.06889214221567
"Co","OK",4,13774464.48,-3694741.416,7,9.66074301922848
"Co","OK",4,13756278.21,-3695072.958,8,10.9472542246964
"Co","OK",4,13780231.94,-3687833.357,22,8.80194330904322
"Co","OK",4,13777585.88,-3663891.491,3,7.28189133565834
"Co","OK",4,13741734.32,-3639494.617,8,7.35944394851799
"Co","OK",4,13728530.74,-3641317.791,4,8.199572929634
"Co","OK",4,13728155.59,-3636399.822,6,7.72291354144562
"Co","OK",4,13699706.77,-3815965.929,7,16.6574185290079
"Co","OK",4,13742136.17,-3814051.702,4,14.3046745411117
"Co","OK",4,13665834.46,-3786198.358,36,18.0880798319506
"Co","OK",4,13700174.31,-3827823.322,6,16.360913537779
"Co","OK",4,13747925.92,-3825247.436,8,13.6310567108735
"Co","OK",4,13746635.7,-3816737.244,11,13.9395579466929
"Co","OK",4,13746237.18,-3808212.055,7,14.1350850214901
"Co","OK",4,13712770.11,-3808694.292,9,16.145084647074
"Co","OK",4,13694248.77,-3796771.68,7,17.1279188500147
"Co","OK",4,13690240.15,-3776485.909,18,17.2453181681672
"Co","OK",4,13713392.38,-3790439.208,6,16.2683643584659
"Co","OK",4,13713371.22,-3779832.073,6,16.2525200232535
"Co","OK",4,13725492.81,-3785522.4,19,15.6217662062228
"Co","OK",4,13746979.69,-3786235.197,10,14.2853923159653
"Co","OK",4,13714488.87,-3777396.622,6,16.1813777484389
"Co","OK",4,13691190.82,-3772574.487,23,17.167463172241
"Co","OK",4,13699125.68,-3711512.402,3,14.839860102338
"Co","OK",4,13709387.11,-3714798.768,6,14.5983500988476
"Co","OK",4,13746488.78,-3696164.232,15,11.6287322874537
"Co","OK",4,13747094.35,-3688506.515,21,11.1057413689455
"Co","OK",4,13760806.69,-3670947.61,2,8.99217568606107
"Co","OK",4,13761027.1,-3661561.205,3,8.2294453430535
"Co","OK",4,13712614.31,-3639206.138,6.050750003,8.66867665563606
"Co","OK",4,13802326.63,-3639523.139,2,3.26090189436104
"Co","OK",4,13782941.46,-3664098.5,8,6.90182553543497
"Co","OK",4,13756212.53,-3648444.206,5,7.38639960285948
"Co","OK",4,13661775.73,-3777375.583,28,18.1211389094142
"Co","OK",4,13652838.98,-3776763.173,5,18.2989526918894
"Co","OK",4,13643164.21,-3776986.577,2,18.4542564061799
"Co","OK",4,13637770.78,-3782290.346,7.25175008,18.5756661186676
"Co","OK",4,13652112.07,-3786116.826,17,18.3922457690261
"Co","OK",4,13661852.53,-3786315.416,28,18.1871609374287
"Co","OK",4,13666103.86,-3781463.417,35,18.0532838035541
"Co","OK",4,13706815.63,-3828780.183,4,16.0133792102916
"Co","OK",4,13744003.03,-3827344.262,12,13.8433811114537
"Co","OK",4,13743494.3,-3824589.035,18,13.9577141826176
"Co","OK",4,13745663.89,-3809230.591,3,14.1570246498046
"Co","OK",4,13694965.65,-3801045.236,6,17.0691115904812
"Co","OK",4,13638181.56,-3752440.998,3,17.9891870422425
"Co","OK",4,13639399.43,-3724741.717,5.9174999,16.8791140634983
"Co","OK",4,13648240.42,-3725040.045,8.55675008,16.8060660782872
"Co","OK",4,13663425.5,-3732993.119,11.53350022,16.9157148652424
"Co","OK",4,13654000.09,-3735149.836,10.35399993,17.1779481475973
"Co","OK",4,13652835.67,-3742635.182,7.732499853,17.4845162445563
"Co","OK",4,13661181.3,-3743796.261,16,17.3743846386168
"Co","OK",4,13648316.09,-3753208.233,14.11124985,17.8944572974036
"Co","OK",4,13685644.87,-3766588.279,34,17.2835868099608
"Co","OK",4,13694759.71,-3767980.159,23,16.9667847274527
"Co","OK",4,13728695.46,-3761168.078,9,15.223742273751
"Co","OK",4,13732855.47,-3748353.846,7,14.7085024080567
"Co","OK",4,13727941.83,-3753124.307,6,15.1038240610276
"Co","OK",4,13729390.09,-3747943.501,4,14.8947235808382
"Co","OK",4,13745374.47,-3701206.749,7,11.9949708466455
"Co","OK",4,13745778.56,-3691335.188,20,11.3689566104441
"Co","OK",4,13760970.33,-3667751.152,2,8.7331566646314
"Co","OK",4,13760596.3,-3658627.467,7.933250045,8.01132304491622
"Co","OK",4,13750256.94,-3651003.547,3,7.9753357786999
"Co","OK",4,13779826.74,-3658240.924,8,6.65782796247407
"Co","OK",4,13783913.27,-3692778.473,2,8.82297315447741
"Co","OK",4,13774346.48,-3690716.679,9,9.42445767670679
"Co","OK",4,13756474.14,-3691563.541,12,10.7167506419289
"Co","OK",4,13784252.8,-3667168.986,6,7.04206661487353
"Co","OK",4,13769369.38,-3669178.641,2,8.27996926966563
"Co","OK",4,13754860.01,-3654580.739,7,8.02035011854957
"Co","OK",4,13745541.45,-3649978.711,4,8.1512998001977
"Co","OK",4,13719388.06,-3818778.495,9,15.6014587576247
"Co","OK",4,13699570.96,-3824693.268,9,16.4709139770592
"Co","OK",4,13708431.99,-3825223.677,7,16.0288870418211
"Co","OK",4,13726403.41,-3810282.146,7,15.3656989015775
"Co","OK",4,13718252.59,-3809989.599,6,15.8332036616813
"Co","OK",4,13707459.06,-3809849.92,10,16.395585549515
"Co","OK",4,13698844.04,-3810243.947,5,16.7937580761747
"Co","OK",4,13689987.46,-3800234.111,11,17.2782321152856
"Co","OK",4,13689909.53,-3791625.961,21,17.3186636890379
"Co","OK",4,13718359.45,-3787434.692,6,16.0137770468037
"Co","OK",4,13726932.17,-3790470.774,5,15.5328842643073
"Co","OK",4,13745849.81,-3782303.498,4,14.3617743700343
"Co","OK",4,13703346.91,-3705916.901,9,14.3639383482416
"Co","OK",4,13710813.11,-3704391.064,12,13.9675324167191
"Co","OK",4,13704458.99,-3710641.938,7,14.5846539471825
"Co","OK",4,13766315.89,-3666598.597,6,8.28763209752364
"Co","OK",4,13765422,-3658329.44,4,7.67130986103595
"Co","OK",4,13723519.15,-3634813.756,5,7.76846386147369
"Co","OK",4,13714167.21,-3634713.739,3,8.1456997017516
"Co","OK",4,13774986.57,-3659597.038,8,7.11982510366462
"Co","OK",4,13774496.76,-3668583.397,8,7.87264212829459
"Co","OK",4,13743071.27,-3653631.055,7,8.61966832438378
"Co","OK",4,13750284.77,-3650986.639,5,7.97217853795797
"Co","OK",4,13736682.64,-3635152.755,5,7.18431595818296
"Co","OK",4,13657447.62,-3776960.296,13,18.2112759565467
"Co","OK",4,13646577.26,-3777596.358,28,18.4132523775326
"Co","OK",4,13637856.49,-3776961.608,2.669499905,18.5168406470684
"Co","OK",4,13648346.14,-3787047.989,8,18.4633831485937
"Co","OK",4,13656522.55,-3784429.604,7,18.2957922674726
"Co","OK",4,13699688.96,-3820395.404,4,16.5670195570451
"Co","OK",4,13717957.61,-3819270.401,17,15.669790382454
"Co","OK",4,13642972.75,-3754286.378,8.958999998,17.994158996557
"Co","OK",4,13643463.7,-3729426.943,3.932750123,17.0662321639866
"Co","OK",4,13644939.8,-3719890.872,9.771750183,16.5831983402355
"Co","OK",4,13662461.47,-3738381.04,13.22125009,17.1514148416369
"Co","OK",4,13648614.43,-3747436.152,50.38499948,17.7124971313234
"Co","OK",4,13717644.78,-3782554.627,6,16.0448584741761
"Co","OK",4,13716495.97,-3790030.053,3,16.1090043951847
"Co","OK",4,13689633.45,-3767658.433,32,17.1579437407727
"Co","OK",4,13741855.65,-3756837.861,12,14.357791881363
"Co","OK",4,13731767.87,-3753760.425,9,14.9016786030745
"Co","OK",4,13709621.99,-3706474.768,12,14.1385376026063
"Co","OK",4,13652866.83,-3790402.357,3,18.3939092921532
"Co","OK",4,13651401.85,-3781605.39,5,18.3741560788455
"Co","OK",4,13643551.61,-3791383.851,4,18.5533245516946
"Co","OK",4,13708243.86,-3710532.154,5,14.4224154668679
"Co","OK",4,13783478.02,-3657828.39,3,6.3528498053256
"Co","OK",4,13779963.66,-3692668.85,7,9.12239181704044
"Co","OK",4,13750186.81,-3691333.881,17,11.1009685768177
"Co","OK",4,13718523.13,-3634220.168,7.749750143,7.91916790755164
"Co","OK",4,13744634.19,-3645180.793,6,7.7536714841988
"Co","OK",4,13644386.5,-3784048.27,71,18.5066696419281
"Co","OK",4,13654892.84,-3790544.445,4.30000019,18.3540259151004
"Co","OK",4,13685200.71,-3769280.257,112.199997,17.3413098786248
"Co","OK",4,13658740.03,-3787040.092,26.79999924,18.2616196624298
"Co","OK",4,13646780.99,-3788281.76,11.19999981,18.4944654630643
"Co","OK",4,13724347.33,-3788847.398,4.19999981,15.6843357535586
"Co","OK",4,13723600.38,-3791002.301,2.79999995,15.7209336513553
"Co","OK",4,13723929.88,-3790686.54,50.90000153,15.7034104823271
"Co","OK",4,13738098.62,-3759388.565,3.871428591,14.6385268504953
"Co","OK",4,13647094.91,-3786675.778,10.30000019,18.4819474554861
"Co","OK",4,13721784.76,-3791395.699,2.29999995,15.820694604453
"Co","IDW",4,13662060.7,-3782081.311,26,23.4332570211766
"Co","IDW",4,13642700,-3781147.898,5,18.485284864222
"Co","IDW",4,13703912.41,-3823596.889,9,13.6574156938679
"Co","IDW",4,13722236.75,-3819565.816,5,11.3998879009888
"Co","IDW",4,13721229.28,-3810569.438,7,11.6537266783715
"Co","IDW",4,13715147.9,-3811660.664,16,12.6842173007092
"Co","IDW",4,13702258.21,-3812650.505,20,13.554520373746
"Co","IDW",4,13690655.38,-3804697.257,20,15.1699985815843
"Co","IDW",4,13690049.8,-3795679.181,16,23.6802855422809
"Co","IDW",4,13643204.29,-3757623.733,9.484500013,19.2097595725241
"Co","IDW",4,13640291.09,-3720210.02,7.613999895,12.0787049478174
"Co","IDW",4,13649014.1,-3719524.646,23,11.4400091263654
"Co","IDW",4,13647195.13,-3729615.432,11.00125,12.2579642260387
"Co","IDW",4,13656663.96,-3739879.715,10.04424992,14.0285120694005
"Co","IDW",4,13665872.3,-3739091.042,21,16.4469229011853
"Co","IDW",4,13648519.8,-3756797.18,7.51150003,17.0317139177492
"Co","IDW",4,13737500.83,-3752439.7,13,11.0858643507451
"Co","IDW",4,13730880.66,-3756450.848,2,11.4342644226255
"Co","IDW",4,13765307.34,-3670664.921,22,11.1617141228751
"Co","IDW",4,13765799.37,-3663263.965,5,9.55379213571718
"Co","IDW",4,13786889.96,-3693809.501,12,7.87051489065196
"Co","IDW",4,13778795.92,-3695558.531,3,9.92883756134603
"Co","IDW",4,13750097.75,-3696269.969,6,15.3848414724531
"Co","IDW",4,13783298.79,-3686708.915,2,8.14407043332139
"Co","IDW",4,13778901.67,-3668342.437,5,7.61106543362441
"Co","IDW",4,13770901.14,-3659848.24,7,8.08065775988388
"Co","IDW",4,13774834.06,-3663616.782,2,8.20979040470328
"Co","IDW",4,13770630.64,-3663096.019,5,8.83621924755097
"Co","IDW",4,13751695.19,-3655793.321,4,8.31019283294568
"Co","IDW",4,13750437.27,-3646384.645,13,8.055689173693
"Co","IDW",4,13732307.8,-3634177.298,1,8.83971892466042
"Co","IDW",4,13742031.53,-3635137.165,5,7.60372593432072
"Co","IDW",4,13724623.43,-3640564.052,3,8.35097687159
"Co","IDW",4,13646054.06,-3781263.584,9,18.7182759197163
"Co","IDW",4,13647985.47,-3791052.292,2,16.6404172857851
"Co","IDW",4,13684857.85,-3792987.845,32,32.8352348477958
"Co","IDW",4,13722166.59,-3815587.535,5,11.8784543368664
"Co","IDW",4,13742440.09,-3818823.336,9,10.2183981126075
"Co","IDW",4,13638616.81,-3757554.196,12,17.8715485103229
"Co","IDW",4,13638336.3,-3749321.412,3.917249903,14.1987884929546
"Co","IDW",4,13637362.28,-3728116.734,4,13.5504228177056
"Co","IDW",4,13643444.78,-3724667.13,5.652750075,12.6534948263854
"Co","IDW",4,13658132.27,-3733181.676,9.543000103,14.4537276950195
"Co","IDW",4,13656643.92,-3744199.913,7.436666603,14.2224818897679
"Co","IDW",4,13712421.67,-3785818.309,4,16.0400662256356
"Co","IDW",4,13723670.51,-3782282.469,6,12.7280396629087
"Co","IDW",4,13723089.42,-3790248.436,40,12.0434363135447
"Co","IDW",4,13745368.91,-3777163.994,6,11.8319760219136
"Co","IDW",4,13726796.36,-3776901.171,6,11.6333335751249
"Co","IDW",4,13695866.24,-3773013.264,34,25.7429592259744
"Co","IDW",4,13684823.34,-3772638.852,39,26.9265495364087
"Co","IDW",4,13736397.65,-3749021.179,17,11.3823970133365
"Co","IDW",4,13738670.8,-3759152.366,4,10.5280625673185
"Co","IDW",4,13692121.43,-3764209.336,20,22.7624617509367
"Co","IDW",4,13699477.44,-3715431.564,5,13.7241850828643
"Co","IDW",4,13699428.47,-3704272.193,5,12.0887182677712
"Co","IDW",4,13782840.15,-3695516.76,18,9.23449844589002
"Co","IDW",4,13774464.48,-3694741.416,7,10.0589929550976
"Co","IDW",4,13756278.21,-3695072.958,8,13.7914830926532
"Co","IDW",4,13780231.94,-3687833.357,22,8.48141142238406
"Co","IDW",4,13777585.88,-3663891.491,3,7.7936447339138
"Co","IDW",4,13741734.32,-3639494.617,8,7.95737811567666
"Co","IDW",4,13728530.74,-3641317.791,4,7.12460482199675
"Co","IDW",4,13728155.59,-3636399.822,6,8.6579560440449
"Co","IDW",4,13699706.77,-3815965.929,7,13.0232812977204
"Co","IDW",4,13742136.17,-3814051.702,4,10.1628874205015
"Co","IDW",4,13665834.46,-3786198.358,36,24.7193304488066
"Co","IDW",4,13700174.31,-3827823.322,6,13.6644342853587
"Co","IDW",4,13747925.92,-3825247.436,8,11.7303088714069
"Co","IDW",4,13746635.7,-3816737.244,11,11.3995022633794
"Co","IDW",4,13746237.18,-3808212.055,7,14.5229688342025
"Co","IDW",4,13712770.11,-3808694.292,9,12.4681615465248
"Co","IDW",4,13694248.77,-3796771.68,7,19.3139504327533
"Co","IDW",4,13690240.15,-3776485.909,18,27.9629615226049
"Co","IDW",4,13713392.38,-3790439.208,6,13.806100579242
"Co","IDW",4,13713371.22,-3779832.073,6,16.6502277836176
"Co","IDW",4,13725492.81,-3785522.4,19,12.0820300331403
"Co","IDW",4,13746979.69,-3786235.197,10,10.1492287936649
"Co","IDW",4,13714488.87,-3777396.622,6,16.1922776766268
"Co","IDW",4,13691190.82,-3772574.487,23,25.3979432147743
"Co","IDW",4,13699125.68,-3711512.402,3,12.9023152471503
"Co","IDW",4,13709387.11,-3714798.768,6,16.5492533295674
"Co","IDW",4,13746488.78,-3696164.232,15,16.0878463285174
"Co","IDW",4,13747094.35,-3688506.515,21,17.2512742193476
"Co","IDW",4,13760806.69,-3670947.61,2,12.1378183346301
"Co","IDW",4,13761027.1,-3661561.205,3,9.29459412681447
"Co","IDW",4,13712614.31,-3639206.138,6.050750003,8.40601795949693
"Co","IDW",4,13802326.63,-3639523.139,2,5.47714601341058
"Co","IDW",4,13782941.46,-3664098.5,8,6.91833720906209
"Co","IDW",4,13756212.53,-3648444.206,5,7.95133341479688
"Co","IDW",4,13661775.73,-3777375.583,28,23.4290498414447
"Co","IDW",4,13652838.98,-3776763.173,5,18.2435567728022
"Co","IDW",4,13643164.21,-3776986.577,2,18.9380663843292
"Co","IDW",4,13637770.78,-3782290.346,7.25175008,17.9612565375835
"Co","IDW",4,13652112.07,-3786116.826,17,19.9866782513076
"Co","IDW",4,13661852.53,-3786315.416,28,23.6332543335813
"Co","IDW",4,13666103.86,-3781463.417,35,25.612534203222
"Co","IDW",4,13706815.63,-3828780.183,4,12.7716184269265
"Co","IDW",4,13744003.03,-3827344.262,12,11.0004669334829
"Co","IDW",4,13743494.3,-3824589.035,18,10.5180517063925
"Co","IDW",4,13745663.89,-3809230.591,3,13.3184584235432
"Co","IDW",4,13694965.65,-3801045.236,6,15.6498394792738
"Co","IDW",4,13638181.56,-3752440.998,3,16.2086026905841
"Co","IDW",4,13639399.43,-3724741.717,5.9174999,12.9886003845777
"Co","IDW",4,13648240.42,-3725040.045,8.55675008,12.0827574764793
"Co","IDW",4,13663425.5,-3732993.119,11.53350022,14.002512458116
"Co","IDW",4,13654000.09,-3735149.836,10.35399993,12.8615878294223
"Co","IDW",4,13652835.67,-3742635.182,7.732499853,13.0626473519525
"Co","IDW",4,13661181.3,-3743796.261,16,14.9468559329044
"Co","IDW",4,13648316.09,-3753208.233,14.11124985,16.3916060287074
"Co","IDW",4,13685644.87,-3766588.279,34,24.505553285032
"Co","IDW",4,13694759.71,-3767980.159,23,22.8857399865689
"Co","IDW",4,13728695.46,-3761168.078,9,10.6065152758438
"Co","IDW",4,13732855.47,-3748353.846,7,11.6877658455542
"Co","IDW",4,13727941.83,-3753124.307,6,11.7417419972389
"Co","IDW",4,13729390.09,-3747943.501,4,11.8317512897009
"Co","IDW",4,13745374.47,-3701206.749,7,16.3346072381073
"Co","IDW",4,13745778.56,-3691335.188,20,15.8715302437449
"Co","IDW",4,13760970.33,-3667751.152,2,10.8633383526188
"Co","IDW",4,13760596.3,-3658627.467,7.933250045,9.56857271547526
"Co","IDW",4,13750256.94,-3651003.547,3,8.57990641884331
"Co","IDW",4,13779826.74,-3658240.924,8,6.52552432456283
"Co","IDW",4,13783913.27,-3692778.473,2,8.47052234973949
"Co","IDW",4,13774346.48,-3690716.679,9,9.29484548600832
"Co","IDW",4,13756474.14,-3691563.541,12,14.8585379140473
"Co","IDW",4,13784252.8,-3667168.986,6,6.67858436674054
"Co","IDW",4,13769369.38,-3669178.641,2,10.4918911370382
"Co","IDW",4,13754860.01,-3654580.739,7,8.75377639210814
"Co","IDW",4,13745541.45,-3649978.711,4,8.81095065107277
"Co","IDW",4,13719388.06,-3818778.495,9,12.0341203743145
"Co","IDW",4,13699570.96,-3824693.268,9,13.6847140481349
"Co","IDW",4,13708431.99,-3825223.677,7,12.5698173946508
"Co","IDW",4,13726403.41,-3810282.146,7,10.5069763934195
"Co","IDW",4,13718252.59,-3809989.599,6,12.076020949978
"Co","IDW",4,13707459.06,-3809849.92,10,13.3679882873651
"Co","IDW",4,13698844.04,-3810243.947,5,12.7258213593944
"Co","IDW",4,13689987.46,-3800234.111,11,19.8165264260809
"Co","IDW",4,13689909.53,-3791625.961,21,27.3369451349123
"Co","IDW",4,13718359.45,-3787434.692,6,13.8110447314522
"Co","IDW",4,13726932.17,-3790470.774,5,11.4346901206945
"Co","IDW",4,13745849.81,-3782303.498,4,10.1726423306631
"Co","IDW",4,13703346.91,-3705916.901,9,13.2131128823593
"Co","IDW",4,13710813.11,-3704391.064,12,14.0618620658061
"Co","IDW",4,13704458.99,-3710641.938,7,14.815389742484
"Co","IDW",4,13766315.89,-3666598.597,6,10.0986428279665
"Co","IDW",4,13765422,-3658329.44,4,9.34449540819535
"Co","IDW",4,13723519.15,-3634813.756,5,9.00827208915649
"Co","IDW",4,13714167.21,-3634713.739,3,8.9336346655445
"Co","IDW",4,13774986.57,-3659597.038,8,7.25743602566254
"Co","IDW",4,13774496.76,-3668583.397,8,8.68689294828387
"Co","IDW",4,13743071.27,-3653631.055,7,8.56550016279334
"Co","IDW",4,13750284.77,-3650986.639,5,8.57904992161549
"Co","IDW",4,13736682.64,-3635152.755,5,8.63984868739177
"Co","IDW",4,13657447.62,-3776960.296,13,20.7255014481306
"Co","IDW",4,13646577.26,-3777596.358,28,18.4731870389775
"Co","IDW",4,13637856.49,-3776961.608,2.669499905,18.2256194507493
"Co","IDW",4,13648346.14,-3787047.989,8,18.558810791044
"Co","IDW",4,13656522.55,-3784429.604,7,21.5194609910927
"Co","IDW",4,13699688.96,-3820395.404,4,13.7142662620846
"Co","IDW",4,13717957.61,-3819270.401,17,12.2140108740745
"Co","IDW",4,13642972.75,-3754286.378,8.958999998,17.2225314792797
"Co","IDW",4,13643463.7,-3729426.943,3.932750123,12.5758332982275
"Co","IDW",4,13644939.8,-3719890.872,9.771750183,11.8567464785506
"Co","IDW",4,13662461.47,-3738381.04,13.22125009,15.1530094586479
"Co","IDW",4,13648614.43,-3747436.152,50.38499948,14.4747801705668
"Co","IDW",4,13717644.78,-3782554.627,6,14.7663841850776
"Co","IDW",4,13716495.97,-3790030.053,3,13.3126414952529
"Co","IDW",4,13689633.45,-3767658.433,32,23.6543313175544
"Co","IDW",4,13741855.65,-3756837.861,12,10.047818203002
"Co","IDW",4,13731767.87,-3753760.425,9,11.9875226207163
"Co","IDW",4,13709621.99,-3706474.768,12,14.5141276653269
"Co","IDW",4,13652866.83,-3790402.357,3,20.206342669348
"Co","IDW",4,13651401.85,-3781605.39,5,19.584540729008
"Co","IDW",4,13643551.61,-3791383.851,4,14.4734072931359
"Co","IDW",4,13708243.86,-3710532.154,5,15.433011563877
"Co","IDW",4,13783478.02,-3657828.39,3,5.81268829912668
"Co","IDW",4,13779963.66,-3692668.85,7,9.30280057521094
"Co","IDW",4,13750186.81,-3691333.881,17,16.2913144738786
"Co","IDW",4,13718523.13,-3634220.168,7.749750143,9.09903427794775
"Co","IDW",4,13744634.19,-3645180.793,6,8.48814097619361
"Co","IDW",4,13644386.5,-3784048.27,71,18.2950908715655
"Co","IDW",4,13654892.84,-3790544.445,4.30000019,21.7602902703441
"Co","IDW",4,13685200.71,-3769280.257,112.199997,25.5835559413363
"Co","IDW",4,13658740.03,-3787040.092,26.79999924,22.9216211055938
"Co","IDW",4,13646780.99,-3788281.76,11.19999981,17.6740767006852
"Co","IDW",4,13724347.33,-3788847.398,4.19999981,12.1540483552521
"Co","IDW",4,13723600.38,-3791002.301,2.79999995,11.6701006530804
"Co","IDW",4,13723929.88,-3790686.54,50.90000153,11.7788107196379
"Co","IDW",4,13738098.62,-3759388.565,3.871428591,10.3268486064287
"Co","IDW",4,13647094.91,-3786675.778,10.30000019,18.2825835491029
"Co","IDW",4,13721784.76,-3791395.699,2.29999995,11.7478143518552
"Co","LM",4,13662060.7,-3782081.311,26,26.6244932452384
"Co","LM",4,13642700,-3781147.898,5,16.5164181859621
"Co","LM",4,13703912.41,-3823596.889,9,17.0349384077214
"Co","LM",4,13722236.75,-3819565.816,5,6.63674372202547
"Co","LM",4,13721229.28,-3810569.438,7,4.11656658322671
"Co","LM",4,13715147.9,-3811660.664,16,6.24283547641407
"Co","LM",4,13702258.21,-3812650.505,20,10.0041821222934
"Co","LM",4,13690655.38,-3804697.257,20,15.793027531747
"Co","LM",4,13690049.8,-3795679.181,16,13.6604558891688
"Co","LM",4,13643204.29,-3757623.733,9.484500013,9.88998971718953
"Co","LM",4,13640291.09,-3720210.02,7.613999895,10.9244670726369
"Co","LM",4,13649014.1,-3719524.646,23,10.5487703990383
"Co","LM",4,13647195.13,-3729615.432,11.00125,11.4638692143187
"Co","LM",4,13656663.96,-3739879.715,10.04424992,11.0188186684392
"Co","LM",4,13665872.3,-3739091.042,21,16.4234340862212
"Co","LM",4,13648519.8,-3756797.18,7.51150003,13.9604146589892
"Co","LM",4,13737500.83,-3752439.7,13,4.91022139608725
"Co","LM",4,13730880.66,-3756450.848,2,6.84504112790503
"Co","LM",4,13765307.34,-3670664.921,22,11.7986211889854
"Co","LM",4,13765799.37,-3663263.965,5,13.5353402014186
"Co","LM",4,13786889.96,-3693809.501,12,11.0626209808274
"Co","LM",4,13778795.92,-3695558.531,3,16.6796101196798
"Co","LM",4,13750097.75,-3696269.969,6,19.9415336981928
"Co","LM",4,13783298.79,-3686708.915,2,13.372399059125
"Co","LM",4,13778901.67,-3668342.437,5,11.2675750847886
"Co","LM",4,13770901.14,-3659848.24,7,11.9607273799322
"Co","LM",4,13774834.06,-3663616.782,2,12.9616697668347
"Co","LM",4,13770630.64,-3663096.019,5,13.5829589049346
"Co","LM",4,13751695.19,-3655793.321,4,5.92245909374589
"Co","LM",4,13750437.27,-3646384.645,13,9.96018487527109
"Co","LM",4,13732307.8,-3634177.298,1,13.2404906387476
"Co","LM",4,13742031.53,-3635137.165,5,8.81753804788759
"Co","LM",4,13724623.43,-3640564.052,3,12.3683650384268
"Co","LM",4,13646054.06,-3781263.584,9,19.2271200211701
"Co","LM",4,13647985.47,-3791052.292,2,19.646389337041
"Co","LM",4,13684857.85,-3792987.845,32,18.0325396835997
"Co","LM",4,13722166.59,-3815587.535,5,7.1490466252099
"Co","LM",4,13742440.09,-3818823.336,9,1.05685481347917
"Co","LM",4,13638616.81,-3757554.196,12,8.9816200676849
"Co","LM",4,13638336.3,-3749321.412,3.917249903,8.03343575760453
"Co","LM",4,13637362.28,-3728116.734,4,7.88245730233117
"Co","LM",4,13643444.78,-3724667.13,5.652750075,9.02881030955352
"Co","LM",4,13658132.27,-3733181.676,9.543000103,14.1799193298722
"Co","LM",4,13656643.92,-3744199.913,7.436666603,10.0872167740267
"Co","LM",4,13712421.67,-3785818.309,4,13.4702044903434
"Co","LM",4,13723670.51,-3782282.469,6,6.59376390960191
"Co","LM",4,13723089.42,-3790248.436,40,1.94388536657254
"Co","LM",4,13745368.91,-3777163.994,6,4.79647985854026
"Co","LM",4,13726796.36,-3776901.171,6,2.40622553631684
"Co","LM",4,13695866.24,-3773013.264,34,23.0669039454387
"Co","LM",4,13684823.34,-3772638.852,39,24.8505146161874
"Co","LM",4,13736397.65,-3749021.179,17,4.8746744377803
"Co","LM",4,13738670.8,-3759152.366,4,3.45420825594898
"Co","LM",4,13692121.43,-3764209.336,20,26.0841383037949
"Co","LM",4,13699477.44,-3715431.564,5,10.6381382520798
"Co","LM",4,13699428.47,-3704272.193,5,8.66663311479557
"Co","LM",4,13782840.15,-3695516.76,18,14.010093055043
"Co","LM",4,13774464.48,-3694741.416,7,15.869568551142
"Co","LM",4,13756278.21,-3695072.958,8,13.7095389569111
"Co","LM",4,13780231.94,-3687833.357,22,15.5154432257572
"Co","LM",4,13777585.88,-3663891.491,3,12.8527365797223
"Co","LM",4,13741734.32,-3639494.617,8,7.337528535254
"Co","LM",4,13728530.74,-3641317.791,4,12.5076691824465
"Co","LM",4,13728155.59,-3636399.822,6,12.9658903195476
"Co","LM",4,13699706.77,-3815965.929,7,13.7691700695541
"Co","LM",4,13742136.17,-3814051.702,4,2.17871556595878
"Co","LM",4,13665834.46,-3786198.358,36,27.1561127901593
"Co","LM",4,13700174.31,-3827823.322,6,15.5584429984213
"Co","LM",4,13747925.92,-3825247.436,8,1.65825163478174
"Co","LM",4,13746635.7,-3816737.244,11,1.10049880299624
"Co","LM",4,13746237.18,-3808212.055,7,-1.10857901465537
"Co","LM",4,13712770.11,-3808694.292,9,6.59206166619331
"Co","LM",4,13694248.77,-3796771.68,7,14.5875363831578
"Co","LM",4,13690240.15,-3776485.909,18,21.8133387371324
"Co","LM",4,13713392.38,-3790439.208,6,7.60280563978676
"Co","LM",4,13713371.22,-3779832.073,6,15.3874358701461
"Co","LM",4,13725492.81,-3785522.4,19,2.27513327085272
"Co","LM",4,13746979.69,-3786235.197,10,4.61746178023661
"Co","LM",4,13714488.87,-3777396.622,6,15.7928346775014
"Co","LM",4,13691190.82,-3772574.487,23,22.6729717175813
"Co","LM",4,13699125.68,-3711512.402,3,10.8587914561343
"Co","LM",4,13709387.11,-3714798.768,6,18.4386049950002
"Co","LM",4,13746488.78,-3696164.232,15,20.6077558186787
"Co","LM",4,13747094.35,-3688506.515,21,20.9118402945878
"Co","LM",4,13760806.69,-3670947.61,2,16.9075668093584
"Co","LM",4,13761027.1,-3661561.205,3,10.5221944022728
"Co","LM",4,13712614.31,-3639206.138,6.050750003,11.9528163034668
"Co","LM",4,13802326.63,-3639523.139,2,4.30125273705726
"Co","LM",4,13782941.46,-3664098.5,8,5.24545436581107
"Co","LM",4,13756212.53,-3648444.206,5,7.95482758697691
"Co","LM",4,13661775.73,-3777375.583,28,26.7128895572999
"Co","LM",4,13652838.98,-3776763.173,5,23.2612984542505
"Co","LM",4,13643164.21,-3776986.577,2,17.3473657438863
"Co","LM",4,13637770.78,-3782290.346,7.25175008,19.7278810894815
"Co","LM",4,13652112.07,-3786116.826,17,19.5836824215351
"Co","LM",4,13661852.53,-3786315.416,28,23.5736777365745
"Co","LM",4,13666103.86,-3781463.417,35,24.6437391631053
"Co","LM",4,13706815.63,-3828780.183,4,16.1534713194061
"Co","LM",4,13744003.03,-3827344.262,12,0.146415964955674
"Co","LM",4,13743494.3,-3824589.035,18,1.38524111738831
"Co","LM",4,13745663.89,-3809230.591,3,-1.02007721920603
"Co","LM",4,13694965.65,-3801045.236,6,15.4807394724974
"Co","LM",4,13638181.56,-3752440.998,3,7.04954079610191
"Co","LM",4,13639399.43,-3724741.717,5.9174999,8.69793114127802
"Co","LM",4,13648240.42,-3725040.045,8.55675008,10.1357121190858
"Co","LM",4,13663425.5,-3732993.119,11.53350022,12.2775010021305
"Co","LM",4,13654000.09,-3735149.836,10.35399993,11.6962828498303
"Co","LM",4,13652835.67,-3742635.182,7.732499853,9.1099491296314
"Co","LM",4,13661181.3,-3743796.261,16,13.7143704782758
"Co","LM",4,13648316.09,-3753208.233,14.11124985,10.6754009237923
"Co","LM",4,13685644.87,-3766588.279,34,27.2489334573561
"Co","LM",4,13694759.71,-3767980.159,23,22.68926678752
"Co","LM",4,13728695.46,-3761168.078,9,4.03351659925332
"Co","LM",4,13732855.47,-3748353.846,7,6.63706198073897
"Co","LM",4,13727941.83,-3753124.307,6,8.34229589956013
"Co","LM",4,13729390.09,-3747943.501,4,6.16203242107853
"Co","LM",4,13745374.47,-3701206.749,7,20.0730206324528
"Co","LM",4,13745778.56,-3691335.188,20,21.1452759406299
"Co","LM",4,13760970.33,-3667751.152,2,16.7504350139412
"Co","LM",4,13760596.3,-3658627.467,7.933250045,10.9692969512305
"Co","LM",4,13750256.94,-3651003.547,3,7.14840909095993
"Co","LM",4,13779826.74,-3658240.924,8,5.28664978945765
"Co","LM",4,13783913.27,-3692778.473,2,14.0936279638993
"Co","LM",4,13774346.48,-3690716.679,9,18.7352976968749
"Co","LM",4,13756474.14,-3691563.541,12,15.1137396357188
"Co","LM",4,13784252.8,-3667168.986,6,4.96062482754634
"Co","LM",4,13769369.38,-3669178.641,2,17.1964717147791
"Co","LM",4,13754860.01,-3654580.739,7,4.91375404510646
"Co","LM",4,13745541.45,-3649978.711,4,8.18191394483495
"Co","LM",4,13719388.06,-3818778.495,9,7.21457637651782
"Co","LM",4,13699570.96,-3824693.268,9,17.3865286722079
"Co","LM",4,13708431.99,-3825223.677,7,11.2083257114823
"Co","LM",4,13726403.41,-3810282.146,7,3.31530168089105
"Co","LM",4,13718252.59,-3809989.599,6,6.09747334543327
"Co","LM",4,13707459.06,-3809849.92,10,9.5823198433636
"Co","LM",4,13698844.04,-3810243.947,5,11.6747957099975
"Co","LM",4,13689987.46,-3800234.111,11,15.8807053561977
"Co","LM",4,13689909.53,-3791625.961,21,18.3579822973004
"Co","LM",4,13718359.45,-3787434.692,6,8.26949806456698
"Co","LM",4,13726932.17,-3790470.774,5,2.78315298890727
"Co","LM",4,13745849.81,-3782303.498,4,6.28880222775868
"Co","LM",4,13703346.91,-3705916.901,9,10.5526828080352
"Co","LM",4,13710813.11,-3704391.064,12,10.5721031472109
"Co","LM",4,13704458.99,-3710641.938,7,9.69546599839548
"Co","LM",4,13766315.89,-3666598.597,6,18.421085050021
"Co","LM",4,13765422,-3658329.44,4,19.1653265625426
"Co","LM",4,13723519.15,-3634813.756,5,14.2683866022518
"Co","LM",4,13714167.21,-3634713.739,3,11.7983759449048
"Co","LM",4,13774986.57,-3659597.038,8,7.46648470696022
"Co","LM",4,13774496.76,-3668583.397,8,18.1121586154935
"Co","LM",4,13743071.27,-3653631.055,7,8.99209165270931
"Co","LM",4,13750284.77,-3650986.639,5,7.1219053804651
"Co","LM",4,13736682.64,-3635152.755,5,9.70949029874036
"Co","LM",4,13657447.62,-3776960.296,13,20.8955809143967
"Co","LM",4,13646577.26,-3777596.358,28,16.3108405202138
"Co","LM",4,13637856.49,-3776961.608,2.669499905,21.625347265049
"Co","LM",4,13648346.14,-3787047.989,8,21.3237792548252
"Co","LM",4,13656522.55,-3784429.604,7,22.2385309491693
"Co","LM",4,13699688.96,-3820395.404,4,18.9806020843
"Co","LM",4,13717957.61,-3819270.401,17,7.89288852928125
"Co","LM",4,13642972.75,-3754286.378,8.958999998,8.668361431401
"Co","LM",4,13643463.7,-3729426.943,3.932750123,9.81726355274516
"Co","LM",4,13644939.8,-3719890.872,9.771750183,9.24572561800439
"Co","LM",4,13662461.47,-3738381.04,13.22125009,12.7037770303625
"Co","LM",4,13648614.43,-3747436.152,50.38499948,11.3217398276219
"Co","LM",4,13717644.78,-3782554.627,6,13.1205947391268
"Co","LM",4,13716495.97,-3790030.053,3,6.37506331529161
"Co","LM",4,13689633.45,-3767658.433,32,24.7852814481838
"Co","LM",4,13741855.65,-3756837.861,12,5.36966861233555
"Co","LM",4,13731767.87,-3753760.425,9,6.76995802582226
"Co","LM",4,13709621.99,-3706474.768,12,12.4173050583189
"Co","LM",4,13652866.83,-3790402.357,3,21.8970791891914
"Co","LM",4,13651401.85,-3781605.39,5,18.6606223398502
"Co","LM",4,13643551.61,-3791383.851,4,20.0511163613775
"Co","LM",4,13708243.86,-3710532.154,5,13.2148320551957
"Co","LM",4,13783478.02,-3657828.39,3,5.50378657923344
"Co","LM",4,13779963.66,-3692668.85,7,15.2903543144592
"Co","LM",4,13750186.81,-3691333.881,17,19.7278775567031
"Co","LM",4,13718523.13,-3634220.168,7.749750143,12.6060773999415
"Co","LM",4,13744634.19,-3645180.793,6,8.93082991872106
"Co","LM",4,13644386.5,-3784048.27,71,18.5623663022741
"Co","LM",4,13654892.84,-3790544.445,4.30000019,24.3679144667605
"Co","LM",4,13685200.71,-3769280.257,112.199997,27.8823327567959
"Co","LM",4,13658740.03,-3787040.092,26.79999924,27.6508205217262
"Co","LM",4,13646780.99,-3788281.76,11.19999981,22.7948558056035
"Co","LM",4,13724347.33,-3788847.398,4.19999981,2.03784635682637
"Co","LM",4,13723600.38,-3791002.301,2.79999995,1.74810566636944
"Co","LM",4,13723929.88,-3790686.54,50.90000153,1.74810566636944
"Co","LM",4,13738098.62,-3759388.565,3.871428591,3.64252540795202
"Co","LM",4,13647094.91,-3786675.778,10.30000019,22.8633644543139
"Co","LM",4,13721784.76,-3791395.699,2.29999995,3.13752674943209
"Co","RF",4,13662060.7,-3782081.311,26,33.8921737183518
"Co","RF",4,13642700,-3781147.898,5,27.11203188351
"Co","RF",4,13703912.41,-3823596.889,9,7.42587680264874
"Co","RF",4,13722236.75,-3819565.816,5,8.0939580036796
"Co","RF",4,13721229.28,-3810569.438,7,9.4933092205638
"Co","RF",4,13715147.9,-3811660.664,16,8.7216051882274
"Co","RF",4,13702258.21,-3812650.505,20,10.8584948110832
"Co","RF",4,13690655.38,-3804697.257,20,14.2166957603107
"Co","RF",4,13690049.8,-3795679.181,16,14.7413562596327
"Co","RF",4,13643204.29,-3757623.733,9.484500013,10.4708365197944
"Co","RF",4,13640291.09,-3720210.02,7.613999895,10.3065289082001
"Co","RF",4,13649014.1,-3719524.646,23,8.53693895716617
"Co","RF",4,13647195.13,-3729615.432,11.00125,8.45021620515811
"Co","RF",4,13656663.96,-3739879.715,10.04424992,9.7912821016723
"Co","RF",4,13665872.3,-3739091.042,21,14.8456030460506
"Co","RF",4,13648519.8,-3756797.18,7.51150003,9.9209780119492
"Co","RF",4,13737500.83,-3752439.7,13,5.88448053141501
"Co","RF",4,13730880.66,-3756450.848,2,5.84417604788203
"Co","RF",4,13765307.34,-3670664.921,22,9.30567451276471
"Co","RF",4,13765799.37,-3663263.965,5,5.4463568262849
"Co","RF",4,13786889.96,-3693809.501,12,6.94905333455733
"Co","RF",4,13778795.92,-3695558.531,3,7.39453333639334
"Co","RF",4,13750097.75,-3696269.969,6,24.5918944177987
"Co","RF",4,13783298.79,-3686708.915,2,7.3078901906212
"Co","RF",4,13778901.67,-3668342.437,5,4.29523967429904
"Co","RF",4,13770901.14,-3659848.24,7,4.8117015486784
"Co","RF",4,13774834.06,-3663616.782,2,3.84933949501178
"Co","RF",4,13770630.64,-3663096.019,5,5.24629444470054
"Co","RF",4,13751695.19,-3655793.321,4,5.55427684172417
"Co","RF",4,13750437.27,-3646384.645,13,6.29503261125656
"Co","RF",4,13732307.8,-3634177.298,1,6.91738126428751
"Co","RF",4,13742031.53,-3635137.165,5,8.12940766087963
"Co","RF",4,13724623.43,-3640564.052,3,6.1427537964814
"Co","RF",4,13646054.06,-3781263.584,9,12.6071500541714
"Co","RF",4,13647985.47,-3791052.292,2,12.6414409046015
"Co","RF",4,13684857.85,-3792987.845,32,22.9264565890643
"Co","RF",4,13722166.59,-3815587.535,5,8.3070753566995
"Co","RF",4,13742440.09,-3818823.336,9,9.09610854711491
"Co","RF",4,13638616.81,-3757554.196,12,13.0040590911137
"Co","RF",4,13638336.3,-3749321.412,3.917249903,12.7183390881837
"Co","RF",4,13637362.28,-3728116.734,4,17.066207534444
"Co","RF",4,13643444.78,-3724667.13,5.652750075,9.58950386391412
"Co","RF",4,13658132.27,-3733181.676,9.543000103,11.5618888941877
"Co","RF",4,13656643.92,-3744199.913,7.436666603,10.0862318392394
"Co","RF",4,13712421.67,-3785818.309,4,11.3861340451817
"Co","RF",4,13723670.51,-3782282.469,6,8.98682054379827
"Co","RF",4,13723089.42,-3790248.436,40,9.17235140533248
"Co","RF",4,13745368.91,-3777163.994,6,9.2279760202521
"Co","RF",4,13726796.36,-3776901.171,6,8.46122581098794
"Co","RF",4,13695866.24,-3773013.264,34,23.6136869897844
"Co","RF",4,13684823.34,-3772638.852,39,33.2923024531111
"Co","RF",4,13736397.65,-3749021.179,17,6.23293321373171
"Co","RF",4,13738670.8,-3759152.366,4,6.70579685225963
"Co","RF",4,13692121.43,-3764209.336,20,22.4088782639226
"Co","RF",4,13699477.44,-3715431.564,5,8.5694582146152
"Co","RF",4,13699428.47,-3704272.193,5,9.40686441168307
"Co","RF",4,13782840.15,-3695516.76,18,8.29967334445133
"Co","RF",4,13774464.48,-3694741.416,7,9.93084270227937
"Co","RF",4,13756278.21,-3695072.958,8,11.0375977790018
"Co","RF",4,13780231.94,-3687833.357,22,7.3989894496092
"Co","RF",4,13777585.88,-3663891.491,3,4.09080207685147
"Co","RF",4,13741734.32,-3639494.617,8,8.01137195384666
"Co","RF",4,13728530.74,-3641317.791,4,5.984524404016
"Co","RF",4,13728155.59,-3636399.822,6,6.0574422381984
"Co","RF",4,13699706.77,-3815965.929,7,11.1178654128454
"Co","RF",4,13742136.17,-3814051.702,4,10.8809005677136
"Co","RF",4,13665834.46,-3786198.358,36,33.6211245846835
"Co","RF",4,13700174.31,-3827823.322,6,12.216243330546
"Co","RF",4,13747925.92,-3825247.436,8,14.4741495086819
"Co","RF",4,13746635.7,-3816737.244,11,12.9326809980901
"Co","RF",4,13746237.18,-3808212.055,7,17.9032066647781
"Co","RF",4,13712770.11,-3808694.292,9,8.64058573607293
"Co","RF",4,13694248.77,-3796771.68,7,11.6050466669733
"Co","RF",4,13690240.15,-3776485.909,18,45.6031352419819
"Co","RF",4,13713392.38,-3790439.208,6,9.0958556967006
"Co","RF",4,13713371.22,-3779832.073,6,12.112216207207
"Co","RF",4,13725492.81,-3785522.4,19,8.82325459325973
"Co","RF",4,13746979.69,-3786235.197,10,9.93861530525452
"Co","RF",4,13714488.87,-3777396.622,6,12.1197690253107
"Co","RF",4,13691190.82,-3772574.487,23,27.2812185460602
"Co","RF",4,13699125.68,-3711512.402,3,8.00804231643349
"Co","RF",4,13709387.11,-3714798.768,6,11.2456714880653
"Co","RF",4,13746488.78,-3696164.232,15,21.6536255906238
"Co","RF",4,13747094.35,-3688506.515,21,23.8692010993923
"Co","RF",4,13760806.69,-3670947.61,2,14.6220257411073
"Co","RF",4,13761027.1,-3661561.205,3,9.47849650076534
"Co","RF",4,13712614.31,-3639206.138,6.050750003,7.2048792898149
"Co","RF",4,13802326.63,-3639523.139,2,3.12218165937759
"Co","RF",4,13782941.46,-3664098.5,8,4.18523923567454
"Co","RF",4,13756212.53,-3648444.206,5,4.86827927637536
"Co","RF",4,13661775.73,-3777375.583,28,33.4689501503056
"Co","RF",4,13652838.98,-3776763.173,5,16.3188442195637
"Co","RF",4,13643164.21,-3776986.577,2,21.7290121211125
"Co","RF",4,13637770.78,-3782290.346,7.25175008,21.8040612209979
"Co","RF",4,13652112.07,-3786116.826,17,14.4077122950679
"Co","RF",4,13661852.53,-3786315.416,28,19.6206989736447
"Co","RF",4,13666103.86,-3781463.417,35,16.8471572716617
"Co","RF",4,13706815.63,-3828780.183,4,11.0079192581753
"Co","RF",4,13744003.03,-3827344.262,12,13.3927370644906
"Co","RF",4,13743494.3,-3824589.035,18,13.1551135588294
"Co","RF",4,13745663.89,-3809230.591,3,17.7461059358564
"Co","RF",4,13694965.65,-3801045.236,6,12.4546266639723
"Co","RF",4,13638181.56,-3752440.998,3,11.9023107304029
"Co","RF",4,13639399.43,-3724741.717,5.9174999,12.0229623235549
"Co","RF",4,13648240.42,-3725040.045,8.55675008,8.66860506097666
"Co","RF",4,13663425.5,-3732993.119,11.53350022,9.67365125020862
"Co","RF",4,13654000.09,-3735149.836,10.35399993,9.67049155251637
"Co","RF",4,13652835.67,-3742635.182,7.732499853,9.7485228136081
"Co","RF",4,13661181.3,-3743796.261,16,12.2648485762305
"Co","RF",4,13648316.09,-3753208.233,14.11124985,9.93103406420627
"Co","RF",4,13685644.87,-3766588.279,34,24.9648667683496
"Co","RF",4,13694759.71,-3767980.159,23,24.2920844372489
"Co","RF",4,13728695.46,-3761168.078,9,7.54590035525748
"Co","RF",4,13732855.47,-3748353.846,7,6.14645333252965
"Co","RF",4,13727941.83,-3753124.307,6,6.3953389667344
"Co","RF",4,13729390.09,-3747943.501,4,6.17261155428233
"Co","RF",4,13745374.47,-3701206.749,7,20.3858110717839
"Co","RF",4,13745778.56,-3691335.188,20,24.0897199963524
"Co","RF",4,13760970.33,-3667751.152,2,7.67613532844954
"Co","RF",4,13760596.3,-3658627.467,7.933250045,11.2244081357638
"Co","RF",4,13750256.94,-3651003.547,3,6.51463687270717
"Co","RF",4,13779826.74,-3658240.924,8,4.46948875091945
"Co","RF",4,13783913.27,-3692778.473,2,8.57097926770899
"Co","RF",4,13774346.48,-3690716.679,9,12.0595371424549
"Co","RF",4,13756474.14,-3691563.541,12,10.8086477790968
"Co","RF",4,13784252.8,-3667168.986,6,3.99606763538961
"Co","RF",4,13769369.38,-3669178.641,2,9.9021943868989
"Co","RF",4,13754860.01,-3654580.739,7,6.1687594073383
"Co","RF",4,13745541.45,-3649978.711,4,5.94620670222325
"Co","RF",4,13719388.06,-3818778.495,9,9.1126226430284
"Co","RF",4,13699570.96,-3824693.268,9,7.48503299055059
"Co","RF",4,13708431.99,-3825223.677,7,9.25857959295654
"Co","RF",4,13726403.41,-3810282.146,7,9.17245053417147
"Co","RF",4,13718252.59,-3809989.599,6,8.33614701665853
"Co","RF",4,13707459.06,-3809849.92,10,10.7968927844239
"Co","RF",4,13698844.04,-3810243.947,5,11.9578133325607
"Co","RF",4,13689987.46,-3800234.111,11,17.3560085914293
"Co","RF",4,13689909.53,-3791625.961,21,26.1595944537092
"Co","RF",4,13718359.45,-3787434.692,6,10.9489047497993
"Co","RF",4,13726932.17,-3790470.774,5,10.9397066334377
"Co","RF",4,13745849.81,-3782303.498,4,7.6141787779466
"Co","RF",4,13703346.91,-3705916.901,9,8.7838554512879
"Co","RF",4,13710813.11,-3704391.064,12,10.1261151404839
"Co","RF",4,13704458.99,-3710641.938,7,9.51533459697811
"Co","RF",4,13766315.89,-3666598.597,6,9.86615832658894
"Co","RF",4,13765422,-3658329.44,4,12.3931139189353
"Co","RF",4,13723519.15,-3634813.756,5,7.42782121176024
"Co","RF",4,13714167.21,-3634713.739,3,7.39653045071054
"Co","RF",4,13774986.57,-3659597.038,8,3.36994012702734
"Co","RF",4,13774496.76,-3668583.397,8,8.60828150664567
"Co","RF",4,13743071.27,-3653631.055,7,8.23046020527016
"Co","RF",4,13750284.77,-3650986.639,5,6.43267020604051
"Co","RF",4,13736682.64,-3635152.755,5,6.96151442017054
"Co","RF",4,13657447.62,-3776960.296,13,15.3638647378533
"Co","RF",4,13646577.26,-3777596.358,28,14.1916555794756
"Co","RF",4,13637856.49,-3776961.608,2.669499905,18.1276380969264
"Co","RF",4,13648346.14,-3787047.989,8,17.7800911395208
"Co","RF",4,13656522.55,-3784429.604,7,18.0675820123555
"Co","RF",4,13699688.96,-3820395.404,4,12.1572521423908
"Co","RF",4,13717957.61,-3819270.401,17,9.00352922125407
"Co","RF",4,13642972.75,-3754286.378,8.958999998,10.133265626063
"Co","RF",4,13643463.7,-3729426.943,3.932750123,8.30611330654402
"Co","RF",4,13644939.8,-3719890.872,9.771750183,8.87796111843577
"Co","RF",4,13662461.47,-3738381.04,13.22125009,12.2349138520131
"Co","RF",4,13648614.43,-3747436.152,50.38499948,10.1770454331391
"Co","RF",4,13717644.78,-3782554.627,6,10.6656333319583
"Co","RF",4,13716495.97,-3790030.053,3,9.28467441539186
"Co","RF",4,13689633.45,-3767658.433,32,24.52474940176
"Co","RF",4,13741855.65,-3756837.861,12,6.79882146703542
"Co","RF",4,13731767.87,-3753760.425,9,5.83233329792403
"Co","RF",4,13709621.99,-3706474.768,12,9.36759213285757
"Co","RF",4,13652866.83,-3790402.357,3,18.3094590773213
"Co","RF",4,13651401.85,-3781605.39,5,13.0748735128908
"Co","RF",4,13643551.61,-3791383.851,4,11.472584349951
"Co","RF",4,13708243.86,-3710532.154,5,11.9492843837185
"Co","RF",4,13783478.02,-3657828.39,3,3.06092981921918
"Co","RF",4,13779963.66,-3692668.85,7,8.49654335001033
"Co","RF",4,13750186.81,-3691333.881,17,26.5256358171206
"Co","RF",4,13718523.13,-3634220.168,7.749750143,6.8884776569962
"Co","RF",4,13744634.19,-3645180.793,6,7.2503867884059
"Co","RF",4,13644386.5,-3784048.27,71,13.0331624192902
"Co","RF",4,13654892.84,-3790544.445,4.30000019,19.1948764696955
"Co","RF",4,13685200.71,-3769280.257,112.199997,34.2182549551308
"Co","RF",4,13658740.03,-3787040.092,26.79999924,24.3769195238484
"Co","RF",4,13646780.99,-3788281.76,11.19999981,29.9626394922067
"Co","RF",4,13724347.33,-3788847.398,4.19999981,8.57477187172608
"Co","RF",4,13723600.38,-3791002.301,2.79999995,9.01858847174435
"Co","RF",4,13723929.88,-3790686.54,50.90000153,8.82976330501101
"Co","RF",4,13738098.62,-3759388.565,3.871428591,7.4944157442987
"Co","RF",4,13647094.91,-3786675.778,10.30000019,30.0702282498434
"Co","RF",4,13721784.76,-3791395.699,2.29999995,8.71227111368482
"Co","RFK",4,13662060.7,-3782081.311,26,33.7545186942833
"Co","RFK",4,13642700,-3781147.898,5,26.7836818576256
"Co","RFK",4,13703912.41,-3823596.889,9,7.09579001762819
"Co","RFK",4,13722236.75,-3819565.816,5,7.81187058128793
"Co","RFK",4,13721229.28,-3810569.438,7,9.31300565752598
"Co","RFK",4,13715147.9,-3811660.664,16,8.53821296575558
"Co","RFK",4,13702258.21,-3812650.505,20,10.6590146503258
"Co","RFK",4,13690655.38,-3804697.257,20,14.0709121165694
"Co","RFK",4,13690049.8,-3795679.181,16,14.675897883285
"Co","RFK",4,13643204.29,-3757623.733,9.484500013,10.2474450366352
"Co","RFK",4,13640291.09,-3720210.02,7.613999895,10.0161138561497
"Co","RFK",4,13649014.1,-3719524.646,23,8.32991174132924
"Co","RFK",4,13647195.13,-3729615.432,11.00125,8.25787234201571
"Co","RFK",4,13656663.96,-3739879.715,10.04424992,9.70509018623371
"Co","RFK",4,13665872.3,-3739091.042,21,14.8306915265315
"Co","RFK",4,13648519.8,-3756797.18,7.51150003,9.75532252188917
"Co","RFK",4,13737500.83,-3752439.7,13,5.96382306089971
"Co","RFK",4,13730880.66,-3756450.848,2,5.94504291624759
"Co","RFK",4,13765307.34,-3670664.921,22,9.20180395424133
"Co","RFK",4,13765799.37,-3663263.965,5,5.33411332692368
"Co","RFK",4,13786889.96,-3693809.501,12,6.75664196608672
"Co","RFK",4,13778795.92,-3695558.531,3,7.24813369757556
"Co","RFK",4,13750097.75,-3696269.969,6,24.5708031786123
"Co","RFK",4,13783298.79,-3686708.915,2,7.14017489741904
"Co","RFK",4,13778901.67,-3668342.437,5,4.15128347670404
"Co","RFK",4,13770901.14,-3659848.24,7,4.68728730345302
"Co","RFK",4,13774834.06,-3663616.782,2,3.71722156914648
"Co","RFK",4,13770630.64,-3663096.019,5,5.12413137110583
"Co","RFK",4,13751695.19,-3655793.321,4,5.44393217898475
"Co","RFK",4,13750437.27,-3646384.645,13,6.16556632823533
"Co","RFK",4,13732307.8,-3634177.298,1,6.71998108221928
"Co","RFK",4,13742031.53,-3635137.165,5,7.96211154106333
"Co","RFK",4,13724623.43,-3640564.052,3,5.94061273582932
"Co","RFK",4,13646054.06,-3781263.584,9,12.3164692252446
"Co","RFK",4,13647985.47,-3791052.292,2,12.3000479252545
"Co","RFK",4,13684857.85,-3792987.845,32,22.8616451879642
"Co","RFK",4,13722166.59,-3815587.535,5,8.07093103644506
"Co","RFK",4,13742440.09,-3818823.336,9,8.74984795679249
"Co","RFK",4,13638616.81,-3757554.196,12,12.7289312412853
"Co","RFK",4,13638336.3,-3749321.412,3.917249903,12.4515769683356
"Co","RFK",4,13637362.28,-3728116.734,4,16.7684241972399
"Co","RFK",4,13643444.78,-3724667.13,5.652750075,9.34613940845026
"Co","RFK",4,13658132.27,-3733181.676,9.543000103,11.4764241488567
"Co","RFK",4,13656643.92,-3744199.913,7.436666603,10.0037843130419
"Co","RFK",4,13712421.67,-3785818.309,4,11.422120886349
"Co","RFK",4,13723670.51,-3782282.469,6,9.02304641066848
"Co","RFK",4,13723089.42,-3790248.436,40,9.16157669674913
"Co","RFK",4,13745368.91,-3777163.994,6,9.19173990517771
"Co","RFK",4,13726796.36,-3776901.171,6,8.51475004999328
"Co","RFK",4,13695866.24,-3773013.264,34,23.7024991931829
"Co","RFK",4,13684823.34,-3772638.852,39,33.3473776686372
"Co","RFK",4,13736397.65,-3749021.179,17,6.32072850254716
"Co","RFK",4,13738670.8,-3759152.366,4,6.76820117746947
"Co","RFK",4,13692121.43,-3764209.336,20,22.5162287383797
"Co","RFK",4,13699477.44,-3715431.564,5,8.64041160735205
"Co","RFK",4,13699428.47,-3704272.193,5,9.43040285336515
"Co","RFK",4,13782840.15,-3695516.76,18,8.13018422416465
"Co","RFK",4,13774464.48,-3694741.416,7,9.80764951354386
"Co","RFK",4,13756278.21,-3695072.958,8,10.9941075940845
"Co","RFK",4,13780231.94,-3687833.357,22,7.2465590282451
"Co","RFK",4,13777585.88,-3663891.491,3,3.9512044414614
"Co","RFK",4,13741734.32,-3639494.617,8,7.85385134409168
"Co","RFK",4,13728530.74,-3641317.791,4,5.79795920975356
"Co","RFK",4,13728155.59,-3636399.822,6,5.85305696316206
"Co","RFK",4,13699706.77,-3815965.929,7,10.8751542356878
"Co","RFK",4,13742136.17,-3814051.702,4,10.5874555063599
"Co","RFK",4,13665834.46,-3786198.358,36,33.4875254074611
"Co","RFK",4,13700174.31,-3827823.322,6,11.8211436392495
"Co","RFK",4,13747925.92,-3825247.436,8,14.0236459513956
"Co","RFK",4,13746635.7,-3816737.244,11,12.5856181418429
"Co","RFK",4,13746237.18,-3808212.055,7,17.6438898332846
"Co","RFK",4,13712770.11,-3808694.292,9,8.48971204133871
"Co","RFK",4,13694248.77,-3796771.68,7,11.5438988480833
"Co","RFK",4,13690240.15,-3776485.909,18,45.6618902982868
"Co","RFK",4,13713392.38,-3790439.208,6,9.10095761188978
"Co","RFK",4,13713371.22,-3779832.073,6,12.1807031045521
"Co","RFK",4,13725492.81,-3785522.4,19,8.83570371030218
"Co","RFK",4,13746979.69,-3786235.197,10,9.84354024955957
"Co","RFK",4,13714488.87,-3777396.622,6,12.1988055199797
"Co","RFK",4,13691190.82,-3772574.487,23,27.3595892243217
"Co","RFK",4,13699125.68,-3711512.402,3,8.06255167221772
"Co","RFK",4,13709387.11,-3714798.768,6,11.3299404715061
"Co","RFK",4,13746488.78,-3696164.232,15,21.642453512078
"Co","RFK",4,13747094.35,-3688506.515,21,23.8385239967174
"Co","RFK",4,13760806.69,-3670947.61,2,14.5284746094005
"Co","RFK",4,13761027.1,-3661561.205,3,9.37175917844038
"Co","RFK",4,13712614.31,-3639206.138,6.050750003,6.94870104989182
"Co","RFK",4,13802326.63,-3639523.139,2,2.94066927215818
"Co","RFK",4,13782941.46,-3664098.5,8,4.02918598028518
"Co","RFK",4,13756212.53,-3648444.206,5,4.7453587394754
"Co","RFK",4,13661775.73,-3777375.583,28,33.3558651176672
"Co","RFK",4,13652838.98,-3776763.173,5,16.126550200494
"Co","RFK",4,13643164.21,-3776986.577,2,21.4313766876368
"Co","RFK",4,13637770.78,-3782290.346,7.25175008,21.4084256391087
"Co","RFK",4,13652112.07,-3786116.826,17,14.1490774054772
"Co","RFK",4,13661852.53,-3786315.416,28,19.4532229495872
"Co","RFK",4,13666103.86,-3781463.417,35,16.7462473299605
"Co","RFK",4,13706815.63,-3828780.183,4,10.6119837453594
"Co","RFK",4,13744003.03,-3827344.262,12,12.9385469282204
"Co","RFK",4,13743494.3,-3824589.035,18,12.7369606353642
"Co","RFK",4,13745663.89,-3809230.591,3,17.480628138428
"Co","RFK",4,13694965.65,-3801045.236,6,12.3578120539558
"Co","RFK",4,13638181.56,-3752440.998,3,11.6307406883088
"Co","RFK",4,13639399.43,-3724741.717,5.9174999,11.7379342914693
"Co","RFK",4,13648240.42,-3725040.045,8.55675008,8.47339287131095
"Co","RFK",4,13663425.5,-3732993.119,11.53350022,9.62934332870051
"Co","RFK",4,13654000.09,-3735149.836,10.35399993,9.55367818899891
"Co","RFK",4,13652835.67,-3742635.182,7.732499853,9.6310877699546
"Co","RFK",4,13661181.3,-3743796.261,16,12.2197470741093
"Co","RFK",4,13648316.09,-3753208.233,14.11124985,9.76836237937301
"Co","RFK",4,13685644.87,-3766588.279,34,25.043945037164
"Co","RFK",4,13694759.71,-3767980.159,23,24.3959555315579
"Co","RFK",4,13728695.46,-3761168.078,9,7.64561118150969
"Co","RFK",4,13732855.47,-3748353.846,7,6.24895218197206
"Co","RFK",4,13727941.83,-3753124.307,6,6.51070829709197
"Co","RFK",4,13729390.09,-3747943.501,4,6.2874203699863
"Co","RFK",4,13745374.47,-3701206.749,7,20.3891255428474
"Co","RFK",4,13745778.56,-3691335.188,20,24.0687618844869
"Co","RFK",4,13760970.33,-3667751.152,2,7.57783132379969
"Co","RFK",4,13760596.3,-3658627.467,7.933250045,11.1142868930729
"Co","RFK",4,13750256.94,-3651003.547,3,6.39425476595483
"Co","RFK",4,13779826.74,-3658240.924,8,4.32463914463601
"Co","RFK",4,13783913.27,-3692778.473,2,8.39675998604871
"Co","RFK",4,13774346.48,-3690716.679,9,11.9361306622158
"Co","RFK",4,13756474.14,-3691563.541,12,10.7588067589835
"Co","RFK",4,13784252.8,-3667168.986,6,3.8339049550282
"Co","RFK",4,13769369.38,-3669178.641,2,9.78684180737066
"Co","RFK",4,13754860.01,-3654580.739,7,6.0558620911065
"Co","RFK",4,13745541.45,-3649978.711,4,5.82002681882692
"Co","RFK",4,13719388.06,-3818778.495,9,8.84447009578932
"Co","RFK",4,13699570.96,-3824693.268,9,7.13134969894585
"Co","RFK",4,13708431.99,-3825223.677,7,8.91267152734445
"Co","RFK",4,13726403.41,-3810282.146,7,8.98265676783009
"Co","RFK",4,13718252.59,-3809989.599,6,8.16683979856476
"Co","RFK",4,13707459.06,-3809849.92,10,10.6336697043661
"Co","RFK",4,13698844.04,-3810243.947,5,11.7782885459398
"Co","RFK",4,13689987.46,-3800234.111,11,17.250572536835
"Co","RFK",4,13689909.53,-3791625.961,21,26.125631304745
"Co","RFK",4,13718359.45,-3787434.692,6,10.9671184494422
"Co","RFK",4,13726932.17,-3790470.774,5,10.9160538985197
"Co","RFK",4,13745849.81,-3782303.498,4,7.54885261425629
"Co","RFK",4,13703346.91,-3705916.901,9,8.82403827445425
"Co","RFK",4,13710813.11,-3704391.064,12,10.1717893969367
"Co","RFK",4,13704458.99,-3710641.938,7,9.57744261447637
"Co","RFK",4,13766315.89,-3666598.597,6,9.75600677766939
"Co","RFK",4,13765422,-3658329.44,4,12.2768584795655
"Co","RFK",4,13723519.15,-3634813.756,5,7.20074124998018
"Co","RFK",4,13714167.21,-3634713.739,3,7.12845913400459
"Co","RFK",4,13774986.57,-3659597.038,8,3.2367386680669
"Co","RFK",4,13774496.76,-3668583.397,8,8.47824931061226
"Co","RFK",4,13743071.27,-3653631.055,7,8.11105077357576
"Co","RFK",4,13750284.77,-3650986.639,5,6.31226758856598
"Co","RFK",4,13736682.64,-3635152.755,5,6.78026515626916
"Co","RFK",4,13657447.62,-3776960.296,13,15.2147258697731
"Co","RFK",4,13646577.26,-3777596.358,28,13.9290227085603
"Co","RFK",4,13637856.49,-3776961.608,2.669499905,17.7668411409221
"Co","RFK",4,13648346.14,-3787047.989,8,17.474447935269
"Co","RFK",4,13656522.55,-3784429.604,7,17.8646318082777
"Co","RFK",4,13699688.96,-3820395.404,4,11.8600471025195
"Co","RFK",4,13717957.61,-3819270.401,17,8.73131568229949
"Co","RFK",4,13642972.75,-3754286.378,8.958999998,9.91306287890458
"Co","RFK",4,13643463.7,-3729426.943,3.932750123,8.0761130823584
"Co","RFK",4,13644939.8,-3719890.872,9.771750183,8.63335965431131
"Co","RFK",4,13662461.47,-3738381.04,13.22125009,12.1936847379285
"Co","RFK",4,13648614.43,-3747436.152,50.38499948,10.0208292073168
"Co","RFK",4,13717644.78,-3782554.627,6,10.7139717306085
"Co","RFK",4,13716495.97,-3790030.053,3,9.28890759838971
"Co","RFK",4,13689633.45,-3767658.433,32,24.6151869972472
"Co","RFK",4,13741855.65,-3756837.861,12,6.84972180457746
"Co","RFK",4,13731767.87,-3753760.425,9,5.93376761222106
"Co","RFK",4,13709621.99,-3706474.768,12,9.42041276297519
"Co","RFK",4,13652866.83,-3790402.357,3,18.0257742790791
"Co","RFK",4,13651401.85,-3781605.39,5,12.8395879494243
"Co","RFK",4,13643551.61,-3791383.851,4,11.077416659015
"Co","RFK",4,13708243.86,-3710532.154,5,12.0165567919561
"Co","RFK",4,13783478.02,-3657828.39,3,2.90646920217321
"Co","RFK",4,13779963.66,-3692668.85,7,8.34436966713825
"Co","RFK",4,13750186.81,-3691333.881,17,26.49401341278
"Co","RFK",4,13718523.13,-3634220.168,7.749750143,6.63830270373564
"Co","RFK",4,13744634.19,-3645180.793,6,7.11171438749514
"Co","RFK",4,13644386.5,-3784048.27,71,12.7047861757755
"Co","RFK",4,13654892.84,-3790544.445,4.30000019,18.9305982491809
"Co","RFK",4,13685200.71,-3769280.257,112.199997,34.2871802634684
"Co","RFK",4,13658740.03,-3787040.092,26.79999924,24.1764266503003
"Co","RFK",4,13646780.99,-3788281.76,11.19999981,29.6301290357501
"Co","RFK",4,13724347.33,-3788847.398,4.19999981,8.56986490069881
"Co","RFK",4,13723600.38,-3791002.301,2.79999995,9.00129341370702
"Co","RFK",4,13723929.88,-3790686.54,50.90000153,8.81373550316331
"Co","RFK",4,13738098.62,-3759388.565,3.871428591,7.55909072193008
"Co","RFK",4,13647094.91,-3786675.778,10.30000019,29.7535232671801
"Co","RFK",4,13721784.76,-3791395.699,2.29999995,8.69687499577423
"Co","SRK",4,13662060.7,-3782081.311,26,33.1753843257728
"Co","SRK",4,13642700,-3781147.898,5,28.0561980328854
"Co","SRK",4,13703912.41,-3823596.889,9,9.14677477583631
"Co","SRK",4,13722236.75,-3819565.816,5,7.74175991520134
"Co","SRK",4,13721229.28,-3810569.438,7,9.54982542563323
"Co","SRK",4,13715147.9,-3811660.664,16,7.48480720816946
"Co","SRK",4,13702258.21,-3812650.505,20,11.6618711044524
"Co","SRK",4,13690655.38,-3804697.257,20,15.5718619194394
"Co","SRK",4,13690049.8,-3795679.181,16,14.3521982751239
"Co","SRK",4,13643204.29,-3757623.733,9.484500013,9.89204502697989
"Co","SRK",4,13640291.09,-3720210.02,7.613999895,10.2313857049158
"Co","SRK",4,13649014.1,-3719524.646,23,8.35817995087351
"Co","SRK",4,13647195.13,-3729615.432,11.00125,7.90948954920482
"Co","SRK",4,13656663.96,-3739879.715,10.04424992,9.78297196994428
"Co","SRK",4,13665872.3,-3739091.042,21,14.9862988580035
"Co","SRK",4,13648519.8,-3756797.18,7.51150003,9.52624344091769
"Co","SRK",4,13737500.83,-3752439.7,13,7.30067356985086
"Co","SRK",4,13730880.66,-3756450.848,2,7.10810659962522
"Co","SRK",4,13765307.34,-3670664.921,22,10.826826897208
"Co","SRK",4,13765799.37,-3663263.965,5,7.8979560772346
"Co","SRK",4,13786889.96,-3693809.501,12,7.31825116651301
"Co","SRK",4,13778795.92,-3695558.531,3,11.1403347903902
"Co","SRK",4,13750097.75,-3696269.969,6,25.6205467345827
"Co","SRK",4,13783298.79,-3686708.915,2,6.3219346640424
"Co","SRK",4,13778901.67,-3668342.437,5,5.45162473819754
"Co","SRK",4,13770901.14,-3659848.24,7,5.14029138138557
"Co","SRK",4,13774834.06,-3663616.782,2,4.51605887823174
"Co","SRK",4,13770630.64,-3663096.019,5,7.25960266316576
"Co","SRK",4,13751695.19,-3655793.321,4,4.66241690361788
"Co","SRK",4,13750437.27,-3646384.645,13,5.3576544632471
"Co","SRK",4,13732307.8,-3634177.298,1,6.62158716706671
"Co","SRK",4,13742031.53,-3635137.165,5,7.31538594334814
"Co","SRK",4,13724623.43,-3640564.052,3,7.18563896710837
"Co","SRK",4,13646054.06,-3781263.584,9,19.9975005366445
"Co","SRK",4,13647985.47,-3791052.292,2,11.4842924953082
"Co","SRK",4,13684857.85,-3792987.845,32,24.191057093935
"Co","SRK",4,13722166.59,-3815587.535,5,7.68450209109003
"Co","SRK",4,13742440.09,-3818823.336,9,8.22803450514343
"Co","SRK",4,13638616.81,-3757554.196,12,10.601599369843
"Co","SRK",4,13638336.3,-3749321.412,3.917249903,10.7061356878544
"Co","SRK",4,13637362.28,-3728116.734,4,15.4183130781101
"Co","SRK",4,13643444.78,-3724667.13,5.652750075,9.3947896972035
"Co","SRK",4,13658132.27,-3733181.676,9.543000103,10.3068854715515
"Co","SRK",4,13656643.92,-3744199.913,7.436666603,9.61987163384136
"Co","SRK",4,13712421.67,-3785818.309,4,10.4627681299759
"Co","SRK",4,13723670.51,-3782282.469,6,8.23310354260404
"Co","SRK",4,13723089.42,-3790248.436,40,9.38445398340102
"Co","SRK",4,13745368.91,-3777163.994,6,8.00326019587758
"Co","SRK",4,13726796.36,-3776901.171,6,8.1723509429318
"Co","SRK",4,13695866.24,-3773013.264,34,30.096135503429
"Co","SRK",4,13684823.34,-3772638.852,39,34.5568243791811
"Co","SRK",4,13736397.65,-3749021.179,17,7.91286676685202
"Co","SRK",4,13738670.8,-3759152.366,4,7.83586731487723
"Co","SRK",4,13692121.43,-3764209.336,20,26.0893879423361
"Co","SRK",4,13699477.44,-3715431.564,5,8.59429010414095
"Co","SRK",4,13699428.47,-3704272.193,5,8.8464981636727
"Co","SRK",4,13782840.15,-3695516.76,18,11.0495748658858
"Co","SRK",4,13774464.48,-3694741.416,7,10.3461141909881
"Co","SRK",4,13756278.21,-3695072.958,8,11.0333032896174
"Co","SRK",4,13780231.94,-3687833.357,22,8.9564639175222
"Co","SRK",4,13777585.88,-3663891.491,3,6.04726653370933
"Co","SRK",4,13741734.32,-3639494.617,8,7.62182988670515
"Co","SRK",4,13728530.74,-3641317.791,4,6.33462314409503
"Co","SRK",4,13728155.59,-3636399.822,6,6.58426943501026
"Co","SRK",4,13699706.77,-3815965.929,7,10.7503439193265
"Co","SRK",4,13742136.17,-3814051.702,4,9.29598320264137
"Co","SRK",4,13665834.46,-3786198.358,36,32.6097203947374
"Co","SRK",4,13700174.31,-3827823.322,6,13.4631452171628
"Co","SRK",4,13747925.92,-3825247.436,8,11.2654285168027
"Co","SRK",4,13746635.7,-3816737.244,11,12.5410389677671
"Co","SRK",4,13746237.18,-3808212.055,7,17.4754791871027
"Co","SRK",4,13712770.11,-3808694.292,9,7.86464131458323
"Co","SRK",4,13694248.77,-3796771.68,7,15.8911766960048
"Co","SRK",4,13690240.15,-3776485.909,18,41.6213733969156
"Co","SRK",4,13713392.38,-3790439.208,6,8.59856900968312
"Co","SRK",4,13713371.22,-3779832.073,6,11.9687635860876
"Co","SRK",4,13725492.81,-3785522.4,19,9.07593986121108
"Co","SRK",4,13746979.69,-3786235.197,10,6.79131638980907
"Co","SRK",4,13714488.87,-3777396.622,6,12.7972564795157
"Co","SRK",4,13691190.82,-3772574.487,23,24.0109792544191
"Co","SRK",4,13699125.68,-3711512.402,3,8.48004219613984
"Co","SRK",4,13709387.11,-3714798.768,6,11.2953423161187
"Co","SRK",4,13746488.78,-3696164.232,15,24.3642112847781
"Co","SRK",4,13747094.35,-3688506.515,21,25.9364348270926
"Co","SRK",4,13760806.69,-3670947.61,2,12.6734958400282
"Co","SRK",4,13761027.1,-3661561.205,3,8.39238646968293
"Co","SRK",4,13712614.31,-3639206.138,6.050750003,7.24178100294151
"Co","SRK",4,13802326.63,-3639523.139,2,3.54138098734894
"Co","SRK",4,13782941.46,-3664098.5,8,3.87479872526412
"Co","SRK",4,13756212.53,-3648444.206,5,6.60292053177826
"Co","SRK",4,13661775.73,-3777375.583,28,33.6058353967882
"Co","SRK",4,13652838.98,-3776763.173,5,20.5943370477998
"Co","SRK",4,13643164.21,-3776986.577,2,22.9970021503967
"Co","SRK",4,13637770.78,-3782290.346,7.25175008,25.9278423278152
"Co","SRK",4,13652112.07,-3786116.826,17,23.0737200052402
"Co","SRK",4,13661852.53,-3786315.416,28,20.4796258957318
"Co","SRK",4,13666103.86,-3781463.417,35,18.9393807300564
"Co","SRK",4,13706815.63,-3828780.183,4,10.0698822930914
"Co","SRK",4,13744003.03,-3827344.262,12,12.1877696677886
"Co","SRK",4,13743494.3,-3824589.035,18,12.068086558678
"Co","SRK",4,13745663.89,-3809230.591,3,16.8634250838086
"Co","SRK",4,13694965.65,-3801045.236,6,15.3101509081377
"Co","SRK",4,13638181.56,-3752440.998,3,11.4333541022448
"Co","SRK",4,13639399.43,-3724741.717,5.9174999,11.6377258840944
"Co","SRK",4,13648240.42,-3725040.045,8.55675008,8.18971953511971
"Co","SRK",4,13663425.5,-3732993.119,11.53350022,10.443496720477
"Co","SRK",4,13654000.09,-3735149.836,10.35399993,9.0552671352847
"Co","SRK",4,13652835.67,-3742635.182,7.732499853,9.40034579393856
"Co","SRK",4,13661181.3,-3743796.261,16,11.8968826421403
"Co","SRK",4,13648316.09,-3753208.233,14.11124985,9.40661044343558
"Co","SRK",4,13685644.87,-3766588.279,34,24.6667428586517
"Co","SRK",4,13694759.71,-3767980.159,23,25.5104086167032
"Co","SRK",4,13728695.46,-3761168.078,9,6.91162105002721
"Co","SRK",4,13732855.47,-3748353.846,7,7.57342547893915
"Co","SRK",4,13727941.83,-3753124.307,6,7.43009880931609
"Co","SRK",4,13729390.09,-3747943.501,4,7.59307057731618
"Co","SRK",4,13745374.47,-3701206.749,7,22.8863622653438
"Co","SRK",4,13745778.56,-3691335.188,20,23.9215693542565
"Co","SRK",4,13760970.33,-3667751.152,2,6.53560891087911
"Co","SRK",4,13760596.3,-3658627.467,7.933250045,8.3638240656811
"Co","SRK",4,13750256.94,-3651003.547,3,5.2723179487348
"Co","SRK",4,13779826.74,-3658240.924,8,4.04519270778394
"Co","SRK",4,13783913.27,-3692778.473,2,9.62074227410183
"Co","SRK",4,13774346.48,-3690716.679,9,12.751593547085
"Co","SRK",4,13756474.14,-3691563.541,12,10.0311224652095
"Co","SRK",4,13784252.8,-3667168.986,6,3.94832041995713
"Co","SRK",4,13769369.38,-3669178.641,2,11.6589948086137
"Co","SRK",4,13754860.01,-3654580.739,7,6.0712487742178
"Co","SRK",4,13745541.45,-3649978.711,4,6.35304884124411
"Co","SRK",4,13719388.06,-3818778.495,9,8.17383947556342
"Co","SRK",4,13699570.96,-3824693.268,9,12.7981821933744
"Co","SRK",4,13708431.99,-3825223.677,7,8.86277721502251
"Co","SRK",4,13726403.41,-3810282.146,7,8.81950642431546
"Co","SRK",4,13718252.59,-3809989.599,6,9.25321613568405
"Co","SRK",4,13707459.06,-3809849.92,10,9.00160702733338
"Co","SRK",4,13698844.04,-3810243.947,5,11.4863779515751
"Co","SRK",4,13689987.46,-3800234.111,11,15.5321377918501
"Co","SRK",4,13689909.53,-3791625.961,21,21.5460006521533
"Co","SRK",4,13718359.45,-3787434.692,6,9.98441628947696
"Co","SRK",4,13726932.17,-3790470.774,5,10.0074210907986
"Co","SRK",4,13745849.81,-3782303.498,4,5.98267668830949
"Co","SRK",4,13703346.91,-3705916.901,9,8.71553767073392
"Co","SRK",4,13710813.11,-3704391.064,12,9.45964455715988
"Co","SRK",4,13704458.99,-3710641.938,7,9.43654781225
"Co","SRK",4,13766315.89,-3666598.597,6,10.7158532599932
"Co","SRK",4,13765422,-3658329.44,4,13.8451402678005
"Co","SRK",4,13723519.15,-3634813.756,5,7.77716751419941
"Co","SRK",4,13714167.21,-3634713.739,3,7.07994936993843
"Co","SRK",4,13774986.57,-3659597.038,8,4.76114419179943
"Co","SRK",4,13774496.76,-3668583.397,8,8.23494416204816
"Co","SRK",4,13743071.27,-3653631.055,7,7.96064721680947
"Co","SRK",4,13750284.77,-3650986.639,5,5.04080385953873
"Co","SRK",4,13736682.64,-3635152.755,5,6.74531625515347
"Co","SRK",4,13657447.62,-3776960.296,13,13.7411613435201
"Co","SRK",4,13646577.26,-3777596.358,28,18.2219002270295
"Co","SRK",4,13637856.49,-3776961.608,2.669499905,25.0484923719124
"Co","SRK",4,13648346.14,-3787047.989,8,20.6355200627994
"Co","SRK",4,13656522.55,-3784429.604,7,18.5194997870727
"Co","SRK",4,13699688.96,-3820395.404,4,15.7787002179155
"Co","SRK",4,13717957.61,-3819270.401,17,9.20930839566426
"Co","SRK",4,13642972.75,-3754286.378,8.958999998,10.0845342012462
"Co","SRK",4,13643463.7,-3729426.943,3.932750123,7.74783538099852
"Co","SRK",4,13644939.8,-3719890.872,9.771750183,8.30796857518856
"Co","SRK",4,13662461.47,-3738381.04,13.22125009,10.5897284899689
"Co","SRK",4,13648614.43,-3747436.152,50.38499948,9.43069407775961
"Co","SRK",4,13717644.78,-3782554.627,6,9.95915948194617
"Co","SRK",4,13716495.97,-3790030.053,3,9.12523799890199
"Co","SRK",4,13689633.45,-3767658.433,32,28.3131946372621
"Co","SRK",4,13741855.65,-3756837.861,12,8.4441489725268
"Co","SRK",4,13731767.87,-3753760.425,9,7.1516909533148
"Co","SRK",4,13709621.99,-3706474.768,12,8.80318677628415
"Co","SRK",4,13652866.83,-3790402.357,3,14.9752059519712
"Co","SRK",4,13651401.85,-3781605.39,5,16.6090199375354
"Co","SRK",4,13643551.61,-3791383.851,4,10.1735820464778
"Co","SRK",4,13708243.86,-3710532.154,5,11.2579575333099
"Co","SRK",4,13783478.02,-3657828.39,3,3.70915214701863
"Co","SRK",4,13779963.66,-3692668.85,7,11.0506777979396
"Co","SRK",4,13750186.81,-3691333.881,17,25.7273912332288
"Co","SRK",4,13718523.13,-3634220.168,7.749750143,7.3908951648041
"Co","SRK",4,13744634.19,-3645180.793,6,7.0323559330964
"Co","SRK",4,13644386.5,-3784048.27,71,19.412662881152
"Co","SRK",4,13654892.84,-3790544.445,4.30000019,18.0337723738978
"Co","SRK",4,13685200.71,-3769280.257,112.199997,32.7530441791332
"Co","SRK",4,13658740.03,-3787040.092,26.79999924,26.3319716223801
"Co","SRK",4,13646780.99,-3788281.76,11.19999981,31.9118431175191
"Co","SRK",4,13724347.33,-3788847.398,4.19999981,9.05352175849021
"Co","SRK",4,13723600.38,-3791002.301,2.79999995,9.50741272412342
"Co","SRK",4,13723929.88,-3790686.54,50.90000153,9.28987790341733
"Co","SRK",4,13738098.62,-3759388.565,3.871428591,8.04893247192864
"Co","SRK",4,13647094.91,-3786675.778,10.30000019,33.8715084183525
"Co","SRK",4,13721784.76,-3791395.699,2.29999995,8.91137356459446
"Co","OK",5,13641811.72,-3809940.847,5,16.5069020554365
"Co","OK",5,13651682.43,-3819491.969,4,16.0074025804558
"Co","OK",5,13638803.88,-3817130.172,2,16.2522938379617
"Co","OK",5,13671293.56,-3787153.226,28,16.6648476344788
"Co","OK",5,13676177.14,-3781175.521,31,16.6326330166784
"Co","OK",5,13713985.73,-3824802.776,13,12.8700696092957
"Co","OK",5,13669476.83,-3748475.762,5,16.5646434003353
"Co","OK",5,13667690.14,-3757538.46,14,16.7700484064188
"Co","OK",5,13680582.05,-3749067.059,6,16.3996422461741
"Co","OK",5,13679510.03,-3740036.922,9,16.1835873767716
"Co","OK",5,13684285.68,-3715648.607,9,15.0337981012052
"Co","OK",5,13676551.19,-3758309.955,28,16.6362678610735
"Co","OK",5,13746394.16,-3757688.036,11,13.0651524752312
"Co","OK",5,13745643.86,-3747483.354,8,13.1548089438355
"Co","OK",5,13709772.25,-3748543.946,3,15.3984320022368
"Co","OK",5,13733457.72,-3682900.687,6,11.3399826603452
"Co","OK",5,13723083.86,-3698234.787,32,12.8794582121824
"Co","OK",5,13721255.98,-3690674.934,3,12.4411031286523
"Co","OK",5,13735109.7,-3678065.143,3,10.8813577014425
"Co","OK",5,13744211.18,-3676550.593,10,10.3009602763555
"Co","OK",5,13756795.85,-3677868.308,22,9.65327943006804
"Co","OK",5,13797018.92,-3672147.459,2,6.00409089937725
"Co","OK",5,13797683.49,-3680577.18,3,6.46680647298967
"Co","OK",5,13756058.91,-3686277.174,20,10.2910296711903
"Co","OK",5,13792376.89,-3686281.082,4,7.3068322487778
"Co","OK",5,13787970.87,-3672176.121,6,6.84173020361263
"Co","OK",5,13783667.26,-3647777.106,3,5.16818881967092
"Co","OK",5,13779834.53,-3643771.63,17,5.05915238561536
"Co","OK",5,13774888.6,-3648574.212,2,5.89311455274992
"Co","OK",5,13774624.78,-3654049.918,2,6.43602383293484
"Co","OK",5,13652290.22,-3810325.644,10,16.3883396905645
"Co","OK",5,13655911.45,-3817955.626,5,16.0013142774019
"Co","OK",5,13648144.69,-3816954.802,1,16.1761111603882
"Co","OK",5,13668328.02,-3735241.495,7,16.1430132366979
"Co","OK",5,13671600.8,-3744827.69,3,16.4425590945551
"Co","OK",5,13683519.79,-3777529.345,33,16.4587636807994
"Co","OK",5,13689057.94,-3782120.757,38,16.1938078284979
"Co","OK",5,13746010.1,-3795679.173,7,11.9867549168081
"Co","OK",5,13746991.94,-3753197.751,8,13.0449231431611
"Co","OK",5,13670226.01,-3777822.424,22,16.8095152998256
"Co","OK",5,13699989.48,-3743754.319,40,15.7266735198013
"Co","OK",5,13699367.21,-3735287.338,30,15.5307388254755
"Co","OK",5,13717697.11,-3699343.314,12,13.1689025396171
"Co","OK",5,13724306.14,-3701252.463,7,13.0121026801472
"Co","OK",5,13724160.31,-3715500.864,22,13.7625023539742
"Co","OK",5,13712508.5,-3715557.086,15,14.2786419385061
"Co","OK",5,13704884.21,-3752751.831,18,15.6665430860812
"Co","OK",5,13776539.47,-3654742.03,5,6.36048535935521
"Co","OK",5,13786599.42,-3655136.227,2,5.61266807854417
"Co","OK",5,13796755.09,-3677202.248,4,6.35556552202118
"Co","OK",5,13749851.74,-3686218.481,41,10.6876673689153
"Co","OK",5,13788517.45,-3684559.457,4,7.57846292260442
"Co","OK",5,13788312.62,-3675958.881,11,7.06842632053477
"Co","OK",5,13694608.37,-3645696.825,7.197499923,8.4923714077832
"Co","OK",5,13695877.42,-3653223.778,7,9.41255679898615
"Co","OK",5,13717801.75,-3686676.322,13,12.2685092405572
"Co","OK",5,13709506.25,-3678509.638,7,11.8357556791736
"Co","OK",5,13686541,-3786842.822,27,16.1944926725495
"Co","OK",5,13712242.45,-3828279.962,6,12.7428427143094
"Co","OK",5,13694086.24,-3787722.748,20,15.8603083746108
"Co","OK",5,13685446.73,-3781485.767,20,16.3386742999822
"Co","OK",5,13696822.47,-3782286.419,13,15.862487153238
"Co","OK",5,13696456.23,-3777083.843,25,15.9711177124709
"Co","OK",5,13676223.91,-3751542.679,11,16.5352723682117
"Co","OK",5,13675301.08,-3740360.528,6,16.2594351390163
"Co","OK",5,13690810.12,-3711298.046,6,14.6744272469048
"Co","OK",5,13675770.84,-3761177.257,46,16.6825847414298
"Co","OK",5,13698466.62,-3748251.579,23,15.8667139880404
"Co","OK",5,13699772.41,-3738570.98,32,15.6108372940525
"Co","OK",5,13712855.82,-3700245.618,10,13.4034940263977
"Co","OK",5,13723157.33,-3698331.403,10,12.8824414782561
"Co","OK",5,13719097.5,-3714409.169,19,13.9492319664675
"Co","OK",5,13747971.55,-3716165.072,12,12.3714489600993
"Co","OK",5,13745719.56,-3705924.733,9,12.0913757327287
"Co","OK",5,13737357.24,-3684087.374,8,11.2393490482497
"Co","OK",5,13726590.42,-3695732.157,11,12.5646014354645
"Co","OK",5,13726190.78,-3688817.015,3,12.1059973112021
"Co","OK",5,13727408.62,-3672998.278,13,10.7789166546419
"Co","OK",5,13735816.58,-3671841.322,8,10.3242476559581
"Co","OK",5,13747225.72,-3673168.955,4,9.86174072924013
"Co","OK",5,13753606.55,-3673101.198,6,9.48520030407971
"Co","OK",5,13692957.5,-3641598.445,8.23574984,7.96455044203324
"Co","OK",5,13694354.56,-3648611.87,6.022249968,8.85849487580219
"Co","OK",5,13717838.48,-3696416.184,10,12.9716207871334
"Co","OK",5,13712840.24,-3688606.975,3,12.5799708985287
"Co","OK",5,13703800.01,-3678770.346,16,11.9867750163593
"Co","OK",5,13774177.27,-3639212.615,11,4.97566037092167
"Co","OK",5,13784373.02,-3639546.539,2,4.28946346866499
"Co","OK",5,13657012.4,-3815913.184,2,16.0731144441823
"Co","OK",5,13648515.38,-3815623.138,11,16.2285202896409
"Co","OK",5,13666597.02,-3820160.628,2,15.6205838600171
"Co","OK",5,13666892.01,-3809358.394,20,16.1192124026043
"Co","OK",5,13722515.02,-3828860.688,10,11.9049444123998
"Co","OK",5,13743890.57,-3805863.028,30,11.6244369595006
"Co","OK",5,13692925.18,-3791245.715,38,15.8154819483161
"Co","OK",5,13692897.35,-3781849.933,29,16.04351546531
"Co","OK",5,13686752.51,-3777185.027,31,16.3533402466987
"Co","OK",5,13670711.37,-3733294.274,12,16.0474965757278
"Co","OK",5,13672990.08,-3754833.364,14,16.6507554667561
"Co","OK",5,13676959.74,-3743720.246,9,16.33598000013
"Co","OK",5,13676623.55,-3734982.205,4,16.0529665729338
"Co","OK",5,13685083.84,-3706549.238,2,14.4635972239913
"Co","OK",5,13689630.13,-3706625.016,4,14.4045039042934
"Co","OK",5,13690348.14,-3715007.953,5,14.896409354812
"Co","OK",5,13742192.95,-3753588.603,3,13.4205388065165
"Co","OK",5,13709738.86,-3759189.114,13,15.4720308477843
"Co","OK",5,13700200.99,-3759011.959,10,15.9088346279887
"Co","OK",5,13708929.56,-3752509.207,11,15.480037082269
"Co","OK",5,13746101.38,-3710205.415,10,12.2618477891155
"Co","OK",5,13745578.18,-3683139.315,7,10.7264494653328
"Co","OK",5,13726344.4,-3691600.088,4,12.2972504770847
"Co","OK",5,13727613.44,-3684143.454,6,11.6958701868834
"Co","OK",5,13731382.72,-3672768.963,5,10.5989056665166
"Co","OK",5,13740699.05,-3672894.039,3,10.1824629192694
"Co","OK",5,13749908.52,-3672234.77,5,9.63330424844739
"Co","OK",5,13802830.91,-3673026.918,4,5.49007065424132
"Co","OK",5,13803052.43,-3682081.796,5,6.00614976890944
"Co","OK",5,13751169.76,-3681557.644,19,10.2798369141764
"Co","OK",5,13791086.7,-3677324.765,6,6.90281668024832
"Co","OK",5,13778321.7,-3640732.962,2,4.85353006497721
"Co","OK",5,13670270.54,-3782033.995,39,16.7667144537106
"Co","OK",5,13676391.99,-3787725.379,25,16.5167394339253
"Co","OK",5,13718451.87,-3825232.914,11,12.5028281839363
"Co","OK",5,13723253.08,-3824528.337,4,12.174574505561
"Co","OK",5,13676149.31,-3776718.51,38,16.6809005119828
"Co","OK",5,13680474.07,-3788075.259,22,16.3823227285403
"Co","OK",5,13745622.7,-3800014.217,6,11.797182335225
"Co","OK",5,13681336.81,-3753356.446,17,16.4625709360108
"Co","OK",5,13679674.79,-3743918.136,31,16.2939357099571
"Co","OK",5,13680792.43,-3734218.743,2,15.9616567585213
"Co","OK",5,13682280.81,-3715481.249,12,15.0507943951426
"Co","OK",5,13684313.51,-3710445.894,4,14.7237855752854
"Co","OK",5,13680120.1,-3758774.451,49,16.5628703070603
"Co","OK",5,13671245.7,-3759098.56,63,16.7422377090462
"Co","OK",5,13693117.76,-3715052.404,3,14.8419684897449
"Co","OK",5,13695090.35,-3705624.26,15,14.2396803306499
"Co","OK",5,13722959.18,-3705027.241,16,13.2915622002017
"Co","OK",5,13723754,-3709741.478,28,13.5074954765019
"Co","OK",5,13712691.07,-3709250.109,11,13.9471085532055
"Co","OK",5,13703404.77,-3734703.269,38,15.3708258202192
"Co","OK",5,13708268.32,-3740044.787,17,15.3166186965591
"Co","OK",5,13702833.7,-3742422.898,18,15.5909705094651
"Co","OK",5,13704658.23,-3747202.814,14,15.6063346965433
"Co","OK",5,13741223.37,-3682004.876,13,10.883429421878
"Co","OK",5,13724141.39,-3694621.347,4,12.5984546333436
"Co","OK",5,13732574.95,-3678643.9,6,11.0443309595642
"Co","OK",5,13741500.55,-3678188.97,14,10.5750048599469
"Co","OK",5,13752370.9,-3677036.734,14,9.86950330200372
"Co","OK",5,13693661.05,-3636299.779,5.6102501,7.25629999461256
"Co","OK",5,13699260.4,-3679626.809,5.622999883,12.1464367595894
"Co","OK",5,13714622.46,-3691741.022,7,12.7580176468695
"Co","OK",5,13708125.88,-3681023.088,18,12.089975771446
"Co","OK",5,13704013.75,-3674395.107,15,11.5779702055632
"Co","OK",5,13775103.45,-3632929.163,3,4.21789243176138
"Co","OK",5,13783362.24,-3635287.829,7,3.91071366219882
"Co","OK",5,13776166.55,-3644385.18,4,5.38330464441302
"Co","OK",5,13779171.07,-3650622.432,2,5.78108874123927
"Co","OK",5,13663652.6,-3814549.983,16,15.9801208684373
"Co","OK",5,13641720.44,-3813799.923,30,16.3678095889742
"Co","OK",5,13653532.55,-3815372.644,3,16.1631774242677
"Co","OK",5,13665925.76,-3814540.759,37,15.9189569109834
"Co","OK",5,13682129.41,-3790527.351,34,16.2679325276821
"Co","OK",5,13670807.11,-3738911.575,53,16.2623075832777
"Co","OK",5,13679816.19,-3782275.895,31,16.5119749214066
"Co","OK",5,13688766.28,-3785910.358,47,16.1289119556852
"Co","OK",5,13745126.22,-3793156.277,3,12.1894082104101
"Co","OK",5,13742856.41,-3748779.937,4,13.3716750153464
"Co","OK",5,13703625.19,-3758551.392,29,15.759717100588
"Co","OK",5,13694266.58,-3711516.323,3,14.6176580901519
"Co","OK",5,13719325.71,-3705519.747,8,13.4767534341422
"Co","OK",5,13660254.01,-3819668.683,5,15.8204505091887
"Co","OK",5,13639948.23,-3810851.466,4,16.4842363369651
"Co","OK",5,13642062.2,-3819673.97,4,16.1215936733824
"Co","OK",5,13718507.51,-3709482.723,10,13.7283907725576
"Co","OK",5,13708179.27,-3734313.032,25,15.1732681921512
"Co","OK",5,13704787.36,-3738797.61,22,15.430282991959
"Co","OK",5,13708283.91,-3742898.58,15,15.3756158196878
"Co","OK",5,13699843.65,-3752480.349,19,15.8731354246877
"Co","OK",5,13801266.87,-3677135.781,3,5.90403115435981
"Co","OK",5,13802449.08,-3686102.388,3,6.28134037685248
"Co","OK",5,13788042.11,-3681380.308,4,7.43583243015044
"Co","OK",5,13793238.51,-3672148.76,6,6.36123263838607
"Co","OK",5,13699057.81,-3674075.856,15.71799978,11.6296045659539
"Co","OK",5,13697409.15,-3683838.295,8.462750078,12.5501943397167
"Co","OK",5,13716558.31,-3690912.417,17,12.6313067381049
"Co","OK",5,13704685,-3681303.407,16,12.1932831733103
"Co","OK",5,13705817.13,-3676267.784,19,11.7172504017083
"Co","OK",5,13722015.19,-3708727.397,66.14999962,13.535185908052
"Co","OK",5,13679388.72,-3782782.077,58.40000153,16.5170858918917
"Co","OK",5,13673737.03,-3757483.354,6.69999981,16.6790050477346
"Co","OK",5,13722005.17,-3708639.845,43.90000057,13.5310365711705
"Co","OK",5,13687035.26,-3785965.594,60.40000153,16.1950803123107
"Co","OK",5,13681737.57,-3760150.987,39.59999847,16.5360285337071
"Co","OK",5,13694753.04,-3778081.331,57,16.029656543607
"Co","OK",5,13695331.9,-3778118.131,52.20000076,16.0042692227006
"Co","OK",5,13674634.27,-3755536.473,24.22857169,16.6343539086851
"Co","OK",5,13674559.68,-3755434.152,15.56666692,16.6340638444424
"Co","IDW",5,13641811.72,-3809940.847,5,13.0146608337804
"Co","IDW",5,13651682.43,-3819491.969,4,12.9612553163559
"Co","IDW",5,13638803.88,-3817130.172,2,13.751687942862
"Co","IDW",5,13671293.56,-3787153.226,28,24.2828320422522
"Co","IDW",5,13676177.14,-3781175.521,31,24.5494681863943
"Co","IDW",5,13713985.73,-3824802.776,13,11.0303263647243
"Co","IDW",5,13669476.83,-3748475.762,5,15.7297181835129
"Co","IDW",5,13667690.14,-3757538.46,14,17.6161178274036
"Co","IDW",5,13680582.05,-3749067.059,6,20.1314325257863
"Co","IDW",5,13679510.03,-3740036.922,9,16.9987154479413
"Co","IDW",5,13684285.68,-3715648.607,9,12.6900194092057
"Co","IDW",5,13676551.19,-3758309.955,28,22.0604781545799
"Co","IDW",5,13746394.16,-3757688.036,11,10.4457703657177
"Co","IDW",5,13745643.86,-3747483.354,8,11.1505922635892
"Co","IDW",5,13709772.25,-3748543.946,3,16.0556499641784
"Co","IDW",5,13733457.72,-3682900.687,6,14.9311968888951
"Co","IDW",5,13723083.86,-3698234.787,32,17.8855537708729
"Co","IDW",5,13721255.98,-3690674.934,3,14.4023798810022
"Co","IDW",5,13735109.7,-3678065.143,3,12.4817617903098
"Co","IDW",5,13744211.18,-3676550.593,10,11.8096523140965
"Co","IDW",5,13756795.85,-3677868.308,22,11.413491329375
"Co","IDW",5,13797018.92,-3672147.459,2,6.35257608870753
"Co","IDW",5,13797683.49,-3680577.18,3,7.54510614039898
"Co","IDW",5,13756058.91,-3686277.174,20,15.7982241225752
"Co","IDW",5,13792376.89,-3686281.082,4,7.51650736772202
"Co","IDW",5,13787970.87,-3672176.121,6,6.37532487919036
"Co","IDW",5,13783667.26,-3647777.106,3,5.89882518359507
"Co","IDW",5,13779834.53,-3643771.63,17,6.6159544980476
"Co","IDW",5,13774888.6,-3648574.212,2,6.53806696851534
"Co","IDW",5,13774624.78,-3654049.918,2,6.89426600070386
"Co","IDW",5,13652290.22,-3810325.644,10,17.0282516094244
"Co","IDW",5,13655911.45,-3817955.626,5,15.4043057652848
"Co","IDW",5,13648144.69,-3816954.802,1,14.0031713451231
"Co","IDW",5,13668328.02,-3735241.495,7,14.3379388734959
"Co","IDW",5,13671600.8,-3744827.69,3,16.2852595791143
"Co","IDW",5,13683519.79,-3777529.345,33,25.7850394597396
"Co","IDW",5,13689057.94,-3782120.757,38,21.1871929175936
"Co","IDW",5,13746010.1,-3795679.173,7,9.31651660338031
"Co","IDW",5,13746991.94,-3753197.751,8,11.2808362969255
"Co","IDW",5,13670226.01,-3777822.424,22,25.6533660179745
"Co","IDW",5,13699989.48,-3743754.319,40,21.8417372156224
"Co","IDW",5,13699367.21,-3735287.338,30,18.8533630437606
"Co","IDW",5,13717697.11,-3699343.314,12,15.0039801904754
"Co","IDW",5,13724306.14,-3701252.463,7,20.5434214229641
"Co","IDW",5,13724160.31,-3715500.864,22,22.5939162377842
"Co","IDW",5,13712508.5,-3715557.086,15,14.8344659593667
"Co","IDW",5,13704884.21,-3752751.831,18,18.1794967725993
"Co","IDW",5,13776539.47,-3654742.03,5,6.98717440645791
"Co","IDW",5,13786599.42,-3655136.227,2,5.47042392160999
"Co","IDW",5,13796755.09,-3677202.248,4,7.35948264854228
"Co","IDW",5,13749851.74,-3686218.481,41,14.8684177188945
"Co","IDW",5,13788517.45,-3684559.457,4,7.91895367468136
"Co","IDW",5,13788312.62,-3675958.881,11,6.68043252364213
"Co","IDW",5,13694608.37,-3645696.825,7.197499923,9.16472188513843
"Co","IDW",5,13695877.42,-3653223.778,7,9.5256200123267
"Co","IDW",5,13717801.75,-3686676.322,13,13.8030872929784
"Co","IDW",5,13709506.25,-3678509.638,7,12.8080633808938
"Co","IDW",5,13686541,-3786842.822,27,22.709802286207
"Co","IDW",5,13712242.45,-3828279.962,6,10.4562397600345
"Co","IDW",5,13694086.24,-3787722.748,20,17.37385331121
"Co","IDW",5,13685446.73,-3781485.767,20,22.8298440945077
"Co","IDW",5,13696822.47,-3782286.419,13,18.2025901081587
"Co","IDW",5,13696456.23,-3777083.843,25,21.9523917572008
"Co","IDW",5,13676223.91,-3751542.679,11,19.2339215839394
"Co","IDW",5,13675301.08,-3740360.528,6,16.3103493691059
"Co","IDW",5,13690810.12,-3711298.046,6,12.1548228835241
"Co","IDW",5,13675770.84,-3761177.257,46,23.7451631979852
"Co","IDW",5,13698466.62,-3748251.579,23,21.2673479449835
"Co","IDW",5,13699772.41,-3738570.98,32,21.0257305560904
"Co","IDW",5,13712855.82,-3700245.618,10,12.4585160995597
"Co","IDW",5,13723157.33,-3698331.403,10,17.9876831735475
"Co","IDW",5,13719097.5,-3714409.169,19,19.235555413292
"Co","IDW",5,13747971.55,-3716165.072,12,15.346306222877
"Co","IDW",5,13745719.56,-3705924.733,9,16.7059722403418
"Co","IDW",5,13737357.24,-3684087.374,8,16.4849423520764
"Co","IDW",5,13726590.42,-3695732.157,11,18.8536246046406
"Co","IDW",5,13726190.78,-3688817.015,3,14.2294263925792
"Co","IDW",5,13727408.62,-3672998.278,13,10.2597287349434
"Co","IDW",5,13735816.58,-3671841.322,8,10.6914857678769
"Co","IDW",5,13747225.72,-3673168.955,4,10.5149097740492
"Co","IDW",5,13753606.55,-3673101.198,6,11.0519389668313
"Co","IDW",5,13692957.5,-3641598.445,8.23574984,9.14788720959947
"Co","IDW",5,13694354.56,-3648611.87,6.022249968,9.37746996247977
"Co","IDW",5,13717838.48,-3696416.184,10,14.5208450520153
"Co","IDW",5,13712840.24,-3688606.975,3,13.7830623129138
"Co","IDW",5,13703800.01,-3678770.346,16,11.9326087493139
"Co","IDW",5,13774177.27,-3639212.615,11,6.5791356515186
"Co","IDW",5,13784373.02,-3639546.539,2,6.08171934939795
"Co","IDW",5,13657012.4,-3815913.184,2,16.7064668296435
"Co","IDW",5,13648515.38,-3815623.138,11,14.6254031790363
"Co","IDW",5,13666597.02,-3820160.628,2,15.2276987136588
"Co","IDW",5,13666892.01,-3809358.394,20,22.8494487867529
"Co","IDW",5,13722515.02,-3828860.688,10,11.1763584858847
"Co","IDW",5,13743890.57,-3805863.028,30,8.2465910018598
"Co","IDW",5,13692925.18,-3791245.715,38,17.6044180319007
"Co","IDW",5,13692897.35,-3781849.933,29,19.7535202937888
"Co","IDW",5,13686752.51,-3777185.027,31,24.3633855797525
"Co","IDW",5,13670711.37,-3733294.274,12,13.8096035973752
"Co","IDW",5,13672990.08,-3754833.364,14,19.2388610716491
"Co","IDW",5,13676959.74,-3743720.246,9,17.5187223459975
"Co","IDW",5,13676623.55,-3734982.205,4,15.1475787288013
"Co","IDW",5,13685083.84,-3706549.238,2,11.591859115209
"Co","IDW",5,13689630.13,-3706625.016,4,11.5222201351168
"Co","IDW",5,13690348.14,-3715007.953,5,12.2817514520518
"Co","IDW",5,13742192.95,-3753588.603,3,11.0728193353685
"Co","IDW",5,13709738.86,-3759189.114,13,17.3130567321464
"Co","IDW",5,13700200.99,-3759011.959,10,21.2612581046686
"Co","IDW",5,13708929.56,-3752509.207,11,16.2335267236144
"Co","IDW",5,13746101.38,-3710205.415,10,17.1542534917663
"Co","IDW",5,13745578.18,-3683139.315,7,14.12012500514
"Co","IDW",5,13726344.4,-3691600.088,4,16.1101512931205
"Co","IDW",5,13727613.44,-3684143.454,6,13.0942003765682
"Co","IDW",5,13731382.72,-3672768.963,5,10.6899782842195
"Co","IDW",5,13740699.05,-3672894.039,3,11.5495476416356
"Co","IDW",5,13749908.52,-3672234.77,5,9.80289522881995
"Co","IDW",5,13802830.91,-3673026.918,4,6.78184862237441
"Co","IDW",5,13803052.43,-3682081.796,5,7.52972290799163
"Co","IDW",5,13751169.76,-3681557.644,19,12.950439577551
"Co","IDW",5,13791086.7,-3677324.765,6,7.28261327963037
"Co","IDW",5,13778321.7,-3640732.962,2,6.76655812711261
"Co","IDW",5,13670270.54,-3782033.995,39,24.6478949570255
"Co","IDW",5,13676391.99,-3787725.379,25,27.323431156951
"Co","IDW",5,13718451.87,-3825232.914,11,11.164582274573
"Co","IDW",5,13723253.08,-3824528.337,4,10.7289584936112
"Co","IDW",5,13676149.31,-3776718.51,38,27.9338037675448
"Co","IDW",5,13680474.07,-3788075.259,22,28.1264122624266
"Co","IDW",5,13745622.7,-3800014.217,6,9.49367880236241
"Co","IDW",5,13681336.81,-3753356.446,17,21.485231510735
"Co","IDW",5,13679674.79,-3743918.136,31,18.4927363899542
"Co","IDW",5,13680792.43,-3734218.743,2,14.7019295058292
"Co","IDW",5,13682280.81,-3715481.249,12,12.5861928261132
"Co","IDW",5,13684313.51,-3710445.894,4,12.2932791266014
"Co","IDW",5,13680120.1,-3758774.451,49,23.5658920247594
"Co","IDW",5,13671245.7,-3759098.56,63,21.0923252483177
"Co","IDW",5,13693117.76,-3715052.404,3,12.0464672349336
"Co","IDW",5,13695090.35,-3705624.26,15,10.6254076685164
"Co","IDW",5,13722959.18,-3705027.241,16,19.4327660481232
"Co","IDW",5,13723754,-3709741.478,28,21.7629228316577
"Co","IDW",5,13712691.07,-3709250.109,11,13.8202537186308
"Co","IDW",5,13703404.77,-3734703.269,38,18.4262419832703
"Co","IDW",5,13708268.32,-3740044.787,17,21.1288284570016
"Co","IDW",5,13702833.7,-3742422.898,18,19.9454344114518
"Co","IDW",5,13704658.23,-3747202.814,14,18.6635866045932
"Co","IDW",5,13741223.37,-3682004.876,13,14.2002956444865
"Co","IDW",5,13724141.39,-3694621.347,4,16.7978605020697
"Co","IDW",5,13732574.95,-3678643.9,6,12.47304629084
"Co","IDW",5,13741500.55,-3678188.97,14,12.5073489928326
"Co","IDW",5,13752370.9,-3677036.734,14,11.5716964345788
"Co","IDW",5,13693661.05,-3636299.779,5.6102501,8.86632206255122
"Co","IDW",5,13699260.4,-3679626.809,5.622999883,11.4092644295172
"Co","IDW",5,13714622.46,-3691741.022,7,13.3237151133429
"Co","IDW",5,13708125.88,-3681023.088,18,13.0346074243268
"Co","IDW",5,13704013.75,-3674395.107,15,11.0657724121764
"Co","IDW",5,13775103.45,-3632929.163,3,7.15090905056539
"Co","IDW",5,13783362.24,-3635287.829,7,6.76716824418548
"Co","IDW",5,13776166.55,-3644385.18,4,6.71916412363334
"Co","IDW",5,13779171.07,-3650622.432,2,6.70565814351703
"Co","IDW",5,13663652.6,-3814549.983,16,18.653131359807
"Co","IDW",5,13641720.44,-3813799.923,30,14.0709724865952
"Co","IDW",5,13653532.55,-3815372.644,3,16.0257090893347
"Co","IDW",5,13665925.76,-3814540.759,37,19.3501456451053
"Co","IDW",5,13682129.41,-3790527.351,34,34.0184439627242
"Co","IDW",5,13670807.11,-3738911.575,53,15.46125483027
"Co","IDW",5,13679816.19,-3782275.895,31,24.2171857948888
"Co","IDW",5,13688766.28,-3785910.358,47,20.977708845909
"Co","IDW",5,13745126.22,-3793156.277,3,9.33898890682608
"Co","IDW",5,13742856.41,-3748779.937,4,11.2616487742278
"Co","IDW",5,13703625.19,-3758551.392,29,19.3009874896954
"Co","IDW",5,13694266.58,-3711516.323,3,11.5902055467069
"Co","IDW",5,13719325.71,-3705519.747,8,17.2489752627049
"Co","IDW",5,13660254.01,-3819668.683,5,15.3565198520661
"Co","IDW",5,13639948.23,-3810851.466,4,13.5570262342228
"Co","IDW",5,13642062.2,-3819673.97,4,12.3975150909781
"Co","IDW",5,13718507.51,-3709482.723,10,17.6053050548888
"Co","IDW",5,13708179.27,-3734313.032,25,19.9409486955233
"Co","IDW",5,13704787.36,-3738797.61,22,19.4556775790868
"Co","IDW",5,13708283.91,-3742898.58,15,19.5670594075815
"Co","IDW",5,13699843.65,-3752480.349,19,20.8694697898927
"Co","IDW",5,13801266.87,-3677135.781,3,7.38699597573496
"Co","IDW",5,13802449.08,-3686102.388,3,6.72946768675113
"Co","IDW",5,13788042.11,-3681380.308,4,7.66151488762307
"Co","IDW",5,13793238.51,-3672148.76,6,6.57258273800777
"Co","IDW",5,13699057.81,-3674075.856,15.71799978,10.3687001213444
"Co","IDW",5,13697409.15,-3683838.295,8.462750078,11.943836962359
"Co","IDW",5,13716558.31,-3690912.417,17,13.7515772645486
"Co","IDW",5,13704685,-3681303.407,16,12.602354804208
"Co","IDW",5,13705817.13,-3676267.784,19,11.6349613381934
"Co","IDW",5,13722015.19,-3708727.397,66.14999962,19.8980689123067
"Co","IDW",5,13679388.72,-3782782.077,58.40000153,24.2796237602503
"Co","IDW",5,13673737.03,-3757483.354,6.69999981,20.8304535873157
"Co","IDW",5,13722005.17,-3708639.845,43.90000057,19.8645661457952
"Co","IDW",5,13687035.26,-3785965.594,60.40000153,22.1037057344869
"Co","IDW",5,13681737.57,-3760150.987,39.59999847,24.2289354826568
"Co","IDW",5,13694753.04,-3778081.331,57,21.1238092977638
"Co","IDW",5,13695331.9,-3778118.131,52.20000076,21.1043797072356
"Co","IDW",5,13674634.27,-3755536.473,24.22857169,20.134128397773
"Co","IDW",5,13674559.68,-3755434.152,15.56666692,20.0640017703391
"Co","LM",5,13641811.72,-3809940.847,5,13.133825174905
"Co","LM",5,13651682.43,-3819491.969,4,18.1126670905243
"Co","LM",5,13638803.88,-3817130.172,2,13.2723033201751
"Co","LM",5,13671293.56,-3787153.226,28,25.2659443245953
"Co","LM",5,13676177.14,-3781175.521,31,26.0072558444274
"Co","LM",5,13713985.73,-3824802.776,13,15.7678385024451
"Co","LM",5,13669476.83,-3748475.762,5,24.4330380043166
"Co","LM",5,13667690.14,-3757538.46,14,24.3785774189252
"Co","LM",5,13680582.05,-3749067.059,6,23.3700946987622
"Co","LM",5,13679510.03,-3740036.922,9,17.2370698782807
"Co","LM",5,13684285.68,-3715648.607,9,16.2494257107496
"Co","LM",5,13676551.19,-3758309.955,28,28.136157182862
"Co","LM",5,13746394.16,-3757688.036,11,4.99926208020238
"Co","LM",5,13745643.86,-3747483.354,8,3.84228289359477
"Co","LM",5,13709772.25,-3748543.946,3,13.9447060349785
"Co","LM",5,13733457.72,-3682900.687,6,9.43013249116192
"Co","LM",5,13723083.86,-3698234.787,32,12.3615992088187
"Co","LM",5,13721255.98,-3690674.934,3,6.24860236977917
"Co","LM",5,13735109.7,-3678065.143,3,6.39919723290916
"Co","LM",5,13744211.18,-3676550.593,10,14.6704060541904
"Co","LM",5,13756795.85,-3677868.308,22,16.3533705598356
"Co","LM",5,13797018.92,-3672147.459,2,4.1040961449976
"Co","LM",5,13797683.49,-3680577.18,3,3.60198396405531
"Co","LM",5,13756058.91,-3686277.174,20,16.0117162350174
"Co","LM",5,13792376.89,-3686281.082,4,5.30464174020304
"Co","LM",5,13787970.87,-3672176.121,6,4.04010447357638
"Co","LM",5,13783667.26,-3647777.106,3,12.544987819295
"Co","LM",5,13779834.53,-3643771.63,17,18.8492638540973
"Co","LM",5,13774888.6,-3648574.212,2,13.6786428798307
"Co","LM",5,13774624.78,-3654049.918,2,7.53002795245413
"Co","LM",5,13652290.22,-3810325.644,10,21.2438636705897
"Co","LM",5,13655911.45,-3817955.626,5,17.4910297778858
"Co","LM",5,13648144.69,-3816954.802,1,16.2663736346953
"Co","LM",5,13668328.02,-3735241.495,7,12.7833037082768
"Co","LM",5,13671600.8,-3744827.69,3,21.2529585672679
"Co","LM",5,13683519.79,-3777529.345,33,22.7707219575015
"Co","LM",5,13689057.94,-3782120.757,38,21.5120039265629
"Co","LM",5,13746010.1,-3795679.173,7,4.86830889958904
"Co","LM",5,13746991.94,-3753197.751,8,4.60275858676225
"Co","LM",5,13670226.01,-3777822.424,22,25.7009037022468
"Co","LM",5,13699989.48,-3743754.319,40,22.9722271470567
"Co","LM",5,13699367.21,-3735287.338,30,24.5862541503788
"Co","LM",5,13717697.11,-3699343.314,12,10.0623212771378
"Co","LM",5,13724306.14,-3701252.463,7,17.3589306854381
"Co","LM",5,13724160.31,-3715500.864,22,21.1667600439804
"Co","LM",5,13712508.5,-3715557.086,15,24.8580369499497
"Co","LM",5,13704884.21,-3752751.831,18,18.9306996908142
"Co","LM",5,13776539.47,-3654742.03,5,5.50577989400131
"Co","LM",5,13786599.42,-3655136.227,2,5.35896337638814
"Co","LM",5,13796755.09,-3677202.248,4,3.19290796207906
"Co","LM",5,13749851.74,-3686218.481,41,18.7460509390092
"Co","LM",5,13788517.45,-3684559.457,4,8.29683070334785
"Co","LM",5,13788312.62,-3675958.881,11,3.97024189444242
"Co","LM",5,13694608.37,-3645696.825,7.197499923,10.0088001762947
"Co","LM",5,13695877.42,-3653223.778,7,7.48164914180575
"Co","LM",5,13717801.75,-3686676.322,13,8.50508542878655
"Co","LM",5,13709506.25,-3678509.638,7,7.80372290279406
"Co","LM",5,13686541,-3786842.822,27,21.0852728560866
"Co","LM",5,13712242.45,-3828279.962,6,15.7266839188607
"Co","LM",5,13694086.24,-3787722.748,20,15.8947906692918
"Co","LM",5,13685446.73,-3781485.767,20,21.797236285193
"Co","LM",5,13696822.47,-3782286.419,13,15.1218359028692
"Co","LM",5,13696456.23,-3777083.843,25,19.9746250918909
"Co","LM",5,13676223.91,-3751542.679,11,23.0065291123737
"Co","LM",5,13675301.08,-3740360.528,6,19.6189976692155
"Co","LM",5,13690810.12,-3711298.046,6,11.889504761466
"Co","LM",5,13675770.84,-3761177.257,46,32.5624634743084
"Co","LM",5,13698466.62,-3748251.579,23,20.8882302817367
"Co","LM",5,13699772.41,-3738570.98,32,23.3714351646301
"Co","LM",5,13712855.82,-3700245.618,10,8.96291979032438
"Co","LM",5,13723157.33,-3698331.403,10,12.5825911323275
"Co","LM",5,13719097.5,-3714409.169,19,21.4054165187866
"Co","LM",5,13747971.55,-3716165.072,12,4.77499916443355
"Co","LM",5,13745719.56,-3705924.733,9,14.9546247294015
"Co","LM",5,13737357.24,-3684087.374,8,11.8278707793328
"Co","LM",5,13726590.42,-3695732.157,11,14.7799310310988
"Co","LM",5,13726190.78,-3688817.015,3,10.233060330967
"Co","LM",5,13727408.62,-3672998.278,13,13.4644311796039
"Co","LM",5,13735816.58,-3671841.322,8,11.4167341600294
"Co","LM",5,13747225.72,-3673168.955,4,14.2297683093266
"Co","LM",5,13753606.55,-3673101.198,6,14.3561404541816
"Co","LM",5,13692957.5,-3641598.445,8.23574984,10.8520869499895
"Co","LM",5,13694354.56,-3648611.87,6.022249968,9.13924561230431
"Co","LM",5,13717838.48,-3696416.184,10,10.1697470645548
"Co","LM",5,13712840.24,-3688606.975,3,6.91563993610266
"Co","LM",5,13703800.01,-3678770.346,16,8.11401431236786
"Co","LM",5,13774177.27,-3639212.615,11,11.5597902258147
"Co","LM",5,13784373.02,-3639546.539,2,15.5596625742178
"Co","LM",5,13657012.4,-3815913.184,2,17.0978279054392
"Co","LM",5,13648515.38,-3815623.138,11,17.6265115832076
"Co","LM",5,13666597.02,-3820160.628,2,11.6291683748977
"Co","LM",5,13666892.01,-3809358.394,20,14.8664624904878
"Co","LM",5,13722515.02,-3828860.688,10,4.15671573454104
"Co","LM",5,13743890.57,-3805863.028,30,0.605224445694203
"Co","LM",5,13692925.18,-3791245.715,38,16.2341677961751
"Co","LM",5,13692897.35,-3781849.933,29,18.7979399485535
"Co","LM",5,13686752.51,-3777185.027,31,21.6311936024292
"Co","LM",5,13670711.37,-3733294.274,12,10.6750032865778
"Co","LM",5,13672990.08,-3754833.364,14,26.0254299409692
"Co","LM",5,13676959.74,-3743720.246,9,22.7241856757593
"Co","LM",5,13676623.55,-3734982.205,4,15.1857822216207
"Co","LM",5,13685083.84,-3706549.238,2,9.20074308393745
"Co","LM",5,13689630.13,-3706625.016,4,10.9809954692588
"Co","LM",5,13690348.14,-3715007.953,5,15.6884223018291
"Co","LM",5,13742192.95,-3753588.603,3,5.37622373008064
"Co","LM",5,13709738.86,-3759189.114,13,21.2500535804228
"Co","LM",5,13700200.99,-3759011.959,10,22.196826551622
"Co","LM",5,13708929.56,-3752509.207,11,13.7860324358817
"Co","LM",5,13746101.38,-3710205.415,10,9.63874505417831
"Co","LM",5,13745578.18,-3683139.315,7,16.9685021735333
"Co","LM",5,13726344.4,-3691600.088,4,12.8200935124166
"Co","LM",5,13727613.44,-3684143.454,6,7.54054564757621
"Co","LM",5,13731382.72,-3672768.963,5,14.7397951473023
"Co","LM",5,13740699.05,-3672894.039,3,12.837599031374
"Co","LM",5,13749908.52,-3672234.77,5,12.456614759289
"Co","LM",5,13802830.91,-3673026.918,4,3.48874880475904
"Co","LM",5,13803052.43,-3682081.796,5,2.76722345174221
"Co","LM",5,13751169.76,-3681557.644,19,18.7508805780189
"Co","LM",5,13791086.7,-3677324.765,6,4.04953624063267
"Co","LM",5,13778321.7,-3640732.962,2,14.5884453588113
"Co","LM",5,13670270.54,-3782033.995,39,27.7607957437627
"Co","LM",5,13676391.99,-3787725.379,25,25.1031947858447
"Co","LM",5,13718451.87,-3825232.914,11,9.92259278048788
"Co","LM",5,13723253.08,-3824528.337,4,5.48546481097304
"Co","LM",5,13676149.31,-3776718.51,38,26.1682445465321
"Co","LM",5,13680474.07,-3788075.259,22,24.5628929731095
"Co","LM",5,13745622.7,-3800014.217,6,3.85265385567028
"Co","LM",5,13681336.81,-3753356.446,17,24.2885032136859
"Co","LM",5,13679674.79,-3743918.136,31,18.9228978066162
"Co","LM",5,13680792.43,-3734218.743,2,21.1042408737404
"Co","LM",5,13682280.81,-3715481.249,12,14.7950685615385
"Co","LM",5,13684313.51,-3710445.894,4,10.7478687443199
"Co","LM",5,13680120.1,-3758774.451,49,29.1479059273607
"Co","LM",5,13671245.7,-3759098.56,63,28.810711558557
"Co","LM",5,13693117.76,-3715052.404,3,14.7977595490746
"Co","LM",5,13695090.35,-3705624.26,15,10.3126322252377
"Co","LM",5,13722959.18,-3705027.241,16,18.3305621453996
"Co","LM",5,13723754,-3709741.478,28,21.9388497740731
"Co","LM",5,13712691.07,-3709250.109,11,17.7596550034404
"Co","LM",5,13703404.77,-3734703.269,38,23.6024570650057
"Co","LM",5,13708268.32,-3740044.787,17,21.3798798533414
"Co","LM",5,13702833.7,-3742422.898,18,21.778018574349
"Co","LM",5,13704658.23,-3747202.814,14,18.4423822120429
"Co","LM",5,13741223.37,-3682004.876,13,12.0950780357265
"Co","LM",5,13724141.39,-3694621.347,4,13.0273888198246
"Co","LM",5,13732574.95,-3678643.9,6,7.39773045496217
"Co","LM",5,13741500.55,-3678188.97,14,13.6061661622589
"Co","LM",5,13752370.9,-3677036.734,14,13.7160267555755
"Co","LM",5,13693661.05,-3636299.779,5.6102501,13.2161115533204
"Co","LM",5,13699260.4,-3679626.809,5.622999883,9.31720153591258
"Co","LM",5,13714622.46,-3691741.022,7,7.35055434182461
"Co","LM",5,13708125.88,-3681023.088,18,8.61483165020345
"Co","LM",5,13704013.75,-3674395.107,15,9.02841135087287
"Co","LM",5,13775103.45,-3632929.163,3,7.3548290087482
"Co","LM",5,13783362.24,-3635287.829,7,12.4623210335484
"Co","LM",5,13776166.55,-3644385.18,4,15.5911672162261
"Co","LM",5,13779171.07,-3650622.432,2,12.6290857725035
"Co","LM",5,13663652.6,-3814549.983,16,10.1190359609673
"Co","LM",5,13641720.44,-3813799.923,30,13.0179295133882
"Co","LM",5,13653532.55,-3815372.644,3,20.3801686472301
"Co","LM",5,13665925.76,-3814540.759,37,10.5384409297087
"Co","LM",5,13682129.41,-3790527.351,34,21.8495898339254
"Co","LM",5,13670807.11,-3738911.575,53,15.6802324111538
"Co","LM",5,13679816.19,-3782275.895,31,23.1751840149112
"Co","LM",5,13688766.28,-3785910.358,47,20.1614740635153
"Co","LM",5,13745126.22,-3793156.277,3,6.52858699987373
"Co","LM",5,13742856.41,-3748779.937,4,4.76571978103858
"Co","LM",5,13703625.19,-3758551.392,29,21.6580275170314
"Co","LM",5,13694266.58,-3711516.323,3,10.8816132490342
"Co","LM",5,13719325.71,-3705519.747,8,15.6964427786366
"Co","LM",5,13660254.01,-3819668.683,5,13.4398824828837
"Co","LM",5,13639948.23,-3810851.466,4,12.2807544612327
"Co","LM",5,13642062.2,-3819673.97,4,13.5687044851185
"Co","LM",5,13718507.51,-3709482.723,10,21.3657887136251
"Co","LM",5,13708179.27,-3734313.032,25,22.6620296593893
"Co","LM",5,13704787.36,-3738797.61,22,21.4752264395177
"Co","LM",5,13708283.91,-3742898.58,15,17.7563825567997
"Co","LM",5,13699843.65,-3752480.349,19,21.1787030346038
"Co","LM",5,13801266.87,-3677135.781,3,3.11919351540077
"Co","LM",5,13802449.08,-3686102.388,3,2.76748377238549
"Co","LM",5,13788042.11,-3681380.308,4,6.92010106886632
"Co","LM",5,13793238.51,-3672148.76,6,3.61024959005587
"Co","LM",5,13699057.81,-3674075.856,15.71799978,9.50541994857212
"Co","LM",5,13697409.15,-3683838.295,8.462750078,9.39765237327882
"Co","LM",5,13716558.31,-3690912.417,17,7.34716483202847
"Co","LM",5,13704685,-3681303.407,16,8.09642591114123
"Co","LM",5,13705817.13,-3676267.784,19,8.36434494306818
"Co","LM",5,13722015.19,-3708727.397,66.14999962,22.8127410596101
"Co","LM",5,13679388.72,-3782782.077,58.40000153,23.554886593416
"Co","LM",5,13673737.03,-3757483.354,6.69999981,30.291836410825
"Co","LM",5,13722005.17,-3708639.845,43.90000057,22.7836711311101
"Co","LM",5,13687035.26,-3785965.594,60.40000153,20.7405462002838
"Co","LM",5,13681737.57,-3760150.987,39.59999847,28.8142755872143
"Co","LM",5,13694753.04,-3778081.331,57,21.337116784581
"Co","LM",5,13695331.9,-3778118.131,52.20000076,20.4743445726758
"Co","LM",5,13674634.27,-3755536.473,24.22857169,26.0961073109291
"Co","LM",5,13674559.68,-3755434.152,15.56666692,26.1133342546879
"Co","RF",5,13641811.72,-3809940.847,5,13.5914439394558
"Co","RF",5,13651682.43,-3819491.969,4,9.41659444752336
"Co","RF",5,13638803.88,-3817130.172,2,10.7490342244711
"Co","RF",5,13671293.56,-3787153.226,28,35.5883037962856
"Co","RF",5,13676177.14,-3781175.521,31,35.9598258895709
"Co","RF",5,13713985.73,-3824802.776,13,10.9827684470461
"Co","RF",5,13669476.83,-3748475.762,5,19.46112516106
"Co","RF",5,13667690.14,-3757538.46,14,17.0951881081938
"Co","RF",5,13680582.05,-3749067.059,6,20.3167488105369
"Co","RF",5,13679510.03,-3740036.922,9,12.5080047221043
"Co","RF",5,13684285.68,-3715648.607,9,13.2106929502146
"Co","RF",5,13676551.19,-3758309.955,28,31.2913993936147
"Co","RF",5,13746394.16,-3757688.036,11,7.01611761133468
"Co","RF",5,13745643.86,-3747483.354,8,8.94576147122484
"Co","RF",5,13709772.25,-3748543.946,3,11.7396721904731
"Co","RF",5,13733457.72,-3682900.687,6,10.0970781701315
"Co","RF",5,13723083.86,-3698234.787,32,11.5237157128162
"Co","RF",5,13721255.98,-3690674.934,3,13.4409332337134
"Co","RF",5,13735109.7,-3678065.143,3,10.8997372406139
"Co","RF",5,13744211.18,-3676550.593,10,13.020752612537
"Co","RF",5,13756795.85,-3677868.308,22,9.63833623174767
"Co","RF",5,13797018.92,-3672147.459,2,4.02189806969365
"Co","RF",5,13797683.49,-3680577.18,3,4.52187110215736
"Co","RF",5,13756058.91,-3686277.174,20,11.0178780622462
"Co","RF",5,13792376.89,-3686281.082,4,4.87272621036011
"Co","RF",5,13787970.87,-3672176.121,6,4.41803550310487
"Co","RF",5,13783667.26,-3647777.106,3,6.4770319212462
"Co","RF",5,13779834.53,-3643771.63,17,11.3502866453935
"Co","RF",5,13774888.6,-3648574.212,2,6.94679247960776
"Co","RF",5,13774624.78,-3654049.918,2,4.96546354616653
"Co","RF",5,13652290.22,-3810325.644,10,17.4224774784869
"Co","RF",5,13655911.45,-3817955.626,5,19.3701565378413
"Co","RF",5,13648144.69,-3816954.802,1,8.99206965186766
"Co","RF",5,13668328.02,-3735241.495,7,10.4587027931366
"Co","RF",5,13671600.8,-3744827.69,3,12.2089266050036
"Co","RF",5,13683519.79,-3777529.345,33,32.276442280543
"Co","RF",5,13689057.94,-3782120.757,38,26.7899843424325
"Co","RF",5,13746010.1,-3795679.173,7,6.76148617582032
"Co","RF",5,13746991.94,-3753197.751,8,9.46123028167186
"Co","RF",5,13670226.01,-3777822.424,22,32.3789153443847
"Co","RF",5,13699989.48,-3743754.319,40,28.8630909745866
"Co","RF",5,13699367.21,-3735287.338,30,21.5934756687024
"Co","RF",5,13717697.11,-3699343.314,12,8.98139386832437
"Co","RF",5,13724306.14,-3701252.463,7,15.5589866148659
"Co","RF",5,13724160.31,-3715500.864,22,27.9703190044602
"Co","RF",5,13712508.5,-3715557.086,15,23.2158032976973
"Co","RF",5,13704884.21,-3752751.831,18,11.4067368415484
"Co","RF",5,13776539.47,-3654742.03,5,5.63488726687077
"Co","RF",5,13786599.42,-3655136.227,2,3.74521219426462
"Co","RF",5,13796755.09,-3677202.248,4,4.57748697972409
"Co","RF",5,13749851.74,-3686218.481,41,19.1245929510509
"Co","RF",5,13788517.45,-3684559.457,4,6.26308277117526
"Co","RF",5,13788312.62,-3675958.881,11,3.8865840268544
"Co","RF",5,13694608.37,-3645696.825,7.197499923,7.49325100059116
"Co","RF",5,13695877.42,-3653223.778,7,8.50532849515109
"Co","RF",5,13717801.75,-3686676.322,13,12.3168072064441
"Co","RF",5,13709506.25,-3678509.638,7,12.9845453049671
"Co","RF",5,13686541,-3786842.822,27,27.5601576128353
"Co","RF",5,13712242.45,-3828279.962,6,8.8181070147361
"Co","RF",5,13694086.24,-3787722.748,20,12.922273773708
"Co","RF",5,13685446.73,-3781485.767,20,28.3134950449906
"Co","RF",5,13696822.47,-3782286.419,13,17.661864771882
"Co","RF",5,13696456.23,-3777083.843,25,25.09232924538
"Co","RF",5,13676223.91,-3751542.679,11,15.6492839153171
"Co","RF",5,13675301.08,-3740360.528,6,11.56200095091
"Co","RF",5,13690810.12,-3711298.046,6,10.8329164449792
"Co","RF",5,13675770.84,-3761177.257,46,41.630790717057
"Co","RF",5,13698466.62,-3748251.579,23,22.5747065993543
"Co","RF",5,13699772.41,-3738570.98,32,26.8050731607373
"Co","RF",5,13712855.82,-3700245.618,10,8.33363950738456
"Co","RF",5,13723157.33,-3698331.403,10,11.4832472386172
"Co","RF",5,13719097.5,-3714409.169,19,23.0508214138227
"Co","RF",5,13747971.55,-3716165.072,12,10.4513579592157
"Co","RF",5,13745719.56,-3705924.733,9,11.6682141466025
"Co","RF",5,13737357.24,-3684087.374,8,9.7518202360348
"Co","RF",5,13726590.42,-3695732.157,11,11.733926230902
"Co","RF",5,13726190.78,-3688817.015,3,11.4099155615287
"Co","RF",5,13727408.62,-3672998.278,13,8.64087147717663
"Co","RF",5,13735816.58,-3671841.322,8,10.8388881941101
"Co","RF",5,13747225.72,-3673168.955,4,19.6764130902282
"Co","RF",5,13753606.55,-3673101.198,6,21.0456058458258
"Co","RF",5,13692957.5,-3641598.445,8.23574984,7.45368939358727
"Co","RF",5,13694354.56,-3648611.87,6.022249968,8.05180318648627
"Co","RF",5,13717838.48,-3696416.184,10,7.74378630892187
"Co","RF",5,13712840.24,-3688606.975,3,14.4102092005144
"Co","RF",5,13703800.01,-3678770.346,16,11.04372721625
"Co","RF",5,13774177.27,-3639212.615,11,8.056789484719
"Co","RF",5,13784373.02,-3639546.539,2,7.1825932812439
"Co","RF",5,13657012.4,-3815913.184,2,24.168062582945
"Co","RF",5,13648515.38,-3815623.138,11,9.98535385580523
"Co","RF",5,13666597.02,-3820160.628,2,16.0783797241462
"Co","RF",5,13666892.01,-3809358.394,20,24.053445907122
"Co","RF",5,13722515.02,-3828860.688,10,15.6543228398595
"Co","RF",5,13743890.57,-3805863.028,30,9.65300729985333
"Co","RF",5,13692925.18,-3791245.715,38,14.9142145936763
"Co","RF",5,13692897.35,-3781849.933,29,23.2673600568172
"Co","RF",5,13686752.51,-3777185.027,31,28.8606398278717
"Co","RF",5,13670711.37,-3733294.274,12,10.0647572121122
"Co","RF",5,13672990.08,-3754833.364,14,31.8314989239151
"Co","RF",5,13676959.74,-3743720.246,9,20.276218961003
"Co","RF",5,13676623.55,-3734982.205,4,13.3839638183845
"Co","RF",5,13685083.84,-3706549.238,2,10.6846799661227
"Co","RF",5,13689630.13,-3706625.016,4,10.7597770285419
"Co","RF",5,13690348.14,-3715007.953,5,11.5104945960362
"Co","RF",5,13742192.95,-3753588.603,3,8.33467819631001
"Co","RF",5,13709738.86,-3759189.114,13,22.9131104783877
"Co","RF",5,13700200.99,-3759011.959,10,30.2633241074146
"Co","RF",5,13708929.56,-3752509.207,11,12.5758039959545
"Co","RF",5,13746101.38,-3710205.415,10,9.22607803561374
"Co","RF",5,13745578.18,-3683139.315,7,20.0742631879633
"Co","RF",5,13726344.4,-3691600.088,4,11.2595745235544
"Co","RF",5,13727613.44,-3684143.454,6,9.16589442290013
"Co","RF",5,13731382.72,-3672768.963,5,9.74962357002357
"Co","RF",5,13740699.05,-3672894.039,3,10.6458994465614
"Co","RF",5,13749908.52,-3672234.77,5,11.8135370489851
"Co","RF",5,13802830.91,-3673026.918,4,5.15575942826587
"Co","RF",5,13803052.43,-3682081.796,5,4.18701835107763
"Co","RF",5,13751169.76,-3681557.644,19,16.9815784527795
"Co","RF",5,13791086.7,-3677324.765,6,3.98474034068834
"Co","RF",5,13778321.7,-3640732.962,2,6.84824274291733
"Co","RF",5,13670270.54,-3782033.995,39,30.9660006595075
"Co","RF",5,13676391.99,-3787725.379,25,28.6510070591959
"Co","RF",5,13718451.87,-3825232.914,11,11.349683345078
"Co","RF",5,13723253.08,-3824528.337,4,15.0151187837647
"Co","RF",5,13676149.31,-3776718.51,38,35.7439127217538
"Co","RF",5,13680474.07,-3788075.259,22,31.5438776890616
"Co","RF",5,13745622.7,-3800014.217,6,7.94786681856423
"Co","RF",5,13681336.81,-3753356.446,17,20.6614770765793
"Co","RF",5,13679674.79,-3743918.136,31,10.891320192164
"Co","RF",5,13680792.43,-3734218.743,2,10.3858606721761
"Co","RF",5,13682280.81,-3715481.249,12,12.9630149202639
"Co","RF",5,13684313.51,-3710445.894,4,10.5141083031022
"Co","RF",5,13680120.1,-3758774.451,49,38.0386815723637
"Co","RF",5,13671245.7,-3759098.56,63,38.1011328912722
"Co","RF",5,13693117.76,-3715052.404,3,9.62066052389902
"Co","RF",5,13695090.35,-3705624.26,15,8.44176330249761
"Co","RF",5,13722959.18,-3705027.241,16,17.3232130524962
"Co","RF",5,13723754,-3709741.478,28,40.7171701536518
"Co","RF",5,13712691.07,-3709250.109,11,10.9300676696087
"Co","RF",5,13703404.77,-3734703.269,38,26.7169299620887
"Co","RF",5,13708268.32,-3740044.787,17,25.0219732984853
"Co","RF",5,13702833.7,-3742422.898,18,24.0007993718132
"Co","RF",5,13704658.23,-3747202.814,14,14.5511413721675
"Co","RF",5,13741223.37,-3682004.876,13,9.00881871634277
"Co","RF",5,13724141.39,-3694621.347,4,10.595771028496
"Co","RF",5,13732574.95,-3678643.9,6,10.0728356248406
"Co","RF",5,13741500.55,-3678188.97,14,13.2270188289627
"Co","RF",5,13752370.9,-3677036.734,14,11.3078990675568
"Co","RF",5,13693661.05,-3636299.779,5.6102501,7.34901961151929
"Co","RF",5,13699260.4,-3679626.809,5.622999883,8.7936683272451
"Co","RF",5,13714622.46,-3691741.022,7,14.5108151169506
"Co","RF",5,13708125.88,-3681023.088,18,9.93930969620611
"Co","RF",5,13704013.75,-3674395.107,15,10.430541830881
"Co","RF",5,13775103.45,-3632929.163,3,5.76395681059774
"Co","RF",5,13783362.24,-3635287.829,7,8.92838810788491
"Co","RF",5,13776166.55,-3644385.18,4,7.01619510248307
"Co","RF",5,13779171.07,-3650622.432,2,7.32391175821947
"Co","RF",5,13663652.6,-3814549.983,16,16.4661456539697
"Co","RF",5,13641720.44,-3813799.923,30,12.0636326529394
"Co","RF",5,13653532.55,-3815372.644,3,24.5510688457272
"Co","RF",5,13665925.76,-3814540.759,37,18.2749308777237
"Co","RF",5,13682129.41,-3790527.351,34,31.7904806168382
"Co","RF",5,13670807.11,-3738911.575,53,15.4168478499974
"Co","RF",5,13679816.19,-3782275.895,31,27.076077667082
"Co","RF",5,13688766.28,-3785910.358,47,27.2756736093247
"Co","RF",5,13745126.22,-3793156.277,3,7.0530639958964
"Co","RF",5,13742856.41,-3748779.937,4,10.9608779027247
"Co","RF",5,13703625.19,-3758551.392,29,29.7038814816543
"Co","RF",5,13694266.58,-3711516.323,3,10.3523361118018
"Co","RF",5,13719325.71,-3705519.747,8,10.8119236776317
"Co","RF",5,13660254.01,-3819668.683,5,16.8755062800815
"Co","RF",5,13639948.23,-3810851.466,4,11.4444907709442
"Co","RF",5,13642062.2,-3819673.97,4,11.415353734489
"Co","RF",5,13718507.51,-3709482.723,10,24.1869436945595
"Co","RF",5,13708179.27,-3734313.032,25,27.6017855642749
"Co","RF",5,13704787.36,-3738797.61,22,22.0557747703076
"Co","RF",5,13708283.91,-3742898.58,15,19.7401254155401
"Co","RF",5,13699843.65,-3752480.349,19,15.3495060222729
"Co","RF",5,13801266.87,-3677135.781,3,4.94168660657589
"Co","RF",5,13802449.08,-3686102.388,3,3.65991501685563
"Co","RF",5,13788042.11,-3681380.308,4,5.11296185163955
"Co","RF",5,13793238.51,-3672148.76,6,5.94999745139304
"Co","RF",5,13699057.81,-3674075.856,15.71799978,9.25747990970633
"Co","RF",5,13697409.15,-3683838.295,8.462750078,9.21670072757428
"Co","RF",5,13716558.31,-3690912.417,17,13.9322267998951
"Co","RF",5,13704685,-3681303.407,16,10.4284215227958
"Co","RF",5,13705817.13,-3676267.784,19,11.475864387436
"Co","RF",5,13722015.19,-3708727.397,66.14999962,27.1501076689543
"Co","RF",5,13679388.72,-3782782.077,58.40000153,32.4084134658078
"Co","RF",5,13673737.03,-3757483.354,6.69999981,39.6026678750567
"Co","RF",5,13722005.17,-3708639.845,43.90000057,27.087720168668
"Co","RF",5,13687035.26,-3785965.594,60.40000153,26.8803443675654
"Co","RF",5,13681737.57,-3760150.987,39.59999847,37.375125156409
"Co","RF",5,13694753.04,-3778081.331,57,29.2891507488268
"Co","RF",5,13695331.9,-3778118.131,52.20000076,28.9007777231404
"Co","RF",5,13674634.27,-3755536.473,24.22857169,31.1305091450475
"Co","RF",5,13674559.68,-3755434.152,15.56666692,31.1345091450475
"Co","RFK",5,13641811.72,-3809940.847,5,13.010338408966
"Co","RFK",5,13651682.43,-3819491.969,4,8.86144155484901
"Co","RFK",5,13638803.88,-3817130.172,2,10.0250819689774
"Co","RFK",5,13671293.56,-3787153.226,28,35.5952460576486
"Co","RFK",5,13676177.14,-3781175.521,31,36.0423173501496
"Co","RFK",5,13713985.73,-3824802.776,13,10.7018774306436
"Co","RFK",5,13669476.83,-3748475.762,5,19.5507863244437
"Co","RFK",5,13667690.14,-3757538.46,14,17.1726139191638
"Co","RFK",5,13680582.05,-3749067.059,6,20.4959929362281
"Co","RFK",5,13679510.03,-3740036.922,9,12.6628463799332
"Co","RFK",5,13684285.68,-3715648.607,9,13.2898752718754
"Co","RFK",5,13676551.19,-3758309.955,28,31.4447519979572
"Co","RFK",5,13746394.16,-3757688.036,11,7.03128437922091
"Co","RFK",5,13745643.86,-3747483.354,8,8.99654158925469
"Co","RFK",5,13709772.25,-3748543.946,3,11.9967050308895
"Co","RFK",5,13733457.72,-3682900.687,6,10.1281996558582
"Co","RFK",5,13723083.86,-3698234.787,32,11.6278603925451
"Co","RFK",5,13721255.98,-3690674.934,3,13.5083234462769
"Co","RFK",5,13735109.7,-3678065.143,3,10.9102440128741
"Co","RFK",5,13744211.18,-3676550.593,10,13.0143022754119
"Co","RFK",5,13756795.85,-3677868.308,22,9.5932925967114
"Co","RFK",5,13797018.92,-3672147.459,2,3.69090966084757
"Co","RFK",5,13797683.49,-3680577.18,3,4.14643094358757
"Co","RFK",5,13756058.91,-3686277.174,20,10.9859039216144
"Co","RFK",5,13792376.89,-3686281.082,4,4.53213751016616
"Co","RFK",5,13787970.87,-3672176.121,6,4.17053929713017
"Co","RFK",5,13783667.26,-3647777.106,3,6.32123624815575
"Co","RFK",5,13779834.53,-3643771.63,17,11.2171092559531
"Co","RFK",5,13774888.6,-3648574.212,2,6.82477585367362
"Co","RFK",5,13774624.78,-3654049.918,2,4.83948283478617
"Co","RFK",5,13652290.22,-3810325.644,10,16.9956895105701
"Co","RFK",5,13655911.45,-3817955.626,5,18.8938276863606
"Co","RFK",5,13648144.69,-3816954.802,1,8.42043908004542
"Co","RFK",5,13668328.02,-3735241.495,7,10.5026265447448
"Co","RFK",5,13671600.8,-3744827.69,3,12.3117925050182
"Co","RFK",5,13683519.79,-3777529.345,33,32.4236769362466
"Co","RFK",5,13689057.94,-3782120.757,38,26.9381928612326
"Co","RFK",5,13746010.1,-3795679.173,7,6.55437853965208
"Co","RFK",5,13746991.94,-3753197.751,8,9.48384859957309
"Co","RFK",5,13670226.01,-3777822.424,22,32.4297213825862
"Co","RFK",5,13699989.48,-3743754.319,40,29.1149609290604
"Co","RFK",5,13699367.21,-3735287.338,30,21.8275645477886
"Co","RFK",5,13717697.11,-3699343.314,12,9.09023311352804
"Co","RFK",5,13724306.14,-3701252.463,7,15.6753723701122
"Co","RFK",5,13724160.31,-3715500.864,22,28.1391521964143
"Co","RFK",5,13712508.5,-3715557.086,15,23.396928106257
"Co","RFK",5,13704884.21,-3752751.831,18,11.666319213619
"Co","RFK",5,13776539.47,-3654742.03,5,5.49994707689043
"Co","RFK",5,13786599.42,-3655136.227,2,3.55645240673965
"Co","RFK",5,13796755.09,-3677202.248,4,4.22712925921468
"Co","RFK",5,13749851.74,-3686218.481,41,19.1231686326401
"Co","RFK",5,13788517.45,-3684559.457,4,5.9704701024815
"Co","RFK",5,13788312.62,-3675958.881,11,3.62416757430846
"Co","RFK",5,13694608.37,-3645696.825,7.197499923,7.08782344331026
"Co","RFK",5,13695877.42,-3653223.778,7,8.1773793382369
"Co","RFK",5,13717801.75,-3686676.322,13,12.3579472234869
"Co","RFK",5,13709506.25,-3678509.638,7,12.9480753259222
"Co","RFK",5,13686541,-3786842.822,27,27.6690572431544
"Co","RFK",5,13712242.45,-3828279.962,6,8.49227310135858
"Co","RFK",5,13694086.24,-3787722.748,20,13.0498278237479
"Co","RFK",5,13685446.73,-3781485.767,20,28.4501639257974
"Co","RFK",5,13696822.47,-3782286.419,13,17.8287863832565
"Co","RFK",5,13696456.23,-3777083.843,25,25.2860617090553
"Co","RFK",5,13676223.91,-3751542.679,11,15.799804273767
"Co","RFK",5,13675301.08,-3740360.528,6,11.685715583079
"Co","RFK",5,13690810.12,-3711298.046,6,10.9266493592102
"Co","RFK",5,13675770.84,-3761177.257,46,41.7757156388229
"Co","RFK",5,13698466.62,-3748251.579,23,22.8282848640633
"Co","RFK",5,13699772.41,-3738570.98,32,27.047744221929
"Co","RFK",5,13712855.82,-3700245.618,10,8.44177680323781
"Co","RFK",5,13723157.33,-3698331.403,10,11.5877946771518
"Co","RFK",5,13719097.5,-3714409.169,19,23.2248292148537
"Co","RFK",5,13747971.55,-3716165.072,12,10.5009346702796
"Co","RFK",5,13745719.56,-3705924.733,9,11.7224313661184
"Co","RFK",5,13737357.24,-3684087.374,8,9.7825794013373
"Co","RFK",5,13726590.42,-3695732.157,11,11.8247879267031
"Co","RFK",5,13726190.78,-3688817.015,3,11.4700069782789
"Co","RFK",5,13727408.62,-3672998.278,13,8.6242782708171
"Co","RFK",5,13735816.58,-3671841.322,8,10.8240399391723
"Co","RFK",5,13747225.72,-3673168.955,4,19.6543880965599
"Co","RFK",5,13753606.55,-3673101.198,6,21.0060795357255
"Co","RFK",5,13692957.5,-3641598.445,8.23574984,6.99538056180332
"Co","RFK",5,13694354.56,-3648611.87,6.022249968,7.6693534422019
"Co","RFK",5,13717838.48,-3696416.184,10,7.83789337947087
"Co","RFK",5,13712840.24,-3688606.975,3,14.4512500049353
"Co","RFK",5,13703800.01,-3678770.346,16,10.9809636262371
"Co","RFK",5,13774177.27,-3639212.615,11,7.94385289429112
"Co","RFK",5,13784373.02,-3639546.539,2,7.0409998040881
"Co","RFK",5,13657012.4,-3815913.184,2,23.7334658727796
"Co","RFK",5,13648515.38,-3815623.138,11,9.43709843274822
"Co","RFK",5,13666597.02,-3820160.628,2,15.6962291720161
"Co","RFK",5,13666892.01,-3809358.394,20,23.8136885091491
"Co","RFK",5,13722515.02,-3828860.688,10,15.2771227120882
"Co","RFK",5,13743890.57,-3805863.028,30,9.37401720751357
"Co","RFK",5,13692925.18,-3791245.715,38,15.0134446964663
"Co","RFK",5,13692897.35,-3781849.933,29,23.4290233591809
"Co","RFK",5,13686752.51,-3777185.027,31,29.0250694136176
"Co","RFK",5,13670711.37,-3733294.274,12,10.1241243000666
"Co","RFK",5,13672990.08,-3754833.364,14,31.9574273192263
"Co","RFK",5,13676959.74,-3743720.246,9,20.4211980439686
"Co","RFK",5,13676623.55,-3734982.205,4,13.501162323276
"Co","RFK",5,13685083.84,-3706549.238,2,10.7103864178697
"Co","RFK",5,13689630.13,-3706625.016,4,10.8165612462318
"Co","RFK",5,13690348.14,-3715007.953,5,11.6236879551697
"Co","RFK",5,13742192.95,-3753588.603,3,8.40542865799986
"Co","RFK",5,13709738.86,-3759189.114,13,23.1615422426221
"Co","RFK",5,13700200.99,-3759011.959,10,30.5156251868244
"Co","RFK",5,13708929.56,-3752509.207,11,12.8328865261903
"Co","RFK",5,13746101.38,-3710205.415,10,9.28365496728134
"Co","RFK",5,13745578.18,-3683139.315,7,20.0821305264912
"Co","RFK",5,13726344.4,-3691600.088,4,11.3324220156917
"Co","RFK",5,13727613.44,-3684143.454,6,9.2041852339838
"Co","RFK",5,13731382.72,-3672768.963,5,9.73668332893192
"Co","RFK",5,13740699.05,-3672894.039,3,10.6330704434687
"Co","RFK",5,13749908.52,-3672234.77,5,11.7830137443559
"Co","RFK",5,13802830.91,-3673026.918,4,4.76107165358724
"Co","RFK",5,13803052.43,-3682081.796,5,3.74252108586869
"Co","RFK",5,13751169.76,-3681557.644,19,16.9659995804246
"Co","RFK",5,13791086.7,-3677324.765,6,3.69134673347493
"Co","RFK",5,13778321.7,-3640732.962,2,6.7239697854067
"Co","RFK",5,13670270.54,-3782033.995,39,30.9955441210442
"Co","RFK",5,13676391.99,-3787725.379,25,28.6948010046674
"Co","RFK",5,13718451.87,-3825232.914,11,11.0451128376181
"Co","RFK",5,13723253.08,-3824528.337,4,14.6951485496378
"Co","RFK",5,13676149.31,-3776718.51,38,35.848210700933
"Co","RFK",5,13680474.07,-3788075.259,22,31.6125863798639
"Co","RFK",5,13745622.7,-3800014.217,6,7.70606724914093
"Co","RFK",5,13681336.81,-3753356.446,17,20.8484211117557
"Co","RFK",5,13679674.79,-3743918.136,31,11.0564673691658
"Co","RFK",5,13680792.43,-3734218.743,2,10.5313591710971
"Co","RFK",5,13682280.81,-3715481.249,12,13.0268612187559
"Co","RFK",5,13684313.51,-3710445.894,4,10.5606766980468
"Co","RFK",5,13680120.1,-3758774.451,49,38.2165401225623
"Co","RFK",5,13671245.7,-3759098.56,63,38.2108079248994
"Co","RFK",5,13693117.76,-3715052.404,3,9.7485890110788
"Co","RFK",5,13695090.35,-3705624.26,15,8.52284874014016
"Co","RFK",5,13722959.18,-3705027.241,16,17.4565634196919
"Co","RFK",5,13723754,-3709741.478,28,40.8674999097786
"Co","RFK",5,13712691.07,-3709250.109,11,11.0834802574164
"Co","RFK",5,13703404.77,-3734703.269,38,26.9563912649347
"Co","RFK",5,13708268.32,-3740044.787,17,25.2738736463006
"Co","RFK",5,13702833.7,-3742422.898,18,24.2545106931624
"Co","RFK",5,13704658.23,-3747202.814,14,14.8103830804459
"Co","RFK",5,13741223.37,-3682004.876,13,9.02511715782298
"Co","RFK",5,13724141.39,-3694621.347,4,10.6831051155198
"Co","RFK",5,13732574.95,-3678643.9,6,10.0865462014711
"Co","RFK",5,13741500.55,-3678188.97,14,13.2307040501541
"Co","RFK",5,13752370.9,-3677036.734,14,11.279540820632
"Co","RFK",5,13693661.05,-3636299.779,5.6102501,6.85181709182623
"Co","RFK",5,13699260.4,-3679626.809,5.622999883,8.71076938090551
"Co","RFK",5,13714622.46,-3691741.022,7,14.5746836101017
"Co","RFK",5,13708125.88,-3681023.088,18,9.9140879490243
"Co","RFK",5,13704013.75,-3674395.107,15,10.3362569651164
"Co","RFK",5,13775103.45,-3632929.163,3,5.65370409754619
"Co","RFK",5,13783362.24,-3635287.829,7,8.79827822921653
"Co","RFK",5,13776166.55,-3644385.18,4,6.89406805244737
"Co","RFK",5,13779171.07,-3650622.432,2,7.18298635882234
"Co","RFK",5,13663652.6,-3814549.983,16,16.1283054958752
"Co","RFK",5,13641720.44,-3813799.923,30,11.4328001128657
"Co","RFK",5,13653532.55,-3815372.644,3,24.0776698603214
"Co","RFK",5,13665925.76,-3814540.759,37,17.9615169902825
"Co","RFK",5,13682129.41,-3790527.351,34,31.8512207351318
"Co","RFK",5,13670807.11,-3738911.575,53,15.497219941399
"Co","RFK",5,13679816.19,-3782275.895,31,27.1773027251964
"Co","RFK",5,13688766.28,-3785910.358,47,27.3997165108878
"Co","RFK",5,13745126.22,-3793156.277,3,6.87818969259825
"Co","RFK",5,13742856.41,-3748779.937,4,11.0363229201527
"Co","RFK",5,13703625.19,-3758551.392,29,29.9584343351676
"Co","RFK",5,13694266.58,-3711516.323,3,10.4655880279456
"Co","RFK",5,13719325.71,-3705519.747,8,10.9499417731676
"Co","RFK",5,13660254.01,-3819668.683,5,16.4297664411345
"Co","RFK",5,13639948.23,-3810851.466,4,10.8213482583399
"Co","RFK",5,13642062.2,-3819673.97,4,10.7106404878303
"Co","RFK",5,13718507.51,-3709482.723,10,24.3422129053148
"Co","RFK",5,13708179.27,-3734313.032,25,27.8431944876688
"Co","RFK",5,13704787.36,-3738797.61,22,22.3052377126879
"Co","RFK",5,13708283.91,-3742898.58,15,19.9954782730872
"Co","RFK",5,13699843.65,-3752480.349,19,15.606210402203
"Co","RFK",5,13801266.87,-3677135.781,3,4.54310514519905
"Co","RFK",5,13802449.08,-3686102.388,3,3.20148681741565
"Co","RFK",5,13788042.11,-3681380.308,4,4.83569162448331
"Co","RFK",5,13793238.51,-3672148.76,6,5.65523752028546
"Co","RFK",5,13699057.81,-3674075.856,15.71799978,9.1294174783527
"Co","RFK",5,13697409.15,-3683838.295,8.462750078,9.15492699155237
"Co","RFK",5,13716558.31,-3690912.417,17,13.9950333635812
"Co","RFK",5,13704685,-3681303.407,16,10.3888638951256
"Co","RFK",5,13705817.13,-3676267.784,19,11.4055571564566
"Co","RFK",5,13722015.19,-3708727.397,66.14999962,27.2992340916154
"Co","RFK",5,13679388.72,-3782782.077,58.40000153,32.5040143866179
"Co","RFK",5,13673737.03,-3757483.354,6.69999981,39.7344407205966
"Co","RFK",5,13722005.17,-3708639.845,43.90000057,27.2365199778752
"Co","RFK",5,13687035.26,-3785965.594,60.40000153,26.9971511368943
"Co","RFK",5,13681737.57,-3760150.987,39.59999847,37.5618193751696
"Co","RFK",5,13694753.04,-3778081.331,57,29.4749916777544
"Co","RFK",5,13695331.9,-3778118.131,52.20000076,29.0875774984001
"Co","RFK",5,13674634.27,-3755536.473,24.22857169,31.2699681221648
"Co","RFK",5,13674559.68,-3755434.152,15.56666692,31.2733738424392
"Co","SRK",5,13641811.72,-3809940.847,5,10.4843213663764
"Co","SRK",5,13651682.43,-3819491.969,4,8.64693338480101
"Co","SRK",5,13638803.88,-3817130.172,2,9.87374596795113
"Co","SRK",5,13671293.56,-3787153.226,28,37.7922301911997
"Co","SRK",5,13676177.14,-3781175.521,31,43.9411585079656
"Co","SRK",5,13713985.73,-3824802.776,13,10.7189300746318
"Co","SRK",5,13669476.83,-3748475.762,5,19.5254406999176
"Co","SRK",5,13667690.14,-3757538.46,14,17.2904574188504
"Co","SRK",5,13680582.05,-3749067.059,6,20.7335835407313
"Co","SRK",5,13679510.03,-3740036.922,9,21.3276268294565
"Co","SRK",5,13684285.68,-3715648.607,9,11.9720697346408
"Co","SRK",5,13676551.19,-3758309.955,28,30.7415315371667
"Co","SRK",5,13746394.16,-3757688.036,11,8.20403027898514
"Co","SRK",5,13745643.86,-3747483.354,8,6.94168135721871
"Co","SRK",5,13709772.25,-3748543.946,3,11.4334773342651
"Co","SRK",5,13733457.72,-3682900.687,6,8.77529823809873
"Co","SRK",5,13723083.86,-3698234.787,32,10.7797573912216
"Co","SRK",5,13721255.98,-3690674.934,3,10.7994630673851
"Co","SRK",5,13735109.7,-3678065.143,3,9.45912970897471
"Co","SRK",5,13744211.18,-3676550.593,10,13.1764212065127
"Co","SRK",5,13756795.85,-3677868.308,22,9.61274601379361
"Co","SRK",5,13797018.92,-3672147.459,2,3.75729256900395
"Co","SRK",5,13797683.49,-3680577.18,3,4.10156854014581
"Co","SRK",5,13756058.91,-3686277.174,20,18.2132049142627
"Co","SRK",5,13792376.89,-3686281.082,4,4.83964663922754
"Co","SRK",5,13787970.87,-3672176.121,6,3.74239585695352
"Co","SRK",5,13783667.26,-3647777.106,3,4.87416443920151
"Co","SRK",5,13779834.53,-3643771.63,17,14.0215208203193
"Co","SRK",5,13774888.6,-3648574.212,2,6.06880272024514
"Co","SRK",5,13774624.78,-3654049.918,2,5.37664260548719
"Co","SRK",5,13652290.22,-3810325.644,10,20.4903194235893
"Co","SRK",5,13655911.45,-3817955.626,5,14.7542346617907
"Co","SRK",5,13648144.69,-3816954.802,1,8.56731811652595
"Co","SRK",5,13668328.02,-3735241.495,7,10.6411461950296
"Co","SRK",5,13671600.8,-3744827.69,3,12.9832264108832
"Co","SRK",5,13683519.79,-3777529.345,33,32.3900659210807
"Co","SRK",5,13689057.94,-3782120.757,38,27.6874203532165
"Co","SRK",5,13746010.1,-3795679.173,7,6.63175766149776
"Co","SRK",5,13746991.94,-3753197.751,8,10.3237334656795
"Co","SRK",5,13670226.01,-3777822.424,22,35.446432040724
"Co","SRK",5,13699989.48,-3743754.319,40,31.2015342046092
"Co","SRK",5,13699367.21,-3735287.338,30,22.8245515089637
"Co","SRK",5,13717697.11,-3699343.314,12,8.57216084517219
"Co","SRK",5,13724306.14,-3701252.463,7,14.2088476232326
"Co","SRK",5,13724160.31,-3715500.864,22,24.2396740515177
"Co","SRK",5,13712508.5,-3715557.086,15,24.1553599820184
"Co","SRK",5,13704884.21,-3752751.831,18,13.0015827008424
"Co","SRK",5,13776539.47,-3654742.03,5,5.17077109866045
"Co","SRK",5,13786599.42,-3655136.227,2,3.44207877469696
"Co","SRK",5,13796755.09,-3677202.248,4,3.96139133718397
"Co","SRK",5,13749851.74,-3686218.481,41,17.376380328898
"Co","SRK",5,13788517.45,-3684559.457,4,5.12937672866235
"Co","SRK",5,13788312.62,-3675958.881,11,3.70637589988897
"Co","SRK",5,13694608.37,-3645696.825,7.197499923,7.56854046583255
"Co","SRK",5,13695877.42,-3653223.778,7,8.31538475392678
"Co","SRK",5,13717801.75,-3686676.322,13,10.5316940180148
"Co","SRK",5,13709506.25,-3678509.638,7,12.2480381451709
"Co","SRK",5,13686541,-3786842.822,27,24.6488997615361
"Co","SRK",5,13712242.45,-3828279.962,6,8.54559064520547
"Co","SRK",5,13694086.24,-3787722.748,20,17.2748947477373
"Co","SRK",5,13685446.73,-3781485.767,20,25.4295345495447
"Co","SRK",5,13696822.47,-3782286.419,13,17.4010021034994
"Co","SRK",5,13696456.23,-3777083.843,25,23.5180269048618
"Co","SRK",5,13676223.91,-3751542.679,11,15.4771307775749
"Co","SRK",5,13675301.08,-3740360.528,6,14.6632268841187
"Co","SRK",5,13690810.12,-3711298.046,6,13.8173746006206
"Co","SRK",5,13675770.84,-3761177.257,46,42.6485470193397
"Co","SRK",5,13698466.62,-3748251.579,23,22.4798681356602
"Co","SRK",5,13699772.41,-3738570.98,32,26.9243642540575
"Co","SRK",5,13712855.82,-3700245.618,10,9.14257103228353
"Co","SRK",5,13723157.33,-3698331.403,10,10.5185783521217
"Co","SRK",5,13719097.5,-3714409.169,19,19.071631928531
"Co","SRK",5,13747971.55,-3716165.072,12,9.41956633429202
"Co","SRK",5,13745719.56,-3705924.733,9,14.2876972212794
"Co","SRK",5,13737357.24,-3684087.374,8,12.0942319690606
"Co","SRK",5,13726590.42,-3695732.157,11,10.7681018532858
"Co","SRK",5,13726190.78,-3688817.015,3,9.58232054463676
"Co","SRK",5,13727408.62,-3672998.278,13,9.64698485662839
"Co","SRK",5,13735816.58,-3671841.322,8,10.4602626962231
"Co","SRK",5,13747225.72,-3673168.955,4,19.4452508829476
"Co","SRK",5,13753606.55,-3673101.198,6,19.5093862588767
"Co","SRK",5,13692957.5,-3641598.445,8.23574984,7.73591396510412
"Co","SRK",5,13694354.56,-3648611.87,6.022249968,7.76635406586552
"Co","SRK",5,13717838.48,-3696416.184,10,7.87616781953051
"Co","SRK",5,13712840.24,-3688606.975,3,12.9281422333683
"Co","SRK",5,13703800.01,-3678770.346,16,11.267137862231
"Co","SRK",5,13774177.27,-3639212.615,11,5.60275075687936
"Co","SRK",5,13784373.02,-3639546.539,2,5.2399356721174
"Co","SRK",5,13657012.4,-3815913.184,2,22.2476858840068
"Co","SRK",5,13648515.38,-3815623.138,11,9.6010908724019
"Co","SRK",5,13666597.02,-3820160.628,2,11.1031135126517
"Co","SRK",5,13666892.01,-3809358.394,20,18.7190772870393
"Co","SRK",5,13722515.02,-3828860.688,10,11.6859162077642
"Co","SRK",5,13743890.57,-3805863.028,30,8.71874629001648
"Co","SRK",5,13692925.18,-3791245.715,38,20.50835164452
"Co","SRK",5,13692897.35,-3781849.933,29,20.6802573123579
"Co","SRK",5,13686752.51,-3777185.027,31,26.4502725268498
"Co","SRK",5,13670711.37,-3733294.274,12,10.4030121197584
"Co","SRK",5,13672990.08,-3754833.364,14,28.5540236606462
"Co","SRK",5,13676959.74,-3743720.246,9,30.0712750743071
"Co","SRK",5,13676623.55,-3734982.205,4,15.2417544154247
"Co","SRK",5,13685083.84,-3706549.238,2,9.98797716092501
"Co","SRK",5,13689630.13,-3706625.016,4,9.92342050610687
"Co","SRK",5,13690348.14,-3715007.953,5,13.1970570593809
"Co","SRK",5,13742192.95,-3753588.603,3,9.57552286095332
"Co","SRK",5,13709738.86,-3759189.114,13,18.9980598941114
"Co","SRK",5,13700200.99,-3759011.959,10,29.5891511157947
"Co","SRK",5,13708929.56,-3752509.207,11,12.2830109752057
"Co","SRK",5,13746101.38,-3710205.415,10,11.1830222872459
"Co","SRK",5,13745578.18,-3683139.315,7,18.6471084134482
"Co","SRK",5,13726344.4,-3691600.088,4,9.20733842835238
"Co","SRK",5,13727613.44,-3684143.454,6,8.32698816329606
"Co","SRK",5,13731382.72,-3672768.963,5,9.01465920454294
"Co","SRK",5,13740699.05,-3672894.039,3,9.6915172249987
"Co","SRK",5,13749908.52,-3672234.77,5,11.0338160359818
"Co","SRK",5,13802830.91,-3673026.918,4,3.95482061781936
"Co","SRK",5,13803052.43,-3682081.796,5,4.48340070055516
"Co","SRK",5,13751169.76,-3681557.644,19,18.4611634959614
"Co","SRK",5,13791086.7,-3677324.765,6,3.72094646176032
"Co","SRK",5,13778321.7,-3640732.962,2,5.06890754624251
"Co","SRK",5,13670270.54,-3782033.995,39,36.9989384809347
"Co","SRK",5,13676391.99,-3787725.379,25,31.7230504370238
"Co","SRK",5,13718451.87,-3825232.914,11,9.30557750492969
"Co","SRK",5,13723253.08,-3824528.337,4,11.5247472689961
"Co","SRK",5,13676149.31,-3776718.51,38,32.1211984954043
"Co","SRK",5,13680474.07,-3788075.259,22,36.66467271011
"Co","SRK",5,13745622.7,-3800014.217,6,7.85176945060352
"Co","SRK",5,13681336.81,-3753356.446,17,21.8489193932616
"Co","SRK",5,13679674.79,-3743918.136,31,12.9170430578285
"Co","SRK",5,13680792.43,-3734218.743,2,15.327635130469
"Co","SRK",5,13682280.81,-3715481.249,12,12.5641677389992
"Co","SRK",5,13684313.51,-3710445.894,4,12.3025459924756
"Co","SRK",5,13680120.1,-3758774.451,49,39.3498275053425
"Co","SRK",5,13671245.7,-3759098.56,63,41.0797659708098
"Co","SRK",5,13693117.76,-3715052.404,3,13.1756088853579
"Co","SRK",5,13695090.35,-3705624.26,15,8.69043722900772
"Co","SRK",5,13722959.18,-3705027.241,16,15.7930399876245
"Co","SRK",5,13723754,-3709741.478,28,39.3922927774016
"Co","SRK",5,13712691.07,-3709250.109,11,10.5738505489458
"Co","SRK",5,13703404.77,-3734703.269,38,24.0334803939711
"Co","SRK",5,13708268.32,-3740044.787,17,22.4481157007695
"Co","SRK",5,13702833.7,-3742422.898,18,21.5871831610462
"Co","SRK",5,13704658.23,-3747202.814,14,16.5349654933278
"Co","SRK",5,13741223.37,-3682004.876,13,11.0352070117257
"Co","SRK",5,13724141.39,-3694621.347,4,10.2104030177445
"Co","SRK",5,13732574.95,-3678643.9,6,8.73393741830168
"Co","SRK",5,13741500.55,-3678188.97,14,12.8556389007903
"Co","SRK",5,13752370.9,-3677036.734,14,11.4467066480053
"Co","SRK",5,13693661.05,-3636299.779,5.6102501,7.13792731803116
"Co","SRK",5,13699260.4,-3679626.809,5.622999883,9.5292174563321
"Co","SRK",5,13714622.46,-3691741.022,7,12.1173150848336
"Co","SRK",5,13708125.88,-3681023.088,18,10.6843969861426
"Co","SRK",5,13704013.75,-3674395.107,15,10.5775971803135
"Co","SRK",5,13775103.45,-3632929.163,3,5.30384394287439
"Co","SRK",5,13783362.24,-3635287.829,7,6.23164333404431
"Co","SRK",5,13776166.55,-3644385.18,4,5.00501562793597
"Co","SRK",5,13779171.07,-3650622.432,2,5.27196515362822
"Co","SRK",5,13663652.6,-3814549.983,16,14.5209726806715
"Co","SRK",5,13641720.44,-3813799.923,30,10.0309890023236
"Co","SRK",5,13653532.55,-3815372.644,3,24.2972382113123
"Co","SRK",5,13665925.76,-3814540.759,37,15.9669403390496
"Co","SRK",5,13682129.41,-3790527.351,34,36.5618938572587
"Co","SRK",5,13670807.11,-3738911.575,53,17.9358065270858
"Co","SRK",5,13679816.19,-3782275.895,31,26.1208484369089
"Co","SRK",5,13688766.28,-3785910.358,47,24.6258621598893
"Co","SRK",5,13745126.22,-3793156.277,3,6.56614937507351
"Co","SRK",5,13742856.41,-3748779.937,4,11.6291405375352
"Co","SRK",5,13703625.19,-3758551.392,29,29.7451805988827
"Co","SRK",5,13694266.58,-3711516.323,3,10.692721640859
"Co","SRK",5,13719325.71,-3705519.747,8,11.2804629553931
"Co","SRK",5,13660254.01,-3819668.683,5,15.3262726944217
"Co","SRK",5,13639948.23,-3810851.466,4,9.05956207788596
"Co","SRK",5,13642062.2,-3819673.97,4,9.56489894650645
"Co","SRK",5,13718507.51,-3709482.723,10,21.3498814826148
"Co","SRK",5,13708179.27,-3734313.032,25,24.9141225516824
"Co","SRK",5,13704787.36,-3738797.61,22,20.0920852081469
"Co","SRK",5,13708283.91,-3742898.58,15,17.7233243284071
"Co","SRK",5,13699843.65,-3752480.349,19,21.8273095866088
"Co","SRK",5,13801266.87,-3677135.781,3,4.16453671894506
"Co","SRK",5,13802449.08,-3686102.388,3,3.57978612228184
"Co","SRK",5,13788042.11,-3681380.308,4,5.02076521137393
"Co","SRK",5,13793238.51,-3672148.76,6,4.48957341421682
"Co","SRK",5,13699057.81,-3674075.856,15.71799978,8.4375428209366
"Co","SRK",5,13697409.15,-3683838.295,8.462750078,8.9967386712166
"Co","SRK",5,13716558.31,-3690912.417,17,11.9778649486557
"Co","SRK",5,13704685,-3681303.407,16,11.1613671401689
"Co","SRK",5,13705817.13,-3676267.784,19,11.5813744654293
"Co","SRK",5,13722015.19,-3708727.397,66.14999962,29.8144843680306
"Co","SRK",5,13679388.72,-3782782.077,58.40000153,34.1460162437896
"Co","SRK",5,13673737.03,-3757483.354,6.69999981,40.4774678664267
"Co","SRK",5,13722005.17,-3708639.845,43.90000057,29.4126647064754
"Co","SRK",5,13687035.26,-3785965.594,60.40000153,23.2859154576477
"Co","SRK",5,13681737.57,-3760150.987,39.59999847,40.593314228376
"Co","SRK",5,13694753.04,-3778081.331,57,27.1149891909102
"Co","SRK",5,13695331.9,-3778118.131,52.20000076,26.929729275227
"Co","SRK",5,13674634.27,-3755536.473,24.22857169,30.1070094154944
"Co","SRK",5,13674559.68,-3755434.152,15.56666692,30.9539985476292
